model_id,split,threshold,predicted_0_count,predicted_1_count,predicted_1_share,actual_1_count,true_positive_count,false_positive_count,false_negative_count,true_negative_count
BLOG001,validation,0.01,0,44817,1.0,3003,3003,41814,0,0
BLOG001,validation,0.02,11290,33527,0.748086663542852,3003,2836,30691,167,11123
BLOG001,validation,0.03,22204,22613,0.5045630006470759,3003,2570,20043,433,21771
BLOG001,validation,0.04,27774,17043,0.3802798045384564,3003,2383,14660,620,27154
BLOG001,validation,0.05,27774,17043,0.3802798045384564,3003,2383,14660,620,27154
BLOG001,validation,0.06,32498,12319,0.27487337394292344,3003,2088,10231,915,31583
BLOG001,validation,0.07,32498,12319,0.27487337394292344,3003,2088,10231,915,31583
BLOG001,validation,0.08,32498,12319,0.27487337394292344,3003,2088,10231,915,31583
BLOG001,validation,0.09,32498,12319,0.27487337394292344,3003,2088,10231,915,31583
BLOG001,validation,0.1,32498,12319,0.27487337394292344,3003,2088,10231,915,31583
BLOG001,validation,0.11,36589,8228,0.18359104803980633,3003,1708,6520,1295,35294
BLOG001,validation,0.12,36589,8228,0.18359104803980633,3003,1708,6520,1295,35294
BLOG001,validation,0.13,36589,8228,0.18359104803980633,3003,1708,6520,1295,35294
BLOG001,validation,0.14,36589,8228,0.18359104803980633,3003,1708,6520,1295,35294
BLOG001,validation,0.15,36589,8228,0.18359104803980633,3003,1708,6520,1295,35294
BLOG001,validation,0.16,36589,8228,0.18359104803980633,3003,1708,6520,1295,35294
BLOG001,validation,0.17,36589,8228,0.18359104803980633,3003,1708,6520,1295,35294
BLOG001,validation,0.18,36589,8228,0.18359104803980633,3003,1708,6520,1295,35294
BLOG001,validation,0.19,43817,1000,0.022312961599393086,3003,395,605,2608,41209
BLOG001,validation,0.2,43817,1000,0.022312961599393086,3003,395,605,2608,41209
BLOG001,validation,0.21,43817,1000,0.022312961599393086,3003,395,605,2608,41209
BLOG001,validation,0.22,43817,1000,0.022312961599393086,3003,395,605,2608,41209
BLOG001,validation,0.23,43817,1000,0.022312961599393086,3003,395,605,2608,41209
BLOG001,validation,0.24,43817,1000,0.022312961599393086,3003,395,605,2608,41209
BLOG001,validation,0.25,43817,1000,0.022312961599393086,3003,395,605,2608,41209
BLOG001,validation,0.26,43817,1000,0.022312961599393086,3003,395,605,2608,41209
BLOG001,validation,0.27,43817,1000,0.022312961599393086,3003,395,605,2608,41209
BLOG001,validation,0.28,43817,1000,0.022312961599393086,3003,395,605,2608,41209
BLOG001,validation,0.29,43817,1000,0.022312961599393086,3003,395,605,2608,41209
BLOG001,validation,0.3,43817,1000,0.022312961599393086,3003,395,605,2608,41209
BLOG001,validation,0.31,43817,1000,0.022312961599393086,3003,395,605,2608,41209
BLOG001,validation,0.32,43817,1000,0.022312961599393086,3003,395,605,2608,41209
BLOG001,validation,0.33,43817,1000,0.022312961599393086,3003,395,605,2608,41209
BLOG001,validation,0.34,43817,1000,0.022312961599393086,3003,395,605,2608,41209
BLOG001,validation,0.35,43817,1000,0.022312961599393086,3003,395,605,2608,41209
BLOG001,validation,0.36,43817,1000,0.022312961599393086,3003,395,605,2608,41209
BLOG001,validation,0.37,44817,0,0.0,3003,0,0,3003,41814
BLOG001,validation,0.38,44817,0,0.0,3003,0,0,3003,41814
BLOG001,validation,0.39,44817,0,0.0,3003,0,0,3003,41814
BLOG001,validation,0.4,44817,0,0.0,3003,0,0,3003,41814
BLOG001,validation,0.41,44817,0,0.0,3003,0,0,3003,41814
BLOG001,validation,0.42,44817,0,0.0,3003,0,0,3003,41814
BLOG001,validation,0.43,44817,0,0.0,3003,0,0,3003,41814
BLOG001,validation,0.44,44817,0,0.0,3003,0,0,3003,41814
BLOG001,validation,0.45,44817,0,0.0,3003,0,0,3003,41814
BLOG001,validation,0.46,44817,0,0.0,3003,0,0,3003,41814
BLOG001,validation,0.47,44817,0,0.0,3003,0,0,3003,41814
BLOG001,validation,0.48,44817,0,0.0,3003,0,0,3003,41814
BLOG001,validation,0.49,44817,0,0.0,3003,0,0,3003,41814
BLOG001,validation,0.5,44817,0,0.0,3003,0,0,3003,41814
BLOG001,validation,0.51,44817,0,0.0,3003,0,0,3003,41814
BLOG001,validation,0.52,44817,0,0.0,3003,0,0,3003,41814
BLOG001,validation,0.53,44817,0,0.0,3003,0,0,3003,41814
BLOG001,validation,0.54,44817,0,0.0,3003,0,0,3003,41814
BLOG001,validation,0.55,44817,0,0.0,3003,0,0,3003,41814
BLOG001,validation,0.56,44817,0,0.0,3003,0,0,3003,41814
BLOG001,validation,0.57,44817,0,0.0,3003,0,0,3003,41814
BLOG001,validation,0.58,44817,0,0.0,3003,0,0,3003,41814
BLOG001,validation,0.59,44817,0,0.0,3003,0,0,3003,41814
BLOG001,validation,0.6,44817,0,0.0,3003,0,0,3003,41814
BLOG001,validation,0.61,44817,0,0.0,3003,0,0,3003,41814
BLOG001,validation,0.62,44817,0,0.0,3003,0,0,3003,41814
BLOG001,validation,0.63,44817,0,0.0,3003,0,0,3003,41814
BLOG001,validation,0.64,44817,0,0.0,3003,0,0,3003,41814
BLOG001,validation,0.65,44817,0,0.0,3003,0,0,3003,41814
BLOG001,validation,0.66,44817,0,0.0,3003,0,0,3003,41814
BLOG001,validation,0.67,44817,0,0.0,3003,0,0,3003,41814
BLOG001,validation,0.68,44817,0,0.0,3003,0,0,3003,41814
BLOG001,validation,0.69,44817,0,0.0,3003,0,0,3003,41814
BLOG001,validation,0.7,44817,0,0.0,3003,0,0,3003,41814
BLOG001,validation,0.71,44817,0,0.0,3003,0,0,3003,41814
BLOG001,validation,0.72,44817,0,0.0,3003,0,0,3003,41814
BLOG001,validation,0.73,44817,0,0.0,3003,0,0,3003,41814
BLOG001,validation,0.74,44817,0,0.0,3003,0,0,3003,41814
BLOG001,validation,0.75,44817,0,0.0,3003,0,0,3003,41814
BLOG001,validation,0.76,44817,0,0.0,3003,0,0,3003,41814
BLOG001,validation,0.77,44817,0,0.0,3003,0,0,3003,41814
BLOG001,validation,0.78,44817,0,0.0,3003,0,0,3003,41814
BLOG001,validation,0.79,44817,0,0.0,3003,0,0,3003,41814
BLOG001,validation,0.8,44817,0,0.0,3003,0,0,3003,41814
BLOG001,validation,0.81,44817,0,0.0,3003,0,0,3003,41814
BLOG001,validation,0.82,44817,0,0.0,3003,0,0,3003,41814
BLOG001,validation,0.83,44817,0,0.0,3003,0,0,3003,41814
BLOG001,validation,0.84,44817,0,0.0,3003,0,0,3003,41814
BLOG001,validation,0.85,44817,0,0.0,3003,0,0,3003,41814
BLOG001,validation,0.86,44817,0,0.0,3003,0,0,3003,41814
BLOG001,validation,0.87,44817,0,0.0,3003,0,0,3003,41814
BLOG001,validation,0.88,44817,0,0.0,3003,0,0,3003,41814
BLOG001,validation,0.89,44817,0,0.0,3003,0,0,3003,41814
BLOG001,validation,0.9,44817,0,0.0,3003,0,0,3003,41814
BLOG001,validation,0.91,44817,0,0.0,3003,0,0,3003,41814
BLOG001,validation,0.92,44817,0,0.0,3003,0,0,3003,41814
BLOG001,validation,0.93,44817,0,0.0,3003,0,0,3003,41814
BLOG001,validation,0.94,44817,0,0.0,3003,0,0,3003,41814
BLOG001,validation,0.95,44817,0,0.0,3003,0,0,3003,41814
BLOG001,validation,0.96,44817,0,0.0,3003,0,0,3003,41814
BLOG001,validation,0.97,44817,0,0.0,3003,0,0,3003,41814
BLOG001,validation,0.98,44817,0,0.0,3003,0,0,3003,41814
BLOG001,validation,0.99,44817,0,0.0,3003,0,0,3003,41814
BLOG002,validation,0.01,0,44817,1.0,3003,3003,41814,0,0
BLOG002,validation,0.02,11169,33648,0.7507865318963786,3003,2872,30776,131,11038
BLOG002,validation,0.03,21861,22956,0.5122163464756677,3003,2663,20293,340,21521
BLOG002,validation,0.04,27313,17504,0.3905660798357766,3003,2500,15004,503,26810
BLOG002,validation,0.05,31851,12966,0.2893098600977308,3003,2273,10693,730,31121
BLOG002,validation,0.06,31851,12966,0.2893098600977308,3003,2273,10693,730,31121
BLOG002,validation,0.07,31949,12868,0.2871231898609902,3003,2251,10617,752,31197
BLOG002,validation,0.08,31949,12868,0.2871231898609902,3003,2251,10617,752,31197
BLOG002,validation,0.09,35783,9034,0.20157529508891714,3003,1963,7071,1040,34743
BLOG002,validation,0.1,35783,9034,0.20157529508891714,3003,1963,7071,1040,34743
BLOG002,validation,0.11,35894,8923,0.19909855635138451,3003,1940,6983,1063,34831
BLOG002,validation,0.12,41825,2992,0.06676038110538411,3003,1202,1790,1801,40024
BLOG002,validation,0.13,41900,2917,0.06508690898542964,3003,1181,1736,1822,40078
BLOG002,validation,0.14,41900,2917,0.06508690898542964,3003,1181,1736,1822,40078
BLOG002,validation,0.15,41908,2909,0.06490840529263449,3003,1175,1734,1828,40080
BLOG002,validation,0.16,42009,2808,0.06265479617109579,3003,1156,1652,1847,40162
BLOG002,validation,0.17,42009,2808,0.06265479617109579,3003,1156,1652,1847,40162
BLOG002,validation,0.18,42009,2808,0.06265479617109579,3003,1156,1652,1847,40162
BLOG002,validation,0.19,42030,2787,0.06218622397750853,3003,1147,1640,1856,40174
BLOG002,validation,0.2,42030,2787,0.06218622397750853,3003,1147,1640,1856,40174
BLOG002,validation,0.21,42035,2782,0.06207465916951157,3003,1145,1637,1858,40177
BLOG002,validation,0.22,42035,2782,0.06207465916951157,3003,1145,1637,1858,40177
BLOG002,validation,0.23,42896,1921,0.04286319923243412,3003,883,1038,2120,40776
BLOG002,validation,0.24,42896,1921,0.04286319923243412,3003,883,1038,2120,40776
BLOG002,validation,0.25,42908,1909,0.042595443693241405,3003,879,1030,2124,40784
BLOG002,validation,0.26,42908,1909,0.042595443693241405,3003,879,1030,2124,40784
BLOG002,validation,0.27,42908,1909,0.042595443693241405,3003,879,1030,2124,40784
BLOG002,validation,0.28,42908,1909,0.042595443693241405,3003,879,1030,2124,40784
BLOG002,validation,0.29,42912,1905,0.04250619184684383,3003,878,1027,2125,40787
BLOG002,validation,0.3,42912,1905,0.04250619184684383,3003,878,1027,2125,40787
BLOG002,validation,0.31,42912,1905,0.04250619184684383,3003,878,1027,2125,40787
BLOG002,validation,0.32,42941,1876,0.041859115960461435,3003,864,1012,2139,40802
BLOG002,validation,0.33,42941,1876,0.041859115960461435,3003,864,1012,2139,40802
BLOG002,validation,0.34,42941,1876,0.041859115960461435,3003,864,1012,2139,40802
BLOG002,validation,0.35,43123,1694,0.03779815694937189,3003,809,885,2194,40929
BLOG002,validation,0.36,43123,1694,0.03779815694937189,3003,809,885,2194,40929
BLOG002,validation,0.37,43123,1694,0.03779815694937189,3003,809,885,2194,40929
BLOG002,validation,0.38,43123,1694,0.03779815694937189,3003,809,885,2194,40929
BLOG002,validation,0.39,43123,1694,0.03779815694937189,3003,809,885,2194,40929
BLOG002,validation,0.4,43142,1675,0.03737421067898342,3003,795,880,2208,40934
BLOG002,validation,0.41,43142,1675,0.03737421067898342,3003,795,880,2208,40934
BLOG002,validation,0.42,43142,1675,0.03737421067898342,3003,795,880,2208,40934
BLOG002,validation,0.43,43887,930,0.02075105428743557,3003,516,414,2487,41400
BLOG002,validation,0.44,43887,930,0.02075105428743557,3003,516,414,2487,41400
BLOG002,validation,0.45,43887,930,0.02075105428743557,3003,516,414,2487,41400
BLOG002,validation,0.46,43928,889,0.019836222861860455,3003,501,388,2502,41426
BLOG002,validation,0.47,43928,889,0.019836222861860455,3003,501,388,2502,41426
BLOG002,validation,0.48,43928,889,0.019836222861860455,3003,501,388,2502,41426
BLOG002,validation,0.49,43928,889,0.019836222861860455,3003,501,388,2502,41426
BLOG002,validation,0.5,43928,889,0.019836222861860455,3003,501,388,2502,41426
BLOG002,validation,0.51,43928,889,0.019836222861860455,3003,501,388,2502,41426
BLOG002,validation,0.52,43928,889,0.019836222861860455,3003,501,388,2502,41426
BLOG002,validation,0.53,43928,889,0.019836222861860455,3003,501,388,2502,41426
BLOG002,validation,0.54,44220,597,0.013320838074837674,3003,361,236,2642,41578
BLOG002,validation,0.55,44220,597,0.013320838074837674,3003,361,236,2642,41578
BLOG002,validation,0.56,44220,597,0.013320838074837674,3003,361,236,2642,41578
BLOG002,validation,0.57,44220,597,0.013320838074837674,3003,361,236,2642,41578
BLOG002,validation,0.58,44220,597,0.013320838074837674,3003,361,236,2642,41578
BLOG002,validation,0.59,44220,597,0.013320838074837674,3003,361,236,2642,41578
BLOG002,validation,0.6,44220,597,0.013320838074837674,3003,361,236,2642,41578
BLOG002,validation,0.61,44220,597,0.013320838074837674,3003,361,236,2642,41578
BLOG002,validation,0.62,44378,439,0.009795390142133565,3003,279,160,2724,41654
BLOG002,validation,0.63,44672,145,0.0032353794319119975,3003,101,44,2902,41770
BLOG002,validation,0.64,44672,145,0.0032353794319119975,3003,101,44,2902,41770
BLOG002,validation,0.65,44672,145,0.0032353794319119975,3003,101,44,2902,41770
BLOG002,validation,0.66,44672,145,0.0032353794319119975,3003,101,44,2902,41770
BLOG002,validation,0.67,44672,145,0.0032353794319119975,3003,101,44,2902,41770
BLOG002,validation,0.68,44672,145,0.0032353794319119975,3003,101,44,2902,41770
BLOG002,validation,0.69,44672,145,0.0032353794319119975,3003,101,44,2902,41770
BLOG002,validation,0.7,44672,145,0.0032353794319119975,3003,101,44,2902,41770
BLOG002,validation,0.71,44672,145,0.0032353794319119975,3003,101,44,2902,41770
BLOG002,validation,0.72,44743,74,0.0016511591583550885,3003,56,18,2947,41796
BLOG002,validation,0.73,44743,74,0.0016511591583550885,3003,56,18,2947,41796
BLOG002,validation,0.74,44743,74,0.0016511591583550885,3003,56,18,2947,41796
BLOG002,validation,0.75,44743,74,0.0016511591583550885,3003,56,18,2947,41796
BLOG002,validation,0.76,44743,74,0.0016511591583550885,3003,56,18,2947,41796
BLOG002,validation,0.77,44743,74,0.0016511591583550885,3003,56,18,2947,41796
BLOG002,validation,0.78,44817,0,0.0,3003,0,0,3003,41814
BLOG002,validation,0.79,44817,0,0.0,3003,0,0,3003,41814
BLOG002,validation,0.8,44817,0,0.0,3003,0,0,3003,41814
BLOG002,validation,0.81,44817,0,0.0,3003,0,0,3003,41814
BLOG002,validation,0.82,44817,0,0.0,3003,0,0,3003,41814
BLOG002,validation,0.83,44817,0,0.0,3003,0,0,3003,41814
BLOG002,validation,0.84,44817,0,0.0,3003,0,0,3003,41814
BLOG002,validation,0.85,44817,0,0.0,3003,0,0,3003,41814
BLOG002,validation,0.86,44817,0,0.0,3003,0,0,3003,41814
BLOG002,validation,0.87,44817,0,0.0,3003,0,0,3003,41814
BLOG002,validation,0.88,44817,0,0.0,3003,0,0,3003,41814
BLOG002,validation,0.89,44817,0,0.0,3003,0,0,3003,41814
BLOG002,validation,0.9,44817,0,0.0,3003,0,0,3003,41814
BLOG002,validation,0.91,44817,0,0.0,3003,0,0,3003,41814
BLOG002,validation,0.92,44817,0,0.0,3003,0,0,3003,41814
BLOG002,validation,0.93,44817,0,0.0,3003,0,0,3003,41814
BLOG002,validation,0.94,44817,0,0.0,3003,0,0,3003,41814
BLOG002,validation,0.95,44817,0,0.0,3003,0,0,3003,41814
BLOG002,validation,0.96,44817,0,0.0,3003,0,0,3003,41814
BLOG002,validation,0.97,44817,0,0.0,3003,0,0,3003,41814
BLOG002,validation,0.98,44817,0,0.0,3003,0,0,3003,41814
BLOG002,validation,0.99,44817,0,0.0,3003,0,0,3003,41814
BLOG003,validation,0.01,0,44817,1.0,3003,3003,41814,0,0
BLOG003,validation,0.02,17391,27426,0.6119552848249549,3003,2818,24608,185,17206
BLOG003,validation,0.03,25441,19376,0.4323359439498405,3003,2660,16716,343,25098
BLOG003,validation,0.04,29177,15640,0.34897471941450786,3003,2538,13102,465,28712
BLOG003,validation,0.05,30127,14690,0.3277774058950845,3003,2461,12229,542,29585
BLOG003,validation,0.06,30817,14000,0.3123814623915032,3003,2412,11588,591,30226
BLOG003,validation,0.07,33812,11005,0.24555414240132092,3003,2254,8751,749,33063
BLOG003,validation,0.08,33956,10861,0.24234107593100832,3003,2230,8631,773,33183
BLOG003,validation,0.09,39222,5595,0.12484102014860432,3003,1755,3840,1248,37974
BLOG003,validation,0.1,39243,5574,0.12437244795501706,3003,1747,3827,1256,37987
BLOG003,validation,0.11,39332,5485,0.12238659437267109,3003,1732,3753,1271,38061
BLOG003,validation,0.12,39397,5420,0.12093625186871053,3003,1717,3703,1286,38111
BLOG003,validation,0.13,39552,5265,0.1174777428208046,3003,1689,3576,1314,38238
BLOG003,validation,0.14,40121,4696,0.10478166767074994,3003,1617,3079,1386,38735
BLOG003,validation,0.15,40585,4232,0.09442845348863155,3003,1530,2702,1473,39112
BLOG003,validation,0.16,40620,4197,0.09364749983265279,3003,1522,2675,1481,39139
BLOG003,validation,0.17,40708,4109,0.0916839592119062,3003,1497,2612,1506,39202
BLOG003,validation,0.18,40708,4109,0.0916839592119062,3003,1497,2612,1506,39202
BLOG003,validation,0.19,41804,3013,0.06722895329897137,3003,1281,1732,1722,40082
BLOG003,validation,0.2,41807,3010,0.06716201441417319,3003,1280,1730,1723,40084
BLOG003,validation,0.21,41826,2991,0.06673806814378472,3003,1276,1715,1727,40099
BLOG003,validation,0.22,41843,2974,0.06635874779659504,3003,1268,1706,1735,40108
BLOG003,validation,0.23,41941,2876,0.06417207755985452,3003,1239,1637,1764,40177
BLOG003,validation,0.24,41941,2876,0.06417207755985452,3003,1239,1637,1764,40177
BLOG003,validation,0.25,42333,2484,0.055425396612892426,3003,1121,1363,1882,40451
BLOG003,validation,0.26,42342,2475,0.05522457995849789,3003,1117,1358,1886,40456
BLOG003,validation,0.27,42342,2475,0.05522457995849789,3003,1117,1358,1886,40456
BLOG003,validation,0.28,42360,2457,0.05482294664970882,3003,1113,1344,1890,40470
BLOG003,validation,0.29,42576,2241,0.050003346944239906,3003,1027,1214,1976,40600
BLOG003,validation,0.3,42965,1852,0.041323604882075995,3003,905,947,2098,40867
BLOG003,validation,0.31,42965,1852,0.041323604882075995,3003,905,947,2098,40867
BLOG003,validation,0.32,43226,1591,0.0354999219046344,3003,813,778,2190,41036
BLOG003,validation,0.33,43227,1590,0.03547760894303501,3003,812,778,2191,41036
BLOG003,validation,0.34,43233,1584,0.03534373117343865,3003,810,774,2193,41040
BLOG003,validation,0.35,43237,1580,0.03525447932704108,3003,809,771,2194,41043
BLOG003,validation,0.36,43243,1574,0.03512060155744472,3003,805,769,2198,41045
BLOG003,validation,0.37,43318,1499,0.03344712943749024,3003,768,731,2235,41083
BLOG003,validation,0.38,43344,1473,0.03286699243590602,3003,762,711,2241,41103
BLOG003,validation,0.39,43493,1324,0.02954236115759645,3003,703,621,2300,41193
BLOG003,validation,0.4,43493,1324,0.02954236115759645,3003,703,621,2300,41193
BLOG003,validation,0.41,43534,1283,0.02862752973202133,3003,693,590,2310,41224
BLOG003,validation,0.42,43536,1281,0.028582903808822543,3003,692,589,2311,41225
BLOG003,validation,0.43,43578,1239,0.027645759421648035,3003,673,566,2330,41248
BLOG003,validation,0.44,43581,1236,0.027578820536849857,3003,672,564,2331,41250
BLOG003,validation,0.45,43749,1068,0.02383024298815182,3003,580,488,2423,41326
BLOG003,validation,0.46,43763,1054,0.023517861525760315,3003,571,483,2432,41331
BLOG003,validation,0.47,43765,1052,0.023473235602561527,3003,570,482,2433,41332
BLOG003,validation,0.48,43765,1052,0.023473235602561527,3003,570,482,2433,41332
BLOG003,validation,0.49,43955,862,0.01923377289867684,3003,495,367,2508,41447
BLOG003,validation,0.5,43979,838,0.01869826182029141,3003,486,352,2517,41462
BLOG003,validation,0.51,43981,836,0.01865363589709262,3003,485,351,2518,41463
BLOG003,validation,0.52,43990,827,0.018452819242698083,3003,482,345,2521,41469
BLOG003,validation,0.53,43990,827,0.018452819242698083,3003,482,345,2521,41469
BLOG003,validation,0.54,44013,804,0.017939621125912044,3003,471,333,2532,41481
BLOG003,validation,0.55,44013,804,0.017939621125912044,3003,471,333,2532,41481
BLOG003,validation,0.56,44013,804,0.017939621125912044,3003,471,333,2532,41481
BLOG003,validation,0.57,44032,785,0.017515674855523574,3003,460,325,2543,41489
BLOG003,validation,0.58,44054,763,0.017024789700336926,3003,450,313,2553,41501
BLOG003,validation,0.59,44166,651,0.0145257380012049,3003,395,256,2608,41558
BLOG003,validation,0.6,44230,587,0.013097708458843742,3003,359,228,2644,41586
BLOG003,validation,0.61,44236,581,0.012963830689247384,3003,356,225,2647,41589
BLOG003,validation,0.62,44242,575,0.012829952919651026,3003,351,224,2652,41590
BLOG003,validation,0.63,44295,522,0.011647365954883191,3003,325,197,2678,41617
BLOG003,validation,0.64,44295,522,0.011647365954883191,3003,325,197,2678,41617
BLOG003,validation,0.65,44358,459,0.010241649374121427,3003,289,170,2714,41644
BLOG003,validation,0.66,44365,452,0.010085458642925675,3003,285,167,2718,41647
BLOG003,validation,0.67,44448,369,0.00823348283017605,3003,239,130,2764,41684
BLOG003,validation,0.68,44448,369,0.00823348283017605,3003,239,130,2764,41684
BLOG003,validation,0.69,44487,330,0.0073632773277997185,3003,219,111,2784,41703
BLOG003,validation,0.7,44487,330,0.0073632773277997185,3003,219,111,2784,41703
BLOG003,validation,0.71,44487,330,0.0073632773277997185,3003,219,111,2784,41703
BLOG003,validation,0.72,44519,298,0.00664926255661914,3003,200,98,2803,41716
BLOG003,validation,0.73,44544,273,0.006091438516634313,3003,185,88,2818,41726
BLOG003,validation,0.74,44575,242,0.0053997367070531275,3003,161,81,2842,41733
BLOG003,validation,0.75,44575,242,0.0053997367070531275,3003,161,81,2842,41733
BLOG003,validation,0.76,44601,216,0.004819599705468907,3003,147,69,2856,41745
BLOG003,validation,0.77,44624,193,0.004306401588682866,3003,130,63,2873,41751
BLOG003,validation,0.78,44655,162,0.00361469977910168,3003,112,50,2891,41764
BLOG003,validation,0.79,44754,63,0.0014057165807617644,3003,49,14,2954,41800
BLOG003,validation,0.8,44768,49,0.0010933351183702613,3003,39,10,2964,41804
BLOG003,validation,0.81,44768,49,0.0010933351183702613,3003,39,10,2964,41804
BLOG003,validation,0.82,44768,49,0.0010933351183702613,3003,39,10,2964,41804
BLOG003,validation,0.83,44780,37,0.0008255795791775443,3003,30,7,2973,41807
BLOG003,validation,0.84,44780,37,0.0008255795791775443,3003,30,7,2973,41807
BLOG003,validation,0.85,44799,18,0.00040163330878907556,3003,15,3,2988,41811
BLOG003,validation,0.86,44799,18,0.00040163330878907556,3003,15,3,2988,41811
BLOG003,validation,0.87,44817,0,0.0,3003,0,0,3003,41814
BLOG003,validation,0.88,44817,0,0.0,3003,0,0,3003,41814
BLOG003,validation,0.89,44817,0,0.0,3003,0,0,3003,41814
BLOG003,validation,0.9,44817,0,0.0,3003,0,0,3003,41814
BLOG003,validation,0.91,44817,0,0.0,3003,0,0,3003,41814
BLOG003,validation,0.92,44817,0,0.0,3003,0,0,3003,41814
BLOG003,validation,0.93,44817,0,0.0,3003,0,0,3003,41814
BLOG003,validation,0.94,44817,0,0.0,3003,0,0,3003,41814
BLOG003,validation,0.95,44817,0,0.0,3003,0,0,3003,41814
BLOG003,validation,0.96,44817,0,0.0,3003,0,0,3003,41814
BLOG003,validation,0.97,44817,0,0.0,3003,0,0,3003,41814
BLOG003,validation,0.98,44817,0,0.0,3003,0,0,3003,41814
BLOG003,validation,0.99,44817,0,0.0,3003,0,0,3003,41814
BLOG004,validation,0.01,0,44817,1.0,3003,3003,41814,0,0
BLOG004,validation,0.02,17207,27610,0.6160608697592431,3003,2836,24774,167,17040
BLOG004,validation,0.03,25219,19598,0.43728942142490573,3003,2682,16916,321,24898
BLOG004,validation,0.04,29492,15325,0.34194613651069905,3003,2532,12793,471,29021
BLOG004,validation,0.05,29871,14946,0.3334895240645291,3003,2494,12452,509,29362
BLOG004,validation,0.06,30519,14298,0.31903072494812235,3003,2457,11841,546,29973
BLOG004,validation,0.07,33624,11193,0.24974897918200684,3003,2296,8897,707,32917
BLOG004,validation,0.08,34334,10483,0.23390677644643773,3003,2228,8255,775,33559
BLOG004,validation,0.09,38907,5910,0.13186960305241316,3003,1839,4071,1164,37743
BLOG004,validation,0.1,38913,5904,0.1317357252828168,3003,1837,4067,1166,37747
BLOG004,validation,0.11,39078,5739,0.12805408661891693,3003,1807,3932,1196,37882
BLOG004,validation,0.12,39104,5713,0.12747394961733272,3003,1799,3914,1204,37900
BLOG004,validation,0.13,39799,5018,0.11196644130575452,3003,1697,3321,1306,38493
BLOG004,validation,0.14,40240,4577,0.10212642524042216,3003,1627,2950,1376,38864
BLOG004,validation,0.15,40269,4548,0.10147934935403977,3003,1620,2928,1383,38886
BLOG004,validation,0.16,40285,4532,0.10112234196844948,3003,1616,2916,1387,38898
BLOG004,validation,0.17,41249,3568,0.07961264698663453,3003,1437,2131,1566,39683
BLOG004,validation,0.18,41310,3507,0.07825155632907156,3003,1423,2084,1580,39730
BLOG004,validation,0.19,41465,3352,0.07479304728116563,3003,1380,1972,1623,39842
BLOG004,validation,0.2,41639,3178,0.07091059196287124,3003,1335,1843,1668,39971
BLOG004,validation,0.21,41668,3149,0.07026351607648883,3003,1327,1822,1676,39992
BLOG004,validation,0.22,41896,2921,0.06517616083182722,3003,1271,1650,1732,40164
BLOG004,validation,0.23,41931,2886,0.06439520717584846,3003,1260,1626,1743,40188
BLOG004,validation,0.24,41937,2880,0.0642613294062521,3003,1260,1620,1743,40194
BLOG004,validation,0.25,42251,2566,0.05725505946404266,3003,1157,1409,1846,40405
BLOG004,validation,0.26,42646,2171,0.048441439632282396,3003,1044,1127,1959,40687
BLOG004,validation,0.27,42669,2148,0.04792824151549635,3003,1040,1108,1963,40706
BLOG004,validation,0.28,42721,2096,0.04676796751232791,3003,1018,1078,1985,40736
BLOG004,validation,0.29,42731,2086,0.04654483789633398,3003,1014,1072,1989,40742
BLOG004,validation,0.3,42750,2067,0.046120891625945515,3003,1003,1064,2000,40750
BLOG004,validation,0.31,42824,1993,0.04446973246759042,3003,977,1016,2026,40798
BLOG004,validation,0.32,42829,1988,0.04435816765959346,3003,975,1013,2028,40801
BLOG004,validation,0.33,43053,1764,0.03936006426132941,3003,912,852,2091,40962
BLOG004,validation,0.34,43058,1759,0.03924849945333244,3003,910,849,2093,40965
BLOG004,validation,0.35,43103,1714,0.03824441618135975,3003,896,818,2107,40996
BLOG004,validation,0.36,43178,1639,0.03657094406140527,3003,859,780,2144,41034
BLOG004,validation,0.37,43270,1547,0.03451815159426111,3003,818,729,2185,41085
BLOG004,validation,0.38,43310,1507,0.03362563313028538,3003,805,702,2198,41112
BLOG004,validation,0.39,43319,1498,0.033424816475890844,3003,802,696,2201,41118
BLOG004,validation,0.4,43329,1488,0.03320168685989691,3003,795,693,2208,41121
BLOG004,validation,0.41,43387,1430,0.031907535087132115,3003,772,658,2231,41156
BLOG004,validation,0.42,43544,1273,0.0284044001160274,3003,717,556,2286,41258
BLOG004,validation,0.43,43553,1264,0.02820358346163286,3003,715,549,2288,41265
BLOG004,validation,0.44,43576,1241,0.027690385344846823,3003,697,544,2306,41270
BLOG004,validation,0.45,43625,1192,0.02659705022647656,3003,676,516,2327,41298
BLOG004,validation,0.46,43733,1084,0.024187250373742107,3003,633,451,2370,41363
BLOG004,validation,0.47,43740,1077,0.024031059642546357,3003,628,449,2375,41365
BLOG004,validation,0.48,43770,1047,0.02336167079456456,3003,611,436,2392,41378
BLOG004,validation,0.49,43781,1036,0.02311622821697124,3003,604,432,2399,41382
BLOG004,validation,0.5,43801,1016,0.022669968984983378,3003,593,423,2410,41391
BLOG004,validation,0.51,43899,918,0.020483298748242854,3003,551,367,2452,41447
BLOG004,validation,0.52,43903,914,0.02039404690184528,3003,548,366,2455,41448
BLOG004,validation,0.53,43926,891,0.01988084878505924,3003,532,359,2471,41455
BLOG004,validation,0.54,43936,881,0.01965771916906531,3003,523,358,2480,41456
BLOG004,validation,0.55,43994,823,0.01836356739630051,3003,496,327,2507,41487
BLOG004,validation,0.56,44073,744,0.016600843429948456,3003,456,288,2547,41526
BLOG004,validation,0.57,44091,726,0.016199210121159383,3003,448,278,2555,41536
BLOG004,validation,0.58,44099,718,0.016020706428364236,3003,443,275,2560,41539
BLOG004,validation,0.59,44157,660,0.014726554655599437,3003,415,245,2588,41569
BLOG004,validation,0.6,44191,626,0.013967913961220072,3003,394,232,2609,41582
BLOG004,validation,0.61,44193,624,0.013923288038021286,3003,392,232,2611,41582
BLOG004,validation,0.62,44202,615,0.013722471383626748,3003,385,230,2618,41584
BLOG004,validation,0.63,44227,590,0.013164647343641922,3003,370,220,2633,41594
BLOG004,validation,0.64,44254,563,0.012562197380458308,3003,353,210,2650,41604
BLOG004,validation,0.65,44296,521,0.0116250529932838,3003,337,184,2666,41630
BLOG004,validation,0.66,44306,511,0.011401923377289867,3003,330,181,2673,41633
BLOG004,validation,0.67,44317,500,0.011156480799696543,3003,324,176,2679,41638
BLOG004,validation,0.68,44361,456,0.010174710489323249,3003,291,165,2712,41649
BLOG004,validation,0.69,44361,456,0.010174710489323249,3003,291,165,2712,41649
BLOG004,validation,0.7,44377,440,0.009817703103732959,3003,282,158,2721,41656
BLOG004,validation,0.71,44394,423,0.009438382756543276,3003,271,152,2732,41662
BLOG004,validation,0.72,44440,377,0.008411986522971194,3003,249,128,2754,41686
BLOG004,validation,0.73,44461,356,0.00794341432938394,3003,236,120,2767,41694
BLOG004,validation,0.74,44463,354,0.007898788406185154,3003,235,119,2768,41695
BLOG004,validation,0.75,44485,332,0.007407903250998505,3003,221,111,2782,41703
BLOG004,validation,0.76,44554,263,0.005868308900640382,3003,181,82,2822,41732
BLOG004,validation,0.77,44556,261,0.005823682977441596,3003,180,81,2823,41733
BLOG004,validation,0.78,44568,249,0.005555927438248879,3003,170,79,2833,41735
BLOG004,validation,0.79,44589,228,0.005087355244661624,3003,154,74,2849,41740
BLOG004,validation,0.8,44590,227,0.005065042283062231,3003,154,73,2849,41741
BLOG004,validation,0.81,44609,208,0.004641096012673762,3003,141,67,2862,41747
BLOG004,validation,0.82,44714,103,0.002298235044737488,3003,76,27,2927,41787
BLOG004,validation,0.83,44719,98,0.0021866702367405225,3003,74,24,2929,41790
BLOG004,validation,0.84,44756,61,0.0013610906575629784,3003,53,8,2950,41806
BLOG004,validation,0.85,44762,55,0.0012272128879666198,3003,48,7,2955,41807
BLOG004,validation,0.86,44781,36,0.0008032666175781511,3003,31,5,2972,41809
BLOG004,validation,0.87,44781,36,0.0008032666175781511,3003,31,5,2972,41809
BLOG004,validation,0.88,44790,27,0.0006024499631836134,3003,22,5,2981,41809
BLOG004,validation,0.89,44796,21,0.00046857219358725484,3003,17,4,2986,41810
BLOG004,validation,0.9,44813,4,8.925184639757235e-05,3003,4,0,2999,41814
BLOG004,validation,0.91,44813,4,8.925184639757235e-05,3003,4,0,2999,41814
BLOG004,validation,0.92,44817,0,0.0,3003,0,0,3003,41814
BLOG004,validation,0.93,44817,0,0.0,3003,0,0,3003,41814
BLOG004,validation,0.94,44817,0,0.0,3003,0,0,3003,41814
BLOG004,validation,0.95,44817,0,0.0,3003,0,0,3003,41814
BLOG004,validation,0.96,44817,0,0.0,3003,0,0,3003,41814
BLOG004,validation,0.97,44817,0,0.0,3003,0,0,3003,41814
BLOG004,validation,0.98,44817,0,0.0,3003,0,0,3003,41814
BLOG004,validation,0.99,44817,0,0.0,3003,0,0,3003,41814
BLOG005,validation,0.01,5275,39542,0.8822991275632015,3003,2970,36572,33,5242
BLOG005,validation,0.02,17084,27733,0.6188053640359685,3003,2845,24888,158,16926
BLOG005,validation,0.03,24989,19828,0.44242140259276613,3003,2694,17134,309,24680
BLOG005,validation,0.04,27646,17171,0.3831358636231787,3003,2589,14582,414,27232
BLOG005,validation,0.05,30514,14303,0.31914228975611936,3003,2481,11822,522,29992
BLOG005,validation,0.06,32860,11957,0.26679608184394316,3003,2355,9602,648,32212
BLOG005,validation,0.07,33954,10863,0.2423857018542071,3003,2283,8580,720,33234
BLOG005,validation,0.08,35912,8905,0.19869692304259545,3003,2150,6755,853,35059
BLOG005,validation,0.09,37486,7331,0.16357632148515072,3003,1979,5352,1024,36462
BLOG005,validation,0.1,39084,5733,0.12792020884932057,3003,1816,3917,1187,37897
BLOG005,validation,0.11,39211,5606,0.12508646272619764,3003,1797,3809,1206,38005
BLOG005,validation,0.12,39538,5279,0.11779012428319612,3003,1757,3522,1246,38292
BLOG005,validation,0.13,39738,5079,0.11332753196331749,3003,1720,3359,1283,38455
BLOG005,validation,0.14,40018,4799,0.10707990271548742,3003,1679,3120,1324,38694
BLOG005,validation,0.15,40397,4420,0.09862329026931745,3003,1609,2811,1394,39003
BLOG005,validation,0.16,40693,4124,0.09201865363589709,3003,1559,2565,1444,39249
BLOG005,validation,0.17,41010,3807,0.08494544480888948,3003,1491,2316,1512,39498
BLOG005,validation,0.18,41155,3662,0.08171006537697749,3003,1461,2201,1542,39613
BLOG005,validation,0.19,41535,3282,0.07323113996920812,3003,1376,1906,1627,39908
BLOG005,validation,0.2,41637,3180,0.07095521788607002,3003,1350,1830,1653,39984
BLOG005,validation,0.21,41770,3047,0.06798759399335073,3003,1307,1740,1696,40074
BLOG005,validation,0.22,41812,3005,0.06705044960617623,3003,1295,1710,1708,40104
BLOG005,validation,0.23,41998,2819,0.06290023874868911,3003,1249,1570,1754,40244
BLOG005,validation,0.24,42108,2709,0.06044581297275587,3003,1218,1491,1785,40323
BLOG005,validation,0.25,42241,2576,0.057478189080036594,3003,1178,1398,1825,40416
BLOG005,validation,0.26,42299,2518,0.0561840373072718,3003,1161,1357,1842,40457
BLOG005,validation,0.27,42522,2295,0.051208246870607134,3003,1089,1206,1914,40608
BLOG005,validation,0.28,42705,2112,0.0471249748979182,3003,1025,1087,1978,40727
BLOG005,validation,0.29,42758,2059,0.045942387933150364,3003,1005,1054,1998,40760
BLOG005,validation,0.3,42817,2000,0.04462592319878617,3003,988,1012,2015,40802
BLOG005,validation,0.31,42873,1944,0.043376397349220164,3003,968,976,2035,40838
BLOG005,validation,0.32,42931,1886,0.04208224557645536,3003,952,934,2051,40880
BLOG005,validation,0.33,42942,1875,0.04183680299886204,3003,945,930,2058,40884
BLOG005,validation,0.34,43037,1780,0.0397170716469197,3003,907,873,2096,40941
BLOG005,validation,0.35,43094,1723,0.03844523283575429,3003,886,837,2117,40977
BLOG005,validation,0.36,43196,1621,0.036169310752616195,3003,858,763,2145,41051
BLOG005,validation,0.37,43232,1585,0.03536604413503804,3003,843,742,2160,41072
BLOG005,validation,0.38,43280,1537,0.03429502197826718,3003,822,715,2181,41099
BLOG005,validation,0.39,43323,1494,0.033335564629493275,3003,803,691,2200,41123
BLOG005,validation,0.4,43392,1425,0.03179597027913515,3003,771,654,2232,41160
BLOG005,validation,0.41,43437,1380,0.030791887007162462,3003,753,627,2250,41187
BLOG005,validation,0.42,43481,1336,0.029810116696789166,3003,735,601,2268,41213
BLOG005,validation,0.43,43504,1313,0.029296918580003124,3003,723,590,2280,41224
BLOG005,validation,0.44,43569,1248,0.027846576076042573,3003,694,554,2309,41260
BLOG005,validation,0.45,43611,1206,0.026909431688868064,3003,676,530,2327,41284
BLOG005,validation,0.46,43687,1130,0.025213646607314188,3003,647,483,2356,41331
BLOG005,validation,0.47,43709,1108,0.02472276145212754,3003,637,471,2366,41343
BLOG005,validation,0.48,43770,1047,0.02336167079456456,3003,608,439,2395,41375
BLOG005,validation,0.49,43814,1003,0.022379900484191268,3003,588,415,2415,41399
BLOG005,validation,0.5,43864,953,0.021264252404221612,3003,565,388,2438,41426
BLOG005,validation,0.51,43878,939,0.020951870941830108,3003,556,383,2447,41431
BLOG005,validation,0.52,43919,898,0.020037039516254993,3003,533,365,2470,41449
BLOG005,validation,0.53,43937,880,0.019635406207465917,3003,525,355,2478,41459
BLOG005,validation,0.54,43994,823,0.01836356739630051,3003,498,325,2505,41489
BLOG005,validation,0.55,44021,796,0.017761117433116896,3003,488,308,2515,41506
BLOG005,validation,0.56,44050,767,0.017114041546734498,3003,475,292,2528,41522
BLOG005,validation,0.57,44088,729,0.01626614900595756,3003,447,282,2556,41532
BLOG005,validation,0.58,44123,694,0.015485195349978803,3003,428,266,2575,41548
BLOG005,validation,0.59,44139,678,0.015128187964388513,3003,420,258,2583,41556
BLOG005,validation,0.6,44176,641,0.014302608385210969,3003,400,241,2603,41573
BLOG005,validation,0.61,44198,619,0.01381172323002432,3003,387,232,2616,41582
BLOG005,validation,0.62,44229,588,0.013120021420443136,3003,371,217,2632,41597
BLOG005,validation,0.63,44259,558,0.012450632572461344,3003,354,204,2649,41610
BLOG005,validation,0.64,44273,544,0.01213825111006984,3003,345,199,2658,41615
BLOG005,validation,0.65,44286,531,0.01184818260927773,3003,337,194,2666,41620
BLOG005,validation,0.66,44318,499,0.011134167838097151,3003,315,184,2688,41630
BLOG005,validation,0.67,44329,488,0.010888725260503827,3003,309,179,2694,41635
BLOG005,validation,0.68,44355,462,0.010308588258919607,3003,297,165,2706,41649
BLOG005,validation,0.69,44369,448,0.009996206796528103,3003,288,160,2715,41654
BLOG005,validation,0.7,44387,430,0.009594573487739028,3003,276,154,2727,41660
BLOG005,validation,0.71,44417,400,0.008925184639757234,3003,258,142,2745,41672
BLOG005,validation,0.72,44430,387,0.008635116138965124,3003,250,137,2753,41677
BLOG005,validation,0.73,44461,356,0.00794341432938394,3003,234,122,2769,41692
BLOG005,validation,0.74,44479,338,0.0075417810205948635,3003,223,115,2780,41699
BLOG005,validation,0.75,44509,308,0.006872392172613071,3003,206,102,2797,41712
BLOG005,validation,0.76,44532,285,0.00635919405582703,3003,192,93,2811,41721
BLOG005,validation,0.77,44556,261,0.005823682977441596,3003,177,84,2826,41730
BLOG005,validation,0.78,44587,230,0.00513198116786041,3003,155,75,2848,41739
BLOG005,validation,0.79,44597,220,0.004908851551866479,3003,149,71,2854,41743
BLOG005,validation,0.8,44622,195,0.004351027511881652,3003,133,62,2870,41752
BLOG005,validation,0.81,44632,185,0.004127897895887721,3003,124,61,2879,41753
BLOG005,validation,0.82,44661,156,0.0034808220095053216,3003,106,50,2897,41764
BLOG005,validation,0.83,44738,79,0.0017627239663520538,3003,60,19,2943,41795
BLOG005,validation,0.84,44747,70,0.0015619073119575162,3003,56,14,2947,41800
BLOG005,validation,0.85,44763,54,0.0012048999263672268,3003,45,9,2958,41805
BLOG005,validation,0.86,44775,42,0.0009371443871745097,3003,36,6,2967,41808
BLOG005,validation,0.87,44784,33,0.0007363277327799718,3003,29,4,2974,41810
BLOG005,validation,0.88,44792,25,0.0005578240399848271,3003,21,4,2982,41810
BLOG005,validation,0.89,44798,19,0.00042394627038846864,3003,16,3,2987,41811
BLOG005,validation,0.9,44806,11,0.000245442577593324,3003,9,2,2994,41812
BLOG005,validation,0.91,44814,3,6.693888479817926e-05,3003,3,0,3000,41814
BLOG005,validation,0.92,44816,1,2.2312961599393088e-05,3003,1,0,3002,41814
BLOG005,validation,0.93,44817,0,0.0,3003,0,0,3003,41814
BLOG005,validation,0.94,44817,0,0.0,3003,0,0,3003,41814
BLOG005,validation,0.95,44817,0,0.0,3003,0,0,3003,41814
BLOG005,validation,0.96,44817,0,0.0,3003,0,0,3003,41814
BLOG005,validation,0.97,44817,0,0.0,3003,0,0,3003,41814
BLOG005,validation,0.98,44817,0,0.0,3003,0,0,3003,41814
BLOG005,validation,0.99,44817,0,0.0,3003,0,0,3003,41814
BNB001,validation,0.01,28092,16725,0.3731842827498494,3003,2612,14113,391,27701
BNB001,validation,0.02,31520,13297,0.2966954503871299,3003,2469,10828,534,30986
BNB001,validation,0.03,33267,11550,0.25771470647299016,3003,2358,9192,645,32622
BNB001,validation,0.04,34324,10493,0.23412990606243167,3003,2274,8219,729,33595
BNB001,validation,0.05,35171,9646,0.21523082758774573,3003,2201,7445,802,34369
BNB001,validation,0.06,35719,9098,0.20300332463127832,3003,2152,6946,851,34868
BNB001,validation,0.07,36154,8663,0.19329718633554233,3003,2109,6554,894,35260
BNB001,validation,0.08,36541,8276,0.18466207019657718,3003,2079,6197,924,35617
BNB001,validation,0.09,36849,7968,0.17778967802396412,3003,2045,5923,958,35891
BNB001,validation,0.1,37142,7675,0.17125198027534194,3003,2026,5649,977,36165
BNB001,validation,0.11,37433,7384,0.16475890844991856,3003,1994,5390,1009,36424
BNB001,validation,0.12,37893,6924,0.15449494611419773,3003,1960,4964,1043,36850
BNB001,validation,0.13,38023,6794,0.15159426110627663,3003,1948,4846,1055,36968
BNB001,validation,0.14,38214,6603,0.14733248544079255,3003,1929,4674,1074,37140
BNB001,validation,0.15,38339,6478,0.14454336524086842,3003,1912,4566,1091,37248
BNB001,validation,0.16,38491,6326,0.14115179507776068,3003,1887,4439,1116,37375
BNB001,validation,0.17,38634,6183,0.13796104156904745,3003,1868,4315,1135,37499
BNB001,validation,0.18,38766,6051,0.13501573063792757,3003,1852,4199,1151,37615
BNB001,validation,0.19,38939,5878,0.13115558828123255,3003,1823,4055,1180,37759
BNB001,validation,0.2,39066,5751,0.12832184215810966,3003,1809,3942,1194,37872
BNB001,validation,0.21,39184,5633,0.12568891268938126,3003,1798,3835,1205,37979
BNB001,validation,0.22,39274,5543,0.12368074614543588,3003,1787,3756,1216,38058
BNB001,validation,0.23,39357,5460,0.12182877033268626,3003,1778,3682,1225,38132
BNB001,validation,0.24,39435,5382,0.1200883593279336,3003,1770,3612,1233,38202
BNB001,validation,0.25,39504,5313,0.11854876497757548,3003,1760,3553,1243,38261
BNB001,validation,0.26,39568,5249,0.11712073543521431,3003,1748,3501,1255,38313
BNB001,validation,0.27,39625,5192,0.11584889662404892,3003,1740,3452,1263,38362
BNB001,validation,0.28,39711,5106,0.1139299819265011,3003,1722,3384,1281,38430
BNB001,validation,0.29,39772,5045,0.11256889126893813,3003,1715,3330,1288,38484
BNB001,validation,0.3,39815,5002,0.11160943392016422,3003,1705,3297,1298,38517
BNB001,validation,0.31,39856,4961,0.11069460249458911,3003,1697,3264,1306,38550
BNB001,validation,0.32,39896,4921,0.10980208403061338,3003,1688,3233,1315,38581
BNB001,validation,0.33,39944,4873,0.10873106187384252,3003,1680,3193,1323,38621
BNB001,validation,0.34,40004,4813,0.10739228417787892,3003,1672,3141,1331,38673
BNB001,validation,0.35,40040,4777,0.10658901756030077,3003,1669,3108,1334,38706
BNB001,validation,0.36,40082,4735,0.10565187317312627,3003,1664,3071,1339,38743
BNB001,validation,0.37,40134,4683,0.10449159916995783,3003,1655,3028,1348,38786
BNB001,validation,0.38,40172,4645,0.10364370662918089,3003,1649,2996,1354,38818
BNB001,validation,0.39,40213,4604,0.10272887520360577,3003,1645,2959,1358,38855
BNB001,validation,0.4,40250,4567,0.10190329562442824,3003,1640,2927,1363,38887
BNB001,validation,0.41,40287,4530,0.10107771604525069,3003,1630,2900,1373,38914
BNB001,validation,0.42,40352,4465,0.09962737354129013,3003,1623,2842,1380,38972
BNB001,validation,0.43,40384,4433,0.09891335877010955,3003,1615,2818,1388,38996
BNB001,validation,0.44,40425,4392,0.09799852734453444,3003,1607,2785,1396,39029
BNB001,validation,0.45,40480,4337,0.09677131445656782,3003,1597,2740,1406,39074
BNB001,validation,0.46,40517,4300,0.09594573487739028,3003,1586,2714,1417,39100
BNB001,validation,0.47,40542,4275,0.09538791083740544,3003,1579,2696,1424,39118
BNB001,validation,0.48,40568,4249,0.09480777383582123,3003,1576,2673,1427,39141
BNB001,validation,0.49,40614,4203,0.09378137760224915,3003,1565,2638,1438,39176
BNB001,validation,0.5,40642,4175,0.09315661467746614,3003,1557,2618,1446,39196
BNB001,validation,0.51,40669,4148,0.09255416471428253,3003,1552,2596,1451,39218
BNB001,validation,0.52,40697,4120,0.09192940178949952,3003,1545,2575,1458,39239
BNB001,validation,0.53,40749,4068,0.09076912778633107,3003,1536,2532,1467,39282
BNB001,validation,0.54,40780,4037,0.09007742597674989,3003,1532,2505,1471,39309
BNB001,validation,0.55,40814,4003,0.08931878528237053,3003,1522,2481,1481,39333
BNB001,validation,0.56,40853,3964,0.0884485797799942,3003,1513,2451,1490,39363
BNB001,validation,0.57,40886,3931,0.08771225204721422,3003,1510,2421,1493,39393
BNB001,validation,0.58,40924,3893,0.08686435950643728,3003,1501,2392,1502,39422
BNB001,validation,0.59,40959,3858,0.08608340585045852,3003,1495,2363,1508,39451
BNB001,validation,0.6,40988,3829,0.08543632996407613,3003,1490,2339,1513,39475
BNB001,validation,0.61,41022,3795,0.08467768926969677,3003,1483,2312,1520,39502
BNB001,validation,0.62,41053,3764,0.08398598746011558,3003,1480,2284,1523,39530
BNB001,validation,0.63,41086,3731,0.08324965972733561,3003,1474,2257,1529,39557
BNB001,validation,0.64,41119,3698,0.08251333199455564,3003,1467,2231,1536,39583
BNB001,validation,0.65,41167,3650,0.08144230983778476,3003,1459,2191,1544,39623
BNB001,validation,0.66,41208,3609,0.08052747841220965,3003,1448,2161,1555,39653
BNB001,validation,0.67,41268,3549,0.07918870071624606,3003,1438,2111,1565,39703
BNB001,validation,0.68,41309,3508,0.07827386929067096,3003,1429,2079,1574,39735
BNB001,validation,0.69,41335,3482,0.07769373228908673,3003,1424,2058,1579,39756
BNB001,validation,0.7,41406,3411,0.07610951201552982,3003,1404,2007,1599,39807
BNB001,validation,0.71,41450,3367,0.07512774170515653,3003,1392,1975,1611,39839
BNB001,validation,0.72,41493,3324,0.07416828435638262,3003,1381,1943,1622,39871
BNB001,validation,0.73,41528,3289,0.07338733070040386,3003,1373,1916,1630,39898
BNB001,validation,0.74,41575,3242,0.07233862150523239,3003,1355,1887,1648,39927
BNB001,validation,0.75,41615,3202,0.07144610304125666,3003,1350,1852,1653,39962
BNB001,validation,0.76,41663,3154,0.0703750808844858,3003,1338,1816,1665,39998
BNB001,validation,0.77,41701,3116,0.06952718834370886,3003,1330,1786,1673,40028
BNB001,validation,0.78,41749,3068,0.06845616618693799,3003,1318,1750,1685,40064
BNB001,validation,0.79,41806,3011,0.06718432737577258,3003,1303,1708,1700,40106
BNB001,validation,0.8,41879,2938,0.0655554811790169,3003,1276,1662,1727,40152
BNB001,validation,0.81,41928,2889,0.06446214606064662,3003,1261,1628,1742,40186
BNB001,validation,0.82,41976,2841,0.06339112390387576,3003,1245,1596,1758,40218
BNB001,validation,0.83,42006,2811,0.06272173505589397,3003,1238,1573,1765,40241
BNB001,validation,0.84,42055,2762,0.061628399937523705,3003,1229,1533,1774,40281
BNB001,validation,0.85,42100,2717,0.06062431666555102,3003,1215,1502,1788,40312
BNB001,validation,0.86,42141,2676,0.0597094852399759,3003,1202,1474,1801,40340
BNB001,validation,0.87,42180,2637,0.05883927973759957,3003,1189,1448,1814,40366
BNB001,validation,0.88,42243,2574,0.05743356315683781,3003,1166,1408,1837,40406
BNB001,validation,0.89,42292,2525,0.05634022803846755,3003,1143,1382,1860,40432
BNB001,validation,0.9,42342,2475,0.05522457995849789,3003,1132,1343,1871,40471
BNB001,validation,0.91,42399,2418,0.053952741147332485,3003,1118,1300,1885,40514
BNB001,validation,0.92,42461,2356,0.05256933752817011,3003,1098,1258,1905,40556
BNB001,validation,0.93,42530,2287,0.05102974317781199,3003,1079,1208,1924,40606
BNB001,validation,0.94,42617,2200,0.04908851551866479,3003,1048,1152,1955,40662
BNB001,validation,0.95,42721,2096,0.04676796751232791,3003,1011,1085,1992,40729
BNB001,validation,0.96,42813,2004,0.04471517504518375,3003,980,1024,2023,40790
BNB001,validation,0.97,42970,1847,0.04121204007407903,3003,921,926,2082,40888
BNB001,validation,0.98,43134,1683,0.03755271437177857,3003,856,827,2147,40987
BNB001,validation,0.99,43370,1447,0.0322868554343218,3003,773,674,2230,41140
BNB002,validation,0.01,10158,34659,0.773344936073365,3003,2936,31723,67,10091
BNB002,validation,0.02,15233,29584,0.6601066559564451,3003,2882,26702,121,15112
BNB002,validation,0.03,18397,26420,0.5895084454559654,3003,2837,23583,166,18231
BNB002,validation,0.04,20607,24210,0.5401968003213067,3003,2795,21415,208,20399
BNB002,validation,0.05,22148,22669,0.5058125264966419,3003,2765,19904,238,21910
BNB002,validation,0.06,23426,21391,0.4772965615726175,3003,2737,18654,266,23160
BNB002,validation,0.07,24629,20188,0.45045406876854766,3003,2710,17478,293,24336
BNB002,validation,0.08,25432,19385,0.432536760604235,3003,2685,16700,318,25114
BNB002,validation,0.09,26072,18745,0.4182564651806234,3003,2675,16070,328,25744
BNB002,validation,0.1,26821,17996,0.40154405694267803,3003,2658,15338,345,26476
BNB002,validation,0.11,27372,17445,0.3892496151014124,3003,2636,14809,367,27005
BNB002,validation,0.12,27941,16876,0.37655353995135776,3003,2614,14262,389,27552
BNB002,validation,0.13,28430,16387,0.3656425017292545,3003,2602,13785,401,28029
BNB002,validation,0.14,29047,15770,0.351875404422429,3003,2580,13190,423,28624
BNB002,validation,0.15,29323,15494,0.3457170270209965,3003,2565,12929,438,28885
BNB002,validation,0.16,29867,14950,0.33357877591092666,3003,2546,12404,457,29410
BNB002,validation,0.17,30086,14731,0.32869223732065955,3003,2539,12192,464,29622
BNB002,validation,0.18,30445,14372,0.32068188410647747,3003,2524,11848,479,29966
BNB002,validation,0.19,30746,14071,0.31396568266506014,3003,2507,11564,496,30250
BNB002,validation,0.2,30955,13862,0.309302273690787,3003,2498,11364,505,30450
BNB002,validation,0.21,31228,13589,0.30321083517415265,3003,2482,11107,521,30707
BNB002,validation,0.22,31471,13346,0.29778878550550014,3003,2473,10873,530,30941
BNB002,validation,0.23,31720,13097,0.29223285806725124,3003,2460,10637,543,31177
BNB002,validation,0.24,32104,12713,0.2836646808130843,3003,2439,10274,564,31540
BNB002,validation,0.25,32353,12464,0.2781087533748354,3003,2424,10040,579,31774
BNB002,validation,0.26,32547,12270,0.2737800388245532,3003,2410,9860,593,31954
BNB002,validation,0.27,32669,12148,0.27105785750942724,3003,2403,9745,600,32069
BNB002,validation,0.28,32882,11935,0.2663051966887565,3003,2388,9547,615,32267
BNB002,validation,0.29,33030,11787,0.26300287837204633,3003,2379,9408,624,32406
BNB002,validation,0.3,33192,11625,0.25938817859294466,3003,2363,9262,640,32552
BNB002,validation,0.31,33503,11314,0.25244884753553337,3003,2334,8980,669,32834
BNB002,validation,0.32,33649,11168,0.249191155142022,3003,2320,8848,683,32966
BNB002,validation,0.33,33810,11007,0.2455987683245197,3003,2311,8696,692,33118
BNB002,validation,0.34,33928,10889,0.24296583885579132,3003,2301,8588,702,33226
BNB002,validation,0.35,34108,10709,0.23894950576790058,3003,2290,8419,713,33395
BNB002,validation,0.36,34220,10597,0.23645045406876855,3003,2285,8312,718,33502
BNB002,validation,0.37,34439,10378,0.23156391547850147,3003,2272,8106,731,33708
BNB002,validation,0.38,34515,10302,0.2298681303969476,3003,2265,8037,738,33777
BNB002,validation,0.39,34686,10131,0.22605261396345136,3003,2243,7888,760,33926
BNB002,validation,0.4,34857,9960,0.22223709752995516,3003,2229,7731,774,34083
BNB002,validation,0.41,34962,9855,0.21989423656201887,3003,2217,7638,786,34176
BNB002,validation,0.42,35114,9703,0.21650266639891114,3003,2204,7499,799,34315
BNB002,validation,0.43,35241,9576,0.2136689202757882,3003,2194,7382,809,34432
BNB002,validation,0.44,35319,9498,0.21192850927103554,3003,2191,7307,812,34507
BNB002,validation,0.45,35470,9347,0.2085592520695272,3003,2175,7172,828,34642
BNB002,validation,0.46,35563,9254,0.20648414664078363,3003,2163,7091,840,34723
BNB002,validation,0.47,35699,9118,0.20344958386326617,3003,2153,6965,850,34849
BNB002,validation,0.48,35864,8953,0.1997679451993663,3003,2137,6816,866,34998
BNB002,validation,0.49,35930,8887,0.19829528973380636,3003,2128,6759,875,35055
BNB002,validation,0.5,36002,8815,0.19668875649865006,3003,2127,6688,876,35126
BNB002,validation,0.51,36121,8696,0.19403351406832228,3003,2112,6584,891,35230
BNB002,validation,0.52,36243,8574,0.19131133275319634,3003,2103,6471,900,35343
BNB002,validation,0.53,36336,8481,0.18923622732445278,3003,2098,6383,905,35431
BNB002,validation,0.54,36462,8355,0.18642479416292926,3003,2086,6269,917,35545
BNB002,validation,0.55,36564,8253,0.18414887207979114,3003,2076,6177,927,35637
BNB002,validation,0.56,36639,8178,0.18247539995983666,3003,2065,6113,938,35701
BNB002,validation,0.57,36777,8040,0.17939621125912042,3003,2053,5987,950,35827
BNB002,validation,0.58,36857,7960,0.17761117433116896,3003,2044,5916,959,35898
BNB002,validation,0.59,36927,7890,0.17604926701921145,3003,2040,5850,963,35964
BNB002,validation,0.6,37068,7749,0.17290313943369703,3003,2028,5721,975,36093
BNB002,validation,0.61,37168,7649,0.17067184327375773,3003,2026,5623,977,36191
BNB002,validation,0.62,37340,7477,0.16683401387866212,3003,2004,5473,999,36341
BNB002,validation,0.63,37398,7419,0.16553986210589733,3003,1997,5422,1006,36392
BNB002,validation,0.64,37529,7288,0.16261686413637683,3003,1984,5304,1019,36510
BNB002,validation,0.65,37851,6966,0.15543209050137224,3003,1963,5003,1040,36811
BNB002,validation,0.66,37931,6886,0.1536470535734208,3003,1958,4928,1045,36886
BNB002,validation,0.67,38000,6817,0.15210745922306268,3003,1948,4869,1055,36945
BNB002,validation,0.68,38073,6744,0.150478613026307,3003,1941,4803,1062,37011
BNB002,validation,0.69,38180,6637,0.14809112613517192,3003,1932,4705,1071,37109
BNB002,validation,0.7,38247,6570,0.1465961577080126,3003,1925,4645,1078,37169
BNB002,validation,0.71,38334,6483,0.1446549300488654,3003,1912,4571,1091,37243
BNB002,validation,0.72,38448,6369,0.14211125242653458,3003,1896,4473,1107,37341
BNB002,validation,0.73,38538,6279,0.14010308588258918,3003,1881,4398,1122,37416
BNB002,validation,0.74,38633,6184,0.13798335453064686,3003,1868,4316,1135,37498
BNB002,validation,0.75,38727,6090,0.1358859361403039,3003,1855,4235,1148,37579
BNB002,validation,0.76,38886,5931,0.1323381752460004,3003,1832,4099,1171,37715
BNB002,validation,0.77,39002,5815,0.1297498717004708,3003,1818,3997,1185,37817
BNB002,validation,0.78,39102,5715,0.1275185755405315,3003,1805,3910,1198,37904
BNB002,validation,0.79,39200,5617,0.12533190530379099,3003,1796,3821,1207,37993
BNB002,validation,0.8,39326,5491,0.12252047214226744,3003,1780,3711,1223,38103
BNB002,validation,0.81,39397,5420,0.12093625186871053,3003,1775,3645,1228,38169
BNB002,validation,0.82,39481,5336,0.11906196309436151,3003,1764,3572,1239,38242
BNB002,validation,0.83,39563,5254,0.11723230024321128,3003,1750,3504,1253,38310
BNB002,validation,0.84,39654,5163,0.11520182073766651,3003,1736,3427,1267,38387
BNB002,validation,0.85,39766,5051,0.11270276903853449,3003,1715,3336,1288,38478
BNB002,validation,0.86,39847,4970,0.11089541914898364,3003,1698,3272,1305,38542
BNB002,validation,0.87,39923,4894,0.10919963406742977,3003,1683,3211,1320,38603
BNB002,validation,0.88,40017,4800,0.10710221567708682,3003,1671,3129,1332,38685
BNB002,validation,0.89,40119,4698,0.10482629359394872,3003,1657,3041,1346,38773
BNB002,validation,0.9,40219,4598,0.10259499743400942,3003,1643,2955,1360,38859
BNB002,validation,0.91,40354,4463,0.09958274761809136,3003,1622,2841,1381,38973
BNB002,validation,0.92,40488,4329,0.09659281076377267,3003,1596,2733,1407,39081
BNB002,validation,0.93,40610,4207,0.09387062944864671,3003,1565,2642,1438,39172
BNB002,validation,0.94,40748,4069,0.09079144074793047,3003,1536,2533,1467,39281
BNB002,validation,0.95,40906,3911,0.08726599281522636,3003,1504,2407,1499,39407
BNB002,validation,0.96,41094,3723,0.08307115603454046,3003,1473,2250,1530,39564
BNB002,validation,0.97,41402,3415,0.0761987638619274,3003,1404,2011,1599,39803
BNB002,validation,0.98,41745,3072,0.06854541803333557,3003,1318,1754,1685,40060
BNB002,validation,0.99,42218,2599,0.05799138719682263,3003,1176,1423,1827,40391
BNB003,validation,0.01,28092,16725,0.3731842827498494,3003,2612,14113,391,27701
BNB003,validation,0.02,31520,13297,0.2966954503871299,3003,2469,10828,534,30986
BNB003,validation,0.03,33267,11550,0.25771470647299016,3003,2358,9192,645,32622
BNB003,validation,0.04,34324,10493,0.23412990606243167,3003,2274,8219,729,33595
BNB003,validation,0.05,35173,9644,0.21518620166454694,3003,2201,7443,802,34371
BNB003,validation,0.06,35719,9098,0.20300332463127832,3003,2152,6946,851,34868
BNB003,validation,0.07,36154,8663,0.19329718633554233,3003,2109,6554,894,35260
BNB003,validation,0.08,36541,8276,0.18466207019657718,3003,2079,6197,924,35617
BNB003,validation,0.09,36849,7968,0.17778967802396412,3003,2045,5923,958,35891
BNB003,validation,0.1,37142,7675,0.17125198027534194,3003,2026,5649,977,36165
BNB003,validation,0.11,37433,7384,0.16475890844991856,3003,1994,5390,1009,36424
BNB003,validation,0.12,37893,6924,0.15449494611419773,3003,1960,4964,1043,36850
BNB003,validation,0.13,38023,6794,0.15159426110627663,3003,1948,4846,1055,36968
BNB003,validation,0.14,38214,6603,0.14733248544079255,3003,1929,4674,1074,37140
BNB003,validation,0.15,38339,6478,0.14454336524086842,3003,1912,4566,1091,37248
BNB003,validation,0.16,38491,6326,0.14115179507776068,3003,1887,4439,1116,37375
BNB003,validation,0.17,38634,6183,0.13796104156904745,3003,1868,4315,1135,37499
BNB003,validation,0.18,38766,6051,0.13501573063792757,3003,1852,4199,1151,37615
BNB003,validation,0.19,38939,5878,0.13115558828123255,3003,1823,4055,1180,37759
BNB003,validation,0.2,39066,5751,0.12832184215810966,3003,1809,3942,1194,37872
BNB003,validation,0.21,39184,5633,0.12568891268938126,3003,1798,3835,1205,37979
BNB003,validation,0.22,39274,5543,0.12368074614543588,3003,1787,3756,1216,38058
BNB003,validation,0.23,39357,5460,0.12182877033268626,3003,1778,3682,1225,38132
BNB003,validation,0.24,39435,5382,0.1200883593279336,3003,1770,3612,1233,38202
BNB003,validation,0.25,39504,5313,0.11854876497757548,3003,1760,3553,1243,38261
BNB003,validation,0.26,39568,5249,0.11712073543521431,3003,1748,3501,1255,38313
BNB003,validation,0.27,39625,5192,0.11584889662404892,3003,1740,3452,1263,38362
BNB003,validation,0.28,39711,5106,0.1139299819265011,3003,1722,3384,1281,38430
BNB003,validation,0.29,39772,5045,0.11256889126893813,3003,1715,3330,1288,38484
BNB003,validation,0.3,39815,5002,0.11160943392016422,3003,1705,3297,1298,38517
BNB003,validation,0.31,39856,4961,0.11069460249458911,3003,1697,3264,1306,38550
BNB003,validation,0.32,39896,4921,0.10980208403061338,3003,1688,3233,1315,38581
BNB003,validation,0.33,39944,4873,0.10873106187384252,3003,1680,3193,1323,38621
BNB003,validation,0.34,40004,4813,0.10739228417787892,3003,1672,3141,1331,38673
BNB003,validation,0.35,40040,4777,0.10658901756030077,3003,1669,3108,1334,38706
BNB003,validation,0.36,40082,4735,0.10565187317312627,3003,1664,3071,1339,38743
BNB003,validation,0.37,40134,4683,0.10449159916995783,3003,1655,3028,1348,38786
BNB003,validation,0.38,40172,4645,0.10364370662918089,3003,1649,2996,1354,38818
BNB003,validation,0.39,40213,4604,0.10272887520360577,3003,1645,2959,1358,38855
BNB003,validation,0.4,40250,4567,0.10190329562442824,3003,1640,2927,1363,38887
BNB003,validation,0.41,40287,4530,0.10107771604525069,3003,1630,2900,1373,38914
BNB003,validation,0.42,40352,4465,0.09962737354129013,3003,1623,2842,1380,38972
BNB003,validation,0.43,40384,4433,0.09891335877010955,3003,1615,2818,1388,38996
BNB003,validation,0.44,40425,4392,0.09799852734453444,3003,1607,2785,1396,39029
BNB003,validation,0.45,40480,4337,0.09677131445656782,3003,1597,2740,1406,39074
BNB003,validation,0.46,40517,4300,0.09594573487739028,3003,1586,2714,1417,39100
BNB003,validation,0.47,40542,4275,0.09538791083740544,3003,1579,2696,1424,39118
BNB003,validation,0.48,40568,4249,0.09480777383582123,3003,1576,2673,1427,39141
BNB003,validation,0.49,40614,4203,0.09378137760224915,3003,1565,2638,1438,39176
BNB003,validation,0.5,40642,4175,0.09315661467746614,3003,1557,2618,1446,39196
BNB003,validation,0.51,40669,4148,0.09255416471428253,3003,1552,2596,1451,39218
BNB003,validation,0.52,40697,4120,0.09192940178949952,3003,1545,2575,1458,39239
BNB003,validation,0.53,40749,4068,0.09076912778633107,3003,1536,2532,1467,39282
BNB003,validation,0.54,40780,4037,0.09007742597674989,3003,1532,2505,1471,39309
BNB003,validation,0.55,40814,4003,0.08931878528237053,3003,1522,2481,1481,39333
BNB003,validation,0.56,40853,3964,0.0884485797799942,3003,1513,2451,1490,39363
BNB003,validation,0.57,40886,3931,0.08771225204721422,3003,1510,2421,1493,39393
BNB003,validation,0.58,40924,3893,0.08686435950643728,3003,1501,2392,1502,39422
BNB003,validation,0.59,40959,3858,0.08608340585045852,3003,1495,2363,1508,39451
BNB003,validation,0.6,40988,3829,0.08543632996407613,3003,1490,2339,1513,39475
BNB003,validation,0.61,41022,3795,0.08467768926969677,3003,1483,2312,1520,39502
BNB003,validation,0.62,41053,3764,0.08398598746011558,3003,1480,2284,1523,39530
BNB003,validation,0.63,41086,3731,0.08324965972733561,3003,1474,2257,1529,39557
BNB003,validation,0.64,41119,3698,0.08251333199455564,3003,1467,2231,1536,39583
BNB003,validation,0.65,41167,3650,0.08144230983778476,3003,1459,2191,1544,39623
BNB003,validation,0.66,41208,3609,0.08052747841220965,3003,1448,2161,1555,39653
BNB003,validation,0.67,41268,3549,0.07918870071624606,3003,1438,2111,1565,39703
BNB003,validation,0.68,41309,3508,0.07827386929067096,3003,1429,2079,1574,39735
BNB003,validation,0.69,41335,3482,0.07769373228908673,3003,1424,2058,1579,39756
BNB003,validation,0.7,41406,3411,0.07610951201552982,3003,1404,2007,1599,39807
BNB003,validation,0.71,41450,3367,0.07512774170515653,3003,1392,1975,1611,39839
BNB003,validation,0.72,41493,3324,0.07416828435638262,3003,1381,1943,1622,39871
BNB003,validation,0.73,41528,3289,0.07338733070040386,3003,1373,1916,1630,39898
BNB003,validation,0.74,41577,3240,0.0722939955820336,3003,1355,1885,1648,39929
BNB003,validation,0.75,41615,3202,0.07144610304125666,3003,1350,1852,1653,39962
BNB003,validation,0.76,41664,3153,0.0703527679228864,3003,1338,1815,1665,39999
BNB003,validation,0.77,41701,3116,0.06952718834370886,3003,1330,1786,1673,40028
BNB003,validation,0.78,41749,3068,0.06845616618693799,3003,1318,1750,1685,40064
BNB003,validation,0.79,41806,3011,0.06718432737577258,3003,1303,1708,1700,40106
BNB003,validation,0.8,41879,2938,0.0655554811790169,3003,1276,1662,1727,40152
BNB003,validation,0.81,41928,2889,0.06446214606064662,3003,1261,1628,1742,40186
BNB003,validation,0.82,41976,2841,0.06339112390387576,3003,1245,1596,1758,40218
BNB003,validation,0.83,42006,2811,0.06272173505589397,3003,1238,1573,1765,40241
BNB003,validation,0.84,42058,2759,0.06156146105272553,3003,1227,1532,1776,40282
BNB003,validation,0.85,42100,2717,0.06062431666555102,3003,1215,1502,1788,40312
BNB003,validation,0.86,42141,2676,0.0597094852399759,3003,1202,1474,1801,40340
BNB003,validation,0.87,42180,2637,0.05883927973759957,3003,1189,1448,1814,40366
BNB003,validation,0.88,42243,2574,0.05743356315683781,3003,1166,1408,1837,40406
BNB003,validation,0.89,42292,2525,0.05634022803846755,3003,1143,1382,1860,40432
BNB003,validation,0.9,42342,2475,0.05522457995849789,3003,1132,1343,1871,40471
BNB003,validation,0.91,42399,2418,0.053952741147332485,3003,1118,1300,1885,40514
BNB003,validation,0.92,42461,2356,0.05256933752817011,3003,1098,1258,1905,40556
BNB003,validation,0.93,42530,2287,0.05102974317781199,3003,1079,1208,1924,40606
BNB003,validation,0.94,42617,2200,0.04908851551866479,3003,1048,1152,1955,40662
BNB003,validation,0.95,42721,2096,0.04676796751232791,3003,1011,1085,1992,40729
BNB003,validation,0.96,42813,2004,0.04471517504518375,3003,980,1024,2023,40790
BNB003,validation,0.97,42970,1847,0.04121204007407903,3003,921,926,2082,40888
BNB003,validation,0.98,43134,1683,0.03755271437177857,3003,856,827,2147,40987
BNB003,validation,0.99,43371,1446,0.0322645424727224,3003,772,674,2231,41140
BNB004,validation,0.01,10158,34659,0.773344936073365,3003,2936,31723,67,10091
BNB004,validation,0.02,15231,29586,0.6601512818796439,3003,2882,26704,121,15110
BNB004,validation,0.03,18397,26420,0.5895084454559654,3003,2837,23583,166,18231
BNB004,validation,0.04,20607,24210,0.5401968003213067,3003,2795,21415,208,20399
BNB004,validation,0.05,22148,22669,0.5058125264966419,3003,2765,19904,238,21910
BNB004,validation,0.06,23426,21391,0.4772965615726175,3003,2737,18654,266,23160
BNB004,validation,0.07,24629,20188,0.45045406876854766,3003,2710,17478,293,24336
BNB004,validation,0.08,25432,19385,0.432536760604235,3003,2685,16700,318,25114
BNB004,validation,0.09,26072,18745,0.4182564651806234,3003,2675,16070,328,25744
BNB004,validation,0.1,26821,17996,0.40154405694267803,3003,2658,15338,345,26476
BNB004,validation,0.11,27372,17445,0.3892496151014124,3003,2636,14809,367,27005
BNB004,validation,0.12,27941,16876,0.37655353995135776,3003,2614,14262,389,27552
BNB004,validation,0.13,28430,16387,0.3656425017292545,3003,2602,13785,401,28029
BNB004,validation,0.14,29047,15770,0.351875404422429,3003,2580,13190,423,28624
BNB004,validation,0.15,29323,15494,0.3457170270209965,3003,2565,12929,438,28885
BNB004,validation,0.16,29867,14950,0.33357877591092666,3003,2546,12404,457,29410
BNB004,validation,0.17,30086,14731,0.32869223732065955,3003,2539,12192,464,29622
BNB004,validation,0.18,30444,14373,0.32070419706807685,3003,2524,11849,479,29965
BNB004,validation,0.19,30746,14071,0.31396568266506014,3003,2507,11564,496,30250
BNB004,validation,0.2,30955,13862,0.309302273690787,3003,2498,11364,505,30450
BNB004,validation,0.21,31228,13589,0.30321083517415265,3003,2482,11107,521,30707
BNB004,validation,0.22,31471,13346,0.29778878550550014,3003,2473,10873,530,30941
BNB004,validation,0.23,31720,13097,0.29223285806725124,3003,2460,10637,543,31177
BNB004,validation,0.24,32104,12713,0.2836646808130843,3003,2439,10274,564,31540
BNB004,validation,0.25,32353,12464,0.2781087533748354,3003,2424,10040,579,31774
BNB004,validation,0.26,32547,12270,0.2737800388245532,3003,2410,9860,593,31954
BNB004,validation,0.27,32670,12147,0.27103554454782786,3003,2403,9744,600,32070
BNB004,validation,0.28,32882,11935,0.2663051966887565,3003,2388,9547,615,32267
BNB004,validation,0.29,33030,11787,0.26300287837204633,3003,2379,9408,624,32406
BNB004,validation,0.3,33194,11623,0.25934355266974585,3003,2363,9260,640,32554
BNB004,validation,0.31,33503,11314,0.25244884753553337,3003,2334,8980,669,32834
BNB004,validation,0.32,33649,11168,0.249191155142022,3003,2320,8848,683,32966
BNB004,validation,0.33,33809,11008,0.24562108128611912,3003,2311,8697,692,33117
BNB004,validation,0.34,33928,10889,0.24296583885579132,3003,2301,8588,702,33226
BNB004,validation,0.35,34108,10709,0.23894950576790058,3003,2290,8419,713,33395
BNB004,validation,0.36,34220,10597,0.23645045406876855,3003,2285,8312,718,33502
BNB004,validation,0.37,34439,10378,0.23156391547850147,3003,2272,8106,731,33708
BNB004,validation,0.38,34515,10302,0.2298681303969476,3003,2265,8037,738,33777
BNB004,validation,0.39,34686,10131,0.22605261396345136,3003,2243,7888,760,33926
BNB004,validation,0.4,34857,9960,0.22223709752995516,3003,2229,7731,774,34083
BNB004,validation,0.41,34962,9855,0.21989423656201887,3003,2217,7638,786,34176
BNB004,validation,0.42,35114,9703,0.21650266639891114,3003,2204,7499,799,34315
BNB004,validation,0.43,35241,9576,0.2136689202757882,3003,2194,7382,809,34432
BNB004,validation,0.44,35319,9498,0.21192850927103554,3003,2191,7307,812,34507
BNB004,validation,0.45,35470,9347,0.2085592520695272,3003,2175,7172,828,34642
BNB004,validation,0.46,35563,9254,0.20648414664078363,3003,2163,7091,840,34723
BNB004,validation,0.47,35699,9118,0.20344958386326617,3003,2153,6965,850,34849
BNB004,validation,0.48,35864,8953,0.1997679451993663,3003,2137,6816,866,34998
BNB004,validation,0.49,35929,8888,0.19831760269540577,3003,2128,6760,875,35054
BNB004,validation,0.5,36002,8815,0.19668875649865006,3003,2127,6688,876,35126
BNB004,validation,0.51,36121,8696,0.19403351406832228,3003,2112,6584,891,35230
BNB004,validation,0.52,36243,8574,0.19131133275319634,3003,2103,6471,900,35343
BNB004,validation,0.53,36336,8481,0.18923622732445278,3003,2098,6383,905,35431
BNB004,validation,0.54,36462,8355,0.18642479416292926,3003,2086,6269,917,35545
BNB004,validation,0.55,36564,8253,0.18414887207979114,3003,2076,6177,927,35637
BNB004,validation,0.56,36639,8178,0.18247539995983666,3003,2065,6113,938,35701
BNB004,validation,0.57,36777,8040,0.17939621125912042,3003,2053,5987,950,35827
BNB004,validation,0.58,36857,7960,0.17761117433116896,3003,2044,5916,959,35898
BNB004,validation,0.59,36927,7890,0.17604926701921145,3003,2040,5850,963,35964
BNB004,validation,0.6,37068,7749,0.17290313943369703,3003,2028,5721,975,36093
BNB004,validation,0.61,37168,7649,0.17067184327375773,3003,2026,5623,977,36191
BNB004,validation,0.62,37340,7477,0.16683401387866212,3003,2004,5473,999,36341
BNB004,validation,0.63,37398,7419,0.16553986210589733,3003,1997,5422,1006,36392
BNB004,validation,0.64,37529,7288,0.16261686413637683,3003,1984,5304,1019,36510
BNB004,validation,0.65,37851,6966,0.15543209050137224,3003,1963,5003,1040,36811
BNB004,validation,0.66,37931,6886,0.1536470535734208,3003,1958,4928,1045,36886
BNB004,validation,0.67,38000,6817,0.15210745922306268,3003,1948,4869,1055,36945
BNB004,validation,0.68,38073,6744,0.150478613026307,3003,1941,4803,1062,37011
BNB004,validation,0.69,38183,6634,0.14802418725037375,3003,1931,4703,1072,37111
BNB004,validation,0.7,38247,6570,0.1465961577080126,3003,1925,4645,1078,37169
BNB004,validation,0.71,38334,6483,0.1446549300488654,3003,1912,4571,1091,37243
BNB004,validation,0.72,38448,6369,0.14211125242653458,3003,1896,4473,1107,37341
BNB004,validation,0.73,38538,6279,0.14010308588258918,3003,1881,4398,1122,37416
BNB004,validation,0.74,38633,6184,0.13798335453064686,3003,1868,4316,1135,37498
BNB004,validation,0.75,38727,6090,0.1358859361403039,3003,1855,4235,1148,37579
BNB004,validation,0.76,38886,5931,0.1323381752460004,3003,1832,4099,1171,37715
BNB004,validation,0.77,39002,5815,0.1297498717004708,3003,1818,3997,1185,37817
BNB004,validation,0.78,39102,5715,0.1275185755405315,3003,1805,3910,1198,37904
BNB004,validation,0.79,39200,5617,0.12533190530379099,3003,1796,3821,1207,37993
BNB004,validation,0.8,39326,5491,0.12252047214226744,3003,1780,3711,1223,38103
BNB004,validation,0.81,39397,5420,0.12093625186871053,3003,1775,3645,1228,38169
BNB004,validation,0.82,39482,5335,0.11903965013276212,3003,1764,3571,1239,38243
BNB004,validation,0.83,39563,5254,0.11723230024321128,3003,1750,3504,1253,38310
BNB004,validation,0.84,39654,5163,0.11520182073766651,3003,1736,3427,1267,38387
BNB004,validation,0.85,39766,5051,0.11270276903853449,3003,1715,3336,1288,38478
BNB004,validation,0.86,39847,4970,0.11089541914898364,3003,1698,3272,1305,38542
BNB004,validation,0.87,39923,4894,0.10919963406742977,3003,1683,3211,1320,38603
BNB004,validation,0.88,40017,4800,0.10710221567708682,3003,1671,3129,1332,38685
BNB004,validation,0.89,40119,4698,0.10482629359394872,3003,1657,3041,1346,38773
BNB004,validation,0.9,40219,4598,0.10259499743400942,3003,1643,2955,1360,38859
BNB004,validation,0.91,40354,4463,0.09958274761809136,3003,1622,2841,1381,38973
BNB004,validation,0.92,40487,4330,0.09661512372537207,3003,1597,2733,1406,39081
BNB004,validation,0.93,40611,4206,0.09384831648704732,3003,1565,2641,1438,39173
BNB004,validation,0.94,40748,4069,0.09079144074793047,3003,1536,2533,1467,39281
BNB004,validation,0.95,40906,3911,0.08726599281522636,3003,1504,2407,1499,39407
BNB004,validation,0.96,41094,3723,0.08307115603454046,3003,1473,2250,1530,39564
BNB004,validation,0.97,41402,3415,0.0761987638619274,3003,1404,2011,1599,39803
BNB004,validation,0.98,41745,3072,0.06854541803333557,3003,1318,1754,1685,40060
BNB004,validation,0.99,42218,2599,0.05799138719682263,3003,1176,1423,1827,40391
BNB005,validation,0.01,28092,16725,0.3731842827498494,3003,2612,14113,391,27701
BNB005,validation,0.02,31520,13297,0.2966954503871299,3003,2469,10828,534,30986
BNB005,validation,0.03,33267,11550,0.25771470647299016,3003,2358,9192,645,32622
BNB005,validation,0.04,34324,10493,0.23412990606243167,3003,2274,8219,729,33595
BNB005,validation,0.05,35172,9645,0.21520851462614632,3003,2201,7444,802,34370
BNB005,validation,0.06,35720,9097,0.2029810116696789,3003,2152,6945,851,34869
BNB005,validation,0.07,36154,8663,0.19329718633554233,3003,2109,6554,894,35260
BNB005,validation,0.08,36541,8276,0.18466207019657718,3003,2079,6197,924,35617
BNB005,validation,0.09,36849,7968,0.17778967802396412,3003,2045,5923,958,35891
BNB005,validation,0.1,37146,7671,0.17116272842894437,3003,2026,5645,977,36169
BNB005,validation,0.11,37433,7384,0.16475890844991856,3003,1994,5390,1009,36424
BNB005,validation,0.12,37893,6924,0.15449494611419773,3003,1960,4964,1043,36850
BNB005,validation,0.13,38023,6794,0.15159426110627663,3003,1948,4846,1055,36968
BNB005,validation,0.14,38214,6603,0.14733248544079255,3003,1929,4674,1074,37140
BNB005,validation,0.15,38339,6478,0.14454336524086842,3003,1912,4566,1091,37248
BNB005,validation,0.16,38491,6326,0.14115179507776068,3003,1887,4439,1116,37375
BNB005,validation,0.17,38634,6183,0.13796104156904745,3003,1868,4315,1135,37499
BNB005,validation,0.18,38766,6051,0.13501573063792757,3003,1852,4199,1151,37615
BNB005,validation,0.19,38939,5878,0.13115558828123255,3003,1823,4055,1180,37759
BNB005,validation,0.2,39066,5751,0.12832184215810966,3003,1809,3942,1194,37872
BNB005,validation,0.21,39184,5633,0.12568891268938126,3003,1798,3835,1205,37979
BNB005,validation,0.22,39274,5543,0.12368074614543588,3003,1787,3756,1216,38058
BNB005,validation,0.23,39357,5460,0.12182877033268626,3003,1778,3682,1225,38132
BNB005,validation,0.24,39435,5382,0.1200883593279336,3003,1770,3612,1233,38202
BNB005,validation,0.25,39504,5313,0.11854876497757548,3003,1760,3553,1243,38261
BNB005,validation,0.26,39568,5249,0.11712073543521431,3003,1748,3501,1255,38313
BNB005,validation,0.27,39625,5192,0.11584889662404892,3003,1740,3452,1263,38362
BNB005,validation,0.28,39711,5106,0.1139299819265011,3003,1722,3384,1281,38430
BNB005,validation,0.29,39772,5045,0.11256889126893813,3003,1715,3330,1288,38484
BNB005,validation,0.3,39815,5002,0.11160943392016422,3003,1705,3297,1298,38517
BNB005,validation,0.31,39856,4961,0.11069460249458911,3003,1697,3264,1306,38550
BNB005,validation,0.32,39896,4921,0.10980208403061338,3003,1688,3233,1315,38581
BNB005,validation,0.33,39944,4873,0.10873106187384252,3003,1680,3193,1323,38621
BNB005,validation,0.34,40004,4813,0.10739228417787892,3003,1672,3141,1331,38673
BNB005,validation,0.35,40040,4777,0.10658901756030077,3003,1669,3108,1334,38706
BNB005,validation,0.36,40082,4735,0.10565187317312627,3003,1664,3071,1339,38743
BNB005,validation,0.37,40134,4683,0.10449159916995783,3003,1655,3028,1348,38786
BNB005,validation,0.38,40172,4645,0.10364370662918089,3003,1649,2996,1354,38818
BNB005,validation,0.39,40214,4603,0.10270656224200639,3003,1645,2958,1358,38856
BNB005,validation,0.4,40250,4567,0.10190329562442824,3003,1640,2927,1363,38887
BNB005,validation,0.41,40287,4530,0.10107771604525069,3003,1630,2900,1373,38914
BNB005,validation,0.42,40352,4465,0.09962737354129013,3003,1623,2842,1380,38972
BNB005,validation,0.43,40384,4433,0.09891335877010955,3003,1615,2818,1388,38996
BNB005,validation,0.44,40427,4390,0.09795390142133566,3003,1605,2785,1398,39029
BNB005,validation,0.45,40480,4337,0.09677131445656782,3003,1597,2740,1406,39074
BNB005,validation,0.46,40517,4300,0.09594573487739028,3003,1586,2714,1417,39100
BNB005,validation,0.47,40542,4275,0.09538791083740544,3003,1579,2696,1424,39118
BNB005,validation,0.48,40568,4249,0.09480777383582123,3003,1576,2673,1427,39141
BNB005,validation,0.49,40614,4203,0.09378137760224915,3003,1565,2638,1438,39176
BNB005,validation,0.5,40642,4175,0.09315661467746614,3003,1557,2618,1446,39196
BNB005,validation,0.51,40669,4148,0.09255416471428253,3003,1552,2596,1451,39218
BNB005,validation,0.52,40697,4120,0.09192940178949952,3003,1545,2575,1458,39239
BNB005,validation,0.53,40749,4068,0.09076912778633107,3003,1536,2532,1467,39282
BNB005,validation,0.54,40780,4037,0.09007742597674989,3003,1532,2505,1471,39309
BNB005,validation,0.55,40814,4003,0.08931878528237053,3003,1522,2481,1481,39333
BNB005,validation,0.56,40853,3964,0.0884485797799942,3003,1513,2451,1490,39363
BNB005,validation,0.57,40886,3931,0.08771225204721422,3003,1510,2421,1493,39393
BNB005,validation,0.58,40924,3893,0.08686435950643728,3003,1501,2392,1502,39422
BNB005,validation,0.59,40959,3858,0.08608340585045852,3003,1495,2363,1508,39451
BNB005,validation,0.6,40988,3829,0.08543632996407613,3003,1490,2339,1513,39475
BNB005,validation,0.61,41022,3795,0.08467768926969677,3003,1483,2312,1520,39502
BNB005,validation,0.62,41053,3764,0.08398598746011558,3003,1480,2284,1523,39530
BNB005,validation,0.63,41086,3731,0.08324965972733561,3003,1474,2257,1529,39557
BNB005,validation,0.64,41119,3698,0.08251333199455564,3003,1467,2231,1536,39583
BNB005,validation,0.65,41167,3650,0.08144230983778476,3003,1459,2191,1544,39623
BNB005,validation,0.66,41208,3609,0.08052747841220965,3003,1448,2161,1555,39653
BNB005,validation,0.67,41268,3549,0.07918870071624606,3003,1438,2111,1565,39703
BNB005,validation,0.68,41309,3508,0.07827386929067096,3003,1429,2079,1574,39735
BNB005,validation,0.69,41335,3482,0.07769373228908673,3003,1424,2058,1579,39756
BNB005,validation,0.7,41406,3411,0.07610951201552982,3003,1404,2007,1599,39807
BNB005,validation,0.71,41450,3367,0.07512774170515653,3003,1392,1975,1611,39839
BNB005,validation,0.72,41493,3324,0.07416828435638262,3003,1381,1943,1622,39871
BNB005,validation,0.73,41528,3289,0.07338733070040386,3003,1373,1916,1630,39898
BNB005,validation,0.74,41577,3240,0.0722939955820336,3003,1355,1885,1648,39929
BNB005,validation,0.75,41615,3202,0.07144610304125666,3003,1350,1852,1653,39962
BNB005,validation,0.76,41664,3153,0.0703527679228864,3003,1338,1815,1665,39999
BNB005,validation,0.77,41701,3116,0.06952718834370886,3003,1330,1786,1673,40028
BNB005,validation,0.78,41749,3068,0.06845616618693799,3003,1318,1750,1685,40064
BNB005,validation,0.79,41806,3011,0.06718432737577258,3003,1303,1708,1700,40106
BNB005,validation,0.8,41879,2938,0.0655554811790169,3003,1276,1662,1727,40152
BNB005,validation,0.81,41928,2889,0.06446214606064662,3003,1261,1628,1742,40186
BNB005,validation,0.82,41976,2841,0.06339112390387576,3003,1245,1596,1758,40218
BNB005,validation,0.83,42006,2811,0.06272173505589397,3003,1238,1573,1765,40241
BNB005,validation,0.84,42058,2759,0.06156146105272553,3003,1227,1532,1776,40282
BNB005,validation,0.85,42100,2717,0.06062431666555102,3003,1215,1502,1788,40312
BNB005,validation,0.86,42141,2676,0.0597094852399759,3003,1202,1474,1801,40340
BNB005,validation,0.87,42180,2637,0.05883927973759957,3003,1189,1448,1814,40366
BNB005,validation,0.88,42243,2574,0.05743356315683781,3003,1166,1408,1837,40406
BNB005,validation,0.89,42292,2525,0.05634022803846755,3003,1143,1382,1860,40432
BNB005,validation,0.9,42342,2475,0.05522457995849789,3003,1132,1343,1871,40471
BNB005,validation,0.91,42399,2418,0.053952741147332485,3003,1118,1300,1885,40514
BNB005,validation,0.92,42462,2355,0.05254702456657072,3003,1098,1257,1905,40557
BNB005,validation,0.93,42530,2287,0.05102974317781199,3003,1079,1208,1924,40606
BNB005,validation,0.94,42617,2200,0.04908851551866479,3003,1048,1152,1955,40662
BNB005,validation,0.95,42721,2096,0.04676796751232791,3003,1011,1085,1992,40729
BNB005,validation,0.96,42813,2004,0.04471517504518375,3003,980,1024,2023,40790
BNB005,validation,0.97,42970,1847,0.04121204007407903,3003,921,926,2082,40888
BNB005,validation,0.98,43134,1683,0.03755271437177857,3003,856,827,2147,40987
BNB005,validation,0.99,43372,1445,0.03224222951112301,3003,772,673,2231,41141
BNB006,validation,0.01,10158,34659,0.773344936073365,3003,2936,31723,67,10091
BNB006,validation,0.02,15231,29586,0.6601512818796439,3003,2882,26704,121,15110
BNB006,validation,0.03,18397,26420,0.5895084454559654,3003,2837,23583,166,18231
BNB006,validation,0.04,20607,24210,0.5401968003213067,3003,2795,21415,208,20399
BNB006,validation,0.05,22147,22670,0.5058348394582413,3003,2765,19905,238,21909
BNB006,validation,0.06,23426,21391,0.4772965615726175,3003,2737,18654,266,23160
BNB006,validation,0.07,24629,20188,0.45045406876854766,3003,2710,17478,293,24336
BNB006,validation,0.08,25432,19385,0.432536760604235,3003,2685,16700,318,25114
BNB006,validation,0.09,26072,18745,0.4182564651806234,3003,2675,16070,328,25744
BNB006,validation,0.1,26821,17996,0.40154405694267803,3003,2658,15338,345,26476
BNB006,validation,0.11,27372,17445,0.3892496151014124,3003,2636,14809,367,27005
BNB006,validation,0.12,27941,16876,0.37655353995135776,3003,2614,14262,389,27552
BNB006,validation,0.13,28430,16387,0.3656425017292545,3003,2602,13785,401,28029
BNB006,validation,0.14,29047,15770,0.351875404422429,3003,2580,13190,423,28624
BNB006,validation,0.15,29323,15494,0.3457170270209965,3003,2565,12929,438,28885
BNB006,validation,0.16,29867,14950,0.33357877591092666,3003,2546,12404,457,29410
BNB006,validation,0.17,30086,14731,0.32869223732065955,3003,2539,12192,464,29622
BNB006,validation,0.18,30444,14373,0.32070419706807685,3003,2524,11849,479,29965
BNB006,validation,0.19,30746,14071,0.31396568266506014,3003,2507,11564,496,30250
BNB006,validation,0.2,30955,13862,0.309302273690787,3003,2498,11364,505,30450
BNB006,validation,0.21,31228,13589,0.30321083517415265,3003,2482,11107,521,30707
BNB006,validation,0.22,31471,13346,0.29778878550550014,3003,2473,10873,530,30941
BNB006,validation,0.23,31720,13097,0.29223285806725124,3003,2460,10637,543,31177
BNB006,validation,0.24,32104,12713,0.2836646808130843,3003,2439,10274,564,31540
BNB006,validation,0.25,32353,12464,0.2781087533748354,3003,2424,10040,579,31774
BNB006,validation,0.26,32547,12270,0.2737800388245532,3003,2410,9860,593,31954
BNB006,validation,0.27,32669,12148,0.27105785750942724,3003,2403,9745,600,32069
BNB006,validation,0.28,32882,11935,0.2663051966887565,3003,2388,9547,615,32267
BNB006,validation,0.29,33030,11787,0.26300287837204633,3003,2379,9408,624,32406
BNB006,validation,0.3,33194,11623,0.25934355266974585,3003,2363,9260,640,32554
BNB006,validation,0.31,33503,11314,0.25244884753553337,3003,2334,8980,669,32834
BNB006,validation,0.32,33649,11168,0.249191155142022,3003,2320,8848,683,32966
BNB006,validation,0.33,33809,11008,0.24562108128611912,3003,2311,8697,692,33117
BNB006,validation,0.34,33928,10889,0.24296583885579132,3003,2301,8588,702,33226
BNB006,validation,0.35,34108,10709,0.23894950576790058,3003,2290,8419,713,33395
BNB006,validation,0.36,34220,10597,0.23645045406876855,3003,2285,8312,718,33502
BNB006,validation,0.37,34439,10378,0.23156391547850147,3003,2272,8106,731,33708
BNB006,validation,0.38,34515,10302,0.2298681303969476,3003,2265,8037,738,33777
BNB006,validation,0.39,34684,10133,0.22609723988665015,3003,2243,7890,760,33924
BNB006,validation,0.4,34857,9960,0.22223709752995516,3003,2229,7731,774,34083
BNB006,validation,0.41,34962,9855,0.21989423656201887,3003,2217,7638,786,34176
BNB006,validation,0.42,35114,9703,0.21650266639891114,3003,2204,7499,799,34315
BNB006,validation,0.43,35241,9576,0.2136689202757882,3003,2194,7382,809,34432
BNB006,validation,0.44,35319,9498,0.21192850927103554,3003,2191,7307,812,34507
BNB006,validation,0.45,35470,9347,0.2085592520695272,3003,2175,7172,828,34642
BNB006,validation,0.46,35563,9254,0.20648414664078363,3003,2163,7091,840,34723
BNB006,validation,0.47,35699,9118,0.20344958386326617,3003,2153,6965,850,34849
BNB006,validation,0.48,35864,8953,0.1997679451993663,3003,2137,6816,866,34998
BNB006,validation,0.49,35929,8888,0.19831760269540577,3003,2128,6760,875,35054
BNB006,validation,0.5,36002,8815,0.19668875649865006,3003,2127,6688,876,35126
BNB006,validation,0.51,36121,8696,0.19403351406832228,3003,2112,6584,891,35230
BNB006,validation,0.52,36243,8574,0.19131133275319634,3003,2103,6471,900,35343
BNB006,validation,0.53,36336,8481,0.18923622732445278,3003,2098,6383,905,35431
BNB006,validation,0.54,36462,8355,0.18642479416292926,3003,2086,6269,917,35545
BNB006,validation,0.55,36564,8253,0.18414887207979114,3003,2076,6177,927,35637
BNB006,validation,0.56,36639,8178,0.18247539995983666,3003,2065,6113,938,35701
BNB006,validation,0.57,36777,8040,0.17939621125912042,3003,2053,5987,950,35827
BNB006,validation,0.58,36857,7960,0.17761117433116896,3003,2044,5916,959,35898
BNB006,validation,0.59,36927,7890,0.17604926701921145,3003,2040,5850,963,35964
BNB006,validation,0.6,37068,7749,0.17290313943369703,3003,2028,5721,975,36093
BNB006,validation,0.61,37168,7649,0.17067184327375773,3003,2026,5623,977,36191
BNB006,validation,0.62,37340,7477,0.16683401387866212,3003,2004,5473,999,36341
BNB006,validation,0.63,37398,7419,0.16553986210589733,3003,1997,5422,1006,36392
BNB006,validation,0.64,37529,7288,0.16261686413637683,3003,1984,5304,1019,36510
BNB006,validation,0.65,37851,6966,0.15543209050137224,3003,1963,5003,1040,36811
BNB006,validation,0.66,37931,6886,0.1536470535734208,3003,1958,4928,1045,36886
BNB006,validation,0.67,38000,6817,0.15210745922306268,3003,1948,4869,1055,36945
BNB006,validation,0.68,38073,6744,0.150478613026307,3003,1941,4803,1062,37011
BNB006,validation,0.69,38183,6634,0.14802418725037375,3003,1931,4703,1072,37111
BNB006,validation,0.7,38247,6570,0.1465961577080126,3003,1925,4645,1078,37169
BNB006,validation,0.71,38334,6483,0.1446549300488654,3003,1912,4571,1091,37243
BNB006,validation,0.72,38448,6369,0.14211125242653458,3003,1896,4473,1107,37341
BNB006,validation,0.73,38538,6279,0.14010308588258918,3003,1881,4398,1122,37416
BNB006,validation,0.74,38633,6184,0.13798335453064686,3003,1868,4316,1135,37498
BNB006,validation,0.75,38727,6090,0.1358859361403039,3003,1855,4235,1148,37579
BNB006,validation,0.76,38886,5931,0.1323381752460004,3003,1832,4099,1171,37715
BNB006,validation,0.77,39002,5815,0.1297498717004708,3003,1818,3997,1185,37817
BNB006,validation,0.78,39102,5715,0.1275185755405315,3003,1805,3910,1198,37904
BNB006,validation,0.79,39200,5617,0.12533190530379099,3003,1796,3821,1207,37993
BNB006,validation,0.8,39326,5491,0.12252047214226744,3003,1780,3711,1223,38103
BNB006,validation,0.81,39397,5420,0.12093625186871053,3003,1775,3645,1228,38169
BNB006,validation,0.82,39482,5335,0.11903965013276212,3003,1764,3571,1239,38243
BNB006,validation,0.83,39563,5254,0.11723230024321128,3003,1750,3504,1253,38310
BNB006,validation,0.84,39654,5163,0.11520182073766651,3003,1736,3427,1267,38387
BNB006,validation,0.85,39766,5051,0.11270276903853449,3003,1715,3336,1288,38478
BNB006,validation,0.86,39847,4970,0.11089541914898364,3003,1698,3272,1305,38542
BNB006,validation,0.87,39923,4894,0.10919963406742977,3003,1683,3211,1320,38603
BNB006,validation,0.88,40017,4800,0.10710221567708682,3003,1671,3129,1332,38685
BNB006,validation,0.89,40119,4698,0.10482629359394872,3003,1657,3041,1346,38773
BNB006,validation,0.9,40219,4598,0.10259499743400942,3003,1643,2955,1360,38859
BNB006,validation,0.91,40354,4463,0.09958274761809136,3003,1622,2841,1381,38973
BNB006,validation,0.92,40487,4330,0.09661512372537207,3003,1597,2733,1406,39081
BNB006,validation,0.93,40611,4206,0.09384831648704732,3003,1565,2641,1438,39173
BNB006,validation,0.94,40748,4069,0.09079144074793047,3003,1536,2533,1467,39281
BNB006,validation,0.95,40906,3911,0.08726599281522636,3003,1504,2407,1499,39407
BNB006,validation,0.96,41094,3723,0.08307115603454046,3003,1473,2250,1530,39564
BNB006,validation,0.97,41402,3415,0.0761987638619274,3003,1404,2011,1599,39803
BNB006,validation,0.98,41745,3072,0.06854541803333557,3003,1318,1754,1685,40060
BNB006,validation,0.99,42218,2599,0.05799138719682263,3003,1176,1423,1827,40391
BNB007,validation,0.01,28092,16725,0.3731842827498494,3003,2612,14113,391,27701
BNB007,validation,0.02,31521,13296,0.2966731374255305,3003,2469,10827,534,30987
BNB007,validation,0.03,33267,11550,0.25771470647299016,3003,2358,9192,645,32622
BNB007,validation,0.04,34324,10493,0.23412990606243167,3003,2274,8219,729,33595
BNB007,validation,0.05,35172,9645,0.21520851462614632,3003,2201,7444,802,34370
BNB007,validation,0.06,35720,9097,0.2029810116696789,3003,2152,6945,851,34869
BNB007,validation,0.07,36154,8663,0.19329718633554233,3003,2109,6554,894,35260
BNB007,validation,0.08,36541,8276,0.18466207019657718,3003,2079,6197,924,35617
BNB007,validation,0.09,36848,7969,0.17781199098556352,3003,2045,5924,958,35890
BNB007,validation,0.1,37146,7671,0.17116272842894437,3003,2026,5645,977,36169
BNB007,validation,0.11,37437,7380,0.16466965660352098,3003,1993,5387,1010,36427
BNB007,validation,0.12,37892,6925,0.15451725907579714,3003,1960,4965,1043,36849
BNB007,validation,0.13,38023,6794,0.15159426110627663,3003,1948,4846,1055,36968
BNB007,validation,0.14,38213,6604,0.14735479840239196,3003,1929,4675,1074,37139
BNB007,validation,0.15,38339,6478,0.14454336524086842,3003,1912,4566,1091,37248
BNB007,validation,0.16,38491,6326,0.14115179507776068,3003,1887,4439,1116,37375
BNB007,validation,0.17,38634,6183,0.13796104156904745,3003,1868,4315,1135,37499
BNB007,validation,0.18,38766,6051,0.13501573063792757,3003,1852,4199,1151,37615
BNB007,validation,0.19,38938,5879,0.13117790124283196,3003,1823,4056,1180,37758
BNB007,validation,0.2,39066,5751,0.12832184215810966,3003,1809,3942,1194,37872
BNB007,validation,0.21,39184,5633,0.12568891268938126,3003,1798,3835,1205,37979
BNB007,validation,0.22,39274,5543,0.12368074614543588,3003,1787,3756,1216,38058
BNB007,validation,0.23,39357,5460,0.12182877033268626,3003,1778,3682,1225,38132
BNB007,validation,0.24,39435,5382,0.1200883593279336,3003,1770,3612,1233,38202
BNB007,validation,0.25,39510,5307,0.11841488720797912,3003,1759,3548,1244,38266
BNB007,validation,0.26,39568,5249,0.11712073543521431,3003,1748,3501,1255,38313
BNB007,validation,0.27,39625,5192,0.11584889662404892,3003,1740,3452,1263,38362
BNB007,validation,0.28,39711,5106,0.1139299819265011,3003,1722,3384,1281,38430
BNB007,validation,0.29,39772,5045,0.11256889126893813,3003,1715,3330,1288,38484
BNB007,validation,0.3,39815,5002,0.11160943392016422,3003,1705,3297,1298,38517
BNB007,validation,0.31,39856,4961,0.11069460249458911,3003,1697,3264,1306,38550
BNB007,validation,0.32,39896,4921,0.10980208403061338,3003,1688,3233,1315,38581
BNB007,validation,0.33,39944,4873,0.10873106187384252,3003,1680,3193,1323,38621
BNB007,validation,0.34,40004,4813,0.10739228417787892,3003,1672,3141,1331,38673
BNB007,validation,0.35,40040,4777,0.10658901756030077,3003,1669,3108,1334,38706
BNB007,validation,0.36,40082,4735,0.10565187317312627,3003,1664,3071,1339,38743
BNB007,validation,0.37,40134,4683,0.10449159916995783,3003,1655,3028,1348,38786
BNB007,validation,0.38,40172,4645,0.10364370662918089,3003,1649,2996,1354,38818
BNB007,validation,0.39,40213,4604,0.10272887520360577,3003,1645,2959,1358,38855
BNB007,validation,0.4,40250,4567,0.10190329562442824,3003,1640,2927,1363,38887
BNB007,validation,0.41,40287,4530,0.10107771604525069,3003,1630,2900,1373,38914
BNB007,validation,0.42,40352,4465,0.09962737354129013,3003,1623,2842,1380,38972
BNB007,validation,0.43,40384,4433,0.09891335877010955,3003,1615,2818,1388,38996
BNB007,validation,0.44,40427,4390,0.09795390142133566,3003,1605,2785,1398,39029
BNB007,validation,0.45,40481,4336,0.09674900149496843,3003,1597,2739,1406,39075
BNB007,validation,0.46,40517,4300,0.09594573487739028,3003,1586,2714,1417,39100
BNB007,validation,0.47,40542,4275,0.09538791083740544,3003,1579,2696,1424,39118
BNB007,validation,0.48,40568,4249,0.09480777383582123,3003,1576,2673,1427,39141
BNB007,validation,0.49,40614,4203,0.09378137760224915,3003,1565,2638,1438,39176
BNB007,validation,0.5,40642,4175,0.09315661467746614,3003,1557,2618,1446,39196
BNB007,validation,0.51,40669,4148,0.09255416471428253,3003,1552,2596,1451,39218
BNB007,validation,0.52,40697,4120,0.09192940178949952,3003,1545,2575,1458,39239
BNB007,validation,0.53,40749,4068,0.09076912778633107,3003,1536,2532,1467,39282
BNB007,validation,0.54,40780,4037,0.09007742597674989,3003,1532,2505,1471,39309
BNB007,validation,0.55,40814,4003,0.08931878528237053,3003,1522,2481,1481,39333
BNB007,validation,0.56,40853,3964,0.0884485797799942,3003,1513,2451,1490,39363
BNB007,validation,0.57,40886,3931,0.08771225204721422,3003,1510,2421,1493,39393
BNB007,validation,0.58,40924,3893,0.08686435950643728,3003,1501,2392,1502,39422
BNB007,validation,0.59,40959,3858,0.08608340585045852,3003,1495,2363,1508,39451
BNB007,validation,0.6,40988,3829,0.08543632996407613,3003,1490,2339,1513,39475
BNB007,validation,0.61,41022,3795,0.08467768926969677,3003,1483,2312,1520,39502
BNB007,validation,0.62,41053,3764,0.08398598746011558,3003,1480,2284,1523,39530
BNB007,validation,0.63,41086,3731,0.08324965972733561,3003,1474,2257,1529,39557
BNB007,validation,0.64,41119,3698,0.08251333199455564,3003,1467,2231,1536,39583
BNB007,validation,0.65,41167,3650,0.08144230983778476,3003,1459,2191,1544,39623
BNB007,validation,0.66,41208,3609,0.08052747841220965,3003,1448,2161,1555,39653
BNB007,validation,0.67,41268,3549,0.07918870071624606,3003,1438,2111,1565,39703
BNB007,validation,0.68,41308,3509,0.07829618225227035,3003,1429,2080,1574,39734
BNB007,validation,0.69,41335,3482,0.07769373228908673,3003,1424,2058,1579,39756
BNB007,validation,0.7,41406,3411,0.07610951201552982,3003,1404,2007,1599,39807
BNB007,validation,0.71,41450,3367,0.07512774170515653,3003,1392,1975,1611,39839
BNB007,validation,0.72,41493,3324,0.07416828435638262,3003,1381,1943,1622,39871
BNB007,validation,0.73,41528,3289,0.07338733070040386,3003,1373,1916,1630,39898
BNB007,validation,0.74,41577,3240,0.0722939955820336,3003,1355,1885,1648,39929
BNB007,validation,0.75,41615,3202,0.07144610304125666,3003,1350,1852,1653,39962
BNB007,validation,0.76,41664,3153,0.0703527679228864,3003,1338,1815,1665,39999
BNB007,validation,0.77,41701,3116,0.06952718834370886,3003,1330,1786,1673,40028
BNB007,validation,0.78,41749,3068,0.06845616618693799,3003,1318,1750,1685,40064
BNB007,validation,0.79,41806,3011,0.06718432737577258,3003,1303,1708,1700,40106
BNB007,validation,0.8,41880,2937,0.0655331682174175,3003,1276,1661,1727,40153
BNB007,validation,0.81,41928,2889,0.06446214606064662,3003,1261,1628,1742,40186
BNB007,validation,0.82,41976,2841,0.06339112390387576,3003,1245,1596,1758,40218
BNB007,validation,0.83,42007,2810,0.06269942209429458,3003,1237,1573,1766,40241
BNB007,validation,0.84,42058,2759,0.06156146105272553,3003,1227,1532,1776,40282
BNB007,validation,0.85,42100,2717,0.06062431666555102,3003,1215,1502,1788,40312
BNB007,validation,0.86,42141,2676,0.0597094852399759,3003,1202,1474,1801,40340
BNB007,validation,0.87,42180,2637,0.05883927973759957,3003,1189,1448,1814,40366
BNB007,validation,0.88,42243,2574,0.05743356315683781,3003,1166,1408,1837,40406
BNB007,validation,0.89,42292,2525,0.05634022803846755,3003,1143,1382,1860,40432
BNB007,validation,0.9,42342,2475,0.05522457995849789,3003,1132,1343,1871,40471
BNB007,validation,0.91,42399,2418,0.053952741147332485,3003,1118,1300,1885,40514
BNB007,validation,0.92,42462,2355,0.05254702456657072,3003,1098,1257,1905,40557
BNB007,validation,0.93,42530,2287,0.05102974317781199,3003,1079,1208,1924,40606
BNB007,validation,0.94,42617,2200,0.04908851551866479,3003,1048,1152,1955,40662
BNB007,validation,0.95,42721,2096,0.04676796751232791,3003,1011,1085,1992,40729
BNB007,validation,0.96,42813,2004,0.04471517504518375,3003,980,1024,2023,40790
BNB007,validation,0.97,42970,1847,0.04121204007407903,3003,921,926,2082,40888
BNB007,validation,0.98,43134,1683,0.03755271437177857,3003,856,827,2147,40987
BNB007,validation,0.99,43372,1445,0.03224222951112301,3003,772,673,2231,41141
BNB008,validation,0.01,10158,34659,0.773344936073365,3003,2936,31723,67,10091
BNB008,validation,0.02,15231,29586,0.6601512818796439,3003,2882,26704,121,15110
BNB008,validation,0.03,18397,26420,0.5895084454559654,3003,2837,23583,166,18231
BNB008,validation,0.04,20607,24210,0.5401968003213067,3003,2795,21415,208,20399
BNB008,validation,0.05,22147,22670,0.5058348394582413,3003,2765,19905,238,21909
BNB008,validation,0.06,23426,21391,0.4772965615726175,3003,2737,18654,266,23160
BNB008,validation,0.07,24629,20188,0.45045406876854766,3003,2710,17478,293,24336
BNB008,validation,0.08,25432,19385,0.432536760604235,3003,2685,16700,318,25114
BNB008,validation,0.09,26072,18745,0.4182564651806234,3003,2675,16070,328,25744
BNB008,validation,0.1,26821,17996,0.40154405694267803,3003,2658,15338,345,26476
BNB008,validation,0.11,27372,17445,0.3892496151014124,3003,2636,14809,367,27005
BNB008,validation,0.12,27941,16876,0.37655353995135776,3003,2614,14262,389,27552
BNB008,validation,0.13,28430,16387,0.3656425017292545,3003,2602,13785,401,28029
BNB008,validation,0.14,29047,15770,0.351875404422429,3003,2580,13190,423,28624
BNB008,validation,0.15,29321,15496,0.3457616529441953,3003,2565,12931,438,28883
BNB008,validation,0.16,29867,14950,0.33357877591092666,3003,2546,12404,457,29410
BNB008,validation,0.17,30086,14731,0.32869223732065955,3003,2539,12192,464,29622
BNB008,validation,0.18,30444,14373,0.32070419706807685,3003,2524,11849,479,29965
BNB008,validation,0.19,30746,14071,0.31396568266506014,3003,2507,11564,496,30250
BNB008,validation,0.2,30955,13862,0.309302273690787,3003,2498,11364,505,30450
BNB008,validation,0.21,31228,13589,0.30321083517415265,3003,2482,11107,521,30707
BNB008,validation,0.22,31471,13346,0.29778878550550014,3003,2473,10873,530,30941
BNB008,validation,0.23,31716,13101,0.2923221099136488,3003,2461,10640,542,31174
BNB008,validation,0.24,32104,12713,0.2836646808130843,3003,2439,10274,564,31540
BNB008,validation,0.25,32353,12464,0.2781087533748354,3003,2424,10040,579,31774
BNB008,validation,0.26,32547,12270,0.2737800388245532,3003,2410,9860,593,31954
BNB008,validation,0.27,32669,12148,0.27105785750942724,3003,2403,9745,600,32069
BNB008,validation,0.28,32882,11935,0.2663051966887565,3003,2388,9547,615,32267
BNB008,validation,0.29,33030,11787,0.26300287837204633,3003,2379,9408,624,32406
BNB008,validation,0.3,33259,11558,0.2578932101657853,3003,2358,9200,645,32614
BNB008,validation,0.31,33503,11314,0.25244884753553337,3003,2334,8980,669,32834
BNB008,validation,0.32,33659,11158,0.24896802552602806,3003,2320,8838,683,32976
BNB008,validation,0.33,33809,11008,0.24562108128611912,3003,2311,8697,692,33117
BNB008,validation,0.34,33928,10889,0.24296583885579132,3003,2301,8588,702,33226
BNB008,validation,0.35,34108,10709,0.23894950576790058,3003,2290,8419,713,33395
BNB008,validation,0.36,34220,10597,0.23645045406876855,3003,2285,8312,718,33502
BNB008,validation,0.37,34439,10378,0.23156391547850147,3003,2272,8106,731,33708
BNB008,validation,0.38,34515,10302,0.2298681303969476,3003,2265,8037,738,33777
BNB008,validation,0.39,34685,10132,0.22607492692505077,3003,2243,7889,760,33925
BNB008,validation,0.4,34857,9960,0.22223709752995516,3003,2229,7731,774,34083
BNB008,validation,0.41,34962,9855,0.21989423656201887,3003,2217,7638,786,34176
BNB008,validation,0.42,35117,9700,0.21643572751411294,3003,2204,7496,799,34318
BNB008,validation,0.43,35241,9576,0.2136689202757882,3003,2194,7382,809,34432
BNB008,validation,0.44,35319,9498,0.21192850927103554,3003,2191,7307,812,34507
BNB008,validation,0.45,35470,9347,0.2085592520695272,3003,2175,7172,828,34642
BNB008,validation,0.46,35563,9254,0.20648414664078363,3003,2163,7091,840,34723
BNB008,validation,0.47,35699,9118,0.20344958386326617,3003,2153,6965,850,34849
BNB008,validation,0.48,35864,8953,0.1997679451993663,3003,2137,6816,866,34998
BNB008,validation,0.49,35929,8888,0.19831760269540577,3003,2128,6760,875,35054
BNB008,validation,0.5,36003,8814,0.19666644353705068,3003,2127,6687,876,35127
BNB008,validation,0.51,36121,8696,0.19403351406832228,3003,2112,6584,891,35230
BNB008,validation,0.52,36243,8574,0.19131133275319634,3003,2103,6471,900,35343
BNB008,validation,0.53,36337,8480,0.18921391436285337,3003,2097,6383,906,35431
BNB008,validation,0.54,36462,8355,0.18642479416292926,3003,2086,6269,917,35545
BNB008,validation,0.55,36575,8242,0.18390342950219782,3003,2076,6166,927,35648
BNB008,validation,0.56,36639,8178,0.18247539995983666,3003,2065,6113,938,35701
BNB008,validation,0.57,36778,8039,0.17937389829752104,3003,2053,5986,950,35828
BNB008,validation,0.58,36857,7960,0.17761117433116896,3003,2044,5916,959,35898
BNB008,validation,0.59,36927,7890,0.17604926701921145,3003,2040,5850,963,35964
BNB008,validation,0.6,37068,7749,0.17290313943369703,3003,2028,5721,975,36093
BNB008,validation,0.61,37168,7649,0.17067184327375773,3003,2026,5623,977,36191
BNB008,validation,0.62,37340,7477,0.16683401387866212,3003,2004,5473,999,36341
BNB008,validation,0.63,37398,7419,0.16553986210589733,3003,1997,5422,1006,36392
BNB008,validation,0.64,37529,7288,0.16261686413637683,3003,1984,5304,1019,36510
BNB008,validation,0.65,37851,6966,0.15543209050137224,3003,1963,5003,1040,36811
BNB008,validation,0.66,37931,6886,0.1536470535734208,3003,1958,4928,1045,36886
BNB008,validation,0.67,38000,6817,0.15210745922306268,3003,1948,4869,1055,36945
BNB008,validation,0.68,38073,6744,0.150478613026307,3003,1941,4803,1062,37011
BNB008,validation,0.69,38181,6636,0.14806881317357254,3003,1931,4705,1072,37109
BNB008,validation,0.7,38247,6570,0.1465961577080126,3003,1925,4645,1078,37169
BNB008,validation,0.71,38333,6484,0.14467724301046478,3003,1912,4572,1091,37242
BNB008,validation,0.72,38448,6369,0.14211125242653458,3003,1896,4473,1107,37341
BNB008,validation,0.73,38538,6279,0.14010308588258918,3003,1881,4398,1122,37416
BNB008,validation,0.74,38633,6184,0.13798335453064686,3003,1868,4316,1135,37498
BNB008,validation,0.75,38727,6090,0.1358859361403039,3003,1855,4235,1148,37579
BNB008,validation,0.76,38885,5932,0.1323604882075998,3003,1832,4100,1171,37714
BNB008,validation,0.77,39002,5815,0.1297498717004708,3003,1818,3997,1185,37817
BNB008,validation,0.78,39102,5715,0.1275185755405315,3003,1805,3910,1198,37904
BNB008,validation,0.79,39200,5617,0.12533190530379099,3003,1796,3821,1207,37993
BNB008,validation,0.8,39326,5491,0.12252047214226744,3003,1780,3711,1223,38103
BNB008,validation,0.81,39397,5420,0.12093625186871053,3003,1775,3645,1228,38169
BNB008,validation,0.82,39482,5335,0.11903965013276212,3003,1764,3571,1239,38243
BNB008,validation,0.83,39563,5254,0.11723230024321128,3003,1750,3504,1253,38310
BNB008,validation,0.84,39654,5163,0.11520182073766651,3003,1736,3427,1267,38387
BNB008,validation,0.85,39766,5051,0.11270276903853449,3003,1715,3336,1288,38478
BNB008,validation,0.86,39847,4970,0.11089541914898364,3003,1698,3272,1305,38542
BNB008,validation,0.87,39923,4894,0.10919963406742977,3003,1683,3211,1320,38603
BNB008,validation,0.88,40017,4800,0.10710221567708682,3003,1671,3129,1332,38685
BNB008,validation,0.89,40120,4697,0.10480398063234933,3003,1656,3041,1347,38773
BNB008,validation,0.9,40218,4599,0.10261731039560881,3003,1644,2955,1359,38859
BNB008,validation,0.91,40354,4463,0.09958274761809136,3003,1622,2841,1381,38973
BNB008,validation,0.92,40487,4330,0.09661512372537207,3003,1597,2733,1406,39081
BNB008,validation,0.93,40611,4206,0.09384831648704732,3003,1565,2641,1438,39173
BNB008,validation,0.94,40748,4069,0.09079144074793047,3003,1536,2533,1467,39281
BNB008,validation,0.95,40906,3911,0.08726599281522636,3003,1504,2407,1499,39407
BNB008,validation,0.96,41094,3723,0.08307115603454046,3003,1473,2250,1530,39564
BNB008,validation,0.97,41402,3415,0.0761987638619274,3003,1404,2011,1599,39803
BNB008,validation,0.98,41745,3072,0.06854541803333557,3003,1318,1754,1685,40060
BNB008,validation,0.99,42218,2599,0.05799138719682263,3003,1176,1423,1827,40391
BNB009,validation,0.01,28092,16725,0.3731842827498494,3003,2612,14113,391,27701
BNB009,validation,0.02,31520,13297,0.2966954503871299,3003,2469,10828,534,30986
BNB009,validation,0.03,33267,11550,0.25771470647299016,3003,2358,9192,645,32622
BNB009,validation,0.04,34337,10480,0.23383983756163956,3003,2273,8207,730,33607
BNB009,validation,0.05,35172,9645,0.21520851462614632,3003,2201,7444,802,34370
BNB009,validation,0.06,35720,9097,0.2029810116696789,3003,2152,6945,851,34869
BNB009,validation,0.07,36154,8663,0.19329718633554233,3003,2109,6554,894,35260
BNB009,validation,0.08,36541,8276,0.18466207019657718,3003,2079,6197,924,35617
BNB009,validation,0.09,36851,7966,0.17774505210076533,3003,2045,5921,958,35893
BNB009,validation,0.1,37144,7673,0.17120735435214315,3003,2026,5647,977,36167
BNB009,validation,0.11,37436,7381,0.1646919695651204,3003,1993,5388,1010,36426
BNB009,validation,0.12,37892,6925,0.15451725907579714,3003,1960,4965,1043,36849
BNB009,validation,0.13,38023,6794,0.15159426110627663,3003,1948,4846,1055,36968
BNB009,validation,0.14,38213,6604,0.14735479840239196,3003,1929,4675,1074,37139
BNB009,validation,0.15,38339,6478,0.14454336524086842,3003,1912,4566,1091,37248
BNB009,validation,0.16,38490,6327,0.14117410803936006,3003,1888,4439,1115,37375
BNB009,validation,0.17,38636,6181,0.13791641564584867,3003,1867,4314,1136,37500
BNB009,validation,0.18,38769,6048,0.1349487917531294,3003,1852,4196,1151,37618
BNB009,validation,0.19,38938,5879,0.13117790124283196,3003,1823,4056,1180,37758
BNB009,validation,0.2,39066,5751,0.12832184215810966,3003,1809,3942,1194,37872
BNB009,validation,0.21,39184,5633,0.12568891268938126,3003,1798,3835,1205,37979
BNB009,validation,0.22,39274,5543,0.12368074614543588,3003,1787,3756,1216,38058
BNB009,validation,0.23,39357,5460,0.12182877033268626,3003,1778,3682,1225,38132
BNB009,validation,0.24,39435,5382,0.1200883593279336,3003,1770,3612,1233,38202
BNB009,validation,0.25,39510,5307,0.11841488720797912,3003,1759,3548,1244,38266
BNB009,validation,0.26,39568,5249,0.11712073543521431,3003,1748,3501,1255,38313
BNB009,validation,0.27,39625,5192,0.11584889662404892,3003,1740,3452,1263,38362
BNB009,validation,0.28,39711,5106,0.1139299819265011,3003,1722,3384,1281,38430
BNB009,validation,0.29,39775,5042,0.11250195238413994,3003,1712,3330,1291,38484
BNB009,validation,0.3,39815,5002,0.11160943392016422,3003,1705,3297,1298,38517
BNB009,validation,0.31,39856,4961,0.11069460249458911,3003,1697,3264,1306,38550
BNB009,validation,0.32,39896,4921,0.10980208403061338,3003,1688,3233,1315,38581
BNB009,validation,0.33,39944,4873,0.10873106187384252,3003,1680,3193,1323,38621
BNB009,validation,0.34,40003,4814,0.10741459713947832,3003,1673,3141,1330,38673
BNB009,validation,0.35,40040,4777,0.10658901756030077,3003,1669,3108,1334,38706
BNB009,validation,0.36,40082,4735,0.10565187317312627,3003,1664,3071,1339,38743
BNB009,validation,0.37,40134,4683,0.10449159916995783,3003,1655,3028,1348,38786
BNB009,validation,0.38,40172,4645,0.10364370662918089,3003,1649,2996,1354,38818
BNB009,validation,0.39,40213,4604,0.10272887520360577,3003,1645,2959,1358,38855
BNB009,validation,0.4,40250,4567,0.10190329562442824,3003,1640,2927,1363,38887
BNB009,validation,0.41,40287,4530,0.10107771604525069,3003,1630,2900,1373,38914
BNB009,validation,0.42,40353,4464,0.09960506057969075,3003,1623,2841,1380,38973
BNB009,validation,0.43,40384,4433,0.09891335877010955,3003,1615,2818,1388,38996
BNB009,validation,0.44,40427,4390,0.09795390142133566,3003,1605,2785,1398,39029
BNB009,validation,0.45,40484,4333,0.09668206261017025,3003,1597,2736,1406,39078
BNB009,validation,0.46,40517,4300,0.09594573487739028,3003,1586,2714,1417,39100
BNB009,validation,0.47,40542,4275,0.09538791083740544,3003,1579,2696,1424,39118
BNB009,validation,0.48,40568,4249,0.09480777383582123,3003,1576,2673,1427,39141
BNB009,validation,0.49,40614,4203,0.09378137760224915,3003,1565,2638,1438,39176
BNB009,validation,0.5,40642,4175,0.09315661467746614,3003,1557,2618,1446,39196
BNB009,validation,0.51,40669,4148,0.09255416471428253,3003,1552,2596,1451,39218
BNB009,validation,0.52,40697,4120,0.09192940178949952,3003,1545,2575,1458,39239
BNB009,validation,0.53,40754,4063,0.09065756297833412,3003,1536,2527,1467,39287
BNB009,validation,0.54,40780,4037,0.09007742597674989,3003,1532,2505,1471,39309
BNB009,validation,0.55,40814,4003,0.08931878528237053,3003,1522,2481,1481,39333
BNB009,validation,0.56,40853,3964,0.0884485797799942,3003,1513,2451,1490,39363
BNB009,validation,0.57,40886,3931,0.08771225204721422,3003,1510,2421,1493,39393
BNB009,validation,0.58,40924,3893,0.08686435950643728,3003,1501,2392,1502,39422
BNB009,validation,0.59,40959,3858,0.08608340585045852,3003,1495,2363,1508,39451
BNB009,validation,0.6,40990,3827,0.08539170404087734,3003,1490,2337,1513,39477
BNB009,validation,0.61,41022,3795,0.08467768926969677,3003,1483,2312,1520,39502
BNB009,validation,0.62,41053,3764,0.08398598746011558,3003,1480,2284,1523,39530
BNB009,validation,0.63,41087,3730,0.08322734676573622,3003,1474,2256,1529,39558
BNB009,validation,0.64,41119,3698,0.08251333199455564,3003,1467,2231,1536,39583
BNB009,validation,0.65,41167,3650,0.08144230983778476,3003,1459,2191,1544,39623
BNB009,validation,0.66,41208,3609,0.08052747841220965,3003,1448,2161,1555,39653
BNB009,validation,0.67,41273,3544,0.07907713590824911,3003,1438,2106,1565,39708
BNB009,validation,0.68,41308,3509,0.07829618225227035,3003,1429,2080,1574,39734
BNB009,validation,0.69,41335,3482,0.07769373228908673,3003,1424,2058,1579,39756
BNB009,validation,0.7,41406,3411,0.07610951201552982,3003,1404,2007,1599,39807
BNB009,validation,0.71,41450,3367,0.07512774170515653,3003,1392,1975,1611,39839
BNB009,validation,0.72,41493,3324,0.07416828435638262,3003,1381,1943,1622,39871
BNB009,validation,0.73,41528,3289,0.07338733070040386,3003,1373,1916,1630,39898
BNB009,validation,0.74,41577,3240,0.0722939955820336,3003,1355,1885,1648,39929
BNB009,validation,0.75,41616,3201,0.07142379007965727,3003,1350,1851,1653,39963
BNB009,validation,0.76,41664,3153,0.0703527679228864,3003,1338,1815,1665,39999
BNB009,validation,0.77,41701,3116,0.06952718834370886,3003,1330,1786,1673,40028
BNB009,validation,0.78,41750,3067,0.0684338532253386,3003,1318,1749,1685,40065
BNB009,validation,0.79,41806,3011,0.06718432737577258,3003,1303,1708,1700,40106
BNB009,validation,0.8,41880,2937,0.0655331682174175,3003,1276,1661,1727,40153
BNB009,validation,0.81,41928,2889,0.06446214606064662,3003,1261,1628,1742,40186
BNB009,validation,0.82,41976,2841,0.06339112390387576,3003,1245,1596,1758,40218
BNB009,validation,0.83,42007,2810,0.06269942209429458,3003,1237,1573,1766,40241
BNB009,validation,0.84,42058,2759,0.06156146105272553,3003,1227,1532,1776,40282
BNB009,validation,0.85,42100,2717,0.06062431666555102,3003,1215,1502,1788,40312
BNB009,validation,0.86,42141,2676,0.0597094852399759,3003,1202,1474,1801,40340
BNB009,validation,0.87,42180,2637,0.05883927973759957,3003,1189,1448,1814,40366
BNB009,validation,0.88,42243,2574,0.05743356315683781,3003,1166,1408,1837,40406
BNB009,validation,0.89,42292,2525,0.05634022803846755,3003,1143,1382,1860,40432
BNB009,validation,0.9,42343,2474,0.0552022669968985,3003,1131,1343,1872,40471
BNB009,validation,0.91,42399,2418,0.053952741147332485,3003,1118,1300,1885,40514
BNB009,validation,0.92,42462,2355,0.05254702456657072,3003,1098,1257,1905,40557
BNB009,validation,0.93,42530,2287,0.05102974317781199,3003,1079,1208,1924,40606
BNB009,validation,0.94,42617,2200,0.04908851551866479,3003,1048,1152,1955,40662
BNB009,validation,0.95,42722,2095,0.046745654550728516,3003,1010,1085,1993,40729
BNB009,validation,0.96,42813,2004,0.04471517504518375,3003,980,1024,2023,40790
BNB009,validation,0.97,42970,1847,0.04121204007407903,3003,921,926,2082,40888
BNB009,validation,0.98,43134,1683,0.03755271437177857,3003,856,827,2147,40987
BNB009,validation,0.99,43372,1445,0.03224222951112301,3003,772,673,2231,41141
BNB010,validation,0.01,10158,34659,0.773344936073365,3003,2936,31723,67,10091
BNB010,validation,0.02,15227,29590,0.6602405337260414,3003,2882,26708,121,15106
BNB010,validation,0.03,18397,26420,0.5895084454559654,3003,2837,23583,166,18231
BNB010,validation,0.04,20606,24211,0.5402191132829061,3003,2795,21416,208,20398
BNB010,validation,0.05,22147,22670,0.5058348394582413,3003,2765,19905,238,21909
BNB010,validation,0.06,23426,21391,0.4772965615726175,3003,2737,18654,266,23160
BNB010,validation,0.07,24629,20188,0.45045406876854766,3003,2710,17478,293,24336
BNB010,validation,0.08,25432,19385,0.432536760604235,3003,2685,16700,318,25114
BNB010,validation,0.09,26072,18745,0.4182564651806234,3003,2675,16070,328,25744
BNB010,validation,0.1,26821,17996,0.40154405694267803,3003,2658,15338,345,26476
BNB010,validation,0.11,27372,17445,0.3892496151014124,3003,2636,14809,367,27005
BNB010,validation,0.12,27941,16876,0.37655353995135776,3003,2614,14262,389,27552
BNB010,validation,0.13,28430,16387,0.3656425017292545,3003,2602,13785,401,28029
BNB010,validation,0.14,29047,15770,0.351875404422429,3003,2580,13190,423,28624
BNB010,validation,0.15,29321,15496,0.3457616529441953,3003,2565,12931,438,28883
BNB010,validation,0.16,29867,14950,0.33357877591092666,3003,2546,12404,457,29410
BNB010,validation,0.17,30086,14731,0.32869223732065955,3003,2539,12192,464,29622
BNB010,validation,0.18,30444,14373,0.32070419706807685,3003,2524,11849,479,29965
BNB010,validation,0.19,30745,14072,0.3139879956266595,3003,2507,11565,496,30249
BNB010,validation,0.2,30953,13864,0.30934689961398576,3003,2499,11365,504,30449
BNB010,validation,0.21,31227,13590,0.3032331481357521,3003,2482,11108,521,30706
BNB010,validation,0.22,31470,13347,0.2978110984670995,3003,2474,10873,529,30941
BNB010,validation,0.23,31716,13101,0.2923221099136488,3003,2461,10640,542,31174
BNB010,validation,0.24,32103,12714,0.2836869937746837,3003,2439,10275,564,31539
BNB010,validation,0.25,32353,12464,0.2781087533748354,3003,2424,10040,579,31774
BNB010,validation,0.26,32550,12267,0.273713099939755,3003,2410,9857,593,31957
BNB010,validation,0.27,32669,12148,0.27105785750942724,3003,2403,9745,600,32069
BNB010,validation,0.28,32882,11935,0.2663051966887565,3003,2388,9547,615,32267
BNB010,validation,0.29,33030,11787,0.26300287837204633,3003,2379,9408,624,32406
BNB010,validation,0.3,33260,11557,0.25787089720418593,3003,2358,9199,645,32615
BNB010,validation,0.31,33503,11314,0.25244884753553337,3003,2334,8980,669,32834
BNB010,validation,0.32,33657,11160,0.24901265144922685,3003,2320,8840,683,32974
BNB010,validation,0.33,33809,11008,0.24562108128611912,3003,2311,8697,692,33117
BNB010,validation,0.34,33928,10889,0.24296583885579132,3003,2301,8588,702,33226
BNB010,validation,0.35,34106,10711,0.23899413169109937,3003,2290,8421,713,33393
BNB010,validation,0.36,34221,10596,0.23642814110716914,3003,2285,8311,718,33503
BNB010,validation,0.37,34438,10379,0.23158622844010085,3003,2272,8107,731,33707
BNB010,validation,0.38,34515,10302,0.2298681303969476,3003,2265,8037,738,33777
BNB010,validation,0.39,34687,10130,0.22603030100185198,3003,2243,7887,760,33927
BNB010,validation,0.4,34857,9960,0.22223709752995516,3003,2229,7731,774,34083
BNB010,validation,0.41,34962,9855,0.21989423656201887,3003,2217,7638,786,34176
BNB010,validation,0.42,35147,9670,0.21576633866613115,3003,2203,7467,800,34347
BNB010,validation,0.43,35241,9576,0.2136689202757882,3003,2194,7382,809,34432
BNB010,validation,0.44,35318,9499,0.21195082223263495,3003,2191,7308,812,34506
BNB010,validation,0.45,35470,9347,0.2085592520695272,3003,2175,7172,828,34642
BNB010,validation,0.46,35563,9254,0.20648414664078363,3003,2163,7091,840,34723
BNB010,validation,0.47,35698,9119,0.20347189682486558,3003,2153,6966,850,34848
BNB010,validation,0.48,35862,8955,0.1998125711225651,3003,2137,6818,866,34996
BNB010,validation,0.49,35929,8888,0.19831760269540577,3003,2128,6760,875,35054
BNB010,validation,0.5,36003,8814,0.19666644353705068,3003,2127,6687,876,35127
BNB010,validation,0.51,36121,8696,0.19403351406832228,3003,2112,6584,891,35230
BNB010,validation,0.52,36243,8574,0.19131133275319634,3003,2103,6471,900,35343
BNB010,validation,0.53,36337,8480,0.18921391436285337,3003,2097,6383,906,35431
BNB010,validation,0.54,36462,8355,0.18642479416292926,3003,2086,6269,917,35545
BNB010,validation,0.55,36574,8243,0.18392574246379723,3003,2076,6167,927,35647
BNB010,validation,0.56,36639,8178,0.18247539995983666,3003,2065,6113,938,35701
BNB010,validation,0.57,36778,8039,0.17937389829752104,3003,2053,5986,950,35828
BNB010,validation,0.58,36857,7960,0.17761117433116896,3003,2044,5916,959,35898
BNB010,validation,0.59,36927,7890,0.17604926701921145,3003,2040,5850,963,35964
BNB010,validation,0.6,37068,7749,0.17290313943369703,3003,2028,5721,975,36093
BNB010,validation,0.61,37184,7633,0.17031483588816743,3003,2022,5611,981,36203
BNB010,validation,0.62,37340,7477,0.16683401387866212,3003,2004,5473,999,36341
BNB010,validation,0.63,37398,7419,0.16553986210589733,3003,1997,5422,1006,36392
BNB010,validation,0.64,37529,7288,0.16261686413637683,3003,1984,5304,1019,36510
BNB010,validation,0.65,37852,6965,0.15540977753977286,3003,1963,5002,1040,36812
BNB010,validation,0.66,37931,6886,0.1536470535734208,3003,1958,4928,1045,36886
BNB010,validation,0.67,38000,6817,0.15210745922306268,3003,1948,4869,1055,36945
BNB010,validation,0.68,38073,6744,0.150478613026307,3003,1941,4803,1062,37011
BNB010,validation,0.69,38178,6639,0.1481357520583707,3003,1931,4708,1072,37106
BNB010,validation,0.7,38247,6570,0.1465961577080126,3003,1925,4645,1078,37169
BNB010,validation,0.71,38332,6485,0.14469955597206416,3003,1912,4573,1091,37241
BNB010,validation,0.72,38448,6369,0.14211125242653458,3003,1896,4473,1107,37341
BNB010,validation,0.73,38541,6276,0.14003614699779102,3003,1881,4395,1122,37419
BNB010,validation,0.74,38633,6184,0.13798335453064686,3003,1868,4316,1135,37498
BNB010,validation,0.75,38727,6090,0.1358859361403039,3003,1855,4235,1148,37579
BNB010,validation,0.76,38885,5932,0.1323604882075998,3003,1832,4100,1171,37714
BNB010,validation,0.77,39002,5815,0.1297498717004708,3003,1818,3997,1185,37817
BNB010,validation,0.78,39102,5715,0.1275185755405315,3003,1805,3910,1198,37904
BNB010,validation,0.79,39200,5617,0.12533190530379099,3003,1796,3821,1207,37993
BNB010,validation,0.8,39326,5491,0.12252047214226744,3003,1780,3711,1223,38103
BNB010,validation,0.81,39397,5420,0.12093625186871053,3003,1775,3645,1228,38169
BNB010,validation,0.82,39482,5335,0.11903965013276212,3003,1764,3571,1239,38243
BNB010,validation,0.83,39562,5255,0.11725461320481068,3003,1750,3505,1253,38309
BNB010,validation,0.84,39654,5163,0.11520182073766651,3003,1736,3427,1267,38387
BNB010,validation,0.85,39766,5051,0.11270276903853449,3003,1715,3336,1288,38478
BNB010,validation,0.86,39847,4970,0.11089541914898364,3003,1698,3272,1305,38542
BNB010,validation,0.87,39923,4894,0.10919963406742977,3003,1683,3211,1320,38603
BNB010,validation,0.88,40017,4800,0.10710221567708682,3003,1671,3129,1332,38685
BNB010,validation,0.89,40120,4697,0.10480398063234933,3003,1656,3041,1347,38773
BNB010,validation,0.9,40218,4599,0.10261731039560881,3003,1644,2955,1359,38859
BNB010,validation,0.91,40354,4463,0.09958274761809136,3003,1622,2841,1381,38973
BNB010,validation,0.92,40487,4330,0.09661512372537207,3003,1597,2733,1406,39081
BNB010,validation,0.93,40611,4206,0.09384831648704732,3003,1565,2641,1438,39173
BNB010,validation,0.94,40748,4069,0.09079144074793047,3003,1536,2533,1467,39281
BNB010,validation,0.95,40906,3911,0.08726599281522636,3003,1504,2407,1499,39407
BNB010,validation,0.96,41094,3723,0.08307115603454046,3003,1473,2250,1530,39564
BNB010,validation,0.97,41403,3414,0.076176450900328,3003,1404,2010,1599,39804
BNB010,validation,0.98,41745,3072,0.06854541803333557,3003,1318,1754,1685,40060
BNB010,validation,0.99,42218,2599,0.05799138719682263,3003,1176,1423,1827,40391
BNB011,validation,0.01,28092,16725,0.3731842827498494,3003,2612,14113,391,27701
BNB011,validation,0.02,31519,13298,0.2967177633487293,3003,2469,10829,534,30985
BNB011,validation,0.03,33267,11550,0.25771470647299016,3003,2358,9192,645,32622
BNB011,validation,0.04,34338,10479,0.23381752460004016,3003,2273,8206,730,33608
BNB011,validation,0.05,35185,9632,0.2149184461253542,3003,2199,7433,804,34381
BNB011,validation,0.06,35737,9080,0.20260169132248923,3003,2150,6930,853,34884
BNB011,validation,0.07,36154,8663,0.19329718633554233,3003,2109,6554,894,35260
BNB011,validation,0.08,36541,8276,0.18466207019657718,3003,2079,6197,924,35617
BNB011,validation,0.09,36850,7967,0.17776736506236474,3003,2045,5922,958,35892
BNB011,validation,0.1,37143,7674,0.17122966731374256,3003,2026,5648,977,36166
BNB011,validation,0.11,37434,7383,0.16473659548831918,3003,1994,5389,1009,36425
BNB011,validation,0.12,37892,6925,0.15451725907579714,3003,1960,4965,1043,36849
BNB011,validation,0.13,38023,6794,0.15159426110627663,3003,1948,4846,1055,36968
BNB011,validation,0.14,38213,6604,0.14735479840239196,3003,1929,4675,1074,37139
BNB011,validation,0.15,38339,6478,0.14454336524086842,3003,1912,4566,1091,37248
BNB011,validation,0.16,38489,6328,0.14119642100095947,3003,1888,4440,1115,37374
BNB011,validation,0.17,38636,6181,0.13791641564584867,3003,1867,4314,1136,37500
BNB011,validation,0.18,38770,6047,0.13492647879153,3003,1852,4195,1151,37619
BNB011,validation,0.19,38939,5878,0.13115558828123255,3003,1823,4055,1180,37759
BNB011,validation,0.2,39065,5752,0.12834415511970904,3003,1809,3943,1194,37871
BNB011,validation,0.21,39184,5633,0.12568891268938126,3003,1798,3835,1205,37979
BNB011,validation,0.22,39274,5543,0.12368074614543588,3003,1787,3756,1216,38058
BNB011,validation,0.23,39357,5460,0.12182877033268626,3003,1778,3682,1225,38132
BNB011,validation,0.24,39435,5382,0.1200883593279336,3003,1770,3612,1233,38202
BNB011,validation,0.25,39509,5308,0.11843720016957851,3003,1760,3548,1243,38266
BNB011,validation,0.26,39567,5250,0.1171430483968137,3003,1748,3502,1255,38312
BNB011,validation,0.27,39625,5192,0.11584889662404892,3003,1740,3452,1263,38362
BNB011,validation,0.28,39711,5106,0.1139299819265011,3003,1722,3384,1281,38430
BNB011,validation,0.29,39774,5043,0.11252426534573934,3003,1712,3331,1291,38483
BNB011,validation,0.3,39819,4998,0.11152018207376665,3003,1704,3294,1299,38520
BNB011,validation,0.31,39858,4959,0.11064997657139032,3003,1697,3262,1306,38552
BNB011,validation,0.32,39896,4921,0.10980208403061338,3003,1688,3233,1315,38581
BNB011,validation,0.33,39944,4873,0.10873106187384252,3003,1680,3193,1323,38621
BNB011,validation,0.34,40002,4815,0.10743691010107771,3003,1674,3141,1329,38673
BNB011,validation,0.35,40040,4777,0.10658901756030077,3003,1669,3108,1334,38706
BNB011,validation,0.36,40082,4735,0.10565187317312627,3003,1664,3071,1339,38743
BNB011,validation,0.37,40134,4683,0.10449159916995783,3003,1655,3028,1348,38786
BNB011,validation,0.38,40172,4645,0.10364370662918089,3003,1649,2996,1354,38818
BNB011,validation,0.39,40213,4604,0.10272887520360577,3003,1645,2959,1358,38855
BNB011,validation,0.4,40249,4568,0.10192560858602763,3003,1641,2927,1362,38887
BNB011,validation,0.41,40287,4530,0.10107771604525069,3003,1630,2900,1373,38914
BNB011,validation,0.42,40354,4463,0.09958274761809136,3003,1622,2841,1381,38973
BNB011,validation,0.43,40386,4431,0.09886873284691076,3003,1615,2816,1388,38998
BNB011,validation,0.44,40429,4388,0.09790927549813687,3003,1605,2783,1398,39031
BNB011,validation,0.45,40485,4332,0.09665974964857085,3003,1597,2735,1406,39079
BNB011,validation,0.46,40517,4300,0.09594573487739028,3003,1586,2714,1417,39100
BNB011,validation,0.47,40542,4275,0.09538791083740544,3003,1579,2696,1424,39118
BNB011,validation,0.48,40567,4250,0.09483008679742062,3003,1576,2674,1427,39140
BNB011,validation,0.49,40614,4203,0.09378137760224915,3003,1565,2638,1438,39176
BNB011,validation,0.5,40642,4175,0.09315661467746614,3003,1557,2618,1446,39196
BNB011,validation,0.51,40670,4147,0.09253185175268314,3003,1550,2597,1453,39217
BNB011,validation,0.52,40698,4119,0.09190708882790012,3003,1545,2574,1458,39240
BNB011,validation,0.53,40754,4063,0.09065756297833412,3003,1536,2527,1467,39287
BNB011,validation,0.54,40780,4037,0.09007742597674989,3003,1532,2505,1471,39309
BNB011,validation,0.55,40815,4002,0.08929647232077113,3003,1522,2480,1481,39334
BNB011,validation,0.56,40853,3964,0.0884485797799942,3003,1513,2451,1490,39363
BNB011,validation,0.57,40887,3930,0.08768993908561483,3003,1510,2420,1493,39394
BNB011,validation,0.58,40925,3892,0.0868420465448379,3003,1500,2392,1503,39422
BNB011,validation,0.59,40960,3857,0.08606109288885914,3003,1495,2362,1508,39452
BNB011,validation,0.6,40994,3823,0.08530245219447977,3003,1490,2333,1513,39481
BNB011,validation,0.61,41024,3793,0.08463306334649798,3003,1483,2310,1520,39504
BNB011,validation,0.62,41053,3764,0.08398598746011558,3003,1480,2284,1523,39530
BNB011,validation,0.63,41087,3730,0.08322734676573622,3003,1474,2256,1529,39558
BNB011,validation,0.64,41120,3697,0.08249101903295625,3003,1466,2231,1537,39583
BNB011,validation,0.65,41168,3649,0.08141999687618538,3003,1459,2190,1544,39624
BNB011,validation,0.66,41211,3606,0.08046053952741147,3003,1449,2157,1554,39657
BNB011,validation,0.67,41273,3544,0.07907713590824911,3003,1438,2106,1565,39708
BNB011,validation,0.68,41308,3509,0.07829618225227035,3003,1429,2080,1574,39734
BNB011,validation,0.69,41336,3481,0.07767141932748733,3003,1423,2058,1580,39756
BNB011,validation,0.7,41407,3410,0.07608719905393042,3003,1404,2006,1599,39808
BNB011,validation,0.71,41456,3361,0.07499386393556016,3003,1389,1972,1614,39842
BNB011,validation,0.72,41493,3324,0.07416828435638262,3003,1382,1942,1621,39872
BNB011,validation,0.73,41529,3288,0.07336501773880447,3003,1373,1915,1630,39899
BNB011,validation,0.74,41577,3240,0.0722939955820336,3003,1355,1885,1648,39929
BNB011,validation,0.75,41616,3201,0.07142379007965727,3003,1350,1851,1653,39963
BNB011,validation,0.76,41664,3153,0.0703527679228864,3003,1338,1815,1665,39999
BNB011,validation,0.77,41703,3114,0.06948256242051007,3003,1330,1784,1673,40030
BNB011,validation,0.78,41752,3065,0.06838922730213981,3003,1317,1748,1686,40066
BNB011,validation,0.79,41806,3011,0.06718432737577258,3003,1303,1708,1700,40106
BNB011,validation,0.8,41879,2938,0.0655554811790169,3003,1276,1662,1727,40152
BNB011,validation,0.81,41928,2889,0.06446214606064662,3003,1261,1628,1742,40186
BNB011,validation,0.82,41976,2841,0.06339112390387576,3003,1245,1596,1758,40218
BNB011,validation,0.83,42009,2808,0.06265479617109579,3003,1236,1572,1767,40242
BNB011,validation,0.84,42059,2758,0.061539148091126136,3003,1226,1532,1777,40282
BNB011,validation,0.85,42101,2716,0.06060200370395163,3003,1215,1501,1788,40313
BNB011,validation,0.86,42141,2676,0.0597094852399759,3003,1202,1474,1801,40340
BNB011,validation,0.87,42180,2637,0.05883927973759957,3003,1189,1448,1814,40366
BNB011,validation,0.88,42242,2575,0.0574558761184372,3003,1166,1409,1837,40405
BNB011,validation,0.89,42294,2523,0.05629560211526876,3003,1142,1381,1861,40433
BNB011,validation,0.9,42343,2474,0.0552022669968985,3003,1131,1343,1872,40471
BNB011,validation,0.91,42399,2418,0.053952741147332485,3003,1118,1300,1885,40514
BNB011,validation,0.92,42463,2354,0.052524711604971325,3003,1098,1256,1905,40558
BNB011,validation,0.93,42530,2287,0.05102974317781199,3003,1079,1208,1924,40606
BNB011,validation,0.94,42617,2200,0.04908851551866479,3003,1048,1152,1955,40662
BNB011,validation,0.95,42722,2095,0.046745654550728516,3003,1010,1085,1993,40729
BNB011,validation,0.96,42813,2004,0.04471517504518375,3003,980,1024,2023,40790
BNB011,validation,0.97,42970,1847,0.04121204007407903,3003,921,926,2082,40888
BNB011,validation,0.98,43134,1683,0.03755271437177857,3003,856,827,2147,40987
BNB011,validation,0.99,43372,1445,0.03224222951112301,3003,772,673,2231,41141
BNB012,validation,0.01,10149,34668,0.7735457527277596,3003,2936,31732,67,10082
BNB012,validation,0.02,15227,29590,0.6602405337260414,3003,2882,26708,121,15106
BNB012,validation,0.03,18395,26422,0.5895530713791641,3003,2837,23585,166,18229
BNB012,validation,0.04,20606,24211,0.5402191132829061,3003,2795,21416,208,20398
BNB012,validation,0.05,22147,22670,0.5058348394582413,3003,2765,19905,238,21909
BNB012,validation,0.06,23426,21391,0.4772965615726175,3003,2737,18654,266,23160
BNB012,validation,0.07,24632,20185,0.45038712988374946,3003,2710,17475,293,24339
BNB012,validation,0.08,25432,19385,0.432536760604235,3003,2685,16700,318,25114
BNB012,validation,0.09,26071,18746,0.4182787781422228,3003,2675,16071,328,25743
BNB012,validation,0.1,26821,17996,0.40154405694267803,3003,2658,15338,345,26476
BNB012,validation,0.11,27368,17449,0.38933886694781,3003,2636,14813,367,27001
BNB012,validation,0.12,27941,16876,0.37655353995135776,3003,2614,14262,389,27552
BNB012,validation,0.13,28430,16387,0.3656425017292545,3003,2602,13785,401,28029
BNB012,validation,0.14,29047,15770,0.351875404422429,3003,2580,13190,423,28624
BNB012,validation,0.15,29347,15470,0.34518151594261104,3003,2565,12905,438,28909
BNB012,validation,0.16,29865,14952,0.3336234018341254,3003,2546,12406,457,29408
BNB012,validation,0.17,30086,14731,0.32869223732065955,3003,2539,12192,464,29622
BNB012,validation,0.18,30444,14373,0.32070419706807685,3003,2524,11849,479,29965
BNB012,validation,0.19,30745,14072,0.3139879956266595,3003,2507,11565,496,30249
BNB012,validation,0.2,30964,13853,0.3091014570363924,3003,2496,11357,507,30457
BNB012,validation,0.21,31227,13590,0.3032331481357521,3003,2482,11108,521,30706
BNB012,validation,0.22,31470,13347,0.2978110984670995,3003,2474,10873,529,30941
BNB012,validation,0.23,31716,13101,0.2923221099136488,3003,2461,10640,542,31174
BNB012,validation,0.24,32129,12688,0.2831068567730995,3003,2438,10250,565,31564
BNB012,validation,0.25,32353,12464,0.2781087533748354,3003,2424,10040,579,31774
BNB012,validation,0.26,32550,12267,0.273713099939755,3003,2410,9857,593,31957
BNB012,validation,0.27,32667,12150,0.271102483432626,3003,2404,9746,599,32068
BNB012,validation,0.28,32882,11935,0.2663051966887565,3003,2388,9547,615,32267
BNB012,validation,0.29,33042,11775,0.2627351228328536,3003,2378,9397,625,32417
BNB012,validation,0.3,33259,11558,0.2578932101657853,3003,2358,9200,645,32614
BNB012,validation,0.31,33501,11316,0.2524934734587322,3003,2334,8982,669,32832
BNB012,validation,0.32,33670,11147,0.24872258294843475,3003,2320,8827,683,32987
BNB012,validation,0.33,33809,11008,0.24562108128611912,3003,2311,8697,692,33117
BNB012,validation,0.34,33930,10887,0.24292121293259256,3003,2301,8586,702,33228
BNB012,validation,0.35,34106,10711,0.23899413169109937,3003,2290,8421,713,33393
BNB012,validation,0.36,34221,10596,0.23642814110716914,3003,2285,8311,718,33503
BNB012,validation,0.37,34450,10367,0.23131847290090815,3003,2271,8096,732,33718
BNB012,validation,0.38,34524,10293,0.22966731374255306,3003,2263,8030,740,33784
BNB012,validation,0.39,34686,10131,0.22605261396345136,3003,2243,7888,760,33926
BNB012,validation,0.4,34857,9960,0.22223709752995516,3003,2229,7731,774,34083
BNB012,validation,0.41,34967,9850,0.2197826717540219,3003,2216,7634,787,34180
BNB012,validation,0.42,35147,9670,0.21576633866613115,3003,2203,7467,800,34347
BNB012,validation,0.43,35242,9575,0.2136466073141888,3003,2194,7381,809,34433
BNB012,validation,0.44,35318,9499,0.21195082223263495,3003,2191,7308,812,34506
BNB012,validation,0.45,35469,9348,0.20858156503112657,3003,2175,7173,828,34641
BNB012,validation,0.46,35564,9253,0.20646183367918425,3003,2163,7090,840,34724
BNB012,validation,0.47,35698,9119,0.20347189682486558,3003,2153,6966,850,34848
BNB012,validation,0.48,35862,8955,0.1998125711225651,3003,2137,6818,866,34996
BNB012,validation,0.49,35929,8888,0.19831760269540577,3003,2128,6760,875,35054
BNB012,validation,0.5,36002,8815,0.19668875649865006,3003,2127,6688,876,35126
BNB012,validation,0.51,36121,8696,0.19403351406832228,3003,2112,6584,891,35230
BNB012,validation,0.52,36243,8574,0.19131133275319634,3003,2103,6471,900,35343
BNB012,validation,0.53,36337,8480,0.18921391436285337,3003,2097,6383,906,35431
BNB012,validation,0.54,36462,8355,0.18642479416292926,3003,2086,6269,917,35545
BNB012,validation,0.55,36579,8238,0.18381417765580024,3003,2074,6164,929,35650
BNB012,validation,0.56,36640,8177,0.18245308699823728,3003,2065,6112,938,35702
BNB012,validation,0.57,36778,8039,0.17937389829752104,3003,2053,5986,950,35828
BNB012,validation,0.58,36857,7960,0.17761117433116896,3003,2044,5916,959,35898
BNB012,validation,0.59,36931,7886,0.1759600151728139,3003,2039,5847,964,35967
BNB012,validation,0.6,37074,7743,0.17276926166410067,3003,2028,5715,975,36099
BNB012,validation,0.61,37183,7634,0.17033714884976683,3003,2022,5612,981,36202
BNB012,validation,0.62,37338,7479,0.1668786398018609,3003,2004,5475,999,36339
BNB012,validation,0.63,37398,7419,0.16553986210589733,3003,1997,5422,1006,36392
BNB012,validation,0.64,37528,7289,0.1626391770979762,3003,1985,5304,1018,36510
BNB012,validation,0.65,37852,6965,0.15540977753977286,3003,1963,5002,1040,36812
BNB012,validation,0.66,37945,6872,0.1533346721110293,3003,1956,4916,1047,36898
BNB012,validation,0.67,38000,6817,0.15210745922306268,3003,1948,4869,1055,36945
BNB012,validation,0.68,38073,6744,0.150478613026307,3003,1941,4803,1062,37011
BNB012,validation,0.69,38178,6639,0.1481357520583707,3003,1931,4708,1072,37106
BNB012,validation,0.7,38246,6571,0.14661847066961198,3003,1925,4646,1078,37168
BNB012,validation,0.71,38332,6485,0.14469955597206416,3003,1912,4573,1091,37241
BNB012,validation,0.72,38448,6369,0.14211125242653458,3003,1896,4473,1107,37341
BNB012,validation,0.73,38552,6265,0.1397907044201977,3003,1879,4386,1124,37428
BNB012,validation,0.74,38633,6184,0.13798335453064686,3003,1868,4316,1135,37498
BNB012,validation,0.75,38727,6090,0.1358859361403039,3003,1855,4235,1148,37579
BNB012,validation,0.76,38885,5932,0.1323604882075998,3003,1832,4100,1171,37714
BNB012,validation,0.77,39002,5815,0.1297498717004708,3003,1818,3997,1185,37817
BNB012,validation,0.78,39109,5708,0.12736238480933573,3003,1804,3904,1199,37910
BNB012,validation,0.79,39200,5617,0.12533190530379099,3003,1796,3821,1207,37993
BNB012,validation,0.8,39326,5491,0.12252047214226744,3003,1780,3711,1223,38103
BNB012,validation,0.81,39397,5420,0.12093625186871053,3003,1775,3645,1228,38169
BNB012,validation,0.82,39482,5335,0.11903965013276212,3003,1764,3571,1239,38243
BNB012,validation,0.83,39565,5252,0.1171876743200125,3003,1748,3504,1255,38310
BNB012,validation,0.84,39654,5163,0.11520182073766651,3003,1736,3427,1267,38387
BNB012,validation,0.85,39767,5050,0.1126804560769351,3003,1715,3335,1288,38479
BNB012,validation,0.86,39847,4970,0.11089541914898364,3003,1698,3272,1305,38542
BNB012,validation,0.87,39923,4894,0.10919963406742977,3003,1683,3211,1320,38603
BNB012,validation,0.88,40017,4800,0.10710221567708682,3003,1671,3129,1332,38685
BNB012,validation,0.89,40121,4696,0.10478166767074994,3003,1656,3040,1347,38774
BNB012,validation,0.9,40218,4599,0.10261731039560881,3003,1644,2955,1359,38859
BNB012,validation,0.91,40355,4462,0.09956043465649196,3003,1622,2840,1381,38974
BNB012,validation,0.92,40491,4326,0.09652587187897449,3003,1596,2730,1407,39084
BNB012,validation,0.93,40611,4206,0.09384831648704732,3003,1565,2641,1438,39173
BNB012,validation,0.94,40748,4069,0.09079144074793047,3003,1536,2533,1467,39281
BNB012,validation,0.95,40907,3910,0.08724367985362697,3003,1504,2406,1499,39408
BNB012,validation,0.96,41095,3722,0.08304884307294107,3003,1473,2249,1530,39565
BNB012,validation,0.97,41403,3414,0.076176450900328,3003,1404,2010,1599,39804
BNB012,validation,0.98,41745,3072,0.06854541803333557,3003,1318,1754,1685,40060
BNB012,validation,0.99,42219,2598,0.05796907423522324,3003,1176,1422,1827,40392
BNB013,validation,0.01,28092,16725,0.3731842827498494,3003,2612,14113,391,27701
BNB013,validation,0.02,31523,13294,0.2966285115023317,3003,2469,10825,534,30989
BNB013,validation,0.03,33274,11543,0.2575585157417944,3003,2358,9185,645,32629
BNB013,validation,0.04,34408,10409,0.23225561728808264,3003,2272,8137,731,33677
BNB013,validation,0.05,35183,9634,0.214963072048553,3003,2199,7435,804,34379
BNB013,validation,0.06,35736,9081,0.20262400428408864,3003,2150,6931,853,34883
BNB013,validation,0.07,36156,8661,0.19325256041234354,3003,2109,6552,894,35262
BNB013,validation,0.08,36555,8262,0.1843496887341857,3003,2077,6185,926,35629
BNB013,validation,0.09,36854,7963,0.17767811321596716,3003,2044,5919,959,35895
BNB013,validation,0.1,37146,7671,0.17116272842894437,3003,2026,5645,977,36169
BNB013,validation,0.11,37435,7382,0.16471428252671977,3003,1994,5388,1009,36426
BNB013,validation,0.12,37891,6926,0.15453957203739652,3003,1960,4966,1043,36848
BNB013,validation,0.13,38023,6794,0.15159426110627663,3003,1948,4846,1055,36968
BNB013,validation,0.14,38213,6604,0.14735479840239196,3003,1929,4675,1074,37139
BNB013,validation,0.15,38337,6480,0.1445879911640672,3003,1912,4568,1091,37246
BNB013,validation,0.16,38489,6328,0.14119642100095947,3003,1888,4440,1115,37374
BNB013,validation,0.17,38637,6180,0.1378941026842493,3003,1867,4313,1136,37501
BNB013,validation,0.18,38769,6048,0.1349487917531294,3003,1852,4196,1151,37618
BNB013,validation,0.19,38940,5877,0.13113327531963317,3003,1823,4054,1180,37760
BNB013,validation,0.2,39065,5752,0.12834415511970904,3003,1809,3943,1194,37871
BNB013,validation,0.21,39185,5632,0.12566659972778188,3003,1798,3834,1205,37980
BNB013,validation,0.22,39272,5545,0.12372537206863467,3003,1788,3757,1215,38057
BNB013,validation,0.23,39356,5461,0.12185108329428565,3003,1778,3683,1225,38131
BNB013,validation,0.24,39439,5378,0.11999910748153603,3003,1768,3610,1235,38204
BNB013,validation,0.25,39510,5307,0.11841488720797912,3003,1759,3548,1244,38266
BNB013,validation,0.26,39566,5251,0.1171653613584131,3003,1748,3503,1255,38311
BNB013,validation,0.27,39627,5190,0.11580427070085013,3003,1740,3450,1263,38364
BNB013,validation,0.28,39712,5105,0.11390766896490172,3003,1721,3384,1282,38430
BNB013,validation,0.29,39774,5043,0.11252426534573934,3003,1712,3331,1291,38483
BNB013,validation,0.3,39820,4997,0.11149786911216726,3003,1704,3293,1299,38521
BNB013,validation,0.31,39857,4960,0.11067228953298971,3003,1698,3262,1305,38552
BNB013,validation,0.32,39902,4915,0.10966820626101703,3003,1688,3227,1315,38587
BNB013,validation,0.33,39944,4873,0.10873106187384252,3003,1680,3193,1323,38621
BNB013,validation,0.34,40001,4816,0.1074592230626771,3003,1674,3142,1329,38672
BNB013,validation,0.35,40042,4775,0.106544391637102,3003,1667,3108,1336,38706
BNB013,validation,0.36,40082,4735,0.10565187317312627,3003,1664,3071,1339,38743
BNB013,validation,0.37,40136,4681,0.10444697324675904,3003,1655,3026,1348,38788
BNB013,validation,0.38,40172,4645,0.10364370662918089,3003,1649,2996,1354,38818
BNB013,validation,0.39,40214,4603,0.10270656224200639,3003,1644,2959,1359,38855
BNB013,validation,0.4,40250,4567,0.10190329562442824,3003,1641,2926,1362,38888
BNB013,validation,0.41,40287,4530,0.10107771604525069,3003,1630,2900,1373,38914
BNB013,validation,0.42,40354,4463,0.09958274761809136,3003,1622,2841,1381,38973
BNB013,validation,0.43,40386,4431,0.09886873284691076,3003,1615,2816,1388,38998
BNB013,validation,0.44,40431,4386,0.09786464957493808,3003,1605,2781,1398,39033
BNB013,validation,0.45,40484,4333,0.09668206261017025,3003,1597,2736,1406,39078
BNB013,validation,0.46,40516,4301,0.09596804783898967,3003,1586,2715,1417,39099
BNB013,validation,0.47,40543,4274,0.09536559787580605,3003,1579,2695,1424,39119
BNB013,validation,0.48,40567,4250,0.09483008679742062,3003,1576,2674,1427,39140
BNB013,validation,0.49,40616,4201,0.09373675167905036,3003,1565,2636,1438,39178
BNB013,validation,0.5,40642,4175,0.09315661467746614,3003,1557,2618,1446,39196
BNB013,validation,0.51,40678,4139,0.09235334805988799,3003,1549,2590,1454,39224
BNB013,validation,0.52,40712,4105,0.09159470736550862,3003,1543,2562,1460,39252
BNB013,validation,0.53,40754,4063,0.09065756297833412,3003,1536,2527,1467,39287
BNB013,validation,0.54,40780,4037,0.09007742597674989,3003,1532,2505,1471,39309
BNB013,validation,0.55,40816,4001,0.08927415935917174,3003,1522,2479,1481,39335
BNB013,validation,0.56,40853,3964,0.0884485797799942,3003,1513,2451,1490,39363
BNB013,validation,0.57,40889,3928,0.08764531316241604,3003,1509,2419,1494,39395
BNB013,validation,0.58,40927,3890,0.08679742062163912,3003,1500,2390,1503,39424
BNB013,validation,0.59,40959,3858,0.08608340585045852,3003,1495,2363,1508,39451
BNB013,validation,0.6,40995,3822,0.08528013923288039,3003,1490,2332,1513,39482
BNB013,validation,0.61,41024,3793,0.08463306334649798,3003,1483,2310,1520,39504
BNB013,validation,0.62,41054,3763,0.08396367449851619,3003,1480,2283,1523,39531
BNB013,validation,0.63,41087,3730,0.08322734676573622,3003,1474,2256,1529,39558
BNB013,validation,0.64,41122,3695,0.08244639310975746,3003,1466,2229,1537,39585
BNB013,validation,0.65,41168,3649,0.08141999687618538,3003,1459,2190,1544,39624
BNB013,validation,0.66,41212,3605,0.08043822656581208,3003,1449,2156,1554,39658
BNB013,validation,0.67,41273,3544,0.07907713590824911,3003,1438,2106,1565,39708
BNB013,validation,0.68,41309,3508,0.07827386929067096,3003,1428,2080,1575,39734
BNB013,validation,0.69,41336,3481,0.07767141932748733,3003,1423,2058,1580,39756
BNB013,validation,0.7,41407,3410,0.07608719905393042,3003,1404,2006,1599,39808
BNB013,validation,0.71,41456,3361,0.07499386393556016,3003,1389,1972,1614,39842
BNB013,validation,0.72,41493,3324,0.07416828435638262,3003,1382,1942,1621,39872
BNB013,validation,0.73,41534,3283,0.07325345293080751,3003,1372,1911,1631,39903
BNB013,validation,0.74,41578,3239,0.07227168262043421,3003,1355,1884,1648,39930
BNB013,validation,0.75,41616,3201,0.07142379007965727,3003,1350,1851,1653,39963
BNB013,validation,0.76,41664,3153,0.0703527679228864,3003,1338,1815,1665,39999
BNB013,validation,0.77,41703,3114,0.06948256242051007,3003,1330,1784,1673,40030
BNB013,validation,0.78,41752,3065,0.06838922730213981,3003,1317,1748,1686,40066
BNB013,validation,0.79,41806,3011,0.06718432737577258,3003,1303,1708,1700,40106
BNB013,validation,0.8,41879,2938,0.0655554811790169,3003,1276,1662,1727,40152
BNB013,validation,0.81,41928,2889,0.06446214606064662,3003,1261,1628,1742,40186
BNB013,validation,0.82,41976,2841,0.06339112390387576,3003,1245,1596,1758,40218
BNB013,validation,0.83,42008,2809,0.06267710913269518,3003,1236,1573,1767,40241
BNB013,validation,0.84,42060,2757,0.06151683512952674,3003,1226,1531,1777,40283
BNB013,validation,0.85,42101,2716,0.06060200370395163,3003,1216,1500,1787,40314
BNB013,validation,0.86,42139,2678,0.05975411116317469,3003,1202,1476,1801,40338
BNB013,validation,0.87,42180,2637,0.05883927973759957,3003,1189,1448,1814,40366
BNB013,validation,0.88,42245,2572,0.05738893723363902,3003,1165,1407,1838,40407
BNB013,validation,0.89,42294,2523,0.05629560211526876,3003,1142,1381,1861,40433
BNB013,validation,0.9,42344,2473,0.05517995403529911,3003,1131,1342,1872,40472
BNB013,validation,0.91,42400,2417,0.05393042818573309,3003,1117,1300,1886,40514
BNB013,validation,0.92,42463,2354,0.052524711604971325,3003,1098,1256,1905,40558
BNB013,validation,0.93,42532,2285,0.0509851172546132,3003,1078,1207,1925,40607
BNB013,validation,0.94,42617,2200,0.04908851551866479,3003,1048,1152,1955,40662
BNB013,validation,0.95,42722,2095,0.046745654550728516,3003,1010,1085,1993,40729
BNB013,validation,0.96,42816,2001,0.04464823616038557,3003,979,1022,2024,40792
BNB013,validation,0.97,42969,1848,0.04123435303567843,3003,921,927,2082,40887
BNB013,validation,0.98,43134,1683,0.03755271437177857,3003,856,827,2147,40987
BNB013,validation,0.99,43373,1444,0.032219916549523615,3003,772,672,2231,41142
BNB014,validation,0.01,10148,34669,0.773568065689359,3003,2936,31733,67,10081
BNB014,validation,0.02,15224,29593,0.6603074726108397,3003,2882,26711,121,15103
BNB014,validation,0.03,18391,26426,0.5896423232255618,3003,2837,23589,166,18225
BNB014,validation,0.04,20594,24223,0.5404868688220987,3003,2795,21428,208,20386
BNB014,validation,0.05,22147,22670,0.5058348394582413,3003,2765,19905,238,21909
BNB014,validation,0.06,23426,21391,0.4772965615726175,3003,2737,18654,266,23160
BNB014,validation,0.07,24596,20221,0.45119039650132764,3003,2710,17511,293,24303
BNB014,validation,0.08,25429,19388,0.43260369948903316,3003,2685,16703,318,25111
BNB014,validation,0.09,26072,18745,0.4182564651806234,3003,2675,16070,328,25744
BNB014,validation,0.1,26822,17995,0.4015217439810786,3003,2658,15337,345,26477
BNB014,validation,0.11,27377,17440,0.38913805029341547,3003,2636,14804,367,27010
BNB014,validation,0.12,27942,16875,0.3765312269897583,3003,2614,14261,389,27553
BNB014,validation,0.13,28457,16360,0.3650400517660709,3003,2601,13759,402,28055
BNB014,validation,0.14,29047,15770,0.351875404422429,3003,2580,13190,423,28624
BNB014,validation,0.15,29346,15471,0.3452038289042105,3003,2565,12906,438,28908
BNB014,validation,0.16,29864,14953,0.33364571479572486,3003,2546,12407,457,29407
BNB014,validation,0.17,30083,14734,0.32875917620545775,3003,2540,12194,463,29620
BNB014,validation,0.18,30449,14368,0.3205926322600799,3003,2524,11844,479,29970
BNB014,validation,0.19,30745,14072,0.3139879956266595,3003,2507,11565,496,30249
BNB014,validation,0.2,30964,13853,0.3091014570363924,3003,2496,11357,507,30457
BNB014,validation,0.21,31231,13586,0.3031438962893545,3003,2482,11104,521,30710
BNB014,validation,0.22,31470,13347,0.2978110984670995,3003,2474,10873,529,30941
BNB014,validation,0.23,31711,13106,0.29243367472164583,3003,2461,10645,542,31169
BNB014,validation,0.24,32127,12690,0.2831514826962983,3003,2438,10252,565,31562
BNB014,validation,0.25,32352,12465,0.27813106633643486,3003,2424,10041,579,31773
BNB014,validation,0.26,32551,12266,0.27369078697815563,3003,2410,9856,593,31958
BNB014,validation,0.27,32664,12153,0.2711694223174242,3003,2404,9749,599,32065
BNB014,validation,0.28,32883,11934,0.2662828837271571,3003,2388,9546,615,32268
BNB014,validation,0.29,33040,11777,0.26277974875605237,3003,2378,9399,625,32415
BNB014,validation,0.3,33260,11557,0.25787089720418593,3003,2358,9199,645,32615
BNB014,validation,0.31,33499,11318,0.25253809938193095,3003,2334,8984,669,32830
BNB014,validation,0.32,33670,11147,0.24872258294843475,3003,2321,8826,682,32988
BNB014,validation,0.33,33805,11012,0.24571033313251667,3003,2311,8701,692,33113
BNB014,validation,0.34,33930,10887,0.24292121293259256,3003,2301,8586,702,33228
BNB014,validation,0.35,34104,10713,0.23903875761429816,3003,2290,8423,713,33391
BNB014,validation,0.36,34221,10596,0.23642814110716914,3003,2285,8311,718,33503
BNB014,validation,0.37,34452,10365,0.23127384697770936,3003,2270,8095,733,33719
BNB014,validation,0.38,34524,10293,0.22966731374255306,3003,2263,8030,740,33784
BNB014,validation,0.39,34686,10131,0.22605261396345136,3003,2243,7888,760,33926
BNB014,validation,0.4,34855,9962,0.22228172345315395,3003,2229,7733,774,34081
BNB014,validation,0.41,34965,9852,0.2198272976772207,3003,2216,7636,787,34178
BNB014,validation,0.42,35146,9671,0.21578865162773056,3003,2203,7468,800,34346
BNB014,validation,0.43,35241,9576,0.2136689202757882,3003,2195,7381,808,34433
BNB014,validation,0.44,35316,9501,0.2119954481558337,3003,2191,7310,812,34504
BNB014,validation,0.45,35477,9340,0.20840306133833145,3003,2174,7166,829,34648
BNB014,validation,0.46,35565,9252,0.20643952071758484,3003,2163,7089,840,34725
BNB014,validation,0.47,35729,9088,0.20278019501528438,3003,2150,6938,853,34876
BNB014,validation,0.48,35861,8956,0.1998348840841645,3003,2137,6819,866,34995
BNB014,validation,0.49,35928,8889,0.19833991565700515,3003,2128,6761,875,35053
BNB014,validation,0.5,36002,8815,0.19668875649865006,3003,2127,6688,876,35126
BNB014,validation,0.51,36146,8671,0.19347569002833745,3003,2111,6560,892,35254
BNB014,validation,0.52,36244,8573,0.19128901979159693,3003,2103,6470,900,35344
BNB014,validation,0.53,36337,8480,0.18921391436285337,3003,2097,6383,906,35431
BNB014,validation,0.54,36461,8356,0.18644710712452864,3003,2086,6270,917,35544
BNB014,validation,0.55,36577,8240,0.18385880357899903,3003,2074,6166,929,35648
BNB014,validation,0.56,36641,8176,0.18243077403663788,3003,2064,6112,939,35702
BNB014,validation,0.57,36779,8038,0.17935158533592163,3003,2054,5984,949,35830
BNB014,validation,0.58,36855,7962,0.17765580025436775,3003,2044,5918,959,35896
BNB014,validation,0.59,36934,7883,0.1758930762880157,3003,2039,5844,964,35970
BNB014,validation,0.6,37073,7744,0.17279157462570008,3003,2028,5716,975,36098
BNB014,validation,0.61,37184,7633,0.17031483588816743,3003,2022,5611,981,36203
BNB014,validation,0.62,37338,7479,0.1668786398018609,3003,2004,5475,999,36339
BNB014,validation,0.63,37416,7401,0.16513822879710824,3003,1997,5404,1006,36410
BNB014,validation,0.64,37528,7289,0.1626391770979762,3003,1985,5304,1018,36510
BNB014,validation,0.65,37853,6964,0.15538746457817346,3003,1963,5001,1040,36813
BNB014,validation,0.66,37945,6872,0.1533346721110293,3003,1956,4916,1047,36898
BNB014,validation,0.67,38000,6817,0.15210745922306268,3003,1948,4869,1055,36945
BNB014,validation,0.68,38072,6745,0.15050092598790638,3003,1942,4803,1061,37011
BNB014,validation,0.69,38177,6640,0.14815806501997011,3003,1931,4709,1072,37105
BNB014,validation,0.7,38246,6571,0.14661847066961198,3003,1925,4646,1078,37168
BNB014,validation,0.71,38331,6486,0.14472186893366357,3003,1912,4574,1091,37240
BNB014,validation,0.72,38451,6366,0.14204431354173638,3003,1896,4470,1107,37344
BNB014,validation,0.73,38557,6260,0.13967913961220071,3003,1877,4383,1126,37431
BNB014,validation,0.74,38632,6185,0.13800566749224624,3003,1868,4317,1135,37497
BNB014,validation,0.75,38728,6089,0.1358636231787045,3003,1855,4234,1148,37580
BNB014,validation,0.76,38883,5934,0.13240511413079858,3003,1832,4102,1171,37712
BNB014,validation,0.77,39034,5783,0.12903585692929023,3003,1812,3971,1191,37843
BNB014,validation,0.78,39107,5710,0.12740701073253452,3003,1804,3906,1199,37908
BNB014,validation,0.79,39200,5617,0.12533190530379099,3003,1796,3821,1207,37993
BNB014,validation,0.8,39325,5492,0.12254278510386683,3003,1780,3712,1223,38102
BNB014,validation,0.81,39399,5418,0.12089162594551174,3003,1775,3643,1228,38171
BNB014,validation,0.82,39489,5328,0.11888345940156637,3003,1763,3565,1240,38249
BNB014,validation,0.83,39565,5252,0.1171876743200125,3003,1748,3504,1255,38310
BNB014,validation,0.84,39653,5164,0.1152241336992659,3003,1736,3428,1267,38386
BNB014,validation,0.85,39768,5049,0.1126581431153357,3003,1715,3334,1288,38480
BNB014,validation,0.86,39847,4970,0.11089541914898364,3003,1698,3272,1305,38542
BNB014,validation,0.87,39920,4897,0.10926657295222796,3003,1683,3214,1320,38600
BNB014,validation,0.88,40020,4797,0.10703527679228864,3003,1671,3126,1332,38688
BNB014,validation,0.89,40122,4695,0.10475935470915054,3003,1656,3039,1347,38775
BNB014,validation,0.9,40219,4598,0.10259499743400942,3003,1644,2954,1359,38860
BNB014,validation,0.91,40356,4461,0.09953812169489257,3003,1621,2840,1382,38974
BNB014,validation,0.92,40491,4326,0.09652587187897449,3003,1596,2730,1407,39084
BNB014,validation,0.93,40611,4206,0.09384831648704732,3003,1565,2641,1438,39173
BNB014,validation,0.94,40754,4063,0.09065756297833412,3003,1536,2527,1467,39287
BNB014,validation,0.95,40906,3911,0.08726599281522636,3003,1506,2405,1497,39409
BNB014,validation,0.96,41095,3722,0.08304884307294107,3003,1473,2249,1530,39565
BNB014,validation,0.97,41403,3414,0.076176450900328,3003,1404,2010,1599,39804
BNB014,validation,0.98,41746,3071,0.06852310507173617,3003,1318,1753,1685,40061
BNB014,validation,0.99,42222,2595,0.057902135350425064,3003,1176,1419,1827,40395
BNB015,validation,0.01,28090,16727,0.3732289086730482,3003,2613,14114,390,27700
BNB015,validation,0.02,31564,13253,0.2957136800767566,3003,2471,10782,532,31032
BNB015,validation,0.03,33295,11522,0.25708994354820713,3003,2357,9165,646,32649
BNB015,validation,0.04,34430,10387,0.231764732132896,3003,2272,8115,731,33699
BNB015,validation,0.05,35182,9635,0.2149853850101524,3003,2199,7436,804,34378
BNB015,validation,0.06,35739,9078,0.20255706539929044,3003,2149,6929,854,34885
BNB015,validation,0.07,36197,8620,0.1923377289867684,3003,2107,6513,896,35301
BNB015,validation,0.08,36569,8248,0.18403730727179418,3003,2075,6173,928,35641
BNB015,validation,0.09,36850,7967,0.17776736506236474,3003,2044,5923,959,35891
BNB015,validation,0.1,37146,7671,0.17116272842894437,3003,2026,5645,977,36169
BNB015,validation,0.11,37436,7381,0.1646919695651204,3003,1994,5387,1009,36427
BNB015,validation,0.12,37900,6917,0.15433875538300199,3003,1958,4959,1045,36855
BNB015,validation,0.13,38033,6784,0.1513711314902827,3003,1945,4839,1058,36975
BNB015,validation,0.14,38211,6606,0.14739942432559072,3003,1929,4677,1074,37137
BNB015,validation,0.15,38376,6441,0.14371778566169088,3003,1905,4536,1098,37278
BNB015,validation,0.16,38511,6306,0.1407055358457728,3003,1885,4421,1118,37393
BNB015,validation,0.17,38637,6180,0.1378941026842493,3003,1867,4313,1136,37501
BNB015,validation,0.18,38822,5995,0.13376620478836157,3003,1844,4151,1159,37663
BNB015,validation,0.19,38939,5878,0.13115558828123255,3003,1822,4056,1181,37758
BNB015,validation,0.2,39083,5734,0.12794252181091997,3003,1807,3927,1196,37887
BNB015,validation,0.21,39190,5627,0.1255550349197849,3003,1797,3830,1206,37984
BNB015,validation,0.22,39306,5511,0.1229667313742553,3003,1785,3726,1218,38088
BNB015,validation,0.23,39369,5448,0.12156101479349354,3003,1778,3670,1225,38144
BNB015,validation,0.24,39441,5376,0.11995448155833724,3003,1768,3608,1235,38206
BNB015,validation,0.25,39514,5303,0.11832563536158154,3003,1758,3545,1245,38269
BNB015,validation,0.26,39572,5245,0.11703148358881674,3003,1747,3498,1256,38316
BNB015,validation,0.27,39621,5196,0.11593814847044648,3003,1739,3457,1264,38357
BNB015,validation,0.28,39721,5096,0.11370685231050717,3003,1721,3375,1282,38439
BNB015,validation,0.29,39777,5040,0.11245732646094116,3003,1711,3329,1292,38485
BNB015,validation,0.3,39819,4998,0.11152018207376665,3003,1703,3295,1300,38519
BNB015,validation,0.31,39856,4961,0.11069460249458911,3003,1698,3263,1305,38551
BNB015,validation,0.32,39904,4913,0.10962358033781824,3003,1687,3226,1316,38588
BNB015,validation,0.33,39947,4870,0.10866412298904433,3003,1680,3190,1323,38624
BNB015,validation,0.34,40001,4816,0.1074592230626771,3003,1674,3142,1329,38672
BNB015,validation,0.35,40057,4760,0.10620969721311109,3003,1665,3095,1338,38719
BNB015,validation,0.36,40083,4734,0.10562956021152688,3003,1663,3071,1340,38743
BNB015,validation,0.37,40137,4680,0.10442466028515965,3003,1654,3026,1349,38788
BNB015,validation,0.38,40174,4643,0.1035990807059821,3003,1648,2995,1355,38819
BNB015,validation,0.39,40214,4603,0.10270656224200639,3003,1644,2959,1359,38855
BNB015,validation,0.4,40250,4567,0.10190329562442824,3003,1640,2927,1363,38887
BNB015,validation,0.41,40286,4531,0.10110002900685008,3003,1629,2902,1374,38912
BNB015,validation,0.42,40357,4460,0.09951580873329317,3003,1621,2839,1382,38975
BNB015,validation,0.43,40392,4425,0.09873485507731442,3003,1614,2811,1389,39003
BNB015,validation,0.44,40432,4385,0.09784233661333869,3003,1604,2781,1399,39033
BNB015,validation,0.45,40487,4330,0.09661512372537207,3003,1596,2734,1407,39080
BNB015,validation,0.46,40517,4300,0.09594573487739028,3003,1585,2715,1418,39099
BNB015,validation,0.47,40547,4270,0.09527634602940849,3003,1578,2692,1425,39122
BNB015,validation,0.48,40587,4230,0.09438382756543276,3003,1573,2657,1430,39157
BNB015,validation,0.49,40616,4201,0.09373675167905036,3003,1565,2636,1438,39178
BNB015,validation,0.5,40642,4175,0.09315661467746614,3003,1557,2618,1446,39196
BNB015,validation,0.51,40681,4136,0.0922864091750898,3003,1548,2588,1455,39226
BNB015,validation,0.52,40712,4105,0.09159470736550862,3003,1543,2562,1460,39252
BNB015,validation,0.53,40758,4059,0.09056831113193654,3003,1534,2525,1469,39289
BNB015,validation,0.54,40781,4036,0.0900551130151505,3003,1532,2504,1471,39310
BNB015,validation,0.55,40817,4000,0.08925184639757235,3003,1521,2479,1482,39335
BNB015,validation,0.56,40854,3963,0.0884262668183948,3003,1513,2450,1490,39364
BNB015,validation,0.57,40889,3928,0.08764531316241604,3003,1508,2420,1495,39394
BNB015,validation,0.58,40927,3890,0.08679742062163912,3003,1501,2389,1502,39425
BNB015,validation,0.59,40964,3853,0.08597184104246157,3003,1495,2358,1508,39456
BNB015,validation,0.6,41000,3817,0.08516857442488342,3003,1488,2329,1515,39485
BNB015,validation,0.61,41025,3792,0.08461075038489858,3003,1483,2309,1520,39505
BNB015,validation,0.62,41056,3761,0.0839190485753174,3003,1480,2281,1523,39533
BNB015,validation,0.63,41092,3725,0.08311578195773925,3003,1473,2252,1530,39562
BNB015,validation,0.64,41124,3693,0.08240176718655867,3003,1466,2227,1537,39587
BNB015,validation,0.65,41171,3646,0.0813530579913872,3003,1458,2188,1545,39626
BNB015,validation,0.66,41224,3593,0.08017047102661937,3003,1447,2146,1556,39668
BNB015,validation,0.67,41277,3540,0.07898788406185153,3003,1437,2103,1566,39711
BNB015,validation,0.68,41308,3509,0.07829618225227035,3003,1429,2080,1574,39734
BNB015,validation,0.69,41337,3480,0.07764910636588794,3003,1421,2059,1582,39755
BNB015,validation,0.7,41415,3402,0.07590869536113529,3003,1403,1999,1600,39815
BNB015,validation,0.71,41456,3361,0.07499386393556016,3003,1390,1971,1613,39843
BNB015,validation,0.72,41496,3321,0.07410134547158444,3003,1382,1939,1621,39875
BNB015,validation,0.73,41534,3283,0.07325345293080751,3003,1371,1912,1632,39902
BNB015,validation,0.74,41579,3238,0.07224936965883481,3003,1355,1883,1648,39931
BNB015,validation,0.75,41618,3199,0.07137916415645848,3003,1351,1848,1652,39966
BNB015,validation,0.76,41666,3151,0.07030814199968762,3003,1338,1813,1665,40001
BNB015,validation,0.77,41712,3105,0.06928174576611554,3003,1325,1780,1678,40034
BNB015,validation,0.78,41753,3064,0.06836691434054042,3003,1316,1748,1687,40066
BNB015,validation,0.79,41807,3010,0.06716201441417319,3003,1303,1707,1700,40107
BNB015,validation,0.8,41881,2936,0.06551085525581811,3003,1276,1660,1727,40154
BNB015,validation,0.81,41928,2889,0.06446214606064662,3003,1261,1628,1742,40186
BNB015,validation,0.82,41976,2841,0.06339112390387576,3003,1245,1596,1758,40218
BNB015,validation,0.83,42013,2804,0.06256554432469821,3003,1236,1568,1767,40246
BNB015,validation,0.84,42062,2755,0.061472209206327955,3003,1226,1529,1777,40285
BNB015,validation,0.85,42103,2714,0.06055737778075284,3003,1216,1498,1787,40316
BNB015,validation,0.86,42146,2671,0.05959792043197894,3003,1197,1474,1806,40340
BNB015,validation,0.87,42184,2633,0.058750027891202,3003,1188,1445,1815,40369
BNB015,validation,0.88,42247,2570,0.05734431131044024,3003,1164,1406,1839,40408
BNB015,validation,0.89,42308,2509,0.05598322065287726,3003,1137,1372,1866,40442
BNB015,validation,0.9,42350,2467,0.055046076265702744,3003,1130,1337,1873,40477
BNB015,validation,0.91,42408,2409,0.05375192449293795,3003,1114,1295,1889,40519
BNB015,validation,0.92,42464,2353,0.05250239864337194,3003,1097,1256,1906,40558
BNB015,validation,0.93,42533,2284,0.050962804293013815,3003,1077,1207,1926,40607
BNB015,validation,0.94,42619,2198,0.049043889595466,3003,1047,1151,1956,40663
BNB015,validation,0.95,42723,2094,0.04672334158912912,3003,1010,1084,1993,40730
BNB015,validation,0.96,42816,2001,0.04464823616038557,3003,979,1022,2024,40792
BNB015,validation,0.97,42970,1847,0.04121204007407903,3003,920,927,2083,40887
BNB015,validation,0.98,43137,1680,0.037485775486980386,3003,856,824,2147,40990
BNB015,validation,0.99,43376,1441,0.03215297766472544,3003,772,669,2231,41145
BNB016,validation,0.01,10142,34675,0.7737019434589553,3003,2936,31739,67,10075
BNB016,validation,0.02,15215,29602,0.6605082892652342,3003,2882,26720,121,15094
BNB016,validation,0.03,18397,26420,0.5895084454559654,3003,2837,23583,166,18231
BNB016,validation,0.04,20594,24223,0.5404868688220987,3003,2796,21427,207,20387
BNB016,validation,0.05,22127,22690,0.5062810986902292,3003,2767,19923,236,21891
BNB016,validation,0.06,23433,21384,0.4771403708414218,3003,2737,18647,266,23167
BNB016,validation,0.07,24582,20235,0.4515027779637191,3003,2711,17524,292,24290
BNB016,validation,0.08,25449,19368,0.43215744025704533,3003,2686,16682,317,25132
BNB016,validation,0.09,26061,18756,0.4185019077582168,3003,2675,16081,328,25733
BNB016,validation,0.1,26842,17975,0.40107548474909077,3003,2658,15317,345,26497
BNB016,validation,0.11,27391,17426,0.38882566883102393,3003,2637,14789,366,27025
BNB016,validation,0.12,27962,16855,0.3760849677577705,3003,2614,14241,389,27573
BNB016,validation,0.13,28455,16362,0.3650846776892697,3003,2603,13759,400,28055
BNB016,validation,0.14,29045,15772,0.3519200303456278,3003,2580,13192,423,28622
BNB016,validation,0.15,29494,15323,0.3419015105875003,3003,2562,12761,441,29053
BNB016,validation,0.16,29861,14956,0.333712653680523,3003,2546,12410,457,29404
BNB016,validation,0.17,30099,14718,0.32840216881986745,3003,2540,12178,463,29636
BNB016,validation,0.18,30464,14353,0.32025793783608897,3003,2522,11831,481,29983
BNB016,validation,0.19,30745,14072,0.3139879956266595,3003,2506,11566,497,30248
BNB016,validation,0.2,30965,13852,0.30907914407479303,3003,2496,11356,507,30458
BNB016,validation,0.21,31223,13594,0.3033223999821496,3003,2482,11112,521,30702
BNB016,validation,0.22,31511,13306,0.29689626704152444,3003,2471,10835,532,30979
BNB016,validation,0.23,31716,13101,0.2923221099136488,3003,2464,10637,539,31177
BNB016,validation,0.24,32145,12672,0.2827498493875092,3003,2436,10236,567,31578
BNB016,validation,0.25,32359,12458,0.2779748756052391,3003,2424,10034,579,31780
BNB016,validation,0.26,32548,12269,0.27375772586295377,3003,2410,9859,593,31955
BNB016,validation,0.27,32664,12153,0.2711694223174242,3003,2404,9749,599,32065
BNB016,validation,0.28,32890,11927,0.26612669299596137,3003,2387,9540,616,32274
BNB016,validation,0.29,33052,11765,0.2625119932168597,3003,2378,9387,625,32427
BNB016,validation,0.3,33289,11528,0.2572238213178035,3003,2357,9171,646,32643
BNB016,validation,0.31,33501,11316,0.2524934734587322,3003,2334,8982,669,32832
BNB016,validation,0.32,33669,11148,0.24874489591003413,3003,2322,8826,681,32988
BNB016,validation,0.33,33804,11013,0.24573264609411608,3003,2311,8702,692,33112
BNB016,validation,0.34,33928,10889,0.24296583885579132,3003,2302,8587,701,33227
BNB016,validation,0.35,34100,10717,0.2391280094606957,3003,2290,8427,713,33387
BNB016,validation,0.36,34233,10584,0.23616038556797644,3003,2285,8299,718,33515
BNB016,validation,0.37,34455,10362,0.23120690809291117,3003,2269,8093,734,33721
BNB016,validation,0.38,34528,10289,0.22957806189615548,3003,2263,8026,740,33788
BNB016,validation,0.39,34690,10127,0.22596336211705378,3003,2241,7886,762,33928
BNB016,validation,0.4,34846,9971,0.22248254010754848,3003,2230,7741,773,34073
BNB016,validation,0.41,34973,9844,0.21964879398442555,3003,2217,7627,786,34187
BNB016,validation,0.42,35160,9657,0.21547627016533905,3003,2201,7456,802,34358
BNB016,validation,0.43,35240,9577,0.2136912332373876,3003,2195,7382,808,34432
BNB016,validation,0.44,35353,9464,0.21116986857665618,3003,2188,7276,815,34538
BNB016,validation,0.45,35484,9333,0.20824687060713568,3003,2173,7160,830,34654
BNB016,validation,0.46,35577,9240,0.20617176517839214,3003,2162,7078,841,34736
BNB016,validation,0.47,35736,9081,0.20262400428408864,3003,2149,6932,854,34882
BNB016,validation,0.48,35868,8949,0.19967869335296873,3003,2136,6813,867,35001
BNB016,validation,0.49,35930,8887,0.19829528973380636,3003,2128,6759,875,35055
BNB016,validation,0.5,36032,8785,0.19601936765066827,3003,2121,6664,882,35150
BNB016,validation,0.51,36143,8674,0.19354262891313564,3003,2110,6564,893,35250
BNB016,validation,0.52,36253,8564,0.1910882031372024,3003,2101,6463,902,35351
BNB016,validation,0.53,36348,8469,0.18896847178526005,3003,2096,6373,907,35441
BNB016,validation,0.54,36457,8360,0.1865363589709262,3003,2086,6274,917,35540
BNB016,validation,0.55,36574,8243,0.18392574246379723,3003,2075,6168,928,35646
BNB016,validation,0.56,36648,8169,0.18227458330544213,3003,2064,6105,939,35709
BNB016,validation,0.57,36780,8037,0.17932927237432225,3003,2055,5982,948,35832
BNB016,validation,0.58,36855,7962,0.17765580025436775,3003,2044,5918,959,35896
BNB016,validation,0.59,36937,7880,0.17582613740321754,3003,2040,5840,963,35974
BNB016,validation,0.6,37073,7744,0.17279157462570008,3003,2030,5714,973,36100
BNB016,validation,0.61,37191,7626,0.17015864515697168,3003,2022,5604,981,36210
BNB016,validation,0.62,37345,7472,0.16672244907066516,3003,2005,5467,998,36347
BNB016,validation,0.63,37414,7403,0.16518285472030703,3003,1999,5404,1004,36410
BNB016,validation,0.64,37524,7293,0.16272842894437378,3003,1986,5307,1017,36507
BNB016,validation,0.65,37846,6971,0.1555436553093692,3003,1963,5008,1040,36806
BNB016,validation,0.66,37949,6868,0.15324542026463173,3003,1955,4913,1048,36901
BNB016,validation,0.67,37999,6818,0.15212977218466206,3003,1948,4870,1055,36944
BNB016,validation,0.68,38080,6737,0.15032242229511122,3003,1942,4795,1061,37019
BNB016,validation,0.69,38176,6641,0.1481803779815695,3003,1931,4710,1072,37104
BNB016,validation,0.7,38254,6563,0.14643996697681683,3003,1925,4638,1078,37176
BNB016,validation,0.71,38375,6442,0.14374009862329026,3003,1905,4537,1098,37277
BNB016,validation,0.72,38450,6367,0.1420666265033358,3003,1896,4471,1107,37343
BNB016,validation,0.73,38583,6234,0.1390990026106165,3003,1873,4361,1130,37453
BNB016,validation,0.74,38634,6183,0.13796104156904745,3003,1868,4315,1135,37499
BNB016,validation,0.75,38735,6082,0.13570743244750877,3003,1855,4227,1148,37587
BNB016,validation,0.76,38890,5927,0.13224892339960284,3003,1830,4097,1173,37717
BNB016,validation,0.77,39038,5779,0.12894660508289266,3003,1812,3967,1191,37847
BNB016,validation,0.78,39127,5690,0.12696075150054667,3003,1803,3887,1200,37927
BNB016,validation,0.79,39203,5614,0.1252649664189928,3003,1796,3818,1207,37996
BNB016,validation,0.8,39327,5490,0.12249815918066805,3003,1780,3710,1223,38104
BNB016,validation,0.81,39400,5417,0.12086931298391236,3003,1774,3643,1229,38171
BNB016,validation,0.82,39492,5325,0.11881652051676819,3003,1762,3563,1241,38251
BNB016,validation,0.83,39569,5248,0.11709842247361492,3003,1747,3501,1256,38313
BNB016,validation,0.84,39654,5163,0.11520182073766651,3003,1736,3427,1267,38387
BNB016,validation,0.85,39771,5046,0.11259120423053752,3003,1713,3333,1290,38481
BNB016,validation,0.86,39846,4971,0.11091773211058303,3003,1698,3273,1305,38541
BNB016,validation,0.87,39925,4892,0.10915500814423099,3003,1683,3209,1320,38605
BNB016,validation,0.88,40026,4791,0.10690139902269229,3003,1670,3121,1333,38693
BNB016,validation,0.89,40125,4692,0.10469241582435236,3003,1656,3036,1347,38778
BNB016,validation,0.9,40224,4593,0.10248343262601245,3003,1644,2949,1359,38865
BNB016,validation,0.91,40357,4460,0.09951580873329317,3003,1621,2839,1382,38975
BNB016,validation,0.92,40496,4321,0.09641430707097753,3003,1594,2727,1409,39087
BNB016,validation,0.93,40613,4204,0.09380369056384855,3003,1565,2639,1438,39175
BNB016,validation,0.94,40755,4062,0.09063525001673473,3003,1536,2526,1467,39288
BNB016,validation,0.95,40914,3903,0.08708748912243122,3003,1503,2400,1500,39414
BNB016,validation,0.96,41095,3722,0.08304884307294107,3003,1473,2249,1530,39565
BNB016,validation,0.97,41405,3412,0.07613182497712921,3003,1404,2008,1599,39806
BNB016,validation,0.98,41749,3068,0.06845616618693799,3003,1317,1751,1686,40063
BNB016,validation,0.99,42223,2594,0.05787982238882567,3003,1175,1419,1828,40395
BNB017,validation,0.01,28125,16692,0.3724479550170694,3003,2612,14080,391,27734
BNB017,validation,0.02,31567,13250,0.2956467411919584,3003,2470,10780,533,31034
BNB017,validation,0.03,33429,11388,0.2541000066938885,3003,2340,9048,663,32766
BNB017,validation,0.04,34447,10370,0.23138541178570632,3003,2269,8101,734,33713
BNB017,validation,0.05,35189,9628,0.21482919427895664,3003,2200,7428,803,34386
BNB017,validation,0.06,35800,9017,0.20119597474172746,3003,2144,6873,859,34941
BNB017,validation,0.07,36207,8610,0.1921145993707745,3003,2107,6503,896,35311
BNB017,validation,0.08,36561,8256,0.18421581096458933,3003,2075,6181,928,35633
BNB017,validation,0.09,36850,7967,0.17776736506236474,3003,2044,5923,959,35891
BNB017,validation,0.1,37171,7646,0.17060490438895953,3003,2023,5623,980,36191
BNB017,validation,0.11,37456,7361,0.1642457103331325,3003,1992,5369,1011,36445
BNB017,validation,0.12,37914,6903,0.15402637392061047,3003,1958,4945,1045,36869
BNB017,validation,0.13,38034,6783,0.15134881852868332,3003,1945,4838,1058,36976
BNB017,validation,0.14,38208,6609,0.14746636321038892,3003,1929,4680,1074,37134
BNB017,validation,0.15,38388,6429,0.14345003012249816,3003,1905,4524,1098,37290
BNB017,validation,0.16,38530,6287,0.14028158957538434,3003,1883,4404,1120,37410
BNB017,validation,0.17,38637,6180,0.1378941026842493,3003,1867,4313,1136,37501
BNB017,validation,0.18,38847,5970,0.13320838074837674,3003,1839,4131,1164,37683
BNB017,validation,0.19,39007,5810,0.12963830689247383,3003,1814,3996,1189,37818
BNB017,validation,0.2,39090,5727,0.1277863310797242,3003,1806,3921,1197,37893
BNB017,validation,0.21,39189,5628,0.1255773478813843,3003,1797,3831,1206,37983
BNB017,validation,0.22,39310,5507,0.12287747952785773,3003,1785,3722,1218,38092
BNB017,validation,0.23,39373,5444,0.12147176294709597,3003,1777,3667,1226,38147
BNB017,validation,0.24,39449,5368,0.11977597786554209,3003,1767,3601,1236,38213
BNB017,validation,0.25,39515,5302,0.11830332239998215,3003,1758,3544,1245,38270
BNB017,validation,0.26,39577,5240,0.11691991878081978,3003,1746,3494,1257,38320
BNB017,validation,0.27,39626,5191,0.11582658366244952,3003,1738,3453,1265,38361
BNB017,validation,0.28,39723,5094,0.11366222638730838,3003,1721,3373,1282,38441
BNB017,validation,0.29,39778,5039,0.11243501349934176,3003,1712,3327,1291,38487
BNB017,validation,0.3,39831,4986,0.11125242653457393,3003,1703,3283,1300,38531
BNB017,validation,0.31,39856,4961,0.11069460249458911,3003,1697,3264,1306,38550
BNB017,validation,0.32,39906,4911,0.10957895441461946,3003,1687,3224,1316,38590
BNB017,validation,0.33,39957,4860,0.10844099337305041,3003,1679,3181,1324,38633
BNB017,validation,0.34,40006,4811,0.10734765825468015,3003,1673,3138,1330,38676
BNB017,validation,0.35,40061,4756,0.10612044536671353,3003,1666,3090,1337,38724
BNB017,validation,0.36,40091,4726,0.10545105651873173,3003,1660,3066,1343,38748
BNB017,validation,0.37,40141,4676,0.10433540843876207,3003,1653,3023,1350,38791
BNB017,validation,0.38,40183,4634,0.10339826405158757,3003,1647,2987,1356,38827
BNB017,validation,0.39,40218,4599,0.10261731039560881,3003,1644,2955,1359,38859
BNB017,validation,0.4,40257,4560,0.10174710489323248,3003,1639,2921,1364,38893
BNB017,validation,0.41,40291,4526,0.10098846419885311,3003,1629,2897,1374,38917
BNB017,validation,0.42,40352,4465,0.09962737354129013,3003,1621,2844,1382,38970
BNB017,validation,0.43,40395,4422,0.09866791619251623,3003,1612,2810,1391,39004
BNB017,validation,0.44,40438,4379,0.09770845884374232,3003,1602,2777,1401,39037
BNB017,validation,0.45,40491,4326,0.09652587187897449,3003,1595,2731,1408,39083
BNB017,validation,0.46,40521,4296,0.0958564830309927,3003,1585,2711,1418,39103
BNB017,validation,0.47,40546,4271,0.09529865899100788,3003,1578,2693,1425,39121
BNB017,validation,0.48,40589,4228,0.09433920164223397,3003,1572,2656,1431,39158
BNB017,validation,0.49,40617,4200,0.09371443871745097,3003,1565,2635,1438,39179
BNB017,validation,0.5,40644,4173,0.09311198875426735,3003,1557,2616,1446,39198
BNB017,validation,0.51,40683,4134,0.09224178325189103,3003,1548,2586,1455,39228
BNB017,validation,0.52,40717,4100,0.09148314255751167,3003,1541,2559,1462,39255
BNB017,validation,0.53,40758,4059,0.09056831113193654,3003,1534,2525,1469,39289
BNB017,validation,0.54,40788,4029,0.08989892228395475,3003,1529,2500,1474,39314
BNB017,validation,0.55,40831,3986,0.08893946493518085,3003,1517,2469,1486,39345
BNB017,validation,0.56,40861,3956,0.08827007608719906,3003,1512,2444,1491,39370
BNB017,validation,0.57,40892,3925,0.08757837427761787,3003,1507,2418,1496,39396
BNB017,validation,0.58,40928,3889,0.08677510766003972,3003,1500,2389,1503,39425
BNB017,validation,0.59,40965,3852,0.08594952808086218,3003,1496,2356,1507,39458
BNB017,validation,0.6,41000,3817,0.08516857442488342,3003,1488,2329,1515,39485
BNB017,validation,0.61,41032,3785,0.08445455965370284,3003,1484,2301,1519,39513
BNB017,validation,0.62,41062,3755,0.08378517080572104,3003,1479,2276,1524,39538
BNB017,validation,0.63,41089,3728,0.08318272084253743,3003,1476,2252,1527,39562
BNB017,validation,0.64,41132,3685,0.08222326349376352,3003,1464,2221,1539,39593
BNB017,validation,0.65,41182,3635,0.08110761541379387,3003,1455,2180,1548,39634
BNB017,validation,0.66,41250,3567,0.07959033402503514,3003,1442,2125,1561,39689
BNB017,validation,0.67,41277,3540,0.07898788406185153,3003,1438,2102,1565,39712
BNB017,validation,0.68,41315,3502,0.07813999152107459,3003,1428,2074,1575,39740
BNB017,validation,0.69,41386,3431,0.07655577124751768,3003,1407,2024,1596,39790
BNB017,validation,0.7,41415,3402,0.07590869536113529,3003,1403,1999,1600,39815
BNB017,validation,0.71,41465,3352,0.07479304728116563,3003,1387,1965,1616,39849
BNB017,validation,0.72,41500,3317,0.07401209362518688,3003,1382,1935,1621,39879
BNB017,validation,0.73,41535,3282,0.07323113996920812,3003,1371,1911,1632,39903
BNB017,validation,0.74,41579,3238,0.07224936965883481,3003,1355,1883,1648,39931
BNB017,validation,0.75,41633,3184,0.07104446973246759,3003,1345,1839,1658,39975
BNB017,validation,0.76,41666,3151,0.07030814199968762,3003,1338,1813,1665,40001
BNB017,validation,0.77,41717,3100,0.06917018095811857,3003,1325,1775,1678,40039
BNB017,validation,0.78,41756,3061,0.06829997545574223,3003,1315,1746,1688,40068
BNB017,validation,0.79,41822,2995,0.0668273199901823,3003,1296,1699,1707,40115
BNB017,validation,0.8,41883,2934,0.06546622933261932,3003,1276,1658,1727,40156
BNB017,validation,0.81,41942,2875,0.06414976459825512,3003,1256,1619,1747,40195
BNB017,validation,0.82,41977,2840,0.06336881094227637,3003,1246,1594,1757,40220
BNB017,validation,0.83,42017,2800,0.062476292478300645,3003,1235,1565,1768,40249
BNB017,validation,0.84,42061,2756,0.06149452216792735,3003,1227,1529,1776,40285
BNB017,validation,0.85,42101,2716,0.06060200370395163,3003,1217,1499,1786,40315
BNB017,validation,0.86,42151,2666,0.05948635562398197,3003,1195,1471,1808,40343
BNB017,validation,0.87,42190,2627,0.05861615012160564,3003,1186,1441,1817,40373
BNB017,validation,0.88,42248,2569,0.057321998348840844,3003,1164,1405,1839,40409
BNB017,validation,0.89,42314,2503,0.055849342883280896,3003,1136,1367,1867,40447
BNB017,validation,0.9,42352,2465,0.05500145034250396,3003,1130,1335,1873,40479
BNB017,validation,0.91,42411,2406,0.053684985608139765,3003,1116,1290,1887,40524
BNB017,validation,0.92,42473,2344,0.0523015819889774,3003,1095,1249,1908,40565
BNB017,validation,0.93,42538,2279,0.050851239485016846,3003,1075,1204,1928,40610
BNB017,validation,0.94,42620,2197,0.049021576633866616,3003,1047,1150,1956,40664
BNB017,validation,0.95,42726,2091,0.04665640270433095,3003,1010,1081,1993,40733
BNB017,validation,0.96,42816,2001,0.04464823616038557,3003,978,1023,2025,40791
BNB017,validation,0.97,42974,1843,0.04112278822768146,3003,918,925,2085,40889
BNB017,validation,0.98,43140,1677,0.03741883660218221,3003,855,822,2148,40992
BNB017,validation,0.99,43379,1438,0.03208603877992726,3003,772,666,2231,41148
BNB018,validation,0.01,10113,34704,0.7743490193453377,3003,2935,31769,68,10045
BNB018,validation,0.02,15176,29641,0.6613784947676105,3003,2883,26758,120,15056
BNB018,validation,0.03,18397,26420,0.5895084454559654,3003,2835,23585,168,18229
BNB018,validation,0.04,20671,24146,0.5387687707789455,3003,2794,21352,209,20462
BNB018,validation,0.05,22129,22688,0.5062364727670303,3003,2766,19922,237,21892
BNB018,validation,0.06,23498,21319,0.4756900283374612,3003,2734,18585,269,23229
BNB018,validation,0.07,24586,20231,0.45141352611732155,3003,2712,17519,291,24295
BNB018,validation,0.08,25437,19380,0.43242519579623806,3003,2686,16694,317,25120
BNB018,validation,0.09,26079,18738,0.41810027444942766,3003,2676,16062,327,25752
BNB018,validation,0.1,26854,17963,0.40080772920989804,3003,2658,15305,345,26509
BNB018,validation,0.11,27406,17411,0.38849097440703306,3003,2636,14775,367,27039
BNB018,validation,0.12,27976,16841,0.37577258629537896,3003,2615,14226,388,27588
BNB018,validation,0.13,28447,16370,0.3652631813820648,3003,2602,13768,401,28046
BNB018,validation,0.14,29052,15765,0.35176383961443203,3003,2580,13185,423,28629
BNB018,validation,0.15,29554,15263,0.3405627328915367,3003,2560,12703,443,29111
BNB018,validation,0.16,29887,14930,0.3331325166789388,3003,2544,12386,459,29428
BNB018,validation,0.17,30123,14694,0.32786665774148205,3003,2539,12155,464,29659
BNB018,validation,0.18,30457,14360,0.32041412856728474,3003,2524,11836,479,29978
BNB018,validation,0.19,30790,14027,0.3129839123546868,3003,2503,11524,500,30290
BNB018,validation,0.2,30978,13839,0.3087890755740009,3003,2495,11344,508,30470
BNB018,validation,0.21,31226,13591,0.30325546109735146,3003,2483,11108,520,30706
BNB018,validation,0.22,31555,13262,0.2959144967311511,3003,2471,10791,532,31023
BNB018,validation,0.23,31730,13087,0.29200972845125733,3003,2462,10625,541,31189
BNB018,validation,0.24,32145,12672,0.2827498493875092,3003,2435,10237,568,31577
BNB018,validation,0.25,32375,12442,0.2776178682196488,3003,2420,10022,583,31792
BNB018,validation,0.26,32549,12268,0.2737354129013544,3003,2410,9858,593,31956
BNB018,validation,0.27,32697,12120,0.2704330945846442,3003,2398,9722,605,32092
BNB018,validation,0.28,32876,11941,0.26643907445835285,3003,2389,9552,614,32262
BNB018,validation,0.29,33069,11748,0.26213267286967,3003,2377,9371,626,32443
BNB018,validation,0.3,33322,11495,0.25648749358502354,3003,2356,9139,647,32675
BNB018,validation,0.31,33504,11313,0.252426534573934,3003,2334,8979,669,32835
BNB018,validation,0.32,33661,11156,0.24892339960282928,3003,2322,8834,681,32980
BNB018,validation,0.33,33837,10980,0.2449963183613361,3003,2310,8670,693,33144
BNB018,validation,0.34,33968,10849,0.24207332039181562,3003,2299,8550,704,33264
BNB018,validation,0.35,34124,10693,0.23859249838231028,3003,2289,8404,714,33410
BNB018,validation,0.36,34232,10585,0.23618269852957582,3003,2285,8300,718,33514
BNB018,validation,0.37,34453,10364,0.23125153401610996,3003,2269,8095,734,33719
BNB018,validation,0.38,34549,10268,0.22910948970256823,3003,2260,8008,743,33806
BNB018,validation,0.39,34697,10120,0.22580717138585804,3003,2242,7878,761,33936
BNB018,validation,0.4,34842,9975,0.22257179195394605,3003,2231,7744,772,34070
BNB018,validation,0.41,34994,9823,0.2191802217908383,3003,2214,7609,789,34205
BNB018,validation,0.42,35163,9654,0.21540933128054088,3003,2201,7453,802,34361
BNB018,validation,0.43,35256,9561,0.21333422585179732,3003,2195,7366,808,34448
BNB018,validation,0.44,35376,9441,0.21065667045987013,3003,2187,7254,816,34560
BNB018,validation,0.45,35486,9331,0.2082022446839369,3003,2173,7158,830,34656
BNB018,validation,0.46,35620,9197,0.20521230782961822,3003,2159,7038,844,34776
BNB018,validation,0.47,35797,9020,0.20126291362652565,3003,2144,6876,859,34938
BNB018,validation,0.48,35873,8944,0.19956712854497177,3003,2137,6807,866,35007
BNB018,validation,0.49,35951,8866,0.1978267175402191,3003,2127,6739,876,35075
BNB018,validation,0.5,36049,8768,0.1956400473034786,3003,2120,6648,883,35166
BNB018,validation,0.51,36187,8630,0.19256085860276234,3003,2108,6522,895,35292
BNB018,validation,0.52,36260,8557,0.19093201240600666,3003,2101,6456,902,35358
BNB018,validation,0.53,36386,8431,0.1881205792444831,3003,2093,6338,910,35476
BNB018,validation,0.54,36466,8351,0.18633554231653168,3003,2082,6269,921,35545
BNB018,validation,0.55,36568,8249,0.1840596202333936,3003,2075,6174,928,35640
BNB018,validation,0.56,36699,8118,0.1811366222638731,3003,2058,6060,945,35754
BNB018,validation,0.57,36793,8024,0.17903920387353014,3003,2054,5970,949,35844
BNB018,validation,0.58,36864,7953,0.17745498359997322,3003,2044,5909,959,35905
BNB018,validation,0.59,36975,7842,0.1749782448624406,3003,2038,5804,965,36010
BNB018,validation,0.6,37091,7726,0.172389941316911,3003,2029,5697,974,36117
BNB018,validation,0.61,37202,7615,0.16991320257937836,3003,2020,5595,983,36219
BNB018,validation,0.62,37349,7468,0.1666331972242676,3003,2003,5465,1000,36349
BNB018,validation,0.63,37415,7402,0.16516054175870765,3003,1999,5403,1004,36411
BNB018,validation,0.64,37779,7038,0.15703862373652855,3003,1969,5069,1034,36745
BNB018,validation,0.65,37851,6966,0.15543209050137224,3003,1963,5003,1040,36811
BNB018,validation,0.66,37952,6865,0.15317848137983356,3003,1953,4912,1050,36902
BNB018,validation,0.67,38000,6817,0.15210745922306268,3003,1949,4868,1054,36946
BNB018,validation,0.68,38080,6737,0.15032242229511122,3003,1942,4795,1061,37019
BNB018,validation,0.69,38190,6627,0.14786799651917798,3003,1929,4698,1074,37116
BNB018,validation,0.7,38285,6532,0.14574826516723566,3003,1919,4613,1084,37201
BNB018,validation,0.71,38380,6437,0.1436285338152933,3003,1906,4531,1097,37283
BNB018,validation,0.72,38451,6366,0.14204431354173638,3003,1896,4470,1107,37344
BNB018,validation,0.73,38583,6234,0.1390990026106165,3003,1873,4361,1130,37453
BNB018,validation,0.74,38636,6181,0.13791641564584867,3003,1867,4314,1136,37500
BNB018,validation,0.75,38792,6025,0.13443559363634336,3003,1846,4179,1157,37635
BNB018,validation,0.76,38894,5923,0.13215967155320527,3003,1828,4095,1175,37719
BNB018,validation,0.77,39035,5782,0.12901354396769082,3003,1812,3970,1191,37844
BNB018,validation,0.78,39135,5682,0.12678224780775152,3003,1802,3880,1201,37934
BNB018,validation,0.79,39213,5604,0.12504183680299885,3003,1794,3810,1209,38004
BNB018,validation,0.8,39326,5491,0.12252047214226744,3003,1781,3710,1222,38104
BNB018,validation,0.81,39404,5413,0.12078006113751479,3003,1774,3639,1229,38175
BNB018,validation,0.82,39501,5316,0.11861570386237365,3003,1761,3555,1242,38259
BNB018,validation,0.83,39575,5242,0.11696454470401857,3003,1746,3496,1257,38318
BNB018,validation,0.84,39653,5164,0.1152241336992659,3003,1735,3429,1268,38385
BNB018,validation,0.85,39774,5043,0.11252426534573934,3003,1712,3331,1291,38483
BNB018,validation,0.86,39849,4968,0.11085079322578485,3003,1699,3269,1304,38545
BNB018,validation,0.87,39929,4888,0.10906575629783341,3003,1683,3205,1320,38609
BNB018,validation,0.88,40031,4786,0.10678983421469532,3003,1671,3115,1332,38699
BNB018,validation,0.89,40134,4683,0.10449159916995783,3003,1654,3029,1349,38785
BNB018,validation,0.9,40223,4594,0.10250574558761184,3003,1644,2950,1359,38864
BNB018,validation,0.91,40352,4465,0.09962737354129013,3003,1621,2844,1382,38970
BNB018,validation,0.92,40495,4322,0.09643662003257693,3003,1594,2728,1409,39086
BNB018,validation,0.93,40615,4202,0.09375906464064976,3003,1565,2637,1438,39177
BNB018,validation,0.94,40757,4060,0.09059062409353594,3003,1535,2525,1468,39289
BNB018,validation,0.95,40918,3899,0.08699823727603365,3003,1501,2398,1502,39416
BNB018,validation,0.96,41105,3712,0.08282571345694714,3003,1470,2242,1533,39572
BNB018,validation,0.97,41413,3404,0.07595332128433407,3003,1403,2001,1600,39813
BNB018,validation,0.98,41750,3067,0.0684338532253386,3003,1316,1751,1687,40063
BNB018,validation,0.99,42227,2590,0.057790570542428095,3003,1173,1417,1830,40397
CAT001,validation,0.01,8418,36399,0.8121694892563089,3003,2964,33435,39,8379
CAT001,validation,0.02,21620,23197,0.5175937702211214,3003,2804,20393,199,21421
CAT001,validation,0.03,26237,18580,0.41457482651672356,3003,2696,15884,307,25930
CAT001,validation,0.04,29005,15812,0.3528125488096035,3003,2606,13206,397,28608
CAT001,validation,0.05,31128,13689,0.305442131334092,3003,2527,11162,476,30652
CAT001,validation,0.06,32807,12010,0.26797866880871096,3003,2438,9572,565,32242
CAT001,validation,0.07,34304,10513,0.23457616529441952,3003,2337,8176,666,33638
CAT001,validation,0.08,35512,9305,0.20762210768235267,3003,2242,7063,761,34751
CAT001,validation,0.09,36585,8232,0.1836802998862039,3003,2145,6087,858,35727
CAT001,validation,0.1,37515,7302,0.1629292455987683,3003,2051,5251,952,36563
CAT001,validation,0.11,38278,6539,0.1459044558984314,3003,1965,4574,1038,37240
CAT001,validation,0.12,38827,5990,0.1336546399803646,3003,1901,4089,1102,37725
CAT001,validation,0.13,39290,5527,0.12332373875984559,3003,1847,3680,1156,38134
CAT001,validation,0.14,39669,5148,0.11486712631367561,3003,1804,3344,1199,38470
CAT001,validation,0.15,39957,4860,0.10844099337305041,3003,1750,3110,1253,38704
CAT001,validation,0.16,40233,4584,0.10228261597161792,3003,1705,2879,1298,38935
CAT001,validation,0.17,40473,4344,0.09692750518776357,3003,1651,2693,1352,39121
CAT001,validation,0.18,40687,4130,0.09215253140549345,3003,1602,2528,1401,39286
CAT001,validation,0.19,40880,3937,0.08784612981681059,3003,1561,2376,1442,39438
CAT001,validation,0.2,41049,3768,0.08407523930651316,3003,1515,2253,1488,39561
CAT001,validation,0.21,41197,3620,0.08077292098980297,3003,1484,2136,1519,39678
CAT001,validation,0.22,41336,3481,0.07767141932748733,3003,1445,2036,1558,39778
CAT001,validation,0.23,41484,3333,0.07436910101077716,3003,1415,1918,1588,39896
CAT001,validation,0.24,41610,3207,0.07155766784925363,3003,1374,1833,1629,39981
CAT001,validation,0.25,41744,3073,0.06856773099493496,3003,1347,1726,1656,40088
CAT001,validation,0.26,41872,2945,0.06571167191021264,3003,1313,1632,1690,40182
CAT001,validation,0.27,42003,2814,0.06278867394069215,3003,1289,1525,1714,40289
CAT001,validation,0.28,42122,2695,0.06013343151036437,3003,1254,1441,1749,40373
CAT001,validation,0.29,42235,2582,0.05761206684963295,3003,1211,1371,1792,40443
CAT001,validation,0.3,42337,2480,0.05533614476649486,3003,1175,1305,1828,40509
CAT001,validation,0.31,42446,2371,0.05290403195216101,3003,1138,1233,1865,40581
CAT001,validation,0.32,42558,2259,0.05040498025302898,3003,1104,1155,1899,40659
CAT001,validation,0.33,42646,2171,0.048441439632282396,3003,1071,1100,1932,40714
CAT001,validation,0.34,42727,2090,0.04663408974273155,3003,1044,1046,1959,40768
CAT001,validation,0.35,42804,2013,0.044915991699578287,3003,1010,1003,1993,40811
CAT001,validation,0.36,42895,1922,0.04288551219403351,3003,982,940,2021,40874
CAT001,validation,0.37,42971,1846,0.04118972711247964,3003,952,894,2051,40920
CAT001,validation,0.38,43034,1783,0.03978401053171787,3003,927,856,2076,40958
CAT001,validation,0.39,43099,1718,0.038333668027757326,3003,910,808,2093,41006
CAT001,validation,0.4,43162,1655,0.03692795144699556,3003,885,770,2118,41044
CAT001,validation,0.41,43232,1585,0.03536604413503804,3003,857,728,2146,41086
CAT001,validation,0.42,43286,1531,0.034161144208670814,3003,841,690,2162,41124
CAT001,validation,0.43,43360,1457,0.03250998505031573,3003,810,647,2193,41167
CAT001,validation,0.44,43433,1384,0.030881138853560034,3003,779,605,2224,41209
CAT001,validation,0.45,43505,1312,0.02927460561840373,3003,750,562,2253,41252
CAT001,validation,0.46,43574,1243,0.027735011268045607,3003,714,529,2289,41285
CAT001,validation,0.47,43630,1187,0.026485485418479594,3003,686,501,2317,41313
CAT001,validation,0.48,43695,1122,0.025035142914519044,3003,655,467,2348,41347
CAT001,validation,0.49,43755,1062,0.02369636521855546,3003,634,428,2369,41386
CAT001,validation,0.5,43825,992,0.022134457906597942,3003,602,390,2401,41424
CAT001,validation,0.51,43884,933,0.02081799317223375,3003,576,357,2427,41457
CAT001,validation,0.52,43935,882,0.019680032130664705,3003,553,329,2450,41485
CAT001,validation,0.53,43988,829,0.01849744516589687,3003,514,315,2489,41499
CAT001,validation,0.54,44039,778,0.017359484124327824,3003,490,288,2513,41526
CAT001,validation,0.55,44096,721,0.016087645313162417,3003,459,262,2544,41552
CAT001,validation,0.56,44137,680,0.015172813887587299,3003,438,242,2565,41572
CAT001,validation,0.57,44195,622,0.0138786621148225,3003,412,210,2591,41604
CAT001,validation,0.58,44240,577,0.012874578842849812,3003,385,192,2618,41622
CAT001,validation,0.59,44290,527,0.011758930762880157,3003,353,174,2650,41640
CAT001,validation,0.6,44333,484,0.010799473414106255,3003,326,158,2677,41656
CAT001,validation,0.61,44380,437,0.009750764218934779,3003,294,143,2709,41671
CAT001,validation,0.62,44419,398,0.008880558716558448,3003,273,125,2730,41689
CAT001,validation,0.63,44453,364,0.008121918022179084,3003,257,107,2746,41707
CAT001,validation,0.64,44487,330,0.0073632773277997185,3003,232,98,2771,41716
CAT001,validation,0.65,44531,286,0.006381507017426423,3003,204,82,2799,41732
CAT001,validation,0.66,44561,256,0.005712118169444631,3003,185,71,2818,41743
CAT001,validation,0.67,44588,229,0.005109668206261017,3003,163,66,2840,41748
CAT001,validation,0.68,44616,201,0.004484905281478011,3003,147,54,2856,41760
CAT001,validation,0.69,44631,186,0.004150210857487114,3003,139,47,2864,41767
CAT001,validation,0.7,44659,158,0.0035254479327041077,3003,121,37,2882,41777
CAT001,validation,0.71,44684,133,0.002967623892719281,3003,104,29,2899,41785
CAT001,validation,0.72,44703,114,0.002543677622330812,3003,92,22,2911,41792
CAT001,validation,0.73,44719,98,0.0021866702367405225,3003,79,19,2924,41795
CAT001,validation,0.74,44727,90,0.002008166543945378,3003,73,17,2930,41797
CAT001,validation,0.75,44746,71,0.0015842202735569092,3003,58,13,2945,41801
CAT001,validation,0.76,44757,60,0.0013387776959635854,3003,50,10,2953,41804
CAT001,validation,0.77,44764,53,0.0011825869647678336,3003,43,10,2960,41804
CAT001,validation,0.78,44770,47,0.0010487091951714752,3003,39,8,2964,41806
CAT001,validation,0.79,44778,39,0.0008702055023763304,3003,32,7,2971,41807
CAT001,validation,0.8,44783,34,0.000758640694379365,3003,28,6,2975,41808
CAT001,validation,0.81,44790,27,0.0006024499631836134,3003,21,6,2982,41808
CAT001,validation,0.82,44793,24,0.0005355110783854341,3003,19,5,2984,41809
CAT001,validation,0.83,44796,21,0.00046857219358725484,3003,17,4,2986,41810
CAT001,validation,0.84,44803,14,0.0003123814623915032,3003,12,2,2991,41812
CAT001,validation,0.85,44807,10,0.00022312961599393088,3003,8,2,2995,41812
CAT001,validation,0.86,44811,6,0.00013387776959635853,3003,5,1,2998,41813
CAT001,validation,0.87,44813,4,8.925184639757235e-05,3003,3,1,3000,41813
CAT001,validation,0.88,44816,1,2.2312961599393088e-05,3003,1,0,3002,41814
CAT001,validation,0.89,44816,1,2.2312961599393088e-05,3003,1,0,3002,41814
CAT001,validation,0.9,44817,0,0.0,3003,0,0,3003,41814
CAT001,validation,0.91,44817,0,0.0,3003,0,0,3003,41814
CAT001,validation,0.92,44817,0,0.0,3003,0,0,3003,41814
CAT001,validation,0.93,44817,0,0.0,3003,0,0,3003,41814
CAT001,validation,0.94,44817,0,0.0,3003,0,0,3003,41814
CAT001,validation,0.95,44817,0,0.0,3003,0,0,3003,41814
CAT001,validation,0.96,44817,0,0.0,3003,0,0,3003,41814
CAT001,validation,0.97,44817,0,0.0,3003,0,0,3003,41814
CAT001,validation,0.98,44817,0,0.0,3003,0,0,3003,41814
CAT001,validation,0.99,44817,0,0.0,3003,0,0,3003,41814
CAT002,validation,0.01,9622,35195,0.7853046834906398,3003,2953,32242,50,9572
CAT002,validation,0.02,21538,23279,0.5194234330722717,3003,2800,20479,203,21335
CAT002,validation,0.03,26090,18727,0.41785483187183436,3003,2697,16030,306,25784
CAT002,validation,0.04,28965,15852,0.3537050672735792,3003,2608,13244,395,28570
CAT002,validation,0.05,31192,13625,0.30401410179173083,3003,2534,11091,469,30723
CAT002,validation,0.06,32909,11908,0.26570274672557287,3003,2438,9470,565,32344
CAT002,validation,0.07,34337,10480,0.23383983756163956,3003,2342,8138,661,33676
CAT002,validation,0.08,35579,9238,0.20612713925519335,3003,2243,6995,760,34819
CAT002,validation,0.09,36592,8225,0.18352410915500814,3003,2156,6069,847,35745
CAT002,validation,0.1,37495,7322,0.1633755048307562,3003,2060,5262,943,36552
CAT002,validation,0.11,38203,6614,0.14757792801838587,3003,1985,4629,1018,37185
CAT002,validation,0.12,38735,6082,0.13570743244750877,3003,1916,4166,1087,37648
CAT002,validation,0.13,39180,5637,0.12577816453577884,3003,1860,3777,1143,38037
CAT002,validation,0.14,39577,5240,0.11691991878081978,3003,1807,3433,1196,38381
CAT002,validation,0.15,39902,4915,0.10966820626101703,3003,1758,3157,1245,38657
CAT002,validation,0.16,40183,4634,0.10339826405158757,3003,1716,2918,1287,38896
CAT002,validation,0.17,40438,4379,0.09770845884374232,3003,1662,2717,1341,39097
CAT002,validation,0.18,40651,4166,0.0929557980230716,3003,1620,2546,1383,39268
CAT002,validation,0.19,40817,4000,0.08925184639757235,3003,1579,2421,1424,39393
CAT002,validation,0.2,40975,3842,0.08572639846486824,3003,1543,2299,1460,39515
CAT002,validation,0.21,41162,3655,0.08155387464578173,3003,1496,2159,1507,39655
CAT002,validation,0.22,41305,3512,0.07836312113706852,3003,1458,2054,1545,39760
CAT002,validation,0.23,41436,3381,0.07544012316754803,3003,1425,1956,1578,39858
CAT002,validation,0.24,41591,3226,0.0719816141196421,3003,1394,1832,1609,39982
CAT002,validation,0.25,41730,3087,0.06888011245732646,3003,1358,1729,1645,40085
CAT002,validation,0.26,41842,2975,0.06638106075819443,3003,1328,1647,1675,40167
CAT002,validation,0.27,41967,2850,0.0635919405582703,3003,1294,1556,1709,40258
CAT002,validation,0.28,42078,2739,0.061115201820737666,3003,1256,1483,1747,40331
CAT002,validation,0.29,42179,2638,0.05886159269919897,3003,1228,1410,1775,40404
CAT002,validation,0.3,42306,2511,0.05602784657607604,3003,1183,1328,1820,40486
CAT002,validation,0.31,42417,2400,0.05355110783854341,3003,1141,1259,1862,40555
CAT002,validation,0.32,42518,2299,0.05129749871700471,3003,1116,1183,1887,40631
CAT002,validation,0.33,42622,2195,0.04897695071066783,3003,1086,1109,1917,40705
CAT002,validation,0.34,42706,2111,0.047102661936318804,3003,1055,1056,1948,40758
CAT002,validation,0.35,42779,2038,0.04547381573956311,3003,1027,1011,1976,40803
CAT002,validation,0.36,42868,1949,0.043487962157217126,3003,998,951,2005,40863
CAT002,validation,0.37,42949,1868,0.04168061226766629,3003,972,896,2031,40918
CAT002,validation,0.38,43026,1791,0.03996251422451302,3003,941,850,2062,40964
CAT002,validation,0.39,43089,1728,0.03855679764375126,3003,916,812,2087,41002
CAT002,validation,0.4,43163,1654,0.036905638485396165,3003,893,761,2110,41053
CAT002,validation,0.41,43231,1586,0.035388357096637436,3003,863,723,2140,41091
CAT002,validation,0.42,43314,1503,0.03353638128388781,3003,830,673,2173,41141
CAT002,validation,0.43,43371,1446,0.0322645424727224,3003,807,639,2196,41175
CAT002,validation,0.44,43435,1382,0.030836512930361246,3003,776,606,2227,41208
CAT002,validation,0.45,43507,1310,0.029229979695204945,3003,746,564,2257,41250
CAT002,validation,0.46,43574,1243,0.027735011268045607,3003,714,529,2289,41285
CAT002,validation,0.47,43633,1184,0.026418546533681416,3003,686,498,2317,41316
CAT002,validation,0.48,43700,1117,0.024923578106522078,3003,661,456,2342,41358
CAT002,validation,0.49,43759,1058,0.023607113372157887,3003,638,420,2365,41394
CAT002,validation,0.5,43822,995,0.02220139679139612,3003,611,384,2392,41430
CAT002,validation,0.51,43886,931,0.020773367249034964,3003,578,353,2425,41461
CAT002,validation,0.52,43942,875,0.01952384139946895,3003,547,328,2456,41486
CAT002,validation,0.53,43991,826,0.01843050628109869,3003,520,306,2483,41508
CAT002,validation,0.54,44045,772,0.017225606354731464,3003,490,282,2513,41532
CAT002,validation,0.55,44091,726,0.016199210121159383,3003,463,263,2540,41551
CAT002,validation,0.56,44146,671,0.014971997233192761,3003,434,237,2569,41577
CAT002,validation,0.57,44203,614,0.013700158422027356,3003,406,208,2597,41606
CAT002,validation,0.58,44252,565,0.012606823303657094,3003,380,185,2623,41629
CAT002,validation,0.59,44306,511,0.011401923377289867,3003,346,165,2657,41649
CAT002,validation,0.6,44344,473,0.01055403083651293,3003,321,152,2682,41662
CAT002,validation,0.61,44385,432,0.009639199410937814,3003,294,138,2709,41676
CAT002,validation,0.62,44425,392,0.00874668094696209,3003,269,123,2734,41691
CAT002,validation,0.63,44477,340,0.0075864069437936495,3003,238,102,2765,41712
CAT002,validation,0.64,44511,306,0.006827766249414285,3003,217,89,2786,41725
CAT002,validation,0.65,44550,267,0.005957560747037955,3003,191,76,2812,41738
CAT002,validation,0.66,44581,236,0.0052658589374567685,3003,170,66,2833,41748
CAT002,validation,0.67,44604,213,0.004752660820670727,3003,155,58,2848,41756
CAT002,validation,0.68,44620,197,0.004395653435080438,3003,143,54,2860,41760
CAT002,validation,0.69,44637,180,0.004016333087890756,3003,134,46,2869,41768
CAT002,validation,0.7,44664,153,0.0034138831247071426,3003,117,36,2886,41778
CAT002,validation,0.71,44676,141,0.0031461275855144254,3003,111,30,2892,41784
CAT002,validation,0.72,44690,127,0.0028337461231229223,3003,99,28,2904,41786
CAT002,validation,0.73,44710,107,0.0023874868911350606,3003,85,22,2918,41792
CAT002,validation,0.74,44727,90,0.002008166543945378,3003,72,18,2931,41796
CAT002,validation,0.75,44734,83,0.0018519758127496263,3003,66,17,2937,41797
CAT002,validation,0.76,44742,75,0.0016734721199544815,3003,62,13,2941,41801
CAT002,validation,0.77,44749,68,0.00151728138875873,3003,57,11,2946,41803
CAT002,validation,0.78,44764,53,0.0011825869647678336,3003,45,8,2958,41806
CAT002,validation,0.79,44769,48,0.0010710221567708682,3003,40,8,2963,41806
CAT002,validation,0.8,44774,43,0.0009594573487739028,3003,37,6,2966,41808
CAT002,validation,0.81,44779,38,0.0008478925407769373,3003,32,6,2971,41808
CAT002,validation,0.82,44785,32,0.0007140147711805788,3003,27,5,2976,41809
CAT002,validation,0.83,44795,22,0.000490885155186648,3003,18,4,2985,41810
CAT002,validation,0.84,44799,18,0.00040163330878907556,3003,15,3,2988,41811
CAT002,validation,0.85,44804,13,0.00029006850079211013,3003,11,2,2992,41812
CAT002,validation,0.86,44811,6,0.00013387776959635853,3003,5,1,2998,41813
CAT002,validation,0.87,44811,6,0.00013387776959635853,3003,5,1,2998,41813
CAT002,validation,0.88,44814,3,6.693888479817926e-05,3003,3,0,3000,41814
CAT002,validation,0.89,44815,2,4.4625923198786177e-05,3003,2,0,3001,41814
CAT002,validation,0.9,44816,1,2.2312961599393088e-05,3003,1,0,3002,41814
CAT002,validation,0.91,44816,1,2.2312961599393088e-05,3003,1,0,3002,41814
CAT002,validation,0.92,44816,1,2.2312961599393088e-05,3003,1,0,3002,41814
CAT002,validation,0.93,44817,0,0.0,3003,0,0,3003,41814
CAT002,validation,0.94,44817,0,0.0,3003,0,0,3003,41814
CAT002,validation,0.95,44817,0,0.0,3003,0,0,3003,41814
CAT002,validation,0.96,44817,0,0.0,3003,0,0,3003,41814
CAT002,validation,0.97,44817,0,0.0,3003,0,0,3003,41814
CAT002,validation,0.98,44817,0,0.0,3003,0,0,3003,41814
CAT002,validation,0.99,44817,0,0.0,3003,0,0,3003,41814
CAT003,validation,0.01,8402,36415,0.8125264966418992,3003,2965,33450,38,8364
CAT003,validation,0.02,21496,23321,0.5203605774594462,3003,2801,20520,202,21294
CAT003,validation,0.03,26128,18689,0.4170069393310574,3003,2701,15988,302,25826
CAT003,validation,0.04,28919,15898,0.3547314635071513,3003,2609,13289,394,28525
CAT003,validation,0.05,31100,13717,0.30606689425887496,3003,2519,11198,484,30616
CAT003,validation,0.06,32826,11991,0.2675547225383225,3003,2436,9555,567,32259
CAT003,validation,0.07,34334,10483,0.23390677644643773,3003,2329,8154,674,33660
CAT003,validation,0.08,35542,9275,0.20695271883437089,3003,2242,7033,761,34781
CAT003,validation,0.09,36647,8170,0.1822968962670415,3003,2136,6034,867,35780
CAT003,validation,0.1,37518,7299,0.16286230671397015,3003,2046,5253,957,36561
CAT003,validation,0.11,38282,6535,0.14581520405203383,3003,1963,4572,1040,37242
CAT003,validation,0.12,38864,5953,0.13282906040118705,3003,1892,4061,1111,37753
CAT003,validation,0.13,39310,5507,0.12287747952785773,3003,1846,3661,1157,38153
CAT003,validation,0.14,39683,5134,0.11455474485128411,3003,1791,3343,1212,38471
CAT003,validation,0.15,39974,4843,0.10806167302586073,3003,1742,3101,1261,38713
CAT003,validation,0.16,40214,4603,0.10270656224200639,3003,1702,2901,1301,38913
CAT003,validation,0.17,40469,4348,0.09701675703416114,3003,1654,2694,1349,39120
CAT003,validation,0.18,40684,4133,0.09221947029029164,3003,1603,2530,1400,39284
CAT003,validation,0.19,40875,3942,0.08795769462480756,3003,1561,2381,1442,39433
CAT003,validation,0.2,41019,3798,0.08474462815449495,3003,1528,2270,1475,39544
CAT003,validation,0.21,41175,3642,0.08126380614498963,3003,1490,2152,1513,39662
CAT003,validation,0.22,41318,3499,0.07807305263627641,3003,1459,2040,1544,39774
CAT003,validation,0.23,41455,3362,0.07501617689715956,3003,1431,1931,1572,39883
CAT003,validation,0.24,41593,3224,0.07193698819644331,3003,1386,1838,1617,39976
CAT003,validation,0.25,41713,3104,0.06925943280451614,3003,1356,1748,1647,40066
CAT003,validation,0.26,41838,2979,0.066470312604592,3003,1328,1651,1675,40163
CAT003,validation,0.27,41962,2855,0.06370350536626726,3003,1302,1553,1701,40261
CAT003,validation,0.28,42101,2716,0.06060200370395163,3003,1259,1457,1744,40357
CAT003,validation,0.29,42209,2608,0.05819220385121717,3003,1226,1382,1777,40432
CAT003,validation,0.3,42333,2484,0.055425396612892426,3003,1180,1304,1823,40510
CAT003,validation,0.31,42425,2392,0.053372604145748265,3003,1155,1237,1848,40577
CAT003,validation,0.32,42530,2287,0.05102974317781199,3003,1112,1175,1891,40639
CAT003,validation,0.33,42631,2186,0.04877613405627329,3003,1076,1110,1927,40704
CAT003,validation,0.34,42714,2103,0.04692415824352366,3003,1054,1049,1949,40765
CAT003,validation,0.35,42796,2021,0.04509449539237343,3003,1025,996,1978,40818
CAT003,validation,0.36,42867,1950,0.04351027511881652,3003,997,953,2006,40861
CAT003,validation,0.37,42941,1876,0.041859115960461435,3003,966,910,2037,40904
CAT003,validation,0.38,43022,1795,0.04005176607091059,3003,936,859,2067,40955
CAT003,validation,0.39,43085,1732,0.038646049490148826,3003,917,815,2086,40999
CAT003,validation,0.4,43168,1649,0.0367940736773992,3003,890,759,2113,41055
CAT003,validation,0.41,43229,1588,0.035432983019836224,3003,867,721,2136,41093
CAT003,validation,0.42,43302,1515,0.033804136823080526,3003,843,672,2160,41142
CAT003,validation,0.43,43363,1454,0.03244304616551755,3003,819,635,2184,41179
CAT003,validation,0.44,43438,1379,0.030769574045563068,3003,783,596,2220,41218
CAT003,validation,0.45,43506,1311,0.02925229265680434,3003,749,562,2254,41252
CAT003,validation,0.46,43572,1245,0.027779637191244395,3003,718,527,2285,41287
CAT003,validation,0.47,43633,1184,0.026418546533681416,3003,691,493,2312,41321
CAT003,validation,0.48,43697,1120,0.02499051699132026,3003,659,461,2344,41353
CAT003,validation,0.49,43771,1046,0.02333935783296517,3003,630,416,2373,41398
CAT003,validation,0.5,43837,980,0.021866702367405226,3003,598,382,2405,41432
CAT003,validation,0.51,43898,919,0.020505611709842247,3003,573,346,2430,41468
CAT003,validation,0.52,43937,880,0.019635406207465917,3003,557,323,2446,41491
CAT003,validation,0.53,43979,838,0.01869826182029141,3003,531,307,2472,41507
CAT003,validation,0.54,44026,791,0.017649552625119934,3003,505,286,2498,41528
CAT003,validation,0.55,44090,727,0.016221523082758774,3003,478,249,2525,41565
CAT003,validation,0.56,44139,678,0.015128187964388513,3003,451,227,2552,41587
CAT003,validation,0.57,44200,617,0.013767097306825534,3003,412,205,2591,41609
CAT003,validation,0.58,44259,558,0.012450632572461344,3003,371,187,2632,41627
CAT003,validation,0.59,44312,505,0.01126804560769351,3003,337,168,2666,41646
CAT003,validation,0.6,44348,469,0.010464778990115359,3003,316,153,2687,41661
CAT003,validation,0.61,44382,435,0.009706138295735993,3003,294,141,2709,41673
CAT003,validation,0.62,44423,394,0.008791306870160876,3003,271,123,2732,41691
CAT003,validation,0.63,44465,352,0.007854162482986368,3003,243,109,2760,41705
CAT003,validation,0.64,44517,300,0.006693888479817926,3003,209,91,2794,41723
CAT003,validation,0.65,44540,277,0.006180690363031885,3003,196,81,2807,41733
CAT003,validation,0.66,44575,242,0.0053997367070531275,3003,173,69,2830,41745
CAT003,validation,0.67,44598,219,0.004886538590267086,3003,156,63,2847,41751
CAT003,validation,0.68,44630,187,0.004172523819086507,3003,137,50,2866,41764
CAT003,validation,0.69,44647,170,0.0037932034718968248,3003,125,45,2878,41769
CAT003,validation,0.7,44664,153,0.0034138831247071426,3003,113,40,2890,41774
CAT003,validation,0.71,44687,130,0.0029006850079211013,3003,101,29,2902,41785
CAT003,validation,0.72,44701,116,0.002588303545529598,3003,92,24,2911,41790
CAT003,validation,0.73,44721,96,0.0021420443135417365,3003,76,20,2927,41794
CAT003,validation,0.74,44737,80,0.001785036927951447,3003,63,17,2940,41797
CAT003,validation,0.75,44746,71,0.0015842202735569092,3003,56,15,2947,41799
CAT003,validation,0.76,44759,58,0.001294151772764799,3003,45,13,2958,41801
CAT003,validation,0.77,44771,46,0.001026396233572082,3003,39,7,2964,41807
CAT003,validation,0.78,44776,41,0.0009148314255751166,3003,35,6,2968,41808
CAT003,validation,0.79,44783,34,0.000758640694379365,3003,29,5,2974,41809
CAT003,validation,0.8,44788,29,0.0006470758863823995,3003,24,5,2979,41809
CAT003,validation,0.81,44795,22,0.000490885155186648,3003,19,3,2984,41811
CAT003,validation,0.82,44802,15,0.00033469442399089634,3003,14,1,2989,41813
CAT003,validation,0.83,44807,10,0.00022312961599393088,3003,9,1,2994,41813
CAT003,validation,0.84,44811,6,0.00013387776959635853,3003,5,1,2998,41813
CAT003,validation,0.85,44815,2,4.4625923198786177e-05,3003,2,0,3001,41814
CAT003,validation,0.86,44815,2,4.4625923198786177e-05,3003,2,0,3001,41814
CAT003,validation,0.87,44815,2,4.4625923198786177e-05,3003,2,0,3001,41814
CAT003,validation,0.88,44815,2,4.4625923198786177e-05,3003,2,0,3001,41814
CAT003,validation,0.89,44815,2,4.4625923198786177e-05,3003,2,0,3001,41814
CAT003,validation,0.9,44817,0,0.0,3003,0,0,3003,41814
CAT003,validation,0.91,44817,0,0.0,3003,0,0,3003,41814
CAT003,validation,0.92,44817,0,0.0,3003,0,0,3003,41814
CAT003,validation,0.93,44817,0,0.0,3003,0,0,3003,41814
CAT003,validation,0.94,44817,0,0.0,3003,0,0,3003,41814
CAT003,validation,0.95,44817,0,0.0,3003,0,0,3003,41814
CAT003,validation,0.96,44817,0,0.0,3003,0,0,3003,41814
CAT003,validation,0.97,44817,0,0.0,3003,0,0,3003,41814
CAT003,validation,0.98,44817,0,0.0,3003,0,0,3003,41814
CAT003,validation,0.99,44817,0,0.0,3003,0,0,3003,41814
CAT004,validation,0.01,8128,36689,0.818640248120133,3003,2965,33724,38,8090
CAT004,validation,0.02,21470,23347,0.5209407144610304,3003,2801,20546,202,21268
CAT004,validation,0.03,26141,18676,0.4167168708302653,3003,2698,15978,305,25836
CAT004,validation,0.04,28890,15927,0.3553785393935337,3003,2607,13320,396,28494
CAT004,validation,0.05,31053,13764,0.3071156034540465,3003,2525,11239,478,30575
CAT004,validation,0.06,32776,12041,0.2686703706182922,3003,2441,9600,562,32214
CAT004,validation,0.07,34293,10524,0.23482160787201284,3003,2331,8193,672,33621
CAT004,validation,0.08,35537,9280,0.20706428364236784,3003,2240,7040,763,34774
CAT004,validation,0.09,36602,8215,0.18330097953901422,3003,2144,6071,859,35743
CAT004,validation,0.1,37544,7273,0.16228216971238593,3003,2052,5221,951,36593
CAT004,validation,0.11,38301,6516,0.14539125778164536,3003,1953,4563,1050,37251
CAT004,validation,0.12,38872,5945,0.1326505567083919,3003,1890,4055,1113,37759
CAT004,validation,0.13,39353,5464,0.12191802217908383,3003,1840,3624,1163,38190
CAT004,validation,0.14,39674,5143,0.11475556150567864,3003,1793,3350,1210,38464
CAT004,validation,0.15,39979,4838,0.10795010821786376,3003,1741,3097,1262,38717
CAT004,validation,0.16,40229,4588,0.10237186781801548,3003,1706,2882,1297,38932
CAT004,validation,0.17,40501,4316,0.09630274226298056,3003,1648,2668,1355,39146
CAT004,validation,0.18,40690,4127,0.09208559252069527,3003,1604,2523,1399,39291
CAT004,validation,0.19,40880,3937,0.08784612981681059,3003,1564,2373,1439,39441
CAT004,validation,0.2,41063,3754,0.08376285784412164,3003,1519,2235,1484,39579
CAT004,validation,0.21,41185,3632,0.0810406765289957,3003,1492,2140,1511,39674
CAT004,validation,0.22,41329,3488,0.07782761005868309,3003,1461,2027,1542,39787
CAT004,validation,0.23,41465,3352,0.07479304728116563,3003,1427,1925,1576,39889
CAT004,validation,0.24,41586,3231,0.07209317892763907,3003,1391,1840,1612,39974
CAT004,validation,0.25,41728,3089,0.06892473838052525,3003,1354,1735,1649,40079
CAT004,validation,0.26,41873,2944,0.06568935894861325,3003,1318,1626,1685,40188
CAT004,validation,0.27,42000,2817,0.06285561282549033,3003,1293,1524,1710,40290
CAT004,validation,0.28,42101,2716,0.06060200370395163,3003,1265,1451,1738,40363
CAT004,validation,0.29,42212,2605,0.05812526496641899,3003,1223,1382,1780,40432
CAT004,validation,0.3,42320,2497,0.05571546511368454,3003,1183,1314,1820,40500
CAT004,validation,0.31,42445,2372,0.0529263449137604,3003,1147,1225,1856,40589
CAT004,validation,0.32,42542,2275,0.05076198763861928,3003,1114,1161,1889,40653
CAT004,validation,0.33,42653,2164,0.04828524890108664,3003,1075,1089,1928,40725
CAT004,validation,0.34,42730,2087,0.04656715085793337,3003,1047,1040,1956,40774
CAT004,validation,0.35,42818,1999,0.04460361023718678,3003,1013,986,1990,40828
CAT004,validation,0.36,42890,1927,0.04299707700203048,3003,979,948,2024,40866
CAT004,validation,0.37,42970,1847,0.04121204007407903,3003,953,894,2050,40920
CAT004,validation,0.38,43026,1791,0.03996251422451302,3003,934,857,2069,40957
CAT004,validation,0.39,43092,1725,0.038489858758953076,3003,914,811,2089,41003
CAT004,validation,0.4,43162,1655,0.03692795144699556,3003,889,766,2114,41048
CAT004,validation,0.41,43235,1582,0.03529910525023987,3003,863,719,2140,41095
CAT004,validation,0.42,43296,1521,0.03393801459267689,3003,843,678,2160,41136
CAT004,validation,0.43,43358,1459,0.03255461097351452,3003,819,640,2184,41174
CAT004,validation,0.44,43437,1380,0.030791887007162462,3003,783,597,2220,41217
CAT004,validation,0.45,43510,1307,0.029163040810406764,3003,750,557,2253,41257
CAT004,validation,0.46,43585,1232,0.027489568690452285,3003,712,520,2291,41294
CAT004,validation,0.47,43635,1182,0.02637392061048263,3003,694,488,2309,41326
CAT004,validation,0.48,43719,1098,0.02449963183613361,3003,652,446,2351,41368
CAT004,validation,0.49,43771,1046,0.02333935783296517,3003,628,418,2375,41396
CAT004,validation,0.5,43843,974,0.021732824597808866,3003,597,377,2406,41437
CAT004,validation,0.51,43896,921,0.020550237633041035,3003,574,347,2429,41467
CAT004,validation,0.52,43936,881,0.01965771916906531,3003,552,329,2451,41485
CAT004,validation,0.53,43989,828,0.018475132204297477,3003,525,303,2478,41511
CAT004,validation,0.54,44042,775,0.017292545239529642,3003,493,282,2510,41532
CAT004,validation,0.55,44105,712,0.01588682865876788,3003,461,251,2542,41563
CAT004,validation,0.56,44149,668,0.014905058348394583,3003,442,226,2561,41588
CAT004,validation,0.57,44218,599,0.01336546399803646,3003,399,200,2604,41614
CAT004,validation,0.58,44272,545,0.012160564071669233,3003,367,178,2636,41636
CAT004,validation,0.59,44310,507,0.011312671530892295,3003,336,171,2667,41643
CAT004,validation,0.6,44360,457,0.01019702345092264,3003,304,153,2699,41661
CAT004,validation,0.61,44386,431,0.00961688644933842,3003,290,141,2713,41673
CAT004,validation,0.62,44427,390,0.008702055023763304,3003,268,122,2735,41692
CAT004,validation,0.63,44478,339,0.0075640939821942565,3003,237,102,2766,41712
CAT004,validation,0.64,44506,311,0.00693933105741125,3003,220,91,2783,41723
CAT004,validation,0.65,44547,270,0.006024499631836134,3003,192,78,2811,41736
CAT004,validation,0.66,44583,234,0.005221233014257982,3003,170,64,2833,41750
CAT004,validation,0.67,44611,206,0.004596470089474976,3003,152,54,2851,41760
CAT004,validation,0.68,44641,176,0.003927081241493184,3003,133,43,2870,41771
CAT004,validation,0.69,44657,160,0.003570073855902894,3003,121,39,2882,41775
CAT004,validation,0.7,44677,140,0.0031238146239150324,3003,108,32,2895,41782
CAT004,validation,0.71,44693,124,0.002766807238324743,3003,98,26,2905,41788
CAT004,validation,0.72,44714,103,0.002298235044737488,3003,83,20,2920,41794
CAT004,validation,0.73,44729,88,0.001963540620746592,3003,71,17,2932,41797
CAT004,validation,0.74,44741,76,0.0016957850815538745,3003,59,17,2944,41797
CAT004,validation,0.75,44751,66,0.0014726554655599437,3003,52,14,2951,41800
CAT004,validation,0.76,44763,54,0.0012048999263672268,3003,45,9,2958,41805
CAT004,validation,0.77,44771,46,0.001026396233572082,3003,40,6,2963,41808
CAT004,validation,0.78,44780,37,0.0008255795791775443,3003,31,6,2972,41808
CAT004,validation,0.79,44787,30,0.0006693888479817927,3003,25,5,2978,41809
CAT004,validation,0.8,44792,25,0.0005578240399848271,3003,21,4,2982,41810
CAT004,validation,0.81,44801,16,0.0003570073855902894,3003,14,2,2989,41812
CAT004,validation,0.82,44805,12,0.00026775553919271706,3003,11,1,2992,41813
CAT004,validation,0.83,44807,10,0.00022312961599393088,3003,9,1,2994,41813
CAT004,validation,0.84,44812,5,0.00011156480799696544,3003,5,0,2998,41814
CAT004,validation,0.85,44814,3,6.693888479817926e-05,3003,3,0,3000,41814
CAT004,validation,0.86,44815,2,4.4625923198786177e-05,3003,2,0,3001,41814
CAT004,validation,0.87,44815,2,4.4625923198786177e-05,3003,2,0,3001,41814
CAT004,validation,0.88,44816,1,2.2312961599393088e-05,3003,1,0,3002,41814
CAT004,validation,0.89,44817,0,0.0,3003,0,0,3003,41814
CAT004,validation,0.9,44817,0,0.0,3003,0,0,3003,41814
CAT004,validation,0.91,44817,0,0.0,3003,0,0,3003,41814
CAT004,validation,0.92,44817,0,0.0,3003,0,0,3003,41814
CAT004,validation,0.93,44817,0,0.0,3003,0,0,3003,41814
CAT004,validation,0.94,44817,0,0.0,3003,0,0,3003,41814
CAT004,validation,0.95,44817,0,0.0,3003,0,0,3003,41814
CAT004,validation,0.96,44817,0,0.0,3003,0,0,3003,41814
CAT004,validation,0.97,44817,0,0.0,3003,0,0,3003,41814
CAT004,validation,0.98,44817,0,0.0,3003,0,0,3003,41814
CAT004,validation,0.99,44817,0,0.0,3003,0,0,3003,41814
EASTACK001,validation,0.01,9609,35208,0.7855947519914318,3003,2948,32260,55,9554
EASTACK001,validation,0.02,20438,24379,0.5439676908316041,3003,2817,21562,186,20252
EASTACK001,validation,0.03,24930,19887,0.44373786732713033,3003,2726,17161,277,24653
EASTACK001,validation,0.04,27484,17333,0.38675056340228037,3003,2648,14685,355,27129
EASTACK001,validation,0.05,29114,15703,0.35038043599526963,3003,2586,13117,417,28697
EASTACK001,validation,0.06,30513,14304,0.31916460271771874,3003,2544,11760,459,30054
EASTACK001,validation,0.07,31640,13177,0.2940178949952027,3003,2478,10699,525,31115
EASTACK001,validation,0.08,32512,12305,0.27456099248053195,3003,2423,9882,580,31932
EASTACK001,validation,0.09,33304,11513,0.2568891268938126,3003,2374,9139,629,32675
EASTACK001,validation,0.1,34095,10722,0.2392395742686927,3003,2323,8399,680,33415
EASTACK001,validation,0.11,34748,10069,0.224669210344289,3003,2265,7804,738,34010
EASTACK001,validation,0.12,35336,9481,0.21154918892384586,3003,2209,7272,794,34542
EASTACK001,validation,0.13,35872,8945,0.19958944150657118,3003,2168,6777,835,35037
EASTACK001,validation,0.14,36425,8392,0.1872503737421068,3003,2128,6264,875,35550
EASTACK001,validation,0.15,36882,7935,0.17705335029118416,3003,2080,5855,923,35959
EASTACK001,validation,0.16,37318,7499,0.16732489903384876,3003,2035,5464,968,36350
EASTACK001,validation,0.17,37814,7003,0.1562576700805498,3003,1985,5018,1018,36796
EASTACK001,validation,0.18,38294,6523,0.1455474485128411,3003,1933,4590,1070,37224
EASTACK001,validation,0.19,38605,6212,0.13860811745542986,3003,1900,4312,1103,37502
EASTACK001,validation,0.2,38907,5910,0.13186960305241316,3003,1871,4039,1132,37775
EASTACK001,validation,0.21,39146,5671,0.1265368052301582,3003,1832,3839,1171,37975
EASTACK001,validation,0.22,39345,5472,0.12209652587187897,3003,1801,3671,1202,38143
EASTACK001,validation,0.23,39536,5281,0.11783475020639489,3003,1769,3512,1234,38302
EASTACK001,validation,0.24,39714,5103,0.11386304304170293,3003,1745,3358,1258,38456
EASTACK001,validation,0.25,39908,4909,0.10953432849142067,3003,1721,3188,1282,38626
EASTACK001,validation,0.26,40109,4708,0.10504942320994265,3003,1687,3021,1316,38793
EASTACK001,validation,0.27,40312,4505,0.10051989200526586,3003,1651,2854,1352,38960
EASTACK001,validation,0.28,40494,4323,0.09645893299417632,3003,1621,2702,1382,39112
EASTACK001,validation,0.29,40640,4177,0.09320124060066493,3003,1590,2587,1413,39227
EASTACK001,validation,0.3,40763,4054,0.09045674632393957,3003,1563,2491,1440,39323
EASTACK001,validation,0.31,40907,3910,0.08724367985362697,3003,1538,2372,1465,39442
EASTACK001,validation,0.32,41035,3782,0.08438762076890466,3003,1509,2273,1494,39541
EASTACK001,validation,0.33,41159,3658,0.08162081353057991,3003,1485,2173,1518,39641
EASTACK001,validation,0.34,41295,3522,0.07858625075306246,3003,1450,2072,1553,39742
EASTACK001,validation,0.35,41465,3352,0.07479304728116563,3003,1418,1934,1585,39880
EASTACK001,validation,0.36,41621,3196,0.07131222527166031,3003,1372,1824,1631,39990
EASTACK001,validation,0.37,41766,3051,0.06807684583974831,3003,1336,1715,1667,40099
EASTACK001,validation,0.38,41903,2914,0.06501997010063146,3003,1301,1613,1702,40201
EASTACK001,validation,0.39,42045,2772,0.06185152955351764,3003,1252,1520,1751,40294
EASTACK001,validation,0.4,42173,2644,0.05899547046879532,3003,1210,1434,1793,40380
EASTACK001,validation,0.41,42326,2491,0.05558158734408818,3003,1167,1324,1836,40490
EASTACK001,validation,0.42,42463,2354,0.052524711604971325,3003,1127,1227,1876,40587
EASTACK001,validation,0.43,42608,2209,0.04928933217305933,3003,1072,1137,1931,40677
EASTACK001,validation,0.44,42783,2034,0.04538456389316554,3003,1015,1019,1988,40795
EASTACK001,validation,0.45,42895,1922,0.04288551219403351,3003,975,947,2028,40867
EASTACK001,validation,0.46,43017,1800,0.040163330878907555,3003,933,867,2070,40947
EASTACK001,validation,0.47,43113,1704,0.03802128656536582,3003,896,808,2107,41006
EASTACK001,validation,0.48,43222,1595,0.035589173751031974,3003,855,740,2148,41074
EASTACK001,validation,0.49,43327,1490,0.0332463127830957,3003,806,684,2197,41130
EASTACK001,validation,0.5,43437,1380,0.030791887007162462,3003,767,613,2236,41201
EASTACK001,validation,0.51,43558,1259,0.0280920186536359,3003,709,550,2294,41264
EASTACK001,validation,0.52,43634,1183,0.026396233572082022,3003,675,508,2328,41306
EASTACK001,validation,0.53,43720,1097,0.024477318874534217,3003,642,455,2361,41359
EASTACK001,validation,0.54,43793,1024,0.022848472677778522,3003,612,412,2391,41402
EASTACK001,validation,0.55,43873,944,0.021063435749827074,3003,567,377,2436,41437
EASTACK001,validation,0.56,43952,865,0.01930071178347502,3003,528,337,2475,41477
EASTACK001,validation,0.57,44022,795,0.017738804471517506,3003,493,302,2510,41512
EASTACK001,validation,0.58,44100,717,0.015998393466764845,3003,453,264,2550,41550
EASTACK001,validation,0.59,44156,661,0.01474886761719883,3003,423,238,2580,41576
EASTACK001,validation,0.6,44210,607,0.013543967690831604,3003,391,216,2612,41598
EASTACK001,validation,0.61,44264,553,0.012339067764464378,3003,359,194,2644,41620
EASTACK001,validation,0.62,44302,515,0.01149117522368744,3003,335,180,2668,41634
EASTACK001,validation,0.63,44353,464,0.010353214182118393,3003,308,156,2695,41658
EASTACK001,validation,0.64,44399,418,0.00932681794854631,3003,278,140,2725,41674
EASTACK001,validation,0.65,44454,363,0.008099605060579692,3003,244,119,2759,41695
EASTACK001,validation,0.66,44474,343,0.007653345828591829,3003,234,109,2769,41705
EASTACK001,validation,0.67,44515,302,0.006738514403016712,3003,209,93,2794,41721
EASTACK001,validation,0.68,44545,272,0.00606912555503492,3003,190,82,2813,41732
EASTACK001,validation,0.69,44574,243,0.0054220496686525205,3003,167,76,2836,41738
EASTACK001,validation,0.7,44588,229,0.005109668206261017,3003,160,69,2843,41745
EASTACK001,validation,0.71,44598,219,0.004886538590267086,3003,153,66,2850,41748
EASTACK001,validation,0.72,44619,198,0.004417966396679831,3003,139,59,2864,41755
EASTACK001,validation,0.73,44631,186,0.004150210857487114,3003,132,54,2871,41760
EASTACK001,validation,0.74,44650,167,0.0037262645870986457,3003,115,52,2888,41762
EASTACK001,validation,0.75,44664,153,0.0034138831247071426,3003,105,48,2898,41766
EASTACK001,validation,0.76,44680,137,0.003056875739116853,3003,93,44,2910,41770
EASTACK001,validation,0.77,44696,121,0.0026998683535265637,3003,81,40,2922,41774
EASTACK001,validation,0.78,44721,96,0.0021420443135417365,3003,67,29,2936,41785
EASTACK001,validation,0.79,44732,85,0.0018966017359484124,3003,59,26,2944,41788
EASTACK001,validation,0.8,44758,59,0.0013164647343641921,3003,42,17,2961,41797
EASTACK001,validation,0.81,44773,44,0.000981770310373296,3003,32,12,2971,41802
EASTACK001,validation,0.82,44784,33,0.0007363277327799718,3003,25,8,2978,41806
EASTACK001,validation,0.83,44792,25,0.0005578240399848271,3003,18,7,2985,41807
EASTACK001,validation,0.84,44795,22,0.000490885155186648,3003,15,7,2988,41807
EASTACK001,validation,0.85,44796,21,0.00046857219358725484,3003,15,6,2988,41808
EASTACK001,validation,0.86,44801,16,0.0003570073855902894,3003,11,5,2992,41809
EASTACK001,validation,0.87,44804,13,0.00029006850079211013,3003,9,4,2994,41810
EASTACK001,validation,0.88,44811,6,0.00013387776959635853,3003,4,2,2999,41812
EASTACK001,validation,0.89,44816,1,2.2312961599393088e-05,3003,0,1,3003,41813
EASTACK001,validation,0.9,44817,0,0.0,3003,0,0,3003,41814
EASTACK001,validation,0.91,44817,0,0.0,3003,0,0,3003,41814
EASTACK001,validation,0.92,44817,0,0.0,3003,0,0,3003,41814
EASTACK001,validation,0.93,44817,0,0.0,3003,0,0,3003,41814
EASTACK001,validation,0.94,44817,0,0.0,3003,0,0,3003,41814
EASTACK001,validation,0.95,44817,0,0.0,3003,0,0,3003,41814
EASTACK001,validation,0.96,44817,0,0.0,3003,0,0,3003,41814
EASTACK001,validation,0.97,44817,0,0.0,3003,0,0,3003,41814
EASTACK001,validation,0.98,44817,0,0.0,3003,0,0,3003,41814
EASTACK001,validation,0.99,44817,0,0.0,3003,0,0,3003,41814
ET001,validation,0.01,0,44817,1.0,3003,3003,41814,0,0
ET001,validation,0.02,923,43894,0.9794051364437601,3003,2999,40895,4,919
ET001,validation,0.03,9598,35219,0.7858401945690251,3003,2941,32278,62,9536
ET001,validation,0.04,20231,24586,0.5485864738826784,3003,2800,21786,203,20028
ET001,validation,0.05,25280,19537,0.4359283307673428,3003,2656,16881,347,24933
ET001,validation,0.06,28374,16443,0.36689202757882056,3003,2529,13914,474,27900
ET001,validation,0.07,30554,14263,0.3182497712921436,3003,2408,11855,595,29959
ET001,validation,0.08,32154,12663,0.28254903273311466,3003,2313,10350,690,31464
ET001,validation,0.09,33652,11165,0.24912421625722384,3003,2180,8985,823,32829
ET001,validation,0.1,35000,9817,0.21904634402124193,3003,2062,7755,941,34059
ET001,validation,0.11,36174,8643,0.19285092710355445,3003,1938,6705,1065,35109
ET001,validation,0.12,37212,7605,0.16969007296338443,3003,1822,5783,1181,36031
ET001,validation,0.13,38261,6556,0.14628377624562108,3003,1701,4855,1302,36959
ET001,validation,0.14,39271,5546,0.12374768503023406,3003,1591,3955,1412,37859
ET001,validation,0.15,40969,3848,0.0858602762344646,3003,1361,2487,1642,39327
ET001,validation,0.16,42184,2633,0.058750027891202,3003,1154,1479,1849,40335
ET001,validation,0.17,42761,2056,0.04587544904835219,3003,968,1088,2035,40726
ET001,validation,0.18,43255,1562,0.034852846018252004,3003,812,750,2191,41064
ET001,validation,0.19,43612,1205,0.02688711872726867,3003,674,531,2329,41283
ET001,validation,0.2,43854,963,0.021487382020215544,3003,555,408,2448,41406
ET001,validation,0.21,44069,748,0.016690095276346028,3003,454,294,2549,41520
ET001,validation,0.22,44239,578,0.012896891804449204,3003,367,211,2636,41603
ET001,validation,0.23,44363,454,0.010130084566124463,3003,288,166,2715,41648
ET001,validation,0.24,44469,348,0.007764910636588795,3003,232,116,2771,41698
ET001,validation,0.25,44550,267,0.005957560747037955,3003,183,84,2820,41730
ET001,validation,0.26,44600,217,0.0048419126670683,3003,152,65,2851,41749
ET001,validation,0.27,44636,181,0.004038646049490149,3003,123,58,2880,41756
ET001,validation,0.28,44668,149,0.00332463127830957,3003,102,47,2901,41767
ET001,validation,0.29,44695,122,0.0027221813151259567,3003,79,43,2924,41771
ET001,validation,0.3,44708,109,0.0024321128143338466,3003,72,37,2931,41777
ET001,validation,0.31,44719,98,0.0021866702367405225,3003,64,34,2939,41780
ET001,validation,0.32,44727,90,0.002008166543945378,3003,57,33,2946,41781
ET001,validation,0.33,44732,85,0.0018966017359484124,3003,55,30,2948,41784
ET001,validation,0.34,44739,78,0.0017404110047526608,3003,49,29,2954,41785
ET001,validation,0.35,44741,76,0.0016957850815538745,3003,47,29,2956,41785
ET001,validation,0.36,44743,74,0.0016511591583550885,3003,45,29,2958,41785
ET001,validation,0.37,44743,74,0.0016511591583550885,3003,45,29,2958,41785
ET001,validation,0.38,44743,74,0.0016511591583550885,3003,45,29,2958,41785
ET001,validation,0.39,44743,74,0.0016511591583550885,3003,45,29,2958,41785
ET001,validation,0.4,44743,74,0.0016511591583550885,3003,45,29,2958,41785
ET001,validation,0.41,44743,74,0.0016511591583550885,3003,45,29,2958,41785
ET001,validation,0.42,44743,74,0.0016511591583550885,3003,45,29,2958,41785
ET001,validation,0.43,44743,74,0.0016511591583550885,3003,45,29,2958,41785
ET001,validation,0.44,44743,74,0.0016511591583550885,3003,45,29,2958,41785
ET001,validation,0.45,44743,74,0.0016511591583550885,3003,45,29,2958,41785
ET001,validation,0.46,44744,73,0.0016288461967556955,3003,44,29,2959,41785
ET001,validation,0.47,44744,73,0.0016288461967556955,3003,44,29,2959,41785
ET001,validation,0.48,44745,72,0.0016065332351563022,3003,43,29,2960,41785
ET001,validation,0.49,44745,72,0.0016065332351563022,3003,43,29,2960,41785
ET001,validation,0.5,44747,70,0.0015619073119575162,3003,42,28,2961,41786
ET001,validation,0.51,44752,65,0.0014503425039605507,3003,40,25,2963,41789
ET001,validation,0.52,44759,58,0.001294151772764799,3003,33,25,2970,41789
ET001,validation,0.53,44760,57,0.001271838811165406,3003,32,25,2971,41789
ET001,validation,0.54,44775,42,0.0009371443871745097,3003,24,18,2979,41796
ET001,validation,0.55,44798,19,0.00042394627038846864,3003,12,7,2991,41807
ET001,validation,0.56,44817,0,0.0,3003,0,0,3003,41814
ET001,validation,0.57,44817,0,0.0,3003,0,0,3003,41814
ET001,validation,0.58,44817,0,0.0,3003,0,0,3003,41814
ET001,validation,0.59,44817,0,0.0,3003,0,0,3003,41814
ET001,validation,0.6,44817,0,0.0,3003,0,0,3003,41814
ET001,validation,0.61,44817,0,0.0,3003,0,0,3003,41814
ET001,validation,0.62,44817,0,0.0,3003,0,0,3003,41814
ET001,validation,0.63,44817,0,0.0,3003,0,0,3003,41814
ET001,validation,0.64,44817,0,0.0,3003,0,0,3003,41814
ET001,validation,0.65,44817,0,0.0,3003,0,0,3003,41814
ET001,validation,0.66,44817,0,0.0,3003,0,0,3003,41814
ET001,validation,0.67,44817,0,0.0,3003,0,0,3003,41814
ET001,validation,0.68,44817,0,0.0,3003,0,0,3003,41814
ET001,validation,0.69,44817,0,0.0,3003,0,0,3003,41814
ET001,validation,0.7,44817,0,0.0,3003,0,0,3003,41814
ET001,validation,0.71,44817,0,0.0,3003,0,0,3003,41814
ET001,validation,0.72,44817,0,0.0,3003,0,0,3003,41814
ET001,validation,0.73,44817,0,0.0,3003,0,0,3003,41814
ET001,validation,0.74,44817,0,0.0,3003,0,0,3003,41814
ET001,validation,0.75,44817,0,0.0,3003,0,0,3003,41814
ET001,validation,0.76,44817,0,0.0,3003,0,0,3003,41814
ET001,validation,0.77,44817,0,0.0,3003,0,0,3003,41814
ET001,validation,0.78,44817,0,0.0,3003,0,0,3003,41814
ET001,validation,0.79,44817,0,0.0,3003,0,0,3003,41814
ET001,validation,0.8,44817,0,0.0,3003,0,0,3003,41814
ET001,validation,0.81,44817,0,0.0,3003,0,0,3003,41814
ET001,validation,0.82,44817,0,0.0,3003,0,0,3003,41814
ET001,validation,0.83,44817,0,0.0,3003,0,0,3003,41814
ET001,validation,0.84,44817,0,0.0,3003,0,0,3003,41814
ET001,validation,0.85,44817,0,0.0,3003,0,0,3003,41814
ET001,validation,0.86,44817,0,0.0,3003,0,0,3003,41814
ET001,validation,0.87,44817,0,0.0,3003,0,0,3003,41814
ET001,validation,0.88,44817,0,0.0,3003,0,0,3003,41814
ET001,validation,0.89,44817,0,0.0,3003,0,0,3003,41814
ET001,validation,0.9,44817,0,0.0,3003,0,0,3003,41814
ET001,validation,0.91,44817,0,0.0,3003,0,0,3003,41814
ET001,validation,0.92,44817,0,0.0,3003,0,0,3003,41814
ET001,validation,0.93,44817,0,0.0,3003,0,0,3003,41814
ET001,validation,0.94,44817,0,0.0,3003,0,0,3003,41814
ET001,validation,0.95,44817,0,0.0,3003,0,0,3003,41814
ET001,validation,0.96,44817,0,0.0,3003,0,0,3003,41814
ET001,validation,0.97,44817,0,0.0,3003,0,0,3003,41814
ET001,validation,0.98,44817,0,0.0,3003,0,0,3003,41814
ET001,validation,0.99,44817,0,0.0,3003,0,0,3003,41814
ET002,validation,0.01,0,44817,1.0,3003,3003,41814,0,0
ET002,validation,0.02,5714,39103,0.8725037374210679,3003,2969,36134,34,5680
ET002,validation,0.03,16991,27826,0.6208804694647121,3003,2864,24962,139,16852
ET002,validation,0.04,23180,21637,0.4827855501260682,3003,2738,18899,265,22915
ET002,validation,0.05,26471,18346,0.4093535935024656,3003,2626,15720,377,26094
ET002,validation,0.06,28715,16102,0.3592833076734275,3003,2543,13559,460,28255
ET002,validation,0.07,30594,14223,0.3173572528281679,3003,2439,11784,564,30030
ET002,validation,0.08,32093,12724,0.28391012339067767,3003,2340,10384,663,31430
ET002,validation,0.09,33313,11504,0.25668831023941807,3003,2256,9248,747,32566
ET002,validation,0.1,34385,10432,0.23276881540486868,3003,2169,8263,834,33551
ET002,validation,0.11,35334,9483,0.21159381484704465,3003,2081,7402,922,34412
ET002,validation,0.12,36408,8409,0.18762969408929647,3003,1976,6433,1027,35381
ET002,validation,0.13,37395,7422,0.1656068009906955,3003,1862,5560,1141,36254
ET002,validation,0.14,38309,6508,0.1452127540888502,3003,1770,4738,1233,37076
ET002,validation,0.15,39376,5441,0.12140482406229779,3003,1631,3810,1372,38004
ET002,validation,0.16,40874,3943,0.08798000758640695,3003,1467,2476,1536,39338
ET002,validation,0.17,41730,3087,0.06888011245732646,3003,1284,1803,1719,40011
ET002,validation,0.18,42212,2605,0.05812526496641899,3003,1160,1445,1843,40369
ET002,validation,0.19,42561,2256,0.05033804136823081,3003,1074,1182,1929,40632
ET002,validation,0.2,42937,1880,0.041948367806859004,3003,937,943,2066,40871
ET002,validation,0.21,43244,1573,0.03509828859584533,3003,833,740,2170,41074
ET002,validation,0.22,43472,1345,0.030010933351183704,3003,741,604,2262,41210
ET002,validation,0.23,43681,1136,0.025347524376910548,3003,654,482,2349,41332
ET002,validation,0.24,43852,965,0.021532007943414328,3003,567,398,2436,41416
ET002,validation,0.25,44009,808,0.018028872972309616,3003,499,309,2504,41505
ET002,validation,0.26,44151,666,0.014860432425195797,3003,425,241,2578,41573
ET002,validation,0.27,44274,543,0.012115938148470446,3003,352,191,2651,41623
ET002,validation,0.28,44373,444,0.00990695495013053,3003,293,151,2710,41663
ET002,validation,0.29,44452,365,0.008144230983778478,3003,245,120,2758,41694
ET002,validation,0.3,44516,301,0.006716201441417319,3003,201,100,2802,41714
ET002,validation,0.31,44584,233,0.005198920052658589,3003,159,74,2844,41740
ET002,validation,0.32,44624,193,0.004306401588682866,3003,133,60,2870,41754
ET002,validation,0.33,44650,167,0.0037262645870986457,3003,116,51,2887,41763
ET002,validation,0.34,44673,144,0.0032130664703126045,3003,101,43,2902,41771
ET002,validation,0.35,44693,124,0.002766807238324743,3003,86,38,2917,41776
ET002,validation,0.36,44709,108,0.0024097998527344536,3003,72,36,2931,41778
ET002,validation,0.37,44719,98,0.0021866702367405225,3003,64,34,2939,41780
ET002,validation,0.38,44731,86,0.0019189146975478056,3003,56,30,2947,41784
ET002,validation,0.39,44736,81,0.00180734988955084,3003,52,29,2951,41785
ET002,validation,0.4,44739,78,0.0017404110047526608,3003,49,29,2954,41785
ET002,validation,0.41,44743,74,0.0016511591583550885,3003,45,29,2958,41785
ET002,validation,0.42,44743,74,0.0016511591583550885,3003,45,29,2958,41785
ET002,validation,0.43,44743,74,0.0016511591583550885,3003,45,29,2958,41785
ET002,validation,0.44,44743,74,0.0016511591583550885,3003,45,29,2958,41785
ET002,validation,0.45,44743,74,0.0016511591583550885,3003,45,29,2958,41785
ET002,validation,0.46,44743,74,0.0016511591583550885,3003,45,29,2958,41785
ET002,validation,0.47,44744,73,0.0016288461967556955,3003,44,29,2959,41785
ET002,validation,0.48,44745,72,0.0016065332351563022,3003,43,29,2960,41785
ET002,validation,0.49,44745,72,0.0016065332351563022,3003,43,29,2960,41785
ET002,validation,0.5,44745,72,0.0016065332351563022,3003,43,29,2960,41785
ET002,validation,0.51,44746,71,0.0015842202735569092,3003,42,29,2961,41785
ET002,validation,0.52,44754,63,0.0014057165807617644,3003,38,25,2965,41789
ET002,validation,0.53,44759,58,0.001294151772764799,3003,33,25,2970,41789
ET002,validation,0.54,44761,56,0.0012495258495660128,3003,31,25,2972,41789
ET002,validation,0.55,44780,37,0.0008255795791775443,3003,20,17,2983,41797
ET002,validation,0.56,44817,0,0.0,3003,0,0,3003,41814
ET002,validation,0.57,44817,0,0.0,3003,0,0,3003,41814
ET002,validation,0.58,44817,0,0.0,3003,0,0,3003,41814
ET002,validation,0.59,44817,0,0.0,3003,0,0,3003,41814
ET002,validation,0.6,44817,0,0.0,3003,0,0,3003,41814
ET002,validation,0.61,44817,0,0.0,3003,0,0,3003,41814
ET002,validation,0.62,44817,0,0.0,3003,0,0,3003,41814
ET002,validation,0.63,44817,0,0.0,3003,0,0,3003,41814
ET002,validation,0.64,44817,0,0.0,3003,0,0,3003,41814
ET002,validation,0.65,44817,0,0.0,3003,0,0,3003,41814
ET002,validation,0.66,44817,0,0.0,3003,0,0,3003,41814
ET002,validation,0.67,44817,0,0.0,3003,0,0,3003,41814
ET002,validation,0.68,44817,0,0.0,3003,0,0,3003,41814
ET002,validation,0.69,44817,0,0.0,3003,0,0,3003,41814
ET002,validation,0.7,44817,0,0.0,3003,0,0,3003,41814
ET002,validation,0.71,44817,0,0.0,3003,0,0,3003,41814
ET002,validation,0.72,44817,0,0.0,3003,0,0,3003,41814
ET002,validation,0.73,44817,0,0.0,3003,0,0,3003,41814
ET002,validation,0.74,44817,0,0.0,3003,0,0,3003,41814
ET002,validation,0.75,44817,0,0.0,3003,0,0,3003,41814
ET002,validation,0.76,44817,0,0.0,3003,0,0,3003,41814
ET002,validation,0.77,44817,0,0.0,3003,0,0,3003,41814
ET002,validation,0.78,44817,0,0.0,3003,0,0,3003,41814
ET002,validation,0.79,44817,0,0.0,3003,0,0,3003,41814
ET002,validation,0.8,44817,0,0.0,3003,0,0,3003,41814
ET002,validation,0.81,44817,0,0.0,3003,0,0,3003,41814
ET002,validation,0.82,44817,0,0.0,3003,0,0,3003,41814
ET002,validation,0.83,44817,0,0.0,3003,0,0,3003,41814
ET002,validation,0.84,44817,0,0.0,3003,0,0,3003,41814
ET002,validation,0.85,44817,0,0.0,3003,0,0,3003,41814
ET002,validation,0.86,44817,0,0.0,3003,0,0,3003,41814
ET002,validation,0.87,44817,0,0.0,3003,0,0,3003,41814
ET002,validation,0.88,44817,0,0.0,3003,0,0,3003,41814
ET002,validation,0.89,44817,0,0.0,3003,0,0,3003,41814
ET002,validation,0.9,44817,0,0.0,3003,0,0,3003,41814
ET002,validation,0.91,44817,0,0.0,3003,0,0,3003,41814
ET002,validation,0.92,44817,0,0.0,3003,0,0,3003,41814
ET002,validation,0.93,44817,0,0.0,3003,0,0,3003,41814
ET002,validation,0.94,44817,0,0.0,3003,0,0,3003,41814
ET002,validation,0.95,44817,0,0.0,3003,0,0,3003,41814
ET002,validation,0.96,44817,0,0.0,3003,0,0,3003,41814
ET002,validation,0.97,44817,0,0.0,3003,0,0,3003,41814
ET002,validation,0.98,44817,0,0.0,3003,0,0,3003,41814
ET002,validation,0.99,44817,0,0.0,3003,0,0,3003,41814
ET003,validation,0.01,89,44728,0.9980141464176541,3003,3003,41725,0,89
ET003,validation,0.02,9409,35408,0.7900573443113105,3003,2948,32460,55,9354
ET003,validation,0.03,19375,25442,0.567686369011759,3003,2831,22611,172,19203
ET003,validation,0.04,24001,20816,0.4644666086529665,3003,2732,18084,271,23730
ET003,validation,0.05,27051,17766,0.3964120757748176,3003,2638,15128,365,26686
ET003,validation,0.06,29154,15663,0.34948791753129393,3003,2536,13127,467,28687
ET003,validation,0.07,30772,14045,0.31338554566347593,3003,2456,11589,547,30225
ET003,validation,0.08,32184,12633,0.28187964388513287,3003,2361,10272,642,31542
ET003,validation,0.09,33353,11464,0.25579579177544237,3003,2273,9191,730,32623
ET003,validation,0.1,34518,10299,0.2298011915121494,3003,2194,8105,809,33709
ET003,validation,0.11,35503,9314,0.2078229243367472,3003,2133,7181,870,34633
ET003,validation,0.12,36483,8334,0.185956221969342,3003,2019,6315,984,35499
ET003,validation,0.13,37473,7344,0.16386638998594283,3003,1910,5434,1093,36380
ET003,validation,0.14,38274,6543,0.14599370774482898,3003,1812,4731,1191,37083
ET003,validation,0.15,39263,5554,0.12392618872302921,3003,1690,3864,1313,37950
ET003,validation,0.16,40509,4308,0.09612423857018543,3003,1546,2762,1457,39052
ET003,validation,0.17,41194,3623,0.08083985987460116,3003,1420,2203,1583,39611
ET003,validation,0.18,41676,3141,0.07008501238369369,3003,1311,1830,1692,39984
ET003,validation,0.19,42034,2783,0.06209697213111096,3003,1217,1566,1786,40248
ET003,validation,0.2,42301,2516,0.05613941138407301,3003,1144,1372,1859,40442
ET003,validation,0.21,42570,2247,0.05013722471383627,3003,1072,1175,1931,40639
ET003,validation,0.22,42887,1930,0.043064015886828656,3003,965,965,2038,40849
ET003,validation,0.23,43122,1695,0.03782046991097128,3003,871,824,2132,40990
ET003,validation,0.24,43320,1497,0.03340250351429145,3003,794,703,2209,41111
ET003,validation,0.25,43518,1299,0.02898453711761162,3003,724,575,2279,41239
ET003,validation,0.26,43685,1132,0.025258272530512976,3003,647,485,2356,41329
ET003,validation,0.27,43817,1000,0.022312961599393086,3003,584,416,2419,41398
ET003,validation,0.28,43954,863,0.019256085860276235,3003,518,345,2485,41469
ET003,validation,0.29,44072,745,0.01662315639154785,3003,467,278,2536,41536
ET003,validation,0.3,44189,628,0.014012539884418859,3003,404,224,2599,41590
ET003,validation,0.31,44287,530,0.011825869647678336,3003,345,185,2658,41629
ET003,validation,0.32,44374,443,0.009884641988531138,3003,295,148,2708,41666
ET003,validation,0.33,44437,380,0.008478925407769374,3003,254,126,2749,41688
ET003,validation,0.34,44507,310,0.006917018095811857,3003,207,103,2796,41711
ET003,validation,0.35,44561,256,0.005712118169444631,3003,174,82,2829,41732
ET003,validation,0.36,44612,205,0.004574157127875583,3003,142,63,2861,41751
ET003,validation,0.37,44647,170,0.0037932034718968248,3003,118,52,2885,41762
ET003,validation,0.38,44669,148,0.003302318316710177,3003,104,44,2899,41770
ET003,validation,0.39,44685,132,0.0029453109311198874,3003,91,41,2912,41773
ET003,validation,0.4,44703,114,0.002543677622330812,3003,79,35,2924,41779
ET003,validation,0.41,44716,101,0.002253609121538702,3003,69,32,2934,41782
ET003,validation,0.42,44729,88,0.001963540620746592,3003,58,30,2945,41784
ET003,validation,0.43,44734,83,0.0018519758127496263,3003,53,30,2950,41784
ET003,validation,0.44,44739,78,0.0017404110047526608,3003,49,29,2954,41785
ET003,validation,0.45,44741,76,0.0016957850815538745,3003,47,29,2956,41785
ET003,validation,0.46,44743,74,0.0016511591583550885,3003,45,29,2958,41785
ET003,validation,0.47,44744,73,0.0016288461967556955,3003,44,29,2959,41785
ET003,validation,0.48,44744,73,0.0016288461967556955,3003,44,29,2959,41785
ET003,validation,0.49,44745,72,0.0016065332351563022,3003,43,29,2960,41785
ET003,validation,0.5,44745,72,0.0016065332351563022,3003,43,29,2960,41785
ET003,validation,0.51,44746,71,0.0015842202735569092,3003,42,29,2961,41785
ET003,validation,0.52,44753,64,0.0014280295423611577,3003,38,26,2965,41788
ET003,validation,0.53,44759,58,0.001294151772764799,3003,33,25,2970,41789
ET003,validation,0.54,44761,56,0.0012495258495660128,3003,31,25,2972,41789
ET003,validation,0.55,44766,51,0.0011379610415690475,3003,27,24,2976,41790
ET003,validation,0.56,44807,10,0.00022312961599393088,3003,5,5,2998,41809
ET003,validation,0.57,44817,0,0.0,3003,0,0,3003,41814
ET003,validation,0.58,44817,0,0.0,3003,0,0,3003,41814
ET003,validation,0.59,44817,0,0.0,3003,0,0,3003,41814
ET003,validation,0.6,44817,0,0.0,3003,0,0,3003,41814
ET003,validation,0.61,44817,0,0.0,3003,0,0,3003,41814
ET003,validation,0.62,44817,0,0.0,3003,0,0,3003,41814
ET003,validation,0.63,44817,0,0.0,3003,0,0,3003,41814
ET003,validation,0.64,44817,0,0.0,3003,0,0,3003,41814
ET003,validation,0.65,44817,0,0.0,3003,0,0,3003,41814
ET003,validation,0.66,44817,0,0.0,3003,0,0,3003,41814
ET003,validation,0.67,44817,0,0.0,3003,0,0,3003,41814
ET003,validation,0.68,44817,0,0.0,3003,0,0,3003,41814
ET003,validation,0.69,44817,0,0.0,3003,0,0,3003,41814
ET003,validation,0.7,44817,0,0.0,3003,0,0,3003,41814
ET003,validation,0.71,44817,0,0.0,3003,0,0,3003,41814
ET003,validation,0.72,44817,0,0.0,3003,0,0,3003,41814
ET003,validation,0.73,44817,0,0.0,3003,0,0,3003,41814
ET003,validation,0.74,44817,0,0.0,3003,0,0,3003,41814
ET003,validation,0.75,44817,0,0.0,3003,0,0,3003,41814
ET003,validation,0.76,44817,0,0.0,3003,0,0,3003,41814
ET003,validation,0.77,44817,0,0.0,3003,0,0,3003,41814
ET003,validation,0.78,44817,0,0.0,3003,0,0,3003,41814
ET003,validation,0.79,44817,0,0.0,3003,0,0,3003,41814
ET003,validation,0.8,44817,0,0.0,3003,0,0,3003,41814
ET003,validation,0.81,44817,0,0.0,3003,0,0,3003,41814
ET003,validation,0.82,44817,0,0.0,3003,0,0,3003,41814
ET003,validation,0.83,44817,0,0.0,3003,0,0,3003,41814
ET003,validation,0.84,44817,0,0.0,3003,0,0,3003,41814
ET003,validation,0.85,44817,0,0.0,3003,0,0,3003,41814
ET003,validation,0.86,44817,0,0.0,3003,0,0,3003,41814
ET003,validation,0.87,44817,0,0.0,3003,0,0,3003,41814
ET003,validation,0.88,44817,0,0.0,3003,0,0,3003,41814
ET003,validation,0.89,44817,0,0.0,3003,0,0,3003,41814
ET003,validation,0.9,44817,0,0.0,3003,0,0,3003,41814
ET003,validation,0.91,44817,0,0.0,3003,0,0,3003,41814
ET003,validation,0.92,44817,0,0.0,3003,0,0,3003,41814
ET003,validation,0.93,44817,0,0.0,3003,0,0,3003,41814
ET003,validation,0.94,44817,0,0.0,3003,0,0,3003,41814
ET003,validation,0.95,44817,0,0.0,3003,0,0,3003,41814
ET003,validation,0.96,44817,0,0.0,3003,0,0,3003,41814
ET003,validation,0.97,44817,0,0.0,3003,0,0,3003,41814
ET003,validation,0.98,44817,0,0.0,3003,0,0,3003,41814
ET003,validation,0.99,44817,0,0.0,3003,0,0,3003,41814
ET004,validation,0.01,0,44817,1.0,3003,3003,41814,0,0
ET004,validation,0.02,2077,42740,0.9536559787580605,3003,2991,39749,12,2065
ET004,validation,0.03,12239,32578,0.726911662985028,3003,2916,29662,87,12152
ET004,validation,0.04,21091,23726,0.5293973269072004,3003,2783,20943,220,20871
ET004,validation,0.05,25070,19747,0.4406140527032153,3003,2662,17085,341,24729
ET004,validation,0.06,28148,16669,0.3719347569002834,3003,2526,14143,477,27671
ET004,validation,0.07,30352,14465,0.32275698953522103,3003,2406,12059,597,29755
ET004,validation,0.08,31977,12840,0.28649842693620725,3003,2298,10542,705,31272
ET004,validation,0.09,33288,11529,0.2572461342794029,3003,2172,9357,831,32457
ET004,validation,0.1,34366,10451,0.23319276167525715,3003,2067,8384,936,33430
ET004,validation,0.11,35475,9342,0.20844768726153023,3003,1958,7384,1045,34430
ET004,validation,0.12,36536,8281,0.18477363500457417,3003,1854,6427,1149,35387
ET004,validation,0.13,37540,7277,0.1623714215587835,3003,1738,5539,1265,36275
ET004,validation,0.14,38482,6335,0.14135261173215521,3003,1633,4702,1370,37112
ET004,validation,0.15,39414,5403,0.12055693152152085,3003,1503,3900,1500,37914
ET004,validation,0.16,40472,4345,0.09694981814936296,3003,1322,3023,1681,38791
ET004,validation,0.17,41985,2832,0.06319030724948123,3003,1097,1735,1906,40079
ET004,validation,0.18,43008,1809,0.04036414753330209,3003,837,972,2166,40842
ET004,validation,0.19,43587,1230,0.027444942767253497,3003,635,595,2368,41219
ET004,validation,0.2,43993,824,0.018385880357899904,3003,457,367,2546,41447
ET004,validation,0.21,44308,509,0.011357297454091081,3003,308,201,2695,41613
ET004,validation,0.22,44482,335,0.007474842135796684,3003,206,129,2797,41685
ET004,validation,0.23,44600,217,0.0048419126670683,3003,136,81,2867,41733
ET004,validation,0.24,44702,115,0.002565990583930205,3003,75,40,2928,41774
ET004,validation,0.25,44769,48,0.0010710221567708682,3003,31,17,2972,41797
ET004,validation,0.26,44784,33,0.0007363277327799718,3003,21,12,2982,41802
ET004,validation,0.27,44803,14,0.0003123814623915032,3003,11,3,2992,41811
ET004,validation,0.28,44813,4,8.925184639757235e-05,3003,4,0,2999,41814
ET004,validation,0.29,44817,0,0.0,3003,0,0,3003,41814
ET004,validation,0.3,44817,0,0.0,3003,0,0,3003,41814
ET004,validation,0.31,44817,0,0.0,3003,0,0,3003,41814
ET004,validation,0.32,44817,0,0.0,3003,0,0,3003,41814
ET004,validation,0.33,44817,0,0.0,3003,0,0,3003,41814
ET004,validation,0.34,44817,0,0.0,3003,0,0,3003,41814
ET004,validation,0.35,44817,0,0.0,3003,0,0,3003,41814
ET004,validation,0.36,44817,0,0.0,3003,0,0,3003,41814
ET004,validation,0.37,44817,0,0.0,3003,0,0,3003,41814
ET004,validation,0.38,44817,0,0.0,3003,0,0,3003,41814
ET004,validation,0.39,44817,0,0.0,3003,0,0,3003,41814
ET004,validation,0.4,44817,0,0.0,3003,0,0,3003,41814
ET004,validation,0.41,44817,0,0.0,3003,0,0,3003,41814
ET004,validation,0.42,44817,0,0.0,3003,0,0,3003,41814
ET004,validation,0.43,44817,0,0.0,3003,0,0,3003,41814
ET004,validation,0.44,44817,0,0.0,3003,0,0,3003,41814
ET004,validation,0.45,44817,0,0.0,3003,0,0,3003,41814
ET004,validation,0.46,44817,0,0.0,3003,0,0,3003,41814
ET004,validation,0.47,44817,0,0.0,3003,0,0,3003,41814
ET004,validation,0.48,44817,0,0.0,3003,0,0,3003,41814
ET004,validation,0.49,44817,0,0.0,3003,0,0,3003,41814
ET004,validation,0.5,44817,0,0.0,3003,0,0,3003,41814
ET004,validation,0.51,44817,0,0.0,3003,0,0,3003,41814
ET004,validation,0.52,44817,0,0.0,3003,0,0,3003,41814
ET004,validation,0.53,44817,0,0.0,3003,0,0,3003,41814
ET004,validation,0.54,44817,0,0.0,3003,0,0,3003,41814
ET004,validation,0.55,44817,0,0.0,3003,0,0,3003,41814
ET004,validation,0.56,44817,0,0.0,3003,0,0,3003,41814
ET004,validation,0.57,44817,0,0.0,3003,0,0,3003,41814
ET004,validation,0.58,44817,0,0.0,3003,0,0,3003,41814
ET004,validation,0.59,44817,0,0.0,3003,0,0,3003,41814
ET004,validation,0.6,44817,0,0.0,3003,0,0,3003,41814
ET004,validation,0.61,44817,0,0.0,3003,0,0,3003,41814
ET004,validation,0.62,44817,0,0.0,3003,0,0,3003,41814
ET004,validation,0.63,44817,0,0.0,3003,0,0,3003,41814
ET004,validation,0.64,44817,0,0.0,3003,0,0,3003,41814
ET004,validation,0.65,44817,0,0.0,3003,0,0,3003,41814
ET004,validation,0.66,44817,0,0.0,3003,0,0,3003,41814
ET004,validation,0.67,44817,0,0.0,3003,0,0,3003,41814
ET004,validation,0.68,44817,0,0.0,3003,0,0,3003,41814
ET004,validation,0.69,44817,0,0.0,3003,0,0,3003,41814
ET004,validation,0.7,44817,0,0.0,3003,0,0,3003,41814
ET004,validation,0.71,44817,0,0.0,3003,0,0,3003,41814
ET004,validation,0.72,44817,0,0.0,3003,0,0,3003,41814
ET004,validation,0.73,44817,0,0.0,3003,0,0,3003,41814
ET004,validation,0.74,44817,0,0.0,3003,0,0,3003,41814
ET004,validation,0.75,44817,0,0.0,3003,0,0,3003,41814
ET004,validation,0.76,44817,0,0.0,3003,0,0,3003,41814
ET004,validation,0.77,44817,0,0.0,3003,0,0,3003,41814
ET004,validation,0.78,44817,0,0.0,3003,0,0,3003,41814
ET004,validation,0.79,44817,0,0.0,3003,0,0,3003,41814
ET004,validation,0.8,44817,0,0.0,3003,0,0,3003,41814
ET004,validation,0.81,44817,0,0.0,3003,0,0,3003,41814
ET004,validation,0.82,44817,0,0.0,3003,0,0,3003,41814
ET004,validation,0.83,44817,0,0.0,3003,0,0,3003,41814
ET004,validation,0.84,44817,0,0.0,3003,0,0,3003,41814
ET004,validation,0.85,44817,0,0.0,3003,0,0,3003,41814
ET004,validation,0.86,44817,0,0.0,3003,0,0,3003,41814
ET004,validation,0.87,44817,0,0.0,3003,0,0,3003,41814
ET004,validation,0.88,44817,0,0.0,3003,0,0,3003,41814
ET004,validation,0.89,44817,0,0.0,3003,0,0,3003,41814
ET004,validation,0.9,44817,0,0.0,3003,0,0,3003,41814
ET004,validation,0.91,44817,0,0.0,3003,0,0,3003,41814
ET004,validation,0.92,44817,0,0.0,3003,0,0,3003,41814
ET004,validation,0.93,44817,0,0.0,3003,0,0,3003,41814
ET004,validation,0.94,44817,0,0.0,3003,0,0,3003,41814
ET004,validation,0.95,44817,0,0.0,3003,0,0,3003,41814
ET004,validation,0.96,44817,0,0.0,3003,0,0,3003,41814
ET004,validation,0.97,44817,0,0.0,3003,0,0,3003,41814
ET004,validation,0.98,44817,0,0.0,3003,0,0,3003,41814
ET004,validation,0.99,44817,0,0.0,3003,0,0,3003,41814
ET005,validation,0.01,0,44817,1.0,3003,3003,41814,0,0
ET005,validation,0.02,0,44817,1.0,3003,3003,41814,0,0
ET005,validation,0.03,0,44817,1.0,3003,3003,41814,0,0
ET005,validation,0.04,0,44817,1.0,3003,3003,41814,0,0
ET005,validation,0.05,0,44817,1.0,3003,3003,41814,0,0
ET005,validation,0.06,0,44817,1.0,3003,3003,41814,0,0
ET005,validation,0.07,0,44817,1.0,3003,3003,41814,0,0
ET005,validation,0.08,0,44817,1.0,3003,3003,41814,0,0
ET005,validation,0.09,26,44791,0.9994198629984158,3003,3003,41788,0,26
ET005,validation,0.1,461,44356,0.9897137247026798,3003,3003,41353,0,461
ET005,validation,0.11,1206,43611,0.9730905683111319,3003,2997,40614,6,1200
ET005,validation,0.12,1860,42957,0.9584978914251289,3003,2994,39963,9,1851
ET005,validation,0.13,2805,42012,0.9374121427137024,3003,2991,39021,12,2793
ET005,validation,0.14,4282,40535,0.9044558984313988,3003,2980,37555,23,4259
ET005,validation,0.15,5929,38888,0.8677064506771984,3003,2968,35920,35,5894
ET005,validation,0.16,7296,37521,0.8372046321708281,3003,2964,34557,39,7257
ET005,validation,0.17,8686,36131,0.8061896155476717,3003,2954,33177,49,8637
ET005,validation,0.18,10055,34762,0.7756431711181025,3003,2941,31821,62,9993
ET005,validation,0.19,11566,33251,0.7419282861414196,3003,2922,30329,81,11485
ET005,validation,0.2,13406,31411,0.7008724367985363,3003,2908,28503,95,13311
ET005,validation,0.21,15067,29750,0.6638106075819443,3003,2886,26864,117,14950
ET005,validation,0.22,16698,28119,0.6274181672133342,3003,2862,25257,141,16557
ET005,validation,0.23,18087,26730,0.5964254635517773,3003,2849,23881,154,17933
ET005,validation,0.24,19222,25595,0.5711002521364661,3003,2827,22768,176,19046
ET005,validation,0.25,20131,24686,0.5508177700426178,3003,2812,21874,191,19940
ET005,validation,0.26,20836,23981,0.5350871321150457,3003,2787,21194,216,20620
ET005,validation,0.27,21373,23444,0.5231050717361715,3003,2770,20674,233,21140
ET005,validation,0.28,21922,22895,0.5108552558181048,3003,2760,20135,243,21679
ET005,validation,0.29,22501,22316,0.49793605105205613,3003,2744,19572,259,22242
ET005,validation,0.3,23067,21750,0.48530691478679966,3003,2734,19016,269,22798
ET005,validation,0.31,23597,21220,0.4734810451391213,3003,2719,18501,284,23313
ET005,validation,0.32,24110,20707,0.46203449583863265,3003,2709,17998,294,23816
ET005,validation,0.33,24622,20195,0.4506102594997434,3003,2695,17500,308,24314
ET005,validation,0.34,25190,19627,0.43793649731128814,3003,2671,16956,332,24858
ET005,validation,0.35,25735,19082,0.4257759332396189,3003,2646,16436,357,25378
ET005,validation,0.36,26271,18546,0.4138161858223442,3003,2629,15917,374,25897
ET005,validation,0.37,26736,18081,0.40344065867862644,3003,2613,15468,390,26346
ET005,validation,0.38,27208,17609,0.39290894080371286,3003,2594,15015,409,26799
ET005,validation,0.39,27700,17117,0.38193096369681145,3003,2582,14535,421,27279
ET005,validation,0.4,28193,16624,0.37093067362831067,3003,2565,14059,438,27755
ET005,validation,0.41,28615,16202,0.3615146038333668,3003,2547,13655,456,28159
ET005,validation,0.42,29005,15812,0.3528125488096035,3003,2527,13285,476,28529
ET005,validation,0.43,29343,15474,0.3452707677890086,3003,2502,12972,501,28842
ET005,validation,0.44,29732,15085,0.33659102572684474,3003,2481,12604,522,29210
ET005,validation,0.45,30103,14714,0.32831291697346987,3003,2458,12256,545,29558
ET005,validation,0.46,30473,14344,0.32005712118169444,3003,2432,11912,571,29902
ET005,validation,0.47,30876,13941,0.311064997657139,3003,2413,11528,590,30286
ET005,validation,0.48,31244,13573,0.3028538277885624,3003,2383,11190,620,30624
ET005,validation,0.49,31577,13240,0.2954236115759645,3003,2363,10877,640,30937
ET005,validation,0.5,31882,12935,0.2886181582881496,3003,2335,10600,668,31214
ET005,validation,0.51,32171,12646,0.282169712385925,3003,2317,10329,686,31485
ET005,validation,0.52,32461,12356,0.275698953522101,3003,2297,10059,706,31755
ET005,validation,0.53,32817,12000,0.26775553919271705,3003,2266,9734,737,32080
ET005,validation,0.54,33114,11703,0.2611285895976973,3003,2239,9464,764,32350
ET005,validation,0.55,33447,11370,0.25369837338509943,3003,2207,9163,796,32651
ET005,validation,0.56,33744,11073,0.24707142379007965,3003,2189,8884,814,32930
ET005,validation,0.57,34050,10767,0.24024365754066537,3003,2157,8610,846,33204
ET005,validation,0.58,34326,10491,0.23408528013923288,3003,2125,8366,878,33448
ET005,validation,0.59,34656,10161,0.22672200281143315,3003,2099,8062,904,33752
ET005,validation,0.6,35022,9795,0.2185554588660553,3003,2070,7725,933,34089
ET005,validation,0.61,35356,9461,0.211102929691858,3003,2037,7424,966,34390
ET005,validation,0.62,35706,9111,0.20329339313207043,3003,2009,7102,994,34712
ET005,validation,0.63,36051,8766,0.1955954213802798,3003,1967,6799,1036,35015
ET005,validation,0.64,36416,8401,0.18745119039650132,3003,1929,6472,1074,35342
ET005,validation,0.65,36805,8012,0.17877144833433742,3003,1884,6128,1119,35686
ET005,validation,0.66,37165,7652,0.1707387821585559,3003,1831,5821,1172,35993
ET005,validation,0.67,37541,7276,0.1623491085971841,3003,1781,5495,1222,36319
ET005,validation,0.68,37901,6916,0.1543164424214026,3003,1750,5166,1253,36648
ET005,validation,0.69,38299,6518,0.14543588370484414,3003,1706,4812,1297,37002
ET005,validation,0.7,38705,6112,0.13637682129549056,3003,1664,4448,1339,37366
ET005,validation,0.71,39184,5633,0.12568891268938126,3003,1597,4036,1406,37778
ET005,validation,0.72,39723,5094,0.11366222638730838,3003,1524,3570,1479,38244
ET005,validation,0.73,40784,4033,0.08998817413035232,3003,1403,2630,1600,39184
ET005,validation,0.74,41583,3234,0.07216011781243724,3003,1289,1945,1714,39869
ET005,validation,0.75,41901,2916,0.06506459602383025,3003,1203,1713,1800,40101
ET005,validation,0.76,42181,2636,0.05881696677600018,3003,1135,1501,1868,40313
ET005,validation,0.77,42589,2228,0.0497132784434478,3003,1021,1207,1982,40607
ET005,validation,0.78,42876,1941,0.04330945846442198,3003,940,1001,2063,40813
ET005,validation,0.79,43196,1621,0.036169310752616195,3003,834,787,2169,41027
ET005,validation,0.8,43416,1401,0.03126045920074971,3003,743,658,2260,41156
ET005,validation,0.81,43667,1150,0.02565990583930205,3003,633,517,2370,41297
ET005,validation,0.82,43889,928,0.020706428364236786,3003,544,384,2459,41430
ET005,validation,0.83,44071,746,0.016645469353147244,3003,454,292,2549,41522
ET005,validation,0.84,44232,585,0.013053082535644956,3003,369,216,2634,41598
ET005,validation,0.85,44361,456,0.010174710489323249,3003,297,159,2706,41655
ET005,validation,0.86,44467,350,0.007809536559787581,3003,231,119,2772,41695
ET005,validation,0.87,44557,260,0.005801370015842203,3003,176,84,2827,41730
ET005,validation,0.88,44624,193,0.004306401588682866,3003,133,60,2870,41754
ET005,validation,0.89,44680,137,0.003056875739116853,3003,93,44,2910,41770
ET005,validation,0.9,44717,100,0.0022312961599393086,3003,65,35,2938,41779
ET005,validation,0.91,44729,88,0.001963540620746592,3003,56,32,2947,41782
ET005,validation,0.92,44742,75,0.0016734721199544815,3003,46,29,2957,41785
ET005,validation,0.93,44752,65,0.0014503425039605507,3003,39,26,2964,41788
ET005,validation,0.94,44802,15,0.00033469442399089634,3003,10,5,2993,41809
ET005,validation,0.95,44817,0,0.0,3003,0,0,3003,41814
ET005,validation,0.96,44817,0,0.0,3003,0,0,3003,41814
ET005,validation,0.97,44817,0,0.0,3003,0,0,3003,41814
ET005,validation,0.98,44817,0,0.0,3003,0,0,3003,41814
ET005,validation,0.99,44817,0,0.0,3003,0,0,3003,41814
GB001,validation,0.01,10678,34139,0.7617421960416806,3003,2942,31197,61,10617
GB001,validation,0.02,21427,23390,0.5219001718098043,3003,2798,20592,205,21222
GB001,validation,0.03,25488,19329,0.431287234754669,3003,2709,16620,294,25194
GB001,validation,0.04,28714,16103,0.3593056206350269,3003,2617,13486,386,28328
GB001,validation,0.05,31106,13711,0.3059330164892786,3003,2521,11190,482,30624
GB001,validation,0.06,32853,11964,0.26695227257513887,3003,2436,9528,567,32286
GB001,validation,0.07,34301,10516,0.23464310417921772,3003,2333,8183,670,33631
GB001,validation,0.08,35414,9403,0.2098087779190932,3003,2241,7162,762,34652
GB001,validation,0.09,36511,8306,0.18533145904455897,3003,2154,6152,849,35662
GB001,validation,0.1,37400,7417,0.16549523618269854,3003,2056,5361,947,36453
GB001,validation,0.11,38071,6746,0.15052323894950576,3003,1983,4763,1020,37051
GB001,validation,0.12,38655,6162,0.1374924693754602,3003,1911,4251,1092,37563
GB001,validation,0.13,39145,5672,0.12655911819175758,3003,1859,3813,1144,38001
GB001,validation,0.14,39578,5239,0.11689760581922039,3003,1793,3446,1210,38368
GB001,validation,0.15,39911,4906,0.10946738960662249,3003,1737,3169,1266,38645
GB001,validation,0.16,40184,4633,0.10337595108998818,3003,1699,2934,1304,38880
GB001,validation,0.17,40404,4413,0.09846709953812169,3003,1659,2754,1344,39060
GB001,validation,0.18,40614,4203,0.09378137760224915,3003,1623,2580,1380,39234
GB001,validation,0.19,40786,4031,0.08994354820715353,3003,1589,2442,1414,39372
GB001,validation,0.2,40944,3873,0.08641810027444943,3003,1550,2323,1453,39491
GB001,validation,0.21,41065,3752,0.08371823192092287,3003,1520,2232,1483,39582
GB001,validation,0.22,41210,3607,0.08048285248901087,3003,1487,2120,1516,39694
GB001,validation,0.23,41340,3477,0.07758216748108976,3003,1456,2021,1547,39793
GB001,validation,0.24,41466,3351,0.07477073431956624,3003,1427,1924,1576,39890
GB001,validation,0.25,41600,3217,0.07178079746524756,3003,1395,1822,1608,39992
GB001,validation,0.26,41704,3113,0.06946024945891068,3003,1366,1747,1637,40067
GB001,validation,0.27,41816,3001,0.06696119775977866,3003,1336,1665,1667,40149
GB001,validation,0.28,41916,2901,0.06472990159983935,3003,1305,1596,1698,40218
GB001,validation,0.29,42030,2787,0.06218622397750853,3003,1265,1522,1738,40292
GB001,validation,0.3,42134,2683,0.05986567597117165,3003,1237,1446,1766,40368
GB001,validation,0.31,42255,2562,0.05716580761764509,3003,1186,1376,1817,40438
GB001,validation,0.32,42404,2413,0.05384117633933552,3003,1147,1266,1856,40548
GB001,validation,0.33,42531,2286,0.051007430216212596,3003,1104,1182,1899,40632
GB001,validation,0.34,42619,2198,0.049043889595466,3003,1076,1122,1927,40692
GB001,validation,0.35,42717,2100,0.046857219358725485,3003,1041,1059,1962,40755
GB001,validation,0.36,42806,2011,0.0448713657763795,3003,1013,998,1990,40816
GB001,validation,0.37,42924,1893,0.04223843630765112,3003,976,917,2027,40897
GB001,validation,0.38,42998,1819,0.040587277149296025,3003,948,871,2055,40943
GB001,validation,0.39,43083,1734,0.038690675413347614,3003,913,821,2090,40993
GB001,validation,0.4,43167,1650,0.0368163866389986,3003,883,767,2120,41047
GB001,validation,0.41,43244,1573,0.03509828859584533,3003,850,723,2153,41091
GB001,validation,0.42,43321,1496,0.033380190552692056,3003,820,676,2183,41138
GB001,validation,0.43,43390,1427,0.03184059620233393,3003,790,637,2213,41177
GB001,validation,0.44,43457,1360,0.030345627775174598,3003,761,599,2242,41215
GB001,validation,0.45,43511,1306,0.029140727848807373,3003,742,564,2261,41250
GB001,validation,0.46,43577,1240,0.02766807238324743,3003,711,529,2292,41285
GB001,validation,0.47,43642,1175,0.026217729879286878,3003,681,494,2322,41320
GB001,validation,0.48,43731,1086,0.02423187629694089,3003,635,451,2368,41363
GB001,validation,0.49,43800,1017,0.02269228194658277,3003,608,409,2395,41405
GB001,validation,0.5,43855,962,0.02146506905861615,3003,582,380,2421,41434
GB001,validation,0.51,43924,893,0.019925474708258027,3003,549,344,2454,41470
GB001,validation,0.52,43978,839,0.0187205747818908,3003,526,313,2477,41501
GB001,validation,0.53,44036,781,0.017426423009126002,3003,499,282,2504,41532
GB001,validation,0.54,44087,730,0.016288461967556955,3003,472,258,2531,41556
GB001,validation,0.55,44143,674,0.015038936117990941,3003,446,228,2557,41586
GB001,validation,0.56,44195,622,0.0138786621148225,3003,418,204,2585,41610
GB001,validation,0.57,44258,559,0.012472945534060736,3003,378,181,2625,41633
GB001,validation,0.58,44319,498,0.011111854876497757,3003,338,160,2665,41654
GB001,validation,0.59,44372,445,0.009929267911729924,3003,300,145,2703,41669
GB001,validation,0.6,44417,400,0.008925184639757234,3003,270,130,2733,41684
GB001,validation,0.61,44459,358,0.007988040252582726,3003,246,112,2757,41702
GB001,validation,0.62,44492,325,0.007251712519802753,3003,228,97,2775,41717
GB001,validation,0.63,44537,280,0.006247629247830065,3003,201,79,2802,41735
GB001,validation,0.64,44567,250,0.005578240399848272,3003,182,68,2821,41746
GB001,validation,0.65,44601,216,0.004819599705468907,3003,162,54,2841,41760
GB001,validation,0.66,44623,194,0.004328714550282259,3003,145,49,2858,41765
GB001,validation,0.67,44656,161,0.003592386817502287,3003,121,40,2882,41774
GB001,validation,0.68,44682,135,0.003012249815918067,3003,101,34,2902,41780
GB001,validation,0.69,44710,107,0.0023874868911350606,3003,81,26,2922,41788
GB001,validation,0.7,44725,92,0.002052792467144164,3003,68,24,2935,41790
GB001,validation,0.71,44738,79,0.0017627239663520538,3003,63,16,2940,41798
GB001,validation,0.72,44746,71,0.0015842202735569092,3003,56,15,2947,41799
GB001,validation,0.73,44761,56,0.0012495258495660128,3003,44,12,2959,41802
GB001,validation,0.74,44775,42,0.0009371443871745097,3003,32,10,2971,41804
GB001,validation,0.75,44784,33,0.0007363277327799718,3003,23,10,2980,41804
GB001,validation,0.76,44797,20,0.00044625923198786177,3003,15,5,2988,41809
GB001,validation,0.77,44802,15,0.00033469442399089634,3003,12,3,2991,41811
GB001,validation,0.78,44810,7,0.0001561907311957516,3003,6,1,2997,41813
GB001,validation,0.79,44811,6,0.00013387776959635853,3003,5,1,2998,41813
GB001,validation,0.8,44815,2,4.4625923198786177e-05,3003,2,0,3001,41814
GB001,validation,0.81,44816,1,2.2312961599393088e-05,3003,1,0,3002,41814
GB001,validation,0.82,44816,1,2.2312961599393088e-05,3003,1,0,3002,41814
GB001,validation,0.83,44816,1,2.2312961599393088e-05,3003,1,0,3002,41814
GB001,validation,0.84,44817,0,0.0,3003,0,0,3003,41814
GB001,validation,0.85,44817,0,0.0,3003,0,0,3003,41814
GB001,validation,0.86,44817,0,0.0,3003,0,0,3003,41814
GB001,validation,0.87,44817,0,0.0,3003,0,0,3003,41814
GB001,validation,0.88,44817,0,0.0,3003,0,0,3003,41814
GB001,validation,0.89,44817,0,0.0,3003,0,0,3003,41814
GB001,validation,0.9,44817,0,0.0,3003,0,0,3003,41814
GB001,validation,0.91,44817,0,0.0,3003,0,0,3003,41814
GB001,validation,0.92,44817,0,0.0,3003,0,0,3003,41814
GB001,validation,0.93,44817,0,0.0,3003,0,0,3003,41814
GB001,validation,0.94,44817,0,0.0,3003,0,0,3003,41814
GB001,validation,0.95,44817,0,0.0,3003,0,0,3003,41814
GB001,validation,0.96,44817,0,0.0,3003,0,0,3003,41814
GB001,validation,0.97,44817,0,0.0,3003,0,0,3003,41814
GB001,validation,0.98,44817,0,0.0,3003,0,0,3003,41814
GB001,validation,0.99,44817,0,0.0,3003,0,0,3003,41814
GB002,validation,0.01,11742,33075,0.7380012048999264,3003,2928,30147,75,11667
GB002,validation,0.02,21322,23495,0.5242430327777405,3003,2796,20699,207,21115
GB002,validation,0.03,25630,19187,0.42811879420755516,3003,2711,16476,292,25338
GB002,validation,0.04,28969,15848,0.3536158154271816,3003,2607,13241,396,28573
GB002,validation,0.05,31316,13501,0.3012472945534061,3003,2524,10977,479,30837
GB002,validation,0.06,33039,11778,0.2628020617176518,3003,2433,9345,570,32469
GB002,validation,0.07,34432,10385,0.2317201062096972,3003,2329,8056,674,33758
GB002,validation,0.08,35553,9264,0.20670727625677757,3003,2227,7037,776,34777
GB002,validation,0.09,36531,8286,0.18488519981257112,3003,2147,6139,856,35675
GB002,validation,0.1,37307,7510,0.16757034161144208,3003,2067,5443,936,36371
GB002,validation,0.11,37950,6867,0.15322310730303232,3003,1995,4872,1008,36942
GB002,validation,0.12,38482,6335,0.14135261173215521,3003,1937,4398,1066,37416
GB002,validation,0.13,38898,5919,0.1320704197068077,3003,1897,4022,1106,37792
GB002,validation,0.14,39339,5478,0.12223040364147533,3003,1839,3639,1164,38175
GB002,validation,0.15,39692,5125,0.11435392819688957,3003,1784,3341,1219,38473
GB002,validation,0.16,39996,4821,0.10757078787067408,3003,1729,3092,1274,38722
GB002,validation,0.17,40236,4581,0.10221567708681974,3003,1691,2890,1312,38924
GB002,validation,0.18,40464,4353,0.09712832184215811,3003,1654,2699,1349,39115
GB002,validation,0.19,40675,4142,0.09242028694468617,3003,1610,2532,1393,39282
GB002,validation,0.2,40855,3962,0.0884039538567954,3003,1570,2392,1433,39422
GB002,validation,0.21,41030,3787,0.08449918557690163,3003,1535,2252,1468,39562
GB002,validation,0.22,41167,3650,0.08144230983778476,3003,1496,2154,1507,39660
GB002,validation,0.23,41295,3522,0.07858625075306246,3003,1464,2058,1539,39756
GB002,validation,0.24,41443,3374,0.07528393243635227,3003,1425,1949,1578,39865
GB002,validation,0.25,41560,3257,0.07267331592922328,3003,1407,1850,1596,39964
GB002,validation,0.26,41676,3141,0.07008501238369369,3003,1370,1771,1633,40043
GB002,validation,0.27,41809,3008,0.06711738849097441,3003,1343,1665,1660,40149
GB002,validation,0.28,41931,2886,0.06439520717584846,3003,1297,1589,1706,40225
GB002,validation,0.29,42062,2755,0.061472209206327955,3003,1247,1508,1756,40306
GB002,validation,0.3,42201,2616,0.058370707544012315,3003,1201,1415,1802,40399
GB002,validation,0.31,42338,2479,0.055313831804895464,3003,1159,1320,1844,40494
GB002,validation,0.32,42441,2376,0.053015596760157976,3003,1125,1251,1878,40563
GB002,validation,0.33,42548,2269,0.050628109869022914,3003,1096,1173,1907,40641
GB002,validation,0.34,42652,2165,0.04830756186268603,3003,1055,1110,1948,40704
GB002,validation,0.35,42740,2077,0.04634402124193944,3003,1028,1049,1975,40765
GB002,validation,0.36,42828,1989,0.044380480621192854,3003,1003,986,2000,40828
GB002,validation,0.37,42904,1913,0.042684695539638974,3003,977,936,2026,40878
GB002,validation,0.38,42997,1820,0.04060959011089542,3003,949,871,2054,40943
GB002,validation,0.39,43057,1760,0.039270812414931834,3003,930,830,2073,40984
GB002,validation,0.4,43124,1693,0.0377758439877725,3003,903,790,2100,41024
GB002,validation,0.41,43192,1625,0.03625856259901377,3003,873,752,2130,41062
GB002,validation,0.42,43269,1548,0.034540464555860496,3003,844,704,2159,41110
GB002,validation,0.43,43345,1472,0.03284467947430662,3003,808,664,2195,41150
GB002,validation,0.44,43402,1415,0.03157284066314122,3003,779,636,2224,41178
GB002,validation,0.45,43460,1357,0.03027868889037642,3003,754,603,2249,41211
GB002,validation,0.46,43535,1282,0.028605216770421937,3003,725,557,2278,41257
GB002,validation,0.47,43618,1199,0.02675324095767231,3003,689,510,2314,41304
GB002,validation,0.48,43687,1130,0.025213646607314188,3003,656,474,2347,41340
GB002,validation,0.49,43768,1049,0.02340629671776335,3003,618,431,2385,41383
GB002,validation,0.5,43841,976,0.021777450521007654,3003,584,392,2419,41422
GB002,validation,0.51,43900,917,0.02046098578664346,3003,558,359,2445,41455
GB002,validation,0.52,43977,840,0.018742887743490193,3003,522,318,2481,41496
GB002,validation,0.53,44038,779,0.017381797085927214,3003,488,291,2515,41523
GB002,validation,0.54,44111,706,0.01575295088917152,3003,452,254,2551,41560
GB002,validation,0.55,44166,651,0.0145257380012049,3003,423,228,2580,41586
GB002,validation,0.56,44227,590,0.013164647343641922,3003,390,200,2613,41614
GB002,validation,0.57,44281,536,0.011959747417274695,3003,361,175,2642,41639
GB002,validation,0.58,44338,479,0.010687908606109289,3003,333,146,2670,41668
GB002,validation,0.59,44389,428,0.009549947564540242,3003,301,127,2702,41687
GB002,validation,0.6,44426,391,0.008724367985362698,3003,277,114,2726,41700
GB002,validation,0.61,44470,347,0.0077425976749894015,3003,247,100,2756,41714
GB002,validation,0.62,44507,310,0.006917018095811857,3003,222,88,2781,41726
GB002,validation,0.63,44550,267,0.005957560747037955,3003,195,72,2808,41742
GB002,validation,0.64,44582,235,0.0052435459758573754,3003,174,61,2829,41753
GB002,validation,0.65,44602,215,0.004797286743869514,3003,160,55,2843,41759
GB002,validation,0.66,44625,192,0.004284088627083473,3003,144,48,2859,41766
GB002,validation,0.67,44651,166,0.0037039516254992527,3003,126,40,2877,41774
GB002,validation,0.68,44674,143,0.0031907535087132115,3003,110,33,2893,41781
GB002,validation,0.69,44703,114,0.002543677622330812,3003,89,25,2914,41789
GB002,validation,0.7,44723,94,0.0020974183903429504,3003,75,19,2928,41795
GB002,validation,0.71,44741,76,0.0016957850815538745,3003,60,16,2943,41798
GB002,validation,0.72,44755,62,0.0013834036191623714,3003,48,14,2955,41800
GB002,validation,0.73,44764,53,0.0011825869647678336,3003,42,11,2961,41803
GB002,validation,0.74,44776,41,0.0009148314255751166,3003,32,9,2971,41805
GB002,validation,0.75,44783,34,0.000758640694379365,3003,26,8,2977,41806
GB002,validation,0.76,44794,23,0.000513198116786041,3003,16,7,2987,41807
GB002,validation,0.77,44803,14,0.0003123814623915032,3003,10,4,2993,41810
GB002,validation,0.78,44806,11,0.000245442577593324,3003,8,3,2995,41811
GB002,validation,0.79,44811,6,0.00013387776959635853,3003,3,3,3000,41811
GB002,validation,0.8,44815,2,4.4625923198786177e-05,3003,2,0,3001,41814
GB002,validation,0.81,44816,1,2.2312961599393088e-05,3003,1,0,3002,41814
GB002,validation,0.82,44816,1,2.2312961599393088e-05,3003,1,0,3002,41814
GB002,validation,0.83,44817,0,0.0,3003,0,0,3003,41814
GB002,validation,0.84,44817,0,0.0,3003,0,0,3003,41814
GB002,validation,0.85,44817,0,0.0,3003,0,0,3003,41814
GB002,validation,0.86,44817,0,0.0,3003,0,0,3003,41814
GB002,validation,0.87,44817,0,0.0,3003,0,0,3003,41814
GB002,validation,0.88,44817,0,0.0,3003,0,0,3003,41814
GB002,validation,0.89,44817,0,0.0,3003,0,0,3003,41814
GB002,validation,0.9,44817,0,0.0,3003,0,0,3003,41814
GB002,validation,0.91,44817,0,0.0,3003,0,0,3003,41814
GB002,validation,0.92,44817,0,0.0,3003,0,0,3003,41814
GB002,validation,0.93,44817,0,0.0,3003,0,0,3003,41814
GB002,validation,0.94,44817,0,0.0,3003,0,0,3003,41814
GB002,validation,0.95,44817,0,0.0,3003,0,0,3003,41814
GB002,validation,0.96,44817,0,0.0,3003,0,0,3003,41814
GB002,validation,0.97,44817,0,0.0,3003,0,0,3003,41814
GB002,validation,0.98,44817,0,0.0,3003,0,0,3003,41814
GB002,validation,0.99,44817,0,0.0,3003,0,0,3003,41814
GB003,validation,0.01,11289,33528,0.7481089765044514,3003,2941,30587,62,11227
GB003,validation,0.02,21302,23515,0.5246892920097285,3003,2800,20715,203,21099
GB003,validation,0.03,25584,19233,0.42914519044112726,3003,2712,16521,291,25293
GB003,validation,0.04,28752,16065,0.35845772809424997,3003,2619,13446,384,28368
GB003,validation,0.05,31121,13696,0.30559832206528775,3003,2518,11178,485,30636
GB003,validation,0.06,32884,11933,0.2662605707655577,3003,2432,9501,571,32313
GB003,validation,0.07,34288,10529,0.23493317268000982,3003,2339,8190,664,33624
GB003,validation,0.08,35432,9385,0.20940714461030413,3003,2236,7149,767,34665
GB003,validation,0.09,36499,8318,0.1855992145837517,3003,2149,6169,854,35645
GB003,validation,0.1,37342,7475,0.16678938795546333,3003,2070,5405,933,36409
GB003,validation,0.11,38069,6748,0.15056786487270454,3003,1986,4762,1017,37052
GB003,validation,0.12,38578,6239,0.13921056741861348,3003,1921,4318,1082,37496
GB003,validation,0.13,39100,5717,0.1275632014637303,3003,1859,3858,1144,37956
GB003,validation,0.14,39515,5302,0.11830332239998215,3003,1800,3502,1203,38312
GB003,validation,0.15,39872,4945,0.11033759510899882,3003,1747,3198,1256,38616
GB003,validation,0.16,40168,4649,0.10373295847557847,3003,1696,2953,1307,38861
GB003,validation,0.17,40406,4411,0.09842247361492291,3003,1663,2748,1340,39066
GB003,validation,0.18,40592,4225,0.09427226275743579,3003,1627,2598,1376,39216
GB003,validation,0.19,40774,4043,0.09021130374634626,3003,1593,2450,1410,39364
GB003,validation,0.2,40945,3872,0.08639578731285004,3003,1559,2313,1444,39501
GB003,validation,0.21,41072,3745,0.08356204118972711,3003,1523,2222,1480,39592
GB003,validation,0.22,41204,3613,0.08061673025860723,3003,1492,2121,1511,39693
GB003,validation,0.23,41362,3455,0.07709128232590312,3003,1451,2004,1552,39810
GB003,validation,0.24,41489,3328,0.0742575362027802,3003,1416,1912,1587,39902
GB003,validation,0.25,41614,3203,0.07146841600285606,3003,1387,1816,1616,39998
GB003,validation,0.26,41732,3085,0.06883548653412767,3003,1361,1724,1642,40090
GB003,validation,0.27,41840,2977,0.06642568668139322,3003,1333,1644,1670,40170
GB003,validation,0.28,41934,2883,0.06432826829105028,3003,1292,1591,1711,40223
GB003,validation,0.29,42042,2775,0.06191846843831582,3003,1256,1519,1747,40295
GB003,validation,0.3,42156,2661,0.059374790815985005,3003,1226,1435,1777,40379
GB003,validation,0.31,42252,2565,0.05723274650244327,3003,1192,1373,1811,40441
GB003,validation,0.32,42400,2417,0.05393042818573309,3003,1143,1274,1860,40540
GB003,validation,0.33,42509,2308,0.05149831537139925,3003,1111,1197,1892,40617
GB003,validation,0.34,42605,2212,0.04935627105785751,3003,1081,1131,1922,40683
GB003,validation,0.35,42699,2118,0.04725885266751456,3003,1044,1074,1959,40740
GB003,validation,0.36,42781,2036,0.045429189816364325,3003,1013,1023,1990,40791
GB003,validation,0.37,42867,1950,0.04351027511881652,3003,985,965,2018,40849
GB003,validation,0.38,42968,1849,0.04125666599727782,3003,952,897,2051,40917
GB003,validation,0.39,43060,1757,0.03920387353013365,3003,929,828,2074,40986
GB003,validation,0.4,43145,1672,0.03730727179418524,3003,897,775,2106,41039
GB003,validation,0.41,43216,1601,0.03572305152062833,3003,869,732,2134,41082
GB003,validation,0.42,43304,1513,0.03375951089988174,3003,826,687,2177,41127
GB003,validation,0.43,43356,1461,0.0325992368967133,3003,804,657,2199,41157
GB003,validation,0.44,43428,1389,0.030992703661557,3003,776,613,2227,41201
GB003,validation,0.45,43500,1317,0.029386170426400696,3003,745,572,2258,41242
GB003,validation,0.46,43578,1239,0.027645759421648035,3003,709,530,2294,41284
GB003,validation,0.47,43643,1174,0.026195416917687484,3003,680,494,2323,41320
GB003,validation,0.48,43704,1113,0.024834326260124506,3003,648,465,2355,41349
GB003,validation,0.49,43770,1047,0.02336167079456456,3003,618,429,2385,41385
GB003,validation,0.5,43843,974,0.021732824597808866,3003,588,386,2415,41428
GB003,validation,0.51,43912,905,0.020193230247450743,3003,551,354,2452,41460
GB003,validation,0.52,43980,837,0.018675948858692015,3003,524,313,2479,41501
GB003,validation,0.53,44034,783,0.017471048932324786,3003,498,285,2505,41529
GB003,validation,0.54,44081,736,0.01642233973715331,3003,472,264,2531,41550
GB003,validation,0.55,44133,684,0.015262065733984871,3003,445,239,2558,41575
GB003,validation,0.56,44186,631,0.014079478769217038,3003,419,212,2584,41602
GB003,validation,0.57,44246,571,0.012740701073253454,3003,378,193,2625,41621
GB003,validation,0.58,44291,526,0.011736617801280763,3003,353,173,2650,41641
GB003,validation,0.59,44336,481,0.010732534529308075,3003,327,154,2676,41660
GB003,validation,0.6,44376,441,0.009840016065332352,3003,301,140,2702,41674
GB003,validation,0.61,44427,390,0.008702055023763304,3003,268,122,2735,41692
GB003,validation,0.62,44477,340,0.0075864069437936495,3003,244,96,2759,41718
GB003,validation,0.63,44514,303,0.006760827364616105,3003,217,86,2786,41728
GB003,validation,0.64,44561,256,0.005712118169444631,3003,188,68,2815,41746
GB003,validation,0.65,44602,215,0.004797286743869514,3003,161,54,2842,41760
GB003,validation,0.66,44630,187,0.004172523819086507,3003,141,46,2862,41768
GB003,validation,0.67,44660,157,0.0035031349711047146,3003,121,36,2882,41778
GB003,validation,0.68,44682,135,0.003012249815918067,3003,104,31,2899,41783
GB003,validation,0.69,44705,112,0.0024990516991320257,3003,89,23,2914,41791
GB003,validation,0.7,44724,93,0.002075105428743557,3003,76,17,2927,41797
GB003,validation,0.71,44741,76,0.0016957850815538745,3003,64,12,2939,41802
GB003,validation,0.72,44754,63,0.0014057165807617644,3003,52,11,2951,41803
GB003,validation,0.73,44765,52,0.0011602740031684405,3003,42,10,2961,41804
GB003,validation,0.74,44777,40,0.0008925184639757235,3003,33,7,2970,41807
GB003,validation,0.75,44786,31,0.0006917018095811857,3003,25,6,2978,41808
GB003,validation,0.76,44798,19,0.00042394627038846864,3003,16,3,2987,41811
GB003,validation,0.77,44806,11,0.000245442577593324,3003,9,2,2994,41812
GB003,validation,0.78,44812,5,0.00011156480799696544,3003,4,1,2999,41813
GB003,validation,0.79,44812,5,0.00011156480799696544,3003,4,1,2999,41813
GB003,validation,0.8,44814,3,6.693888479817926e-05,3003,2,1,3001,41813
GB003,validation,0.81,44817,0,0.0,3003,0,0,3003,41814
GB003,validation,0.82,44817,0,0.0,3003,0,0,3003,41814
GB003,validation,0.83,44817,0,0.0,3003,0,0,3003,41814
GB003,validation,0.84,44817,0,0.0,3003,0,0,3003,41814
GB003,validation,0.85,44817,0,0.0,3003,0,0,3003,41814
GB003,validation,0.86,44817,0,0.0,3003,0,0,3003,41814
GB003,validation,0.87,44817,0,0.0,3003,0,0,3003,41814
GB003,validation,0.88,44817,0,0.0,3003,0,0,3003,41814
GB003,validation,0.89,44817,0,0.0,3003,0,0,3003,41814
GB003,validation,0.9,44817,0,0.0,3003,0,0,3003,41814
GB003,validation,0.91,44817,0,0.0,3003,0,0,3003,41814
GB003,validation,0.92,44817,0,0.0,3003,0,0,3003,41814
GB003,validation,0.93,44817,0,0.0,3003,0,0,3003,41814
GB003,validation,0.94,44817,0,0.0,3003,0,0,3003,41814
GB003,validation,0.95,44817,0,0.0,3003,0,0,3003,41814
GB003,validation,0.96,44817,0,0.0,3003,0,0,3003,41814
GB003,validation,0.97,44817,0,0.0,3003,0,0,3003,41814
GB003,validation,0.98,44817,0,0.0,3003,0,0,3003,41814
GB003,validation,0.99,44817,0,0.0,3003,0,0,3003,41814
GB004,validation,0.01,10702,34115,0.7612066849632951,3003,2945,31170,58,10644
GB004,validation,0.02,21316,23501,0.5243769105473369,3003,2801,20700,202,21114
GB004,validation,0.03,25472,19345,0.43164424214025926,3003,2711,16634,292,25180
GB004,validation,0.04,28685,16132,0.35995269652140927,3003,2617,13515,386,28299
GB004,validation,0.05,31042,13775,0.3073610460316398,3003,2522,11253,481,30561
GB004,validation,0.06,32813,12004,0.2678447910391146,3003,2435,9569,568,32245
GB004,validation,0.07,34249,10568,0.23580337818238614,3003,2338,8230,665,33584
GB004,validation,0.08,35400,9417,0.2101211593814847,3003,2240,7177,763,34637
GB004,validation,0.09,36493,8324,0.18573309235334806,3003,2140,6184,863,35630
GB004,validation,0.1,37406,7411,0.16536135841310218,3003,2064,5347,939,36467
GB004,validation,0.11,38120,6697,0.1494299038311355,3003,1979,4718,1024,37096
GB004,validation,0.12,38638,6179,0.13787178972264988,3003,1917,4262,1086,37552
GB004,validation,0.13,39140,5677,0.12667068299975456,3003,1860,3817,1143,37997
GB004,validation,0.14,39563,5254,0.11723230024321128,3003,1798,3456,1205,38358
GB004,validation,0.15,39917,4900,0.10933351183702612,3003,1747,3153,1256,38661
GB004,validation,0.16,40200,4617,0.10301894370439789,3003,1695,2922,1308,38892
GB004,validation,0.17,40430,4387,0.09788696253653748,3003,1659,2728,1344,39086
GB004,validation,0.18,40611,4206,0.09384831648704732,3003,1622,2584,1381,39230
GB004,validation,0.19,40778,4039,0.09012205189994868,3003,1592,2447,1411,39367
GB004,validation,0.2,40944,3873,0.08641810027444943,3003,1554,2319,1449,39495
GB004,validation,0.21,41082,3735,0.08333891157373319,3003,1519,2216,1484,39598
GB004,validation,0.22,41197,3620,0.08077292098980297,3003,1488,2132,1515,39682
GB004,validation,0.23,41344,3473,0.0774929156346922,3003,1451,2022,1552,39792
GB004,validation,0.24,41464,3353,0.07481536024276503,3003,1420,1933,1583,39881
GB004,validation,0.25,41583,3234,0.07216011781243724,3003,1398,1836,1605,39978
GB004,validation,0.26,41707,3110,0.06939331057411251,3003,1363,1747,1640,40067
GB004,validation,0.27,41824,2993,0.0667826940669835,3003,1332,1661,1671,40153
GB004,validation,0.28,41935,2882,0.06430595532945088,3003,1297,1585,1706,40229
GB004,validation,0.29,42030,2787,0.06218622397750853,3003,1270,1517,1733,40297
GB004,validation,0.3,42136,2681,0.05982105004797287,3003,1236,1445,1767,40369
GB004,validation,0.31,42262,2555,0.05700961688644934,3003,1189,1366,1814,40448
GB004,validation,0.32,42404,2413,0.05384117633933552,3003,1141,1272,1862,40542
GB004,validation,0.33,42522,2295,0.051208246870607134,3003,1104,1191,1899,40623
GB004,validation,0.34,42614,2203,0.04915545440346297,3003,1071,1132,1932,40682
GB004,validation,0.35,42708,2109,0.04705803601312002,3003,1037,1072,1966,40742
GB004,validation,0.36,42799,2018,0.04502755650757525,3003,1005,1013,1998,40801
GB004,validation,0.37,42894,1923,0.042907825155632906,3003,982,941,2021,40873
GB004,validation,0.38,42993,1824,0.040698841957292994,3003,950,874,2053,40940
GB004,validation,0.39,43078,1739,0.038802240221344576,3003,915,824,2088,40990
GB004,validation,0.4,43163,1654,0.036905638485396165,3003,885,769,2118,41045
GB004,validation,0.41,43242,1575,0.03514291451904411,3003,854,721,2149,41093
GB004,validation,0.42,43326,1491,0.03326862574469509,3003,817,674,2186,41140
GB004,validation,0.43,43399,1418,0.031639779547939395,3003,780,638,2223,41176
GB004,validation,0.44,43472,1345,0.030010933351183704,3003,755,590,2248,41224
GB004,validation,0.45,43546,1271,0.028359774192828615,3003,716,555,2287,41259
GB004,validation,0.46,43597,1220,0.02722181315125957,3003,697,523,2306,41291
GB004,validation,0.47,43667,1150,0.02565990583930205,3003,667,483,2336,41331
GB004,validation,0.48,43738,1079,0.02407568556574514,3003,629,450,2374,41364
GB004,validation,0.49,43812,1005,0.022424526407390052,3003,596,409,2407,41405
GB004,validation,0.5,43880,937,0.020907245018631324,3003,566,371,2437,41443
GB004,validation,0.51,43939,878,0.01959078028426713,3003,545,333,2458,41481
GB004,validation,0.52,43990,827,0.018452819242698083,3003,517,310,2486,41504
GB004,validation,0.53,44049,768,0.017136354508333892,3003,484,284,2519,41530
GB004,validation,0.54,44100,717,0.015998393466764845,3003,461,256,2542,41558
GB004,validation,0.55,44159,658,0.014681928732400651,3003,432,226,2571,41588
GB004,validation,0.56,44203,614,0.013700158422027356,3003,404,210,2599,41604
GB004,validation,0.57,44249,568,0.012673762188455274,3003,376,192,2627,41622
GB004,validation,0.58,44297,520,0.011602740031684405,3003,348,172,2655,41642
GB004,validation,0.59,44336,481,0.010732534529308075,3003,325,156,2678,41658
GB004,validation,0.6,44383,434,0.0096838253341366,3003,296,138,2707,41676
GB004,validation,0.61,44423,394,0.008791306870160876,3003,270,124,2733,41690
GB004,validation,0.62,44495,322,0.007184773635004574,3003,229,93,2774,41721
GB004,validation,0.63,44544,273,0.006091438516634313,3003,198,75,2805,41739
GB004,validation,0.64,44574,243,0.0054220496686525205,3003,182,61,2821,41753
GB004,validation,0.65,44611,206,0.004596470089474976,3003,156,50,2847,41764
GB004,validation,0.66,44640,177,0.003949394203092577,3003,134,43,2869,41771
GB004,validation,0.67,44668,149,0.00332463127830957,3003,114,35,2889,41779
GB004,validation,0.68,44690,127,0.0028337461231229223,3003,100,27,2903,41787
GB004,validation,0.69,44712,105,0.002342860967936274,3003,84,21,2919,41793
GB004,validation,0.7,44743,74,0.0016511591583550885,3003,59,15,2944,41799
GB004,validation,0.71,44755,62,0.0013834036191623714,3003,49,13,2954,41801
GB004,validation,0.72,44764,53,0.0011825869647678336,3003,42,11,2961,41803
GB004,validation,0.73,44775,42,0.0009371443871745097,3003,34,8,2969,41806
GB004,validation,0.74,44784,33,0.0007363277327799718,3003,26,7,2977,41807
GB004,validation,0.75,44798,19,0.00042394627038846864,3003,16,3,2987,41811
GB004,validation,0.76,44805,12,0.00026775553919271706,3003,9,3,2994,41811
GB004,validation,0.77,44812,5,0.00011156480799696544,3003,4,1,2999,41813
GB004,validation,0.78,44816,1,2.2312961599393088e-05,3003,1,0,3002,41814
GB004,validation,0.79,44817,0,0.0,3003,0,0,3003,41814
GB004,validation,0.8,44817,0,0.0,3003,0,0,3003,41814
GB004,validation,0.81,44817,0,0.0,3003,0,0,3003,41814
GB004,validation,0.82,44817,0,0.0,3003,0,0,3003,41814
GB004,validation,0.83,44817,0,0.0,3003,0,0,3003,41814
GB004,validation,0.84,44817,0,0.0,3003,0,0,3003,41814
GB004,validation,0.85,44817,0,0.0,3003,0,0,3003,41814
GB004,validation,0.86,44817,0,0.0,3003,0,0,3003,41814
GB004,validation,0.87,44817,0,0.0,3003,0,0,3003,41814
GB004,validation,0.88,44817,0,0.0,3003,0,0,3003,41814
GB004,validation,0.89,44817,0,0.0,3003,0,0,3003,41814
GB004,validation,0.9,44817,0,0.0,3003,0,0,3003,41814
GB004,validation,0.91,44817,0,0.0,3003,0,0,3003,41814
GB004,validation,0.92,44817,0,0.0,3003,0,0,3003,41814
GB004,validation,0.93,44817,0,0.0,3003,0,0,3003,41814
GB004,validation,0.94,44817,0,0.0,3003,0,0,3003,41814
GB004,validation,0.95,44817,0,0.0,3003,0,0,3003,41814
GB004,validation,0.96,44817,0,0.0,3003,0,0,3003,41814
GB004,validation,0.97,44817,0,0.0,3003,0,0,3003,41814
GB004,validation,0.98,44817,0,0.0,3003,0,0,3003,41814
GB004,validation,0.99,44817,0,0.0,3003,0,0,3003,41814
GNB001,validation,0.01,36633,8184,0.18260927772943303,3003,1722,6462,1281,35352
GNB001,validation,0.02,38424,6393,0.14264676350492,3003,1492,4901,1511,36913
GNB001,validation,0.03,39327,5490,0.12249815918066805,3003,1358,4132,1645,37682
GNB001,validation,0.04,39897,4920,0.10977977106901399,3003,1259,3661,1744,38153
GNB001,validation,0.05,40342,4475,0.09985050315728407,3003,1181,3294,1822,38520
GNB001,validation,0.06,40726,4091,0.09128232590311712,3003,1110,2981,1893,38833
GNB001,validation,0.07,41066,3751,0.08369591895932348,3003,1045,2706,1958,39108
GNB001,validation,0.08,41388,3429,0.0765111453243189,3003,978,2451,2025,39363
GNB001,validation,0.09,41655,3162,0.07055358457728095,3003,918,2244,2085,39570
GNB001,validation,0.1,41883,2934,0.06546622933261932,3003,875,2059,2128,39755
GNB001,validation,0.11,42134,2683,0.05986567597117165,3003,823,1860,2180,39954
GNB001,validation,0.12,42358,2459,0.0548675725729076,3003,783,1676,2220,40138
GNB001,validation,0.13,42603,2214,0.0494008969810563,3003,742,1472,2261,40342
GNB001,validation,0.14,42806,2011,0.0448713657763795,3003,701,1310,2302,40504
GNB001,validation,0.15,43016,1801,0.04018564384050695,3003,654,1147,2349,40667
GNB001,validation,0.16,43192,1625,0.03625856259901377,3003,608,1017,2395,40797
GNB001,validation,0.17,43346,1471,0.03282236651270723,3003,580,891,2423,40923
GNB001,validation,0.18,43459,1358,0.030301001851975814,3003,542,816,2461,40998
GNB001,validation,0.19,43553,1264,0.02820358346163286,3003,511,753,2492,41061
GNB001,validation,0.2,43629,1188,0.026507798380078988,3003,487,701,2516,41113
GNB001,validation,0.21,43700,1117,0.024923578106522078,3003,467,650,2536,41164
GNB001,validation,0.22,43757,1060,0.02365173929535667,3003,452,608,2551,41206
GNB001,validation,0.23,43805,1012,0.022580717138585806,3003,441,571,2562,41243
GNB001,validation,0.24,43845,972,0.021688198674610082,3003,435,537,2568,41277
GNB001,validation,0.25,43884,933,0.02081799317223375,3003,421,512,2582,41302
GNB001,validation,0.26,43917,900,0.020081665439453777,3003,407,493,2596,41321
GNB001,validation,0.27,43961,856,0.019099895129080485,3003,383,473,2620,41341
GNB001,validation,0.28,43993,824,0.018385880357899904,3003,372,452,2631,41362
GNB001,validation,0.29,44036,781,0.017426423009126002,3003,347,434,2656,41380
GNB001,validation,0.3,44063,754,0.016823973045942388,3003,337,417,2666,41397
GNB001,validation,0.31,44087,730,0.016288461967556955,3003,329,401,2674,41413
GNB001,validation,0.32,44106,711,0.015864515697168485,3003,322,389,2681,41425
GNB001,validation,0.33,44122,695,0.015507508311578195,3003,316,379,2687,41435
GNB001,validation,0.34,44135,682,0.015217439810786085,3003,310,372,2693,41442
GNB001,validation,0.35,44146,671,0.014971997233192761,3003,304,367,2699,41447
GNB001,validation,0.36,44157,660,0.014726554655599437,3003,302,358,2701,41456
GNB001,validation,0.37,44163,654,0.014592676886003079,3003,299,355,2704,41459
GNB001,validation,0.38,44178,639,0.014257982462012183,3003,290,349,2713,41465
GNB001,validation,0.39,44189,628,0.014012539884418859,3003,288,340,2715,41474
GNB001,validation,0.4,44198,619,0.01381172323002432,3003,284,335,2719,41479
GNB001,validation,0.41,44213,604,0.013477028806033424,3003,279,325,2724,41489
GNB001,validation,0.42,44220,597,0.013320838074837674,3003,277,320,2726,41494
GNB001,validation,0.43,44232,585,0.013053082535644956,3003,272,313,2731,41501
GNB001,validation,0.44,44242,575,0.012829952919651026,3003,267,308,2736,41506
GNB001,validation,0.45,44256,561,0.012517571457259522,3003,260,301,2743,41513
GNB001,validation,0.46,44264,553,0.012339067764464378,3003,257,296,2746,41518
GNB001,validation,0.47,44274,543,0.012115938148470446,3003,255,288,2748,41526
GNB001,validation,0.48,44284,533,0.011892808532476516,3003,250,283,2753,41531
GNB001,validation,0.49,44292,525,0.011714304839681371,3003,246,279,2757,41535
GNB001,validation,0.5,44299,518,0.01155811410848562,3003,242,276,2761,41538
GNB001,validation,0.51,44307,510,0.011379610415690475,3003,239,271,2764,41543
GNB001,validation,0.52,44316,501,0.011178793761295937,3003,236,265,2767,41549
GNB001,validation,0.53,44321,496,0.011067228953298971,3003,233,263,2770,41551
GNB001,validation,0.54,44327,490,0.010933351183702613,3003,230,260,2773,41554
GNB001,validation,0.55,44333,484,0.010799473414106255,3003,227,257,2776,41557
GNB001,validation,0.56,44338,479,0.010687908606109289,3003,226,253,2777,41561
GNB001,validation,0.57,44346,471,0.010509404913314145,3003,219,252,2784,41562
GNB001,validation,0.58,44351,466,0.010397840105317179,3003,214,252,2789,41562
GNB001,validation,0.59,44356,461,0.010286275297320213,3003,209,252,2794,41562
GNB001,validation,0.6,44363,454,0.010130084566124463,3003,207,247,2796,41567
GNB001,validation,0.61,44375,442,0.009862329026931745,3003,198,244,2805,41570
GNB001,validation,0.62,44379,438,0.009773077180534172,3003,195,243,2808,41571
GNB001,validation,0.63,44380,437,0.009750764218934779,3003,194,243,2809,41571
GNB001,validation,0.64,44384,433,0.009661512372537207,3003,192,241,2811,41573
GNB001,validation,0.65,44386,431,0.00961688644933842,3003,191,240,2812,41574
GNB001,validation,0.66,44392,425,0.009483008679742062,3003,187,238,2816,41576
GNB001,validation,0.67,44399,418,0.00932681794854631,3003,184,234,2819,41580
GNB001,validation,0.68,44404,413,0.009215253140549344,3003,181,232,2822,41582
GNB001,validation,0.69,44407,410,0.009148314255751166,3003,179,231,2824,41583
GNB001,validation,0.7,44411,406,0.009059062409353594,3003,176,230,2827,41584
GNB001,validation,0.71,44417,400,0.008925184639757234,3003,173,227,2830,41587
GNB001,validation,0.72,44425,392,0.00874668094696209,3003,171,221,2832,41593
GNB001,validation,0.73,44431,386,0.008612803177365732,3003,168,218,2835,41596
GNB001,validation,0.74,44433,384,0.008568177254166946,3003,168,216,2835,41598
GNB001,validation,0.75,44440,377,0.008411986522971194,3003,165,212,2838,41602
GNB001,validation,0.76,44444,373,0.008322734676573622,3003,162,211,2841,41603
GNB001,validation,0.77,44448,369,0.00823348283017605,3003,159,210,2844,41604
GNB001,validation,0.78,44452,365,0.008144230983778478,3003,156,209,2847,41605
GNB001,validation,0.79,44455,362,0.008077292098980298,3003,155,207,2848,41607
GNB001,validation,0.8,44455,362,0.008077292098980298,3003,155,207,2848,41607
GNB001,validation,0.81,44465,352,0.007854162482986368,3003,150,202,2853,41612
GNB001,validation,0.82,44468,349,0.007787223598188188,3003,149,200,2854,41614
GNB001,validation,0.83,44469,348,0.007764910636588795,3003,148,200,2855,41614
GNB001,validation,0.84,44471,346,0.0077202847133900085,3003,148,198,2855,41616
GNB001,validation,0.85,44475,342,0.007631032866992436,3003,145,197,2858,41617
GNB001,validation,0.86,44479,338,0.0075417810205948635,3003,142,196,2861,41618
GNB001,validation,0.87,44486,331,0.007385590289399112,3003,138,193,2865,41621
GNB001,validation,0.88,44490,327,0.007296338443001539,3003,135,192,2868,41622
GNB001,validation,0.89,44495,322,0.007184773635004574,3003,134,188,2869,41626
GNB001,validation,0.9,44502,315,0.007028582903808822,3003,131,184,2872,41630
GNB001,validation,0.91,44508,309,0.006894705134212464,3003,127,182,2876,41632
GNB001,validation,0.92,44513,304,0.006783140326215498,3003,124,180,2879,41634
GNB001,validation,0.93,44518,299,0.006671575518218533,3003,121,178,2882,41636
GNB001,validation,0.94,44527,290,0.006470758863823995,3003,119,171,2884,41643
GNB001,validation,0.95,44535,282,0.006292255171028851,3003,114,168,2889,41646
GNB001,validation,0.96,44540,277,0.006180690363031885,3003,111,166,2892,41648
GNB001,validation,0.97,44547,270,0.006024499631836134,3003,106,164,2897,41650
GNB001,validation,0.98,44552,265,0.005912934823839168,3003,102,163,2901,41651
GNB001,validation,0.99,44562,255,0.005689805207845238,3003,97,158,2906,41656
GNB007,validation,0.01,34851,9966,0.22237097529955152,3003,1947,8019,1056,33795
GNB007,validation,0.02,36571,8246,0.1839926813485954,3003,1771,6475,1232,35339
GNB007,validation,0.03,37604,7213,0.16094339201642233,3003,1659,5554,1344,36260
GNB007,validation,0.04,38273,6544,0.14601602070642836,3003,1573,4971,1430,36843
GNB007,validation,0.05,38876,5941,0.13256130486199433,3003,1492,4449,1511,37365
GNB007,validation,0.06,39350,5467,0.12198496106388201,3003,1423,4044,1580,37770
GNB007,validation,0.07,39840,4977,0.1110516098801794,3003,1345,3632,1658,38182
GNB007,validation,0.08,40260,4557,0.1016801660084343,3003,1254,3303,1749,38511
GNB007,validation,0.09,40699,4118,0.09188477586630073,3003,1167,2951,1836,38863
GNB007,validation,0.1,41146,3671,0.08191088203137202,3003,1076,2595,1927,39219
GNB007,validation,0.11,41623,3194,0.07126759934846152,3003,992,2202,2011,39612
GNB007,validation,0.12,42078,2739,0.061115201820737666,3003,919,1820,2084,39994
GNB007,validation,0.13,43133,1684,0.03757502733337796,3003,757,927,2246,40887
GNB007,validation,0.14,43464,1353,0.030189437043978848,3003,645,708,2358,41106
GNB007,validation,0.15,43563,1254,0.027980453845638933,3003,604,650,2399,41164
GNB007,validation,0.16,43686,1131,0.02523595956891358,3003,550,581,2453,41233
GNB007,validation,0.17,43800,1017,0.02269228194658277,3003,503,514,2500,41300
GNB007,validation,0.18,43853,964,0.021509694981814938,3003,484,480,2519,41334
GNB007,validation,0.19,43895,922,0.020572550594640426,3003,465,457,2538,41357
GNB007,validation,0.2,43933,884,0.01972465805386349,3003,445,439,2558,41375
GNB007,validation,0.21,43979,838,0.01869826182029141,3003,424,414,2579,41400
GNB007,validation,0.22,44011,806,0.01798424704911083,3003,409,397,2594,41417
GNB007,validation,0.23,44060,757,0.016890911930740566,3003,382,375,2621,41439
GNB007,validation,0.24,44087,730,0.016288461967556955,3003,367,363,2636,41451
GNB007,validation,0.25,44102,715,0.015953767543566057,3003,360,355,2643,41459
GNB007,validation,0.26,44128,689,0.015373630541981837,3003,345,344,2658,41470
GNB007,validation,0.27,44149,668,0.014905058348394583,3003,333,335,2670,41479
GNB007,validation,0.28,44170,647,0.014436486154807327,3003,324,323,2679,41491
GNB007,validation,0.29,44193,624,0.013923288038021286,3003,311,313,2692,41501
GNB007,validation,0.3,44203,614,0.013700158422027356,3003,308,306,2695,41508
GNB007,validation,0.31,44225,592,0.013209273266840708,3003,298,294,2705,41520
GNB007,validation,0.32,44236,581,0.012963830689247384,3003,292,289,2711,41525
GNB007,validation,0.33,44251,566,0.012629136265256488,3003,281,285,2722,41529
GNB007,validation,0.34,44263,554,0.01236138072606377,3003,276,278,2727,41536
GNB007,validation,0.35,44270,547,0.01220518999486802,3003,274,273,2729,41541
GNB007,validation,0.36,44280,537,0.011982060378874088,3003,268,269,2735,41545
GNB007,validation,0.37,44287,530,0.011825869647678336,3003,265,265,2738,41549
GNB007,validation,0.38,44292,525,0.011714304839681371,3003,263,262,2740,41552
GNB007,validation,0.39,44299,518,0.01155811410848562,3003,260,258,2743,41556
GNB007,validation,0.4,44303,514,0.011468862262088047,3003,257,257,2746,41557
GNB007,validation,0.41,44307,510,0.011379610415690475,3003,254,256,2749,41558
GNB007,validation,0.42,44316,501,0.011178793761295937,3003,247,254,2756,41560
GNB007,validation,0.43,44320,497,0.011089541914898365,3003,245,252,2758,41562
GNB007,validation,0.44,44334,483,0.010777160452506861,3003,235,248,2768,41566
GNB007,validation,0.45,44345,472,0.010531717874913537,3003,231,241,2772,41573
GNB007,validation,0.46,44352,465,0.010375527143717785,3003,227,238,2776,41576
GNB007,validation,0.47,44358,459,0.010241649374121427,3003,224,235,2779,41579
GNB007,validation,0.48,44362,455,0.010152397527723855,3003,223,232,2780,41582
GNB007,validation,0.49,44368,449,0.010018519758127497,3003,218,231,2785,41583
GNB007,validation,0.5,44379,438,0.009773077180534172,3003,211,227,2792,41587
GNB007,validation,0.51,44387,430,0.009594573487739028,3003,206,224,2797,41590
GNB007,validation,0.52,44393,424,0.009460695718142668,3003,201,223,2802,41591
GNB007,validation,0.53,44399,418,0.00932681794854631,3003,199,219,2804,41595
GNB007,validation,0.54,44403,414,0.009237566102148738,3003,196,218,2807,41596
GNB007,validation,0.55,44408,409,0.009126001294151772,3003,193,216,2810,41598
GNB007,validation,0.56,44416,401,0.008947497601356628,3003,188,213,2815,41601
GNB007,validation,0.57,44419,398,0.008880558716558448,3003,186,212,2817,41602
GNB007,validation,0.58,44420,397,0.008858245754959056,3003,186,211,2817,41603
GNB007,validation,0.59,44425,392,0.00874668094696209,3003,183,209,2820,41605
GNB007,validation,0.6,44430,387,0.008635116138965124,3003,180,207,2823,41607
GNB007,validation,0.61,44435,382,0.00852355133096816,3003,178,204,2825,41610
GNB007,validation,0.62,44439,378,0.008434299484570588,3003,177,201,2826,41613
GNB007,validation,0.63,44448,369,0.00823348283017605,3003,174,195,2829,41619
GNB007,validation,0.64,44453,364,0.008121918022179084,3003,170,194,2833,41620
GNB007,validation,0.65,44457,360,0.008032666175781512,3003,168,192,2835,41622
GNB007,validation,0.66,44462,355,0.007921101367784546,3003,164,191,2839,41623
GNB007,validation,0.67,44464,353,0.00787647544458576,3003,163,190,2840,41624
GNB007,validation,0.68,44469,348,0.007764910636588795,3003,160,188,2843,41626
GNB007,validation,0.69,44472,345,0.0076979717517906155,3003,158,187,2845,41627
GNB007,validation,0.7,44477,340,0.0075864069437936495,3003,155,185,2848,41629
GNB007,validation,0.71,44486,331,0.007385590289399112,3003,150,181,2853,41633
GNB007,validation,0.72,44489,328,0.007318651404600932,3003,148,180,2855,41634
GNB007,validation,0.73,44497,320,0.007140147711805788,3003,143,177,2860,41637
GNB007,validation,0.74,44502,315,0.007028582903808822,3003,140,175,2863,41639
GNB007,validation,0.75,44503,314,0.007006269942209429,3003,140,174,2863,41640
GNB007,validation,0.76,44509,308,0.006872392172613071,3003,135,173,2868,41641
GNB007,validation,0.77,44510,307,0.006850079211013678,3003,134,173,2869,41641
GNB007,validation,0.78,44513,304,0.006783140326215498,3003,132,172,2871,41642
GNB007,validation,0.79,44515,302,0.006738514403016712,3003,130,172,2873,41642
GNB007,validation,0.8,44518,299,0.006671575518218533,3003,128,171,2875,41643
GNB007,validation,0.81,44521,296,0.006604636633420354,3003,127,169,2876,41645
GNB007,validation,0.82,44521,296,0.006604636633420354,3003,127,169,2876,41645
GNB007,validation,0.83,44521,296,0.006604636633420354,3003,127,169,2876,41645
GNB007,validation,0.84,44525,292,0.006515384787022782,3003,125,167,2878,41647
GNB007,validation,0.85,44529,288,0.006426132940625209,3003,122,166,2881,41648
GNB007,validation,0.86,44535,282,0.006292255171028851,3003,116,166,2887,41648
GNB007,validation,0.87,44540,277,0.006180690363031885,3003,113,164,2890,41650
GNB007,validation,0.88,44546,271,0.006046812593435527,3003,109,162,2894,41652
GNB007,validation,0.89,44548,269,0.006002186670236741,3003,107,162,2896,41652
GNB007,validation,0.9,44554,263,0.005868308900640382,3003,103,160,2900,41654
GNB007,validation,0.91,44557,260,0.005801370015842203,3003,103,157,2900,41657
GNB007,validation,0.92,44563,254,0.0056674922462458446,3003,102,152,2901,41662
GNB007,validation,0.93,44572,245,0.0054666755918513065,3003,98,147,2905,41667
GNB007,validation,0.94,44579,238,0.0053104848606555545,3003,95,143,2908,41671
GNB007,validation,0.95,44585,232,0.005176607091059196,3003,92,140,2911,41674
GNB007,validation,0.96,44597,220,0.004908851551866479,3003,87,133,2916,41681
GNB007,validation,0.97,44608,209,0.004663408974273155,3003,84,125,2919,41689
GNB007,validation,0.98,44617,200,0.004462592319878617,3003,81,119,2922,41695
GNB007,validation,0.99,44645,172,0.0038378293950956112,3003,73,99,2930,41715
GNB008,validation,0.01,32258,12559,0.2802284847267778,3003,2137,10422,866,31392
GNB008,validation,0.02,34297,10520,0.2347323560256153,3003,1979,8541,1024,33273
GNB008,validation,0.03,35320,9497,0.21190619630943616,3003,1887,7610,1116,34204
GNB008,validation,0.04,36053,8764,0.195550795457081,3003,1819,6945,1184,34869
GNB008,validation,0.05,36631,8186,0.18265390365263182,3003,1768,6418,1235,35396
GNB008,validation,0.06,37089,7728,0.17243456724010978,3003,1724,6004,1279,35810
GNB008,validation,0.07,37483,7334,0.1636432603699489,3003,1678,5656,1325,36158
GNB008,validation,0.08,37836,6981,0.15576678492536314,3003,1634,5347,1369,36467
GNB008,validation,0.09,38144,6673,0.14889439275275007,3003,1586,5087,1417,36727
GNB008,validation,0.1,38438,6379,0.14233438204252852,3003,1540,4839,1463,36975
GNB008,validation,0.11,38681,6136,0.13691233237387598,3003,1506,4630,1497,37184
GNB008,validation,0.12,38919,5898,0.13160184751322043,3003,1476,4422,1527,37392
GNB008,validation,0.13,39131,5686,0.1268714996541491,3003,1446,4240,1557,37574
GNB008,validation,0.14,39345,5472,0.12209652587187897,3003,1413,4059,1590,37755
GNB008,validation,0.15,39563,5254,0.11723230024321128,3003,1375,3879,1628,37935
GNB008,validation,0.16,39759,5058,0.11285895976973023,3003,1344,3714,1659,38100
GNB008,validation,0.17,39960,4857,0.10837405448825223,3003,1313,3544,1690,38270
GNB008,validation,0.18,40158,4659,0.10395608809157239,3003,1280,3379,1723,38435
GNB008,validation,0.19,40347,4470,0.0997389383492871,3003,1247,3223,1756,38591
GNB008,validation,0.2,40555,4262,0.09509784233661334,3003,1200,3062,1803,38752
GNB008,validation,0.21,40752,4065,0.0907021889015329,3003,1161,2904,1842,38910
GNB008,validation,0.22,40954,3863,0.0861949706584555,3003,1124,2739,1879,39075
GNB008,validation,0.23,41169,3648,0.08139768391458599,3003,1091,2557,1912,39257
GNB008,validation,0.24,41411,3406,0.07599794720753286,3003,1047,2359,1956,39455
GNB008,validation,0.25,41659,3158,0.07046433273088337,3003,1008,2150,1995,39664
GNB008,validation,0.26,41885,2932,0.06542160340942053,3003,961,1971,2042,39843
GNB008,validation,0.27,42151,2666,0.05948635562398197,3003,917,1749,2086,40065
GNB008,validation,0.28,42422,2395,0.053439543030546446,3003,876,1519,2127,40295
GNB008,validation,0.29,42691,2126,0.047437356360309706,3003,831,1295,2172,40519
GNB008,validation,0.3,42915,1902,0.042439252962045655,3003,771,1131,2232,40683
GNB008,validation,0.31,43135,1682,0.03753040141017917,3003,727,955,2276,40859
GNB008,validation,0.32,43328,1489,0.033223999821496306,3003,666,823,2337,40991
GNB008,validation,0.33,43450,1367,0.030501818506370352,3003,630,737,2373,41077
GNB008,validation,0.34,43520,1297,0.028939911194412835,3003,600,697,2403,41117
GNB008,validation,0.35,43573,1244,0.027757324229645,3003,584,660,2419,41154
GNB008,validation,0.36,43616,1201,0.0267978668808711,3003,565,636,2438,41178
GNB008,validation,0.37,43671,1146,0.02557065399290448,3003,538,608,2465,41206
GNB008,validation,0.38,43736,1081,0.02412031148894393,3003,520,561,2483,41253
GNB008,validation,0.39,43780,1037,0.023138541178570633,3003,505,532,2498,41282
GNB008,validation,0.4,43810,1007,0.02246915233058884,3003,490,517,2513,41297
GNB008,validation,0.41,43833,984,0.021955954213802798,3003,482,502,2521,41312
GNB008,validation,0.42,43866,951,0.021219626481022828,3003,465,486,2538,41328
GNB008,validation,0.43,43890,927,0.02068411540263739,3003,448,479,2555,41335
GNB008,validation,0.44,43914,903,0.02014860432425196,3003,438,465,2565,41349
GNB008,validation,0.45,43940,877,0.01956846732266774,3003,429,448,2574,41366
GNB008,validation,0.46,43953,864,0.01927839882187563,3003,420,444,2583,41370
GNB008,validation,0.47,43971,846,0.018876765513086553,3003,407,439,2596,41375
GNB008,validation,0.48,44001,816,0.01820737666510476,3003,392,424,2611,41390
GNB008,validation,0.49,44023,794,0.017716491509918112,3003,383,411,2620,41403
GNB008,validation,0.5,44051,766,0.017091728585135104,3003,370,396,2633,41418
GNB008,validation,0.51,44064,753,0.016801660084342994,3003,364,389,2639,41425
GNB008,validation,0.52,44084,733,0.016355400852355133,3003,355,378,2648,41436
GNB008,validation,0.53,44096,721,0.016087645313162417,3003,351,370,2652,41444
GNB008,validation,0.54,44110,707,0.015775263850770913,3003,344,363,2659,41451
GNB008,validation,0.55,44125,692,0.015440569426780017,3003,339,353,2664,41461
GNB008,validation,0.56,44143,674,0.015038936117990941,3003,330,344,2673,41470
GNB008,validation,0.57,44160,657,0.014659615770801259,3003,322,335,2681,41479
GNB008,validation,0.58,44169,648,0.01445879911640672,3003,318,330,2685,41484
GNB008,validation,0.59,44180,637,0.014213356538813397,3003,312,325,2691,41489
GNB008,validation,0.6,44192,625,0.01394560099962068,3003,303,322,2700,41492
GNB008,validation,0.61,44202,615,0.013722471383626748,3003,295,320,2708,41494
GNB008,validation,0.62,44213,604,0.013477028806033424,3003,291,313,2712,41501
GNB008,validation,0.63,44220,597,0.013320838074837674,3003,288,309,2715,41505
GNB008,validation,0.64,44228,589,0.013142334382042528,3003,285,304,2718,41510
GNB008,validation,0.65,44233,584,0.013030769574045564,3003,283,301,2720,41513
GNB008,validation,0.66,44243,574,0.012807639958051632,3003,278,296,2725,41518
GNB008,validation,0.67,44251,566,0.012629136265256488,3003,275,291,2728,41523
GNB008,validation,0.68,44253,564,0.012584510342057702,3003,275,289,2728,41525
GNB008,validation,0.69,44265,552,0.012316754802864984,3003,268,284,2735,41530
GNB008,validation,0.7,44273,544,0.01213825111006984,3003,263,281,2740,41533
GNB008,validation,0.71,44283,534,0.01191512149407591,3003,258,276,2745,41538
GNB008,validation,0.72,44292,525,0.011714304839681371,3003,254,271,2749,41543
GNB008,validation,0.73,44304,513,0.011446549300488653,3003,247,266,2756,41548
GNB008,validation,0.74,44308,509,0.011357297454091081,3003,245,264,2758,41550
GNB008,validation,0.75,44318,499,0.011134167838097151,3003,239,260,2764,41554
GNB008,validation,0.76,44332,485,0.010821786375705647,3003,229,256,2774,41558
GNB008,validation,0.77,44345,472,0.010531717874913537,3003,223,249,2780,41565
GNB008,validation,0.78,44352,465,0.010375527143717785,3003,220,245,2783,41569
GNB008,validation,0.79,44361,456,0.010174710489323249,3003,215,241,2788,41573
GNB008,validation,0.8,44372,445,0.009929267911729924,3003,212,233,2791,41581
GNB008,validation,0.81,44382,435,0.009706138295735993,3003,205,230,2798,41584
GNB008,validation,0.82,44387,430,0.009594573487739028,3003,203,227,2800,41587
GNB008,validation,0.83,44394,423,0.009438382756543276,3003,198,225,2805,41589
GNB008,validation,0.84,44406,411,0.009170627217350558,3003,191,220,2812,41594
GNB008,validation,0.85,44412,405,0.0090367494477542,3003,186,219,2817,41595
GNB008,validation,0.86,44418,399,0.008902871678157842,3003,185,214,2818,41600
GNB008,validation,0.87,44428,389,0.008679742062163912,3003,180,209,2823,41605
GNB008,validation,0.88,44437,380,0.008478925407769374,3003,173,207,2830,41607
GNB008,validation,0.89,44447,370,0.008255795791775442,3003,168,202,2835,41612
GNB008,validation,0.9,44453,364,0.008121918022179084,3003,163,201,2840,41613
GNB008,validation,0.91,44460,357,0.007965727290983332,3003,156,201,2847,41613
GNB008,validation,0.92,44465,352,0.007854162482986368,3003,153,199,2850,41615
GNB008,validation,0.93,44473,344,0.0076756587901912225,3003,148,196,2855,41618
GNB008,validation,0.94,44481,336,0.0074971550973960775,3003,141,195,2862,41619
GNB008,validation,0.95,44491,326,0.007274025481402146,3003,135,191,2868,41623
GNB008,validation,0.96,44507,310,0.006917018095811857,3003,126,184,2877,41630
GNB008,validation,0.97,44517,300,0.006693888479817926,3003,123,177,2880,41637
GNB008,validation,0.98,44538,279,0.006225316286230672,3003,115,164,2888,41650
GNB008,validation,0.99,44572,245,0.0054666755918513065,3003,104,141,2899,41673
GNB009,validation,0.01,36055,8762,0.19550616953388222,3003,1827,6935,1176,34879
GNB009,validation,0.02,37793,7024,0.15672624227413703,3003,1634,5390,1369,36424
GNB009,validation,0.03,38738,6079,0.13564049356271057,3003,1501,4578,1502,37236
GNB009,validation,0.04,39418,5399,0.12046767967512328,3003,1401,3998,1602,37816
GNB009,validation,0.05,39953,4864,0.10853024521944797,3003,1308,3556,1695,38258
GNB009,validation,0.06,40373,4444,0.09915880134770289,3003,1232,3212,1771,38602
GNB009,validation,0.07,40822,3995,0.08914028158957539,3003,1148,2847,1855,38967
GNB009,validation,0.08,41234,3583,0.07994734141062543,3003,1067,2516,1936,39298
GNB009,validation,0.09,41601,3216,0.07175848450364818,3003,1005,2211,1998,39603
GNB009,validation,0.1,41913,2904,0.06479684048463753,3003,949,1955,2054,39859
GNB009,validation,0.11,42229,2588,0.05774594461922931,3003,894,1694,2109,40120
GNB009,validation,0.12,42582,2235,0.04986946917464355,3003,831,1404,2172,40410
GNB009,validation,0.13,42922,1895,0.0422830622308499,3003,759,1136,2244,40678
GNB009,validation,0.14,43241,1576,0.035165227480643504,3003,676,900,2327,40914
GNB009,validation,0.15,43518,1299,0.02898453711761162,3003,605,694,2398,41120
GNB009,validation,0.16,43642,1175,0.026217729879286878,3003,553,622,2450,41192
GNB009,validation,0.17,43722,1095,0.02443269295133543,3003,524,571,2479,41243
GNB009,validation,0.18,43802,1015,0.022647656023383984,3003,498,517,2505,41297
GNB009,validation,0.19,43858,959,0.021398130173817972,3003,479,480,2524,41334
GNB009,validation,0.2,43889,928,0.020706428364236786,3003,463,465,2540,41349
GNB009,validation,0.21,43924,893,0.019925474708258027,3003,447,446,2556,41368
GNB009,validation,0.22,43953,864,0.01927839882187563,3003,430,434,2573,41380
GNB009,validation,0.23,43988,829,0.01849744516589687,3003,417,412,2586,41402
GNB009,validation,0.24,44023,794,0.017716491509918112,3003,403,391,2600,41423
GNB009,validation,0.25,44048,769,0.017158667469933286,3003,385,384,2618,41430
GNB009,validation,0.26,44066,751,0.01675703416114421,3003,379,372,2624,41442
GNB009,validation,0.27,44093,724,0.016154584197960595,3003,367,357,2636,41457
GNB009,validation,0.28,44112,705,0.015730637927572125,3003,355,350,2648,41464
GNB009,validation,0.29,44135,682,0.015217439810786085,3003,343,339,2660,41475
GNB009,validation,0.3,44151,666,0.014860432425195797,3003,336,330,2667,41484
GNB009,validation,0.31,44168,649,0.014481112078006115,3003,326,323,2677,41491
GNB009,validation,0.32,44177,640,0.014280295423611577,3003,321,319,2682,41495
GNB009,validation,0.33,44189,628,0.014012539884418859,3003,314,314,2689,41500
GNB009,validation,0.34,44202,615,0.013722471383626748,3003,308,307,2695,41507
GNB009,validation,0.35,44213,604,0.013477028806033424,3003,302,302,2701,41512
GNB009,validation,0.36,44221,596,0.01329852511323828,3003,302,294,2701,41520
GNB009,validation,0.37,44228,589,0.013142334382042528,3003,297,292,2706,41522
GNB009,validation,0.38,44235,582,0.012986143650846776,3003,294,288,2709,41526
GNB009,validation,0.39,44244,573,0.01278532699645224,3003,290,283,2713,41531
GNB009,validation,0.4,44251,566,0.012629136265256488,3003,287,279,2716,41535
GNB009,validation,0.41,44255,562,0.012539884418858916,3003,283,279,2720,41535
GNB009,validation,0.42,44264,553,0.012339067764464378,3003,279,274,2724,41540
GNB009,validation,0.43,44270,547,0.01220518999486802,3003,276,271,2727,41543
GNB009,validation,0.44,44280,537,0.011982060378874088,3003,268,269,2735,41545
GNB009,validation,0.45,44290,527,0.011758930762880157,3003,265,262,2738,41552
GNB009,validation,0.46,44296,521,0.0116250529932838,3003,260,261,2743,41553
GNB009,validation,0.47,44300,517,0.011535801146886225,3003,258,259,2745,41555
GNB009,validation,0.48,44308,509,0.011357297454091081,3003,254,255,2749,41559
GNB009,validation,0.49,44317,500,0.011156480799696543,3003,249,251,2754,41563
GNB009,validation,0.5,44322,495,0.011044915991699579,3003,245,250,2758,41564
GNB009,validation,0.51,44330,487,0.010866412298904433,3003,241,246,2762,41568
GNB009,validation,0.52,44338,479,0.010687908606109289,3003,238,241,2765,41573
GNB009,validation,0.53,44345,472,0.010531717874913537,3003,233,239,2770,41575
GNB009,validation,0.54,44349,468,0.010442466028515965,3003,230,238,2773,41576
GNB009,validation,0.55,44355,462,0.010308588258919607,3003,227,235,2776,41579
GNB009,validation,0.56,44358,459,0.010241649374121427,3003,226,233,2777,41581
GNB009,validation,0.57,44361,456,0.010174710489323249,3003,223,233,2780,41581
GNB009,validation,0.58,44368,449,0.010018519758127497,3003,221,228,2782,41586
GNB009,validation,0.59,44375,442,0.009862329026931745,3003,216,226,2787,41588
GNB009,validation,0.6,44378,439,0.009795390142133565,3003,214,225,2789,41589
GNB009,validation,0.61,44383,434,0.0096838253341366,3003,211,223,2792,41591
GNB009,validation,0.62,44394,423,0.009438382756543276,3003,202,221,2801,41593
GNB009,validation,0.63,44398,419,0.009349130910145704,3003,200,219,2803,41595
GNB009,validation,0.64,44402,415,0.009259879063748132,3003,197,218,2806,41596
GNB009,validation,0.65,44407,410,0.009148314255751166,3003,196,214,2807,41600
GNB009,validation,0.66,44410,407,0.009081375370952986,3003,195,212,2808,41602
GNB009,validation,0.67,44416,401,0.008947497601356628,3003,192,209,2811,41605
GNB009,validation,0.68,44419,398,0.008880558716558448,3003,190,208,2813,41606
GNB009,validation,0.69,44426,391,0.008724367985362698,3003,184,207,2819,41607
GNB009,validation,0.7,44429,388,0.008657429100564518,3003,181,207,2822,41607
GNB009,validation,0.71,44432,385,0.008590490215766338,3003,180,205,2823,41609
GNB009,validation,0.72,44438,379,0.00845661244616998,3003,175,204,2828,41610
GNB009,validation,0.73,44443,374,0.008345047638173014,3003,173,201,2830,41613
GNB009,validation,0.74,44449,368,0.008211169868576656,3003,169,199,2834,41615
GNB009,validation,0.75,44455,362,0.008077292098980298,3003,166,196,2837,41618
GNB009,validation,0.76,44460,357,0.007965727290983332,3003,164,193,2839,41621
GNB009,validation,0.77,44466,351,0.007831849521386974,3003,158,193,2845,41621
GNB009,validation,0.78,44468,349,0.007787223598188188,3003,156,193,2847,41621
GNB009,validation,0.79,44471,346,0.0077202847133900085,3003,153,193,2850,41621
GNB009,validation,0.8,44471,346,0.0077202847133900085,3003,153,193,2850,41621
GNB009,validation,0.81,44474,343,0.007653345828591829,3003,151,192,2852,41622
GNB009,validation,0.82,44477,340,0.0075864069437936495,3003,151,189,2852,41625
GNB009,validation,0.83,44485,332,0.007407903250998505,3003,146,186,2857,41628
GNB009,validation,0.84,44490,327,0.007296338443001539,3003,143,184,2860,41630
GNB009,validation,0.85,44492,325,0.007251712519802753,3003,142,183,2861,41631
GNB009,validation,0.86,44494,323,0.007207086596603967,3003,141,182,2862,41632
GNB009,validation,0.87,44500,317,0.007073208827007608,3003,138,179,2865,41635
GNB009,validation,0.88,44503,314,0.007006269942209429,3003,137,177,2866,41637
GNB009,validation,0.89,44509,308,0.006872392172613071,3003,133,175,2870,41639
GNB009,validation,0.9,44515,302,0.006738514403016712,3003,131,171,2872,41643
GNB009,validation,0.91,44521,296,0.006604636633420354,3003,128,168,2875,41646
GNB009,validation,0.92,44530,287,0.006403819979025816,3003,128,159,2875,41655
GNB009,validation,0.93,44541,276,0.006158377401432492,3003,124,152,2879,41662
GNB009,validation,0.94,44545,272,0.00606912555503492,3003,122,150,2881,41664
GNB009,validation,0.95,44558,259,0.00577905705424281,3003,116,143,2887,41671
GNB009,validation,0.96,44569,248,0.005533614476649486,3003,111,137,2892,41677
GNB009,validation,0.97,44582,235,0.0052435459758573754,3003,106,129,2897,41685
GNB009,validation,0.98,44599,218,0.004864225628667693,3003,100,118,2903,41696
GNB009,validation,0.99,44631,186,0.004150210857487114,3003,91,95,2912,41719
GNB010,validation,0.01,36959,7858,0.17533525224803087,3003,1727,6131,1276,35683
GNB010,validation,0.02,38576,6241,0.13925519334181227,3003,1527,4714,1476,37100
GNB010,validation,0.03,39473,5344,0.11924046678715666,3003,1390,3954,1613,37860
GNB010,validation,0.04,40142,4675,0.10431309547716268,3003,1275,3400,1728,38414
GNB010,validation,0.05,40703,4114,0.09179552401990317,3003,1172,2942,1831,38872
GNB010,validation,0.06,41241,3576,0.07979115067942968,3003,1067,2509,1936,39305
GNB010,validation,0.07,41626,3191,0.07120066046366334,3003,992,2199,2011,39615
GNB010,validation,0.08,42008,2809,0.06267710913269518,3003,917,1892,2086,39922
GNB010,validation,0.09,42338,2479,0.055313831804895464,3003,846,1633,2157,40181
GNB010,validation,0.1,42651,2166,0.048329874824285426,3003,790,1376,2213,40438
GNB010,validation,0.11,42965,1852,0.041323604882075995,3003,720,1132,2283,40682
GNB010,validation,0.12,43224,1593,0.03554454782783319,3003,654,939,2349,40875
GNB010,validation,0.13,43458,1359,0.030323314813575204,3003,595,764,2408,41050
GNB010,validation,0.14,43664,1153,0.02572684472410023,3003,532,621,2471,41193
GNB010,validation,0.15,43788,1029,0.02296003748577549,3003,493,536,2510,41278
GNB010,validation,0.16,43861,956,0.02133119128901979,3003,462,494,2541,41320
GNB010,validation,0.17,43918,899,0.020059352477854387,3003,441,458,2562,41356
GNB010,validation,0.18,43972,845,0.01885445255148716,3003,415,430,2588,41384
GNB010,validation,0.19,44000,817,0.018229689626704154,3003,403,414,2600,41400
GNB010,validation,0.2,44034,783,0.017471048932324786,3003,386,397,2617,41417
GNB010,validation,0.21,44063,754,0.016823973045942388,3003,373,381,2630,41433
GNB010,validation,0.22,44084,733,0.016355400852355133,3003,359,374,2644,41440
GNB010,validation,0.23,44105,712,0.01588682865876788,3003,352,360,2651,41454
GNB010,validation,0.24,44129,688,0.015351317580382445,3003,337,351,2666,41463
GNB010,validation,0.25,44152,665,0.014838119463596403,3003,325,340,2678,41474
GNB010,validation,0.26,44171,646,0.014414173193207935,3003,317,329,2686,41485
GNB010,validation,0.27,44184,633,0.014124104692415825,3003,310,323,2693,41491
GNB010,validation,0.28,44195,622,0.0138786621148225,3003,304,318,2699,41496
GNB010,validation,0.29,44200,617,0.013767097306825534,3003,301,316,2702,41498
GNB010,validation,0.3,44211,606,0.01352165472923221,3003,296,310,2707,41504
GNB010,validation,0.31,44220,597,0.013320838074837674,3003,293,304,2710,41510
GNB010,validation,0.32,44227,590,0.013164647343641922,3003,289,301,2714,41513
GNB010,validation,0.33,44236,581,0.012963830689247384,3003,283,298,2720,41516
GNB010,validation,0.34,44244,573,0.01278532699645224,3003,277,296,2726,41518
GNB010,validation,0.35,44256,561,0.012517571457259522,3003,271,290,2732,41524
GNB010,validation,0.36,44266,551,0.012294441841265592,3003,266,285,2737,41529
GNB010,validation,0.37,44274,543,0.012115938148470446,3003,264,279,2739,41535
GNB010,validation,0.38,44281,536,0.011959747417274695,3003,260,276,2743,41538
GNB010,validation,0.39,44286,531,0.01184818260927773,3003,256,275,2747,41539
GNB010,validation,0.4,44294,523,0.011669678916482585,3003,253,270,2750,41544
GNB010,validation,0.41,44302,515,0.01149117522368744,3003,251,264,2752,41550
GNB010,validation,0.42,44309,508,0.011334984492491689,3003,247,261,2756,41553
GNB010,validation,0.43,44317,500,0.011156480799696543,3003,244,256,2759,41558
GNB010,validation,0.44,44322,495,0.011044915991699579,3003,242,253,2761,41561
GNB010,validation,0.45,44330,487,0.010866412298904433,3003,237,250,2766,41564
GNB010,validation,0.46,44337,480,0.010710221567708683,3003,233,247,2770,41567
GNB010,validation,0.47,44341,476,0.010620969721311109,3003,231,245,2772,41569
GNB010,validation,0.48,44347,470,0.010487091951714751,3003,227,243,2776,41571
GNB010,validation,0.49,44354,463,0.010330901220518999,3003,223,240,2780,41574
GNB010,validation,0.5,44358,459,0.010241649374121427,3003,220,239,2783,41575
GNB010,validation,0.51,44364,453,0.010107771604525069,3003,216,237,2787,41577
GNB010,validation,0.52,44365,452,0.010085458642925675,3003,215,237,2788,41577
GNB010,validation,0.53,44373,444,0.00990695495013053,3003,209,235,2794,41579
GNB010,validation,0.54,44382,435,0.009706138295735993,3003,204,231,2799,41583
GNB010,validation,0.55,44386,431,0.00961688644933842,3003,202,229,2801,41585
GNB010,validation,0.56,44388,429,0.009572260526139634,3003,201,228,2802,41586
GNB010,validation,0.57,44393,424,0.009460695718142668,3003,198,226,2805,41588
GNB010,validation,0.58,44398,419,0.009349130910145704,3003,195,224,2808,41590
GNB010,validation,0.59,44400,417,0.009304504986946918,3003,194,223,2809,41591
GNB010,validation,0.6,44406,411,0.009170627217350558,3003,191,220,2812,41594
GNB010,validation,0.61,44413,404,0.009014436486154808,3003,185,219,2818,41595
GNB010,validation,0.62,44415,402,0.008969810562956022,3003,184,218,2819,41596
GNB010,validation,0.63,44418,399,0.008902871678157842,3003,181,218,2822,41596
GNB010,validation,0.64,44421,396,0.008835932793359662,3003,178,218,2825,41596
GNB010,validation,0.65,44425,392,0.00874668094696209,3003,176,216,2827,41598
GNB010,validation,0.66,44428,389,0.008679742062163912,3003,174,215,2829,41599
GNB010,validation,0.67,44434,383,0.008545864292567552,3003,172,211,2831,41603
GNB010,validation,0.68,44435,382,0.00852355133096816,3003,172,210,2831,41604
GNB010,validation,0.69,44441,376,0.008389673561371802,3003,168,208,2835,41606
GNB010,validation,0.7,44444,373,0.008322734676573622,3003,165,208,2838,41606
GNB010,validation,0.71,44447,370,0.008255795791775442,3003,163,207,2840,41607
GNB010,validation,0.72,44450,367,0.008188856906977264,3003,160,207,2843,41607
GNB010,validation,0.73,44452,365,0.008144230983778478,3003,158,207,2845,41607
GNB010,validation,0.74,44454,363,0.008099605060579692,3003,156,207,2847,41607
GNB010,validation,0.75,44460,357,0.007965727290983332,3003,154,203,2849,41611
GNB010,validation,0.76,44462,355,0.007921101367784546,3003,153,202,2850,41612
GNB010,validation,0.77,44464,353,0.00787647544458576,3003,151,202,2852,41612
GNB010,validation,0.78,44467,350,0.007809536559787581,3003,150,200,2853,41614
GNB010,validation,0.79,44470,347,0.0077425976749894015,3003,148,199,2855,41615
GNB010,validation,0.8,44474,343,0.007653345828591829,3003,146,197,2857,41617
GNB010,validation,0.81,44475,342,0.007631032866992436,3003,146,196,2857,41618
GNB010,validation,0.82,44476,341,0.0076087199053930426,3003,146,195,2857,41619
GNB010,validation,0.83,44483,334,0.007452529174197291,3003,141,193,2862,41621
GNB010,validation,0.84,44486,331,0.007385590289399112,3003,139,192,2864,41622
GNB010,validation,0.85,44487,330,0.0073632773277997185,3003,138,192,2865,41622
GNB010,validation,0.86,44493,324,0.00722939955820336,3003,133,191,2870,41623
GNB010,validation,0.87,44499,318,0.007095521788607002,3003,131,187,2872,41627
GNB010,validation,0.88,44504,313,0.006983956980610036,3003,130,183,2873,41631
GNB010,validation,0.89,44509,308,0.006872392172613071,3003,128,180,2875,41634
GNB010,validation,0.9,44515,302,0.006738514403016712,3003,125,177,2878,41637
GNB010,validation,0.91,44518,299,0.006671575518218533,3003,125,174,2878,41640
GNB010,validation,0.92,44523,294,0.006560010710221568,3003,124,170,2879,41644
GNB010,validation,0.93,44529,288,0.006426132940625209,3003,121,167,2882,41647
GNB010,validation,0.94,44535,282,0.006292255171028851,3003,117,165,2886,41649
GNB010,validation,0.95,44545,272,0.00606912555503492,3003,111,161,2892,41653
GNB010,validation,0.96,44552,265,0.005912934823839168,3003,107,158,2896,41656
GNB010,validation,0.97,44557,260,0.005801370015842203,3003,103,157,2900,41657
GNB010,validation,0.98,44563,254,0.0056674922462458446,3003,99,155,2904,41659
GNB010,validation,0.99,44573,244,0.0054443626302519135,3003,93,151,2910,41663
LASSOSTACK001,validation,0.01,0,44817,1.0,3003,3003,41814,0,0
LASSOSTACK001,validation,0.02,19563,25254,0.5634915322310731,3003,2836,22418,167,19396
LASSOSTACK001,validation,0.03,29995,14822,0.33072271682620435,3003,2570,12252,433,29562
LASSOSTACK001,validation,0.04,32868,11949,0.266617578151148,3003,2423,9526,580,32288
LASSOSTACK001,validation,0.05,34520,10297,0.22975656558895063,3003,2300,7997,703,33817
LASSOSTACK001,validation,0.06,35654,9163,0.20445366713523885,3003,2193,6970,810,34844
LASSOSTACK001,validation,0.07,36476,8341,0.18611241270053774,3003,2117,6224,886,35590
LASSOSTACK001,validation,0.08,37140,7677,0.17129660619854073,3003,2072,5605,931,36209
LASSOSTACK001,validation,0.09,37789,7028,0.1568154941205346,3003,1998,5030,1005,36784
LASSOSTACK001,validation,0.1,38362,6455,0.14403016712408237,3003,1934,4521,1069,37293
LASSOSTACK001,validation,0.11,38803,6014,0.13419015105875004,3003,1880,4134,1123,37680
LASSOSTACK001,validation,0.12,39168,5649,0.12604592007497156,3003,1834,3815,1169,37999
LASSOSTACK001,validation,0.13,39479,5338,0.1191065890175603,3003,1799,3539,1204,38275
LASSOSTACK001,validation,0.14,39776,5041,0.11247963942254055,3003,1756,3285,1247,38529
LASSOSTACK001,validation,0.15,40056,4761,0.10623201017471048,3003,1706,3055,1297,38759
LASSOSTACK001,validation,0.16,40286,4531,0.10110002900685008,3003,1663,2868,1340,38946
LASSOSTACK001,validation,0.17,40516,4301,0.09596804783898967,3003,1619,2682,1384,39132
LASSOSTACK001,validation,0.18,40742,4075,0.09092531851752683,3003,1579,2496,1424,39318
LASSOSTACK001,validation,0.19,40944,3873,0.08641810027444943,3003,1525,2348,1478,39466
LASSOSTACK001,validation,0.2,41104,3713,0.08284802641854654,3003,1501,2212,1502,39602
LASSOSTACK001,validation,0.21,41275,3542,0.07903250998505032,3003,1464,2078,1539,39736
LASSOSTACK001,validation,0.22,41434,3383,0.07548474909074682,3003,1426,1957,1577,39857
LASSOSTACK001,validation,0.23,41588,3229,0.07204855300444028,3003,1387,1842,1616,39972
LASSOSTACK001,validation,0.24,41726,3091,0.06896936430372404,3003,1337,1754,1666,40060
LASSOSTACK001,validation,0.25,41854,2963,0.06611330521900172,3003,1299,1664,1704,40150
LASSOSTACK001,validation,0.26,41961,2856,0.06372581832786665,3003,1266,1590,1737,40224
LASSOSTACK001,validation,0.27,42070,2747,0.06129370551353281,3003,1236,1511,1767,40303
LASSOSTACK001,validation,0.28,42175,2642,0.058950844545596535,3003,1205,1437,1798,40377
LASSOSTACK001,validation,0.29,42265,2552,0.05694267800165116,3003,1180,1372,1823,40442
LASSOSTACK001,validation,0.3,42366,2451,0.054689068880112456,3003,1140,1311,1863,40503
LASSOSTACK001,validation,0.31,42448,2369,0.052859406028962226,3003,1115,1254,1888,40560
LASSOSTACK001,validation,0.32,42550,2267,0.050583483945824126,3003,1084,1183,1919,40631
LASSOSTACK001,validation,0.33,42640,2177,0.04857531740187875,3003,1050,1127,1953,40687
LASSOSTACK001,validation,0.34,42733,2084,0.0465002119731352,3003,1026,1058,1977,40756
LASSOSTACK001,validation,0.35,42792,2025,0.045183747238771,3003,1004,1021,1999,40793
LASSOSTACK001,validation,0.36,42857,1960,0.04373340473481045,3003,978,982,2025,40832
LASSOSTACK001,validation,0.37,42922,1895,0.0422830622308499,3003,954,941,2049,40873
LASSOSTACK001,validation,0.38,42985,1832,0.04087734565008814,3003,931,901,2072,40913
LASSOSTACK001,validation,0.39,43052,1765,0.0393823772229288,3003,906,859,2097,40955
LASSOSTACK001,validation,0.4,43112,1705,0.03804359952696521,3003,885,820,2118,40994
LASSOSTACK001,validation,0.41,43166,1651,0.03683869960059799,3003,867,784,2136,41030
LASSOSTACK001,validation,0.42,43229,1588,0.035432983019836224,3003,835,753,2168,41061
LASSOSTACK001,validation,0.43,43286,1531,0.034161144208670814,3003,820,711,2183,41103
LASSOSTACK001,validation,0.44,43336,1481,0.03304549612870116,3003,796,685,2207,41129
LASSOSTACK001,validation,0.45,43400,1417,0.03161746658634001,3003,770,647,2233,41167
LASSOSTACK001,validation,0.46,43437,1380,0.030791887007162462,3003,752,628,2251,41186
LASSOSTACK001,validation,0.47,43482,1335,0.029787803735189772,3003,731,604,2272,41210
LASSOSTACK001,validation,0.48,43538,1279,0.02853827788562376,3003,709,570,2294,41244
LASSOSTACK001,validation,0.49,43581,1236,0.027578820536849857,3003,691,545,2312,41269
LASSOSTACK001,validation,0.5,43635,1182,0.02637392061048263,3003,667,515,2336,41299
LASSOSTACK001,validation,0.51,43694,1123,0.025057455876118438,3003,646,477,2357,41337
LASSOSTACK001,validation,0.52,43738,1079,0.02407568556574514,3003,622,457,2381,41357
LASSOSTACK001,validation,0.53,43791,1026,0.022893098600977307,3003,598,428,2405,41386
LASSOSTACK001,validation,0.54,43839,978,0.02182207644420644,3003,581,397,2422,41417
LASSOSTACK001,validation,0.55,43871,946,0.02110806167302586,3003,564,382,2439,41432
LASSOSTACK001,validation,0.56,43923,894,0.01994778766985742,3003,534,360,2469,41454
LASSOSTACK001,validation,0.57,43963,854,0.019055269205881697,3003,513,341,2490,41473
LASSOSTACK001,validation,0.58,44004,813,0.01814043778030658,3003,495,318,2508,41496
LASSOSTACK001,validation,0.59,44042,775,0.017292545239529642,3003,474,301,2529,41513
LASSOSTACK001,validation,0.6,44082,735,0.016400026775553918,3003,451,284,2552,41530
LASSOSTACK001,validation,0.61,44124,693,0.01546288238837941,3003,430,263,2573,41551
LASSOSTACK001,validation,0.62,44158,659,0.014704241694000045,3003,418,241,2585,41573
LASSOSTACK001,validation,0.63,44196,621,0.013856349153223107,3003,397,224,2606,41590
LASSOSTACK001,validation,0.64,44233,584,0.013030769574045564,3003,370,214,2633,41600
LASSOSTACK001,validation,0.65,44284,533,0.011892808532476516,3003,342,191,2661,41623
LASSOSTACK001,validation,0.66,44320,497,0.011089541914898365,3003,317,180,2686,41634
LASSOSTACK001,validation,0.67,44346,471,0.010509404913314145,3003,304,167,2699,41647
LASSOSTACK001,validation,0.68,44370,447,0.00997389383492871,3003,287,160,2716,41654
LASSOSTACK001,validation,0.69,44398,419,0.009349130910145704,3003,269,150,2734,41664
LASSOSTACK001,validation,0.7,44437,380,0.008478925407769374,3003,247,133,2756,41681
LASSOSTACK001,validation,0.71,44467,350,0.007809536559787581,3003,227,123,2776,41691
LASSOSTACK001,validation,0.72,44489,328,0.007318651404600932,3003,217,111,2786,41703
LASSOSTACK001,validation,0.73,44517,300,0.006693888479817926,3003,203,97,2800,41717
LASSOSTACK001,validation,0.74,44545,272,0.00606912555503492,3003,187,85,2816,41729
LASSOSTACK001,validation,0.75,44573,244,0.0054443626302519135,3003,172,72,2831,41742
LASSOSTACK001,validation,0.76,44589,228,0.005087355244661624,3003,162,66,2841,41748
LASSOSTACK001,validation,0.77,44604,213,0.004752660820670727,3003,154,59,2849,41755
LASSOSTACK001,validation,0.78,44625,192,0.004284088627083473,3003,140,52,2863,41762
LASSOSTACK001,validation,0.79,44644,173,0.0038601423566950043,3003,128,45,2875,41769
LASSOSTACK001,validation,0.8,44658,159,0.003547760894303501,3003,118,41,2885,41773
LASSOSTACK001,validation,0.81,44674,143,0.0031907535087132115,3003,109,34,2894,41780
LASSOSTACK001,validation,0.82,44692,125,0.002789120199924136,3003,94,31,2909,41783
LASSOSTACK001,validation,0.83,44701,116,0.002588303545529598,3003,87,29,2916,41785
LASSOSTACK001,validation,0.84,44717,100,0.0022312961599393086,3003,76,24,2927,41790
LASSOSTACK001,validation,0.85,44732,85,0.0018966017359484124,3003,64,21,2939,41793
LASSOSTACK001,validation,0.86,44745,72,0.0016065332351563022,3003,57,15,2946,41799
LASSOSTACK001,validation,0.87,44754,63,0.0014057165807617644,3003,50,13,2953,41801
LASSOSTACK001,validation,0.88,44765,52,0.0011602740031684405,3003,40,12,2963,41802
LASSOSTACK001,validation,0.89,44774,43,0.0009594573487739028,3003,33,10,2970,41804
LASSOSTACK001,validation,0.9,44789,28,0.0006247629247830064,3003,21,7,2982,41807
LASSOSTACK001,validation,0.91,44801,16,0.0003570073855902894,3003,13,3,2990,41811
LASSOSTACK001,validation,0.92,44808,9,0.00020081665439453778,3003,7,2,2996,41812
LASSOSTACK001,validation,0.93,44812,5,0.00011156480799696544,3003,4,1,2999,41813
LASSOSTACK001,validation,0.94,44814,3,6.693888479817926e-05,3003,3,0,3000,41814
LASSOSTACK001,validation,0.95,44816,1,2.2312961599393088e-05,3003,1,0,3002,41814
LASSOSTACK001,validation,0.96,44817,0,0.0,3003,0,0,3003,41814
LASSOSTACK001,validation,0.97,44817,0,0.0,3003,0,0,3003,41814
LASSOSTACK001,validation,0.98,44817,0,0.0,3003,0,0,3003,41814
LASSOSTACK001,validation,0.99,44817,0,0.0,3003,0,0,3003,41814
LGB001,validation,0.01,12193,32624,0.7279380592186001,3003,2925,29699,78,12115
LGB001,validation,0.02,21548,23269,0.5192003034562778,3003,2800,20469,203,21345
LGB001,validation,0.03,25984,18833,0.42022000580137003,3003,2702,16131,301,25683
LGB001,validation,0.04,29047,15770,0.351875404422429,3003,2619,13151,384,28663
LGB001,validation,0.05,31262,13555,0.3024521944797733,3003,2523,11032,480,30782
LGB001,validation,0.06,32944,11873,0.2649217930695941,3003,2422,9451,581,32363
LGB001,validation,0.07,34406,10411,0.23230024321128143,3003,2326,8085,677,33729
LGB001,validation,0.08,35600,9217,0.2056585670616061,3003,2224,6993,779,34821
LGB001,validation,0.09,36536,8281,0.18477363500457417,3003,2137,6144,866,35670
LGB001,validation,0.1,37303,7514,0.16765959345783965,3003,2061,5453,942,36361
LGB001,validation,0.11,37973,6844,0.1527099091862463,3003,1992,4852,1011,36962
LGB001,validation,0.12,38473,6344,0.14155342838654975,3003,1944,4400,1059,37414
LGB001,validation,0.13,38944,5873,0.1310440234732356,3003,1885,3988,1118,37826
LGB001,validation,0.14,39345,5472,0.12209652587187897,3003,1830,3642,1173,38172
LGB001,validation,0.15,39725,5092,0.1136176004641096,3003,1772,3320,1231,38494
LGB001,validation,0.16,40036,4781,0.10667826940669835,3003,1725,3056,1278,38758
LGB001,validation,0.17,40300,4517,0.10078764754445857,3003,1676,2841,1327,38973
LGB001,validation,0.18,40545,4272,0.09532097195260728,3003,1633,2639,1370,39175
LGB001,validation,0.19,40734,4083,0.09110382221032197,3003,1594,2489,1409,39325
LGB001,validation,0.2,40912,3905,0.08713211504563001,3003,1570,2335,1433,39479
LGB001,validation,0.21,41076,3741,0.08347278934332954,3003,1521,2220,1482,39594
LGB001,validation,0.22,41219,3598,0.08028203583461632,3003,1488,2110,1515,39704
LGB001,validation,0.23,41353,3464,0.07729209898029765,3003,1451,2013,1552,39801
LGB001,validation,0.24,41506,3311,0.07387821585559051,3003,1413,1898,1590,39916
LGB001,validation,0.25,41625,3192,0.07122297342526274,3003,1386,1806,1617,40008
LGB001,validation,0.26,41741,3076,0.06863466987973314,3003,1353,1723,1650,40091
LGB001,validation,0.27,41871,2946,0.06573398487181203,3003,1307,1639,1696,40175
LGB001,validation,0.28,41977,2840,0.06336881094227637,3003,1275,1565,1728,40249
LGB001,validation,0.29,42095,2722,0.060735881473547984,3003,1232,1490,1771,40324
LGB001,validation,0.3,42209,2608,0.05819220385121717,3003,1195,1413,1808,40401
LGB001,validation,0.31,42318,2499,0.05576009103688333,3003,1161,1338,1842,40476
LGB001,validation,0.32,42422,2395,0.053439543030546446,3003,1132,1263,1871,40551
LGB001,validation,0.33,42522,2295,0.051208246870607134,3003,1100,1195,1903,40619
LGB001,validation,0.34,42630,2187,0.048798447017872684,3003,1062,1125,1941,40689
LGB001,validation,0.35,42708,2109,0.04705803601312002,3003,1036,1073,1967,40741
LGB001,validation,0.36,42814,2003,0.044692862083584355,3003,1002,1001,2001,40813
LGB001,validation,0.37,42897,1920,0.04284088627083473,3003,977,943,2026,40871
LGB001,validation,0.38,42965,1852,0.041323604882075995,3003,948,904,2055,40910
LGB001,validation,0.39,43054,1763,0.039337751299730016,3003,924,839,2079,40975
LGB001,validation,0.4,43129,1688,0.03766427917977553,3003,902,786,2101,41028
LGB001,validation,0.41,43203,1614,0.036013120021420444,3003,876,738,2127,41076
LGB001,validation,0.42,43277,1540,0.03436196086306535,3003,849,691,2154,41123
LGB001,validation,0.43,43352,1465,0.03268848874311087,3003,818,647,2185,41167
LGB001,validation,0.44,43416,1401,0.03126045920074971,3003,793,608,2210,41206
LGB001,validation,0.45,43490,1327,0.029609300042394628,3003,760,567,2243,41247
LGB001,validation,0.46,43566,1251,0.02791351496084075,3003,730,521,2273,41293
LGB001,validation,0.47,43636,1181,0.026351607648883238,3003,698,483,2305,41331
LGB001,validation,0.48,43721,1096,0.024455005912934823,3003,654,442,2349,41372
LGB001,validation,0.49,43794,1023,0.02282615971617913,3003,617,406,2386,41408
LGB001,validation,0.5,43856,961,0.021442756097016756,3003,587,374,2416,41440
LGB001,validation,0.51,43910,907,0.02023785617064953,3003,565,342,2438,41472
LGB001,validation,0.52,43962,855,0.01907758216748109,3003,540,315,2463,41499
LGB001,validation,0.53,44025,792,0.017671865586719324,3003,504,288,2499,41526
LGB001,validation,0.54,44092,725,0.01617689715955999,3003,470,255,2533,41559
LGB001,validation,0.55,44141,676,0.015083562041189727,3003,443,233,2560,41581
LGB001,validation,0.56,44187,630,0.014057165807617645,3003,413,217,2590,41597
LGB001,validation,0.57,44233,584,0.013030769574045564,3003,388,196,2615,41618
LGB001,validation,0.58,44284,533,0.011892808532476516,3003,356,177,2647,41637
LGB001,validation,0.59,44328,489,0.01091103822210322,3003,328,161,2675,41653
LGB001,validation,0.6,44379,438,0.009773077180534172,3003,298,140,2705,41674
LGB001,validation,0.61,44413,404,0.009014436486154808,3003,279,125,2724,41689
LGB001,validation,0.62,44449,368,0.008211169868576656,3003,255,113,2748,41701
LGB001,validation,0.63,44485,332,0.007407903250998505,3003,236,96,2767,41718
LGB001,validation,0.64,44511,306,0.006827766249414285,3003,221,85,2782,41729
LGB001,validation,0.65,44537,280,0.006247629247830065,3003,201,79,2802,41735
LGB001,validation,0.66,44565,252,0.005622866323047058,3003,185,67,2818,41747
LGB001,validation,0.67,44589,228,0.005087355244661624,3003,170,58,2833,41756
LGB001,validation,0.68,44615,202,0.004507218243077404,3003,150,52,2853,41762
LGB001,validation,0.69,44637,180,0.004016333087890756,3003,133,47,2870,41767
LGB001,validation,0.7,44653,164,0.003659325702300466,3003,126,38,2877,41776
LGB001,validation,0.71,44678,139,0.003101501662315639,3003,106,33,2897,41781
LGB001,validation,0.72,44702,115,0.002565990583930205,3003,90,25,2913,41789
LGB001,validation,0.73,44717,100,0.0022312961599393086,3003,79,21,2924,41793
LGB001,validation,0.74,44736,81,0.00180734988955084,3003,65,16,2938,41798
LGB001,validation,0.75,44748,69,0.001539594350358123,3003,55,14,2948,41800
LGB001,validation,0.76,44752,65,0.0014503425039605507,3003,52,13,2951,41801
LGB001,validation,0.77,44761,56,0.0012495258495660128,3003,44,12,2959,41802
LGB001,validation,0.78,44772,45,0.001004083271972689,3003,35,10,2968,41804
LGB001,validation,0.79,44785,32,0.0007140147711805788,3003,26,6,2977,41808
LGB001,validation,0.8,44795,22,0.000490885155186648,3003,17,5,2986,41809
LGB001,validation,0.81,44802,15,0.00033469442399089634,3003,12,3,2991,41811
LGB001,validation,0.82,44807,10,0.00022312961599393088,3003,7,3,2996,41811
LGB001,validation,0.83,44811,6,0.00013387776959635853,3003,6,0,2997,41814
LGB001,validation,0.84,44812,5,0.00011156480799696544,3003,5,0,2998,41814
LGB001,validation,0.85,44813,4,8.925184639757235e-05,3003,4,0,2999,41814
LGB001,validation,0.86,44813,4,8.925184639757235e-05,3003,4,0,2999,41814
LGB001,validation,0.87,44817,0,0.0,3003,0,0,3003,41814
LGB001,validation,0.88,44817,0,0.0,3003,0,0,3003,41814
LGB001,validation,0.89,44817,0,0.0,3003,0,0,3003,41814
LGB001,validation,0.9,44817,0,0.0,3003,0,0,3003,41814
LGB001,validation,0.91,44817,0,0.0,3003,0,0,3003,41814
LGB001,validation,0.92,44817,0,0.0,3003,0,0,3003,41814
LGB001,validation,0.93,44817,0,0.0,3003,0,0,3003,41814
LGB001,validation,0.94,44817,0,0.0,3003,0,0,3003,41814
LGB001,validation,0.95,44817,0,0.0,3003,0,0,3003,41814
LGB001,validation,0.96,44817,0,0.0,3003,0,0,3003,41814
LGB001,validation,0.97,44817,0,0.0,3003,0,0,3003,41814
LGB001,validation,0.98,44817,0,0.0,3003,0,0,3003,41814
LGB001,validation,0.99,44817,0,0.0,3003,0,0,3003,41814
LGB002,validation,0.01,13502,31315,0.6987303924849946,3003,2911,28404,92,13410
LGB002,validation,0.02,21753,23064,0.5146261463284022,3003,2797,20267,206,21547
LGB002,validation,0.03,26205,18612,0.41528884128790416,3003,2698,15914,305,25900
LGB002,validation,0.04,29224,15593,0.3479260102193364,3003,2592,13001,411,28813
LGB002,validation,0.05,31392,13425,0.2995515094718522,3003,2504,10921,499,30893
LGB002,validation,0.06,33068,11749,0.2621549858312694,3003,2415,9334,588,32480
LGB002,validation,0.07,34507,10310,0.23004663408974274,3003,2300,8010,703,33804
LGB002,validation,0.08,35581,9236,0.20608251333199457,3003,2229,7007,774,34807
LGB002,validation,0.09,36455,8362,0.186580984894125,3003,2148,6214,855,35600
LGB002,validation,0.1,37207,7610,0.1698016377713814,3003,2065,5545,938,36269
LGB002,validation,0.11,37857,6960,0.15529821273177588,3003,2001,4959,1002,36855
LGB002,validation,0.12,38409,6408,0.1429814579289109,3003,1949,4459,1054,37355
LGB002,validation,0.13,38905,5912,0.13191422897561195,3003,1880,4032,1123,37782
LGB002,validation,0.14,39298,5519,0.12314523506705045,3003,1822,3697,1181,38117
LGB002,validation,0.15,39624,5193,0.1158712095856483,3003,1790,3403,1213,38411
LGB002,validation,0.16,39919,4898,0.10928888591382734,3003,1746,3152,1257,38662
LGB002,validation,0.17,40165,4652,0.10379989736037665,3003,1706,2946,1297,38868
LGB002,validation,0.18,40426,4391,0.09797621438293505,3003,1658,2733,1345,39081
LGB002,validation,0.19,40650,4167,0.092978110984671,3003,1613,2554,1390,39260
LGB002,validation,0.2,40840,3977,0.08873864828078631,3003,1569,2408,1434,39406
LGB002,validation,0.21,41021,3796,0.08470000223129616,3003,1526,2270,1477,39544
LGB002,validation,0.22,41178,3639,0.08119686726019144,3003,1485,2154,1518,39660
LGB002,validation,0.23,41320,3497,0.07802842671307762,3003,1459,2038,1544,39776
LGB002,validation,0.24,41455,3362,0.07501617689715956,3003,1422,1940,1581,39874
LGB002,validation,0.25,41575,3242,0.07233862150523239,3003,1391,1851,1612,39963
LGB002,validation,0.26,41706,3111,0.0694156235357119,3003,1355,1756,1648,40058
LGB002,validation,0.27,41829,2988,0.06667112925898655,3003,1318,1670,1685,40144
LGB002,validation,0.28,41957,2860,0.06381507017426423,3003,1275,1585,1728,40229
LGB002,validation,0.29,42080,2737,0.06107057589753888,3003,1230,1507,1773,40307
LGB002,validation,0.3,42179,2638,0.05886159269919897,3003,1197,1441,1806,40373
LGB002,validation,0.31,42294,2523,0.05629560211526876,3003,1163,1360,1840,40454
LGB002,validation,0.32,42407,2410,0.05377423745453734,3003,1130,1280,1873,40534
LGB002,validation,0.33,42528,2289,0.05107436910101078,3003,1090,1199,1913,40615
LGB002,validation,0.34,42615,2202,0.04913314144186358,3003,1069,1133,1934,40681
LGB002,validation,0.35,42718,2099,0.04683490639712609,3003,1037,1062,1966,40752
LGB002,validation,0.36,42814,2003,0.044692862083584355,3003,1002,1001,2001,40813
LGB002,validation,0.37,42896,1921,0.04286319923243412,3003,974,947,2029,40867
LGB002,validation,0.38,42966,1851,0.0413012919204766,3003,950,901,2053,40913
LGB002,validation,0.39,43035,1782,0.03976169757011848,3003,931,851,2072,40963
LGB002,validation,0.4,43113,1704,0.03802128656536582,3003,905,799,2098,41015
LGB002,validation,0.41,43180,1637,0.03652631813820648,3003,882,755,2121,41059
LGB002,validation,0.42,43253,1564,0.03489747194145079,3003,851,713,2152,41101
LGB002,validation,0.43,43334,1483,0.03309012205189995,3003,818,665,2185,41149
LGB002,validation,0.44,43409,1408,0.03141664993194547,3003,792,616,2211,41198
LGB002,validation,0.45,43483,1334,0.029765490773590378,3003,759,575,2244,41239
LGB002,validation,0.46,43566,1251,0.02791351496084075,3003,722,529,2281,41285
LGB002,validation,0.47,43641,1176,0.026240042840886272,3003,692,484,2311,41330
LGB002,validation,0.48,43701,1116,0.024901265144922687,3003,664,452,2339,41362
LGB002,validation,0.49,43781,1036,0.02311622821697124,3003,630,406,2373,41408
LGB002,validation,0.5,43849,968,0.02159894682821251,3003,597,371,2406,41443
LGB002,validation,0.51,43911,906,0.020215543209050137,3003,566,340,2437,41474
LGB002,validation,0.52,43979,838,0.01869826182029141,3003,531,307,2472,41507
LGB002,validation,0.53,44027,790,0.01762723966352054,3003,500,290,2503,41524
LGB002,validation,0.54,44087,730,0.016288461967556955,3003,471,259,2532,41555
LGB002,validation,0.55,44135,682,0.015217439810786085,3003,444,238,2559,41576
LGB002,validation,0.56,44180,637,0.014213356538813397,3003,422,215,2581,41599
LGB002,validation,0.57,44221,596,0.01329852511323828,3003,397,199,2606,41615
LGB002,validation,0.58,44262,555,0.012383693687663164,3003,375,180,2628,41634
LGB002,validation,0.59,44324,493,0.011000290068500793,3003,340,153,2663,41661
LGB002,validation,0.6,44358,459,0.010241649374121427,3003,319,140,2684,41674
LGB002,validation,0.61,44412,405,0.0090367494477542,3003,279,126,2724,41688
LGB002,validation,0.62,44449,368,0.008211169868576656,3003,256,112,2747,41702
LGB002,validation,0.63,44480,337,0.0075194680589954705,3003,235,102,2768,41712
LGB002,validation,0.64,44513,304,0.006783140326215498,3003,214,90,2789,41724
LGB002,validation,0.65,44537,280,0.006247629247830065,3003,199,81,2804,41733
LGB002,validation,0.66,44564,253,0.0056451792846464515,3003,183,70,2820,41744
LGB002,validation,0.67,44585,232,0.005176607091059196,3003,166,66,2837,41748
LGB002,validation,0.68,44609,208,0.004641096012673762,3003,151,57,2852,41757
LGB002,validation,0.69,44632,185,0.004127897895887721,3003,134,51,2869,41763
LGB002,validation,0.7,44646,171,0.003815516433496218,3003,126,45,2877,41769
LGB002,validation,0.71,44678,139,0.003101501662315639,3003,109,30,2894,41784
LGB002,validation,0.72,44697,120,0.0026775553919271707,3003,96,24,2907,41790
LGB002,validation,0.73,44716,101,0.002253609121538702,3003,80,21,2923,41793
LGB002,validation,0.74,44735,82,0.001829662851150233,3003,66,16,2937,41798
LGB002,validation,0.75,44741,76,0.0016957850815538745,3003,62,14,2941,41800
LGB002,validation,0.76,44746,71,0.0015842202735569092,3003,58,13,2945,41801
LGB002,validation,0.77,44761,56,0.0012495258495660128,3003,45,11,2958,41803
LGB002,validation,0.78,44770,47,0.0010487091951714752,3003,39,8,2964,41806
LGB002,validation,0.79,44779,38,0.0008478925407769373,3003,30,8,2973,41806
LGB002,validation,0.8,44785,32,0.0007140147711805788,3003,24,8,2979,41806
LGB002,validation,0.81,44795,22,0.000490885155186648,3003,16,6,2987,41808
LGB002,validation,0.82,44800,17,0.0003793203471896825,3003,13,4,2990,41810
LGB002,validation,0.83,44804,13,0.00029006850079211013,3003,9,4,2994,41810
LGB002,validation,0.84,44807,10,0.00022312961599393088,3003,6,4,2997,41810
LGB002,validation,0.85,44813,4,8.925184639757235e-05,3003,3,1,3000,41813
LGB002,validation,0.86,44817,0,0.0,3003,0,0,3003,41814
LGB002,validation,0.87,44817,0,0.0,3003,0,0,3003,41814
LGB002,validation,0.88,44817,0,0.0,3003,0,0,3003,41814
LGB002,validation,0.89,44817,0,0.0,3003,0,0,3003,41814
LGB002,validation,0.9,44817,0,0.0,3003,0,0,3003,41814
LGB002,validation,0.91,44817,0,0.0,3003,0,0,3003,41814
LGB002,validation,0.92,44817,0,0.0,3003,0,0,3003,41814
LGB002,validation,0.93,44817,0,0.0,3003,0,0,3003,41814
LGB002,validation,0.94,44817,0,0.0,3003,0,0,3003,41814
LGB002,validation,0.95,44817,0,0.0,3003,0,0,3003,41814
LGB002,validation,0.96,44817,0,0.0,3003,0,0,3003,41814
LGB002,validation,0.97,44817,0,0.0,3003,0,0,3003,41814
LGB002,validation,0.98,44817,0,0.0,3003,0,0,3003,41814
LGB002,validation,0.99,44817,0,0.0,3003,0,0,3003,41814
LGB003,validation,0.01,12444,32373,0.7223375058571524,3003,2924,29449,79,12365
LGB003,validation,0.02,21569,23248,0.5187317312626905,3003,2800,20448,203,21366
LGB003,validation,0.03,25986,18831,0.4201753798781712,3003,2702,16129,301,25685
LGB003,validation,0.04,28977,15840,0.35343731173438653,3003,2615,13225,388,28589
LGB003,validation,0.05,31244,13573,0.3028538277885624,3003,2519,11054,484,30760
LGB003,validation,0.06,32957,11860,0.264631724568802,3003,2421,9439,582,32375
LGB003,validation,0.07,34385,10432,0.23276881540486868,3003,2325,8107,678,33707
LGB003,validation,0.08,35543,9274,0.2069304058727715,3003,2222,7052,781,34762
LGB003,validation,0.09,36413,8404,0.18751812928129952,3003,2146,6258,857,35556
LGB003,validation,0.1,37220,7597,0.16951156927058927,3003,2074,5523,929,36291
LGB003,validation,0.11,37880,6937,0.15478501461498984,3003,2004,4933,999,36881
LGB003,validation,0.12,38439,6378,0.1423120690809291,3003,1946,4432,1057,37382
LGB003,validation,0.13,38949,5868,0.13093245866523864,3003,1889,3979,1114,37835
LGB003,validation,0.14,39353,5464,0.12191802217908383,3003,1829,3635,1174,38179
LGB003,validation,0.15,39693,5124,0.11433161523529017,3003,1780,3344,1223,38470
LGB003,validation,0.16,40003,4814,0.10741459713947832,3003,1739,3075,1264,38739
LGB003,validation,0.17,40283,4534,0.10116696789164825,3003,1689,2845,1314,38969
LGB003,validation,0.18,40499,4318,0.09634736818617935,3003,1646,2672,1357,39142
LGB003,validation,0.19,40729,4088,0.09121538701831894,3003,1598,2490,1405,39324
LGB003,validation,0.2,40899,3918,0.08742218354642212,3003,1561,2357,1442,39457
LGB003,validation,0.21,41056,3761,0.0839190485753174,3003,1529,2232,1474,39582
LGB003,validation,0.22,41196,3621,0.08079523395140237,3003,1508,2113,1495,39701
LGB003,validation,0.23,41350,3467,0.07735903786509583,3003,1467,2000,1536,39814
LGB003,validation,0.24,41505,3312,0.0739005288171899,3003,1420,1892,1583,39922
LGB003,validation,0.25,41620,3197,0.0713345382332597,3003,1394,1803,1609,40011
LGB003,validation,0.26,41739,3078,0.06867929580293192,3003,1357,1721,1646,40093
LGB003,validation,0.27,41862,2955,0.06593480152620658,3003,1313,1642,1690,40172
LGB003,validation,0.28,41983,2834,0.06323493317268002,3003,1278,1556,1725,40258
LGB003,validation,0.29,42112,2705,0.0603565611263583,3003,1240,1465,1763,40349
LGB003,validation,0.3,42207,2610,0.05823682977441596,3003,1210,1400,1793,40414
LGB003,validation,0.31,42317,2500,0.05578240399848272,3003,1170,1330,1833,40484
LGB003,validation,0.32,42435,2382,0.05314947452975433,3003,1138,1244,1865,40570
LGB003,validation,0.33,42545,2272,0.050695048753821095,3003,1097,1175,1906,40639
LGB003,validation,0.34,42649,2168,0.048374500747484214,3003,1060,1108,1943,40706
LGB003,validation,0.35,42735,2082,0.04645558604993641,3003,1035,1047,1968,40767
LGB003,validation,0.36,42815,2002,0.04467054912198496,3003,1012,990,1991,40824
LGB003,validation,0.37,42910,1907,0.04255081777004262,3003,983,924,2020,40890
LGB003,validation,0.38,43003,1814,0.04047571234129906,3003,955,859,2048,40955
LGB003,validation,0.39,43077,1740,0.03882455318294397,3003,933,807,2070,41007
LGB003,validation,0.4,43145,1672,0.03730727179418524,3003,908,764,2095,41050
LGB003,validation,0.41,43213,1604,0.03578999040542651,3003,882,722,2121,41092
LGB003,validation,0.42,43279,1538,0.03431733493986657,3003,855,683,2148,41131
LGB003,validation,0.43,43352,1465,0.03268848874311087,3003,820,645,2183,41169
LGB003,validation,0.44,43429,1388,0.030970390699957606,3003,783,605,2220,41209
LGB003,validation,0.45,43500,1317,0.029386170426400696,3003,755,562,2248,41252
LGB003,validation,0.46,43571,1246,0.02780195015284379,3003,725,521,2278,41293
LGB003,validation,0.47,43641,1176,0.026240042840886272,3003,696,480,2307,41334
LGB003,validation,0.48,43712,1105,0.02465582256732936,3003,663,442,2340,41372
LGB003,validation,0.49,43784,1033,0.02304928933217306,3003,622,411,2381,41403
LGB003,validation,0.5,43843,974,0.021732824597808866,3003,597,377,2406,41437
LGB003,validation,0.51,43892,925,0.020639489479438607,3003,566,359,2437,41455
LGB003,validation,0.52,43944,873,0.019479215476270167,3003,546,327,2457,41487
LGB003,validation,0.53,44000,817,0.018229689626704154,3003,522,295,2481,41519
LGB003,validation,0.54,44057,760,0.016957850815538748,3003,488,272,2515,41542
LGB003,validation,0.55,44113,704,0.015708324965972735,3003,455,249,2548,41565
LGB003,validation,0.56,44172,645,0.01439186023160854,3003,420,225,2583,41589
LGB003,validation,0.57,44232,585,0.013053082535644956,3003,386,199,2617,41615
LGB003,validation,0.58,44276,541,0.01207131222527166,3003,366,175,2637,41639
LGB003,validation,0.59,44309,508,0.011334984492491689,3003,343,165,2660,41649
LGB003,validation,0.6,44355,462,0.010308588258919607,3003,315,147,2688,41667
LGB003,validation,0.61,44404,413,0.009215253140549344,3003,289,124,2714,41690
LGB003,validation,0.62,44440,377,0.008411986522971194,3003,265,112,2738,41702
LGB003,validation,0.63,44484,333,0.007430216212597898,3003,239,94,2764,41720
LGB003,validation,0.64,44510,307,0.006850079211013678,3003,222,85,2781,41729
LGB003,validation,0.65,44541,276,0.006158377401432492,3003,204,72,2799,41742
LGB003,validation,0.66,44563,254,0.0056674922462458446,3003,186,68,2817,41746
LGB003,validation,0.67,44587,230,0.00513198116786041,3003,172,58,2831,41756
LGB003,validation,0.68,44617,200,0.004462592319878617,3003,149,51,2854,41763
LGB003,validation,0.69,44641,176,0.003927081241493184,3003,132,44,2871,41770
LGB003,validation,0.7,44665,152,0.003391570163107749,3003,117,35,2886,41779
LGB003,validation,0.71,44685,132,0.0029453109311198874,3003,104,28,2899,41786
LGB003,validation,0.72,44712,105,0.002342860967936274,3003,84,21,2919,41793
LGB003,validation,0.73,44722,95,0.0021197313519423435,3003,78,17,2925,41797
LGB003,validation,0.74,44738,79,0.0017627239663520538,3003,63,16,2940,41798
LGB003,validation,0.75,44758,59,0.0013164647343641921,3003,46,13,2957,41801
LGB003,validation,0.76,44773,44,0.000981770310373296,3003,37,7,2966,41807
LGB003,validation,0.77,44775,42,0.0009371443871745097,3003,35,7,2968,41807
LGB003,validation,0.78,44786,31,0.0006917018095811857,3003,26,5,2977,41809
LGB003,validation,0.79,44796,21,0.00046857219358725484,3003,19,2,2984,41812
LGB003,validation,0.8,44803,14,0.0003123814623915032,3003,13,1,2990,41813
LGB003,validation,0.81,44808,9,0.00020081665439453778,3003,8,1,2995,41813
LGB003,validation,0.82,44813,4,8.925184639757235e-05,3003,4,0,2999,41814
LGB003,validation,0.83,44814,3,6.693888479817926e-05,3003,3,0,3000,41814
LGB003,validation,0.84,44815,2,4.4625923198786177e-05,3003,2,0,3001,41814
LGB003,validation,0.85,44816,1,2.2312961599393088e-05,3003,1,0,3002,41814
LGB003,validation,0.86,44817,0,0.0,3003,0,0,3003,41814
LGB003,validation,0.87,44817,0,0.0,3003,0,0,3003,41814
LGB003,validation,0.88,44817,0,0.0,3003,0,0,3003,41814
LGB003,validation,0.89,44817,0,0.0,3003,0,0,3003,41814
LGB003,validation,0.9,44817,0,0.0,3003,0,0,3003,41814
LGB003,validation,0.91,44817,0,0.0,3003,0,0,3003,41814
LGB003,validation,0.92,44817,0,0.0,3003,0,0,3003,41814
LGB003,validation,0.93,44817,0,0.0,3003,0,0,3003,41814
LGB003,validation,0.94,44817,0,0.0,3003,0,0,3003,41814
LGB003,validation,0.95,44817,0,0.0,3003,0,0,3003,41814
LGB003,validation,0.96,44817,0,0.0,3003,0,0,3003,41814
LGB003,validation,0.97,44817,0,0.0,3003,0,0,3003,41814
LGB003,validation,0.98,44817,0,0.0,3003,0,0,3003,41814
LGB003,validation,0.99,44817,0,0.0,3003,0,0,3003,41814
LGB004,validation,0.01,12663,32154,0.7174509672668853,3003,2925,29229,78,12585
LGB004,validation,0.02,21615,23202,0.5177053350291184,3003,2806,20396,197,21418
LGB004,validation,0.03,25912,18905,0.42182653903652634,3003,2709,16196,294,25618
LGB004,validation,0.04,28979,15838,0.3533926858111877,3003,2620,13218,383,28596
LGB004,validation,0.05,31212,13605,0.30356784255974295,3003,2523,11082,480,30732
LGB004,validation,0.06,32895,11922,0.2660151281879644,3003,2429,9493,574,32321
LGB004,validation,0.07,34268,10549,0.23537943191199767,3003,2337,8212,666,33602
LGB004,validation,0.08,35431,9386,0.2094294575719035,3003,2235,7151,768,34663
LGB004,validation,0.09,36373,8444,0.18841064774527522,3003,2149,6295,854,35519
LGB004,validation,0.1,37183,7634,0.17033714884976683,3003,2078,5556,925,36258
LGB004,validation,0.11,37867,6950,0.15507508311578197,3003,2008,4942,995,36872
LGB004,validation,0.12,38400,6417,0.14318227458330543,3003,1947,4470,1056,37344
LGB004,validation,0.13,38901,5916,0.1320034808220095,3003,1894,4022,1109,37792
LGB004,validation,0.14,39358,5459,0.12180645737108686,3003,1828,3631,1175,38183
LGB004,validation,0.15,39725,5092,0.1136176004641096,3003,1785,3307,1218,38507
LGB004,validation,0.16,40038,4779,0.10663364348349956,3003,1724,3055,1279,38759
LGB004,validation,0.17,40288,4529,0.1010554030836513,3003,1685,2844,1318,38970
LGB004,validation,0.18,40498,4319,0.09636968114777875,3003,1646,2673,1357,39141
LGB004,validation,0.19,40694,4123,0.0919963406742977,3003,1607,2516,1396,39298
LGB004,validation,0.2,40898,3919,0.08744449650802151,3003,1568,2351,1435,39463
LGB004,validation,0.21,41042,3775,0.0842314300377089,3003,1541,2234,1462,39580
LGB004,validation,0.22,41207,3610,0.08054979137380905,3003,1504,2106,1499,39708
LGB004,validation,0.23,41351,3466,0.07733672490349644,3003,1463,2003,1540,39811
LGB004,validation,0.24,41481,3336,0.07443603989557535,3003,1421,1915,1582,39899
LGB004,validation,0.25,41626,3191,0.07120066046366334,3003,1391,1800,1612,40014
LGB004,validation,0.26,41734,3083,0.06879086061092889,3003,1359,1724,1644,40090
LGB004,validation,0.27,41869,2948,0.06577861079501082,3003,1316,1632,1687,40182
LGB004,validation,0.28,41984,2833,0.06321262021108062,3003,1277,1556,1726,40258
LGB004,validation,0.29,42103,2714,0.06055737778075284,3003,1235,1479,1768,40335
LGB004,validation,0.3,42215,2602,0.058058326081620815,3003,1207,1395,1796,40419
LGB004,validation,0.31,42335,2482,0.055380770689693645,3003,1165,1317,1838,40497
LGB004,validation,0.32,42447,2370,0.05288171899056162,3003,1128,1242,1875,40572
LGB004,validation,0.33,42555,2262,0.05047191913782716,3003,1094,1168,1909,40646
LGB004,validation,0.34,42639,2178,0.048597630363478146,3003,1073,1105,1930,40709
LGB004,validation,0.35,42743,2074,0.046277082357141265,3003,1038,1036,1965,40778
LGB004,validation,0.36,42828,1989,0.044380480621192854,3003,1012,977,1991,40837
LGB004,validation,0.37,42931,1886,0.04208224557645536,3003,979,907,2024,40907
LGB004,validation,0.38,43012,1805,0.040274895686904524,3003,950,855,2053,40959
LGB004,validation,0.39,43072,1745,0.03893611799094094,3003,932,813,2071,41001
LGB004,validation,0.4,43147,1670,0.037262645870986454,3003,906,764,2097,41050
LGB004,validation,0.41,43229,1588,0.035432983019836224,3003,875,713,2128,41101
LGB004,validation,0.42,43290,1527,0.034071892362273246,3003,844,683,2159,41131
LGB004,validation,0.43,43355,1462,0.03262154985831269,3003,816,646,2187,41168
LGB004,validation,0.44,43423,1394,0.031104268469553963,3003,782,612,2221,41202
LGB004,validation,0.45,43504,1313,0.029296918580003124,3003,749,564,2254,41250
LGB004,validation,0.46,43570,1247,0.02782426311444318,3003,718,529,2285,41285
LGB004,validation,0.47,43646,1171,0.026128478032889306,3003,685,486,2318,41328
LGB004,validation,0.48,43704,1113,0.024834326260124506,3003,661,452,2342,41362
LGB004,validation,0.49,43782,1035,0.023093915255371845,3003,628,407,2375,41407
LGB004,validation,0.5,43846,971,0.021665885713010688,3003,597,374,2406,41440
LGB004,validation,0.51,43903,914,0.02039404690184528,3003,565,349,2438,41465
LGB004,validation,0.52,43954,863,0.019256085860276235,3003,541,322,2462,41492
LGB004,validation,0.53,44008,809,0.018051185933909007,3003,514,295,2489,41519
LGB004,validation,0.54,44061,756,0.016868598969141176,3003,489,267,2514,41547
LGB004,validation,0.55,44118,699,0.015596760157975767,3003,457,242,2546,41572
LGB004,validation,0.56,44158,659,0.014704241694000045,3003,439,220,2564,41594
LGB004,validation,0.57,44207,610,0.013610906575629784,3003,408,202,2595,41612
LGB004,validation,0.58,44267,550,0.012272128879666198,3003,371,179,2632,41635
LGB004,validation,0.59,44318,499,0.011134167838097151,3003,342,157,2661,41657
LGB004,validation,0.6,44364,453,0.010107771604525069,3003,315,138,2688,41676
LGB004,validation,0.61,44408,409,0.009126001294151772,3003,284,125,2719,41689
LGB004,validation,0.62,44451,366,0.00816654394537787,3003,253,113,2750,41701
LGB004,validation,0.63,44477,340,0.0075864069437936495,3003,237,103,2766,41711
LGB004,validation,0.64,44521,296,0.006604636633420354,3003,211,85,2792,41729
LGB004,validation,0.65,44549,268,0.005979873708637348,3003,197,71,2806,41743
LGB004,validation,0.66,44578,239,0.0053327978222549475,3003,177,62,2826,41752
LGB004,validation,0.67,44603,214,0.004774973782270121,3003,158,56,2845,41758
LGB004,validation,0.68,44631,186,0.004150210857487114,3003,140,46,2863,41768
LGB004,validation,0.69,44651,166,0.0037039516254992527,3003,126,40,2877,41774
LGB004,validation,0.7,44674,143,0.0031907535087132115,3003,109,34,2894,41780
LGB004,validation,0.71,44698,119,0.0026552424303277773,3003,94,25,2909,41789
LGB004,validation,0.72,44720,97,0.0021643572751411295,3003,78,19,2925,41795
LGB004,validation,0.73,44738,79,0.0017627239663520538,3003,64,15,2939,41799
LGB004,validation,0.74,44749,68,0.00151728138875873,3003,54,14,2949,41800
LGB004,validation,0.75,44759,58,0.001294151772764799,3003,47,11,2956,41803
LGB004,validation,0.76,44771,46,0.001026396233572082,3003,39,7,2964,41807
LGB004,validation,0.77,44789,28,0.0006247629247830064,3003,23,5,2980,41809
LGB004,validation,0.78,44800,17,0.0003793203471896825,3003,14,3,2989,41811
LGB004,validation,0.79,44805,12,0.00026775553919271706,3003,11,1,2992,41813
LGB004,validation,0.8,44811,6,0.00013387776959635853,3003,5,1,2998,41813
LGB004,validation,0.81,44811,6,0.00013387776959635853,3003,5,1,2998,41813
LGB004,validation,0.82,44814,3,6.693888479817926e-05,3003,3,0,3000,41814
LGB004,validation,0.83,44816,1,2.2312961599393088e-05,3003,1,0,3002,41814
LGB004,validation,0.84,44817,0,0.0,3003,0,0,3003,41814
LGB004,validation,0.85,44817,0,0.0,3003,0,0,3003,41814
LGB004,validation,0.86,44817,0,0.0,3003,0,0,3003,41814
LGB004,validation,0.87,44817,0,0.0,3003,0,0,3003,41814
LGB004,validation,0.88,44817,0,0.0,3003,0,0,3003,41814
LGB004,validation,0.89,44817,0,0.0,3003,0,0,3003,41814
LGB004,validation,0.9,44817,0,0.0,3003,0,0,3003,41814
LGB004,validation,0.91,44817,0,0.0,3003,0,0,3003,41814
LGB004,validation,0.92,44817,0,0.0,3003,0,0,3003,41814
LGB004,validation,0.93,44817,0,0.0,3003,0,0,3003,41814
LGB004,validation,0.94,44817,0,0.0,3003,0,0,3003,41814
LGB004,validation,0.95,44817,0,0.0,3003,0,0,3003,41814
LGB004,validation,0.96,44817,0,0.0,3003,0,0,3003,41814
LGB004,validation,0.97,44817,0,0.0,3003,0,0,3003,41814
LGB004,validation,0.98,44817,0,0.0,3003,0,0,3003,41814
LGB004,validation,0.99,44817,0,0.0,3003,0,0,3003,41814
LRSTACK001,validation,0.01,0,44817,1.0,3003,3003,41814,0,0
LRSTACK001,validation,0.02,20585,24232,0.5406876854764933,3003,2818,21414,185,20400
LRSTACK001,validation,0.03,30026,14791,0.33003101501662313,3003,2572,12219,431,29595
LRSTACK001,validation,0.04,32831,11986,0.26744315773032556,3003,2426,9560,577,32254
LRSTACK001,validation,0.05,34486,10331,0.23051520628333,3003,2304,8027,699,33787
LRSTACK001,validation,0.06,35606,9211,0.20552468929200973,3003,2202,7009,801,34805
LRSTACK001,validation,0.07,36432,8385,0.18709418301091105,3003,2123,6262,880,35552
LRSTACK001,validation,0.08,37105,7712,0.1720775598545195,3003,2068,5644,935,36170
LRSTACK001,validation,0.09,37730,7087,0.1581319588548988,3003,2007,5080,996,36734
LRSTACK001,validation,0.1,38331,6486,0.14472186893366357,3003,1938,4548,1065,37266
LRSTACK001,validation,0.11,38778,6039,0.13474797509873485,3003,1880,4159,1123,37655
LRSTACK001,validation,0.12,39144,5673,0.126581431153357,3003,1834,3839,1169,37975
LRSTACK001,validation,0.13,39454,5363,0.11966441305754513,3003,1796,3567,1207,38247
LRSTACK001,validation,0.14,39752,5065,0.11301515050092599,3003,1755,3310,1248,38504
LRSTACK001,validation,0.15,40034,4783,0.10672289532989714,3003,1716,3067,1287,38747
LRSTACK001,validation,0.16,40273,4544,0.10139009750764219,3003,1667,2877,1336,38937
LRSTACK001,validation,0.17,40496,4321,0.09641430707097753,3003,1629,2692,1374,39122
LRSTACK001,validation,0.18,40706,4111,0.09172858513510498,3003,1584,2527,1419,39287
LRSTACK001,validation,0.19,40919,3898,0.08697592431443425,3003,1527,2371,1476,39443
LRSTACK001,validation,0.2,41094,3723,0.08307115603454046,3003,1492,2231,1511,39583
LRSTACK001,validation,0.21,41250,3567,0.07959033402503514,3003,1464,2103,1539,39711
LRSTACK001,validation,0.22,41402,3415,0.0761987638619274,3003,1425,1990,1578,39824
LRSTACK001,validation,0.23,41553,3264,0.07282950666041904,3003,1385,1879,1618,39935
LRSTACK001,validation,0.24,41702,3115,0.06950487538210946,3003,1346,1769,1657,40045
LRSTACK001,validation,0.25,41827,2990,0.06671575518218534,3003,1304,1686,1699,40128
LRSTACK001,validation,0.26,41944,2873,0.06410513867505634,3003,1268,1605,1735,40209
LRSTACK001,validation,0.27,42057,2760,0.061583774014324924,3003,1238,1522,1765,40292
LRSTACK001,validation,0.28,42144,2673,0.059642546355177725,3003,1208,1465,1795,40349
LRSTACK001,validation,0.29,42252,2565,0.05723274650244327,3003,1173,1392,1830,40422
LRSTACK001,validation,0.3,42357,2460,0.054889885534506994,3003,1140,1320,1863,40494
LRSTACK001,validation,0.31,42438,2379,0.05308253564495616,3003,1114,1265,1889,40549
LRSTACK001,validation,0.32,42520,2297,0.05125287279380592,3003,1086,1211,1917,40603
LRSTACK001,validation,0.33,42619,2198,0.049043889595466,3003,1057,1141,1946,40673
LRSTACK001,validation,0.34,42702,2115,0.04719191378271638,3003,1031,1084,1972,40730
LRSTACK001,validation,0.35,42783,2034,0.04538456389316554,3003,1003,1031,2000,40783
LRSTACK001,validation,0.36,42855,1962,0.04377803065800924,3003,978,984,2025,40830
LRSTACK001,validation,0.37,42925,1892,0.04221612334605172,3003,949,943,2054,40871
LRSTACK001,validation,0.38,42992,1825,0.04072115491889238,3003,924,901,2079,40913
LRSTACK001,validation,0.39,43064,1753,0.039114621683736084,3003,898,855,2105,40959
LRSTACK001,validation,0.4,43119,1698,0.03788740879576946,3003,877,821,2126,40993
LRSTACK001,validation,0.41,43167,1650,0.0368163866389986,3003,858,792,2145,41022
LRSTACK001,validation,0.42,43228,1589,0.03545529598143562,3003,837,752,2166,41062
LRSTACK001,validation,0.43,43289,1528,0.03409420532387264,3003,814,714,2189,41100
LRSTACK001,validation,0.44,43347,1470,0.032800053551107836,3003,787,683,2216,41131
LRSTACK001,validation,0.45,43401,1416,0.031595153624740614,3003,759,657,2244,41157
LRSTACK001,validation,0.46,43449,1368,0.030524131467969742,3003,741,627,2262,41187
LRSTACK001,validation,0.47,43499,1318,0.02940848338800009,3003,722,596,2281,41218
LRSTACK001,validation,0.48,43549,1268,0.028292835308030433,3003,699,569,2304,41245
LRSTACK001,validation,0.49,43598,1219,0.027199500189660174,3003,675,544,2328,41270
LRSTACK001,validation,0.5,43637,1180,0.026329294687283844,3003,657,523,2346,41291
LRSTACK001,validation,0.51,43690,1127,0.02514670772251601,3003,642,485,2361,41329
LRSTACK001,validation,0.52,43739,1078,0.024053372604145747,3003,623,455,2380,41359
LRSTACK001,validation,0.53,43785,1032,0.023026976370573667,3003,594,438,2409,41376
LRSTACK001,validation,0.54,43840,977,0.021799763482607048,3003,571,406,2432,41408
LRSTACK001,validation,0.55,43881,936,0.02088493205703193,3003,550,386,2453,41428
LRSTACK001,validation,0.56,43928,889,0.019836222861860455,3003,523,366,2480,41448
LRSTACK001,validation,0.57,43968,849,0.01894370439788473,3003,504,345,2499,41469
LRSTACK001,validation,0.58,44012,805,0.017961934087511434,3003,484,321,2519,41493
LRSTACK001,validation,0.59,44055,762,0.017002476738737532,3003,459,303,2544,41511
LRSTACK001,validation,0.6,44094,723,0.0161322712363612,3003,436,287,2567,41527
LRSTACK001,validation,0.61,44129,688,0.015351317580382445,3003,419,269,2584,41545
LRSTACK001,validation,0.62,44165,652,0.014548050962804293,3003,408,244,2595,41570
LRSTACK001,validation,0.63,44193,624,0.013923288038021286,3003,387,237,2616,41577
LRSTACK001,validation,0.64,44227,590,0.013164647343641922,3003,369,221,2634,41593
LRSTACK001,validation,0.65,44273,544,0.01213825111006984,3003,343,201,2660,41613
LRSTACK001,validation,0.66,44302,515,0.01149117522368744,3003,322,193,2681,41621
LRSTACK001,validation,0.67,44332,485,0.010821786375705647,3003,305,180,2698,41634
LRSTACK001,validation,0.68,44371,446,0.009951580873329317,3003,283,163,2720,41651
LRSTACK001,validation,0.69,44399,418,0.00932681794854631,3003,266,152,2737,41662
LRSTACK001,validation,0.7,44430,387,0.008635116138965124,3003,248,139,2755,41675
LRSTACK001,validation,0.71,44452,365,0.008144230983778478,3003,232,133,2771,41681
LRSTACK001,validation,0.72,44483,334,0.007452529174197291,3003,213,121,2790,41693
LRSTACK001,validation,0.73,44510,307,0.006850079211013678,3003,201,106,2802,41708
LRSTACK001,validation,0.74,44534,283,0.006314568132628244,3003,189,94,2814,41720
LRSTACK001,validation,0.75,44551,266,0.005935247785438562,3003,179,87,2824,41727
LRSTACK001,validation,0.76,44569,248,0.005533614476649486,3003,170,78,2833,41736
LRSTACK001,validation,0.77,44589,228,0.005087355244661624,3003,161,67,2842,41747
LRSTACK001,validation,0.78,44611,206,0.004596470089474976,3003,147,59,2856,41755
LRSTACK001,validation,0.79,44635,182,0.004060959011089542,3003,132,50,2871,41764
LRSTACK001,validation,0.8,44653,164,0.003659325702300466,3003,120,44,2883,41770
LRSTACK001,validation,0.81,44667,150,0.003346944239908963,3003,110,40,2893,41774
LRSTACK001,validation,0.82,44678,139,0.003101501662315639,3003,99,40,2904,41774
LRSTACK001,validation,0.83,44693,124,0.002766807238324743,3003,92,32,2911,41782
LRSTACK001,validation,0.84,44707,110,0.0024544257759332396,3003,85,25,2918,41789
LRSTACK001,validation,0.85,44721,96,0.0021420443135417365,3003,73,23,2930,41791
LRSTACK001,validation,0.86,44733,84,0.0018742887743490194,3003,64,20,2939,41794
LRSTACK001,validation,0.87,44745,72,0.0016065332351563022,3003,56,16,2947,41798
LRSTACK001,validation,0.88,44757,60,0.0013387776959635854,3003,45,15,2958,41799
LRSTACK001,validation,0.89,44771,46,0.001026396233572082,3003,36,10,2967,41804
LRSTACK001,validation,0.9,44780,37,0.0008255795791775443,3003,27,10,2976,41804
LRSTACK001,validation,0.91,44795,22,0.000490885155186648,3003,16,6,2987,41808
LRSTACK001,validation,0.92,44804,13,0.00029006850079211013,3003,10,3,2993,41811
LRSTACK001,validation,0.93,44809,8,0.0001785036927951447,3003,6,2,2997,41812
LRSTACK001,validation,0.94,44813,4,8.925184639757235e-05,3003,4,0,2999,41814
LRSTACK001,validation,0.95,44814,3,6.693888479817926e-05,3003,3,0,3000,41814
LRSTACK001,validation,0.96,44816,1,2.2312961599393088e-05,3003,1,0,3002,41814
LRSTACK001,validation,0.97,44817,0,0.0,3003,0,0,3003,41814
LRSTACK001,validation,0.98,44817,0,0.0,3003,0,0,3003,41814
LRSTACK001,validation,0.99,44817,0,0.0,3003,0,0,3003,41814
NN001,validation,0.01,10132,34685,0.7739250730749493,3003,2949,31736,54,10078
NN001,validation,0.02,22140,22677,0.505991030189437,3003,2780,19897,223,21917
NN001,validation,0.03,26977,17840,0.3980632349331727,3003,2656,15184,347,26630
NN001,validation,0.04,29761,15056,0.33594394984046233,3003,2556,12500,447,29314
NN001,validation,0.05,31849,12968,0.28935448602092956,3003,2458,10510,545,31304
NN001,validation,0.06,33493,11324,0.25267197715152734,3003,2347,8977,656,32837
NN001,validation,0.07,34819,9998,0.2230849900707321,3003,2256,7742,747,34072
NN001,validation,0.08,35989,8828,0.19697882499944216,3003,2162,6666,841,35148
NN001,validation,0.09,37028,7789,0.17379565789767276,3003,2073,5716,930,36098
NN001,validation,0.1,38040,6777,0.15121494075908695,3003,1968,4809,1035,37005
NN001,validation,0.11,38724,6093,0.1359528750251021,3003,1903,4190,1100,37624
NN001,validation,0.12,39226,5591,0.12475176830220676,3003,1835,3756,1168,38058
NN001,validation,0.13,39596,5221,0.11649597251043131,3003,1787,3434,1216,38380
NN001,validation,0.14,39895,4922,0.10982439699221277,3003,1734,3188,1269,38626
NN001,validation,0.15,40215,4602,0.102684249280407,3003,1687,2915,1316,38899
NN001,validation,0.16,40489,4328,0.09657049780217328,3003,1632,2696,1371,39118
NN001,validation,0.17,40731,4086,0.09117076109512015,3003,1579,2507,1424,39307
NN001,validation,0.18,40950,3867,0.08628422250485307,3003,1537,2330,1466,39484
NN001,validation,0.19,41142,3675,0.0820001338777696,3003,1489,2186,1514,39628
NN001,validation,0.2,41310,3507,0.07825155632907156,3003,1455,2052,1548,39762
NN001,validation,0.21,41471,3346,0.07465916951156927,3003,1413,1933,1590,39881
NN001,validation,0.22,41615,3202,0.07144610304125666,3003,1368,1834,1635,39980
NN001,validation,0.23,41764,3053,0.0681214717629471,3003,1329,1724,1674,40090
NN001,validation,0.24,41865,2952,0.0658678626414084,3003,1289,1663,1714,40151
NN001,validation,0.25,41990,2827,0.06307874244148426,3003,1254,1573,1749,40241
NN001,validation,0.26,42131,2686,0.05993261485596983,3003,1209,1477,1794,40337
NN001,validation,0.27,42263,2554,0.05698730392484994,3003,1169,1385,1834,40429
NN001,validation,0.28,42363,2454,0.05475600776491064,3003,1136,1318,1867,40496
NN001,validation,0.29,42471,2346,0.05234620791217618,3003,1110,1236,1893,40578
NN001,validation,0.3,42552,2265,0.050538858022625345,3003,1079,1186,1924,40628
NN001,validation,0.31,42642,2175,0.048530691478679965,3003,1055,1120,1948,40694
NN001,validation,0.32,42734,2083,0.0464778990115358,3003,1024,1059,1979,40755
NN001,validation,0.33,42809,2008,0.04480442689158132,3003,997,1011,2006,40803
NN001,validation,0.34,42893,1924,0.0429301381172323,3003,973,951,2030,40863
NN001,validation,0.35,42967,1850,0.041278978958877215,3003,937,913,2066,40901
NN001,validation,0.36,43031,1786,0.039850949416516054,3003,915,871,2088,40943
NN001,validation,0.37,43084,1733,0.03866836245174822,3003,894,839,2109,40975
NN001,validation,0.38,43144,1673,0.037329584755784635,3003,875,798,2128,41016
NN001,validation,0.39,43197,1620,0.0361469977910168,3003,858,762,2145,41052
NN001,validation,0.4,43263,1554,0.03467434232545686,3003,833,721,2170,41093
NN001,validation,0.41,43324,1493,0.03331325166789388,3003,800,693,2203,41121
NN001,validation,0.42,43387,1430,0.031907535087132115,3003,776,654,2227,41160
NN001,validation,0.43,43454,1363,0.03041256665997278,3003,742,621,2261,41193
NN001,validation,0.44,43521,1296,0.02891759823281344,3003,722,574,2281,41240
NN001,validation,0.45,43584,1233,0.02751188165205168,3003,702,531,2301,41283
NN001,validation,0.46,43655,1162,0.025927661378494768,3003,676,486,2327,41328
NN001,validation,0.47,43705,1112,0.02481201329852511,3003,652,460,2351,41354
NN001,validation,0.48,43756,1061,0.023674052256956065,3003,629,432,2374,41382
NN001,validation,0.49,43802,1015,0.022647656023383984,3003,606,409,2397,41405
NN001,validation,0.5,43855,962,0.02146506905861615,3003,587,375,2416,41439
NN001,validation,0.51,43889,928,0.020706428364236786,3003,572,356,2431,41458
NN001,validation,0.52,43944,873,0.019479215476270167,3003,546,327,2457,41487
NN001,validation,0.53,43993,824,0.018385880357899904,3003,519,305,2484,41509
NN001,validation,0.54,44033,784,0.01749336189392418,3003,498,286,2505,41528
NN001,validation,0.55,44083,734,0.016377713813954527,3003,472,262,2531,41552
NN001,validation,0.56,44145,672,0.014994310194792155,3003,434,238,2569,41576
NN001,validation,0.57,44203,614,0.013700158422027356,3003,403,211,2600,41603
NN001,validation,0.58,44263,554,0.01236138072606377,3003,372,182,2631,41632
NN001,validation,0.59,44326,491,0.010955664145302005,3003,329,162,2674,41652
NN001,validation,0.6,44387,430,0.009594573487739028,3003,291,139,2712,41675
NN001,validation,0.61,44449,368,0.008211169868576656,3003,250,118,2753,41696
NN001,validation,0.62,44495,322,0.007184773635004574,3003,223,99,2780,41715
NN001,validation,0.63,44535,282,0.006292255171028851,3003,197,85,2806,41729
NN001,validation,0.64,44559,258,0.005756744092643417,3003,184,74,2819,41740
NN001,validation,0.65,44582,235,0.0052435459758573754,3003,166,69,2837,41745
NN001,validation,0.66,44606,211,0.004708034897471941,3003,149,62,2854,41752
NN001,validation,0.67,44651,166,0.0037039516254992527,3003,120,46,2883,41768
NN001,validation,0.68,44680,137,0.003056875739116853,3003,101,36,2902,41778
NN001,validation,0.69,44696,121,0.0026998683535265637,3003,92,29,2911,41785
NN001,validation,0.7,44707,110,0.0024544257759332396,3003,84,26,2919,41788
NN001,validation,0.71,44719,98,0.0021866702367405225,3003,76,22,2927,41792
NN001,validation,0.72,44733,84,0.0018742887743490194,3003,63,21,2940,41793
NN001,validation,0.73,44740,77,0.0017180980431532678,3003,58,19,2945,41795
NN001,validation,0.74,44747,70,0.0015619073119575162,3003,55,15,2948,41799
NN001,validation,0.75,44755,62,0.0013834036191623714,3003,51,11,2952,41803
NN001,validation,0.76,44763,54,0.0012048999263672268,3003,46,8,2957,41806
NN001,validation,0.77,44765,52,0.0011602740031684405,3003,44,8,2959,41806
NN001,validation,0.78,44770,47,0.0010487091951714752,3003,39,8,2964,41806
NN001,validation,0.79,44773,44,0.000981770310373296,3003,36,8,2967,41806
NN001,validation,0.8,44777,40,0.0008925184639757235,3003,34,6,2969,41808
NN001,validation,0.81,44780,37,0.0008255795791775443,3003,31,6,2972,41808
NN001,validation,0.82,44785,32,0.0007140147711805788,3003,27,5,2976,41809
NN001,validation,0.83,44786,31,0.0006917018095811857,3003,26,5,2977,41809
NN001,validation,0.84,44787,30,0.0006693888479817927,3003,25,5,2978,41809
NN001,validation,0.85,44789,28,0.0006247629247830064,3003,23,5,2980,41809
NN001,validation,0.86,44790,27,0.0006024499631836134,3003,22,5,2981,41809
NN001,validation,0.87,44791,26,0.0005801370015842203,3003,21,5,2982,41809
NN001,validation,0.88,44794,23,0.000513198116786041,3003,18,5,2985,41809
NN001,validation,0.89,44794,23,0.000513198116786041,3003,18,5,2985,41809
NN001,validation,0.9,44798,19,0.00042394627038846864,3003,15,4,2988,41810
NN001,validation,0.91,44799,18,0.00040163330878907556,3003,14,4,2989,41810
NN001,validation,0.92,44812,5,0.00011156480799696544,3003,4,1,2999,41813
NN001,validation,0.93,44817,0,0.0,3003,0,0,3003,41814
NN001,validation,0.94,44817,0,0.0,3003,0,0,3003,41814
NN001,validation,0.95,44817,0,0.0,3003,0,0,3003,41814
NN001,validation,0.96,44817,0,0.0,3003,0,0,3003,41814
NN001,validation,0.97,44817,0,0.0,3003,0,0,3003,41814
NN001,validation,0.98,44817,0,0.0,3003,0,0,3003,41814
NN001,validation,0.99,44817,0,0.0,3003,0,0,3003,41814
NN002,validation,0.01,6323,38494,0.8589151438070375,3003,2973,35521,30,6293
NN002,validation,0.02,19573,25244,0.563268402615079,3003,2822,22422,181,19392
NN002,validation,0.03,25377,19440,0.43376397349220164,3003,2694,16746,309,25068
NN002,validation,0.04,28630,16187,0.3611799094093759,3003,2584,13603,419,28211
NN002,validation,0.05,30938,13879,0.3096815940379767,3003,2471,11408,532,30406
NN002,validation,0.06,32738,12079,0.2695182631590691,3003,2386,9693,617,32121
NN002,validation,0.07,34119,10698,0.23870406319030724,3003,2303,8395,700,33419
NN002,validation,0.08,35338,9479,0.21150456300064707,3003,2208,7271,795,34543
NN002,validation,0.09,36445,8372,0.18680411451011894,3003,2119,6253,884,35561
NN002,validation,0.1,37477,7340,0.16377713813954525,3003,2033,5307,970,36507
NN002,validation,0.11,38243,6574,0.14668540955441015,3003,1947,4627,1056,37187
NN002,validation,0.12,38871,5946,0.1326728696699913,3003,1866,4080,1137,37734
NN002,validation,0.13,39366,5451,0.12162795367829173,3003,1800,3651,1203,38163
NN002,validation,0.14,39784,5033,0.11230113572974541,3003,1734,3299,1269,38515
NN002,validation,0.15,40111,4706,0.10500479728674388,3003,1674,3032,1329,38782
NN002,validation,0.16,40405,4412,0.09844478657652231,3003,1622,2790,1381,39024
NN002,validation,0.17,40648,4169,0.09302273690786979,3003,1570,2599,1433,39215
NN002,validation,0.18,40875,3942,0.08795769462480756,3003,1524,2418,1479,39396
NN002,validation,0.19,41084,3733,0.0832942856505344,3003,1481,2252,1522,39562
NN002,validation,0.2,41287,3530,0.0787647544458576,3003,1425,2105,1578,39709
NN002,validation,0.21,41438,3379,0.07539549724434924,3003,1392,1987,1611,39827
NN002,validation,0.22,41616,3201,0.07142379007965727,3003,1346,1855,1657,39959
NN002,validation,0.23,41770,3047,0.06798759399335073,3003,1301,1746,1702,40068
NN002,validation,0.24,41899,2918,0.06510922194702903,3003,1265,1653,1738,40161
NN002,validation,0.25,42033,2784,0.06211928509271036,3003,1223,1561,1780,40253
NN002,validation,0.26,42171,2646,0.05904009639199411,3003,1192,1454,1811,40360
NN002,validation,0.27,42287,2530,0.05645179284646451,3003,1153,1377,1850,40437
NN002,validation,0.28,42382,2435,0.05433206149452217,3003,1119,1316,1884,40498
NN002,validation,0.29,42462,2355,0.05254702456657072,3003,1095,1260,1908,40554
NN002,validation,0.3,42566,2251,0.05022647656023384,3003,1061,1190,1942,40624
NN002,validation,0.31,42654,2163,0.048262935939487245,3003,1033,1130,1970,40684
NN002,validation,0.32,42742,2075,0.04629939531874066,3003,1004,1071,1999,40743
NN002,validation,0.33,42820,1997,0.044558984313988,3003,975,1022,2028,40792
NN002,validation,0.34,42892,1925,0.042952451078831694,3003,947,978,2056,40836
NN002,validation,0.35,42970,1847,0.04121204007407903,3003,926,921,2077,40893
NN002,validation,0.36,43063,1754,0.03913693464533548,3003,900,854,2103,40960
NN002,validation,0.37,43121,1696,0.037842782872570674,3003,876,820,2127,40994
NN002,validation,0.38,43188,1629,0.03634781444541134,3003,851,778,2152,41036
NN002,validation,0.39,43265,1552,0.03462971640225807,3003,826,726,2177,41088
NN002,validation,0.4,43329,1488,0.03320168685989691,3003,800,688,2203,41126
NN002,validation,0.41,43395,1422,0.03172903139433697,3003,784,638,2219,41176
NN002,validation,0.42,43458,1359,0.030323314813575204,3003,756,603,2247,41211
NN002,validation,0.43,43525,1292,0.02882834638641587,3003,729,563,2274,41251
NN002,validation,0.44,43589,1228,0.027400316844054712,3003,695,533,2308,41281
NN002,validation,0.45,43676,1141,0.025459089184907514,3003,654,487,2349,41327
NN002,validation,0.46,43752,1065,0.023763304103353637,3003,614,451,2389,41363
NN002,validation,0.47,43809,1008,0.02249146529218823,3003,592,416,2411,41398
NN002,validation,0.48,43867,950,0.021197313519423434,3003,563,387,2440,41427
NN002,validation,0.49,43915,902,0.020126291362652565,3003,542,360,2461,41454
NN002,validation,0.5,43969,848,0.018921391436285337,3003,515,333,2488,41481
NN002,validation,0.51,44036,781,0.017426423009126002,3003,476,305,2527,41509
NN002,validation,0.52,44094,723,0.0161322712363612,3003,445,278,2558,41536
NN002,validation,0.53,44142,675,0.015061249079590335,3003,419,256,2584,41558
NN002,validation,0.54,44205,612,0.01365553249882857,3003,389,223,2614,41591
NN002,validation,0.55,44256,561,0.012517571457259522,3003,366,195,2637,41619
NN002,validation,0.56,44299,518,0.01155811410848562,3003,339,179,2664,41635
NN002,validation,0.57,44348,469,0.010464778990115359,3003,311,158,2692,41656
NN002,validation,0.58,44389,428,0.009549947564540242,3003,287,141,2716,41673
NN002,validation,0.59,44413,404,0.009014436486154808,3003,270,134,2733,41680
NN002,validation,0.6,44451,366,0.00816654394537787,3003,246,120,2757,41694
NN002,validation,0.61,44501,316,0.007050895865408215,3003,217,99,2786,41715
NN002,validation,0.62,44530,287,0.006403819979025816,3003,198,89,2805,41725
NN002,validation,0.63,44565,252,0.005622866323047058,3003,176,76,2827,41738
NN002,validation,0.64,44612,205,0.004574157127875583,3003,144,61,2859,41753
NN002,validation,0.65,44642,175,0.0039047682798937903,3003,125,50,2878,41764
NN002,validation,0.66,44675,142,0.0031684405471138185,3003,101,41,2902,41773
NN002,validation,0.67,44703,114,0.002543677622330812,3003,84,30,2919,41784
NN002,validation,0.68,44731,86,0.0019189146975478056,3003,66,20,2937,41794
NN002,validation,0.69,44750,67,0.001494968427159337,3003,53,14,2950,41800
NN002,validation,0.7,44763,54,0.0012048999263672268,3003,44,10,2959,41804
NN002,validation,0.71,44780,37,0.0008255795791775443,3003,30,7,2973,41807
NN002,validation,0.72,44792,25,0.0005578240399848271,3003,20,5,2983,41809
NN002,validation,0.73,44799,18,0.00040163330878907556,3003,14,4,2989,41810
NN002,validation,0.74,44807,10,0.00022312961599393088,3003,8,2,2995,41812
NN002,validation,0.75,44811,6,0.00013387776959635853,3003,5,1,2998,41813
NN002,validation,0.76,44813,4,8.925184639757235e-05,3003,4,0,2999,41814
NN002,validation,0.77,44816,1,2.2312961599393088e-05,3003,1,0,3002,41814
NN002,validation,0.78,44816,1,2.2312961599393088e-05,3003,1,0,3002,41814
NN002,validation,0.79,44817,0,0.0,3003,0,0,3003,41814
NN002,validation,0.8,44817,0,0.0,3003,0,0,3003,41814
NN002,validation,0.81,44817,0,0.0,3003,0,0,3003,41814
NN002,validation,0.82,44817,0,0.0,3003,0,0,3003,41814
NN002,validation,0.83,44817,0,0.0,3003,0,0,3003,41814
NN002,validation,0.84,44817,0,0.0,3003,0,0,3003,41814
NN002,validation,0.85,44817,0,0.0,3003,0,0,3003,41814
NN002,validation,0.86,44817,0,0.0,3003,0,0,3003,41814
NN002,validation,0.87,44817,0,0.0,3003,0,0,3003,41814
NN002,validation,0.88,44817,0,0.0,3003,0,0,3003,41814
NN002,validation,0.89,44817,0,0.0,3003,0,0,3003,41814
NN002,validation,0.9,44817,0,0.0,3003,0,0,3003,41814
NN002,validation,0.91,44817,0,0.0,3003,0,0,3003,41814
NN002,validation,0.92,44817,0,0.0,3003,0,0,3003,41814
NN002,validation,0.93,44817,0,0.0,3003,0,0,3003,41814
NN002,validation,0.94,44817,0,0.0,3003,0,0,3003,41814
NN002,validation,0.95,44817,0,0.0,3003,0,0,3003,41814
NN002,validation,0.96,44817,0,0.0,3003,0,0,3003,41814
NN002,validation,0.97,44817,0,0.0,3003,0,0,3003,41814
NN002,validation,0.98,44817,0,0.0,3003,0,0,3003,41814
NN002,validation,0.99,44817,0,0.0,3003,0,0,3003,41814
NN003,validation,0.01,13335,31482,0.7024566570720931,3003,2910,28572,93,13242
NN003,validation,0.02,22806,22011,0.49113059776424123,3003,2748,19263,255,22551
NN003,validation,0.03,26782,18035,0.40241426244505435,3003,2665,15370,338,26444
NN003,validation,0.04,29334,15483,0.34547158444340315,3003,2585,12898,418,28916
NN003,validation,0.05,31349,13468,0.3005109668206261,3003,2506,10962,497,30852
NN003,validation,0.06,32940,11877,0.2650110449159917,3003,2418,9459,585,32355
NN003,validation,0.07,34274,10543,0.2352455541424013,3003,2315,8228,688,33586
NN003,validation,0.08,35378,9439,0.21061204453667134,3003,2231,7208,772,34606
NN003,validation,0.09,36260,8557,0.19093201240600666,3003,2159,6398,844,35416
NN003,validation,0.1,37011,7806,0.17417497824486244,3003,2093,5713,910,36101
NN003,validation,0.11,37704,7113,0.15871209585648302,3003,2025,5088,978,36726
NN003,validation,0.12,38374,6443,0.14376241158488967,3003,1959,4484,1044,37330
NN003,validation,0.13,38942,5875,0.1310886493964344,3003,1897,3978,1106,37836
NN003,validation,0.14,39382,5435,0.12127094629270144,3003,1816,3619,1187,38195
NN003,validation,0.15,39707,5110,0.11401923377289867,3003,1755,3355,1248,38459
NN003,validation,0.16,39993,4824,0.10763772675547226,3003,1702,3122,1301,38692
NN003,validation,0.17,40268,4549,0.10150166231563916,3003,1675,2874,1328,38940
NN003,validation,0.18,40473,4344,0.09692750518776357,3003,1635,2709,1368,39105
NN003,validation,0.19,40688,4129,0.09213021844389406,3003,1596,2533,1407,39281
NN003,validation,0.2,40840,3977,0.08873864828078631,3003,1567,2410,1436,39404
NN003,validation,0.21,40999,3818,0.08519088738648281,3003,1528,2290,1475,39524
NN003,validation,0.22,41147,3670,0.08188856906977263,3003,1495,2175,1508,39639
NN003,validation,0.23,41296,3521,0.07856393779146306,3003,1460,2061,1543,39753
NN003,validation,0.24,41413,3404,0.07595332128433407,3003,1433,1971,1570,39843
NN003,validation,0.25,41522,3295,0.07352120847000022,3003,1404,1891,1599,39923
NN003,validation,0.26,41633,3184,0.07104446973246759,3003,1373,1811,1630,40003
NN003,validation,0.27,41758,3059,0.06825534953254346,3003,1334,1725,1669,40089
NN003,validation,0.28,41862,2955,0.06593480152620658,3003,1303,1652,1700,40162
NN003,validation,0.29,41960,2857,0.06374813128946605,3003,1280,1577,1723,40237
NN003,validation,0.3,42071,2746,0.06127139255193342,3003,1242,1504,1761,40310
NN003,validation,0.31,42159,2658,0.059307851931186824,3003,1220,1438,1783,40376
NN003,validation,0.32,42236,2581,0.05758975388803356,3003,1192,1389,1811,40425
NN003,validation,0.33,42341,2476,0.05524689292009728,3003,1159,1317,1844,40497
NN003,validation,0.34,42422,2395,0.053439543030546446,3003,1127,1268,1876,40546
NN003,validation,0.35,42508,2309,0.05152062833299864,3003,1101,1208,1902,40606
NN003,validation,0.36,42588,2229,0.04973559140504719,3003,1072,1157,1931,40657
NN003,validation,0.37,42674,2143,0.04781667670749939,3003,1046,1097,1957,40717
NN003,validation,0.38,42747,2070,0.04618783051074369,3003,1021,1049,1982,40765
NN003,validation,0.39,42841,1976,0.04409041212040074,3003,985,991,2018,40823
NN003,validation,0.4,42914,1903,0.04246156592364504,3003,969,934,2034,40880
NN003,validation,0.41,43015,1802,0.04020795680210634,3003,927,875,2076,40939
NN003,validation,0.42,43087,1730,0.03860142356695004,3003,901,829,2102,40985
NN003,validation,0.43,43158,1659,0.037017203293393135,3003,870,789,2133,41025
NN003,validation,0.44,43232,1585,0.03536604413503804,3003,840,745,2163,41069
NN003,validation,0.45,43296,1521,0.03393801459267689,3003,817,704,2186,41110
NN003,validation,0.46,43359,1458,0.03253229801191512,3003,794,664,2209,41150
NN003,validation,0.47,43431,1386,0.03092576477675882,3003,761,625,2242,41189
NN003,validation,0.48,43500,1317,0.029386170426400696,3003,726,591,2277,41223
NN003,validation,0.49,43590,1227,0.02737800388245532,3003,685,542,2318,41272
NN003,validation,0.5,43655,1162,0.025927661378494768,3003,659,503,2344,41311
NN003,validation,0.51,43714,1103,0.024611196644130577,3003,632,471,2371,41343
NN003,validation,0.52,43786,1031,0.023004663408974273,3003,602,429,2401,41385
NN003,validation,0.53,43843,974,0.021732824597808866,3003,575,399,2428,41415
NN003,validation,0.54,43896,921,0.020550237633041035,3003,549,372,2454,41442
NN003,validation,0.55,43954,863,0.019256085860276235,3003,519,344,2484,41470
NN003,validation,0.56,44013,804,0.017939621125912044,3003,490,314,2513,41500
NN003,validation,0.57,44073,744,0.016600843429948456,3003,459,285,2544,41529
NN003,validation,0.58,44146,671,0.014971997233192761,3003,424,247,2579,41567
NN003,validation,0.59,44211,606,0.01352165472923221,3003,391,215,2612,41599
NN003,validation,0.6,44282,535,0.011937434455675302,3003,355,180,2648,41634
NN003,validation,0.61,44348,469,0.010464778990115359,3003,320,149,2683,41665
NN003,validation,0.62,44405,412,0.009192940178949952,3003,280,132,2723,41682
NN003,validation,0.63,44449,368,0.008211169868576656,3003,247,121,2756,41693
NN003,validation,0.64,44503,314,0.007006269942209429,3003,218,96,2785,41718
NN003,validation,0.65,44549,268,0.005979873708637348,3003,184,84,2819,41730
NN003,validation,0.66,44594,223,0.004975790436664658,3003,154,69,2849,41745
NN003,validation,0.67,44626,191,0.00426177566548408,3003,130,61,2873,41753
NN003,validation,0.68,44657,160,0.003570073855902894,3003,112,48,2891,41766
NN003,validation,0.69,44688,129,0.0028783720463217083,3003,89,40,2914,41774
NN003,validation,0.7,44708,109,0.0024321128143338466,3003,72,37,2931,41777
NN003,validation,0.71,44720,97,0.0021643572751411295,3003,61,36,2942,41778
NN003,validation,0.72,44731,86,0.0019189146975478056,3003,55,31,2948,41783
NN003,validation,0.73,44739,78,0.0017404110047526608,3003,50,28,2953,41786
NN003,validation,0.74,44746,71,0.0015842202735569092,3003,44,27,2959,41787
NN003,validation,0.75,44760,57,0.001271838811165406,3003,34,23,2969,41791
NN003,validation,0.76,44782,35,0.0007809536559787581,3003,22,13,2981,41801
NN003,validation,0.77,44791,26,0.0005801370015842203,3003,17,9,2986,41805
NN003,validation,0.78,44795,22,0.000490885155186648,3003,14,8,2989,41806
NN003,validation,0.79,44801,16,0.0003570073855902894,3003,11,5,2992,41809
NN003,validation,0.8,44801,16,0.0003570073855902894,3003,11,5,2992,41809
NN003,validation,0.81,44801,16,0.0003570073855902894,3003,11,5,2992,41809
NN003,validation,0.82,44801,16,0.0003570073855902894,3003,11,5,2992,41809
NN003,validation,0.83,44801,16,0.0003570073855902894,3003,11,5,2992,41809
NN003,validation,0.84,44805,12,0.00026775553919271706,3003,9,3,2994,41811
NN003,validation,0.85,44805,12,0.00026775553919271706,3003,9,3,2994,41811
NN003,validation,0.86,44805,12,0.00026775553919271706,3003,9,3,2994,41811
NN003,validation,0.87,44806,11,0.000245442577593324,3003,8,3,2995,41811
NN003,validation,0.88,44806,11,0.000245442577593324,3003,8,3,2995,41811
NN003,validation,0.89,44810,7,0.0001561907311957516,3003,6,1,2997,41813
NN003,validation,0.9,44817,0,0.0,3003,0,0,3003,41814
NN003,validation,0.91,44817,0,0.0,3003,0,0,3003,41814
NN003,validation,0.92,44817,0,0.0,3003,0,0,3003,41814
NN003,validation,0.93,44817,0,0.0,3003,0,0,3003,41814
NN003,validation,0.94,44817,0,0.0,3003,0,0,3003,41814
NN003,validation,0.95,44817,0,0.0,3003,0,0,3003,41814
NN003,validation,0.96,44817,0,0.0,3003,0,0,3003,41814
NN003,validation,0.97,44817,0,0.0,3003,0,0,3003,41814
NN003,validation,0.98,44817,0,0.0,3003,0,0,3003,41814
NN003,validation,0.99,44817,0,0.0,3003,0,0,3003,41814
NN004,validation,0.01,8815,36002,0.80331124350135,3003,2949,33053,54,8761
NN004,validation,0.02,20990,23827,0.5316509360287391,3003,2793,21034,210,20780
NN004,validation,0.03,25730,19087,0.4258874980476159,3003,2682,16405,321,25409
NN004,validation,0.04,28579,16238,0.36231787045094493,3003,2584,13654,419,28160
NN004,validation,0.05,30688,14129,0.31525983443782496,3003,2501,11628,502,30186
NN004,validation,0.06,32401,12416,0.2770377312180646,3003,2410,10006,593,31808
NN004,validation,0.07,33786,11031,0.24613427940290514,3003,2317,8714,686,33100
NN004,validation,0.08,35058,9759,0.21775219224847714,3003,2223,7536,780,34278
NN004,validation,0.09,36162,8655,0.19311868264274717,3003,2129,6526,874,35288
NN004,validation,0.1,37367,7450,0.1662315639154785,3003,2011,5439,992,36375
NN004,validation,0.11,38342,6475,0.14447642635607025,3003,1922,4553,1081,37261
NN004,validation,0.12,39015,5802,0.1294598031996787,3003,1858,3944,1145,37870
NN004,validation,0.13,39435,5382,0.1200883593279336,3003,1808,3574,1195,38240
NN004,validation,0.14,39746,5071,0.11314902827052235,3003,1758,3313,1245,38501
NN004,validation,0.15,40010,4807,0.10725840640828257,3003,1719,3088,1284,38726
NN004,validation,0.16,40250,4567,0.10190329562442824,3003,1676,2891,1327,38923
NN004,validation,0.17,40462,4355,0.0971729477653569,3003,1624,2731,1379,39083
NN004,validation,0.18,40695,4122,0.0919740277126983,3003,1576,2546,1427,39268
NN004,validation,0.19,40912,3905,0.08713211504563001,3003,1535,2370,1468,39444
NN004,validation,0.2,41089,3728,0.08318272084253743,3003,1507,2221,1496,39593
NN004,validation,0.21,41249,3568,0.07961264698663453,3003,1467,2101,1536,39713
NN004,validation,0.22,41372,3445,0.07686815270990918,3003,1433,2012,1570,39802
NN004,validation,0.23,41479,3338,0.07448066581877412,3003,1394,1944,1609,39870
NN004,validation,0.24,41604,3213,0.07169154561885,3003,1360,1853,1643,39961
NN004,validation,0.25,41737,3080,0.0687239217261307,3003,1327,1753,1676,40061
NN004,validation,0.26,41871,2946,0.06573398487181203,3003,1294,1652,1709,40162
NN004,validation,0.27,42006,2811,0.06272173505589397,3003,1254,1557,1749,40257
NN004,validation,0.28,42119,2698,0.06020037039516255,3003,1216,1482,1787,40332
NN004,validation,0.29,42277,2540,0.05667492246245844,3003,1168,1372,1835,40442
NN004,validation,0.3,42386,2431,0.0542428096481246,3003,1130,1301,1873,40513
NN004,validation,0.31,42467,2350,0.052435459758573756,3003,1103,1247,1900,40567
NN004,validation,0.32,42564,2253,0.050271102483432625,3003,1070,1183,1933,40631
NN004,validation,0.33,42659,2158,0.04815137113149028,3003,1038,1120,1965,40694
NN004,validation,0.34,42726,2091,0.04665640270433095,3003,1015,1076,1988,40738
NN004,validation,0.35,42782,2035,0.04540687685476493,3003,999,1036,2004,40778
NN004,validation,0.36,42850,1967,0.0438895954660062,3003,974,993,2029,40821
NN004,validation,0.37,42932,1885,0.04205993261485597,3003,950,935,2053,40879
NN004,validation,0.38,42995,1822,0.04065421603409421,3003,926,896,2077,40918
NN004,validation,0.39,43064,1753,0.039114621683736084,3003,905,848,2098,40966
NN004,validation,0.4,43123,1694,0.03779815694937189,3003,876,818,2127,40996
NN004,validation,0.41,43196,1621,0.036169310752616195,3003,847,774,2156,41040
NN004,validation,0.42,43268,1549,0.03456277751745989,3003,817,732,2186,41082
NN004,validation,0.43,43337,1480,0.03302318316710177,3003,789,691,2214,41123
NN004,validation,0.44,43390,1427,0.03184059620233393,3003,768,659,2235,41155
NN004,validation,0.45,43457,1360,0.030345627775174598,3003,747,613,2256,41201
NN004,validation,0.46,43524,1293,0.028850659348015263,3003,721,572,2282,41242
NN004,validation,0.47,43611,1206,0.026909431688868064,3003,681,525,2322,41289
NN004,validation,0.48,43683,1134,0.02530289845371176,3003,650,484,2353,41330
NN004,validation,0.49,43756,1061,0.023674052256956065,3003,620,441,2383,41373
NN004,validation,0.5,43826,991,0.02211214494499855,3003,591,400,2412,41414
NN004,validation,0.51,43887,930,0.02075105428743557,3003,557,373,2446,41441
NN004,validation,0.52,43936,881,0.01965771916906531,3003,524,357,2479,41457
NN004,validation,0.53,43998,819,0.01827431554990294,3003,498,321,2505,41493
NN004,validation,0.54,44052,765,0.017069415623535714,3003,472,293,2531,41521
NN004,validation,0.55,44119,698,0.015574447196376375,3003,441,257,2562,41557
NN004,validation,0.56,44165,652,0.014548050962804293,3003,416,236,2587,41578
NN004,validation,0.57,44236,581,0.012963830689247384,3003,380,201,2623,41613
NN004,validation,0.58,44335,482,0.010754847490907469,3003,326,156,2677,41658
NN004,validation,0.59,44389,428,0.009549947564540242,3003,293,135,2710,41679
NN004,validation,0.6,44450,367,0.008188856906977264,3003,255,112,2748,41702
NN004,validation,0.61,44504,313,0.006983956980610036,3003,226,87,2777,41727
NN004,validation,0.62,44562,255,0.005689805207845238,3003,181,74,2822,41740
NN004,validation,0.63,44608,209,0.004663408974273155,3003,152,57,2851,41757
NN004,validation,0.64,44643,174,0.0038824553182943973,3003,132,42,2871,41772
NN004,validation,0.65,44681,136,0.00303456277751746,3003,103,33,2900,41781
NN004,validation,0.66,44720,97,0.0021643572751411295,3003,75,22,2928,41792
NN004,validation,0.67,44741,76,0.0016957850815538745,3003,58,18,2945,41796
NN004,validation,0.68,44760,57,0.001271838811165406,3003,44,13,2959,41801
NN004,validation,0.69,44778,39,0.0008702055023763304,3003,30,9,2973,41805
NN004,validation,0.7,44794,23,0.000513198116786041,3003,18,5,2985,41809
NN004,validation,0.71,44800,17,0.0003793203471896825,3003,14,3,2989,41811
NN004,validation,0.72,44808,9,0.00020081665439453778,3003,8,1,2995,41813
NN004,validation,0.73,44812,5,0.00011156480799696544,3003,4,1,2999,41813
NN004,validation,0.74,44814,3,6.693888479817926e-05,3003,2,1,3001,41813
NN004,validation,0.75,44815,2,4.4625923198786177e-05,3003,1,1,3002,41813
NN004,validation,0.76,44815,2,4.4625923198786177e-05,3003,1,1,3002,41813
NN004,validation,0.77,44816,1,2.2312961599393088e-05,3003,0,1,3003,41813
NN004,validation,0.78,44816,1,2.2312961599393088e-05,3003,0,1,3003,41813
NN004,validation,0.79,44816,1,2.2312961599393088e-05,3003,0,1,3003,41813
NN004,validation,0.8,44816,1,2.2312961599393088e-05,3003,0,1,3003,41813
NN004,validation,0.81,44817,0,0.0,3003,0,0,3003,41814
NN004,validation,0.82,44817,0,0.0,3003,0,0,3003,41814
NN004,validation,0.83,44817,0,0.0,3003,0,0,3003,41814
NN004,validation,0.84,44817,0,0.0,3003,0,0,3003,41814
NN004,validation,0.85,44817,0,0.0,3003,0,0,3003,41814
NN004,validation,0.86,44817,0,0.0,3003,0,0,3003,41814
NN004,validation,0.87,44817,0,0.0,3003,0,0,3003,41814
NN004,validation,0.88,44817,0,0.0,3003,0,0,3003,41814
NN004,validation,0.89,44817,0,0.0,3003,0,0,3003,41814
NN004,validation,0.9,44817,0,0.0,3003,0,0,3003,41814
NN004,validation,0.91,44817,0,0.0,3003,0,0,3003,41814
NN004,validation,0.92,44817,0,0.0,3003,0,0,3003,41814
NN004,validation,0.93,44817,0,0.0,3003,0,0,3003,41814
NN004,validation,0.94,44817,0,0.0,3003,0,0,3003,41814
NN004,validation,0.95,44817,0,0.0,3003,0,0,3003,41814
NN004,validation,0.96,44817,0,0.0,3003,0,0,3003,41814
NN004,validation,0.97,44817,0,0.0,3003,0,0,3003,41814
NN004,validation,0.98,44817,0,0.0,3003,0,0,3003,41814
NN004,validation,0.99,44817,0,0.0,3003,0,0,3003,41814
NN005,validation,0.01,6901,37916,0.8460182520025883,3003,2951,34965,52,6849
NN005,validation,0.02,17603,27214,0.6072249369658835,3003,2823,24391,180,17423
NN005,validation,0.03,23264,21553,0.4809112613517192,3003,2683,18870,320,22944
NN005,validation,0.04,26631,18186,0.4057835196465627,3003,2573,15613,430,26201
NN005,validation,0.05,28865,15952,0.35593636343351853,3003,2473,13479,530,28335
NN005,validation,0.06,30598,14219,0.3172680009817703,3003,2388,11831,615,29983
NN005,validation,0.07,32016,12801,0.28562822143383093,3003,2312,10489,691,31325
NN005,validation,0.08,33132,11685,0.26072695628890824,3003,2234,9451,769,32363
NN005,validation,0.09,34246,10571,0.23587031706718434,3003,2149,8422,854,33392
NN005,validation,0.1,35232,9585,0.21386973693018274,3003,2079,7506,924,34308
NN005,validation,0.11,36199,8618,0.19229310306356961,3003,1999,6619,1004,35195
NN005,validation,0.12,37208,7609,0.169779324809782,3003,1921,5688,1082,36126
NN005,validation,0.13,38166,6651,0.14840350759756343,3003,1831,4820,1172,36994
NN005,validation,0.14,39046,5771,0.1287681013900975,3003,1725,4046,1278,37768
NN005,validation,0.15,39694,5123,0.1143093022736908,3003,1637,3486,1366,38328
NN005,validation,0.16,40265,4552,0.10156860120043733,3003,1552,3000,1451,38814
NN005,validation,0.17,40702,4115,0.09181783698150256,3003,1479,2636,1524,39178
NN005,validation,0.18,41073,3744,0.08353972822812772,3003,1416,2328,1587,39486
NN005,validation,0.19,41388,3429,0.0765111453243189,3003,1352,2077,1651,39737
NN005,validation,0.2,41644,3173,0.07079902715487427,3003,1294,1879,1709,39935
NN005,validation,0.21,41859,2958,0.06600174041100475,3003,1242,1716,1761,40098
NN005,validation,0.22,42078,2739,0.061115201820737666,3003,1183,1556,1820,40258
NN005,validation,0.23,42259,2558,0.05707655577124752,3003,1133,1425,1870,40389
NN005,validation,0.24,42424,2393,0.05339491710734766,3003,1081,1312,1922,40502
NN005,validation,0.25,42590,2227,0.049690965481848405,3003,1040,1187,1963,40627
NN005,validation,0.26,42726,2091,0.04665640270433095,3003,994,1097,2009,40717
NN005,validation,0.27,42843,1974,0.04404578619720195,3003,944,1030,2059,40784
NN005,validation,0.28,42960,1857,0.041435169690072965,3003,909,948,2094,40866
NN005,validation,0.29,43049,1768,0.03944931610772698,3003,880,888,2123,40926
NN005,validation,0.3,43150,1667,0.03719570698618828,3003,849,818,2154,40996
NN005,validation,0.31,43242,1575,0.03514291451904411,3003,822,753,2181,41061
NN005,validation,0.32,43332,1485,0.03313474797509874,3003,775,710,2228,41104
NN005,validation,0.33,43417,1400,0.031238146239150322,3003,742,658,2261,41156
NN005,validation,0.34,43479,1338,0.02985474261998795,3003,720,618,2283,41196
NN005,validation,0.35,43544,1273,0.0284044001160274,3003,689,584,2314,41230
NN005,validation,0.36,43599,1218,0.02717718722806078,3003,667,551,2336,41263
NN005,validation,0.37,43662,1155,0.025771470647299018,3003,637,518,2366,41296
NN005,validation,0.38,43725,1092,0.02436575406653725,3003,614,478,2389,41336
NN005,validation,0.39,43786,1031,0.023004663408974273,3003,589,442,2414,41372
NN005,validation,0.4,43838,979,0.021844389405805832,3003,565,414,2438,41400
NN005,validation,0.41,43889,928,0.020706428364236786,3003,539,389,2464,41425
NN005,validation,0.42,43946,871,0.01943458955307138,3003,510,361,2493,41453
NN005,validation,0.43,43985,832,0.01856438405069505,3003,494,338,2509,41476
NN005,validation,0.44,44033,784,0.01749336189392418,3003,472,312,2531,41502
NN005,validation,0.45,44073,744,0.016600843429948456,3003,450,294,2553,41520
NN005,validation,0.46,44122,695,0.015507508311578195,3003,434,261,2569,41553
NN005,validation,0.47,44160,657,0.014659615770801259,3003,411,246,2592,41568
NN005,validation,0.48,44199,618,0.013789410268424928,3003,390,228,2613,41586
NN005,validation,0.49,44231,586,0.01307539549724435,3003,374,212,2629,41602
NN005,validation,0.5,44260,557,0.01242831961086195,3003,363,194,2640,41620
NN005,validation,0.51,44299,518,0.01155811410848562,3003,342,176,2661,41638
NN005,validation,0.52,44337,480,0.010710221567708683,3003,317,163,2686,41651
NN005,validation,0.53,44378,439,0.009795390142133565,3003,289,150,2714,41664
NN005,validation,0.54,44407,410,0.009148314255751166,3003,268,142,2735,41672
NN005,validation,0.55,44433,384,0.008568177254166946,3003,256,128,2747,41686
NN005,validation,0.56,44459,358,0.007988040252582726,3003,243,115,2760,41699
NN005,validation,0.57,44483,334,0.007452529174197291,3003,231,103,2772,41711
NN005,validation,0.58,44502,315,0.007028582903808822,3003,220,95,2783,41719
NN005,validation,0.59,44522,295,0.006582323671820961,3003,209,86,2794,41728
NN005,validation,0.6,44543,274,0.006113751478233706,3003,195,79,2808,41735
NN005,validation,0.61,44563,254,0.0056674922462458446,3003,180,74,2823,41740
NN005,validation,0.62,44588,229,0.005109668206261017,3003,161,68,2842,41746
NN005,validation,0.63,44601,216,0.004819599705468907,3003,153,63,2850,41751
NN005,validation,0.64,44619,198,0.004417966396679831,3003,140,58,2863,41756
NN005,validation,0.65,44627,190,0.004239462703884687,3003,133,57,2870,41757
NN005,validation,0.66,44647,170,0.0037932034718968248,3003,118,52,2885,41762
NN005,validation,0.67,44664,153,0.0034138831247071426,3003,103,50,2900,41764
NN005,validation,0.68,44679,138,0.003079188700716246,3003,91,47,2912,41767
NN005,validation,0.69,44689,128,0.0028560590847223153,3003,85,43,2918,41771
NN005,validation,0.7,44705,112,0.0024990516991320257,3003,75,37,2928,41777
NN005,validation,0.71,44713,104,0.002320548006336881,3003,68,36,2935,41778
NN005,validation,0.72,44721,96,0.0021420443135417365,3003,62,34,2941,41780
NN005,validation,0.73,44729,88,0.001963540620746592,3003,56,32,2947,41782
NN005,validation,0.74,44731,86,0.0019189146975478056,3003,54,32,2949,41782
NN005,validation,0.75,44736,81,0.00180734988955084,3003,51,30,2952,41784
NN005,validation,0.76,44739,78,0.0017404110047526608,3003,48,30,2955,41784
NN005,validation,0.77,44742,75,0.0016734721199544815,3003,46,29,2957,41785
NN005,validation,0.78,44745,72,0.0016065332351563022,3003,44,28,2959,41786
NN005,validation,0.79,44750,67,0.001494968427159337,3003,41,26,2962,41788
NN005,validation,0.8,44756,61,0.0013610906575629784,3003,37,24,2966,41790
NN005,validation,0.81,44757,60,0.0013387776959635854,3003,36,24,2967,41790
NN005,validation,0.82,44757,60,0.0013387776959635854,3003,36,24,2967,41790
NN005,validation,0.83,44761,56,0.0012495258495660128,3003,34,22,2969,41792
NN005,validation,0.84,44768,49,0.0010933351183702613,3003,30,19,2973,41795
NN005,validation,0.85,44776,41,0.0009148314255751166,3003,25,16,2978,41798
NN005,validation,0.86,44790,27,0.0006024499631836134,3003,19,8,2984,41806
NN005,validation,0.87,44794,23,0.000513198116786041,3003,16,7,2987,41807
NN005,validation,0.88,44801,16,0.0003570073855902894,3003,12,4,2991,41810
NN005,validation,0.89,44805,12,0.00026775553919271706,3003,9,3,2994,41811
NN005,validation,0.9,44805,12,0.00026775553919271706,3003,9,3,2994,41811
NN005,validation,0.91,44806,11,0.000245442577593324,3003,8,3,2995,41811
NN005,validation,0.92,44806,11,0.000245442577593324,3003,8,3,2995,41811
NN005,validation,0.93,44806,11,0.000245442577593324,3003,8,3,2995,41811
NN005,validation,0.94,44806,11,0.000245442577593324,3003,8,3,2995,41811
NN005,validation,0.95,44806,11,0.000245442577593324,3003,8,3,2995,41811
NN005,validation,0.96,44807,10,0.00022312961599393088,3003,7,3,2996,41811
NN005,validation,0.97,44809,8,0.0001785036927951447,3003,7,1,2996,41813
NN005,validation,0.98,44813,4,8.925184639757235e-05,3003,3,1,3000,41813
NN005,validation,0.99,44817,0,0.0,3003,0,0,3003,41814
NN006,validation,0.01,8703,36114,0.805810295200482,3003,2957,33157,46,8657
NN006,validation,0.02,21300,23517,0.5247339179329272,3003,2804,20713,199,21101
NN006,validation,0.03,26266,18551,0.41392775063034115,3003,2674,15877,329,25937
NN006,validation,0.04,29153,15664,0.3495102304928933,3003,2575,13089,428,28725
NN006,validation,0.05,31340,13477,0.30071178347502064,3003,2472,11005,531,30809
NN006,validation,0.06,33062,11755,0.26228886360086573,3003,2383,9372,620,32442
NN006,validation,0.07,34413,10404,0.23214405248008568,3003,2283,8121,720,33693
NN006,validation,0.08,35536,9281,0.20708659660396725,3003,2206,7075,797,34739
NN006,validation,0.09,36653,8164,0.18216301849744518,3003,2106,6058,897,35756
NN006,validation,0.1,37707,7110,0.15864515697168485,3003,2004,5106,999,36708
NN006,validation,0.11,38429,6388,0.14253519869692305,3003,1922,4466,1081,37348
NN006,validation,0.12,38993,5824,0.12995068835486534,3003,1873,3951,1130,37863
NN006,validation,0.13,39432,5385,0.12015529821273177,3003,1798,3587,1205,38227
NN006,validation,0.14,39795,5022,0.11205569315215208,3003,1750,3272,1253,38542
NN006,validation,0.15,40091,4726,0.10545105651873173,3003,1699,3027,1304,38787
NN006,validation,0.16,40384,4433,0.09891335877010955,3003,1651,2782,1352,39032
NN006,validation,0.17,40604,4213,0.09400450721824308,3003,1606,2607,1397,39207
NN006,validation,0.18,40848,3969,0.08856014458799116,3003,1551,2418,1452,39396
NN006,validation,0.19,41048,3769,0.08409755226811255,3003,1511,2258,1492,39556
NN006,validation,0.2,41226,3591,0.08012584510342058,3003,1470,2121,1533,39693
NN006,validation,0.21,41377,3440,0.07675658790191223,3003,1439,2001,1564,39813
NN006,validation,0.22,41557,3260,0.07274025481402147,3003,1383,1877,1620,39937
NN006,validation,0.23,41679,3138,0.07001807349889551,3003,1349,1789,1654,40025
NN006,validation,0.24,41800,3017,0.06731820514536895,3003,1320,1697,1683,40117
NN006,validation,0.25,41923,2894,0.0645737108686436,3003,1278,1616,1725,40198
NN006,validation,0.26,42079,2738,0.06109288885913827,3003,1228,1510,1775,40304
NN006,validation,0.27,42216,2601,0.05803601312002142,3003,1182,1419,1821,40395
NN006,validation,0.28,42333,2484,0.055425396612892426,3003,1143,1341,1860,40473
NN006,validation,0.29,42420,2397,0.05348416895374523,3003,1112,1285,1891,40529
NN006,validation,0.3,42519,2298,0.051275185755405316,3003,1089,1209,1914,40605
NN006,validation,0.31,42607,2210,0.04931164513465872,3003,1058,1152,1945,40662
NN006,validation,0.32,42679,2138,0.04770511189950242,3003,1040,1098,1963,40716
NN006,validation,0.33,42762,2055,0.045853136086752795,3003,1013,1042,1990,40772
NN006,validation,0.34,42838,1979,0.04415735100519892,3003,983,996,2020,40818
NN006,validation,0.35,42925,1892,0.04221612334605172,3003,952,940,2051,40874
NN006,validation,0.36,42991,1826,0.040743467880491775,3003,925,901,2078,40913
NN006,validation,0.37,43053,1764,0.03936006426132941,3003,906,858,2097,40956
NN006,validation,0.38,43112,1705,0.03804359952696521,3003,884,821,2119,40993
NN006,validation,0.39,43171,1646,0.03672713479260102,3003,865,781,2138,41033
NN006,validation,0.4,43231,1586,0.035388357096637436,3003,843,743,2160,41071
NN006,validation,0.41,43291,1526,0.03404957940067385,3003,818,708,2185,41106
NN006,validation,0.42,43360,1457,0.03250998505031573,3003,785,672,2218,41142
NN006,validation,0.43,43407,1410,0.03146127585514425,3003,762,648,2241,41166
NN006,validation,0.44,43473,1344,0.02998862038958431,3003,740,604,2263,41210
NN006,validation,0.45,43550,1267,0.028270522346431043,3003,712,555,2291,41259
NN006,validation,0.46,43622,1195,0.02666398911127474,3003,685,510,2318,41304
NN006,validation,0.47,43681,1136,0.025347524376910548,3003,663,473,2340,41341
NN006,validation,0.48,43735,1082,0.02414262445054332,3003,640,442,2363,41372
NN006,validation,0.49,43782,1035,0.023093915255371845,3003,611,424,2392,41390
NN006,validation,0.5,43832,985,0.021978267175402192,3003,594,391,2409,41423
NN006,validation,0.51,43879,938,0.020929557980230717,3003,579,359,2424,41455
NN006,validation,0.52,43917,900,0.020081665439453777,3003,564,336,2439,41478
NN006,validation,0.53,43973,844,0.018832139589887765,3003,533,311,2470,41503
NN006,validation,0.54,44025,792,0.017671865586719324,3003,502,290,2501,41524
NN006,validation,0.55,44074,743,0.016578530468349065,3003,477,266,2526,41548
NN006,validation,0.56,44144,673,0.015016623156391547,3003,439,234,2564,41580
NN006,validation,0.57,44211,606,0.01352165472923221,3003,401,205,2602,41609
NN006,validation,0.58,44277,540,0.012048999263672268,3003,360,180,2643,41634
NN006,validation,0.59,44335,482,0.010754847490907469,3003,329,153,2674,41661
NN006,validation,0.6,44409,408,0.00910368833255238,3003,283,125,2720,41689
NN006,validation,0.61,44468,349,0.007787223598188188,3003,243,106,2760,41708
NN006,validation,0.62,44531,286,0.006381507017426423,3003,204,82,2799,41732
NN006,validation,0.63,44567,250,0.005578240399848272,3003,182,68,2821,41746
NN006,validation,0.64,44606,211,0.004708034897471941,3003,157,54,2846,41760
NN006,validation,0.65,44624,193,0.004306401588682866,3003,144,49,2859,41765
NN006,validation,0.66,44641,176,0.003927081241493184,3003,130,46,2873,41768
NN006,validation,0.67,44660,157,0.0035031349711047146,3003,116,41,2887,41773
NN006,validation,0.68,44674,143,0.0031907535087132115,3003,108,35,2895,41779
NN006,validation,0.69,44692,125,0.002789120199924136,3003,97,28,2906,41786
NN006,validation,0.7,44708,109,0.0024321128143338466,3003,86,23,2917,41791
NN006,validation,0.71,44721,96,0.0021420443135417365,3003,78,18,2925,41796
NN006,validation,0.72,44732,85,0.0018966017359484124,3003,69,16,2934,41798
NN006,validation,0.73,44741,76,0.0016957850815538745,3003,61,15,2942,41799
NN006,validation,0.74,44750,67,0.001494968427159337,3003,52,15,2951,41799
NN006,validation,0.75,44755,62,0.0013834036191623714,3003,50,12,2953,41802
NN006,validation,0.76,44759,58,0.001294151772764799,3003,46,12,2957,41802
NN006,validation,0.77,44767,50,0.0011156480799696543,3003,41,9,2962,41805
NN006,validation,0.78,44771,46,0.001026396233572082,3003,38,8,2965,41806
NN006,validation,0.79,44772,45,0.001004083271972689,3003,37,8,2966,41806
NN006,validation,0.8,44778,39,0.0008702055023763304,3003,32,7,2971,41807
NN006,validation,0.81,44783,34,0.000758640694379365,3003,28,6,2975,41808
NN006,validation,0.82,44786,31,0.0006917018095811857,3003,26,5,2977,41809
NN006,validation,0.83,44786,31,0.0006917018095811857,3003,26,5,2977,41809
NN006,validation,0.84,44786,31,0.0006917018095811857,3003,26,5,2977,41809
NN006,validation,0.85,44789,28,0.0006247629247830064,3003,23,5,2980,41809
NN006,validation,0.86,44791,26,0.0005801370015842203,3003,21,5,2982,41809
NN006,validation,0.87,44793,24,0.0005355110783854341,3003,19,5,2984,41809
NN006,validation,0.88,44795,22,0.000490885155186648,3003,17,5,2986,41809
NN006,validation,0.89,44804,13,0.00029006850079211013,3003,9,4,2994,41810
NN006,validation,0.9,44809,8,0.0001785036927951447,3003,6,2,2997,41812
NN006,validation,0.91,44813,4,8.925184639757235e-05,3003,3,1,3000,41813
NN006,validation,0.92,44815,2,4.4625923198786177e-05,3003,2,0,3001,41814
NN006,validation,0.93,44815,2,4.4625923198786177e-05,3003,2,0,3001,41814
NN006,validation,0.94,44817,0,0.0,3003,0,0,3003,41814
NN006,validation,0.95,44817,0,0.0,3003,0,0,3003,41814
NN006,validation,0.96,44817,0,0.0,3003,0,0,3003,41814
NN006,validation,0.97,44817,0,0.0,3003,0,0,3003,41814
NN006,validation,0.98,44817,0,0.0,3003,0,0,3003,41814
NN006,validation,0.99,44817,0,0.0,3003,0,0,3003,41814
NN007,validation,0.01,11846,32971,0.7356806568935895,3003,2925,30046,78,11768
NN007,validation,0.02,22423,22394,0.4996764620568088,3003,2761,19633,242,22181
NN007,validation,0.03,26769,18048,0.40270433094584646,3003,2671,15377,332,26437
NN007,validation,0.04,29423,15394,0.3434857308610572,3003,2584,12810,419,29004
NN007,validation,0.05,31444,13373,0.29839123546868374,3003,2490,10883,513,30931
NN007,validation,0.06,33029,11788,0.2630251913336457,3003,2393,9395,610,32419
NN007,validation,0.07,34346,10471,0.23363902090724503,3003,2307,8164,696,33650
NN007,validation,0.08,35447,9370,0.20907245018631324,3003,2225,7145,778,34669
NN007,validation,0.09,36398,8419,0.1878528237052904,3003,2146,6273,857,35541
NN007,validation,0.1,37158,7659,0.17089497288975167,3003,2080,5579,923,36235
NN007,validation,0.11,38029,6788,0.15146038333668027,3003,1997,4791,1006,37023
NN007,validation,0.12,38677,6140,0.13700158422027356,3003,1932,4208,1071,37606
NN007,validation,0.13,39167,5650,0.12606823303657094,3003,1855,3795,1148,38019
NN007,validation,0.14,39568,5249,0.11712073543521431,3003,1790,3459,1213,38355
NN007,validation,0.15,39898,4919,0.1097574581074146,3003,1739,3180,1264,38634
NN007,validation,0.16,40142,4675,0.10431309547716268,3003,1699,2976,1304,38838
NN007,validation,0.17,40384,4433,0.09891335877010955,3003,1649,2784,1354,39030
NN007,validation,0.18,40618,4199,0.09369212575585158,3003,1605,2594,1398,39220
NN007,validation,0.19,40817,4000,0.08925184639757235,3003,1568,2432,1435,39382
NN007,validation,0.2,41004,3813,0.08507932257848584,3003,1524,2289,1479,39525
NN007,validation,0.21,41163,3654,0.08153156168418234,3003,1490,2164,1513,39650
NN007,validation,0.22,41326,3491,0.07789454894348127,3003,1455,2036,1548,39778
NN007,validation,0.23,41455,3362,0.07501617689715956,3003,1425,1937,1578,39877
NN007,validation,0.24,41582,3235,0.07218243077403663,3003,1391,1844,1612,39970
NN007,validation,0.25,41698,3119,0.06959412722850704,3003,1371,1748,1632,40066
NN007,validation,0.26,41843,2974,0.06635874779659504,3003,1323,1651,1680,40163
NN007,validation,0.27,41978,2839,0.06334649798067697,3003,1266,1573,1737,40241
NN007,validation,0.28,42108,2709,0.06044581297275587,3003,1236,1473,1767,40341
NN007,validation,0.29,42227,2590,0.057790570542428095,3003,1196,1394,1807,40420
NN007,validation,0.3,42333,2484,0.055425396612892426,3003,1170,1314,1833,40500
NN007,validation,0.31,42430,2387,0.0532610393377513,3003,1138,1249,1865,40565
NN007,validation,0.32,42525,2292,0.05114130798580896,3003,1114,1178,1889,40636
NN007,validation,0.33,42614,2203,0.04915545440346297,3003,1087,1116,1916,40698
NN007,validation,0.34,42699,2118,0.04725885266751456,3003,1045,1073,1958,40741
NN007,validation,0.35,42797,2020,0.04507218243077404,3003,1015,1005,1988,40809
NN007,validation,0.36,42889,1928,0.043019389963629875,3003,969,959,2034,40855
NN007,validation,0.37,42972,1845,0.041167414150880245,3003,943,902,2060,40912
NN007,validation,0.38,43060,1757,0.03920387353013365,3003,912,845,2091,40969
NN007,validation,0.39,43150,1667,0.03719570698618828,3003,872,795,2131,41019
NN007,validation,0.4,43236,1581,0.035276792288640474,3003,842,739,2161,41075
NN007,validation,0.41,43312,1505,0.033581007207086594,3003,812,693,2191,41121
NN007,validation,0.42,43395,1422,0.03172903139433697,3003,773,649,2230,41165
NN007,validation,0.43,43465,1352,0.030167124082379454,3003,746,606,2257,41208
NN007,validation,0.44,43558,1259,0.0280920186536359,3003,702,557,2301,41257
NN007,validation,0.45,43622,1195,0.02666398911127474,3003,673,522,2330,41292
NN007,validation,0.46,43692,1125,0.025102081799317222,3003,639,486,2364,41328
NN007,validation,0.47,43753,1064,0.023740991141754247,3003,611,453,2392,41361
NN007,validation,0.48,43830,987,0.022022893098600976,3003,570,417,2433,41397
NN007,validation,0.49,43889,928,0.020706428364236786,3003,548,380,2455,41434
NN007,validation,0.5,43948,869,0.019389963629872595,3003,522,347,2481,41467
NN007,validation,0.51,44001,816,0.01820737666510476,3003,498,318,2505,41496
NN007,validation,0.52,44066,751,0.01675703416114421,3003,465,286,2538,41528
NN007,validation,0.53,44120,697,0.015552134234776981,3003,435,262,2568,41552
NN007,validation,0.54,44181,636,0.014191043577214004,3003,402,234,2601,41580
NN007,validation,0.55,44238,579,0.012919204766048598,3003,369,210,2634,41604
NN007,validation,0.56,44292,525,0.011714304839681371,3003,336,189,2667,41625
NN007,validation,0.57,44336,481,0.010732534529308075,3003,313,168,2690,41646
NN007,validation,0.58,44372,445,0.009929267911729924,3003,294,151,2709,41663
NN007,validation,0.59,44413,404,0.009014436486154808,3003,273,131,2730,41683
NN007,validation,0.6,44457,360,0.008032666175781512,3003,248,112,2755,41702
NN007,validation,0.61,44504,313,0.006983956980610036,3003,215,98,2788,41716
NN007,validation,0.62,44538,279,0.006225316286230672,3003,194,85,2809,41729
NN007,validation,0.63,44571,246,0.0054889885534506995,3003,175,71,2828,41743
NN007,validation,0.64,44593,224,0.004998103398264051,3003,162,62,2841,41752
NN007,validation,0.65,44613,204,0.00455184416627619,3003,148,56,2855,41758
NN007,validation,0.66,44637,180,0.004016333087890756,3003,131,49,2872,41765
NN007,validation,0.67,44656,161,0.003592386817502287,3003,114,47,2889,41767
NN007,validation,0.68,44675,142,0.0031684405471138185,3003,100,42,2903,41772
NN007,validation,0.69,44696,121,0.0026998683535265637,3003,87,34,2916,41780
NN007,validation,0.7,44710,107,0.0023874868911350606,3003,78,29,2925,41785
NN007,validation,0.71,44724,93,0.002075105428743557,3003,69,24,2934,41790
NN007,validation,0.72,44733,84,0.0018742887743490194,3003,64,20,2939,41794
NN007,validation,0.73,44747,70,0.0015619073119575162,3003,54,16,2949,41798
NN007,validation,0.74,44754,63,0.0014057165807617644,3003,48,15,2955,41799
NN007,validation,0.75,44768,49,0.0010933351183702613,3003,37,12,2966,41802
NN007,validation,0.76,44777,40,0.0008925184639757235,3003,30,10,2973,41804
NN007,validation,0.77,44781,36,0.0008032666175781511,3003,27,9,2976,41805
NN007,validation,0.78,44788,29,0.0006470758863823995,3003,22,7,2981,41807
NN007,validation,0.79,44791,26,0.0005801370015842203,3003,19,7,2984,41807
NN007,validation,0.8,44796,21,0.00046857219358725484,3003,17,4,2986,41810
NN007,validation,0.81,44801,16,0.0003570073855902894,3003,15,1,2988,41813
NN007,validation,0.82,44804,13,0.00029006850079211013,3003,12,1,2991,41813
NN007,validation,0.83,44804,13,0.00029006850079211013,3003,12,1,2991,41813
NN007,validation,0.84,44804,13,0.00029006850079211013,3003,12,1,2991,41813
NN007,validation,0.85,44807,10,0.00022312961599393088,3003,9,1,2994,41813
NN007,validation,0.86,44812,5,0.00011156480799696544,3003,4,1,2999,41813
NN007,validation,0.87,44812,5,0.00011156480799696544,3003,4,1,2999,41813
NN007,validation,0.88,44812,5,0.00011156480799696544,3003,4,1,2999,41813
NN007,validation,0.89,44815,2,4.4625923198786177e-05,3003,2,0,3001,41814
NN007,validation,0.9,44815,2,4.4625923198786177e-05,3003,2,0,3001,41814
NN007,validation,0.91,44815,2,4.4625923198786177e-05,3003,2,0,3001,41814
NN007,validation,0.92,44816,1,2.2312961599393088e-05,3003,1,0,3002,41814
NN007,validation,0.93,44816,1,2.2312961599393088e-05,3003,1,0,3002,41814
NN007,validation,0.94,44817,0,0.0,3003,0,0,3003,41814
NN007,validation,0.95,44817,0,0.0,3003,0,0,3003,41814
NN007,validation,0.96,44817,0,0.0,3003,0,0,3003,41814
NN007,validation,0.97,44817,0,0.0,3003,0,0,3003,41814
NN007,validation,0.98,44817,0,0.0,3003,0,0,3003,41814
NN007,validation,0.99,44817,0,0.0,3003,0,0,3003,41814
NN008,validation,0.01,15659,29158,0.6506013343151037,3003,2890,26268,113,15546
NN008,validation,0.02,24503,20314,0.4532655019300712,3003,2725,17589,278,24225
NN008,validation,0.03,28261,16556,0.36941339223955194,3003,2634,13922,369,27892
NN008,validation,0.04,30769,14048,0.31345248454827407,3003,2526,11522,477,30292
NN008,validation,0.05,32692,12125,0.27054465939264116,3003,2433,9692,570,32122
NN008,validation,0.06,34200,10617,0.2368967133007564,3003,2323,8294,680,33520
NN008,validation,0.07,35443,9374,0.2091617020327108,3003,2232,7142,771,34672
NN008,validation,0.08,36548,8269,0.18450587946538144,3003,2137,6132,866,35682
NN008,validation,0.09,37622,7195,0.16054175870763326,3003,2042,5153,961,36661
NN008,validation,0.1,38336,6481,0.1446103041256666,3003,1973,4508,1030,37306
NN008,validation,0.11,38969,5848,0.13048619943325077,3003,1889,3959,1114,37855
NN008,validation,0.12,39427,5390,0.12026686302072874,3003,1816,3574,1187,38240
NN008,validation,0.13,39782,5035,0.1123457616529442,3003,1760,3275,1243,38539
NN008,validation,0.14,40136,4681,0.10444697324675904,3003,1696,2985,1307,38829
NN008,validation,0.15,40426,4391,0.09797621438293505,3003,1642,2749,1361,39065
NN008,validation,0.16,40636,4181,0.0932904924470625,3003,1597,2584,1406,39230
NN008,validation,0.17,40853,3964,0.0884485797799942,3003,1558,2406,1445,39408
NN008,validation,0.18,41049,3768,0.08407523930651316,3003,1515,2253,1488,39561
NN008,validation,0.19,41224,3593,0.08017047102661937,3003,1476,2117,1527,39697
NN008,validation,0.2,41378,3439,0.07673427494031283,3003,1444,1995,1559,39819
NN008,validation,0.21,41519,3298,0.0735881473547984,3003,1420,1878,1583,39936
NN008,validation,0.22,41661,3156,0.07041970680768458,3003,1376,1780,1627,40034
NN008,validation,0.23,41792,3025,0.0674967088381641,3003,1340,1685,1663,40129
NN008,validation,0.24,41932,2885,0.06437289421424906,3003,1295,1590,1708,40224
NN008,validation,0.25,42055,2762,0.061628399937523705,3003,1245,1517,1758,40297
NN008,validation,0.26,42182,2635,0.058794653814400785,3003,1198,1437,1805,40377
NN008,validation,0.27,42327,2490,0.05555927438248879,3003,1149,1341,1854,40473
NN008,validation,0.28,42443,2374,0.05297097083695919,3003,1116,1258,1887,40556
NN008,validation,0.29,42538,2279,0.050851239485016846,3003,1089,1190,1914,40624
NN008,validation,0.3,42649,2168,0.048374500747484214,3003,1054,1114,1949,40700
NN008,validation,0.31,42745,2072,0.04623245643394248,3003,1026,1046,1977,40768
NN008,validation,0.32,42830,1987,0.044335854697994066,3003,986,1001,2017,40813
NN008,validation,0.33,42934,1883,0.042015306691657185,3003,948,935,2055,40879
NN008,validation,0.34,43016,1801,0.04018564384050695,3003,912,889,2091,40925
NN008,validation,0.35,43082,1735,0.03871298837494701,3003,890,845,2113,40969
NN008,validation,0.36,43161,1656,0.03695026440859495,3003,852,804,2151,41010
NN008,validation,0.37,43233,1584,0.03534373117343865,3003,826,758,2177,41056
NN008,validation,0.38,43309,1508,0.033647946091884776,3003,804,704,2199,41110
NN008,validation,0.39,43388,1429,0.03188522212553272,3003,770,659,2233,41155
NN008,validation,0.4,43441,1376,0.03070263516076489,3003,737,639,2266,41175
NN008,validation,0.41,43506,1311,0.02925229265680434,3003,714,597,2289,41217
NN008,validation,0.42,43579,1238,0.02762344646004864,3003,681,557,2322,41257
NN008,validation,0.43,43647,1170,0.026106165071289912,3003,654,516,2349,41298
NN008,validation,0.44,43725,1092,0.02436575406653725,3003,622,470,2381,41344
NN008,validation,0.45,43790,1027,0.0229154115625767,3003,588,439,2415,41375
NN008,validation,0.46,43844,973,0.021710511636209476,3003,566,407,2437,41407
NN008,validation,0.47,43901,916,0.02043867282504407,3003,542,374,2461,41440
NN008,validation,0.48,43959,858,0.01914452105227927,3003,518,340,2485,41474
NN008,validation,0.49,44023,794,0.017716491509918112,3003,490,304,2513,41510
NN008,validation,0.5,44065,752,0.016779347122743603,3003,469,283,2534,41531
NN008,validation,0.51,44110,707,0.015775263850770913,3003,443,264,2560,41550
NN008,validation,0.52,44172,645,0.01439186023160854,3003,414,231,2589,41583
NN008,validation,0.53,44237,580,0.01294151772764799,3003,378,202,2625,41612
NN008,validation,0.54,44286,531,0.01184818260927773,3003,351,180,2652,41634
NN008,validation,0.55,44347,470,0.010487091951714751,3003,316,154,2687,41660
NN008,validation,0.56,44394,423,0.009438382756543276,3003,284,139,2719,41675
NN008,validation,0.57,44428,389,0.008679742062163912,3003,261,128,2742,41686
NN008,validation,0.58,44475,342,0.007631032866992436,3003,233,109,2770,41705
NN008,validation,0.59,44509,308,0.006872392172613071,3003,216,92,2787,41722
NN008,validation,0.6,44534,283,0.006314568132628244,3003,200,83,2803,41731
NN008,validation,0.61,44567,250,0.005578240399848272,3003,178,72,2825,41742
NN008,validation,0.62,44591,226,0.005042729321462837,3003,159,67,2844,41747
NN008,validation,0.63,44617,200,0.004462592319878617,3003,142,58,2861,41756
NN008,validation,0.64,44648,169,0.0037708905102974317,3003,122,47,2881,41767
NN008,validation,0.65,44679,138,0.003079188700716246,3003,98,40,2905,41774
NN008,validation,0.66,44686,131,0.0029229979695204944,3003,93,38,2910,41776
NN008,validation,0.67,44703,114,0.002543677622330812,3003,82,32,2921,41782
NN008,validation,0.68,44722,95,0.0021197313519423435,3003,71,24,2932,41790
NN008,validation,0.69,44739,78,0.0017404110047526608,3003,60,18,2943,41796
NN008,validation,0.7,44749,68,0.00151728138875873,3003,52,16,2951,41798
NN008,validation,0.71,44759,58,0.001294151772764799,3003,45,13,2958,41801
NN008,validation,0.72,44768,49,0.0010933351183702613,3003,36,13,2967,41801
NN008,validation,0.73,44781,36,0.0008032666175781511,3003,27,9,2976,41805
NN008,validation,0.74,44787,30,0.0006693888479817927,3003,22,8,2981,41806
NN008,validation,0.75,44791,26,0.0005801370015842203,3003,20,6,2983,41808
NN008,validation,0.76,44799,18,0.00040163330878907556,3003,15,3,2988,41811
NN008,validation,0.77,44802,15,0.00033469442399089634,3003,12,3,2991,41811
NN008,validation,0.78,44806,11,0.000245442577593324,3003,9,2,2994,41812
NN008,validation,0.79,44807,10,0.00022312961599393088,3003,8,2,2995,41812
NN008,validation,0.8,44811,6,0.00013387776959635853,3003,4,2,2999,41812
NN008,validation,0.81,44813,4,8.925184639757235e-05,3003,3,1,3000,41813
NN008,validation,0.82,44814,3,6.693888479817926e-05,3003,2,1,3001,41813
NN008,validation,0.83,44815,2,4.4625923198786177e-05,3003,2,0,3001,41814
NN008,validation,0.84,44815,2,4.4625923198786177e-05,3003,2,0,3001,41814
NN008,validation,0.85,44815,2,4.4625923198786177e-05,3003,2,0,3001,41814
NN008,validation,0.86,44816,1,2.2312961599393088e-05,3003,1,0,3002,41814
NN008,validation,0.87,44816,1,2.2312961599393088e-05,3003,1,0,3002,41814
NN008,validation,0.88,44816,1,2.2312961599393088e-05,3003,1,0,3002,41814
NN008,validation,0.89,44816,1,2.2312961599393088e-05,3003,1,0,3002,41814
NN008,validation,0.9,44816,1,2.2312961599393088e-05,3003,1,0,3002,41814
NN008,validation,0.91,44816,1,2.2312961599393088e-05,3003,1,0,3002,41814
NN008,validation,0.92,44816,1,2.2312961599393088e-05,3003,1,0,3002,41814
NN008,validation,0.93,44816,1,2.2312961599393088e-05,3003,1,0,3002,41814
NN008,validation,0.94,44816,1,2.2312961599393088e-05,3003,1,0,3002,41814
NN008,validation,0.95,44817,0,0.0,3003,0,0,3003,41814
NN008,validation,0.96,44817,0,0.0,3003,0,0,3003,41814
NN008,validation,0.97,44817,0,0.0,3003,0,0,3003,41814
NN008,validation,0.98,44817,0,0.0,3003,0,0,3003,41814
NN008,validation,0.99,44817,0,0.0,3003,0,0,3003,41814
NN009,validation,0.01,13090,31727,0.7079233326639445,3003,2919,28808,84,13006
NN009,validation,0.02,21622,23195,0.5175491442979226,3003,2792,20403,211,21411
NN009,validation,0.03,25478,19339,0.4315103643706629,3003,2701,16638,302,25176
NN009,validation,0.04,28138,16679,0.3721578865162773,3003,2619,14060,384,27754
NN009,validation,0.05,30326,14491,0.32333712653680524,3003,2553,11938,450,29876
NN009,validation,0.06,32150,12667,0.28263828457951223,3003,2469,10198,534,31616
NN009,validation,0.07,33649,11168,0.249191155142022,3003,2372,8796,631,33018
NN009,validation,0.08,34844,9973,0.22252716603074726,3003,2278,7695,725,34119
NN009,validation,0.09,36109,8708,0.194301269607515,3003,2172,6536,831,35278
NN009,validation,0.1,37021,7796,0.1739518486288685,3003,2103,5693,900,36121
NN009,validation,0.11,37736,7081,0.15799808108530244,3003,2019,5062,984,36752
NN009,validation,0.12,38411,6406,0.1429368320057121,3003,1953,4453,1050,37361
NN009,validation,0.13,38913,5904,0.1317357252828168,3003,1893,4011,1110,37803
NN009,validation,0.14,39344,5473,0.12211883883347836,3003,1829,3644,1174,38170
NN009,validation,0.15,39713,5104,0.11388535600330232,3003,1766,3338,1237,38476
NN009,validation,0.16,40001,4816,0.1074592230626771,3003,1713,3103,1290,38711
NN009,validation,0.17,40235,4582,0.10223799004841913,3003,1664,2918,1339,38896
NN009,validation,0.18,40492,4325,0.09650355891737511,3003,1618,2707,1385,39107
NN009,validation,0.19,40700,4117,0.09186246290470135,3003,1580,2537,1423,39277
NN009,validation,0.2,40888,3929,0.08766762612401544,3003,1542,2387,1461,39427
NN009,validation,0.21,41056,3761,0.0839190485753174,3003,1508,2253,1495,39561
NN009,validation,0.22,41223,3594,0.08019278398821876,3003,1475,2119,1528,39695
NN009,validation,0.23,41372,3445,0.07686815270990918,3003,1446,1999,1557,39815
NN009,validation,0.24,41537,3280,0.07318651404600933,3003,1400,1880,1603,39934
NN009,validation,0.25,41682,3135,0.06995113461409733,3003,1358,1777,1645,40037
NN009,validation,0.26,41814,3003,0.06700582368297744,3003,1324,1679,1679,40135
NN009,validation,0.27,41926,2891,0.06450677198384541,3003,1284,1607,1719,40207
NN009,validation,0.28,42049,2768,0.06176227770712007,3003,1243,1525,1760,40289
NN009,validation,0.29,42182,2635,0.058794653814400785,3003,1208,1427,1795,40387
NN009,validation,0.3,42303,2514,0.05609478546087422,3003,1165,1349,1838,40465
NN009,validation,0.31,42413,2404,0.053640359684940984,3003,1140,1264,1863,40550
NN009,validation,0.32,42511,2306,0.05145368944820046,3003,1110,1196,1893,40618
NN009,validation,0.33,42622,2195,0.04897695071066783,3003,1080,1115,1923,40699
NN009,validation,0.34,42732,2085,0.046522524934734584,3003,1039,1046,1964,40768
NN009,validation,0.35,42815,2002,0.04467054912198496,3003,1012,990,1991,40824
NN009,validation,0.36,42896,1921,0.04286319923243412,3003,981,940,2022,40874
NN009,validation,0.37,42978,1839,0.04103353638128389,3003,945,894,2058,40920
NN009,validation,0.38,43059,1758,0.039226186491733046,3003,921,837,2082,40977
NN009,validation,0.39,43127,1690,0.03770890510297432,3003,890,800,2113,41014
NN009,validation,0.4,43201,1616,0.03605774594461923,3003,859,757,2144,41057
NN009,validation,0.41,43268,1549,0.03456277751745989,3003,836,713,2167,41101
NN009,validation,0.42,43339,1478,0.03297855724390299,3003,811,667,2192,41147
NN009,validation,0.43,43404,1413,0.03152821473994243,3003,784,629,2219,41185
NN009,validation,0.44,43482,1335,0.029787803735189772,3003,750,585,2253,41229
NN009,validation,0.45,43553,1264,0.02820358346163286,3003,719,545,2284,41269
NN009,validation,0.46,43617,1200,0.026775553919271704,3003,688,512,2315,41302
NN009,validation,0.47,43683,1134,0.02530289845371176,3003,647,487,2356,41327
NN009,validation,0.48,43753,1064,0.023740991141754247,3003,618,446,2385,41368
NN009,validation,0.49,43813,1004,0.02240221344579066,3003,585,419,2418,41395
NN009,validation,0.5,43875,942,0.02101880982662829,3003,562,380,2441,41434
NN009,validation,0.51,43940,877,0.01956846732266774,3003,531,346,2472,41468
NN009,validation,0.52,43995,822,0.018341254434701117,3003,507,315,2496,41499
NN009,validation,0.53,44056,761,0.016980163777138138,3003,474,287,2529,41527
NN009,validation,0.54,44116,701,0.015641386081174553,3003,444,257,2559,41557
NN009,validation,0.55,44179,638,0.01423566950041279,3003,414,224,2589,41590
NN009,validation,0.56,44246,571,0.012740701073253454,3003,373,198,2630,41616
NN009,validation,0.57,44301,516,0.011513488185286833,3003,342,174,2661,41640
NN009,validation,0.58,44349,468,0.010442466028515965,3003,316,152,2687,41662
NN009,validation,0.59,44396,421,0.00939375683334449,3003,281,140,2722,41674
NN009,validation,0.6,44436,381,0.008501238369368766,3003,254,127,2749,41687
NN009,validation,0.61,44480,337,0.0075194680589954705,3003,232,105,2771,41709
NN009,validation,0.62,44526,291,0.006493071825423388,3003,201,90,2802,41724
NN009,validation,0.63,44551,266,0.005935247785438562,3003,185,81,2818,41733
NN009,validation,0.64,44581,236,0.0052658589374567685,3003,167,69,2836,41745
NN009,validation,0.65,44611,206,0.004596470089474976,3003,148,58,2855,41756
NN009,validation,0.66,44643,174,0.0038824553182943973,3003,127,47,2876,41767
NN009,validation,0.67,44668,149,0.00332463127830957,3003,108,41,2895,41773
NN009,validation,0.68,44697,120,0.0026775553919271707,3003,89,31,2914,41783
NN009,validation,0.69,44712,105,0.002342860967936274,3003,78,27,2925,41787
NN009,validation,0.7,44736,81,0.00180734988955084,3003,63,18,2940,41796
NN009,validation,0.71,44754,63,0.0014057165807617644,3003,49,14,2954,41800
NN009,validation,0.72,44768,49,0.0010933351183702613,3003,38,11,2965,41803
NN009,validation,0.73,44777,40,0.0008925184639757235,3003,32,8,2971,41806
NN009,validation,0.74,44784,33,0.0007363277327799718,3003,27,6,2976,41808
NN009,validation,0.75,44787,30,0.0006693888479817927,3003,24,6,2979,41808
NN009,validation,0.76,44790,27,0.0006024499631836134,3003,21,6,2982,41808
NN009,validation,0.77,44798,19,0.00042394627038846864,3003,13,6,2990,41808
NN009,validation,0.78,44804,13,0.00029006850079211013,3003,7,6,2996,41808
NN009,validation,0.79,44808,9,0.00020081665439453778,3003,5,4,2998,41810
NN009,validation,0.8,44812,5,0.00011156480799696544,3003,3,2,3000,41812
NN009,validation,0.81,44813,4,8.925184639757235e-05,3003,2,2,3001,41812
NN009,validation,0.82,44816,1,2.2312961599393088e-05,3003,1,0,3002,41814
NN009,validation,0.83,44816,1,2.2312961599393088e-05,3003,1,0,3002,41814
NN009,validation,0.84,44816,1,2.2312961599393088e-05,3003,1,0,3002,41814
NN009,validation,0.85,44816,1,2.2312961599393088e-05,3003,1,0,3002,41814
NN009,validation,0.86,44816,1,2.2312961599393088e-05,3003,1,0,3002,41814
NN009,validation,0.87,44816,1,2.2312961599393088e-05,3003,1,0,3002,41814
NN009,validation,0.88,44817,0,0.0,3003,0,0,3003,41814
NN009,validation,0.89,44817,0,0.0,3003,0,0,3003,41814
NN009,validation,0.9,44817,0,0.0,3003,0,0,3003,41814
NN009,validation,0.91,44817,0,0.0,3003,0,0,3003,41814
NN009,validation,0.92,44817,0,0.0,3003,0,0,3003,41814
NN009,validation,0.93,44817,0,0.0,3003,0,0,3003,41814
NN009,validation,0.94,44817,0,0.0,3003,0,0,3003,41814
NN009,validation,0.95,44817,0,0.0,3003,0,0,3003,41814
NN009,validation,0.96,44817,0,0.0,3003,0,0,3003,41814
NN009,validation,0.97,44817,0,0.0,3003,0,0,3003,41814
NN009,validation,0.98,44817,0,0.0,3003,0,0,3003,41814
NN009,validation,0.99,44817,0,0.0,3003,0,0,3003,41814
NN010,validation,0.01,3592,41225,0.91985184193498,3003,2991,38234,12,3580
NN010,validation,0.02,16950,27867,0.6217953008902871,3003,2860,25007,143,16807
NN010,validation,0.03,22940,21877,0.4881406609099226,3003,2746,19131,257,22683
NN010,validation,0.04,26687,18130,0.40453399379699667,3003,2647,15483,356,26331
NN010,validation,0.05,29352,15465,0.3450699511346141,3003,2565,12900,438,28914
NN010,validation,0.06,31343,13474,0.30064484459022245,3003,2481,10993,522,30821
NN010,validation,0.07,32905,11912,0.26579199857197044,3003,2390,9522,613,32292
NN010,validation,0.08,34256,10561,0.2356471874511904,3003,2292,8269,711,33545
NN010,validation,0.09,35402,9415,0.21007653345828592,3003,2212,7203,791,34611
NN010,validation,0.1,36271,8546,0.19068656982841334,3003,2151,6395,852,35419
NN010,validation,0.11,36997,7820,0.17448735970725393,3003,2070,5750,933,36064
NN010,validation,0.12,37607,7210,0.16087645313162416,3003,2019,5191,984,36623
NN010,validation,0.13,38130,6687,0.14920677421514159,3003,1955,4732,1048,37082
NN010,validation,0.14,38592,6225,0.13889818595622197,3003,1894,4331,1109,37483
NN010,validation,0.15,39000,5817,0.1297944976236696,3003,1852,3965,1151,37849
NN010,validation,0.16,39341,5476,0.12218577771827654,3003,1790,3686,1213,38128
NN010,validation,0.17,39649,5168,0.11531338554566348,3003,1748,3420,1255,38394
NN010,validation,0.18,39912,4905,0.10944507664502309,3003,1710,3195,1293,38619
NN010,validation,0.19,40152,4665,0.10408996586116875,3003,1664,3001,1339,38813
NN010,validation,0.2,40394,4423,0.09869022915411563,3003,1620,2803,1383,39011
NN010,validation,0.21,40600,4217,0.09409375906464065,3003,1583,2634,1420,39180
NN010,validation,0.22,40796,4021,0.0897204185911596,3003,1542,2479,1461,39335
NN010,validation,0.23,41009,3808,0.08496775777048887,3003,1495,2313,1508,39501
NN010,validation,0.24,41193,3624,0.08086217283620055,3003,1453,2171,1550,39643
NN010,validation,0.25,41346,3471,0.07744828971149341,3003,1417,2054,1586,39760
NN010,validation,0.26,41481,3336,0.07443603989557535,3003,1392,1944,1611,39870
NN010,validation,0.27,41612,3205,0.07151304192605484,3003,1365,1840,1638,39974
NN010,validation,0.28,41744,3073,0.06856773099493496,3003,1321,1752,1682,40062
NN010,validation,0.29,41844,2973,0.06633643483499566,3003,1290,1683,1713,40131
NN010,validation,0.3,41974,2843,0.06343574982707455,3003,1255,1588,1748,40226
NN010,validation,0.31,42071,2746,0.06127139255193342,3003,1219,1527,1784,40287
NN010,validation,0.32,42172,2645,0.05901778343039472,3003,1188,1457,1815,40357
NN010,validation,0.33,42252,2565,0.05723274650244327,3003,1168,1397,1835,40417
NN010,validation,0.34,42351,2466,0.05502376330410336,3003,1142,1324,1861,40490
NN010,validation,0.35,42452,2365,0.05277015418256465,3003,1116,1249,1887,40565
NN010,validation,0.36,42546,2271,0.0506727357922217,3003,1085,1186,1918,40628
NN010,validation,0.37,42623,2194,0.048954637749068435,3003,1062,1132,1941,40682
NN010,validation,0.38,42715,2102,0.04690184528192427,3003,1039,1063,1964,40751
NN010,validation,0.39,42790,2027,0.04522837316196979,3003,1007,1020,1996,40794
NN010,validation,0.4,42861,1956,0.04364415288841288,3003,980,976,2023,40838
NN010,validation,0.41,42934,1883,0.042015306691657185,3003,955,928,2048,40886
NN010,validation,0.42,42999,1818,0.04056496418769663,3003,932,886,2071,40928
NN010,validation,0.43,43081,1736,0.0387353013365464,3003,907,829,2096,40985
NN010,validation,0.44,43160,1657,0.03697257737019435,3003,881,776,2122,41038
NN010,validation,0.45,43221,1596,0.03561148671263137,3003,858,738,2145,41076
NN010,validation,0.46,43300,1517,0.033848762746279314,3003,822,695,2181,41119
NN010,validation,0.47,43371,1446,0.0322645424727224,3003,794,652,2209,41162
NN010,validation,0.48,43443,1374,0.030658009237566102,3003,762,612,2241,41202
NN010,validation,0.49,43507,1310,0.029229979695204945,3003,743,567,2260,41247
NN010,validation,0.5,43570,1247,0.02782426311444318,3003,717,530,2286,41284
NN010,validation,0.51,43658,1159,0.02586072249369659,3003,674,485,2329,41329
NN010,validation,0.52,43738,1079,0.02407568556574514,3003,639,440,2364,41374
NN010,validation,0.53,43812,1005,0.022424526407390052,3003,606,399,2397,41415
NN010,validation,0.54,43907,910,0.02030479505544771,3003,551,359,2452,41455
NN010,validation,0.55,43988,829,0.01849744516589687,3003,518,311,2485,41503
NN010,validation,0.56,44075,742,0.01655621750674967,3003,466,276,2537,41538
NN010,validation,0.57,44163,654,0.014592676886003079,3003,422,232,2581,41582
NN010,validation,0.58,44260,557,0.01242831961086195,3003,374,183,2629,41631
NN010,validation,0.59,44350,467,0.010420153066916573,3003,318,149,2685,41665
NN010,validation,0.6,44437,380,0.008478925407769374,3003,265,115,2738,41699
NN010,validation,0.61,44528,289,0.006448445902224602,3003,201,88,2802,41726
NN010,validation,0.62,44643,174,0.0038824553182943973,3003,136,38,2867,41776
NN010,validation,0.63,44695,122,0.0027221813151259567,3003,97,25,2906,41789
NN010,validation,0.64,44735,82,0.001829662851150233,3003,66,16,2937,41798
NN010,validation,0.65,44753,64,0.0014280295423611577,3003,51,13,2952,41801
NN010,validation,0.66,44782,35,0.0007809536559787581,3003,29,6,2974,41808
NN010,validation,0.67,44797,20,0.00044625923198786177,3003,18,2,2985,41812
NN010,validation,0.68,44806,11,0.000245442577593324,3003,11,0,2992,41814
NN010,validation,0.69,44813,4,8.925184639757235e-05,3003,4,0,2999,41814
NN010,validation,0.7,44817,0,0.0,3003,0,0,3003,41814
NN010,validation,0.71,44817,0,0.0,3003,0,0,3003,41814
NN010,validation,0.72,44817,0,0.0,3003,0,0,3003,41814
NN010,validation,0.73,44817,0,0.0,3003,0,0,3003,41814
NN010,validation,0.74,44817,0,0.0,3003,0,0,3003,41814
NN010,validation,0.75,44817,0,0.0,3003,0,0,3003,41814
NN010,validation,0.76,44817,0,0.0,3003,0,0,3003,41814
NN010,validation,0.77,44817,0,0.0,3003,0,0,3003,41814
NN010,validation,0.78,44817,0,0.0,3003,0,0,3003,41814
NN010,validation,0.79,44817,0,0.0,3003,0,0,3003,41814
NN010,validation,0.8,44817,0,0.0,3003,0,0,3003,41814
NN010,validation,0.81,44817,0,0.0,3003,0,0,3003,41814
NN010,validation,0.82,44817,0,0.0,3003,0,0,3003,41814
NN010,validation,0.83,44817,0,0.0,3003,0,0,3003,41814
NN010,validation,0.84,44817,0,0.0,3003,0,0,3003,41814
NN010,validation,0.85,44817,0,0.0,3003,0,0,3003,41814
NN010,validation,0.86,44817,0,0.0,3003,0,0,3003,41814
NN010,validation,0.87,44817,0,0.0,3003,0,0,3003,41814
NN010,validation,0.88,44817,0,0.0,3003,0,0,3003,41814
NN010,validation,0.89,44817,0,0.0,3003,0,0,3003,41814
NN010,validation,0.9,44817,0,0.0,3003,0,0,3003,41814
NN010,validation,0.91,44817,0,0.0,3003,0,0,3003,41814
NN010,validation,0.92,44817,0,0.0,3003,0,0,3003,41814
NN010,validation,0.93,44817,0,0.0,3003,0,0,3003,41814
NN010,validation,0.94,44817,0,0.0,3003,0,0,3003,41814
NN010,validation,0.95,44817,0,0.0,3003,0,0,3003,41814
NN010,validation,0.96,44817,0,0.0,3003,0,0,3003,41814
NN010,validation,0.97,44817,0,0.0,3003,0,0,3003,41814
NN010,validation,0.98,44817,0,0.0,3003,0,0,3003,41814
NN010,validation,0.99,44817,0,0.0,3003,0,0,3003,41814
NN011,validation,0.01,6044,38773,0.8651404600932682,3003,2973,35800,30,6014
NN011,validation,0.02,19188,25629,0.5718588928308455,3003,2825,22804,178,19010
NN011,validation,0.03,25177,19640,0.43822656581208025,3003,2695,16945,308,24869
NN011,validation,0.04,28478,16339,0.36457147957248365,3003,2586,13753,417,28061
NN011,validation,0.05,30836,13981,0.3119575161211148,3003,2474,11507,529,30307
NN011,validation,0.06,32661,12156,0.2712363612022224,3003,2386,9770,617,32044
NN011,validation,0.07,33985,10832,0.24169400004462593,3003,2311,8521,692,33293
NN011,validation,0.08,35186,9631,0.21489613316375483,3003,2219,7412,784,34402
NN011,validation,0.09,36286,8531,0.19035187540442242,3003,2127,6404,876,35410
NN011,validation,0.1,37311,7506,0.16748108976504453,3003,2043,5463,960,36351
NN011,validation,0.11,38153,6664,0.14869357609835554,3003,1964,4700,1039,37114
NN011,validation,0.12,38809,6008,0.13405627328915368,3003,1879,4129,1124,37685
NN011,validation,0.13,39314,5503,0.12278822768146017,3003,1808,3695,1195,38119
NN011,validation,0.14,39728,5089,0.11355066157931142,3003,1742,3347,1261,38467
NN011,validation,0.15,40083,4734,0.10562956021152688,3003,1675,3059,1328,38755
NN011,validation,0.16,40368,4449,0.09927036615569984,3003,1627,2822,1376,38992
NN011,validation,0.17,40637,4180,0.0932681794854631,3003,1579,2601,1424,39213
NN011,validation,0.18,40848,3969,0.08856014458799116,3003,1525,2444,1478,39370
NN011,validation,0.19,41068,3749,0.08365129303612469,3003,1481,2268,1522,39546
NN011,validation,0.2,41261,3556,0.07934489144744182,3003,1433,2123,1570,39691
NN011,validation,0.21,41436,3381,0.07544012316754803,3003,1388,1993,1615,39821
NN011,validation,0.22,41609,3208,0.07157998081085302,3003,1345,1863,1658,39951
NN011,validation,0.23,41748,3069,0.06847847914853739,3003,1308,1761,1695,40053
NN011,validation,0.24,41893,2924,0.06524309971662538,3003,1260,1664,1743,40150
NN011,validation,0.25,42031,2786,0.062163911015909144,3003,1226,1560,1777,40254
NN011,validation,0.26,42158,2659,0.05933016489278622,3003,1189,1470,1814,40344
NN011,validation,0.27,42277,2540,0.05667492246245844,3003,1154,1386,1849,40428
NN011,validation,0.28,42360,2457,0.05482294664970882,3003,1128,1329,1875,40485
NN011,validation,0.29,42460,2357,0.052591650489769506,3003,1092,1265,1911,40549
NN011,validation,0.3,42568,2249,0.05018185063703506,3003,1065,1184,1938,40630
NN011,validation,0.31,42646,2171,0.048441439632282396,3003,1037,1134,1966,40680
NN011,validation,0.32,42729,2088,0.046589463819532766,3003,1008,1080,1995,40734
NN011,validation,0.33,42816,2001,0.04464823616038557,3003,974,1027,2029,40787
NN011,validation,0.34,42889,1928,0.043019389963629875,3003,944,984,2059,40830
NN011,validation,0.35,42961,1856,0.04141285672847357,3003,930,926,2073,40888
NN011,validation,0.36,43051,1766,0.03940469018452819,3003,899,867,2104,40947
NN011,validation,0.37,43122,1695,0.03782046991097128,3003,874,821,2129,40993
NN011,validation,0.38,43186,1631,0.03639244036861013,3003,855,776,2148,41038
NN011,validation,0.39,43259,1558,0.03476359417185443,3003,831,727,2172,41087
NN011,validation,0.4,43315,1502,0.03351406832228842,3003,807,695,2196,41119
NN011,validation,0.41,43385,1432,0.0319521610103309,3003,785,647,2218,41167
NN011,validation,0.42,43451,1366,0.030479505544770958,3003,756,610,2247,41204
NN011,validation,0.43,43525,1292,0.02882834638641587,3003,725,567,2278,41247
NN011,validation,0.44,43587,1230,0.027444942767253497,3003,698,532,2305,41282
NN011,validation,0.45,43648,1169,0.026083852109690518,3003,666,503,2337,41311
NN011,validation,0.46,43732,1085,0.0242095633353415,3003,622,463,2381,41351
NN011,validation,0.47,43807,1010,0.02253609121538702,3003,592,418,2411,41396
NN011,validation,0.48,43873,944,0.021063435749827074,3003,561,383,2442,41431
NN011,validation,0.49,43929,888,0.01981390990026106,3003,534,354,2469,41460
NN011,validation,0.5,43980,837,0.018675948858692015,3003,507,330,2496,41484
NN011,validation,0.51,44036,781,0.017426423009126002,3003,477,304,2526,41510
NN011,validation,0.52,44092,725,0.01617689715955999,3003,451,274,2552,41540
NN011,validation,0.53,44151,666,0.014860432425195797,3003,419,247,2584,41567
NN011,validation,0.54,44196,621,0.013856349153223107,3003,391,230,2612,41584
NN011,validation,0.55,44263,554,0.01236138072606377,3003,359,195,2644,41619
NN011,validation,0.56,44307,510,0.011379610415690475,3003,335,175,2668,41639
NN011,validation,0.57,44352,465,0.010375527143717785,3003,307,158,2696,41656
NN011,validation,0.58,44397,420,0.009371443871745096,3003,283,137,2720,41677
NN011,validation,0.59,44426,391,0.008724367985362698,3003,262,129,2741,41685
NN011,validation,0.6,44470,347,0.0077425976749894015,3003,231,116,2772,41698
NN011,validation,0.61,44520,297,0.006626949595019747,3003,200,97,2803,41717
NN011,validation,0.62,44553,264,0.005890621862239775,3003,181,83,2822,41731
NN011,validation,0.63,44590,227,0.005065042283062231,3003,156,71,2847,41743
NN011,validation,0.64,44635,182,0.004060959011089542,3003,127,55,2876,41759
NN011,validation,0.65,44671,146,0.003257692393511391,3003,102,44,2901,41770
NN011,validation,0.66,44706,111,0.0024767387375326327,3003,81,30,2922,41784
NN011,validation,0.67,44730,87,0.0019412276591471986,3003,66,21,2937,41793
NN011,validation,0.68,44746,71,0.0015842202735569092,3003,57,14,2946,41800
NN011,validation,0.69,44762,55,0.0012272128879666198,3003,43,12,2960,41802
NN011,validation,0.7,44776,41,0.0009148314255751166,3003,33,8,2970,41806
NN011,validation,0.71,44789,28,0.0006247629247830064,3003,22,6,2981,41808
NN011,validation,0.72,44798,19,0.00042394627038846864,3003,15,4,2988,41810
NN011,validation,0.73,44806,11,0.000245442577593324,3003,9,2,2994,41812
NN011,validation,0.74,44811,6,0.00013387776959635853,3003,6,0,2997,41814
NN011,validation,0.75,44813,4,8.925184639757235e-05,3003,4,0,2999,41814
NN011,validation,0.76,44815,2,4.4625923198786177e-05,3003,2,0,3001,41814
NN011,validation,0.77,44815,2,4.4625923198786177e-05,3003,2,0,3001,41814
NN011,validation,0.78,44815,2,4.4625923198786177e-05,3003,2,0,3001,41814
NN011,validation,0.79,44817,0,0.0,3003,0,0,3003,41814
NN011,validation,0.8,44817,0,0.0,3003,0,0,3003,41814
NN011,validation,0.81,44817,0,0.0,3003,0,0,3003,41814
NN011,validation,0.82,44817,0,0.0,3003,0,0,3003,41814
NN011,validation,0.83,44817,0,0.0,3003,0,0,3003,41814
NN011,validation,0.84,44817,0,0.0,3003,0,0,3003,41814
NN011,validation,0.85,44817,0,0.0,3003,0,0,3003,41814
NN011,validation,0.86,44817,0,0.0,3003,0,0,3003,41814
NN011,validation,0.87,44817,0,0.0,3003,0,0,3003,41814
NN011,validation,0.88,44817,0,0.0,3003,0,0,3003,41814
NN011,validation,0.89,44817,0,0.0,3003,0,0,3003,41814
NN011,validation,0.9,44817,0,0.0,3003,0,0,3003,41814
NN011,validation,0.91,44817,0,0.0,3003,0,0,3003,41814
NN011,validation,0.92,44817,0,0.0,3003,0,0,3003,41814
NN011,validation,0.93,44817,0,0.0,3003,0,0,3003,41814
NN011,validation,0.94,44817,0,0.0,3003,0,0,3003,41814
NN011,validation,0.95,44817,0,0.0,3003,0,0,3003,41814
NN011,validation,0.96,44817,0,0.0,3003,0,0,3003,41814
NN011,validation,0.97,44817,0,0.0,3003,0,0,3003,41814
NN011,validation,0.98,44817,0,0.0,3003,0,0,3003,41814
NN011,validation,0.99,44817,0,0.0,3003,0,0,3003,41814
NN012,validation,0.01,7674,37143,0.8287703326862574,3003,2964,34179,39,7635
NN012,validation,0.02,19304,25513,0.5692705892853158,3003,2827,22686,176,19128
NN012,validation,0.03,24819,19998,0.44621460606466296,3003,2695,17303,308,24511
NN012,validation,0.04,27951,16866,0.3763304103353638,3003,2596,14270,407,27544
NN012,validation,0.05,30191,14626,0.3263493763527233,3003,2498,12128,505,29686
NN012,validation,0.06,31863,12954,0.28904210455853807,3003,2434,10520,569,31294
NN012,validation,0.07,33217,11600,0.25883035455295983,3003,2353,9247,650,32567
NN012,validation,0.08,34417,10400,0.2320548006336881,3003,2281,8119,722,33695
NN012,validation,0.09,35437,9380,0.20929557980230715,3003,2212,7168,791,34646
NN012,validation,0.1,36356,8461,0.1887899680924649,3003,2129,6332,874,35482
NN012,validation,0.11,37153,7664,0.17100653769774862,3003,2047,5617,956,36197
NN012,validation,0.12,37960,6857,0.1529999776870384,3003,1972,4885,1031,36929
NN012,validation,0.13,38607,6210,0.13856349153223108,3003,1888,4322,1115,37492
NN012,validation,0.14,39104,5713,0.12747394961733272,3003,1835,3878,1168,37936
NN012,validation,0.15,39510,5307,0.11841488720797912,3003,1783,3524,1220,38290
NN012,validation,0.16,39842,4975,0.11100698395698061,3003,1740,3235,1263,38579
NN012,validation,0.17,40134,4683,0.10449159916995783,3003,1684,2999,1319,38815
NN012,validation,0.18,40380,4437,0.09900261061650713,3003,1639,2798,1364,39016
NN012,validation,0.19,40601,4216,0.09407144610304126,3003,1590,2626,1413,39188
NN012,validation,0.2,40837,3980,0.08880558716558448,3003,1543,2437,1460,39377
NN012,validation,0.21,41025,3792,0.08461075038489858,3003,1496,2296,1507,39518
NN012,validation,0.22,41221,3596,0.08023740991141755,3003,1443,2153,1560,39661
NN012,validation,0.23,41391,3426,0.07644420643952071,3003,1393,2033,1610,39781
NN012,validation,0.24,41553,3264,0.07282950666041904,3003,1355,1909,1648,39905
NN012,validation,0.25,41723,3094,0.06903630318852222,3003,1310,1784,1693,40030
NN012,validation,0.26,41851,2966,0.0661802441037999,3003,1276,1690,1727,40124
NN012,validation,0.27,41987,2830,0.06314568132628244,3003,1244,1586,1759,40228
NN012,validation,0.28,42103,2714,0.06055737778075284,3003,1211,1503,1792,40311
NN012,validation,0.29,42214,2603,0.05808063904322021,3003,1173,1430,1830,40384
NN012,validation,0.3,42330,2487,0.05549233549769061,3003,1133,1354,1870,40460
NN012,validation,0.31,42425,2392,0.053372604145748265,3003,1101,1291,1902,40523
NN012,validation,0.32,42516,2301,0.0513421246402035,3003,1072,1229,1931,40585
NN012,validation,0.33,42589,2228,0.0497132784434478,3003,1049,1179,1954,40635
NN012,validation,0.34,42672,2145,0.047861302630698176,3003,1019,1126,1984,40688
NN012,validation,0.35,42743,2074,0.046277082357141265,3003,993,1081,2010,40733
NN012,validation,0.36,42817,2000,0.04462592319878617,3003,970,1030,2033,40784
NN012,validation,0.37,42890,1927,0.04299707700203048,3003,952,975,2051,40839
NN012,validation,0.38,42967,1850,0.041278978958877215,3003,923,927,2080,40887
NN012,validation,0.39,43037,1780,0.0397170716469197,3003,909,871,2094,40943
NN012,validation,0.4,43105,1712,0.03819979025816097,3003,878,834,2125,40980
NN012,validation,0.41,43162,1655,0.03692795144699556,3003,862,793,2141,41021
NN012,validation,0.42,43237,1580,0.03525447932704108,3003,835,745,2168,41069
NN012,validation,0.43,43303,1514,0.03378182386148113,3003,813,701,2190,41113
NN012,validation,0.44,43368,1449,0.032331481357520585,3003,789,660,2214,41154
NN012,validation,0.45,43434,1383,0.03085882589196064,3003,763,620,2240,41194
NN012,validation,0.46,43508,1309,0.02920766673360555,3003,733,576,2270,41238
NN012,validation,0.47,43579,1238,0.02762344646004864,3003,699,539,2304,41275
NN012,validation,0.48,43637,1180,0.026329294687283844,3003,667,513,2336,41301
NN012,validation,0.49,43697,1120,0.02499051699132026,3003,640,480,2363,41334
NN012,validation,0.5,43746,1071,0.023897181872949997,3003,620,451,2383,41363
NN012,validation,0.51,43799,1018,0.022714594908182163,3003,598,420,2405,41394
NN012,validation,0.52,43861,956,0.02133119128901979,3003,569,387,2434,41427
NN012,validation,0.53,43899,918,0.020483298748242854,3003,554,364,2449,41450
NN012,validation,0.54,43951,866,0.019323024745074413,3003,532,334,2471,41480
NN012,validation,0.55,44007,810,0.0180734988955084,3003,502,308,2501,41506
NN012,validation,0.56,44062,755,0.01684628600754178,3003,469,286,2534,41528
NN012,validation,0.57,44113,704,0.015708324965972735,3003,442,262,2561,41552
NN012,validation,0.58,44157,660,0.014726554655599437,3003,423,237,2580,41577
NN012,validation,0.59,44214,603,0.013454715844434032,3003,390,213,2613,41601
NN012,validation,0.6,44255,562,0.012539884418858916,3003,365,197,2638,41617
NN012,validation,0.61,44290,527,0.011758930762880157,3003,346,181,2657,41633
NN012,validation,0.62,44333,484,0.010799473414106255,3003,318,166,2685,41648
NN012,validation,0.63,44369,448,0.009996206796528103,3003,298,150,2705,41664
NN012,validation,0.64,44408,409,0.009126001294151772,3003,271,138,2732,41676
NN012,validation,0.65,44450,367,0.008188856906977264,3003,245,122,2758,41692
NN012,validation,0.66,44487,330,0.0073632773277997185,3003,219,111,2784,41703
NN012,validation,0.67,44520,297,0.006626949595019747,3003,202,95,2801,41719
NN012,validation,0.68,44556,261,0.005823682977441596,3003,177,84,2826,41730
NN012,validation,0.69,44594,223,0.004975790436664658,3003,149,74,2854,41740
NN012,validation,0.7,44617,200,0.004462592319878617,3003,135,65,2868,41749
NN012,validation,0.71,44661,156,0.0034808220095053216,3003,108,48,2895,41766
NN012,validation,0.72,44699,118,0.0026329294687283842,3003,83,35,2920,41779
NN012,validation,0.73,44724,93,0.002075105428743557,3003,69,24,2934,41790
NN012,validation,0.74,44741,76,0.0016957850815538745,3003,56,20,2947,41794
NN012,validation,0.75,44753,64,0.0014280295423611577,3003,46,18,2957,41796
NN012,validation,0.76,44763,54,0.0012048999263672268,3003,40,14,2963,41800
NN012,validation,0.77,44780,37,0.0008255795791775443,3003,29,8,2974,41806
NN012,validation,0.78,44787,30,0.0006693888479817927,3003,23,7,2980,41807
NN012,validation,0.79,44797,20,0.00044625923198786177,3003,17,3,2986,41811
NN012,validation,0.8,44801,16,0.0003570073855902894,3003,13,3,2990,41811
NN012,validation,0.81,44801,16,0.0003570073855902894,3003,13,3,2990,41811
NN012,validation,0.82,44802,15,0.00033469442399089634,3003,12,3,2991,41811
NN012,validation,0.83,44803,14,0.0003123814623915032,3003,11,3,2992,41811
NN012,validation,0.84,44805,12,0.00026775553919271706,3003,9,3,2994,41811
NN012,validation,0.85,44805,12,0.00026775553919271706,3003,9,3,2994,41811
NN012,validation,0.86,44812,5,0.00011156480799696544,3003,3,2,3000,41812
NN012,validation,0.87,44813,4,8.925184639757235e-05,3003,3,1,3000,41813
NN012,validation,0.88,44816,1,2.2312961599393088e-05,3003,1,0,3002,41814
NN012,validation,0.89,44816,1,2.2312961599393088e-05,3003,1,0,3002,41814
NN012,validation,0.9,44817,0,0.0,3003,0,0,3003,41814
NN012,validation,0.91,44817,0,0.0,3003,0,0,3003,41814
NN012,validation,0.92,44817,0,0.0,3003,0,0,3003,41814
NN012,validation,0.93,44817,0,0.0,3003,0,0,3003,41814
NN012,validation,0.94,44817,0,0.0,3003,0,0,3003,41814
NN012,validation,0.95,44817,0,0.0,3003,0,0,3003,41814
NN012,validation,0.96,44817,0,0.0,3003,0,0,3003,41814
NN012,validation,0.97,44817,0,0.0,3003,0,0,3003,41814
NN012,validation,0.98,44817,0,0.0,3003,0,0,3003,41814
NN012,validation,0.99,44817,0,0.0,3003,0,0,3003,41814
NN013,validation,0.01,7247,37570,0.8382979672891983,3003,2970,34600,33,7214
NN013,validation,0.02,20727,24090,0.5375192449293795,3003,2802,21288,201,20526
NN013,validation,0.03,26047,18770,0.41881428922060826,3003,2677,16093,326,25721
NN013,validation,0.04,29107,15710,0.3505366267264654,3003,2570,13140,433,28674
NN013,validation,0.05,31379,13438,0.2998415779726443,3003,2461,10977,542,30837
NN013,validation,0.06,33032,11785,0.2629582524488475,3003,2376,9409,627,32405
NN013,validation,0.07,34443,10374,0.2314746636321039,3003,2292,8082,711,33732
NN013,validation,0.08,35650,9167,0.20454291898163643,3003,2200,6967,803,34847
NN013,validation,0.09,36725,8092,0.18055648526228887,3003,2115,5977,888,35837
NN013,validation,0.1,37739,7078,0.15793114220050428,3003,2009,5069,994,36745
NN013,validation,0.11,38475,6342,0.14150880246335096,3003,1931,4411,1072,37403
NN013,validation,0.12,39023,5794,0.12928129950688355,3003,1856,3938,1147,37876
NN013,validation,0.13,39453,5364,0.11968672601914453,3003,1800,3564,1203,38250
NN013,validation,0.14,39828,4989,0.11131936541937211,3003,1737,3252,1266,38562
NN013,validation,0.15,40154,4663,0.10404533993796997,3003,1682,2981,1321,38833
NN013,validation,0.16,40406,4411,0.09842247361492291,3003,1636,2775,1367,39039
NN013,validation,0.17,40652,4165,0.09293348506147221,3003,1587,2578,1416,39236
NN013,validation,0.18,40857,3960,0.08835932793359663,3003,1538,2422,1465,39392
NN013,validation,0.19,41059,3758,0.08385210969051922,3003,1492,2266,1511,39548
NN013,validation,0.2,41246,3571,0.07967958587143271,3003,1450,2121,1553,39693
NN013,validation,0.21,41409,3408,0.07604257313073164,3003,1407,2001,1596,39813
NN013,validation,0.22,41588,3229,0.07204855300444028,3003,1361,1868,1642,39946
NN013,validation,0.23,41759,3058,0.06823303657094407,3003,1314,1744,1689,40070
NN013,validation,0.24,41897,2920,0.06515384787022782,3003,1277,1643,1726,40171
NN013,validation,0.25,42040,2777,0.061963094361514606,3003,1232,1545,1771,40269
NN013,validation,0.26,42161,2656,0.05926322600798804,3003,1192,1464,1811,40350
NN013,validation,0.27,42268,2549,0.05687573911685298,3003,1167,1382,1836,40432
NN013,validation,0.28,42361,2456,0.054800633688109425,3003,1136,1320,1867,40494
NN013,validation,0.29,42457,2360,0.05265858937456769,3003,1105,1255,1898,40559
NN013,validation,0.3,42547,2270,0.05065042283062231,3003,1071,1199,1932,40615
NN013,validation,0.31,42628,2189,0.048843072941071465,3003,1044,1145,1959,40669
NN013,validation,0.32,42726,2091,0.04665640270433095,3003,1015,1076,1988,40738
NN013,validation,0.33,42814,2003,0.044692862083584355,3003,982,1021,2021,40793
NN013,validation,0.34,42896,1921,0.04286319923243412,3003,959,962,2044,40852
NN013,validation,0.35,42966,1851,0.0413012919204766,3003,930,921,2073,40893
NN013,validation,0.36,43041,1776,0.03962781980052212,3003,910,866,2093,40948
NN013,validation,0.37,43119,1698,0.03788740879576946,3003,877,821,2126,40993
NN013,validation,0.38,43173,1644,0.03668250886940223,3003,864,780,2139,41034
NN013,validation,0.39,43241,1576,0.035165227480643504,3003,844,732,2159,41082
NN013,validation,0.4,43310,1507,0.03362563313028538,3003,816,691,2187,41123
NN013,validation,0.41,43368,1449,0.032331481357520585,3003,796,653,2207,41161
NN013,validation,0.42,43434,1383,0.03085882589196064,3003,773,610,2230,41204
NN013,validation,0.43,43486,1331,0.0296985518887922,3003,751,580,2252,41234
NN013,validation,0.44,43554,1263,0.02818127050003347,3003,723,540,2280,41274
NN013,validation,0.45,43632,1185,0.02644085949528081,3003,689,496,2314,41318
NN013,validation,0.46,43693,1124,0.02507976883771783,3003,656,468,2347,41346
NN013,validation,0.47,43751,1066,0.02378561706495303,3003,628,438,2375,41376
NN013,validation,0.48,43805,1012,0.022580717138585806,3003,595,417,2408,41397
NN013,validation,0.49,43863,954,0.021286565365821006,3003,570,384,2433,41430
NN013,validation,0.5,43913,904,0.02017091728585135,3003,547,357,2456,41457
NN013,validation,0.51,43980,837,0.018675948858692015,3003,516,321,2487,41493
NN013,validation,0.52,44037,780,0.017404110047526608,3003,487,293,2516,41521
NN013,validation,0.53,44085,732,0.01633308789075574,3003,456,276,2547,41538
NN013,validation,0.54,44147,670,0.014949684271593369,3003,422,248,2581,41566
NN013,validation,0.55,44200,617,0.013767097306825534,3003,397,220,2606,41594
NN013,validation,0.56,44249,568,0.012673762188455274,3003,371,197,2632,41617
NN013,validation,0.57,44293,524,0.011691991878081977,3003,347,177,2656,41637
NN013,validation,0.58,44335,482,0.010754847490907469,3003,320,162,2683,41652
NN013,validation,0.59,44368,449,0.010018519758127497,3003,303,146,2700,41668
NN013,validation,0.6,44404,413,0.009215253140549344,3003,284,129,2719,41685
NN013,validation,0.61,44433,384,0.008568177254166946,3003,267,117,2736,41697
NN013,validation,0.62,44467,350,0.007809536559787581,3003,242,108,2761,41706
NN013,validation,0.63,44505,312,0.006961644019010643,3003,220,92,2783,41722
NN013,validation,0.64,44542,275,0.006136064439833099,3003,192,83,2811,41731
NN013,validation,0.65,44582,235,0.0052435459758573754,3003,167,68,2836,41746
NN013,validation,0.66,44618,199,0.004440279358279224,3003,144,55,2859,41759
NN013,validation,0.67,44646,171,0.003815516433496218,3003,122,49,2881,41765
NN013,validation,0.68,44681,136,0.00303456277751746,3003,99,37,2904,41777
NN013,validation,0.69,44698,119,0.0026552424303277773,3003,89,30,2914,41784
NN013,validation,0.7,44725,92,0.002052792467144164,3003,71,21,2932,41793
NN013,validation,0.71,44743,74,0.0016511591583550885,3003,58,16,2945,41798
NN013,validation,0.72,44756,61,0.0013610906575629784,3003,49,12,2954,41802
NN013,validation,0.73,44768,49,0.0010933351183702613,3003,38,11,2965,41803
NN013,validation,0.74,44780,37,0.0008255795791775443,3003,29,8,2974,41806
NN013,validation,0.75,44792,25,0.0005578240399848271,3003,20,5,2983,41809
NN013,validation,0.76,44799,18,0.00040163330878907556,3003,15,3,2988,41811
NN013,validation,0.77,44804,13,0.00029006850079211013,3003,10,3,2993,41811
NN013,validation,0.78,44810,7,0.0001561907311957516,3003,7,0,2996,41814
NN013,validation,0.79,44812,5,0.00011156480799696544,3003,5,0,2998,41814
NN013,validation,0.8,44813,4,8.925184639757235e-05,3003,4,0,2999,41814
NN013,validation,0.81,44814,3,6.693888479817926e-05,3003,3,0,3000,41814
NN013,validation,0.82,44815,2,4.4625923198786177e-05,3003,2,0,3001,41814
NN013,validation,0.83,44815,2,4.4625923198786177e-05,3003,2,0,3001,41814
NN013,validation,0.84,44815,2,4.4625923198786177e-05,3003,2,0,3001,41814
NN013,validation,0.85,44816,1,2.2312961599393088e-05,3003,1,0,3002,41814
NN013,validation,0.86,44816,1,2.2312961599393088e-05,3003,1,0,3002,41814
NN013,validation,0.87,44816,1,2.2312961599393088e-05,3003,1,0,3002,41814
NN013,validation,0.88,44817,0,0.0,3003,0,0,3003,41814
NN013,validation,0.89,44817,0,0.0,3003,0,0,3003,41814
NN013,validation,0.9,44817,0,0.0,3003,0,0,3003,41814
NN013,validation,0.91,44817,0,0.0,3003,0,0,3003,41814
NN013,validation,0.92,44817,0,0.0,3003,0,0,3003,41814
NN013,validation,0.93,44817,0,0.0,3003,0,0,3003,41814
NN013,validation,0.94,44817,0,0.0,3003,0,0,3003,41814
NN013,validation,0.95,44817,0,0.0,3003,0,0,3003,41814
NN013,validation,0.96,44817,0,0.0,3003,0,0,3003,41814
NN013,validation,0.97,44817,0,0.0,3003,0,0,3003,41814
NN013,validation,0.98,44817,0,0.0,3003,0,0,3003,41814
NN013,validation,0.99,44817,0,0.0,3003,0,0,3003,41814
NN014,validation,0.01,8933,35884,0.8006783140326216,3003,2938,32946,65,8868
NN014,validation,0.02,21222,23595,0.5264743289376799,3003,2778,20817,225,20997
NN014,validation,0.03,26490,18327,0.4089296472320771,3003,2656,15671,347,26143
NN014,validation,0.04,28993,15824,0.3530803043487962,3003,2557,13267,446,28547
NN014,validation,0.05,31109,13708,0.3058660776044804,3003,2480,11228,523,30586
NN014,validation,0.06,32571,12246,0.27324452774616775,3003,2394,9852,609,31962
NN014,validation,0.07,33958,10859,0.24229645000780953,3003,2313,8546,690,33268
NN014,validation,0.08,35260,9557,0.21324497400539974,3003,2200,7357,803,34457
NN014,validation,0.09,36471,8346,0.1862239775085347,3003,2097,6249,906,35565
NN014,validation,0.1,37459,7358,0.16417877144833434,3003,2003,5355,1000,36459
NN014,validation,0.11,38785,6032,0.1345917843675391,3003,1861,4171,1142,37643
NN014,validation,0.12,39253,5564,0.12414931833902314,3003,1815,3749,1188,38065
NN014,validation,0.13,39509,5308,0.11843720016957851,3003,1780,3528,1223,38286
NN014,validation,0.14,39735,5082,0.11339447084811567,3003,1749,3333,1254,38481
NN014,validation,0.15,39965,4852,0.10826248968025526,3003,1718,3134,1285,38680
NN014,validation,0.16,40201,4616,0.1029966307427985,3003,1687,2929,1316,38885
NN014,validation,0.17,40443,4374,0.09759689403574537,3003,1639,2735,1364,39079
NN014,validation,0.18,40741,4076,0.09094763147912623,3003,1571,2505,1432,39309
NN014,validation,0.19,40995,3822,0.08528013923288039,3003,1504,2318,1499,39496
NN014,validation,0.2,41128,3689,0.0823125153401611,3003,1475,2214,1528,39600
NN014,validation,0.21,41251,3566,0.07956802106343575,3003,1439,2127,1564,39687
NN014,validation,0.22,41351,3466,0.07733672490349644,3003,1415,2051,1588,39763
NN014,validation,0.23,41456,3361,0.07499386393556016,3003,1393,1968,1610,39846
NN014,validation,0.24,41597,3220,0.07184773635004574,3003,1360,1860,1643,39954
NN014,validation,0.25,41742,3075,0.06861235691813375,3003,1321,1754,1682,40060
NN014,validation,0.26,41865,2952,0.0658678626414084,3003,1292,1660,1711,40154
NN014,validation,0.27,42017,2800,0.062476292478300645,3003,1238,1562,1765,40252
NN014,validation,0.28,42147,2670,0.059575607470379544,3003,1193,1477,1810,40337
NN014,validation,0.29,42234,2583,0.057634379811232345,3003,1166,1417,1837,40397
NN014,validation,0.3,42348,2469,0.05509070218890153,3003,1134,1335,1869,40479
NN014,validation,0.31,42465,2352,0.052480085681772544,3003,1101,1251,1902,40563
NN014,validation,0.32,42583,2234,0.049847156213044155,3003,1064,1170,1939,40644
NN014,validation,0.33,42732,2085,0.046522524934734584,3003,1013,1072,1990,40742
NN014,validation,0.34,42828,1989,0.044380480621192854,3003,982,1007,2021,40807
NN014,validation,0.35,42907,1910,0.0426177566548408,3003,949,961,2054,40853
NN014,validation,0.36,42990,1827,0.04076578084209117,3003,916,911,2087,40903
NN014,validation,0.37,43046,1771,0.03951625499252516,3003,901,870,2102,40944
NN014,validation,0.38,43106,1711,0.038177477296561575,3003,881,830,2122,40984
NN014,validation,0.39,43180,1637,0.03652631813820648,3003,847,790,2156,41024
NN014,validation,0.4,43258,1559,0.03478590713345382,3003,815,744,2188,41070
NN014,validation,0.41,43344,1473,0.03286699243590602,3003,787,686,2216,41128
NN014,validation,0.42,43405,1412,0.03150590177834304,3003,762,650,2241,41164
NN014,validation,0.43,43470,1347,0.030055559274382488,3003,734,613,2269,41201
NN014,validation,0.44,43530,1287,0.028716781578418903,3003,709,578,2294,41236
NN014,validation,0.45,43584,1233,0.02751188165205168,3003,679,554,2324,41260
NN014,validation,0.46,43637,1180,0.026329294687283844,3003,657,523,2346,41291
NN014,validation,0.47,43712,1105,0.02465582256732936,3003,624,481,2379,41333
NN014,validation,0.48,43777,1040,0.02320548006336881,3003,597,443,2406,41371
NN014,validation,0.49,43856,961,0.021442756097016756,3003,564,397,2439,41417
NN014,validation,0.5,43938,879,0.019613093245866523,3003,535,344,2468,41470
NN014,validation,0.51,43986,831,0.018542071089095655,3003,514,317,2489,41497
NN014,validation,0.52,44034,783,0.017471048932324786,3003,482,301,2521,41513
NN014,validation,0.53,44090,727,0.016221523082758774,3003,453,274,2550,41540
NN014,validation,0.54,44149,668,0.014905058348394583,3003,424,244,2579,41570
NN014,validation,0.55,44193,624,0.013923288038021286,3003,397,227,2606,41587
NN014,validation,0.56,44249,568,0.012673762188455274,3003,370,198,2633,41616
NN014,validation,0.57,44305,512,0.011424236338889261,3003,332,180,2671,41634
NN014,validation,0.58,44361,456,0.010174710489323249,3003,297,159,2706,41655
NN014,validation,0.59,44410,407,0.009081375370952986,3003,263,144,2740,41670
NN014,validation,0.6,44446,371,0.008278108753374836,3003,242,129,2761,41685
NN014,validation,0.61,44480,337,0.0075194680589954705,3003,221,116,2782,41698
NN014,validation,0.62,44519,298,0.00664926255661914,3003,194,104,2809,41710
NN014,validation,0.63,44567,250,0.005578240399848272,3003,161,89,2842,41725
NN014,validation,0.64,44611,206,0.004596470089474976,3003,140,66,2863,41748
NN014,validation,0.65,44640,177,0.003949394203092577,3003,121,56,2882,41758
NN014,validation,0.66,44673,144,0.0032130664703126045,3003,97,47,2906,41767
NN014,validation,0.67,44702,115,0.002565990583930205,3003,76,39,2927,41775
NN014,validation,0.68,44734,83,0.0018519758127496263,3003,54,29,2949,41785
NN014,validation,0.69,44750,67,0.001494968427159337,3003,43,24,2960,41790
NN014,validation,0.7,44763,54,0.0012048999263672268,3003,35,19,2968,41795
NN014,validation,0.71,44767,50,0.0011156480799696543,3003,32,18,2971,41796
NN014,validation,0.72,44774,43,0.0009594573487739028,3003,27,16,2976,41798
NN014,validation,0.73,44780,37,0.0008255795791775443,3003,23,14,2980,41800
NN014,validation,0.74,44786,31,0.0006917018095811857,3003,18,13,2985,41801
NN014,validation,0.75,44794,23,0.000513198116786041,3003,16,7,2987,41807
NN014,validation,0.76,44799,18,0.00040163330878907556,3003,14,4,2989,41810
NN014,validation,0.77,44803,14,0.0003123814623915032,3003,13,1,2990,41813
NN014,validation,0.78,44806,11,0.000245442577593324,3003,10,1,2993,41813
NN014,validation,0.79,44809,8,0.0001785036927951447,3003,7,1,2996,41813
NN014,validation,0.8,44812,5,0.00011156480799696544,3003,5,0,2998,41814
NN014,validation,0.81,44813,4,8.925184639757235e-05,3003,4,0,2999,41814
NN014,validation,0.82,44815,2,4.4625923198786177e-05,3003,2,0,3001,41814
NN014,validation,0.83,44815,2,4.4625923198786177e-05,3003,2,0,3001,41814
NN014,validation,0.84,44815,2,4.4625923198786177e-05,3003,2,0,3001,41814
NN014,validation,0.85,44816,1,2.2312961599393088e-05,3003,1,0,3002,41814
NN014,validation,0.86,44817,0,0.0,3003,0,0,3003,41814
NN014,validation,0.87,44817,0,0.0,3003,0,0,3003,41814
NN014,validation,0.88,44817,0,0.0,3003,0,0,3003,41814
NN014,validation,0.89,44817,0,0.0,3003,0,0,3003,41814
NN014,validation,0.9,44817,0,0.0,3003,0,0,3003,41814
NN014,validation,0.91,44817,0,0.0,3003,0,0,3003,41814
NN014,validation,0.92,44817,0,0.0,3003,0,0,3003,41814
NN014,validation,0.93,44817,0,0.0,3003,0,0,3003,41814
NN014,validation,0.94,44817,0,0.0,3003,0,0,3003,41814
NN014,validation,0.95,44817,0,0.0,3003,0,0,3003,41814
NN014,validation,0.96,44817,0,0.0,3003,0,0,3003,41814
NN014,validation,0.97,44817,0,0.0,3003,0,0,3003,41814
NN014,validation,0.98,44817,0,0.0,3003,0,0,3003,41814
NN014,validation,0.99,44817,0,0.0,3003,0,0,3003,41814
NN015,validation,0.01,8604,36213,0.8080192783988219,3003,2942,33271,61,8543
NN015,validation,0.02,20384,24433,0.5451725907579713,3003,2792,21641,211,20173
NN015,validation,0.03,24805,20012,0.44652698752705444,3003,2697,17315,306,24499
NN015,validation,0.04,27571,17246,0.3848093357431332,3003,2620,14626,383,27188
NN015,validation,0.05,29740,15077,0.3364125220340496,3003,2535,12542,468,29272
NN015,validation,0.06,31418,13399,0.298971372470268,3003,2469,10930,534,30884
NN015,validation,0.07,32962,11855,0.26452015976080506,3003,2374,9481,629,32333
NN015,validation,0.08,34291,10526,0.23486623379521163,3003,2283,8243,720,33571
NN015,validation,0.09,35270,9547,0.2130218443894058,3003,2202,7345,801,34469
NN015,validation,0.1,36164,8653,0.1930740567195484,3003,2131,6522,872,35292
NN015,validation,0.11,37040,7777,0.17352790235848004,3003,2032,5745,971,36069
NN015,validation,0.12,38324,6493,0.1448780596648593,3003,1917,4576,1086,37238
NN015,validation,0.13,39228,5589,0.12470714237900797,3003,1812,3777,1191,38037
NN015,validation,0.14,39470,5347,0.11930740567195484,3003,1789,3558,1214,38256
NN015,validation,0.15,39703,5114,0.11410848561929625,3003,1757,3357,1246,38457
NN015,validation,0.16,39897,4920,0.10977977106901399,3003,1730,3190,1273,38624
NN015,validation,0.17,40091,4726,0.10545105651873173,3003,1703,3023,1300,38791
NN015,validation,0.18,40268,4549,0.10150166231563916,3003,1665,2884,1338,38930
NN015,validation,0.19,40441,4376,0.09764151995894416,3003,1634,2742,1369,39072
NN015,validation,0.2,40620,4197,0.09364749983265279,3003,1596,2601,1407,39213
NN015,validation,0.21,40807,4010,0.08947497601356628,3003,1552,2458,1451,39356
NN015,validation,0.22,41045,3772,0.08416449115291072,3003,1495,2277,1508,39537
NN015,validation,0.23,41233,3584,0.07996965437222482,3003,1453,2131,1550,39683
NN015,validation,0.24,41331,3486,0.0777829841354843,3003,1432,2054,1571,39760
NN015,validation,0.25,41437,3380,0.07541781020594863,3003,1399,1981,1604,39833
NN015,validation,0.26,41515,3302,0.07367739920119598,3003,1383,1919,1620,39895
NN015,validation,0.27,41613,3204,0.07149072896445545,3003,1351,1853,1652,39961
NN015,validation,0.28,41703,3114,0.06948256242051007,3003,1327,1787,1676,40027
NN015,validation,0.29,41835,2982,0.06653725148939019,3003,1295,1687,1708,40127
NN015,validation,0.3,41970,2847,0.06352500167347212,3003,1261,1586,1742,40228
NN015,validation,0.31,42107,2710,0.060468125934355264,3003,1218,1492,1785,40322
NN015,validation,0.32,42240,2577,0.05750050204163599,3003,1175,1402,1828,40412
NN015,validation,0.33,42299,2518,0.0561840373072718,3003,1153,1365,1850,40449
NN015,validation,0.34,42379,2438,0.05439900037932035,3003,1122,1316,1881,40498
NN015,validation,0.35,42475,2342,0.05225695606577861,3003,1100,1242,1903,40572
NN015,validation,0.36,42577,2240,0.04998103398264052,3003,1067,1173,1936,40641
NN015,validation,0.37,42689,2128,0.04748198228350849,3003,1025,1103,1978,40711
NN015,validation,0.38,42830,1987,0.044335854697994066,3003,983,1004,2020,40810
NN015,validation,0.39,42901,1916,0.042751634424437156,3003,950,966,2053,40848
NN015,validation,0.4,42961,1856,0.04141285672847357,3003,928,928,2075,40886
NN015,validation,0.41,43045,1772,0.039538567954124554,3003,896,876,2107,40938
NN015,validation,0.42,43131,1686,0.03761965325657675,3003,856,830,2147,40984
NN015,validation,0.43,43203,1614,0.036013120021420444,3003,835,779,2168,41035
NN015,validation,0.44,43276,1541,0.034384273824664746,3003,811,730,2192,41084
NN015,validation,0.45,43362,1455,0.03246535912711694,3003,780,675,2223,41139
NN015,validation,0.46,43467,1350,0.03012249815918067,3003,749,601,2254,41213
NN015,validation,0.47,43537,1280,0.028560590847223153,3003,711,569,2292,41245
NN015,validation,0.48,43615,1202,0.026820179842470492,3003,681,521,2322,41293
NN015,validation,0.49,43676,1141,0.025459089184907514,3003,657,484,2346,41330
NN015,validation,0.5,43738,1079,0.02407568556574514,3003,629,450,2374,41364
NN015,validation,0.51,43812,1005,0.022424526407390052,3003,591,414,2412,41400
NN015,validation,0.52,43871,946,0.02110806167302586,3003,566,380,2437,41434
NN015,validation,0.53,43924,893,0.019925474708258027,3003,545,348,2458,41466
NN015,validation,0.54,43981,836,0.01865363589709262,3003,521,315,2482,41499
NN015,validation,0.55,44037,780,0.017404110047526608,3003,486,294,2517,41520
NN015,validation,0.56,44106,711,0.015864515697168485,3003,454,257,2549,41557
NN015,validation,0.57,44176,641,0.014302608385210969,3003,413,228,2590,41586
NN015,validation,0.58,44234,583,0.01300845661244617,3003,380,203,2623,41611
NN015,validation,0.59,44295,522,0.011647365954883191,3003,339,183,2664,41631
NN015,validation,0.6,44346,471,0.010509404913314145,3003,313,158,2690,41656
NN015,validation,0.61,44413,404,0.009014436486154808,3003,278,126,2725,41688
NN015,validation,0.62,44501,316,0.007050895865408215,3003,228,88,2775,41726
NN015,validation,0.63,44557,260,0.005801370015842203,3003,190,70,2813,41744
NN015,validation,0.64,44610,207,0.004618783051074369,3003,155,52,2848,41762
NN015,validation,0.65,44660,157,0.0035031349711047146,3003,124,33,2879,41781
NN015,validation,0.66,44706,111,0.0024767387375326327,3003,89,22,2914,41792
NN015,validation,0.67,44737,80,0.001785036927951447,3003,63,17,2940,41797
NN015,validation,0.68,44758,59,0.0013164647343641921,3003,45,14,2958,41800
NN015,validation,0.69,44775,42,0.0009371443871745097,3003,31,11,2972,41803
NN015,validation,0.7,44784,33,0.0007363277327799718,3003,26,7,2977,41807
NN015,validation,0.71,44795,22,0.000490885155186648,3003,18,4,2985,41810
NN015,validation,0.72,44798,19,0.00042394627038846864,3003,16,3,2987,41811
NN015,validation,0.73,44802,15,0.00033469442399089634,3003,12,3,2991,41811
NN015,validation,0.74,44805,12,0.00026775553919271706,3003,11,1,2992,41813
NN015,validation,0.75,44809,8,0.0001785036927951447,3003,8,0,2995,41814
NN015,validation,0.76,44810,7,0.0001561907311957516,3003,7,0,2996,41814
NN015,validation,0.77,44811,6,0.00013387776959635853,3003,6,0,2997,41814
NN015,validation,0.78,44814,3,6.693888479817926e-05,3003,3,0,3000,41814
NN015,validation,0.79,44815,2,4.4625923198786177e-05,3003,2,0,3001,41814
NN015,validation,0.8,44815,2,4.4625923198786177e-05,3003,2,0,3001,41814
NN015,validation,0.81,44816,1,2.2312961599393088e-05,3003,1,0,3002,41814
NN015,validation,0.82,44816,1,2.2312961599393088e-05,3003,1,0,3002,41814
NN015,validation,0.83,44817,0,0.0,3003,0,0,3003,41814
NN015,validation,0.84,44817,0,0.0,3003,0,0,3003,41814
NN015,validation,0.85,44817,0,0.0,3003,0,0,3003,41814
NN015,validation,0.86,44817,0,0.0,3003,0,0,3003,41814
NN015,validation,0.87,44817,0,0.0,3003,0,0,3003,41814
NN015,validation,0.88,44817,0,0.0,3003,0,0,3003,41814
NN015,validation,0.89,44817,0,0.0,3003,0,0,3003,41814
NN015,validation,0.9,44817,0,0.0,3003,0,0,3003,41814
NN015,validation,0.91,44817,0,0.0,3003,0,0,3003,41814
NN015,validation,0.92,44817,0,0.0,3003,0,0,3003,41814
NN015,validation,0.93,44817,0,0.0,3003,0,0,3003,41814
NN015,validation,0.94,44817,0,0.0,3003,0,0,3003,41814
NN015,validation,0.95,44817,0,0.0,3003,0,0,3003,41814
NN015,validation,0.96,44817,0,0.0,3003,0,0,3003,41814
NN015,validation,0.97,44817,0,0.0,3003,0,0,3003,41814
NN015,validation,0.98,44817,0,0.0,3003,0,0,3003,41814
NN015,validation,0.99,44817,0,0.0,3003,0,0,3003,41814
NN016,validation,0.01,4690,40127,0.8953522100988465,3003,2975,37152,28,4662
NN016,validation,0.02,18768,26049,0.5812303367025905,3003,2832,23217,171,18597
NN016,validation,0.03,24720,20097,0.44842358926300285,3003,2704,17393,299,24421
NN016,validation,0.04,27805,17012,0.3795881027288752,3003,2616,14396,387,27418
NN016,validation,0.05,30040,14777,0.32971863355423164,3003,2518,12259,485,29555
NN016,validation,0.06,31720,13097,0.29223285806725124,3003,2439,10658,564,31156
NN016,validation,0.07,33062,11755,0.26228886360086573,3003,2352,9403,651,32411
NN016,validation,0.08,34308,10509,0.23448691344802194,3003,2270,8239,733,33575
NN016,validation,0.09,35365,9452,0.21090211303746345,3003,2179,7273,824,34541
NN016,validation,0.1,36477,8340,0.18609009973893834,3003,2092,6248,911,35566
NN016,validation,0.11,37492,7325,0.16344244371555436,3003,1995,5330,1008,36484
NN016,validation,0.12,38346,6471,0.14438717450967267,3003,1909,4562,1094,37252
NN016,validation,0.13,38927,5890,0.13142334382042528,3003,1856,4034,1147,37780
NN016,validation,0.14,39306,5511,0.1229667313742553,3003,1805,3706,1198,38108
NN016,validation,0.15,39637,5180,0.11558114108485619,3003,1764,3416,1239,38398
NN016,validation,0.16,39910,4907,0.10948970256822188,3003,1729,3178,1274,38636
NN016,validation,0.17,40186,4631,0.10333132516678939,3003,1688,2943,1315,38871
NN016,validation,0.18,40465,4352,0.09710600888055872,3003,1618,2734,1385,39080
NN016,validation,0.19,40748,4069,0.09079144074793047,3003,1565,2504,1438,39310
NN016,validation,0.2,40957,3860,0.08612803177365731,3003,1529,2331,1474,39483
NN016,validation,0.21,41125,3692,0.08237945422495928,3003,1494,2198,1509,39616
NN016,validation,0.22,41266,3551,0.07923332663944485,3003,1460,2091,1543,39723
NN016,validation,0.23,41433,3384,0.07550706205234621,3003,1412,1972,1591,39842
NN016,validation,0.24,41569,3248,0.07247249927482875,3003,1371,1877,1632,39937
NN016,validation,0.25,41708,3109,0.06937099761251311,3003,1327,1782,1676,40032
NN016,validation,0.26,41892,2925,0.06526541267822478,3003,1277,1648,1726,40166
NN016,validation,0.27,42038,2779,0.06200772028471339,3003,1232,1547,1771,40267
NN016,validation,0.28,42157,2660,0.05935247785438561,3003,1192,1468,1811,40346
NN016,validation,0.29,42275,2542,0.05671954838565723,3003,1153,1389,1850,40425
NN016,validation,0.3,42375,2442,0.05448825222571792,3003,1126,1316,1877,40498
NN016,validation,0.31,42475,2342,0.05225695606577861,3003,1095,1247,1908,40567
NN016,validation,0.32,42561,2256,0.05033804136823081,3003,1067,1189,1936,40625
NN016,validation,0.33,42650,2167,0.04835218778588482,3003,1034,1133,1969,40681
NN016,validation,0.34,42734,2083,0.0464778990115358,3003,1006,1077,1997,40737
NN016,validation,0.35,42801,2016,0.04498293058437646,3003,989,1027,2014,40787
NN016,validation,0.36,42868,1949,0.043487962157217126,3003,968,981,2035,40833
NN016,validation,0.37,42931,1886,0.04208224557645536,3003,949,937,2054,40877
NN016,validation,0.38,42999,1818,0.04056496418769663,3003,923,895,2080,40919
NN016,validation,0.39,43082,1735,0.03871298837494701,3003,893,842,2110,40972
NN016,validation,0.4,43140,1677,0.03741883660218221,3003,870,807,2133,41007
NN016,validation,0.41,43197,1620,0.0361469977910168,3003,851,769,2152,41045
NN016,validation,0.42,43254,1563,0.0348751589798514,3003,821,742,2182,41072
NN016,validation,0.43,43318,1499,0.03344712943749024,3003,796,703,2207,41111
NN016,validation,0.44,43379,1438,0.03208603877992726,3003,776,662,2227,41152
NN016,validation,0.45,43447,1370,0.03056875739116853,3003,755,615,2248,41199
NN016,validation,0.46,43512,1305,0.02911841488720798,3003,733,572,2270,41242
NN016,validation,0.47,43569,1248,0.027846576076042573,3003,707,541,2296,41273
NN016,validation,0.48,43639,1178,0.026284668764085056,3003,676,502,2327,41312
NN016,validation,0.49,43689,1128,0.025169020684115403,3003,653,475,2350,41339
NN016,validation,0.5,43746,1071,0.023897181872949997,3003,631,440,2372,41374
NN016,validation,0.51,43798,1019,0.022736907869781556,3003,604,415,2399,41399
NN016,validation,0.52,43867,950,0.021197313519423434,3003,569,381,2434,41433
NN016,validation,0.53,43917,900,0.020081665439453777,3003,545,355,2458,41459
NN016,validation,0.54,43974,843,0.018809826628288374,3003,517,326,2486,41488
NN016,validation,0.55,44022,795,0.017738804471517506,3003,493,302,2510,41512
NN016,validation,0.56,44063,754,0.016823973045942388,3003,476,278,2527,41536
NN016,validation,0.57,44109,708,0.015797576812370307,3003,456,252,2547,41562
NN016,validation,0.58,44154,663,0.014793493540397617,3003,431,232,2572,41582
NN016,validation,0.59,44215,602,0.013432402882834638,3003,397,205,2606,41609
NN016,validation,0.6,44263,554,0.01236138072606377,3003,371,183,2632,41631
NN016,validation,0.61,44321,496,0.011067228953298971,3003,332,164,2671,41650
NN016,validation,0.62,44366,451,0.010063145681326283,3003,301,150,2702,41664
NN016,validation,0.63,44419,398,0.008880558716558448,3003,263,135,2740,41679
NN016,validation,0.64,44465,352,0.007854162482986368,3003,238,114,2765,41700
NN016,validation,0.65,44519,298,0.00664926255661914,3003,204,94,2799,41720
NN016,validation,0.66,44558,259,0.00577905705424281,3003,178,81,2825,41733
NN016,validation,0.67,44596,221,0.004931164513465872,3003,156,65,2847,41749
NN016,validation,0.68,44631,186,0.004150210857487114,3003,128,58,2875,41756
NN016,validation,0.69,44656,161,0.003592386817502287,3003,110,51,2893,41763
NN016,validation,0.7,44675,142,0.0031684405471138185,3003,98,44,2905,41770
NN016,validation,0.71,44694,123,0.0027444942767253498,3003,82,41,2921,41773
NN016,validation,0.72,44709,108,0.0024097998527344536,3003,71,37,2932,41777
NN016,validation,0.73,44718,99,0.0022089831983399155,3003,65,34,2938,41780
NN016,validation,0.74,44730,87,0.0019412276591471986,3003,58,29,2945,41785
NN016,validation,0.75,44736,81,0.00180734988955084,3003,52,29,2951,41785
NN016,validation,0.76,44744,73,0.0016288461967556955,3003,45,28,2958,41786
NN016,validation,0.77,44748,69,0.001539594350358123,3003,42,27,2961,41787
NN016,validation,0.78,44752,65,0.0014503425039605507,3003,38,27,2965,41787
NN016,validation,0.79,44754,63,0.0014057165807617644,3003,36,27,2967,41787
NN016,validation,0.8,44755,62,0.0013834036191623714,3003,35,27,2968,41787
NN016,validation,0.81,44757,60,0.0013387776959635854,3003,34,26,2969,41788
NN016,validation,0.82,44762,55,0.0012272128879666198,3003,33,22,2970,41792
NN016,validation,0.83,44771,46,0.001026396233572082,3003,28,18,2975,41796
NN016,validation,0.84,44780,37,0.0008255795791775443,3003,23,14,2980,41800
NN016,validation,0.85,44789,28,0.0006247629247830064,3003,18,10,2985,41804
NN016,validation,0.86,44813,4,8.925184639757235e-05,3003,3,1,3000,41813
NN016,validation,0.87,44816,1,2.2312961599393088e-05,3003,1,0,3002,41814
NN016,validation,0.88,44817,0,0.0,3003,0,0,3003,41814
NN016,validation,0.89,44817,0,0.0,3003,0,0,3003,41814
NN016,validation,0.9,44817,0,0.0,3003,0,0,3003,41814
NN016,validation,0.91,44817,0,0.0,3003,0,0,3003,41814
NN016,validation,0.92,44817,0,0.0,3003,0,0,3003,41814
NN016,validation,0.93,44817,0,0.0,3003,0,0,3003,41814
NN016,validation,0.94,44817,0,0.0,3003,0,0,3003,41814
NN016,validation,0.95,44817,0,0.0,3003,0,0,3003,41814
NN016,validation,0.96,44817,0,0.0,3003,0,0,3003,41814
NN016,validation,0.97,44817,0,0.0,3003,0,0,3003,41814
NN016,validation,0.98,44817,0,0.0,3003,0,0,3003,41814
NN016,validation,0.99,44817,0,0.0,3003,0,0,3003,41814
NN017,validation,0.01,10896,33921,0.756877970413013,3003,2923,30998,80,10816
NN017,validation,0.02,20529,24288,0.5419372113260593,3003,2804,21484,199,20330
NN017,validation,0.03,25108,19709,0.43976616016243836,3003,2696,17013,307,24801
NN017,validation,0.04,28044,16773,0.37425530490662023,3003,2594,14179,409,27635
NN017,validation,0.05,30383,14434,0.3220652877256398,3003,2496,11938,507,29876
NN017,validation,0.06,32153,12664,0.28257134569471404,3003,2422,10242,581,31572
NN017,validation,0.07,33542,11275,0.25157864203315705,3003,2329,8946,674,32868
NN017,validation,0.08,34747,10070,0.2246915233058884,3003,2255,7815,748,33999
NN017,validation,0.09,35934,8883,0.1982060378874088,3003,2147,6736,856,35078
NN017,validation,0.1,37026,7791,0.17384028382087155,3003,2049,5742,954,36072
NN017,validation,0.11,38103,6714,0.14980922417832518,3003,1948,4766,1055,37048
NN017,validation,0.12,38938,5879,0.13117790124283196,3003,1852,4027,1151,37787
NN017,validation,0.13,39439,5378,0.11999910748153603,3003,1799,3579,1204,38235
NN017,validation,0.14,39765,5052,0.11272508200013388,3003,1750,3302,1253,38512
NN017,validation,0.15,40034,4783,0.10672289532989714,3003,1704,3079,1299,38735
NN017,validation,0.16,40275,4542,0.1013454715844434,3003,1665,2877,1338,38937
NN017,validation,0.17,40481,4336,0.09674900149496843,3003,1630,2706,1373,39108
NN017,validation,0.18,40710,4107,0.09163933328870741,3003,1580,2527,1423,39287
NN017,validation,0.19,40950,3867,0.08628422250485307,3003,1522,2345,1481,39469
NN017,validation,0.2,41153,3664,0.08175469130017628,3003,1479,2185,1524,39629
NN017,validation,0.21,41333,3484,0.07773835821228552,3003,1448,2036,1555,39778
NN017,validation,0.22,41489,3328,0.0742575362027802,3003,1402,1926,1601,39888
NN017,validation,0.23,41638,3179,0.07093290492447063,3003,1354,1825,1649,39989
NN017,validation,0.24,41766,3051,0.06807684583974831,3003,1322,1729,1681,40085
NN017,validation,0.25,41916,2901,0.06472990159983935,3003,1283,1618,1720,40196
NN017,validation,0.26,42023,2794,0.06234241470870429,3003,1255,1539,1748,40275
NN017,validation,0.27,42127,2690,0.06002186670236741,3003,1221,1469,1782,40345
NN017,validation,0.28,42268,2549,0.05687573911685298,3003,1174,1375,1829,40439
NN017,validation,0.29,42435,2382,0.05314947452975433,3003,1117,1265,1886,40549
NN017,validation,0.3,42555,2262,0.05047191913782716,3003,1082,1180,1921,40634
NN017,validation,0.31,42660,2157,0.04812905816989089,3003,1048,1109,1955,40705
NN017,validation,0.32,42751,2066,0.04609857866434612,3003,1014,1052,1989,40762
NN017,validation,0.33,42834,1983,0.04424660285159649,3003,985,998,2018,40816
NN017,validation,0.34,42907,1910,0.0426177566548408,3003,952,958,2051,40856
NN017,validation,0.35,42984,1833,0.04089965861168753,3003,931,902,2072,40912
NN017,validation,0.36,43059,1758,0.039226186491733046,3003,901,857,2102,40957
NN017,validation,0.37,43136,1681,0.03750808844857978,3003,874,807,2129,41007
NN017,validation,0.38,43211,1606,0.0358346163286253,3003,851,755,2152,41059
NN017,validation,0.39,43275,1542,0.03440658678626414,3003,827,715,2176,41099
NN017,validation,0.4,43350,1467,0.03273311466630966,3003,795,672,2208,41142
NN017,validation,0.41,43424,1393,0.031081955507954572,3003,762,631,2241,41183
NN017,validation,0.42,43494,1323,0.029520048195997056,3003,734,589,2269,41225
NN017,validation,0.43,43569,1248,0.027846576076042573,3003,700,548,2303,41266
NN017,validation,0.44,43644,1173,0.02617310395608809,3003,673,500,2330,41314
NN017,validation,0.45,43694,1123,0.025057455876118438,3003,651,472,2352,41342
NN017,validation,0.46,43755,1062,0.02369636521855546,3003,625,437,2378,41377
NN017,validation,0.47,43816,1001,0.02233527456099248,3003,594,407,2409,41407
NN017,validation,0.48,43881,936,0.02088493205703193,3003,565,371,2438,41443
NN017,validation,0.49,43935,882,0.019680032130664705,3003,541,341,2462,41473
NN017,validation,0.5,43994,823,0.01836356739630051,3003,511,312,2492,41502
NN017,validation,0.51,44050,767,0.017114041546734498,3003,486,281,2517,41533
NN017,validation,0.52,44091,726,0.016199210121159383,3003,465,261,2538,41553
NN017,validation,0.53,44126,691,0.015418256465180623,3003,445,246,2558,41568
NN017,validation,0.54,44173,644,0.014369547270009149,3003,418,226,2585,41588
NN017,validation,0.55,44220,597,0.013320838074837674,3003,394,203,2609,41611
NN017,validation,0.56,44265,552,0.012316754802864984,3003,372,180,2631,41634
NN017,validation,0.57,44308,509,0.011357297454091081,3003,350,159,2653,41655
NN017,validation,0.58,44374,443,0.009884641988531138,3003,307,136,2696,41678
NN017,validation,0.59,44409,408,0.00910368833255238,3003,287,121,2716,41693
NN017,validation,0.6,44454,363,0.008099605060579692,3003,259,104,2744,41710
NN017,validation,0.61,44499,318,0.007095521788607002,3003,231,87,2772,41727
NN017,validation,0.62,44541,276,0.006158377401432492,3003,199,77,2804,41737
NN017,validation,0.63,44578,239,0.0053327978222549475,3003,168,71,2835,41743
NN017,validation,0.64,44609,208,0.004641096012673762,3003,149,59,2854,41755
NN017,validation,0.65,44638,179,0.003994020126291363,3003,127,52,2876,41762
NN017,validation,0.66,44672,145,0.0032353794319119975,3003,102,43,2901,41771
NN017,validation,0.67,44690,127,0.0028337461231229223,3003,88,39,2915,41775
NN017,validation,0.68,44702,115,0.002565990583930205,3003,79,36,2924,41778
NN017,validation,0.69,44714,103,0.002298235044737488,3003,71,32,2932,41782
NN017,validation,0.7,44724,93,0.002075105428743557,3003,62,31,2941,41783
NN017,validation,0.71,44729,88,0.001963540620746592,3003,57,31,2946,41783
NN017,validation,0.72,44734,83,0.0018519758127496263,3003,53,30,2950,41784
NN017,validation,0.73,44745,72,0.0016065332351563022,3003,46,26,2957,41788
NN017,validation,0.74,44753,64,0.0014280295423611577,3003,40,24,2963,41790
NN017,validation,0.75,44781,36,0.0008032666175781511,3003,23,13,2980,41801
NN017,validation,0.76,44786,31,0.0006917018095811857,3003,19,12,2984,41802
NN017,validation,0.77,44789,28,0.0006247629247830064,3003,16,12,2987,41802
NN017,validation,0.78,44792,25,0.0005578240399848271,3003,15,10,2988,41804
NN017,validation,0.79,44801,16,0.0003570073855902894,3003,11,5,2992,41809
NN017,validation,0.8,44803,14,0.0003123814623915032,3003,10,4,2993,41810
NN017,validation,0.81,44803,14,0.0003123814623915032,3003,10,4,2993,41810
NN017,validation,0.82,44804,13,0.00029006850079211013,3003,9,4,2994,41810
NN017,validation,0.83,44804,13,0.00029006850079211013,3003,9,4,2994,41810
NN017,validation,0.84,44805,12,0.00026775553919271706,3003,9,3,2994,41811
NN017,validation,0.85,44805,12,0.00026775553919271706,3003,9,3,2994,41811
NN017,validation,0.86,44805,12,0.00026775553919271706,3003,9,3,2994,41811
NN017,validation,0.87,44805,12,0.00026775553919271706,3003,9,3,2994,41811
NN017,validation,0.88,44805,12,0.00026775553919271706,3003,9,3,2994,41811
NN017,validation,0.89,44805,12,0.00026775553919271706,3003,9,3,2994,41811
NN017,validation,0.9,44806,11,0.000245442577593324,3003,8,3,2995,41811
NN017,validation,0.91,44806,11,0.000245442577593324,3003,8,3,2995,41811
NN017,validation,0.92,44806,11,0.000245442577593324,3003,8,3,2995,41811
NN017,validation,0.93,44808,9,0.00020081665439453778,3003,7,2,2996,41812
NN017,validation,0.94,44817,0,0.0,3003,0,0,3003,41814
NN017,validation,0.95,44817,0,0.0,3003,0,0,3003,41814
NN017,validation,0.96,44817,0,0.0,3003,0,0,3003,41814
NN017,validation,0.97,44817,0,0.0,3003,0,0,3003,41814
NN017,validation,0.98,44817,0,0.0,3003,0,0,3003,41814
NN017,validation,0.99,44817,0,0.0,3003,0,0,3003,41814
NN018,validation,0.01,12678,32139,0.7171162728428945,3003,2929,29210,74,12604
NN018,validation,0.02,22421,22396,0.4997210879800076,3003,2776,19620,227,22194
NN018,validation,0.03,26455,18362,0.4097106008880559,3003,2672,15690,331,26124
NN018,validation,0.04,29192,15625,0.348640024990517,3003,2593,13032,410,28782
NN018,validation,0.05,31361,13456,0.3002432112814334,3003,2490,10966,513,30848
NN018,validation,0.06,33225,11592,0.2586518508601647,3003,2387,9205,616,32609
NN018,validation,0.07,34763,10054,0.2243345159202981,3003,2283,7771,720,34043
NN018,validation,0.08,36163,8654,0.19309636968114777,3003,2168,6486,835,35328
NN018,validation,0.09,37191,7626,0.17015864515697168,3003,2075,5551,928,36263
NN018,validation,0.1,37914,6903,0.15402637392061047,3003,2002,4901,1001,36913
NN018,validation,0.11,38477,6340,0.14146417654015217,3003,1922,4418,1081,37396
NN018,validation,0.12,38907,5910,0.13186960305241316,3003,1877,4033,1126,37781
NN018,validation,0.13,39312,5505,0.12283285360465894,3003,1825,3680,1178,38134
NN018,validation,0.14,39642,5175,0.11546957627685923,3003,1777,3398,1226,38416
NN018,validation,0.15,39922,4895,0.10922194702902917,3003,1737,3158,1266,38656
NN018,validation,0.16,40179,4638,0.10348751589798513,3003,1694,2944,1309,38870
NN018,validation,0.17,40438,4379,0.09770845884374232,3003,1644,2735,1359,39079
NN018,validation,0.18,40655,4162,0.09286654617667403,3003,1593,2569,1410,39245
NN018,validation,0.19,40847,3970,0.08858245754959056,3003,1559,2411,1444,39403
NN018,validation,0.2,41029,3788,0.08452149853850102,3003,1518,2270,1485,39544
NN018,validation,0.21,41173,3644,0.08130843206818841,3003,1487,2157,1516,39657
NN018,validation,0.22,41320,3497,0.07802842671307762,3003,1448,2049,1555,39765
NN018,validation,0.23,41459,3358,0.07492692505076198,3003,1409,1949,1594,39865
NN018,validation,0.24,41575,3242,0.07233862150523239,3003,1384,1858,1619,39956
NN018,validation,0.25,41704,3113,0.06946024945891068,3003,1347,1766,1656,40048
NN018,validation,0.26,41838,2979,0.066470312604592,3003,1302,1677,1701,40137
NN018,validation,0.27,41954,2863,0.06388200905906241,3003,1267,1596,1736,40218
NN018,validation,0.28,42095,2722,0.060735881473547984,3003,1224,1498,1779,40316
NN018,validation,0.29,42249,2568,0.05729968538724145,3003,1176,1392,1827,40422
NN018,validation,0.3,42374,2443,0.05451056518731731,3003,1139,1304,1864,40510
NN018,validation,0.31,42478,2339,0.05219001718098043,3003,1103,1236,1900,40578
NN018,validation,0.32,42586,2231,0.04978021732824598,3003,1072,1159,1931,40655
NN018,validation,0.33,42679,2138,0.04770511189950242,3003,1035,1103,1968,40711
NN018,validation,0.34,42778,2039,0.04549612870116251,3003,1007,1032,1996,40782
NN018,validation,0.35,42859,1958,0.043688778811611664,3003,974,984,2029,40830
NN018,validation,0.36,42942,1875,0.04183680299886204,3003,943,932,2060,40882
NN018,validation,0.37,43021,1796,0.040074079032509986,3003,913,883,2090,40931
NN018,validation,0.38,43106,1711,0.038177477296561575,3003,884,827,2119,40987
NN018,validation,0.39,43179,1638,0.03654863109980588,3003,856,782,2147,41032
NN018,validation,0.4,43247,1570,0.03503134971104715,3003,831,739,2172,41075
NN018,validation,0.41,43313,1504,0.03355869424548721,3003,806,698,2197,41116
NN018,validation,0.42,43388,1429,0.03188522212553272,3003,779,650,2224,41164
NN018,validation,0.43,43468,1349,0.030100185197581276,3003,748,601,2255,41213
NN018,validation,0.44,43525,1292,0.02882834638641587,3003,726,566,2277,41248
NN018,validation,0.45,43602,1215,0.027110248343262602,3003,693,522,2310,41292
NN018,validation,0.46,43679,1138,0.025392150300109332,3003,655,483,2348,41331
NN018,validation,0.47,43734,1083,0.024164937412142713,3003,632,451,2371,41363
NN018,validation,0.48,43797,1020,0.02275922083138095,3003,601,419,2402,41395
NN018,validation,0.49,43852,965,0.021532007943414328,3003,577,388,2426,41426
NN018,validation,0.5,43911,906,0.020215543209050137,3003,551,355,2452,41459
NN018,validation,0.51,43972,845,0.01885445255148716,3003,518,327,2485,41487
NN018,validation,0.52,44019,798,0.017805743356315684,3003,498,300,2505,41514
NN018,validation,0.53,44071,746,0.016645469353147244,3003,471,275,2532,41539
NN018,validation,0.54,44119,698,0.015574447196376375,3003,450,248,2553,41566
NN018,validation,0.55,44168,649,0.014481112078006115,3003,414,235,2589,41579
NN018,validation,0.56,44216,601,0.013410089921235246,3003,387,214,2616,41600
NN018,validation,0.57,44272,545,0.012160564071669233,3003,352,193,2651,41621
NN018,validation,0.58,44333,484,0.010799473414106255,3003,311,173,2692,41641
NN018,validation,0.59,44375,442,0.009862329026931745,3003,285,157,2718,41657
NN018,validation,0.6,44416,401,0.008947497601356628,3003,262,139,2741,41675
NN018,validation,0.61,44454,363,0.008099605060579692,3003,244,119,2759,41695
NN018,validation,0.62,44493,324,0.00722939955820336,3003,222,102,2781,41712
NN018,validation,0.63,44513,304,0.006783140326215498,3003,211,93,2792,41721
NN018,validation,0.64,44552,265,0.005912934823839168,3003,182,83,2821,41731
NN018,validation,0.65,44577,240,0.005355110783854341,3003,162,78,2841,41736
NN018,validation,0.66,44602,215,0.004797286743869514,3003,145,70,2858,41744
NN018,validation,0.67,44642,175,0.0039047682798937903,3003,120,55,2883,41759
NN018,validation,0.68,44668,149,0.00332463127830957,3003,104,45,2899,41769
NN018,validation,0.69,44682,135,0.003012249815918067,3003,94,41,2909,41773
NN018,validation,0.7,44700,117,0.002610616507128991,3003,82,35,2921,41779
NN018,validation,0.71,44745,72,0.0016065332351563022,3003,51,21,2952,41793
NN018,validation,0.72,44761,56,0.0012495258495660128,3003,40,16,2963,41798
NN018,validation,0.73,44767,50,0.0011156480799696543,3003,36,14,2967,41800
NN018,validation,0.74,44793,24,0.0005355110783854341,3003,17,7,2986,41807
NN018,validation,0.75,44803,14,0.0003123814623915032,3003,12,2,2991,41812
NN018,validation,0.76,44805,12,0.00026775553919271706,3003,10,2,2993,41812
NN018,validation,0.77,44807,10,0.00022312961599393088,3003,8,2,2995,41812
NN018,validation,0.78,44811,6,0.00013387776959635853,3003,5,1,2998,41813
NN018,validation,0.79,44811,6,0.00013387776959635853,3003,5,1,2998,41813
NN018,validation,0.8,44813,4,8.925184639757235e-05,3003,3,1,3000,41813
NN018,validation,0.81,44813,4,8.925184639757235e-05,3003,3,1,3000,41813
NN018,validation,0.82,44813,4,8.925184639757235e-05,3003,3,1,3000,41813
NN018,validation,0.83,44814,3,6.693888479817926e-05,3003,2,1,3001,41813
NN018,validation,0.84,44816,1,2.2312961599393088e-05,3003,0,1,3003,41813
NN018,validation,0.85,44816,1,2.2312961599393088e-05,3003,0,1,3003,41813
NN018,validation,0.86,44816,1,2.2312961599393088e-05,3003,0,1,3003,41813
NN018,validation,0.87,44817,0,0.0,3003,0,0,3003,41814
NN018,validation,0.88,44817,0,0.0,3003,0,0,3003,41814
NN018,validation,0.89,44817,0,0.0,3003,0,0,3003,41814
NN018,validation,0.9,44817,0,0.0,3003,0,0,3003,41814
NN018,validation,0.91,44817,0,0.0,3003,0,0,3003,41814
NN018,validation,0.92,44817,0,0.0,3003,0,0,3003,41814
NN018,validation,0.93,44817,0,0.0,3003,0,0,3003,41814
NN018,validation,0.94,44817,0,0.0,3003,0,0,3003,41814
NN018,validation,0.95,44817,0,0.0,3003,0,0,3003,41814
NN018,validation,0.96,44817,0,0.0,3003,0,0,3003,41814
NN018,validation,0.97,44817,0,0.0,3003,0,0,3003,41814
NN018,validation,0.98,44817,0,0.0,3003,0,0,3003,41814
NN018,validation,0.99,44817,0,0.0,3003,0,0,3003,41814
NN019,validation,0.01,8701,36116,0.8058549211236807,3003,2953,33163,50,8651
NN019,validation,0.02,20789,24028,0.5361358413102171,3003,2801,21227,202,20587
NN019,validation,0.03,25350,19467,0.43436642345538523,3003,2704,16763,299,25051
NN019,validation,0.04,28267,16550,0.3692795144699556,3003,2621,13929,382,27885
NN019,validation,0.05,30238,14579,0.32530066715755185,3003,2554,12025,449,29789
NN019,validation,0.06,31866,12951,0.2889751656737399,3003,2475,10476,528,31338
NN019,validation,0.07,33223,11594,0.25869647678336344,3003,2395,9199,608,32615
NN019,validation,0.08,34436,10381,0.23163085436329964,3003,2304,8077,699,33737
NN019,validation,0.09,35411,9406,0.2098757168038914,3003,2234,7172,769,34642
NN019,validation,0.1,36279,8538,0.1905080661356182,3003,2170,6368,833,35446
NN019,validation,0.11,36952,7865,0.17549144297922664,3003,2102,5763,901,36051
NN019,validation,0.12,37692,7125,0.15897985139567575,3003,2023,5102,980,36712
NN019,validation,0.13,38480,6337,0.141397237655354,3003,1939,4398,1064,37416
NN019,validation,0.14,38993,5824,0.12995068835486534,3003,1873,3951,1130,37863
NN019,validation,0.15,39375,5442,0.12142713702389718,3003,1826,3616,1177,38198
NN019,validation,0.16,39696,5121,0.114264676350492,3003,1772,3349,1231,38465
NN019,validation,0.17,39967,4850,0.10821786375705647,3003,1729,3121,1274,38693
NN019,validation,0.18,40241,4576,0.10210411227882277,3003,1681,2895,1322,38919
NN019,validation,0.19,40486,4331,0.09663743668697146,3003,1637,2694,1366,39120
NN019,validation,0.2,40687,4130,0.09215253140549345,3003,1601,2529,1402,39285
NN019,validation,0.21,40876,3941,0.08793538166320816,3003,1552,2389,1451,39425
NN019,validation,0.22,41038,3779,0.08432068188410648,3003,1508,2271,1495,39543
NN019,validation,0.23,41181,3636,0.08112992837539326,3003,1475,2161,1528,39653
NN019,validation,0.24,41313,3504,0.07818461744427338,3003,1453,2051,1550,39763
NN019,validation,0.25,41430,3387,0.07557400093714439,3003,1418,1969,1585,39845
NN019,validation,0.26,41543,3274,0.07305263627641297,3003,1388,1886,1615,39928
NN019,validation,0.27,41677,3140,0.0700626994220943,3003,1352,1788,1651,40026
NN019,validation,0.28,41817,3000,0.06693888479817926,3003,1312,1688,1691,40126
NN019,validation,0.29,41948,2869,0.06401588682865877,3003,1281,1588,1722,40226
NN019,validation,0.3,42084,2733,0.06098132405114131,3003,1243,1490,1760,40324
NN019,validation,0.31,42210,2607,0.05816989088961778,3003,1209,1398,1794,40416
NN019,validation,0.32,42337,2480,0.05533614476649486,3003,1172,1308,1831,40506
NN019,validation,0.33,42438,2379,0.05308253564495616,3003,1135,1244,1868,40570
NN019,validation,0.34,42540,2277,0.05080661356181806,3003,1101,1176,1902,40638
NN019,validation,0.35,42630,2187,0.048798447017872684,3003,1073,1114,1930,40700
NN019,validation,0.36,42705,2112,0.0471249748979182,3003,1044,1068,1959,40746
NN019,validation,0.37,42781,2036,0.045429189816364325,3003,1015,1021,1988,40793
NN019,validation,0.38,42864,1953,0.0435772140036147,3003,985,968,2018,40846
NN019,validation,0.39,42930,1887,0.042104558538054754,3003,970,917,2033,40897
NN019,validation,0.4,43025,1792,0.03998482718611241,3003,931,861,2072,40953
NN019,validation,0.41,43124,1693,0.0377758439877725,3003,890,803,2113,41011
NN019,validation,0.42,43198,1619,0.03612468482941741,3003,862,757,2141,41057
NN019,validation,0.43,43259,1558,0.03476359417185443,3003,836,722,2167,41092
NN019,validation,0.44,43324,1493,0.03331325166789388,3003,801,692,2202,41122
NN019,validation,0.45,43407,1410,0.03146127585514425,3003,769,641,2234,41173
NN019,validation,0.46,43493,1324,0.02954236115759645,3003,741,583,2262,41231
NN019,validation,0.47,43569,1248,0.027846576076042573,3003,705,543,2298,41271
NN019,validation,0.48,43646,1171,0.026128478032889306,3003,675,496,2328,41318
NN019,validation,0.49,43723,1094,0.02441037998973604,3003,640,454,2363,41360
NN019,validation,0.5,43798,1019,0.022736907869781556,3003,602,417,2401,41397
NN019,validation,0.51,43869,948,0.021152687596224646,3003,572,376,2431,41438
NN019,validation,0.52,43930,887,0.019791596938661667,3003,543,344,2460,41470
NN019,validation,0.53,43976,841,0.018765200705089587,3003,521,320,2482,41494
NN019,validation,0.54,44049,768,0.017136354508333892,3003,476,292,2527,41522
NN019,validation,0.55,44100,717,0.015998393466764845,3003,450,267,2553,41547
NN019,validation,0.56,44159,658,0.014681928732400651,3003,423,235,2580,41579
NN019,validation,0.57,44222,595,0.013276212151638886,3003,391,204,2612,41610
NN019,validation,0.58,44276,541,0.01207131222527166,3003,366,175,2637,41639
NN019,validation,0.59,44330,487,0.010866412298904433,3003,328,159,2675,41655
NN019,validation,0.6,44394,423,0.009438382756543276,3003,287,136,2716,41678
NN019,validation,0.61,44432,385,0.008590490215766338,3003,262,123,2741,41691
NN019,validation,0.62,44471,346,0.0077202847133900085,3003,241,105,2762,41709
NN019,validation,0.63,44509,308,0.006872392172613071,3003,215,93,2788,41721
NN019,validation,0.64,44544,273,0.006091438516634313,3003,194,79,2809,41735
NN019,validation,0.65,44580,237,0.0052881718990561615,3003,167,70,2836,41744
NN019,validation,0.66,44604,213,0.004752660820670727,3003,150,63,2853,41751
NN019,validation,0.67,44633,184,0.004105584934288328,3003,130,54,2873,41760
NN019,validation,0.68,44654,163,0.003637012740701073,3003,116,47,2887,41767
NN019,validation,0.69,44668,149,0.00332463127830957,3003,103,46,2900,41768
NN019,validation,0.7,44729,88,0.001963540620746592,3003,64,24,2939,41790
NN019,validation,0.71,44745,72,0.0016065332351563022,3003,52,20,2951,41794
NN019,validation,0.72,44754,63,0.0014057165807617644,3003,47,16,2956,41798
NN019,validation,0.73,44760,57,0.001271838811165406,3003,43,14,2960,41800
NN019,validation,0.74,44767,50,0.0011156480799696543,3003,36,14,2967,41800
NN019,validation,0.75,44774,43,0.0009594573487739028,3003,30,13,2973,41801
NN019,validation,0.76,44779,38,0.0008478925407769373,3003,25,13,2978,41801
NN019,validation,0.77,44795,22,0.000490885155186648,3003,18,4,2985,41810
NN019,validation,0.78,44798,19,0.00042394627038846864,3003,15,4,2988,41810
NN019,validation,0.79,44798,19,0.00042394627038846864,3003,15,4,2988,41810
NN019,validation,0.8,44800,17,0.0003793203471896825,3003,13,4,2990,41810
NN019,validation,0.81,44802,15,0.00033469442399089634,3003,12,3,2991,41811
NN019,validation,0.82,44802,15,0.00033469442399089634,3003,12,3,2991,41811
NN019,validation,0.83,44802,15,0.00033469442399089634,3003,12,3,2991,41811
NN019,validation,0.84,44802,15,0.00033469442399089634,3003,12,3,2991,41811
NN019,validation,0.85,44804,13,0.00029006850079211013,3003,10,3,2993,41811
NN019,validation,0.86,44804,13,0.00029006850079211013,3003,10,3,2993,41811
NN019,validation,0.87,44805,12,0.00026775553919271706,3003,9,3,2994,41811
NN019,validation,0.88,44805,12,0.00026775553919271706,3003,9,3,2994,41811
NN019,validation,0.89,44805,12,0.00026775553919271706,3003,9,3,2994,41811
NN019,validation,0.9,44806,11,0.000245442577593324,3003,8,3,2995,41811
NN019,validation,0.91,44807,10,0.00022312961599393088,3003,7,3,2996,41811
NN019,validation,0.92,44808,9,0.00020081665439453778,3003,7,2,2996,41812
NN019,validation,0.93,44810,7,0.0001561907311957516,3003,6,1,2997,41813
NN019,validation,0.94,44813,4,8.925184639757235e-05,3003,4,0,2999,41814
NN019,validation,0.95,44817,0,0.0,3003,0,0,3003,41814
NN019,validation,0.96,44817,0,0.0,3003,0,0,3003,41814
NN019,validation,0.97,44817,0,0.0,3003,0,0,3003,41814
NN019,validation,0.98,44817,0,0.0,3003,0,0,3003,41814
NN019,validation,0.99,44817,0,0.0,3003,0,0,3003,41814
NNSTACK001,validation,0.01,2,44815,0.9999553740768012,3003,3003,41812,0,2
NNSTACK001,validation,0.02,23544,21273,0.4746636321038891,3003,2761,18512,242,23302
NNSTACK001,validation,0.03,30305,14512,0.3238056987303925,3003,2556,11956,447,29858
NNSTACK001,validation,0.04,32801,12016,0.26811254657830735,3003,2430,9586,573,32228
NNSTACK001,validation,0.05,34385,10432,0.23276881540486868,3003,2319,8113,684,33701
NNSTACK001,validation,0.06,35492,9325,0.20806836691434055,3003,2211,7114,792,34700
NNSTACK001,validation,0.07,36334,8483,0.18928085324765156,3003,2144,6339,859,35475
NNSTACK001,validation,0.08,36992,7825,0.17459892451525091,3003,2083,5742,920,36072
NNSTACK001,validation,0.09,37587,7230,0.161322712363612,3003,2025,5205,978,36609
NNSTACK001,validation,0.1,38151,6666,0.14873820202155433,3003,1965,4701,1038,37113
NNSTACK001,validation,0.11,38656,6161,0.13747015641386082,3003,1904,4257,1099,37557
NNSTACK001,validation,0.12,39046,5771,0.1287681013900975,3003,1854,3917,1149,37897
NNSTACK001,validation,0.13,39365,5452,0.12165026663989112,3003,1821,3631,1182,38183
NNSTACK001,validation,0.14,39684,5133,0.11453243188968472,3003,1759,3374,1244,38440
NNSTACK001,validation,0.15,40003,4814,0.10741459713947832,3003,1702,3112,1301,38702
NNSTACK001,validation,0.16,40265,4552,0.10156860120043733,3003,1659,2893,1344,38921
NNSTACK001,validation,0.17,40516,4301,0.09596804783898967,3003,1611,2690,1392,39124
NNSTACK001,validation,0.18,40716,4101,0.09150545551911105,3003,1576,2525,1427,39289
NNSTACK001,validation,0.19,40916,3901,0.08704286319923243,3003,1534,2367,1469,39447
NNSTACK001,validation,0.2,41132,3685,0.08222326349376352,3003,1486,2199,1517,39615
NNSTACK001,validation,0.21,41342,3475,0.07753754155789098,3003,1431,2044,1572,39770
NNSTACK001,validation,0.22,41548,3269,0.072941071468416,3003,1380,1889,1623,39925
NNSTACK001,validation,0.23,41716,3101,0.06919249391971796,3003,1337,1764,1666,40050
NNSTACK001,validation,0.24,41861,2956,0.06595711448780597,3003,1298,1658,1705,40156
NNSTACK001,validation,0.25,41991,2826,0.06305642947988487,3003,1265,1561,1738,40253
NNSTACK001,validation,0.26,42130,2687,0.059954927817569226,3003,1227,1460,1776,40354
NNSTACK001,validation,0.27,42241,2576,0.057478189080036594,3003,1178,1398,1825,40416
NNSTACK001,validation,0.28,42339,2478,0.05529151884329607,3003,1147,1331,1856,40483
NNSTACK001,validation,0.29,42434,2383,0.05317178749135373,3003,1113,1270,1890,40544
NNSTACK001,validation,0.3,42559,2258,0.050382667291429595,3003,1074,1184,1929,40630
NNSTACK001,validation,0.31,42648,2169,0.04839681370908361,3003,1051,1118,1952,40696
NNSTACK001,validation,0.32,42735,2082,0.04645558604993641,3003,1018,1064,1985,40750
NNSTACK001,validation,0.33,42808,2009,0.04482673985318071,3003,997,1012,2006,40802
NNSTACK001,validation,0.34,42882,1935,0.043175580694825626,3003,971,964,2032,40850
NNSTACK001,validation,0.35,42952,1865,0.04161367338286811,3003,949,916,2054,40898
NNSTACK001,validation,0.36,43010,1807,0.04031952161010331,3003,924,883,2079,40931
NNSTACK001,validation,0.37,43072,1745,0.03893611799094094,3003,898,847,2105,40967
NNSTACK001,validation,0.38,43128,1689,0.037686592141374924,3003,880,809,2123,41005
NNSTACK001,validation,0.39,43189,1628,0.036325501483811945,3003,862,766,2141,41048
NNSTACK001,validation,0.4,43248,1569,0.035009036749447754,3003,838,731,2165,41083
NNSTACK001,validation,0.41,43300,1517,0.033848762746279314,3003,819,698,2184,41116
NNSTACK001,validation,0.42,43344,1473,0.03286699243590602,3003,797,676,2206,41138
NNSTACK001,validation,0.43,43408,1409,0.03143896289354486,3003,770,639,2233,41175
NNSTACK001,validation,0.44,43463,1354,0.030211750005578242,3003,746,608,2257,41206
NNSTACK001,validation,0.45,43507,1310,0.029229979695204945,3003,727,583,2276,41231
NNSTACK001,validation,0.46,43545,1272,0.02838208715442801,3003,709,563,2294,41251
NNSTACK001,validation,0.47,43602,1215,0.027110248343262602,3003,687,528,2316,41286
NNSTACK001,validation,0.48,43651,1166,0.02601691322489234,3003,667,499,2336,41315
NNSTACK001,validation,0.49,43693,1124,0.02507976883771783,3003,649,475,2354,41339
NNSTACK001,validation,0.5,43732,1085,0.0242095633353415,3003,627,458,2376,41356
NNSTACK001,validation,0.51,43769,1048,0.023383983756163955,3003,617,431,2386,41383
NNSTACK001,validation,0.52,43827,990,0.022089831983399158,3003,588,402,2415,41412
NNSTACK001,validation,0.53,43865,952,0.021241939442622218,3003,570,382,2433,41432
NNSTACK001,validation,0.54,43906,911,0.020327108017047103,3003,549,362,2454,41452
NNSTACK001,validation,0.55,43936,881,0.01965771916906531,3003,537,344,2466,41470
NNSTACK001,validation,0.56,43967,850,0.018966017359484125,3003,517,333,2486,41481
NNSTACK001,validation,0.57,43994,823,0.01836356739630051,3003,503,320,2500,41494
NNSTACK001,validation,0.58,44027,790,0.01762723966352054,3003,479,311,2524,41503
NNSTACK001,validation,0.59,44062,755,0.01684628600754178,3003,464,291,2539,41523
NNSTACK001,validation,0.6,44104,713,0.01590914162036727,3003,443,270,2560,41544
NNSTACK001,validation,0.61,44140,677,0.015105875002789121,3003,416,261,2587,41553
NNSTACK001,validation,0.62,44167,650,0.014503425039605507,3003,404,246,2599,41568
NNSTACK001,validation,0.63,44211,606,0.01352165472923221,3003,379,227,2624,41587
NNSTACK001,validation,0.64,44251,566,0.012629136265256488,3003,357,209,2646,41605
NNSTACK001,validation,0.65,44284,533,0.011892808532476516,3003,339,194,2664,41620
NNSTACK001,validation,0.66,44308,509,0.011357297454091081,3003,326,183,2677,41631
NNSTACK001,validation,0.67,44345,472,0.010531717874913537,3003,305,167,2698,41647
NNSTACK001,validation,0.68,44378,439,0.009795390142133565,3003,285,154,2718,41660
NNSTACK001,validation,0.69,44415,402,0.008969810562956022,3003,266,136,2737,41678
NNSTACK001,validation,0.7,44444,373,0.008322734676573622,3003,249,124,2754,41690
NNSTACK001,validation,0.71,44470,347,0.0077425976749894015,3003,234,113,2769,41701
NNSTACK001,validation,0.72,44494,323,0.007207086596603967,3003,220,103,2783,41711
NNSTACK001,validation,0.73,44517,300,0.006693888479817926,3003,209,91,2794,41723
NNSTACK001,validation,0.74,44536,281,0.006269942209429458,3003,198,83,2805,41731
NNSTACK001,validation,0.75,44554,263,0.005868308900640382,3003,189,74,2814,41740
NNSTACK001,validation,0.76,44572,245,0.0054666755918513065,3003,178,67,2825,41747
NNSTACK001,validation,0.77,44591,226,0.005042729321462837,3003,165,61,2838,41753
NNSTACK001,validation,0.78,44605,212,0.004730347859071334,3003,155,57,2848,41757
NNSTACK001,validation,0.79,44632,185,0.004127897895887721,3003,136,49,2867,41765
NNSTACK001,validation,0.8,44644,173,0.0038601423566950043,3003,129,44,2874,41770
NNSTACK001,validation,0.81,44656,161,0.003592386817502287,3003,120,41,2883,41773
NNSTACK001,validation,0.82,44671,146,0.003257692393511391,3003,112,34,2891,41780
NNSTACK001,validation,0.83,44690,127,0.0028337461231229223,3003,99,28,2904,41786
NNSTACK001,validation,0.84,44709,108,0.0024097998527344536,3003,82,26,2921,41788
NNSTACK001,validation,0.85,44720,97,0.0021643572751411295,3003,75,22,2928,41792
NNSTACK001,validation,0.86,44738,79,0.0017627239663520538,3003,61,18,2942,41796
NNSTACK001,validation,0.87,44749,68,0.00151728138875873,3003,53,15,2950,41799
NNSTACK001,validation,0.88,44761,56,0.0012495258495660128,3003,44,12,2959,41802
NNSTACK001,validation,0.89,44767,50,0.0011156480799696543,3003,39,11,2964,41803
NNSTACK001,validation,0.9,44776,41,0.0009148314255751166,3003,32,9,2971,41805
NNSTACK001,validation,0.91,44787,30,0.0006693888479817927,3003,25,5,2978,41809
NNSTACK001,validation,0.92,44794,23,0.000513198116786041,3003,18,5,2985,41809
NNSTACK001,validation,0.93,44798,19,0.00042394627038846864,3003,15,4,2988,41810
NNSTACK001,validation,0.94,44807,10,0.00022312961599393088,3003,7,3,2996,41811
NNSTACK001,validation,0.95,44815,2,4.4625923198786177e-05,3003,1,1,3002,41813
NNSTACK001,validation,0.96,44816,1,2.2312961599393088e-05,3003,1,0,3002,41814
NNSTACK001,validation,0.97,44817,0,0.0,3003,0,0,3003,41814
NNSTACK001,validation,0.98,44817,0,0.0,3003,0,0,3003,41814
NNSTACK001,validation,0.99,44817,0,0.0,3003,0,0,3003,41814
RASTACK001,validation,0.01,0,44817,1.0,3003,3003,41814,0,0
RASTACK001,validation,0.02,64,44753,0.9985719704576388,3003,3002,41751,1,63
RASTACK001,validation,0.03,254,44563,0.9943325077537541,3003,3001,41562,2,252
RASTACK001,validation,0.04,648,44169,0.9855412008835933,3003,3000,41169,3,645
RASTACK001,validation,0.05,1024,43793,0.9771515273222214,3003,2999,40794,4,1020
RASTACK001,validation,0.06,1401,43416,0.9687395407992503,3003,2998,40418,5,1396
RASTACK001,validation,0.07,1848,42969,0.9587656469643215,3003,2998,39971,5,1843
RASTACK001,validation,0.08,2375,42442,0.9470067162014414,3003,2996,39446,7,2368
RASTACK001,validation,0.09,2917,41900,0.9349130910145703,3003,2989,38911,14,2903
RASTACK001,validation,0.1,3454,41363,0.9229310306356963,3003,2988,38375,15,3439
RASTACK001,validation,0.11,3973,40844,0.9113506035656113,3003,2985,37859,18,3955
RASTACK001,validation,0.12,4514,40303,0.8992792913403396,3003,2981,37322,22,4492
RASTACK001,validation,0.13,5001,39816,0.8884128790414352,3003,2979,36837,24,4977
RASTACK001,validation,0.14,5558,39259,0.8759845594305732,3003,2975,36284,28,5530
RASTACK001,validation,0.15,6087,38730,0.8641810027444943,3003,2974,35756,29,6058
RASTACK001,validation,0.16,6570,38247,0.8534038422919874,3003,2971,35276,32,6538
RASTACK001,validation,0.17,7049,37768,0.8427159336858782,3003,2967,34801,36,7013
RASTACK001,validation,0.18,7498,37319,0.8326974139277507,3003,2964,34355,39,7459
RASTACK001,validation,0.19,7934,36883,0.8229689626704152,3003,2959,33924,44,7890
RASTACK001,validation,0.2,8360,36457,0.8134636410290738,3003,2959,33498,44,8316
RASTACK001,validation,0.21,8803,36014,0.8035789990405426,3003,2955,33059,48,8755
RASTACK001,validation,0.22,9239,35578,0.7938505477832073,3003,2954,32624,49,9190
RASTACK001,validation,0.23,9678,35139,0.7840551576410737,3003,2948,32191,55,9623
RASTACK001,validation,0.24,10110,34707,0.7744159582301359,3003,2945,31762,58,10052
RASTACK001,validation,0.25,10551,34266,0.7645759421648035,3003,2937,31329,66,10485
RASTACK001,validation,0.26,10982,33835,0.7549590557154651,3003,2931,30904,72,10910
RASTACK001,validation,0.27,11442,33375,0.7446950933797443,3003,2925,30450,78,11364
RASTACK001,validation,0.28,11881,32936,0.7348997032376108,3003,2920,30016,83,11798
RASTACK001,validation,0.29,12320,32497,0.7251043130954772,3003,2916,29581,87,12233
RASTACK001,validation,0.3,12805,32012,0.7142825267197715,3003,2914,29098,89,12716
RASTACK001,validation,0.31,13298,31519,0.7032822366512708,3003,2913,28606,90,13208
RASTACK001,validation,0.32,13795,31022,0.6921926947363723,3003,2907,28115,96,13699
RASTACK001,validation,0.33,14312,30505,0.6806568935894861,3003,2902,27603,101,14211
RASTACK001,validation,0.34,14853,29964,0.6685855813642144,3003,2893,27071,110,14743
RASTACK001,validation,0.35,15394,29423,0.6565142691389428,3003,2886,26537,117,15277
RASTACK001,validation,0.36,15923,28894,0.6447107124528638,3003,2884,26010,119,15804
RASTACK001,validation,0.37,16435,28382,0.6332864761139746,3003,2877,25505,126,16309
RASTACK001,validation,0.38,16971,27846,0.6213267286966999,3003,2871,24975,132,16839
RASTACK001,validation,0.39,17490,27327,0.6097463016266149,3003,2863,24464,140,17350
RASTACK001,validation,0.4,18029,26788,0.597719615324542,3003,2854,23934,149,17880
RASTACK001,validation,0.41,18539,26278,0.5863400049088515,3003,2846,23432,157,18382
RASTACK001,validation,0.42,19002,25815,0.5760091036883326,3003,2840,22975,163,18839
RASTACK001,validation,0.43,19490,25327,0.5651203784278287,3003,2832,22495,171,19319
RASTACK001,validation,0.44,19977,24840,0.5542539661289243,3003,2821,22019,182,19795
RASTACK001,validation,0.45,20499,24318,0.542606600174041,3003,2814,21504,189,20310
RASTACK001,validation,0.46,21015,23802,0.5310931119887543,3003,2801,21001,202,20813
RASTACK001,validation,0.47,21513,23304,0.5199812571122565,3003,2793,20511,210,21303
RASTACK001,validation,0.48,21974,22843,0.5096949818149363,3003,2786,20057,217,21757
RASTACK001,validation,0.49,22412,22405,0.4999219046344021,3003,2779,19626,224,22188
RASTACK001,validation,0.5,22875,21942,0.4895910034138831,3003,2763,19179,240,22635
RASTACK001,validation,0.51,23315,21502,0.47977330031015014,3003,2751,18751,252,23063
RASTACK001,validation,0.52,23720,21097,0.47073655086239596,3003,2745,18352,258,23462
RASTACK001,validation,0.53,24151,20666,0.4611196644130576,3003,2734,17932,269,23882
RASTACK001,validation,0.54,24566,20251,0.45185978534930943,3003,2726,17525,277,24289
RASTACK001,validation,0.55,24965,19852,0.4429569136711516,3003,2717,17135,286,24679
RASTACK001,validation,0.56,25407,19410,0.43309458464421985,3003,2705,16705,298,25109
RASTACK001,validation,0.57,25838,18979,0.4234776981948814,3003,2689,16290,314,25524
RASTACK001,validation,0.58,26295,18522,0.41328067474395874,3003,2677,15845,326,25969
RASTACK001,validation,0.59,26749,18068,0.4031505901778343,3003,2657,15411,346,26403
RASTACK001,validation,0.6,27148,17669,0.39424771849967644,3003,2634,15035,369,26779
RASTACK001,validation,0.61,27592,17225,0.38434076354954594,3003,2612,14613,391,27201
RASTACK001,validation,0.62,28019,16798,0.37481312894660507,3003,2602,14196,401,27618
RASTACK001,validation,0.63,28455,16362,0.3650846776892697,3003,2588,13774,415,28040
RASTACK001,validation,0.64,28890,15927,0.3553785393935337,3003,2575,13352,428,28462
RASTACK001,validation,0.65,29370,15447,0.344668317825825,3003,2552,12895,451,28919
RASTACK001,validation,0.66,29871,14946,0.3334895240645291,3003,2528,12418,475,29396
RASTACK001,validation,0.67,30337,14480,0.3230916839592119,3003,2507,11973,496,29841
RASTACK001,validation,0.68,30806,14011,0.31262690496909656,3003,2485,11526,518,30288
RASTACK001,validation,0.69,31261,13556,0.3024745074413727,3003,2462,11094,541,30720
RASTACK001,validation,0.7,31703,13114,0.2926121784144409,3003,2441,10673,562,31141
RASTACK001,validation,0.71,32130,12687,0.2830845438115001,3003,2413,10274,590,31540
RASTACK001,validation,0.72,32563,12254,0.2734230314389629,3003,2380,9874,623,31940
RASTACK001,validation,0.73,33056,11761,0.2624227413704621,3003,2354,9407,649,32407
RASTACK001,validation,0.74,33525,11292,0.25195796238034673,3003,2324,8968,679,32846
RASTACK001,validation,0.75,34032,10785,0.24064529084945444,3003,2293,8492,710,33322
RASTACK001,validation,0.76,34534,10283,0.22944418412655912,3003,2252,8031,751,33783
RASTACK001,validation,0.77,34977,9840,0.21955954213802797,3003,2218,7622,785,34192
RASTACK001,validation,0.78,35398,9419,0.2101657853046835,3003,2184,7235,819,34579
RASTACK001,validation,0.79,35804,9013,0.2011067228953299,3003,2149,6864,854,34950
RASTACK001,validation,0.8,36224,8593,0.1917352790235848,3003,2111,6482,892,35332
RASTACK001,validation,0.81,36687,8130,0.1814043778030658,3003,2065,6065,938,35749
RASTACK001,validation,0.82,37168,7649,0.17067184327375773,3003,2016,5633,987,36181
RASTACK001,validation,0.83,37731,7086,0.15810964589329943,3003,1952,5134,1051,36680
RASTACK001,validation,0.84,38261,6556,0.14628377624562108,3003,1884,4672,1119,37142
RASTACK001,validation,0.85,38781,6036,0.13468103621393668,3003,1816,4220,1187,37594
RASTACK001,validation,0.86,39382,5435,0.12127094629270144,3003,1732,3703,1271,38111
RASTACK001,validation,0.87,40065,4752,0.10603119352031595,3003,1646,3106,1357,38708
RASTACK001,validation,0.88,40496,4321,0.09641430707097753,3003,1569,2752,1434,39062
RASTACK001,validation,0.89,40890,3927,0.08762300020081665,3003,1490,2437,1513,39377
RASTACK001,validation,0.9,41255,3562,0.07947876921703818,3003,1405,2157,1598,39657
RASTACK001,validation,0.91,41666,3151,0.07030814199968762,3003,1315,1836,1688,39978
RASTACK001,validation,0.92,42074,2743,0.06120445366713524,3003,1211,1532,1792,40282
RASTACK001,validation,0.93,42490,2327,0.05192226164178772,3003,1088,1239,1915,40575
RASTACK001,validation,0.94,42843,1974,0.04404578619720195,3003,981,993,2022,40821
RASTACK001,validation,0.95,43248,1569,0.035009036749447754,3003,812,757,2191,41057
RASTACK001,validation,0.96,43618,1199,0.02675324095767231,3003,659,540,2344,41274
RASTACK001,validation,0.97,43984,833,0.018586697012294442,3003,487,346,2516,41468
RASTACK001,validation,0.98,44306,511,0.011401923377289867,3003,322,189,2681,41625
RASTACK001,validation,0.99,44651,166,0.0037039516254992527,3003,122,44,2881,41770
RF001,validation,0.01,0,44817,1.0,3003,3003,41814,0,0
RF001,validation,0.02,12362,32455,0.7241671687083027,3003,2898,29557,105,12257
RF001,validation,0.03,24885,19932,0.44474195059910304,3003,2706,17226,297,24588
RF001,validation,0.04,27954,16863,0.37626347145056566,3003,2629,14234,374,27580
RF001,validation,0.05,29980,14837,0.3310574112501952,3003,2525,12312,478,29502
RF001,validation,0.06,31556,13261,0.29589218376955173,3003,2439,10822,564,30992
RF001,validation,0.07,32298,12519,0.27933596626280205,3003,2389,10130,614,31684
RF001,validation,0.08,33710,11107,0.24783006448445902,3003,2310,8797,693,33017
RF001,validation,0.09,34759,10058,0.22442376776669568,3003,2228,7830,775,33984
RF001,validation,0.1,35571,9246,0.20630564294798848,3003,2163,7083,840,34731
RF001,validation,0.11,37302,7515,0.16768190641943906,3003,2025,5490,978,36324
RF001,validation,0.12,38836,5981,0.13345382332597006,3003,1851,4130,1152,37684
RF001,validation,0.13,39237,5580,0.12450632572461343,3003,1797,3783,1206,38031
RF001,validation,0.14,39695,5122,0.1142869893120914,3003,1750,3372,1253,38442
RF001,validation,0.15,40074,4743,0.10583037686592141,3003,1692,3051,1311,38763
RF001,validation,0.16,40517,4300,0.09594573487739028,3003,1615,2685,1388,39129
RF001,validation,0.17,40949,3868,0.08630653546645246,3003,1528,2340,1475,39474
RF001,validation,0.18,41187,3630,0.08099605060579691,3003,1465,2165,1538,39649
RF001,validation,0.19,41356,3461,0.07722516009549947,3003,1430,2031,1573,39783
RF001,validation,0.2,41531,3286,0.07332039181560568,3003,1380,1906,1623,39908
RF001,validation,0.21,41699,3118,0.06957181426690764,3003,1337,1781,1666,40033
RF001,validation,0.22,41813,3004,0.06702813664457684,3003,1308,1696,1695,40118
RF001,validation,0.23,41918,2899,0.06468527567664056,3003,1276,1623,1727,40191
RF001,validation,0.24,42031,2786,0.062163911015909144,3003,1242,1544,1761,40270
RF001,validation,0.25,42126,2691,0.0600441796639668,3003,1207,1484,1796,40330
RF001,validation,0.26,42221,2596,0.05792444831202446,3003,1177,1419,1826,40395
RF001,validation,0.27,42357,2460,0.054889885534506994,3003,1135,1325,1868,40489
RF001,validation,0.28,42475,2342,0.05225695606577861,3003,1098,1244,1905,40570
RF001,validation,0.29,42592,2225,0.04964633955864962,3003,1054,1171,1949,40643
RF001,validation,0.3,42706,2111,0.047102661936318804,3003,1021,1090,1982,40724
RF001,validation,0.31,42806,2011,0.0448713657763795,3003,982,1029,2021,40785
RF001,validation,0.32,42973,1844,0.04114510118928085,3003,931,913,2072,40901
RF001,validation,0.33,43116,1701,0.03795434768056764,3003,878,823,2125,40991
RF001,validation,0.34,43250,1567,0.034964410826248966,3003,829,738,2174,41076
RF001,validation,0.35,43363,1454,0.03244304616551755,3003,789,665,2214,41149
RF001,validation,0.36,43482,1335,0.029787803735189772,3003,744,591,2259,41223
RF001,validation,0.37,43580,1237,0.02760113349844925,3003,698,539,2305,41275
RF001,validation,0.38,43685,1132,0.025258272530512976,3003,643,489,2360,41325
RF001,validation,0.39,43793,1024,0.022848472677778522,3003,593,431,2410,41383
RF001,validation,0.4,43872,945,0.021085748711426468,3003,556,389,2447,41425
RF001,validation,0.41,43936,881,0.01965771916906531,3003,527,354,2476,41460
RF001,validation,0.42,43995,822,0.018341254434701117,3003,500,322,2503,41492
RF001,validation,0.43,44057,760,0.016957850815538748,3003,474,286,2529,41528
RF001,validation,0.44,44119,698,0.015574447196376375,3003,433,265,2570,41549
RF001,validation,0.45,44166,651,0.0145257380012049,3003,407,244,2596,41570
RF001,validation,0.46,44206,611,0.013633219537229176,3003,387,224,2616,41590
RF001,validation,0.47,44253,564,0.012584510342057702,3003,360,204,2643,41610
RF001,validation,0.48,44296,521,0.0116250529932838,3003,339,182,2664,41632
RF001,validation,0.49,44351,466,0.010397840105317179,3003,309,157,2694,41657
RF001,validation,0.5,44403,414,0.009237566102148738,3003,275,139,2728,41675
RF001,validation,0.51,44447,370,0.008255795791775442,3003,246,124,2757,41690
RF001,validation,0.52,44495,322,0.007184773635004574,3003,218,104,2785,41710
RF001,validation,0.53,44545,272,0.00606912555503492,3003,193,79,2810,41735
RF001,validation,0.54,44602,215,0.004797286743869514,3003,156,59,2847,41755
RF001,validation,0.55,44649,168,0.0037485775486980387,3003,122,46,2881,41768
RF001,validation,0.56,44699,118,0.0026329294687283842,3003,89,29,2914,41785
RF001,validation,0.57,44730,87,0.0019412276591471986,3003,71,16,2932,41798
RF001,validation,0.58,44751,66,0.0014726554655599437,3003,51,15,2952,41799
RF001,validation,0.59,44765,52,0.0011602740031684405,3003,40,12,2963,41802
RF001,validation,0.6,44782,35,0.0007809536559787581,3003,29,6,2974,41808
RF001,validation,0.61,44794,23,0.000513198116786041,3003,21,2,2982,41812
RF001,validation,0.62,44801,16,0.0003570073855902894,3003,15,1,2988,41813
RF001,validation,0.63,44804,13,0.00029006850079211013,3003,12,1,2991,41813
RF001,validation,0.64,44808,9,0.00020081665439453778,3003,9,0,2994,41814
RF001,validation,0.65,44816,1,2.2312961599393088e-05,3003,1,0,3002,41814
RF001,validation,0.66,44817,0,0.0,3003,0,0,3003,41814
RF001,validation,0.67,44817,0,0.0,3003,0,0,3003,41814
RF001,validation,0.68,44817,0,0.0,3003,0,0,3003,41814
RF001,validation,0.69,44817,0,0.0,3003,0,0,3003,41814
RF001,validation,0.7,44817,0,0.0,3003,0,0,3003,41814
RF001,validation,0.71,44817,0,0.0,3003,0,0,3003,41814
RF001,validation,0.72,44817,0,0.0,3003,0,0,3003,41814
RF001,validation,0.73,44817,0,0.0,3003,0,0,3003,41814
RF001,validation,0.74,44817,0,0.0,3003,0,0,3003,41814
RF001,validation,0.75,44817,0,0.0,3003,0,0,3003,41814
RF001,validation,0.76,44817,0,0.0,3003,0,0,3003,41814
RF001,validation,0.77,44817,0,0.0,3003,0,0,3003,41814
RF001,validation,0.78,44817,0,0.0,3003,0,0,3003,41814
RF001,validation,0.79,44817,0,0.0,3003,0,0,3003,41814
RF001,validation,0.8,44817,0,0.0,3003,0,0,3003,41814
RF001,validation,0.81,44817,0,0.0,3003,0,0,3003,41814
RF001,validation,0.82,44817,0,0.0,3003,0,0,3003,41814
RF001,validation,0.83,44817,0,0.0,3003,0,0,3003,41814
RF001,validation,0.84,44817,0,0.0,3003,0,0,3003,41814
RF001,validation,0.85,44817,0,0.0,3003,0,0,3003,41814
RF001,validation,0.86,44817,0,0.0,3003,0,0,3003,41814
RF001,validation,0.87,44817,0,0.0,3003,0,0,3003,41814
RF001,validation,0.88,44817,0,0.0,3003,0,0,3003,41814
RF001,validation,0.89,44817,0,0.0,3003,0,0,3003,41814
RF001,validation,0.9,44817,0,0.0,3003,0,0,3003,41814
RF001,validation,0.91,44817,0,0.0,3003,0,0,3003,41814
RF001,validation,0.92,44817,0,0.0,3003,0,0,3003,41814
RF001,validation,0.93,44817,0,0.0,3003,0,0,3003,41814
RF001,validation,0.94,44817,0,0.0,3003,0,0,3003,41814
RF001,validation,0.95,44817,0,0.0,3003,0,0,3003,41814
RF001,validation,0.96,44817,0,0.0,3003,0,0,3003,41814
RF001,validation,0.97,44817,0,0.0,3003,0,0,3003,41814
RF001,validation,0.98,44817,0,0.0,3003,0,0,3003,41814
RF001,validation,0.99,44817,0,0.0,3003,0,0,3003,41814
RF002,validation,0.01,5136,39681,0.8854006292255171,3003,2983,36698,20,5116
RF002,validation,0.02,19256,25561,0.5703416114420867,3003,2837,22724,166,19090
RF002,validation,0.03,24821,19996,0.4461699801414642,3003,2705,17291,298,24523
RF002,validation,0.04,27739,17078,0.38106075819443513,3003,2637,14441,366,27373
RF002,validation,0.05,29879,14938,0.33331102037173393,3003,2560,12378,443,29436
RF002,validation,0.06,31560,13257,0.29580293192315416,3003,2461,10796,542,31018
RF002,validation,0.07,32740,12077,0.2694736372358703,3003,2397,9680,606,32134
RF002,validation,0.08,33835,10982,0.24504094428453488,3003,2335,8647,668,33167
RF002,validation,0.09,35130,9687,0.21614565901332083,3003,2246,7441,757,34373
RF002,validation,0.1,36549,8268,0.18448356650378206,3003,2134,6134,869,35680
RF002,validation,0.11,37979,6838,0.15257603141664994,3003,1976,4862,1027,36952
RF002,validation,0.12,38663,6154,0.13731396568266507,3003,1904,4250,1099,37564
RF002,validation,0.13,39112,5705,0.12729544592453756,3003,1842,3863,1161,37951
RF002,validation,0.14,39414,5403,0.12055693152152085,3003,1795,3608,1208,38206
RF002,validation,0.15,39772,5045,0.11256889126893813,3003,1748,3297,1255,38517
RF002,validation,0.16,40125,4692,0.10469241582435236,3003,1692,3000,1311,38814
RF002,validation,0.17,40439,4378,0.09768614588214293,3003,1644,2734,1359,39080
RF002,validation,0.18,40778,4039,0.09012205189994868,3003,1561,2478,1442,39336
RF002,validation,0.19,41012,3805,0.0849008188856907,3003,1510,2295,1493,39519
RF002,validation,0.2,41182,3635,0.08110761541379387,3003,1474,2161,1529,39653
RF002,validation,0.21,41346,3471,0.07744828971149341,3003,1433,2038,1570,39776
RF002,validation,0.22,41469,3348,0.07470379543476806,3003,1407,1941,1596,39873
RF002,validation,0.23,41600,3217,0.07178079746524756,3003,1375,1842,1628,39972
RF002,validation,0.24,41741,3076,0.06863466987973314,3003,1338,1738,1665,40076
RF002,validation,0.25,41899,2918,0.06510922194702903,3003,1298,1620,1705,40194
RF002,validation,0.26,42046,2771,0.06182921659191824,3003,1249,1522,1754,40292
RF002,validation,0.27,42177,2640,0.05890621862239775,3003,1210,1430,1793,40384
RF002,validation,0.28,42304,2513,0.05607247249927483,3003,1166,1347,1837,40467
RF002,validation,0.29,42409,2408,0.05372961153133855,3003,1128,1280,1875,40534
RF002,validation,0.3,42516,2301,0.0513421246402035,3003,1096,1205,1907,40609
RF002,validation,0.31,42637,2180,0.048642256286676934,3003,1046,1134,1957,40680
RF002,validation,0.32,42772,2045,0.04563000647075886,3003,996,1049,2007,40765
RF002,validation,0.33,42913,1904,0.042483878885244436,3003,946,958,2057,40856
RF002,validation,0.34,43029,1788,0.03989557533971484,3003,912,876,2091,40938
RF002,validation,0.35,43126,1691,0.03773121806457371,3003,874,817,2129,40997
RF002,validation,0.36,43248,1569,0.035009036749447754,3003,826,743,2177,41071
RF002,validation,0.37,43335,1482,0.033067809090300555,3003,793,689,2210,41125
RF002,validation,0.38,43431,1386,0.03092576477675882,3003,754,632,2249,41182
RF002,validation,0.39,43518,1299,0.02898453711761162,3003,716,583,2287,41231
RF002,validation,0.4,43613,1204,0.026864805765669277,3003,681,523,2322,41291
RF002,validation,0.41,43687,1130,0.025213646607314188,3003,647,483,2356,41331
RF002,validation,0.42,43756,1061,0.023674052256956065,3003,617,444,2386,41370
RF002,validation,0.43,43847,970,0.021643572751411294,3003,570,400,2433,41414
RF002,validation,0.44,43927,890,0.01985853582345985,3003,533,357,2470,41457
RF002,validation,0.45,43984,833,0.018586697012294442,3003,504,329,2499,41485
RF002,validation,0.46,44043,774,0.017270232277930248,3003,480,294,2523,41520
RF002,validation,0.47,44099,718,0.016020706428364236,3003,447,271,2556,41543
RF002,validation,0.48,44146,671,0.014971997233192761,3003,424,247,2579,41567
RF002,validation,0.49,44209,608,0.013566280652430996,3003,389,219,2614,41595
RF002,validation,0.5,44277,540,0.012048999263672268,3003,355,185,2648,41629
RF002,validation,0.51,44328,489,0.01091103822210322,3003,322,167,2681,41647
RF002,validation,0.52,44378,439,0.009795390142133565,3003,291,148,2712,41666
RF002,validation,0.53,44430,387,0.008635116138965124,3003,261,126,2742,41688
RF002,validation,0.54,44503,314,0.007006269942209429,3003,219,95,2784,41719
RF002,validation,0.55,44547,270,0.006024499631836134,3003,191,79,2812,41735
RF002,validation,0.56,44590,227,0.005065042283062231,3003,167,60,2836,41754
RF002,validation,0.57,44636,181,0.004038646049490149,3003,134,47,2869,41767
RF002,validation,0.58,44674,143,0.0031907535087132115,3003,109,34,2894,41780
RF002,validation,0.59,44701,116,0.002588303545529598,3003,89,27,2914,41787
RF002,validation,0.6,44725,92,0.002052792467144164,3003,71,21,2932,41793
RF002,validation,0.61,44750,67,0.001494968427159337,3003,52,15,2951,41799
RF002,validation,0.62,44760,57,0.001271838811165406,3003,47,10,2956,41804
RF002,validation,0.63,44773,44,0.000981770310373296,3003,36,8,2967,41806
RF002,validation,0.64,44789,28,0.0006247629247830064,3003,22,6,2981,41808
RF002,validation,0.65,44798,19,0.00042394627038846864,3003,18,1,2985,41813
RF002,validation,0.66,44806,11,0.000245442577593324,3003,11,0,2992,41814
RF002,validation,0.67,44811,6,0.00013387776959635853,3003,6,0,2997,41814
RF002,validation,0.68,44815,2,4.4625923198786177e-05,3003,2,0,3001,41814
RF002,validation,0.69,44817,0,0.0,3003,0,0,3003,41814
RF002,validation,0.7,44817,0,0.0,3003,0,0,3003,41814
RF002,validation,0.71,44817,0,0.0,3003,0,0,3003,41814
RF002,validation,0.72,44817,0,0.0,3003,0,0,3003,41814
RF002,validation,0.73,44817,0,0.0,3003,0,0,3003,41814
RF002,validation,0.74,44817,0,0.0,3003,0,0,3003,41814
RF002,validation,0.75,44817,0,0.0,3003,0,0,3003,41814
RF002,validation,0.76,44817,0,0.0,3003,0,0,3003,41814
RF002,validation,0.77,44817,0,0.0,3003,0,0,3003,41814
RF002,validation,0.78,44817,0,0.0,3003,0,0,3003,41814
RF002,validation,0.79,44817,0,0.0,3003,0,0,3003,41814
RF002,validation,0.8,44817,0,0.0,3003,0,0,3003,41814
RF002,validation,0.81,44817,0,0.0,3003,0,0,3003,41814
RF002,validation,0.82,44817,0,0.0,3003,0,0,3003,41814
RF002,validation,0.83,44817,0,0.0,3003,0,0,3003,41814
RF002,validation,0.84,44817,0,0.0,3003,0,0,3003,41814
RF002,validation,0.85,44817,0,0.0,3003,0,0,3003,41814
RF002,validation,0.86,44817,0,0.0,3003,0,0,3003,41814
RF002,validation,0.87,44817,0,0.0,3003,0,0,3003,41814
RF002,validation,0.88,44817,0,0.0,3003,0,0,3003,41814
RF002,validation,0.89,44817,0,0.0,3003,0,0,3003,41814
RF002,validation,0.9,44817,0,0.0,3003,0,0,3003,41814
RF002,validation,0.91,44817,0,0.0,3003,0,0,3003,41814
RF002,validation,0.92,44817,0,0.0,3003,0,0,3003,41814
RF002,validation,0.93,44817,0,0.0,3003,0,0,3003,41814
RF002,validation,0.94,44817,0,0.0,3003,0,0,3003,41814
RF002,validation,0.95,44817,0,0.0,3003,0,0,3003,41814
RF002,validation,0.96,44817,0,0.0,3003,0,0,3003,41814
RF002,validation,0.97,44817,0,0.0,3003,0,0,3003,41814
RF002,validation,0.98,44817,0,0.0,3003,0,0,3003,41814
RF002,validation,0.99,44817,0,0.0,3003,0,0,3003,41814
RF003,validation,0.01,8912,35905,0.8011468862262088,3003,2954,32951,49,8863
RF003,validation,0.02,20358,24459,0.5457527277595555,3003,2817,21642,186,20172
RF003,validation,0.03,24874,19943,0.44498739317669633,3003,2718,17225,285,24589
RF003,validation,0.04,27674,17143,0.3825111006983957,3003,2644,14499,359,27315
RF003,validation,0.05,29744,15073,0.336323270187652,3003,2583,12490,420,29324
RF003,validation,0.06,31409,13408,0.29917218912466254,3003,2507,10901,496,30913
RF003,validation,0.07,32820,11997,0.26768860030791886,3003,2428,9569,575,32245
RF003,validation,0.08,34118,10699,0.23872637615190664,3003,2339,8360,664,33454
RF003,validation,0.09,35369,9448,0.2108128611910659,3003,2249,7199,754,34615
RF003,validation,0.1,36612,8205,0.18307784992302029,3003,2140,6065,863,35749
RF003,validation,0.11,37554,7263,0.162059040096392,3003,2048,5215,955,36599
RF003,validation,0.12,38188,6629,0.14791262244237677,3003,1983,4646,1020,37168
RF003,validation,0.13,38751,6066,0.13535042506191847,3003,1901,4165,1102,37649
RF003,validation,0.14,39207,5610,0.12517571457259521,3003,1840,3770,1163,38044
RF003,validation,0.15,39550,5267,0.11752236874400339,3003,1790,3477,1213,38337
RF003,validation,0.16,39858,4959,0.11064997657139032,3003,1735,3224,1268,38590
RF003,validation,0.17,40180,4637,0.10346520293638575,3003,1686,2951,1317,38863
RF003,validation,0.18,40474,4343,0.09690519222616419,3003,1629,2714,1374,39100
RF003,validation,0.19,40795,4022,0.089742731552759,3003,1564,2458,1439,39356
RF003,validation,0.2,41000,3817,0.08516857442488342,3003,1522,2295,1481,39519
RF003,validation,0.21,41172,3645,0.08133074502978781,3003,1480,2165,1523,39649
RF003,validation,0.22,41332,3485,0.07776067117388491,3003,1434,2051,1569,39763
RF003,validation,0.23,41474,3343,0.07459223062677109,3003,1401,1942,1602,39872
RF003,validation,0.24,41621,3196,0.07131222527166031,3003,1369,1827,1634,39987
RF003,validation,0.25,41762,3055,0.06816609768614589,3003,1336,1719,1667,40095
RF003,validation,0.26,41902,2915,0.06504228306223085,3003,1298,1617,1705,40197
RF003,validation,0.27,42037,2780,0.06203003324631278,3003,1255,1525,1748,40289
RF003,validation,0.28,42163,2654,0.059218600084789255,3003,1219,1435,1784,40379
RF003,validation,0.29,42274,2543,0.056741861347256624,3003,1181,1362,1822,40452
RF003,validation,0.3,42402,2415,0.0538858022625343,3003,1144,1271,1859,40543
RF003,validation,0.31,42541,2276,0.050784300600218664,3003,1088,1188,1915,40626
RF003,validation,0.32,42676,2141,0.0477720507843006,3003,1038,1103,1965,40711
RF003,validation,0.33,42810,2007,0.04478211392998192,3003,985,1022,2018,40792
RF003,validation,0.34,42942,1875,0.04183680299886204,3003,945,930,2058,40884
RF003,validation,0.35,43058,1759,0.03924849945333244,3003,901,858,2102,40956
RF003,validation,0.36,43155,1662,0.03708414217819131,3003,865,797,2138,41017
RF003,validation,0.37,43246,1571,0.03505366267264654,3003,828,743,2175,41071
RF003,validation,0.38,43347,1470,0.032800053551107836,3003,786,684,2217,41130
RF003,validation,0.39,43446,1371,0.030591070352767924,3003,745,626,2258,41188
RF003,validation,0.4,43544,1273,0.0284044001160274,3003,703,570,2300,41244
RF003,validation,0.41,43622,1195,0.02666398911127474,3003,671,524,2332,41290
RF003,validation,0.42,43702,1115,0.024878952183323293,3003,640,475,2363,41339
RF003,validation,0.43,43770,1047,0.02336167079456456,3003,609,438,2394,41376
RF003,validation,0.44,43845,972,0.021688198674610082,3003,575,397,2428,41417
RF003,validation,0.45,43928,889,0.019836222861860455,3003,534,355,2469,41459
RF003,validation,0.46,43990,827,0.018452819242698083,3003,502,325,2501,41489
RF003,validation,0.47,44049,768,0.017136354508333892,3003,469,299,2534,41515
RF003,validation,0.48,44111,706,0.01575295088917152,3003,435,271,2568,41543
RF003,validation,0.49,44155,662,0.014771180578798225,3003,416,246,2587,41568
RF003,validation,0.5,44215,602,0.013432402882834638,3003,383,219,2620,41595
RF003,validation,0.51,44272,545,0.012160564071669233,3003,349,196,2654,41618
RF003,validation,0.52,44340,477,0.010643282682910503,3003,311,166,2692,41648
RF003,validation,0.53,44409,408,0.00910368833255238,3003,275,133,2728,41681
RF003,validation,0.54,44476,341,0.0076087199053930426,3003,237,104,2766,41710
RF003,validation,0.55,44533,284,0.006336881094227637,3003,198,86,2805,41728
RF003,validation,0.56,44580,237,0.0052881718990561615,3003,174,63,2829,41751
RF003,validation,0.57,44619,198,0.004417966396679831,3003,148,50,2855,41764
RF003,validation,0.58,44658,159,0.003547760894303501,3003,121,38,2882,41776
RF003,validation,0.59,44681,136,0.00303456277751746,3003,102,34,2901,41780
RF003,validation,0.6,44709,108,0.0024097998527344536,3003,82,26,2921,41788
RF003,validation,0.61,44733,84,0.0018742887743490194,3003,64,20,2939,41794
RF003,validation,0.62,44750,67,0.001494968427159337,3003,53,14,2950,41800
RF003,validation,0.63,44767,50,0.0011156480799696543,3003,40,10,2963,41804
RF003,validation,0.64,44785,32,0.0007140147711805788,3003,26,6,2977,41808
RF003,validation,0.65,44795,22,0.000490885155186648,3003,20,2,2983,41812
RF003,validation,0.66,44800,17,0.0003793203471896825,3003,16,1,2987,41813
RF003,validation,0.67,44805,12,0.00026775553919271706,3003,12,0,2991,41814
RF003,validation,0.68,44811,6,0.00013387776959635853,3003,6,0,2997,41814
RF003,validation,0.69,44816,1,2.2312961599393088e-05,3003,1,0,3002,41814
RF003,validation,0.7,44817,0,0.0,3003,0,0,3003,41814
RF003,validation,0.71,44817,0,0.0,3003,0,0,3003,41814
RF003,validation,0.72,44817,0,0.0,3003,0,0,3003,41814
RF003,validation,0.73,44817,0,0.0,3003,0,0,3003,41814
RF003,validation,0.74,44817,0,0.0,3003,0,0,3003,41814
RF003,validation,0.75,44817,0,0.0,3003,0,0,3003,41814
RF003,validation,0.76,44817,0,0.0,3003,0,0,3003,41814
RF003,validation,0.77,44817,0,0.0,3003,0,0,3003,41814
RF003,validation,0.78,44817,0,0.0,3003,0,0,3003,41814
RF003,validation,0.79,44817,0,0.0,3003,0,0,3003,41814
RF003,validation,0.8,44817,0,0.0,3003,0,0,3003,41814
RF003,validation,0.81,44817,0,0.0,3003,0,0,3003,41814
RF003,validation,0.82,44817,0,0.0,3003,0,0,3003,41814
RF003,validation,0.83,44817,0,0.0,3003,0,0,3003,41814
RF003,validation,0.84,44817,0,0.0,3003,0,0,3003,41814
RF003,validation,0.85,44817,0,0.0,3003,0,0,3003,41814
RF003,validation,0.86,44817,0,0.0,3003,0,0,3003,41814
RF003,validation,0.87,44817,0,0.0,3003,0,0,3003,41814
RF003,validation,0.88,44817,0,0.0,3003,0,0,3003,41814
RF003,validation,0.89,44817,0,0.0,3003,0,0,3003,41814
RF003,validation,0.9,44817,0,0.0,3003,0,0,3003,41814
RF003,validation,0.91,44817,0,0.0,3003,0,0,3003,41814
RF003,validation,0.92,44817,0,0.0,3003,0,0,3003,41814
RF003,validation,0.93,44817,0,0.0,3003,0,0,3003,41814
RF003,validation,0.94,44817,0,0.0,3003,0,0,3003,41814
RF003,validation,0.95,44817,0,0.0,3003,0,0,3003,41814
RF003,validation,0.96,44817,0,0.0,3003,0,0,3003,41814
RF003,validation,0.97,44817,0,0.0,3003,0,0,3003,41814
RF003,validation,0.98,44817,0,0.0,3003,0,0,3003,41814
RF003,validation,0.99,44817,0,0.0,3003,0,0,3003,41814
RF004,validation,0.01,5225,39592,0.8834147756431712,3003,2982,36610,21,5204
RF004,validation,0.02,18605,26212,0.5848673494432917,3003,2844,23368,159,18446
RF004,validation,0.03,24579,20238,0.4515697168485173,3003,2717,17521,286,24293
RF004,validation,0.04,27328,17489,0.3902313854117857,3003,2646,14843,357,26971
RF004,validation,0.05,29496,15321,0.3418568846643015,3003,2575,12746,428,29068
RF004,validation,0.06,31225,13592,0.30327777405895084,3003,2484,11108,519,30706
RF004,validation,0.07,32404,12413,0.2769707923332664,3003,2422,9991,581,31823
RF004,validation,0.08,33478,11339,0.2530066715755182,3003,2355,8984,648,32830
RF004,validation,0.09,34762,10055,0.2243568288818975,3003,2271,7784,732,34030
RF004,validation,0.1,36188,8629,0.19253854564116296,3003,2163,6466,840,35348
RF004,validation,0.11,37717,7100,0.15842202735569091,3003,2008,5092,995,36722
RF004,validation,0.12,38439,6378,0.1423120690809291,3003,1917,4461,1086,37353
RF004,validation,0.13,38983,5834,0.13017381797085928,3003,1843,3991,1160,37823
RF004,validation,0.14,39281,5536,0.12352455541424014,3003,1801,3735,1202,38079
RF004,validation,0.15,39636,5181,0.11560345404645558,3003,1753,3428,1250,38386
RF004,validation,0.16,40007,4810,0.10732534529308076,3003,1697,3113,1306,38701
RF004,validation,0.17,40348,4469,0.0997166253876877,3003,1650,2819,1353,38995
RF004,validation,0.18,40712,4105,0.09159470736550862,3003,1586,2519,1417,39295
RF004,validation,0.19,41029,3788,0.08452149853850102,3003,1506,2282,1497,39532
RF004,validation,0.2,41243,3574,0.0797465247562309,3003,1447,2127,1556,39687
RF004,validation,0.21,41401,3416,0.07622107682352679,3003,1417,1999,1586,39815
RF004,validation,0.22,41539,3278,0.07314188812281054,3003,1384,1894,1619,39920
RF004,validation,0.23,41689,3128,0.06979494388290158,3003,1349,1779,1654,40035
RF004,validation,0.24,41827,2990,0.06671575518218534,3003,1314,1676,1689,40138
RF004,validation,0.25,41959,2858,0.06377044425106544,3003,1266,1592,1737,40222
RF004,validation,0.26,42116,2701,0.060267309279960726,3003,1213,1488,1790,40326
RF004,validation,0.27,42267,2550,0.056898052078452374,3003,1170,1380,1833,40434
RF004,validation,0.28,42438,2379,0.05308253564495616,3003,1117,1262,1886,40552
RF004,validation,0.29,42567,2250,0.050204163598634444,3003,1066,1184,1937,40630
RF004,validation,0.3,42660,2157,0.04812905816989089,3003,1032,1125,1971,40689
RF004,validation,0.31,42757,2060,0.04596470089474976,3003,1002,1058,2001,40756
RF004,validation,0.32,42849,1968,0.043911908427605596,3003,957,1011,2046,40803
RF004,validation,0.33,42965,1852,0.041323604882075995,3003,907,945,2096,40869
RF004,validation,0.34,43083,1734,0.038690675413347614,3003,874,860,2129,40954
RF004,validation,0.35,43213,1604,0.03578999040542651,3003,827,777,2176,41037
RF004,validation,0.36,43322,1495,0.03335787759109267,3003,781,714,2222,41100
RF004,validation,0.37,43437,1380,0.030791887007162462,3003,723,657,2280,41157
RF004,validation,0.38,43525,1292,0.02882834638641587,3003,696,596,2307,41218
RF004,validation,0.39,43615,1202,0.026820179842470492,3003,661,541,2342,41273
RF004,validation,0.4,43725,1092,0.02436575406653725,3003,611,481,2392,41333
RF004,validation,0.41,43804,1013,0.022603030100185197,3003,577,436,2426,41378
RF004,validation,0.42,43888,929,0.02072874132583618,3003,546,383,2457,41431
RF004,validation,0.43,43969,848,0.018921391436285337,3003,507,341,2496,41473
RF004,validation,0.44,44033,784,0.01749336189392418,3003,474,310,2529,41504
RF004,validation,0.45,44074,743,0.016578530468349065,3003,452,291,2551,41523
RF004,validation,0.46,44135,682,0.015217439810786085,3003,420,262,2583,41552
RF004,validation,0.47,44202,615,0.013722471383626748,3003,386,229,2617,41585
RF004,validation,0.48,44267,550,0.012272128879666198,3003,346,204,2657,41610
RF004,validation,0.49,44343,474,0.010576343798112323,3003,304,170,2699,41644
RF004,validation,0.5,44406,411,0.009170627217350558,3003,271,140,2732,41674
RF004,validation,0.51,44454,363,0.008099605060579692,3003,243,120,2760,41694
RF004,validation,0.52,44517,300,0.006693888479817926,3003,202,98,2801,41716
RF004,validation,0.53,44588,229,0.005109668206261017,3003,161,68,2842,41746
RF004,validation,0.54,44659,158,0.0035254479327041077,3003,121,37,2882,41777
RF004,validation,0.55,44694,123,0.0027444942767253498,3003,95,28,2908,41786
RF004,validation,0.56,44723,94,0.0020974183903429504,3003,71,23,2932,41791
RF004,validation,0.57,44746,71,0.0015842202735569092,3003,53,18,2950,41796
RF004,validation,0.58,44764,53,0.0011825869647678336,3003,41,12,2962,41802
RF004,validation,0.59,44787,30,0.0006693888479817927,3003,27,3,2976,41811
RF004,validation,0.6,44806,11,0.000245442577593324,3003,11,0,2992,41814
RF004,validation,0.61,44813,4,8.925184639757235e-05,3003,4,0,2999,41814
RF004,validation,0.62,44817,0,0.0,3003,0,0,3003,41814
RF004,validation,0.63,44817,0,0.0,3003,0,0,3003,41814
RF004,validation,0.64,44817,0,0.0,3003,0,0,3003,41814
RF004,validation,0.65,44817,0,0.0,3003,0,0,3003,41814
RF004,validation,0.66,44817,0,0.0,3003,0,0,3003,41814
RF004,validation,0.67,44817,0,0.0,3003,0,0,3003,41814
RF004,validation,0.68,44817,0,0.0,3003,0,0,3003,41814
RF004,validation,0.69,44817,0,0.0,3003,0,0,3003,41814
RF004,validation,0.7,44817,0,0.0,3003,0,0,3003,41814
RF004,validation,0.71,44817,0,0.0,3003,0,0,3003,41814
RF004,validation,0.72,44817,0,0.0,3003,0,0,3003,41814
RF004,validation,0.73,44817,0,0.0,3003,0,0,3003,41814
RF004,validation,0.74,44817,0,0.0,3003,0,0,3003,41814
RF004,validation,0.75,44817,0,0.0,3003,0,0,3003,41814
RF004,validation,0.76,44817,0,0.0,3003,0,0,3003,41814
RF004,validation,0.77,44817,0,0.0,3003,0,0,3003,41814
RF004,validation,0.78,44817,0,0.0,3003,0,0,3003,41814
RF004,validation,0.79,44817,0,0.0,3003,0,0,3003,41814
RF004,validation,0.8,44817,0,0.0,3003,0,0,3003,41814
RF004,validation,0.81,44817,0,0.0,3003,0,0,3003,41814
RF004,validation,0.82,44817,0,0.0,3003,0,0,3003,41814
RF004,validation,0.83,44817,0,0.0,3003,0,0,3003,41814
RF004,validation,0.84,44817,0,0.0,3003,0,0,3003,41814
RF004,validation,0.85,44817,0,0.0,3003,0,0,3003,41814
RF004,validation,0.86,44817,0,0.0,3003,0,0,3003,41814
RF004,validation,0.87,44817,0,0.0,3003,0,0,3003,41814
RF004,validation,0.88,44817,0,0.0,3003,0,0,3003,41814
RF004,validation,0.89,44817,0,0.0,3003,0,0,3003,41814
RF004,validation,0.9,44817,0,0.0,3003,0,0,3003,41814
RF004,validation,0.91,44817,0,0.0,3003,0,0,3003,41814
RF004,validation,0.92,44817,0,0.0,3003,0,0,3003,41814
RF004,validation,0.93,44817,0,0.0,3003,0,0,3003,41814
RF004,validation,0.94,44817,0,0.0,3003,0,0,3003,41814
RF004,validation,0.95,44817,0,0.0,3003,0,0,3003,41814
RF004,validation,0.96,44817,0,0.0,3003,0,0,3003,41814
RF004,validation,0.97,44817,0,0.0,3003,0,0,3003,41814
RF004,validation,0.98,44817,0,0.0,3003,0,0,3003,41814
RF004,validation,0.99,44817,0,0.0,3003,0,0,3003,41814
RF005,validation,0.01,0,44817,1.0,3003,3003,41814,0,0
RF005,validation,0.02,0,44817,1.0,3003,3003,41814,0,0
RF005,validation,0.03,0,44817,1.0,3003,3003,41814,0,0
RF005,validation,0.04,0,44817,1.0,3003,3003,41814,0,0
RF005,validation,0.05,0,44817,1.0,3003,3003,41814,0,0
RF005,validation,0.06,0,44817,1.0,3003,3003,41814,0,0
RF005,validation,0.07,0,44817,1.0,3003,3003,41814,0,0
RF005,validation,0.08,2251,42566,0.9497735234397662,3003,2992,39574,11,2240
RF005,validation,0.09,4715,40102,0.8947943860588616,3003,2980,37122,23,4692
RF005,validation,0.1,6331,38486,0.8587366401142423,3003,2971,35515,32,6299
RF005,validation,0.11,8133,36684,0.818528683312136,3003,2959,33725,44,8089
RF005,validation,0.12,9570,35247,0.7864649574938082,3003,2942,32305,61,9509
RF005,validation,0.13,10584,34233,0.7638396144320235,3003,2930,31303,73,10511
RF005,validation,0.14,12397,32420,0.7233862150523239,3003,2908,29512,95,12302
RF005,validation,0.15,14066,30751,0.6861458821429368,3003,2895,27856,108,13958
RF005,validation,0.16,16608,28209,0.6294263337572796,3003,2867,25342,136,16472
RF005,validation,0.17,18440,26377,0.5885489881071915,3003,2835,23542,168,18272
RF005,validation,0.18,19514,25303,0.5645848673494432,3003,2815,22488,188,19326
RF005,validation,0.19,20521,24296,0.5421157150188545,3003,2800,21496,203,20318
RF005,validation,0.2,21183,23634,0.5273445344400562,3003,2788,20846,215,20968
RF005,validation,0.21,21755,23062,0.5145815204052033,3003,2780,20282,223,21532
RF005,validation,0.22,22200,22617,0.5046522524934735,3003,2772,19845,231,21969
RF005,validation,0.23,22624,22193,0.4951915567753308,3003,2764,19429,239,22385
RF005,validation,0.24,22999,21818,0.4868241961755584,3003,2749,19069,254,22745
RF005,validation,0.25,23385,21432,0.47821139299819265,3003,2745,18687,258,23127
RF005,validation,0.26,23815,21002,0.46861681951045364,3003,2736,18266,267,23548
RF005,validation,0.27,24277,20540,0.458308231251534,3003,2721,17819,282,23995
RF005,validation,0.28,24785,20032,0.4469732467590423,3003,2710,17322,293,24492
RF005,validation,0.29,25315,19502,0.435147377111364,3003,2701,16801,302,25013
RF005,validation,0.3,25781,19036,0.42474953700604684,3003,2688,16348,315,25466
RF005,validation,0.31,26263,18554,0.41399468951513935,3003,2675,15879,328,25935
RF005,validation,0.32,26723,18094,0.40373072717941855,3003,2659,15435,344,26379
RF005,validation,0.33,27146,17671,0.39429234442287525,3003,2646,15025,357,26789
RF005,validation,0.34,27521,17296,0.38592498382310286,3003,2640,14656,363,27158
RF005,validation,0.35,27911,16906,0.37722292879933955,3003,2628,14278,375,27536
RF005,validation,0.36,28239,16578,0.3699042773947386,3003,2618,13960,385,27854
RF005,validation,0.37,28614,16203,0.3615369167949662,3003,2604,13599,399,28215
RF005,validation,0.38,28989,15828,0.3531695561951938,3003,2584,13244,419,28570
RF005,validation,0.39,29361,15456,0.34486913448021955,3003,2571,12885,432,28929
RF005,validation,0.4,29748,15069,0.33623401834125444,3003,2556,12513,447,29301
RF005,validation,0.41,30087,14730,0.3286699243590602,3003,2547,12183,456,29631
RF005,validation,0.42,30389,14428,0.32193140995604347,3003,2534,11894,469,29920
RF005,validation,0.43,30689,14128,0.3152375214762255,3003,2515,11613,488,30201
RF005,validation,0.44,30993,13824,0.30845438115001006,3003,2504,11320,499,30494
RF005,validation,0.45,31342,13475,0.30066715755182183,3003,2493,10982,510,30832
RF005,validation,0.46,31706,13111,0.2925452395296428,3003,2469,10642,534,31172
RF005,validation,0.47,32102,12715,0.2837093067362831,3003,2451,10264,552,31550
RF005,validation,0.48,32474,12343,0.2754088850213089,3003,2436,9907,567,31907
RF005,validation,0.49,32842,11975,0.2671977151527322,3003,2414,9561,589,32253
RF005,validation,0.5,33155,11662,0.26021375817212217,3003,2386,9276,617,32538
RF005,validation,0.51,33466,11351,0.25327442711471093,3003,2365,8986,638,32828
RF005,validation,0.52,33812,11005,0.24555414240132092,3003,2343,8662,660,33152
RF005,validation,0.53,34206,10611,0.23676283553116004,3003,2313,8298,690,33516
RF005,validation,0.54,34588,10229,0.2282392842001919,3003,2290,7939,713,33875
RF005,validation,0.55,34952,9865,0.2201173661780128,3003,2265,7600,738,34214
RF005,validation,0.56,35264,9553,0.21315572215900216,3003,2234,7319,769,34495
RF005,validation,0.57,35738,9079,0.20257937836088985,3003,2199,6880,804,34934
RF005,validation,0.58,36329,8488,0.18939241805564852,3003,2145,6343,858,35471
RF005,validation,0.59,37177,7640,0.1704710266193632,3003,2072,5568,931,36246
RF005,validation,0.6,37859,6958,0.1552535868085771,3003,1996,4962,1007,36852
RF005,validation,0.61,38299,6518,0.14543588370484414,3003,1939,4579,1064,37235
RF005,validation,0.62,38665,6152,0.13726933975946629,3003,1888,4264,1115,37550
RF005,validation,0.63,38943,5874,0.131066336434835,3003,1854,4020,1149,37794
RF005,validation,0.64,39194,5623,0.12546578307338732,3003,1821,3802,1182,38012
RF005,validation,0.65,39434,5383,0.120110672289533,3003,1790,3593,1213,38221
RF005,validation,0.66,39633,5184,0.11567039293125377,3003,1760,3424,1243,38390
RF005,validation,0.67,39739,5078,0.1133052190017181,3003,1735,3343,1268,38471
RF005,validation,0.68,39840,4977,0.1110516098801794,3003,1722,3255,1281,38559
RF005,validation,0.69,39958,4859,0.10841868041145102,3003,1698,3161,1305,38653
RF005,validation,0.7,40079,4738,0.10571881205792445,3003,1682,3056,1321,38758
RF005,validation,0.71,40168,4649,0.10373295847557847,3003,1669,2980,1334,38834
RF005,validation,0.72,40265,4552,0.10156860120043733,3003,1648,2904,1355,38910
RF005,validation,0.73,40397,4420,0.09862329026931745,3003,1629,2791,1374,39023
RF005,validation,0.74,40584,4233,0.09445076645023094,3003,1598,2635,1405,39179
RF005,validation,0.75,40802,4015,0.08958654082156324,3003,1556,2459,1447,39355
RF005,validation,0.76,41137,3680,0.08211169868576657,3003,1474,2206,1529,39608
RF005,validation,0.77,41300,3517,0.07847468594506549,3003,1431,2086,1572,39728
RF005,validation,0.78,41425,3392,0.07568556574514135,3003,1397,1995,1606,39819
RF005,validation,0.79,41534,3283,0.07325345293080751,3003,1370,1913,1633,39901
RF005,validation,0.8,41642,3175,0.07084365307807305,3003,1341,1834,1662,39980
RF005,validation,0.81,41811,3006,0.06707276256777563,3003,1310,1696,1693,40118
RF005,validation,0.82,42004,2813,0.06276636097909276,3003,1257,1556,1746,40258
RF005,validation,0.83,42233,2584,0.05765669277283174,3003,1183,1401,1820,40413
RF005,validation,0.84,42421,2396,0.05346185599214584,3003,1119,1277,1884,40537
RF005,validation,0.85,42580,2237,0.04991409509784234,3003,1065,1172,1938,40642
RF005,validation,0.86,42726,2091,0.04665640270433095,3003,1015,1076,1988,40738
RF005,validation,0.87,42894,1923,0.042907825155632906,3003,951,972,2052,40842
RF005,validation,0.88,43131,1686,0.03761965325657675,3003,858,828,2145,40986
RF005,validation,0.89,43377,1440,0.03213066470312605,3003,762,678,2241,41136
RF005,validation,0.9,43545,1272,0.02838208715442801,3003,694,578,2309,41236
RF005,validation,0.91,43696,1121,0.02501282995291965,3003,637,484,2366,41330
RF005,validation,0.92,43905,912,0.020349420978646497,3003,542,370,2461,41444
RF005,validation,0.93,44146,671,0.014971997233192761,3003,422,249,2581,41565
RF005,validation,0.94,44353,464,0.010353214182118393,3003,308,156,2695,41658
RF005,validation,0.95,44591,226,0.005042729321462837,3003,169,57,2834,41757
RF005,validation,0.96,44727,90,0.002008166543945378,3003,65,25,2938,41789
RF005,validation,0.97,44805,12,0.00026775553919271706,3003,12,0,2991,41814
RF005,validation,0.98,44817,0,0.0,3003,0,0,3003,41814
RF005,validation,0.99,44817,0,0.0,3003,0,0,3003,41814
RFSTACK001,validation,0.01,0,44817,1.0,3003,3003,41814,0,0
RFSTACK001,validation,0.02,24033,20784,0.4637525938817859,3003,2748,18036,255,23778
RFSTACK001,validation,0.03,26491,18326,0.4089073342704777,3003,2682,15644,321,26170
RFSTACK001,validation,0.04,28687,16130,0.3599080705982105,3003,2614,13516,389,28298
RFSTACK001,validation,0.05,30850,13967,0.31164513465872323,3003,2525,11442,478,30372
RFSTACK001,validation,0.06,32645,12172,0.27159336858781263,3003,2451,9721,552,32093
RFSTACK001,validation,0.07,34067,10750,0.2398643371934757,3003,2351,8399,652,33415
RFSTACK001,validation,0.08,35187,9630,0.21487382020215542,3003,2271,7359,732,34455
RFSTACK001,validation,0.09,36177,8640,0.19278398821875628,3003,2165,6475,838,35339
RFSTACK001,validation,0.1,37327,7490,0.16712408237945423,3003,2079,5411,924,36403
RFSTACK001,validation,0.11,38310,6507,0.14519044112725082,3003,1960,4547,1043,37267
RFSTACK001,validation,0.12,39062,5755,0.12841109400450723,3003,1874,3881,1129,37933
RFSTACK001,validation,0.13,39477,5340,0.11915121494075909,3003,1819,3521,1184,38293
RFSTACK001,validation,0.14,39787,5030,0.11223419684494723,3003,1769,3261,1234,38553
RFSTACK001,validation,0.15,40006,4811,0.10734765825468015,3003,1734,3077,1269,38737
RFSTACK001,validation,0.16,40219,4598,0.10259499743400942,3003,1694,2904,1309,38910
RFSTACK001,validation,0.17,40386,4431,0.09886873284691076,3003,1662,2769,1341,39045
RFSTACK001,validation,0.18,40560,4257,0.09498627752861637,3003,1628,2629,1375,39185
RFSTACK001,validation,0.19,40747,4070,0.09081375370952986,3003,1585,2485,1418,39329
RFSTACK001,validation,0.2,40902,3915,0.08735524466162393,3003,1549,2366,1454,39448
RFSTACK001,validation,0.21,41047,3770,0.08411986522971195,3003,1518,2252,1485,39562
RFSTACK001,validation,0.22,41171,3646,0.0813530579913872,3003,1495,2151,1508,39663
RFSTACK001,validation,0.23,41286,3531,0.07878706740745699,3003,1471,2060,1532,39754
RFSTACK001,validation,0.24,41406,3411,0.07610951201552982,3003,1442,1969,1561,39845
RFSTACK001,validation,0.25,41529,3288,0.07336501773880447,3003,1401,1887,1602,39927
RFSTACK001,validation,0.26,41669,3148,0.07024120311488943,3003,1374,1774,1629,40040
RFSTACK001,validation,0.27,41819,2998,0.06689425887498048,3003,1333,1665,1670,40149
RFSTACK001,validation,0.28,41983,2834,0.06323493317268002,3003,1284,1550,1719,40264
RFSTACK001,validation,0.29,42107,2710,0.060468125934355264,3003,1240,1470,1763,40344
RFSTACK001,validation,0.3,42227,2590,0.057790570542428095,3003,1202,1388,1801,40426
RFSTACK001,validation,0.31,42374,2443,0.05451056518731731,3003,1158,1285,1845,40529
RFSTACK001,validation,0.32,42511,2306,0.05145368944820046,3003,1111,1195,1892,40619
RFSTACK001,validation,0.33,42639,2178,0.048597630363478146,3003,1065,1113,1938,40701
RFSTACK001,validation,0.34,42737,2080,0.04641096012673762,3003,1033,1047,1970,40767
RFSTACK001,validation,0.35,42842,1975,0.04406809915880135,3003,997,978,2006,40836
RFSTACK001,validation,0.36,42911,1906,0.042528504808443224,3003,976,930,2027,40884
RFSTACK001,validation,0.37,43028,1789,0.039917888301314236,3003,932,857,2071,40957
RFSTACK001,validation,0.38,43136,1681,0.03750808844857978,3003,898,783,2105,41031
RFSTACK001,validation,0.39,43232,1585,0.03536604413503804,3003,861,724,2142,41090
RFSTACK001,validation,0.4,43303,1514,0.03378182386148113,3003,831,683,2172,41131
RFSTACK001,validation,0.41,43379,1438,0.03208603877992726,3003,794,644,2209,41170
RFSTACK001,validation,0.42,43470,1347,0.030055559274382488,3003,762,585,2241,41229
RFSTACK001,validation,0.43,43544,1273,0.0284044001160274,3003,738,535,2265,41279
RFSTACK001,validation,0.44,43604,1213,0.027065622420063815,3003,712,501,2291,41313
RFSTACK001,validation,0.45,43648,1169,0.026083852109690518,3003,685,484,2318,41330
RFSTACK001,validation,0.46,43690,1127,0.02514670772251601,3003,668,459,2335,41355
RFSTACK001,validation,0.47,43753,1064,0.023740991141754247,3003,640,424,2363,41390
RFSTACK001,validation,0.48,43805,1012,0.022580717138585806,3003,616,396,2387,41418
RFSTACK001,validation,0.49,43845,972,0.021688198674610082,3003,599,373,2404,41441
RFSTACK001,validation,0.5,43880,937,0.020907245018631324,3003,579,358,2424,41456
RFSTACK001,validation,0.51,43914,903,0.02014860432425196,3003,563,340,2440,41474
RFSTACK001,validation,0.52,43961,856,0.019099895129080485,3003,535,321,2468,41493
RFSTACK001,validation,0.53,44004,813,0.01814043778030658,3003,513,300,2490,41514
RFSTACK001,validation,0.54,44072,745,0.01662315639154785,3003,471,274,2532,41540
RFSTACK001,validation,0.55,44122,695,0.015507508311578195,3003,444,251,2559,41563
RFSTACK001,validation,0.56,44180,637,0.014213356538813397,3003,412,225,2591,41589
RFSTACK001,validation,0.57,44238,579,0.012919204766048598,3003,383,196,2620,41618
RFSTACK001,validation,0.58,44299,518,0.01155811410848562,3003,340,178,2663,41636
RFSTACK001,validation,0.59,44345,472,0.010531717874913537,3003,315,157,2688,41657
RFSTACK001,validation,0.6,44395,422,0.009416069794943882,3003,291,131,2712,41683
RFSTACK001,validation,0.61,44432,385,0.008590490215766338,3003,267,118,2736,41696
RFSTACK001,validation,0.62,44491,326,0.007274025481402146,3003,237,89,2766,41725
RFSTACK001,validation,0.63,44539,278,0.006203003324631278,3003,203,75,2800,41739
RFSTACK001,validation,0.64,44587,230,0.00513198116786041,3003,168,62,2835,41752
RFSTACK001,validation,0.65,44628,189,0.004217149742285294,3003,143,46,2860,41768
RFSTACK001,validation,0.66,44665,152,0.003391570163107749,3003,116,36,2887,41778
RFSTACK001,validation,0.67,44711,106,0.002365173929535667,3003,85,21,2918,41793
RFSTACK001,validation,0.68,44749,68,0.00151728138875873,3003,58,10,2945,41804
RFSTACK001,validation,0.69,44783,34,0.000758640694379365,3003,26,8,2977,41806
RFSTACK001,validation,0.7,44817,0,0.0,3003,0,0,3003,41814
RFSTACK001,validation,0.71,44817,0,0.0,3003,0,0,3003,41814
RFSTACK001,validation,0.72,44817,0,0.0,3003,0,0,3003,41814
RFSTACK001,validation,0.73,44817,0,0.0,3003,0,0,3003,41814
RFSTACK001,validation,0.74,44817,0,0.0,3003,0,0,3003,41814
RFSTACK001,validation,0.75,44817,0,0.0,3003,0,0,3003,41814
RFSTACK001,validation,0.76,44817,0,0.0,3003,0,0,3003,41814
RFSTACK001,validation,0.77,44817,0,0.0,3003,0,0,3003,41814
RFSTACK001,validation,0.78,44817,0,0.0,3003,0,0,3003,41814
RFSTACK001,validation,0.79,44817,0,0.0,3003,0,0,3003,41814
RFSTACK001,validation,0.8,44817,0,0.0,3003,0,0,3003,41814
RFSTACK001,validation,0.81,44817,0,0.0,3003,0,0,3003,41814
RFSTACK001,validation,0.82,44817,0,0.0,3003,0,0,3003,41814
RFSTACK001,validation,0.83,44817,0,0.0,3003,0,0,3003,41814
RFSTACK001,validation,0.84,44817,0,0.0,3003,0,0,3003,41814
RFSTACK001,validation,0.85,44817,0,0.0,3003,0,0,3003,41814
RFSTACK001,validation,0.86,44817,0,0.0,3003,0,0,3003,41814
RFSTACK001,validation,0.87,44817,0,0.0,3003,0,0,3003,41814
RFSTACK001,validation,0.88,44817,0,0.0,3003,0,0,3003,41814
RFSTACK001,validation,0.89,44817,0,0.0,3003,0,0,3003,41814
RFSTACK001,validation,0.9,44817,0,0.0,3003,0,0,3003,41814
RFSTACK001,validation,0.91,44817,0,0.0,3003,0,0,3003,41814
RFSTACK001,validation,0.92,44817,0,0.0,3003,0,0,3003,41814
RFSTACK001,validation,0.93,44817,0,0.0,3003,0,0,3003,41814
RFSTACK001,validation,0.94,44817,0,0.0,3003,0,0,3003,41814
RFSTACK001,validation,0.95,44817,0,0.0,3003,0,0,3003,41814
RFSTACK001,validation,0.96,44817,0,0.0,3003,0,0,3003,41814
RFSTACK001,validation,0.97,44817,0,0.0,3003,0,0,3003,41814
RFSTACK001,validation,0.98,44817,0,0.0,3003,0,0,3003,41814
RFSTACK001,validation,0.99,44817,0,0.0,3003,0,0,3003,41814
RIDGESTACK001,validation,0.01,0,44817,1.0,3003,3003,41814,0,0
RIDGESTACK001,validation,0.02,17570,27247,0.6079612646986634,3003,2862,24385,141,17429
RIDGESTACK001,validation,0.03,29655,15162,0.338309123769998,3003,2578,12584,425,29230
RIDGESTACK001,validation,0.04,32642,12175,0.27166030747261083,3003,2428,9747,575,32067
RIDGESTACK001,validation,0.05,34350,10467,0.23354976906084746,3003,2314,8153,689,33661
RIDGESTACK001,validation,0.06,35486,9331,0.2082022446839369,3003,2205,7126,798,34688
RIDGESTACK001,validation,0.07,36343,8474,0.18908003659325703,3003,2129,6345,874,35469
RIDGESTACK001,validation,0.08,36950,7867,0.17553606890242543,3003,2079,5788,924,36026
RIDGESTACK001,validation,0.09,37565,7252,0.16181359751879867,3003,2016,5236,987,36578
RIDGESTACK001,validation,0.1,38179,6638,0.14811343909677133,3003,1953,4685,1050,37129
RIDGESTACK001,validation,0.11,38604,6213,0.13863043041702924,3003,1905,4308,1098,37506
RIDGESTACK001,validation,0.12,38983,5834,0.13017381797085928,3003,1864,3970,1139,37844
RIDGESTACK001,validation,0.13,39310,5507,0.12287747952785773,3003,1822,3685,1181,38129
RIDGESTACK001,validation,0.14,39613,5204,0.11611665216324163,3003,1788,3416,1215,38398
RIDGESTACK001,validation,0.15,39871,4946,0.11035990807059821,3003,1753,3193,1250,38621
RIDGESTACK001,validation,0.16,40118,4699,0.10484860655554812,3003,1708,2991,1295,38823
RIDGESTACK001,validation,0.17,40340,4477,0.09989512908048286,3003,1666,2811,1337,39003
RIDGESTACK001,validation,0.18,40521,4296,0.0958564830309927,3003,1621,2675,1382,39139
RIDGESTACK001,validation,0.19,40711,4106,0.09161702032710801,3003,1585,2521,1418,39293
RIDGESTACK001,validation,0.2,40910,3907,0.0871767409688288,3003,1546,2361,1457,39453
RIDGESTACK001,validation,0.21,41101,3716,0.08291496530334472,3003,1503,2213,1500,39601
RIDGESTACK001,validation,0.22,41254,3563,0.07950108217863756,3003,1471,2092,1532,39722
RIDGESTACK001,validation,0.23,41437,3380,0.07541781020594863,3003,1438,1942,1565,39872
RIDGESTACK001,validation,0.24,41575,3242,0.07233862150523239,3003,1405,1837,1598,39977
RIDGESTACK001,validation,0.25,41711,3106,0.06930405872771493,3003,1365,1741,1638,40073
RIDGESTACK001,validation,0.26,41823,2994,0.0668050070285829,3003,1331,1663,1672,40151
RIDGESTACK001,validation,0.27,41936,2881,0.06428364236785149,3003,1293,1588,1710,40226
RIDGESTACK001,validation,0.28,42056,2761,0.06160608697592431,3003,1262,1499,1741,40315
RIDGESTACK001,validation,0.29,42180,2637,0.05883927973759957,3003,1232,1405,1771,40409
RIDGESTACK001,validation,0.3,42296,2521,0.05625097619206997,3003,1185,1336,1818,40478
RIDGESTACK001,validation,0.31,42397,2420,0.05399736707053127,3003,1146,1274,1857,40540
RIDGESTACK001,validation,0.32,42507,2310,0.051542941294598035,3003,1113,1197,1890,40617
RIDGESTACK001,validation,0.33,42592,2225,0.04964633955864962,3003,1081,1144,1922,40670
RIDGESTACK001,validation,0.34,42695,2122,0.04734810451391213,3003,1039,1083,1964,40731
RIDGESTACK001,validation,0.35,42784,2033,0.04536225093156614,3003,1014,1019,1989,40795
RIDGESTACK001,validation,0.36,42850,1967,0.0438895954660062,3003,993,974,2010,40840
RIDGESTACK001,validation,0.37,42925,1892,0.04221612334605172,3003,961,931,2042,40883
RIDGESTACK001,validation,0.38,42996,1821,0.04063190307249481,3003,946,875,2057,40939
RIDGESTACK001,validation,0.39,43061,1756,0.03918156056853426,3003,919,837,2084,40977
RIDGESTACK001,validation,0.4,43133,1684,0.03757502733337796,3003,890,794,2113,41020
RIDGESTACK001,validation,0.41,43204,1613,0.03599080705982105,3003,867,746,2136,41068
RIDGESTACK001,validation,0.42,43272,1545,0.03447352567106232,3003,840,705,2163,41109
RIDGESTACK001,validation,0.43,43330,1487,0.03317937389829752,3003,818,669,2185,41145
RIDGESTACK001,validation,0.44,43386,1431,0.03192984804873151,3003,790,641,2213,41173
RIDGESTACK001,validation,0.45,43449,1368,0.030524131467969742,3003,763,605,2240,41209
RIDGESTACK001,validation,0.46,43503,1314,0.029319231541602517,3003,737,577,2266,41237
RIDGESTACK001,validation,0.47,43563,1254,0.027980453845638933,3003,712,542,2291,41272
RIDGESTACK001,validation,0.48,43623,1194,0.026641676149675348,3003,678,516,2325,41298
RIDGESTACK001,validation,0.49,43684,1133,0.02528058549211237,3003,650,483,2353,41331
RIDGESTACK001,validation,0.5,43729,1088,0.02427650222013968,3003,630,458,2373,41356
RIDGESTACK001,validation,0.51,43788,1029,0.02296003748577549,3003,611,418,2392,41396
RIDGESTACK001,validation,0.52,43838,979,0.021844389405805832,3003,584,395,2419,41419
RIDGESTACK001,validation,0.53,43895,922,0.020572550594640426,3003,558,364,2445,41450
RIDGESTACK001,validation,0.54,43949,868,0.0193676506682732,3003,534,334,2469,41480
RIDGESTACK001,validation,0.55,43989,828,0.018475132204297477,3003,515,313,2488,41501
RIDGESTACK001,validation,0.56,44034,783,0.017471048932324786,3003,491,292,2512,41522
RIDGESTACK001,validation,0.57,44077,740,0.016511591583550884,3003,464,276,2539,41538
RIDGESTACK001,validation,0.58,44131,686,0.015306691657183657,3003,436,250,2567,41564
RIDGESTACK001,validation,0.59,44196,621,0.013856349153223107,3003,394,227,2609,41587
RIDGESTACK001,validation,0.6,44242,575,0.012829952919651026,3003,369,206,2634,41608
RIDGESTACK001,validation,0.61,44286,531,0.01184818260927773,3003,343,188,2660,41626
RIDGESTACK001,validation,0.62,44322,495,0.011044915991699579,3003,322,173,2681,41641
RIDGESTACK001,validation,0.63,44370,447,0.00997389383492871,3003,297,150,2706,41664
RIDGESTACK001,validation,0.64,44423,394,0.008791306870160876,3003,269,125,2734,41689
RIDGESTACK001,validation,0.65,44466,351,0.007831849521386974,3003,239,112,2764,41702
RIDGESTACK001,validation,0.66,44501,316,0.007050895865408215,3003,217,99,2786,41715
RIDGESTACK001,validation,0.67,44533,284,0.006336881094227637,3003,199,85,2804,41729
RIDGESTACK001,validation,0.68,44558,259,0.00577905705424281,3003,187,72,2816,41742
RIDGESTACK001,validation,0.69,44574,243,0.0054220496686525205,3003,179,64,2824,41750
RIDGESTACK001,validation,0.7,44597,220,0.004908851551866479,3003,163,57,2840,41757
RIDGESTACK001,validation,0.71,44627,190,0.004239462703884687,3003,141,49,2862,41765
RIDGESTACK001,validation,0.72,44645,172,0.0038378293950956112,3003,128,44,2875,41770
RIDGESTACK001,validation,0.73,44657,160,0.003570073855902894,3003,121,39,2882,41775
RIDGESTACK001,validation,0.74,44671,146,0.003257692393511391,3003,115,31,2888,41783
RIDGESTACK001,validation,0.75,44692,125,0.002789120199924136,3003,98,27,2905,41787
RIDGESTACK001,validation,0.76,44707,110,0.0024544257759332396,3003,86,24,2917,41790
RIDGESTACK001,validation,0.77,44724,93,0.002075105428743557,3003,73,20,2930,41794
RIDGESTACK001,validation,0.78,44742,75,0.0016734721199544815,3003,57,18,2946,41796
RIDGESTACK001,validation,0.79,44754,63,0.0014057165807617644,3003,52,11,2951,41803
RIDGESTACK001,validation,0.8,44767,50,0.0011156480799696543,3003,40,10,2963,41804
RIDGESTACK001,validation,0.81,44771,46,0.001026396233572082,3003,36,10,2967,41804
RIDGESTACK001,validation,0.82,44777,40,0.0008925184639757235,3003,32,8,2971,41806
RIDGESTACK001,validation,0.83,44787,30,0.0006693888479817927,3003,24,6,2979,41808
RIDGESTACK001,validation,0.84,44794,23,0.000513198116786041,3003,18,5,2985,41809
RIDGESTACK001,validation,0.85,44797,20,0.00044625923198786177,3003,16,4,2987,41810
RIDGESTACK001,validation,0.86,44805,12,0.00026775553919271706,3003,8,4,2995,41810
RIDGESTACK001,validation,0.87,44808,9,0.00020081665439453778,3003,6,3,2997,41811
RIDGESTACK001,validation,0.88,44814,3,6.693888479817926e-05,3003,2,1,3001,41813
RIDGESTACK001,validation,0.89,44816,1,2.2312961599393088e-05,3003,1,0,3002,41814
RIDGESTACK001,validation,0.9,44817,0,0.0,3003,0,0,3003,41814
RIDGESTACK001,validation,0.91,44817,0,0.0,3003,0,0,3003,41814
RIDGESTACK001,validation,0.92,44817,0,0.0,3003,0,0,3003,41814
RIDGESTACK001,validation,0.93,44817,0,0.0,3003,0,0,3003,41814
RIDGESTACK001,validation,0.94,44817,0,0.0,3003,0,0,3003,41814
RIDGESTACK001,validation,0.95,44817,0,0.0,3003,0,0,3003,41814
RIDGESTACK001,validation,0.96,44817,0,0.0,3003,0,0,3003,41814
RIDGESTACK001,validation,0.97,44817,0,0.0,3003,0,0,3003,41814
RIDGESTACK001,validation,0.98,44817,0,0.0,3003,0,0,3003,41814
RIDGESTACK001,validation,0.99,44817,0,0.0,3003,0,0,3003,41814
RLOG001,validation,0.01,841,43976,0.9812347992949104,3003,2994,40982,9,832
RLOG001,validation,0.02,11424,33393,0.7450967266885333,3003,2877,30516,126,11298
RLOG001,validation,0.03,21698,23119,0.5158533592163688,3003,2662,20457,341,21357
RLOG001,validation,0.04,26010,18807,0.4196398687997858,3003,2506,16301,497,25513
RLOG001,validation,0.05,28701,16116,0.359595689135819,3003,2373,13743,630,28071
RLOG001,validation,0.06,30477,14340,0.31996786933529686,3003,2293,12047,710,29767
RLOG001,validation,0.07,31879,12938,0.28868509717294777,3003,2193,10745,810,31069
RLOG001,validation,0.08,32998,11819,0.2637168931432269,3003,2101,9718,902,32096
RLOG001,validation,0.09,33882,10935,0.2439922350893634,3003,2030,8905,973,32909
RLOG001,validation,0.1,34775,10042,0.22406676038110537,3003,1952,8090,1051,33724
RLOG001,validation,0.11,35477,9340,0.20840306133833145,3003,1891,7449,1112,34365
RLOG001,validation,0.12,36144,8673,0.19352031595153624,3003,1811,6862,1192,34952
RLOG001,validation,0.13,36852,7965,0.17772273913916595,3003,1736,6229,1267,35585
RLOG001,validation,0.14,37483,7334,0.1636432603699489,3003,1672,5662,1331,36152
RLOG001,validation,0.15,38102,6715,0.1498315371399246,3003,1591,5124,1412,36690
RLOG001,validation,0.16,38724,6093,0.1359528750251021,3003,1508,4585,1495,37229
RLOG001,validation,0.17,39356,5461,0.12185108329428565,3003,1395,4066,1608,37748
RLOG001,validation,0.18,39943,4874,0.10875337483544191,3003,1300,3574,1703,38240
RLOG001,validation,0.19,40541,4276,0.09541022379900484,3003,1207,3069,1796,38745
RLOG001,validation,0.2,41153,3664,0.08175469130017628,3003,1079,2585,1924,39229
RLOG001,validation,0.21,41798,3019,0.06736283106856773,3003,968,2051,2035,39763
RLOG001,validation,0.22,42448,2369,0.052859406028962226,3003,848,1521,2155,40293
RLOG001,validation,0.23,42928,1889,0.04214918446125354,3003,733,1156,2270,40658
RLOG001,validation,0.24,43244,1573,0.03509828859584533,3003,652,921,2351,40893
RLOG001,validation,0.25,43511,1306,0.029140727848807373,3003,588,718,2415,41096
RLOG001,validation,0.26,43715,1102,0.024588883682531183,3003,516,586,2487,41228
RLOG001,validation,0.27,43855,962,0.02146506905861615,3003,461,501,2542,41313
RLOG001,validation,0.28,43973,844,0.018832139589887765,3003,422,422,2581,41392
RLOG001,validation,0.29,44085,732,0.01633308789075574,3003,379,353,2624,41461
RLOG001,validation,0.3,44164,653,0.014570363924403687,3003,336,317,2667,41497
RLOG001,validation,0.31,44223,594,0.013253899190039494,3003,316,278,2687,41536
RLOG001,validation,0.32,44284,533,0.011892808532476516,3003,284,249,2719,41565
RLOG001,validation,0.33,44342,475,0.010598656759711717,3003,260,215,2743,41599
RLOG001,validation,0.34,44391,426,0.009505321641341455,3003,233,193,2770,41621
RLOG001,validation,0.35,44425,392,0.00874668094696209,3003,217,175,2786,41639
RLOG001,validation,0.36,44457,360,0.008032666175781512,3003,196,164,2807,41650
RLOG001,validation,0.37,44488,329,0.0073409643662003254,3003,180,149,2823,41665
RLOG001,validation,0.38,44509,308,0.006872392172613071,3003,172,136,2831,41678
RLOG001,validation,0.39,44536,281,0.006269942209429458,3003,158,123,2845,41691
RLOG001,validation,0.4,44551,266,0.005935247785438562,3003,153,113,2850,41701
RLOG001,validation,0.41,44570,247,0.0055113015150500926,3003,143,104,2860,41710
RLOG001,validation,0.42,44583,234,0.005221233014257982,3003,137,97,2866,41717
RLOG001,validation,0.43,44598,219,0.004886538590267086,3003,125,94,2878,41720
RLOG001,validation,0.44,44615,202,0.004507218243077404,3003,111,91,2892,41723
RLOG001,validation,0.45,44622,195,0.004351027511881652,3003,108,87,2895,41727
RLOG001,validation,0.46,44629,188,0.004194836780685901,3003,105,83,2898,41731
RLOG001,validation,0.47,44641,176,0.003927081241493184,3003,99,77,2904,41737
RLOG001,validation,0.48,44649,168,0.0037485775486980387,3003,94,74,2909,41740
RLOG001,validation,0.49,44658,159,0.003547760894303501,3003,91,68,2912,41746
RLOG001,validation,0.5,44664,153,0.0034138831247071426,3003,86,67,2917,41747
RLOG001,validation,0.51,44666,151,0.003369257201508356,3003,84,67,2919,41747
RLOG001,validation,0.52,44669,148,0.003302318316710177,3003,82,66,2921,41748
RLOG001,validation,0.53,44677,140,0.0031238146239150324,3003,77,63,2926,41751
RLOG001,validation,0.54,44685,132,0.0029453109311198874,3003,73,59,2930,41755
RLOG001,validation,0.55,44688,129,0.0028783720463217083,3003,72,57,2931,41757
RLOG001,validation,0.56,44692,125,0.002789120199924136,3003,71,54,2932,41760
RLOG001,validation,0.57,44699,118,0.0026329294687283842,3003,67,51,2936,41763
RLOG001,validation,0.58,44702,115,0.002565990583930205,3003,65,50,2938,41764
RLOG001,validation,0.59,44707,110,0.0024544257759332396,3003,63,47,2940,41767
RLOG001,validation,0.6,44712,105,0.002342860967936274,3003,61,44,2942,41770
RLOG001,validation,0.61,44716,101,0.002253609121538702,3003,58,43,2945,41771
RLOG001,validation,0.62,44719,98,0.0021866702367405225,3003,56,42,2947,41772
RLOG001,validation,0.63,44721,96,0.0021420443135417365,3003,56,40,2947,41774
RLOG001,validation,0.64,44728,89,0.001985853582345985,3003,53,36,2950,41778
RLOG001,validation,0.65,44731,86,0.0019189146975478056,3003,51,35,2952,41779
RLOG001,validation,0.66,44734,83,0.0018519758127496263,3003,49,34,2954,41780
RLOG001,validation,0.67,44734,83,0.0018519758127496263,3003,49,34,2954,41780
RLOG001,validation,0.68,44737,80,0.001785036927951447,3003,47,33,2956,41781
RLOG001,validation,0.69,44738,79,0.0017627239663520538,3003,46,33,2957,41781
RLOG001,validation,0.7,44740,77,0.0017180980431532678,3003,45,32,2958,41782
RLOG001,validation,0.71,44741,76,0.0016957850815538745,3003,44,32,2959,41782
RLOG001,validation,0.72,44747,70,0.0015619073119575162,3003,43,27,2960,41787
RLOG001,validation,0.73,44751,66,0.0014726554655599437,3003,41,25,2962,41789
RLOG001,validation,0.74,44753,64,0.0014280295423611577,3003,40,24,2963,41790
RLOG001,validation,0.75,44758,59,0.0013164647343641921,3003,37,22,2966,41792
RLOG001,validation,0.76,44763,54,0.0012048999263672268,3003,34,20,2969,41794
RLOG001,validation,0.77,44780,37,0.0008255795791775443,3003,21,16,2982,41798
RLOG001,validation,0.78,44803,14,0.0003123814623915032,3003,8,6,2995,41808
RLOG001,validation,0.79,44813,4,8.925184639757235e-05,3003,3,1,3000,41813
RLOG001,validation,0.8,44817,0,0.0,3003,0,0,3003,41814
RLOG001,validation,0.81,44817,0,0.0,3003,0,0,3003,41814
RLOG001,validation,0.82,44817,0,0.0,3003,0,0,3003,41814
RLOG001,validation,0.83,44817,0,0.0,3003,0,0,3003,41814
RLOG001,validation,0.84,44817,0,0.0,3003,0,0,3003,41814
RLOG001,validation,0.85,44817,0,0.0,3003,0,0,3003,41814
RLOG001,validation,0.86,44817,0,0.0,3003,0,0,3003,41814
RLOG001,validation,0.87,44817,0,0.0,3003,0,0,3003,41814
RLOG001,validation,0.88,44817,0,0.0,3003,0,0,3003,41814
RLOG001,validation,0.89,44817,0,0.0,3003,0,0,3003,41814
RLOG001,validation,0.9,44817,0,0.0,3003,0,0,3003,41814
RLOG001,validation,0.91,44817,0,0.0,3003,0,0,3003,41814
RLOG001,validation,0.92,44817,0,0.0,3003,0,0,3003,41814
RLOG001,validation,0.93,44817,0,0.0,3003,0,0,3003,41814
RLOG001,validation,0.94,44817,0,0.0,3003,0,0,3003,41814
RLOG001,validation,0.95,44817,0,0.0,3003,0,0,3003,41814
RLOG001,validation,0.96,44817,0,0.0,3003,0,0,3003,41814
RLOG001,validation,0.97,44817,0,0.0,3003,0,0,3003,41814
RLOG001,validation,0.98,44817,0,0.0,3003,0,0,3003,41814
RLOG001,validation,0.99,44817,0,0.0,3003,0,0,3003,41814
RLOG002,validation,0.01,2086,42731,0.953455162103666,3003,2973,39758,30,2056
RLOG002,validation,0.02,14138,30679,0.6845393489077806,3003,2838,27841,165,13973
RLOG002,validation,0.03,22619,22198,0.49530312158332773,3003,2643,19555,360,22259
RLOG002,validation,0.04,26651,18166,0.40533726041457485,3003,2484,15682,519,26132
RLOG002,validation,0.05,29202,15615,0.3484168953745231,3003,2351,13264,652,28550
RLOG002,validation,0.06,30938,13879,0.3096815940379767,3003,2261,11618,742,30196
RLOG002,validation,0.07,32285,12532,0.27962603476359416,3003,2175,10357,828,31457
RLOG002,validation,0.08,33405,11412,0.2546355177722739,3003,2071,9341,932,32473
RLOG002,validation,0.09,34322,10495,0.23417453198563046,3003,1999,8496,1004,33318
RLOG002,validation,0.1,35117,9700,0.21643572751411294,3003,1924,7776,1079,34038
RLOG002,validation,0.11,35888,8929,0.19923243412098088,3003,1839,7090,1164,34724
RLOG002,validation,0.12,36685,8132,0.18144900372626457,3003,1745,6387,1258,35427
RLOG002,validation,0.13,37388,7429,0.16576299172189124,3003,1665,5764,1338,36050
RLOG002,validation,0.14,38005,6812,0.15199589441506572,3003,1592,5220,1411,36594
RLOG002,validation,0.15,38650,6167,0.13760403418345718,3003,1513,4654,1490,37160
RLOG002,validation,0.16,39199,5618,0.12535421826539037,3003,1446,4172,1557,37642
RLOG002,validation,0.17,39749,5068,0.11308208938572417,3003,1374,3694,1629,38120
RLOG002,validation,0.18,40335,4482,0.10000669388847981,3003,1271,3211,1732,38603
RLOG002,validation,0.19,40898,3919,0.08744449650802151,3003,1184,2735,1819,39079
RLOG002,validation,0.2,41474,3343,0.07459223062677109,3003,1079,2264,1924,39550
RLOG002,validation,0.21,41938,2879,0.0642390164446527,3003,998,1881,2005,39933
RLOG002,validation,0.22,42301,2516,0.05613941138407301,3003,935,1581,2068,40233
RLOG002,validation,0.23,42640,2177,0.04857531740187875,3003,848,1329,2155,40485
RLOG002,validation,0.24,42900,1917,0.04277394738603655,3003,774,1143,2229,40671
RLOG002,validation,0.25,43097,1720,0.03837829395095611,3003,720,1000,2283,40814
RLOG002,validation,0.26,43273,1544,0.03445121270946293,3003,675,869,2328,40945
RLOG002,validation,0.27,43443,1374,0.030658009237566102,3003,618,756,2385,41058
RLOG002,validation,0.28,43560,1257,0.02804739273043711,3003,579,678,2424,41136
RLOG002,validation,0.29,43673,1144,0.025526028069705692,3003,546,598,2457,41216
RLOG002,validation,0.3,43782,1035,0.023093915255371845,3003,514,521,2489,41293
RLOG002,validation,0.31,43855,962,0.02146506905861615,3003,495,467,2508,41347
RLOG002,validation,0.32,43928,889,0.019836222861860455,3003,466,423,2537,41391
RLOG002,validation,0.33,44001,816,0.01820737666510476,3003,424,392,2579,41422
RLOG002,validation,0.34,44063,754,0.016823973045942388,3003,396,358,2607,41456
RLOG002,validation,0.35,44113,704,0.015708324965972735,3003,375,329,2628,41485
RLOG002,validation,0.36,44173,644,0.014369547270009149,3003,351,293,2652,41521
RLOG002,validation,0.37,44222,595,0.013276212151638886,3003,330,265,2673,41549
RLOG002,validation,0.38,44262,555,0.012383693687663164,3003,305,250,2698,41564
RLOG002,validation,0.39,44306,511,0.011401923377289867,3003,290,221,2713,41593
RLOG002,validation,0.4,44339,478,0.010665595644509895,3003,276,202,2727,41612
RLOG002,validation,0.41,44372,445,0.009929267911729924,3003,254,191,2749,41623
RLOG002,validation,0.42,44395,422,0.009416069794943882,3003,238,184,2765,41630
RLOG002,validation,0.43,44422,395,0.00881361983176027,3003,226,169,2777,41645
RLOG002,validation,0.44,44447,370,0.008255795791775442,3003,213,157,2790,41657
RLOG002,validation,0.45,44465,352,0.007854162482986368,3003,206,146,2797,41668
RLOG002,validation,0.46,44482,335,0.007474842135796684,3003,197,138,2806,41676
RLOG002,validation,0.47,44497,320,0.007140147711805788,3003,189,131,2814,41683
RLOG002,validation,0.48,44519,298,0.00664926255661914,3003,177,121,2826,41693
RLOG002,validation,0.49,44532,285,0.00635919405582703,3003,167,118,2836,41696
RLOG002,validation,0.5,44538,279,0.006225316286230672,3003,163,116,2840,41698
RLOG002,validation,0.51,44559,258,0.005756744092643417,3003,153,105,2850,41709
RLOG002,validation,0.52,44570,247,0.0055113015150500926,3003,147,100,2856,41714
RLOG002,validation,0.53,44583,234,0.005221233014257982,3003,140,94,2863,41720
RLOG002,validation,0.54,44597,220,0.004908851551866479,3003,135,85,2868,41729
RLOG002,validation,0.55,44609,208,0.004641096012673762,3003,128,80,2875,41734
RLOG002,validation,0.56,44619,198,0.004417966396679831,3003,122,76,2881,41738
RLOG002,validation,0.57,44628,189,0.004217149742285294,3003,114,75,2889,41739
RLOG002,validation,0.58,44634,183,0.004083271972688935,3003,110,73,2893,41741
RLOG002,validation,0.59,44645,172,0.0038378293950956112,3003,106,66,2897,41748
RLOG002,validation,0.6,44651,166,0.0037039516254992527,3003,101,65,2902,41749
RLOG002,validation,0.61,44662,155,0.0034585090479059286,3003,94,61,2909,41753
RLOG002,validation,0.62,44674,143,0.0031907535087132115,3003,86,57,2917,41757
RLOG002,validation,0.63,44684,133,0.002967623892719281,3003,80,53,2923,41761
RLOG002,validation,0.64,44690,127,0.0028337461231229223,3003,75,52,2928,41762
RLOG002,validation,0.65,44701,116,0.002588303545529598,3003,66,50,2937,41764
RLOG002,validation,0.66,44704,113,0.0025213646607314187,3003,64,49,2939,41765
RLOG002,validation,0.67,44708,109,0.0024321128143338466,3003,61,48,2942,41766
RLOG002,validation,0.68,44710,107,0.0023874868911350606,3003,61,46,2942,41768
RLOG002,validation,0.69,44716,101,0.002253609121538702,3003,58,43,2945,41771
RLOG002,validation,0.7,44724,93,0.002075105428743557,3003,53,40,2950,41774
RLOG002,validation,0.71,44730,87,0.0019412276591471986,3003,51,36,2952,41778
RLOG002,validation,0.72,44735,82,0.001829662851150233,3003,49,33,2954,41781
RLOG002,validation,0.73,44741,76,0.0016957850815538745,3003,46,30,2957,41784
RLOG002,validation,0.74,44750,67,0.001494968427159337,3003,41,26,2962,41788
RLOG002,validation,0.75,44758,59,0.0013164647343641921,3003,36,23,2967,41791
RLOG002,validation,0.76,44782,35,0.0007809536559787581,3003,20,15,2983,41799
RLOG002,validation,0.77,44792,25,0.0005578240399848271,3003,14,11,2989,41803
RLOG002,validation,0.78,44803,14,0.0003123814623915032,3003,10,4,2993,41810
RLOG002,validation,0.79,44807,10,0.00022312961599393088,3003,8,2,2995,41812
RLOG002,validation,0.8,44808,9,0.00020081665439453778,3003,7,2,2996,41812
RLOG002,validation,0.81,44812,5,0.00011156480799696544,3003,5,0,2998,41814
RLOG002,validation,0.82,44813,4,8.925184639757235e-05,3003,4,0,2999,41814
RLOG002,validation,0.83,44814,3,6.693888479817926e-05,3003,3,0,3000,41814
RLOG002,validation,0.84,44815,2,4.4625923198786177e-05,3003,2,0,3001,41814
RLOG002,validation,0.85,44815,2,4.4625923198786177e-05,3003,2,0,3001,41814
RLOG002,validation,0.86,44816,1,2.2312961599393088e-05,3003,1,0,3002,41814
RLOG002,validation,0.87,44817,0,0.0,3003,0,0,3003,41814
RLOG002,validation,0.88,44817,0,0.0,3003,0,0,3003,41814
RLOG002,validation,0.89,44817,0,0.0,3003,0,0,3003,41814
RLOG002,validation,0.9,44817,0,0.0,3003,0,0,3003,41814
RLOG002,validation,0.91,44817,0,0.0,3003,0,0,3003,41814
RLOG002,validation,0.92,44817,0,0.0,3003,0,0,3003,41814
RLOG002,validation,0.93,44817,0,0.0,3003,0,0,3003,41814
RLOG002,validation,0.94,44817,0,0.0,3003,0,0,3003,41814
RLOG002,validation,0.95,44817,0,0.0,3003,0,0,3003,41814
RLOG002,validation,0.96,44817,0,0.0,3003,0,0,3003,41814
RLOG002,validation,0.97,44817,0,0.0,3003,0,0,3003,41814
RLOG002,validation,0.98,44817,0,0.0,3003,0,0,3003,41814
RLOG002,validation,0.99,44817,0,0.0,3003,0,0,3003,41814
RLOG003,validation,0.01,2466,42351,0.9449762366958967,3003,2966,39385,37,2429
RLOG003,validation,0.02,14294,30523,0.6810585268982752,3003,2832,27691,171,14123
RLOG003,validation,0.03,22695,22122,0.4936073365017739,3003,2633,19489,370,22325
RLOG003,validation,0.04,26705,18112,0.4041323604882076,3003,2481,15631,522,26183
RLOG003,validation,0.05,29261,15556,0.3471004306401589,3003,2344,13212,659,28602
RLOG003,validation,0.06,30985,13832,0.3086328848428052,3003,2252,11580,751,30234
RLOG003,validation,0.07,32340,12477,0.27839882187562753,3003,2162,10315,841,31499
RLOG003,validation,0.08,33463,11354,0.2533413659995091,3003,2074,9280,929,32534
RLOG003,validation,0.09,34375,10442,0.23299194502086262,3003,1996,8446,1007,33368
RLOG003,validation,0.1,35189,9628,0.21482919427895664,3003,1917,7711,1086,34103
RLOG003,validation,0.11,35964,8853,0.197536649039427,3003,1830,7023,1173,34791
RLOG003,validation,0.12,36752,8065,0.17995403529910525,3003,1734,6331,1269,35483
RLOG003,validation,0.13,37438,7379,0.1646473436419216,3003,1661,5718,1342,36096
RLOG003,validation,0.14,38047,6770,0.1510587500278912,3003,1586,5184,1417,36630
RLOG003,validation,0.15,38675,6142,0.13704621014347235,3003,1513,4629,1490,37185
RLOG003,validation,0.16,39232,5585,0.1246178905326104,3003,1444,4141,1559,37673
RLOG003,validation,0.17,39794,5023,0.11207800611375147,3003,1366,3657,1637,38157
RLOG003,validation,0.18,40391,4426,0.09875716803891381,3003,1270,3156,1733,38658
RLOG003,validation,0.19,40967,3850,0.08590490215766339,3003,1187,2663,1816,39151
RLOG003,validation,0.2,41499,3318,0.07403440658678627,3003,1077,2241,1926,39573
RLOG003,validation,0.21,41925,2892,0.0645290849454448,3003,1004,1888,1999,39926
RLOG003,validation,0.22,42279,2538,0.056630296539259654,3003,938,1600,2065,40214
RLOG003,validation,0.23,42581,2236,0.04989178213624294,3003,864,1372,2139,40442
RLOG003,validation,0.24,42860,1957,0.04366646585001227,3003,789,1168,2214,40646
RLOG003,validation,0.25,43071,1746,0.038958430952540334,3003,732,1014,2271,40800
RLOG003,validation,0.26,43236,1581,0.035276792288640474,3003,681,900,2322,40914
RLOG003,validation,0.27,43389,1428,0.03186290916393333,3003,639,789,2364,41025
RLOG003,validation,0.28,43527,1290,0.02878372046321708,3003,592,698,2411,41116
RLOG003,validation,0.29,43629,1188,0.026507798380078988,3003,558,630,2445,41184
RLOG003,validation,0.3,43742,1075,0.02398643371934757,3003,528,547,2475,41267
RLOG003,validation,0.31,43830,987,0.022022893098600976,3003,502,485,2501,41329
RLOG003,validation,0.32,43885,932,0.020795680210634358,3003,483,449,2520,41365
RLOG003,validation,0.33,43961,856,0.019099895129080485,3003,447,409,2556,41405
RLOG003,validation,0.34,44034,783,0.017471048932324786,3003,412,371,2591,41443
RLOG003,validation,0.35,44079,738,0.0164669656603521,3003,391,347,2612,41467
RLOG003,validation,0.36,44137,680,0.015172813887587299,3003,367,313,2636,41501
RLOG003,validation,0.37,44184,633,0.014124104692415825,3003,345,288,2658,41526
RLOG003,validation,0.38,44235,582,0.012986143650846776,3003,321,261,2682,41553
RLOG003,validation,0.39,44268,549,0.012249815918066806,3003,305,244,2698,41570
RLOG003,validation,0.4,44308,509,0.011357297454091081,3003,292,217,2711,41597
RLOG003,validation,0.41,44340,477,0.010643282682910503,3003,276,201,2727,41613
RLOG003,validation,0.42,44371,446,0.009951580873329317,3003,257,189,2746,41625
RLOG003,validation,0.43,44399,418,0.00932681794854631,3003,239,179,2764,41635
RLOG003,validation,0.44,44419,398,0.008880558716558448,3003,230,168,2773,41646
RLOG003,validation,0.45,44442,375,0.008367360599772408,3003,215,160,2788,41654
RLOG003,validation,0.46,44462,355,0.007921101367784546,3003,209,146,2794,41668
RLOG003,validation,0.47,44482,335,0.007474842135796684,3003,199,136,2804,41678
RLOG003,validation,0.48,44496,321,0.007162460673405181,3003,193,128,2810,41686
RLOG003,validation,0.49,44513,304,0.006783140326215498,3003,180,124,2823,41690
RLOG003,validation,0.5,44526,291,0.006493071825423388,3003,170,121,2833,41693
RLOG003,validation,0.51,44541,276,0.006158377401432492,3003,162,114,2841,41700
RLOG003,validation,0.52,44553,264,0.005890621862239775,3003,156,108,2847,41706
RLOG003,validation,0.53,44566,251,0.005600553361447665,3003,149,102,2854,41712
RLOG003,validation,0.54,44585,232,0.005176607091059196,3003,141,91,2862,41723
RLOG003,validation,0.55,44599,218,0.004864225628667693,3003,133,85,2870,41729
RLOG003,validation,0.56,44610,207,0.004618783051074369,3003,128,79,2875,41735
RLOG003,validation,0.57,44617,200,0.004462592319878617,3003,125,75,2878,41739
RLOG003,validation,0.58,44622,195,0.004351027511881652,3003,120,75,2883,41739
RLOG003,validation,0.59,44632,185,0.004127897895887721,3003,114,71,2889,41743
RLOG003,validation,0.6,44639,178,0.00397170716469197,3003,108,70,2895,41744
RLOG003,validation,0.61,44647,170,0.0037932034718968248,3003,103,67,2900,41747
RLOG003,validation,0.62,44655,162,0.00361469977910168,3003,98,64,2905,41750
RLOG003,validation,0.63,44668,149,0.00332463127830957,3003,89,60,2914,41754
RLOG003,validation,0.64,44683,134,0.002989936854318674,3003,81,53,2922,41761
RLOG003,validation,0.65,44692,125,0.002789120199924136,3003,74,51,2929,41763
RLOG003,validation,0.66,44697,120,0.0026775553919271707,3003,71,49,2932,41765
RLOG003,validation,0.67,44703,114,0.002543677622330812,3003,66,48,2937,41766
RLOG003,validation,0.68,44706,111,0.0024767387375326327,3003,64,47,2939,41767
RLOG003,validation,0.69,44712,105,0.002342860967936274,3003,60,45,2943,41769
RLOG003,validation,0.7,44717,100,0.0022312961599393086,3003,56,44,2947,41770
RLOG003,validation,0.71,44723,94,0.0020974183903429504,3003,54,40,2949,41774
RLOG003,validation,0.72,44729,88,0.001963540620746592,3003,52,36,2951,41778
RLOG003,validation,0.73,44740,77,0.0017180980431532678,3003,46,31,2957,41783
RLOG003,validation,0.74,44746,71,0.0015842202735569092,3003,41,30,2962,41784
RLOG003,validation,0.75,44768,49,0.0010933351183702613,3003,28,21,2975,41793
RLOG003,validation,0.76,44782,35,0.0007809536559787581,3003,20,15,2983,41799
RLOG003,validation,0.77,44788,29,0.0006470758863823995,3003,16,13,2987,41801
RLOG003,validation,0.78,44798,19,0.00042394627038846864,3003,11,8,2992,41806
RLOG003,validation,0.79,44803,14,0.0003123814623915032,3003,9,5,2994,41809
RLOG003,validation,0.8,44805,12,0.00026775553919271706,3003,9,3,2994,41811
RLOG003,validation,0.81,44809,8,0.0001785036927951447,3003,6,2,2997,41812
RLOG003,validation,0.82,44813,4,8.925184639757235e-05,3003,4,0,2999,41814
RLOG003,validation,0.83,44814,3,6.693888479817926e-05,3003,3,0,3000,41814
RLOG003,validation,0.84,44814,3,6.693888479817926e-05,3003,3,0,3000,41814
RLOG003,validation,0.85,44815,2,4.4625923198786177e-05,3003,2,0,3001,41814
RLOG003,validation,0.86,44815,2,4.4625923198786177e-05,3003,2,0,3001,41814
RLOG003,validation,0.87,44816,1,2.2312961599393088e-05,3003,1,0,3002,41814
RLOG003,validation,0.88,44816,1,2.2312961599393088e-05,3003,1,0,3002,41814
RLOG003,validation,0.89,44817,0,0.0,3003,0,0,3003,41814
RLOG003,validation,0.9,44817,0,0.0,3003,0,0,3003,41814
RLOG003,validation,0.91,44817,0,0.0,3003,0,0,3003,41814
RLOG003,validation,0.92,44817,0,0.0,3003,0,0,3003,41814
RLOG003,validation,0.93,44817,0,0.0,3003,0,0,3003,41814
RLOG003,validation,0.94,44817,0,0.0,3003,0,0,3003,41814
RLOG003,validation,0.95,44817,0,0.0,3003,0,0,3003,41814
RLOG003,validation,0.96,44817,0,0.0,3003,0,0,3003,41814
RLOG003,validation,0.97,44817,0,0.0,3003,0,0,3003,41814
RLOG003,validation,0.98,44817,0,0.0,3003,0,0,3003,41814
RLOG003,validation,0.99,44817,0,0.0,3003,0,0,3003,41814
RLOG004,validation,0.01,2515,42302,0.9438829015775264,3003,2966,39336,37,2478
RLOG004,validation,0.02,14311,30506,0.6806792065510855,3003,2831,27675,172,14139
RLOG004,validation,0.03,22705,22112,0.49338420688577994,3003,2634,19478,369,22336
RLOG004,validation,0.04,26707,18110,0.4040877345650088,3003,2483,15627,520,26187
RLOG004,validation,0.05,29260,15557,0.34712274360175827,3003,2342,13215,661,28599
RLOG004,validation,0.06,30990,13827,0.3085213200348082,3003,2254,11573,749,30241
RLOG004,validation,0.07,32342,12475,0.2783541959524288,3003,2161,10314,842,31500
RLOG004,validation,0.08,33473,11344,0.25311823638351516,3003,2075,9269,928,32545
RLOG004,validation,0.09,34385,10432,0.23276881540486868,3003,1995,8437,1008,33377
RLOG004,validation,0.1,35187,9630,0.21487382020215542,3003,1917,7713,1086,34101
RLOG004,validation,0.11,35973,8844,0.19733583238503247,3003,1826,7018,1177,34796
RLOG004,validation,0.12,36763,8054,0.17970859272151193,3003,1732,6322,1271,35492
RLOG004,validation,0.13,37441,7376,0.1645804047571234,3003,1660,5716,1343,36098
RLOG004,validation,0.14,38051,6766,0.15096949818149363,3003,1585,5181,1418,36633
RLOG004,validation,0.15,38675,6142,0.13704621014347235,3003,1510,4632,1493,37182
RLOG004,validation,0.16,39229,5588,0.12468482941740858,3003,1445,4143,1558,37671
RLOG004,validation,0.17,39803,5014,0.11187718945935694,3003,1363,3651,1640,38163
RLOG004,validation,0.18,40397,4420,0.09862329026931745,3003,1274,3146,1729,38668
RLOG004,validation,0.19,40980,3837,0.08561483365687128,3003,1184,2653,1819,39161
RLOG004,validation,0.2,41503,3314,0.0739451547403887,3003,1078,2236,1925,39578
RLOG004,validation,0.21,41916,2901,0.06472990159983935,3003,1007,1894,1996,39920
RLOG004,validation,0.22,42275,2542,0.05671954838565723,3003,940,1602,2063,40212
RLOG004,validation,0.23,42576,2241,0.050003346944239906,3003,865,1376,2138,40438
RLOG004,validation,0.24,42859,1958,0.043688778811611664,3003,787,1171,2216,40643
RLOG004,validation,0.25,43069,1748,0.039003056875739114,3003,734,1014,2269,40800
RLOG004,validation,0.26,43234,1583,0.035321418211839255,3003,682,901,2321,40913
RLOG004,validation,0.27,43381,1436,0.03204141285672847,3003,643,793,2360,41021
RLOG004,validation,0.28,43524,1293,0.028850659348015263,3003,593,700,2410,41114
RLOG004,validation,0.29,43624,1193,0.026619363188075954,3003,561,632,2442,41182
RLOG004,validation,0.3,43734,1083,0.024164937412142713,3003,529,554,2474,41260
RLOG004,validation,0.31,43825,992,0.022134457906597942,3003,503,489,2500,41325
RLOG004,validation,0.32,43883,934,0.020840306133833145,3003,482,452,2521,41362
RLOG004,validation,0.33,43959,858,0.01914452105227927,3003,449,409,2554,41405
RLOG004,validation,0.34,44030,787,0.01756030077872236,3003,416,371,2587,41443
RLOG004,validation,0.35,44076,741,0.016533904545150278,3003,393,348,2610,41466
RLOG004,validation,0.36,44134,683,0.015239752772385479,3003,368,315,2635,41499
RLOG004,validation,0.37,44179,638,0.01423566950041279,3003,349,289,2654,41525
RLOG004,validation,0.38,44233,584,0.013030769574045564,3003,322,262,2681,41552
RLOG004,validation,0.39,44267,550,0.012272128879666198,3003,306,244,2697,41570
RLOG004,validation,0.4,44307,510,0.011379610415690475,3003,293,217,2710,41597
RLOG004,validation,0.41,44339,478,0.010665595644509895,3003,277,201,2726,41613
RLOG004,validation,0.42,44368,449,0.010018519758127497,3003,258,191,2745,41623
RLOG004,validation,0.43,44394,423,0.009438382756543276,3003,242,181,2761,41633
RLOG004,validation,0.44,44418,399,0.008902871678157842,3003,231,168,2772,41646
RLOG004,validation,0.45,44440,377,0.008411986522971194,3003,216,161,2787,41653
RLOG004,validation,0.46,44461,356,0.00794341432938394,3003,210,146,2793,41668
RLOG004,validation,0.47,44482,335,0.007474842135796684,3003,199,136,2804,41678
RLOG004,validation,0.48,44496,321,0.007162460673405181,3003,193,128,2810,41686
RLOG004,validation,0.49,44509,308,0.006872392172613071,3003,184,124,2819,41690
RLOG004,validation,0.5,44525,292,0.006515384787022782,3003,171,121,2832,41693
RLOG004,validation,0.51,44539,278,0.006203003324631278,3003,164,114,2839,41700
RLOG004,validation,0.52,44552,265,0.005912934823839168,3003,157,108,2846,41706
RLOG004,validation,0.53,44563,254,0.0056674922462458446,3003,151,103,2852,41711
RLOG004,validation,0.54,44583,234,0.005221233014257982,3003,141,93,2862,41721
RLOG004,validation,0.55,44600,217,0.0048419126670683,3003,132,85,2871,41729
RLOG004,validation,0.56,44609,208,0.004641096012673762,3003,129,79,2874,41735
RLOG004,validation,0.57,44616,201,0.004484905281478011,3003,126,75,2877,41739
RLOG004,validation,0.58,44621,196,0.004373340473481045,3003,121,75,2882,41739
RLOG004,validation,0.59,44630,187,0.004172523819086507,3003,116,71,2887,41743
RLOG004,validation,0.6,44639,178,0.00397170716469197,3003,108,70,2895,41744
RLOG004,validation,0.61,44647,170,0.0037932034718968248,3003,103,67,2900,41747
RLOG004,validation,0.62,44654,163,0.003637012740701073,3003,99,64,2904,41750
RLOG004,validation,0.63,44666,151,0.003369257201508356,3003,90,61,2913,41753
RLOG004,validation,0.64,44680,137,0.003056875739116853,3003,83,54,2920,41760
RLOG004,validation,0.65,44690,127,0.0028337461231229223,3003,76,51,2927,41763
RLOG004,validation,0.66,44697,120,0.0026775553919271707,3003,71,49,2932,41765
RLOG004,validation,0.67,44701,116,0.002588303545529598,3003,68,48,2935,41766
RLOG004,validation,0.68,44705,112,0.0024990516991320257,3003,65,47,2938,41767
RLOG004,validation,0.69,44712,105,0.002342860967936274,3003,60,45,2943,41769
RLOG004,validation,0.7,44716,101,0.002253609121538702,3003,57,44,2946,41770
RLOG004,validation,0.71,44723,94,0.0020974183903429504,3003,54,40,2949,41774
RLOG004,validation,0.72,44729,88,0.001963540620746592,3003,52,36,2951,41778
RLOG004,validation,0.73,44740,77,0.0017180980431532678,3003,46,31,2957,41783
RLOG004,validation,0.74,44746,71,0.0015842202735569092,3003,41,30,2962,41784
RLOG004,validation,0.75,44770,47,0.0010487091951714752,3003,28,19,2975,41795
RLOG004,validation,0.76,44782,35,0.0007809536559787581,3003,19,16,2984,41798
RLOG004,validation,0.77,44787,30,0.0006693888479817927,3003,16,14,2987,41800
RLOG004,validation,0.78,44797,20,0.00044625923198786177,3003,12,8,2991,41806
RLOG004,validation,0.79,44803,14,0.0003123814623915032,3003,9,5,2994,41809
RLOG004,validation,0.8,44806,11,0.000245442577593324,3003,8,3,2995,41811
RLOG004,validation,0.81,44809,8,0.0001785036927951447,3003,6,2,2997,41812
RLOG004,validation,0.82,44812,5,0.00011156480799696544,3003,4,1,2999,41813
RLOG004,validation,0.83,44814,3,6.693888479817926e-05,3003,3,0,3000,41814
RLOG004,validation,0.84,44814,3,6.693888479817926e-05,3003,3,0,3000,41814
RLOG004,validation,0.85,44815,2,4.4625923198786177e-05,3003,2,0,3001,41814
RLOG004,validation,0.86,44815,2,4.4625923198786177e-05,3003,2,0,3001,41814
RLOG004,validation,0.87,44816,1,2.2312961599393088e-05,3003,1,0,3002,41814
RLOG004,validation,0.88,44816,1,2.2312961599393088e-05,3003,1,0,3002,41814
RLOG004,validation,0.89,44817,0,0.0,3003,0,0,3003,41814
RLOG004,validation,0.9,44817,0,0.0,3003,0,0,3003,41814
RLOG004,validation,0.91,44817,0,0.0,3003,0,0,3003,41814
RLOG004,validation,0.92,44817,0,0.0,3003,0,0,3003,41814
RLOG004,validation,0.93,44817,0,0.0,3003,0,0,3003,41814
RLOG004,validation,0.94,44817,0,0.0,3003,0,0,3003,41814
RLOG004,validation,0.95,44817,0,0.0,3003,0,0,3003,41814
RLOG004,validation,0.96,44817,0,0.0,3003,0,0,3003,41814
RLOG004,validation,0.97,44817,0,0.0,3003,0,0,3003,41814
RLOG004,validation,0.98,44817,0,0.0,3003,0,0,3003,41814
RLOG004,validation,0.99,44817,0,0.0,3003,0,0,3003,41814
RLOG005,validation,0.01,755,44062,0.9831537139924582,3003,2995,41067,8,747
RLOG005,validation,0.02,10699,34118,0.7612736238480934,3003,2890,31228,113,10586
RLOG005,validation,0.03,20611,24206,0.540107548474909,3003,2700,21506,303,20308
RLOG005,validation,0.04,25280,19537,0.4359283307673428,3003,2549,16988,454,24826
RLOG005,validation,0.05,28047,16770,0.3741883660218221,3003,2412,14358,591,27456
RLOG005,validation,0.06,29916,14901,0.3324854407925564,3003,2321,12580,682,29234
RLOG005,validation,0.07,31407,13410,0.2992168150478613,3003,2227,11183,776,30631
RLOG005,validation,0.08,32582,12235,0.2729990851685744,3003,2140,10095,863,31719
RLOG005,validation,0.09,33564,11253,0.2510877568779704,3003,2058,9195,945,32619
RLOG005,validation,0.1,34407,10410,0.23227793024968205,3003,1988,8422,1015,33392
RLOG005,validation,0.11,35181,9636,0.2150076979717518,3003,1923,7713,1080,34101
RLOG005,validation,0.12,35890,8927,0.1991878081977821,3003,1840,7087,1163,34727
RLOG005,validation,0.13,36666,8151,0.18187294999665304,3003,1761,6390,1242,35424
RLOG005,validation,0.14,37354,7463,0.1665216324162706,3003,1681,5782,1322,36032
RLOG005,validation,0.15,37966,6851,0.15286609991744204,3003,1613,5238,1390,36576
RLOG005,validation,0.16,38598,6219,0.1387643081866256,3003,1535,4684,1468,37130
RLOG005,validation,0.17,39227,5590,0.12472945534060736,3003,1433,4157,1570,37657
RLOG005,validation,0.18,39841,4976,0.11102929691858,3003,1330,3646,1673,38168
RLOG005,validation,0.19,40425,4392,0.09799852734453444,3003,1225,3167,1778,38647
RLOG005,validation,0.2,41046,3771,0.08414217819131133,3003,1120,2651,1883,39163
RLOG005,validation,0.21,41665,3152,0.07033045496128701,3003,1008,2144,1995,39670
RLOG005,validation,0.22,42217,2600,0.05801370015842203,3003,902,1698,2101,40116
RLOG005,validation,0.23,42689,2128,0.04748198228350849,3003,800,1328,2203,40486
RLOG005,validation,0.24,43034,1783,0.03978401053171787,3003,709,1074,2294,40740
RLOG005,validation,0.25,43314,1503,0.03353638128388781,3003,645,858,2358,40956
RLOG005,validation,0.26,43551,1266,0.02824820938483165,3003,575,691,2428,41123
RLOG005,validation,0.27,43716,1101,0.02456657072093179,3003,519,582,2484,41232
RLOG005,validation,0.28,43868,949,0.02117500055782404,3003,466,483,2537,41331
RLOG005,validation,0.29,44003,814,0.018162750741905972,3003,419,395,2584,41419
RLOG005,validation,0.3,44090,727,0.016221523082758774,3003,376,351,2627,41463
RLOG005,validation,0.31,44160,657,0.014659615770801259,3003,345,312,2658,41502
RLOG005,validation,0.32,44230,587,0.013097708458843742,3003,316,271,2687,41543
RLOG005,validation,0.33,44299,518,0.01155811410848562,3003,282,236,2721,41578
RLOG005,validation,0.34,44357,460,0.01026396233572082,3003,254,206,2749,41608
RLOG005,validation,0.35,44393,424,0.009460695718142668,3003,233,191,2770,41623
RLOG005,validation,0.36,44425,392,0.00874668094696209,3003,220,172,2783,41642
RLOG005,validation,0.37,44463,354,0.007898788406185154,3003,203,151,2800,41663
RLOG005,validation,0.38,44496,321,0.007162460673405181,3003,184,137,2819,41677
RLOG005,validation,0.39,44514,303,0.006760827364616105,3003,172,131,2831,41683
RLOG005,validation,0.4,44532,285,0.00635919405582703,3003,164,121,2839,41693
RLOG005,validation,0.41,44544,273,0.006091438516634313,3003,158,115,2845,41699
RLOG005,validation,0.42,44575,242,0.0053997367070531275,3003,140,102,2863,41712
RLOG005,validation,0.43,44582,235,0.0052435459758573754,3003,135,100,2868,41714
RLOG005,validation,0.44,44605,212,0.004730347859071334,3003,121,91,2882,41723
RLOG005,validation,0.45,44614,203,0.004529531204676797,3003,116,87,2887,41727
RLOG005,validation,0.46,44624,193,0.004306401588682866,3003,109,84,2894,41730
RLOG005,validation,0.47,44635,182,0.004060959011089542,3003,101,81,2902,41733
RLOG005,validation,0.48,44642,175,0.0039047682798937903,3003,96,79,2907,41735
RLOG005,validation,0.49,44650,167,0.0037262645870986457,3003,94,73,2909,41741
RLOG005,validation,0.5,44657,160,0.003570073855902894,3003,91,69,2912,41745
RLOG005,validation,0.51,44666,151,0.003369257201508356,3003,88,63,2915,41751
RLOG005,validation,0.52,44674,143,0.0031907535087132115,3003,85,58,2918,41756
RLOG005,validation,0.53,44679,138,0.003079188700716246,3003,81,57,2922,41757
RLOG005,validation,0.54,44689,128,0.0028560590847223153,3003,73,55,2930,41759
RLOG005,validation,0.55,44701,116,0.002588303545529598,3003,69,47,2934,41767
RLOG005,validation,0.56,44704,113,0.0025213646607314187,3003,67,46,2936,41768
RLOG005,validation,0.57,44705,112,0.0024990516991320257,3003,66,46,2937,41768
RLOG005,validation,0.58,44707,110,0.0024544257759332396,3003,65,45,2938,41769
RLOG005,validation,0.59,44711,106,0.002365173929535667,3003,63,43,2940,41771
RLOG005,validation,0.6,44714,103,0.002298235044737488,3003,61,42,2942,41772
RLOG005,validation,0.61,44721,96,0.0021420443135417365,3003,59,37,2944,41777
RLOG005,validation,0.62,44723,94,0.0020974183903429504,3003,57,37,2946,41777
RLOG005,validation,0.63,44725,92,0.002052792467144164,3003,55,37,2948,41777
RLOG005,validation,0.64,44729,88,0.001963540620746592,3003,52,36,2951,41778
RLOG005,validation,0.65,44729,88,0.001963540620746592,3003,52,36,2951,41778
RLOG005,validation,0.66,44733,84,0.0018742887743490194,3003,50,34,2953,41780
RLOG005,validation,0.67,44735,82,0.001829662851150233,3003,49,33,2954,41781
RLOG005,validation,0.68,44740,77,0.0017180980431532678,3003,45,32,2958,41782
RLOG005,validation,0.69,44742,75,0.0016734721199544815,3003,44,31,2959,41783
RLOG005,validation,0.7,44743,74,0.0016511591583550885,3003,44,30,2959,41784
RLOG005,validation,0.71,44744,73,0.0016288461967556955,3003,44,29,2959,41785
RLOG005,validation,0.72,44746,71,0.0015842202735569092,3003,43,28,2960,41786
RLOG005,validation,0.73,44752,65,0.0014503425039605507,3003,39,26,2964,41788
RLOG005,validation,0.74,44754,63,0.0014057165807617644,3003,38,25,2965,41789
RLOG005,validation,0.75,44757,60,0.0013387776959635854,3003,36,24,2967,41790
RLOG005,validation,0.76,44763,54,0.0012048999263672268,3003,33,21,2970,41793
RLOG005,validation,0.77,44769,48,0.0010710221567708682,3003,29,19,2974,41795
RLOG005,validation,0.78,44789,28,0.0006247629247830064,3003,15,13,2988,41801
RLOG005,validation,0.79,44803,14,0.0003123814623915032,3003,8,6,2995,41808
RLOG005,validation,0.8,44815,2,4.4625923198786177e-05,3003,2,0,3001,41814
RLOG005,validation,0.81,44816,1,2.2312961599393088e-05,3003,1,0,3002,41814
RLOG005,validation,0.82,44816,1,2.2312961599393088e-05,3003,1,0,3002,41814
RLOG005,validation,0.83,44816,1,2.2312961599393088e-05,3003,1,0,3002,41814
RLOG005,validation,0.84,44816,1,2.2312961599393088e-05,3003,1,0,3002,41814
RLOG005,validation,0.85,44817,0,0.0,3003,0,0,3003,41814
RLOG005,validation,0.86,44817,0,0.0,3003,0,0,3003,41814
RLOG005,validation,0.87,44817,0,0.0,3003,0,0,3003,41814
RLOG005,validation,0.88,44817,0,0.0,3003,0,0,3003,41814
RLOG005,validation,0.89,44817,0,0.0,3003,0,0,3003,41814
RLOG005,validation,0.9,44817,0,0.0,3003,0,0,3003,41814
RLOG005,validation,0.91,44817,0,0.0,3003,0,0,3003,41814
RLOG005,validation,0.92,44817,0,0.0,3003,0,0,3003,41814
RLOG005,validation,0.93,44817,0,0.0,3003,0,0,3003,41814
RLOG005,validation,0.94,44817,0,0.0,3003,0,0,3003,41814
RLOG005,validation,0.95,44817,0,0.0,3003,0,0,3003,41814
RLOG005,validation,0.96,44817,0,0.0,3003,0,0,3003,41814
RLOG005,validation,0.97,44817,0,0.0,3003,0,0,3003,41814
RLOG005,validation,0.98,44817,0,0.0,3003,0,0,3003,41814
RLOG005,validation,0.99,44817,0,0.0,3003,0,0,3003,41814
RLOG006,validation,0.01,2232,42585,0.9501974697101546,3003,2972,39613,31,2201
RLOG006,validation,0.02,13982,30835,0.6880201709172858,3003,2840,27995,163,13819
RLOG006,validation,0.03,22506,22311,0.4978244862440592,3003,2647,19664,356,22150
RLOG006,validation,0.04,26550,18267,0.4075908695361135,3003,2490,15777,513,26037
RLOG006,validation,0.05,29110,15707,0.3504696878416672,3003,2355,13352,648,28462
RLOG006,validation,0.06,30843,13974,0.311801325389919,3003,2264,11710,739,30104
RLOG006,validation,0.07,32204,12613,0.281433384653145,3003,2174,10439,829,31375
RLOG006,validation,0.08,33330,11487,0.2563089898922284,3003,2081,9406,922,32408
RLOG006,validation,0.09,34237,10580,0.23607113372157887,3003,2012,8568,991,33246
RLOG006,validation,0.1,35057,9760,0.21777450521007655,3003,1927,7833,1076,33981
RLOG006,validation,0.11,35810,9007,0.20097284512573355,3003,1845,7162,1158,34652
RLOG006,validation,0.12,36619,8198,0.18292165919182454,3003,1752,6446,1251,35368
RLOG006,validation,0.13,37314,7503,0.16741415088024633,3003,1678,5825,1325,35989
RLOG006,validation,0.14,37940,6877,0.15344623691902626,3003,1602,5275,1401,36539
RLOG006,validation,0.15,38565,6252,0.1395006359194056,3003,1519,4733,1484,37081
RLOG006,validation,0.16,39123,5694,0.12705000334694425,3003,1451,4243,1552,37571
RLOG006,validation,0.17,39687,5130,0.11446549300488654,3003,1380,3750,1623,38064
RLOG006,validation,0.18,40289,4528,0.1010330901220519,3003,1279,3249,1724,38565
RLOG006,validation,0.19,40895,3922,0.08751143539281969,3003,1191,2731,1812,39083
RLOG006,validation,0.2,41443,3374,0.07528393243635227,3003,1089,2285,1914,39529
RLOG006,validation,0.21,41903,2914,0.06501997010063146,3003,1006,1908,1997,39906
RLOG006,validation,0.22,42281,2536,0.05658567061606087,3003,934,1602,2069,40212
RLOG006,validation,0.23,42624,2193,0.04893232478746904,3003,844,1349,2159,40465
RLOG006,validation,0.24,42889,1928,0.043019389963629875,3003,777,1151,2226,40663
RLOG006,validation,0.25,43103,1714,0.03824441618135975,3003,721,993,2282,40821
RLOG006,validation,0.26,43272,1545,0.03447352567106232,3003,672,873,2331,40941
RLOG006,validation,0.27,43453,1364,0.03043487962157217,3003,613,751,2390,41063
RLOG006,validation,0.28,43572,1245,0.027779637191244395,3003,573,672,2430,41142
RLOG006,validation,0.29,43689,1128,0.025169020684115403,3003,539,589,2464,41225
RLOG006,validation,0.3,43797,1020,0.02275922083138095,3003,510,510,2493,41304
RLOG006,validation,0.31,43865,952,0.021241939442622218,3003,488,464,2515,41350
RLOG006,validation,0.32,43944,873,0.019479215476270167,3003,457,416,2546,41398
RLOG006,validation,0.33,44023,794,0.017716491509918112,3003,417,377,2586,41437
RLOG006,validation,0.34,44077,740,0.016511591583550884,3003,391,349,2612,41465
RLOG006,validation,0.35,44131,686,0.015306691657183657,3003,366,320,2637,41494
RLOG006,validation,0.36,44199,618,0.013789410268424928,3003,342,276,2661,41538
RLOG006,validation,0.37,44236,581,0.012963830689247384,3003,320,261,2683,41553
RLOG006,validation,0.38,44279,538,0.012004373340473481,3003,299,239,2704,41575
RLOG006,validation,0.39,44321,496,0.011067228953298971,3003,284,212,2719,41602
RLOG006,validation,0.4,44348,469,0.010464778990115359,3003,268,201,2735,41613
RLOG006,validation,0.41,44383,434,0.0096838253341366,3003,247,187,2756,41627
RLOG006,validation,0.42,44413,404,0.009014436486154808,3003,233,171,2770,41643
RLOG006,validation,0.43,44439,378,0.008434299484570588,3003,218,160,2785,41654
RLOG006,validation,0.44,44451,366,0.00816654394537787,3003,213,153,2790,41661
RLOG006,validation,0.45,44476,341,0.0076087199053930426,3003,202,139,2801,41675
RLOG006,validation,0.46,44493,324,0.00722939955820336,3003,190,134,2813,41680
RLOG006,validation,0.47,44510,307,0.006850079211013678,3003,182,125,2821,41689
RLOG006,validation,0.48,44527,290,0.006470758863823995,3003,171,119,2832,41695
RLOG006,validation,0.49,44534,283,0.006314568132628244,3003,166,117,2837,41697
RLOG006,validation,0.5,44552,265,0.005912934823839168,3003,157,108,2846,41706
RLOG006,validation,0.51,44568,249,0.005555927438248879,3003,147,102,2856,41712
RLOG006,validation,0.52,44584,233,0.005198920052658589,3003,140,93,2863,41721
RLOG006,validation,0.53,44596,221,0.004931164513465872,3003,137,84,2866,41730
RLOG006,validation,0.54,44609,208,0.004641096012673762,3003,128,80,2875,41734
RLOG006,validation,0.55,44615,202,0.004507218243077404,3003,125,77,2878,41737
RLOG006,validation,0.56,44628,189,0.004217149742285294,3003,115,74,2888,41740
RLOG006,validation,0.57,44633,184,0.004105584934288328,3003,111,73,2892,41741
RLOG006,validation,0.58,44643,174,0.0038824553182943973,3003,107,67,2896,41747
RLOG006,validation,0.59,44651,166,0.0037039516254992527,3003,100,66,2903,41748
RLOG006,validation,0.6,44661,156,0.0034808220095053216,3003,93,63,2910,41751
RLOG006,validation,0.61,44671,146,0.003257692393511391,3003,87,59,2916,41755
RLOG006,validation,0.62,44682,135,0.003012249815918067,3003,82,53,2921,41761
RLOG006,validation,0.63,44689,128,0.0028560590847223153,3003,77,51,2926,41763
RLOG006,validation,0.64,44699,118,0.0026329294687283842,3003,68,50,2935,41764
RLOG006,validation,0.65,44703,114,0.002543677622330812,3003,64,50,2939,41764
RLOG006,validation,0.66,44708,109,0.0024321128143338466,3003,61,48,2942,41766
RLOG006,validation,0.67,44710,107,0.0023874868911350606,3003,61,46,2942,41768
RLOG006,validation,0.68,44713,104,0.002320548006336881,3003,58,46,2945,41768
RLOG006,validation,0.69,44720,97,0.0021643572751411295,3003,55,42,2948,41772
RLOG006,validation,0.7,44727,90,0.002008166543945378,3003,53,37,2950,41777
RLOG006,validation,0.71,44731,86,0.0019189146975478056,3003,51,35,2952,41779
RLOG006,validation,0.72,44736,81,0.00180734988955084,3003,47,34,2956,41780
RLOG006,validation,0.73,44742,75,0.0016734721199544815,3003,45,30,2958,41784
RLOG006,validation,0.74,44749,68,0.00151728138875873,3003,41,27,2962,41787
RLOG006,validation,0.75,44764,53,0.0011825869647678336,3003,31,22,2972,41792
RLOG006,validation,0.76,44784,33,0.0007363277327799718,3003,18,15,2985,41799
RLOG006,validation,0.77,44791,26,0.0005801370015842203,3003,16,10,2987,41804
RLOG006,validation,0.78,44800,17,0.0003793203471896825,3003,12,5,2991,41809
RLOG006,validation,0.79,44808,9,0.00020081665439453778,3003,7,2,2996,41812
RLOG006,validation,0.8,44810,7,0.0001561907311957516,3003,6,1,2997,41813
RLOG006,validation,0.81,44813,4,8.925184639757235e-05,3003,4,0,2999,41814
RLOG006,validation,0.82,44813,4,8.925184639757235e-05,3003,4,0,2999,41814
RLOG006,validation,0.83,44815,2,4.4625923198786177e-05,3003,2,0,3001,41814
RLOG006,validation,0.84,44816,1,2.2312961599393088e-05,3003,1,0,3002,41814
RLOG006,validation,0.85,44816,1,2.2312961599393088e-05,3003,1,0,3002,41814
RLOG006,validation,0.86,44817,0,0.0,3003,0,0,3003,41814
RLOG006,validation,0.87,44817,0,0.0,3003,0,0,3003,41814
RLOG006,validation,0.88,44817,0,0.0,3003,0,0,3003,41814
RLOG006,validation,0.89,44817,0,0.0,3003,0,0,3003,41814
RLOG006,validation,0.9,44817,0,0.0,3003,0,0,3003,41814
RLOG006,validation,0.91,44817,0,0.0,3003,0,0,3003,41814
RLOG006,validation,0.92,44817,0,0.0,3003,0,0,3003,41814
RLOG006,validation,0.93,44817,0,0.0,3003,0,0,3003,41814
RLOG006,validation,0.94,44817,0,0.0,3003,0,0,3003,41814
RLOG006,validation,0.95,44817,0,0.0,3003,0,0,3003,41814
RLOG006,validation,0.96,44817,0,0.0,3003,0,0,3003,41814
RLOG006,validation,0.97,44817,0,0.0,3003,0,0,3003,41814
RLOG006,validation,0.98,44817,0,0.0,3003,0,0,3003,41814
RLOG006,validation,0.99,44817,0,0.0,3003,0,0,3003,41814
RLOG007,validation,0.01,2487,42330,0.9445076645023094,3003,2966,39364,37,2450
RLOG007,validation,0.02,14274,30543,0.6815047861302631,3003,2833,27710,170,14104
RLOG007,validation,0.03,22687,22130,0.493785840194569,3003,2635,19495,368,22319
RLOG007,validation,0.04,26694,18123,0.4043778030658009,3003,2482,15641,521,26173
RLOG007,validation,0.05,29255,15562,0.3472343084097552,3003,2345,13217,658,28597
RLOG007,validation,0.06,30980,13837,0.30874444965080217,3003,2254,11583,749,30231
RLOG007,validation,0.07,32326,12491,0.2787112033380191,3003,2161,10330,842,31484
RLOG007,validation,0.08,33460,11357,0.25340830488430727,3003,2074,9283,929,32531
RLOG007,validation,0.09,34366,10451,0.23319276167525715,3003,1997,8454,1006,33360
RLOG007,validation,0.1,35174,9643,0.21516388870294753,3003,1919,7724,1084,34090
RLOG007,validation,0.11,35954,8863,0.19775977865542094,3003,1830,7033,1173,34781
RLOG007,validation,0.12,36750,8067,0.17999866122230404,3003,1736,6331,1267,35483
RLOG007,validation,0.13,37433,7384,0.16475890844991856,3003,1661,5723,1342,36091
RLOG007,validation,0.14,38036,6781,0.15130419260548453,3003,1586,5195,1417,36619
RLOG007,validation,0.15,38665,6152,0.13726933975946629,3003,1513,4639,1490,37175
RLOG007,validation,0.16,39223,5594,0.12481870718700493,3003,1445,4149,1558,37665
RLOG007,validation,0.17,39782,5035,0.1123457616529442,3003,1364,3671,1639,38143
RLOG007,validation,0.18,40380,4437,0.09900261061650713,3003,1274,3163,1729,38651
RLOG007,validation,0.19,40968,3849,0.085882589196064,3003,1185,2664,1818,39150
RLOG007,validation,0.2,41495,3322,0.07412365843318383,3003,1081,2241,1922,39573
RLOG007,validation,0.21,41921,2896,0.06461833679184238,3003,1007,1889,1996,39925
RLOG007,validation,0.22,42275,2542,0.05671954838565723,3003,940,1602,2063,40212
RLOG007,validation,0.23,42582,2235,0.04986946917464355,3003,863,1372,2140,40442
RLOG007,validation,0.24,42865,1952,0.04355490104201531,3003,786,1166,2217,40648
RLOG007,validation,0.25,43071,1746,0.038958430952540334,3003,732,1014,2271,40800
RLOG007,validation,0.26,43233,1584,0.03534373117343865,3003,683,901,2320,40913
RLOG007,validation,0.27,43388,1429,0.03188522212553272,3003,639,790,2364,41024
RLOG007,validation,0.28,43530,1287,0.028716781578418903,3003,590,697,2413,41117
RLOG007,validation,0.29,43629,1188,0.026507798380078988,3003,558,630,2445,41184
RLOG007,validation,0.3,43744,1073,0.02394180779614878,3003,528,545,2475,41269
RLOG007,validation,0.31,43834,983,0.021933641252203404,3003,497,486,2506,41328
RLOG007,validation,0.32,43886,931,0.020773367249034964,3003,482,449,2521,41365
RLOG007,validation,0.33,43964,853,0.019032956244282303,3003,447,406,2556,41408
RLOG007,validation,0.34,44035,782,0.017448735970725396,3003,412,370,2591,41444
RLOG007,validation,0.35,44081,736,0.01642233973715331,3003,390,346,2613,41468
RLOG007,validation,0.36,44137,680,0.015172813887587299,3003,367,313,2636,41501
RLOG007,validation,0.37,44185,632,0.01410179173081643,3003,344,288,2659,41526
RLOG007,validation,0.38,44236,581,0.012963830689247384,3003,320,261,2683,41553
RLOG007,validation,0.39,44270,547,0.01220518999486802,3003,303,244,2700,41570
RLOG007,validation,0.4,44312,505,0.01126804560769351,3003,290,215,2713,41599
RLOG007,validation,0.41,44339,478,0.010665595644509895,3003,277,201,2726,41613
RLOG007,validation,0.42,44372,445,0.009929267911729924,3003,256,189,2747,41625
RLOG007,validation,0.43,44399,418,0.00932681794854631,3003,239,179,2764,41635
RLOG007,validation,0.44,44421,396,0.008835932793359662,3003,229,167,2774,41647
RLOG007,validation,0.45,44443,374,0.008345047638173014,3003,215,159,2788,41655
RLOG007,validation,0.46,44464,353,0.00787647544458576,3003,207,146,2796,41668
RLOG007,validation,0.47,44482,335,0.007474842135796684,3003,199,136,2804,41678
RLOG007,validation,0.48,44498,319,0.007117834750206395,3003,193,126,2810,41688
RLOG007,validation,0.49,44513,304,0.006783140326215498,3003,180,124,2823,41690
RLOG007,validation,0.5,44527,290,0.006470758863823995,3003,170,120,2833,41694
RLOG007,validation,0.51,44541,276,0.006158377401432492,3003,162,114,2841,41700
RLOG007,validation,0.52,44554,263,0.005868308900640382,3003,155,108,2848,41706
RLOG007,validation,0.53,44568,249,0.005555927438248879,3003,148,101,2855,41713
RLOG007,validation,0.54,44587,230,0.00513198116786041,3003,140,90,2863,41724
RLOG007,validation,0.55,44601,216,0.004819599705468907,3003,132,84,2871,41730
RLOG007,validation,0.56,44610,207,0.004618783051074369,3003,128,79,2875,41735
RLOG007,validation,0.57,44618,199,0.004440279358279224,3003,124,75,2879,41739
RLOG007,validation,0.58,44622,195,0.004351027511881652,3003,120,75,2883,41739
RLOG007,validation,0.59,44633,184,0.004105584934288328,3003,114,70,2889,41744
RLOG007,validation,0.6,44641,176,0.003927081241493184,3003,107,69,2896,41745
RLOG007,validation,0.61,44649,168,0.0037485775486980387,3003,102,66,2901,41748
RLOG007,validation,0.62,44656,161,0.003592386817502287,3003,97,64,2906,41750
RLOG007,validation,0.63,44669,148,0.003302318316710177,3003,89,59,2914,41755
RLOG007,validation,0.64,44685,132,0.0029453109311198874,3003,79,53,2924,41761
RLOG007,validation,0.65,44692,125,0.002789120199924136,3003,74,51,2929,41763
RLOG007,validation,0.66,44697,120,0.0026775553919271707,3003,71,49,2932,41765
RLOG007,validation,0.67,44703,114,0.002543677622330812,3003,66,48,2937,41766
RLOG007,validation,0.68,44707,110,0.0024544257759332396,3003,64,46,2939,41768
RLOG007,validation,0.69,44712,105,0.002342860967936274,3003,60,45,2943,41769
RLOG007,validation,0.7,44717,100,0.0022312961599393086,3003,56,44,2947,41770
RLOG007,validation,0.71,44723,94,0.0020974183903429504,3003,54,40,2949,41774
RLOG007,validation,0.72,44734,83,0.0018519758127496263,3003,49,34,2954,41780
RLOG007,validation,0.73,44741,76,0.0016957850815538745,3003,46,30,2957,41784
RLOG007,validation,0.74,44746,71,0.0015842202735569092,3003,41,30,2962,41784
RLOG007,validation,0.75,44769,48,0.0010710221567708682,3003,28,20,2975,41794
RLOG007,validation,0.76,44784,33,0.0007363277327799718,3003,17,16,2986,41798
RLOG007,validation,0.77,44787,30,0.0006693888479817927,3003,16,14,2987,41800
RLOG007,validation,0.78,44797,20,0.00044625923198786177,3003,12,8,2991,41806
RLOG007,validation,0.79,44803,14,0.0003123814623915032,3003,9,5,2994,41809
RLOG007,validation,0.8,44805,12,0.00026775553919271706,3003,9,3,2994,41811
RLOG007,validation,0.81,44810,7,0.0001561907311957516,3003,5,2,2998,41812
RLOG007,validation,0.82,44813,4,8.925184639757235e-05,3003,4,0,2999,41814
RLOG007,validation,0.83,44814,3,6.693888479817926e-05,3003,3,0,3000,41814
RLOG007,validation,0.84,44814,3,6.693888479817926e-05,3003,3,0,3000,41814
RLOG007,validation,0.85,44815,2,4.4625923198786177e-05,3003,2,0,3001,41814
RLOG007,validation,0.86,44815,2,4.4625923198786177e-05,3003,2,0,3001,41814
RLOG007,validation,0.87,44816,1,2.2312961599393088e-05,3003,1,0,3002,41814
RLOG007,validation,0.88,44816,1,2.2312961599393088e-05,3003,1,0,3002,41814
RLOG007,validation,0.89,44817,0,0.0,3003,0,0,3003,41814
RLOG007,validation,0.9,44817,0,0.0,3003,0,0,3003,41814
RLOG007,validation,0.91,44817,0,0.0,3003,0,0,3003,41814
RLOG007,validation,0.92,44817,0,0.0,3003,0,0,3003,41814
RLOG007,validation,0.93,44817,0,0.0,3003,0,0,3003,41814
RLOG007,validation,0.94,44817,0,0.0,3003,0,0,3003,41814
RLOG007,validation,0.95,44817,0,0.0,3003,0,0,3003,41814
RLOG007,validation,0.96,44817,0,0.0,3003,0,0,3003,41814
RLOG007,validation,0.97,44817,0,0.0,3003,0,0,3003,41814
RLOG007,validation,0.98,44817,0,0.0,3003,0,0,3003,41814
RLOG007,validation,0.99,44817,0,0.0,3003,0,0,3003,41814
RLOG008,validation,0.01,2521,42296,0.94374902380793,3003,2966,39330,37,2484
RLOG008,validation,0.02,14304,30513,0.6808353972822813,3003,2832,27681,171,14133
RLOG008,validation,0.03,22703,22114,0.49342883280897876,3003,2634,19480,369,22334
RLOG008,validation,0.04,26708,18109,0.4040654216034094,3003,2483,15626,520,26188
RLOG008,validation,0.05,29260,15557,0.34712274360175827,3003,2342,13215,661,28599
RLOG008,validation,0.06,30987,13830,0.3085882589196064,3003,2254,11576,749,30238
RLOG008,validation,0.07,32339,12478,0.27842113483722697,3003,2161,10317,842,31497
RLOG008,validation,0.08,33472,11345,0.2531405493451146,3003,2076,9269,927,32545
RLOG008,validation,0.09,34384,10433,0.2327911283664681,3003,1995,8438,1008,33376
RLOG008,validation,0.1,35187,9630,0.21487382020215542,3003,1917,7713,1086,34101
RLOG008,validation,0.11,35973,8844,0.19733583238503247,3003,1826,7018,1177,34796
RLOG008,validation,0.12,36762,8055,0.1797309056831113,3003,1733,6322,1270,35492
RLOG008,validation,0.13,37441,7376,0.1645804047571234,3003,1659,5717,1344,36097
RLOG008,validation,0.14,38049,6768,0.15101412410469242,3003,1585,5183,1418,36631
RLOG008,validation,0.15,38677,6140,0.13700158422027356,3003,1510,4630,1493,37184
RLOG008,validation,0.16,39228,5589,0.12470714237900797,3003,1445,4144,1558,37670
RLOG008,validation,0.17,39801,5016,0.11192181538255573,3003,1363,3653,1640,38161
RLOG008,validation,0.18,40398,4419,0.09860097730771805,3003,1274,3145,1729,38669
RLOG008,validation,0.19,40981,3836,0.08559252069527189,3003,1185,2651,1818,39163
RLOG008,validation,0.2,41503,3314,0.0739451547403887,3003,1078,2236,1925,39578
RLOG008,validation,0.21,41919,2898,0.06466296271504117,3003,1007,1891,1996,39923
RLOG008,validation,0.22,42274,2543,0.056741861347256624,3003,940,1603,2063,40211
RLOG008,validation,0.23,42576,2241,0.050003346944239906,3003,865,1376,2138,40438
RLOG008,validation,0.24,42856,1961,0.043755717696409846,3003,787,1174,2216,40640
RLOG008,validation,0.25,43072,1745,0.03893611799094094,3003,731,1014,2272,40800
RLOG008,validation,0.26,43233,1584,0.03534373117343865,3003,683,901,2320,40913
RLOG008,validation,0.27,43381,1436,0.03204141285672847,3003,643,793,2360,41021
RLOG008,validation,0.28,43524,1293,0.028850659348015263,3003,593,700,2410,41114
RLOG008,validation,0.29,43624,1193,0.026619363188075954,3003,561,632,2442,41182
RLOG008,validation,0.3,43733,1084,0.024187250373742107,3003,529,555,2474,41259
RLOG008,validation,0.31,43825,992,0.022134457906597942,3003,503,489,2500,41325
RLOG008,validation,0.32,43885,932,0.020795680210634358,3003,481,451,2522,41363
RLOG008,validation,0.33,43960,857,0.019122208090679875,3003,448,409,2555,41405
RLOG008,validation,0.34,44030,787,0.01756030077872236,3003,416,371,2587,41443
RLOG008,validation,0.35,44076,741,0.016533904545150278,3003,393,348,2610,41466
RLOG008,validation,0.36,44134,683,0.015239752772385479,3003,368,315,2635,41499
RLOG008,validation,0.37,44180,637,0.014213356538813397,3003,348,289,2655,41525
RLOG008,validation,0.38,44233,584,0.013030769574045564,3003,322,262,2681,41552
RLOG008,validation,0.39,44267,550,0.012272128879666198,3003,306,244,2697,41570
RLOG008,validation,0.4,44307,510,0.011379610415690475,3003,293,217,2710,41597
RLOG008,validation,0.41,44339,478,0.010665595644509895,3003,277,201,2726,41613
RLOG008,validation,0.42,44368,449,0.010018519758127497,3003,258,191,2745,41623
RLOG008,validation,0.43,44394,423,0.009438382756543276,3003,242,181,2761,41633
RLOG008,validation,0.44,44418,399,0.008902871678157842,3003,231,168,2772,41646
RLOG008,validation,0.45,44440,377,0.008411986522971194,3003,216,161,2787,41653
RLOG008,validation,0.46,44461,356,0.00794341432938394,3003,210,146,2793,41668
RLOG008,validation,0.47,44482,335,0.007474842135796684,3003,199,136,2804,41678
RLOG008,validation,0.48,44496,321,0.007162460673405181,3003,193,128,2810,41686
RLOG008,validation,0.49,44509,308,0.006872392172613071,3003,184,124,2819,41690
RLOG008,validation,0.5,44525,292,0.006515384787022782,3003,171,121,2832,41693
RLOG008,validation,0.51,44539,278,0.006203003324631278,3003,164,114,2839,41700
RLOG008,validation,0.52,44552,265,0.005912934823839168,3003,157,108,2846,41706
RLOG008,validation,0.53,44563,254,0.0056674922462458446,3003,151,103,2852,41711
RLOG008,validation,0.54,44584,233,0.005198920052658589,3003,141,92,2862,41722
RLOG008,validation,0.55,44600,217,0.0048419126670683,3003,132,85,2871,41729
RLOG008,validation,0.56,44609,208,0.004641096012673762,3003,129,79,2874,41735
RLOG008,validation,0.57,44616,201,0.004484905281478011,3003,126,75,2877,41739
RLOG008,validation,0.58,44621,196,0.004373340473481045,3003,121,75,2882,41739
RLOG008,validation,0.59,44630,187,0.004172523819086507,3003,116,71,2887,41743
RLOG008,validation,0.6,44639,178,0.00397170716469197,3003,108,70,2895,41744
RLOG008,validation,0.61,44647,170,0.0037932034718968248,3003,103,67,2900,41747
RLOG008,validation,0.62,44654,163,0.003637012740701073,3003,99,64,2904,41750
RLOG008,validation,0.63,44666,151,0.003369257201508356,3003,90,61,2913,41753
RLOG008,validation,0.64,44680,137,0.003056875739116853,3003,83,54,2920,41760
RLOG008,validation,0.65,44690,127,0.0028337461231229223,3003,76,51,2927,41763
RLOG008,validation,0.66,44697,120,0.0026775553919271707,3003,71,49,2932,41765
RLOG008,validation,0.67,44701,116,0.002588303545529598,3003,68,48,2935,41766
RLOG008,validation,0.68,44705,112,0.0024990516991320257,3003,65,47,2938,41767
RLOG008,validation,0.69,44712,105,0.002342860967936274,3003,60,45,2943,41769
RLOG008,validation,0.7,44716,101,0.002253609121538702,3003,57,44,2946,41770
RLOG008,validation,0.71,44723,94,0.0020974183903429504,3003,54,40,2949,41774
RLOG008,validation,0.72,44728,89,0.001985853582345985,3003,52,37,2951,41777
RLOG008,validation,0.73,44740,77,0.0017180980431532678,3003,46,31,2957,41783
RLOG008,validation,0.74,44746,71,0.0015842202735569092,3003,41,30,2962,41784
RLOG008,validation,0.75,44771,46,0.001026396233572082,3003,27,19,2976,41795
RLOG008,validation,0.76,44782,35,0.0007809536559787581,3003,19,16,2984,41798
RLOG008,validation,0.77,44787,30,0.0006693888479817927,3003,16,14,2987,41800
RLOG008,validation,0.78,44797,20,0.00044625923198786177,3003,12,8,2991,41806
RLOG008,validation,0.79,44803,14,0.0003123814623915032,3003,9,5,2994,41809
RLOG008,validation,0.8,44806,11,0.000245442577593324,3003,8,3,2995,41811
RLOG008,validation,0.81,44809,8,0.0001785036927951447,3003,6,2,2997,41812
RLOG008,validation,0.82,44812,5,0.00011156480799696544,3003,4,1,2999,41813
RLOG008,validation,0.83,44814,3,6.693888479817926e-05,3003,3,0,3000,41814
RLOG008,validation,0.84,44814,3,6.693888479817926e-05,3003,3,0,3000,41814
RLOG008,validation,0.85,44815,2,4.4625923198786177e-05,3003,2,0,3001,41814
RLOG008,validation,0.86,44815,2,4.4625923198786177e-05,3003,2,0,3001,41814
RLOG008,validation,0.87,44816,1,2.2312961599393088e-05,3003,1,0,3002,41814
RLOG008,validation,0.88,44816,1,2.2312961599393088e-05,3003,1,0,3002,41814
RLOG008,validation,0.89,44817,0,0.0,3003,0,0,3003,41814
RLOG008,validation,0.9,44817,0,0.0,3003,0,0,3003,41814
RLOG008,validation,0.91,44817,0,0.0,3003,0,0,3003,41814
RLOG008,validation,0.92,44817,0,0.0,3003,0,0,3003,41814
RLOG008,validation,0.93,44817,0,0.0,3003,0,0,3003,41814
RLOG008,validation,0.94,44817,0,0.0,3003,0,0,3003,41814
RLOG008,validation,0.95,44817,0,0.0,3003,0,0,3003,41814
RLOG008,validation,0.96,44817,0,0.0,3003,0,0,3003,41814
RLOG008,validation,0.97,44817,0,0.0,3003,0,0,3003,41814
RLOG008,validation,0.98,44817,0,0.0,3003,0,0,3003,41814
RLOG008,validation,0.99,44817,0,0.0,3003,0,0,3003,41814
T001,validation,0.01,0,44817,1.0,3003,3003,41814,0,0
T001,validation,0.02,0,44817,1.0,3003,3003,41814,0,0
T001,validation,0.03,32933,11884,0.26516723564718747,3003,2261,9623,742,32191
T001,validation,0.04,32933,11884,0.26516723564718747,3003,2261,9623,742,32191
T001,validation,0.05,32933,11884,0.26516723564718747,3003,2261,9623,742,32191
T001,validation,0.06,32933,11884,0.26516723564718747,3003,2261,9623,742,32191
T001,validation,0.07,32933,11884,0.26516723564718747,3003,2261,9623,742,32191
T001,validation,0.08,32933,11884,0.26516723564718747,3003,2261,9623,742,32191
T001,validation,0.09,32933,11884,0.26516723564718747,3003,2261,9623,742,32191
T001,validation,0.1,32933,11884,0.26516723564718747,3003,2261,9623,742,32191
T001,validation,0.11,40882,3935,0.0878015038936118,3003,1395,2540,1608,39274
T001,validation,0.12,40882,3935,0.0878015038936118,3003,1395,2540,1608,39274
T001,validation,0.13,40882,3935,0.0878015038936118,3003,1395,2540,1608,39274
T001,validation,0.14,40882,3935,0.0878015038936118,3003,1395,2540,1608,39274
T001,validation,0.15,40882,3935,0.0878015038936118,3003,1395,2540,1608,39274
T001,validation,0.16,40882,3935,0.0878015038936118,3003,1395,2540,1608,39274
T001,validation,0.17,41631,3186,0.07108909565566637,3003,1276,1910,1727,39904
T001,validation,0.18,41631,3186,0.07108909565566637,3003,1276,1910,1727,39904
T001,validation,0.19,41631,3186,0.07108909565566637,3003,1276,1910,1727,39904
T001,validation,0.2,42124,2693,0.06008880558716558,3003,1165,1528,1838,40286
T001,validation,0.21,42124,2693,0.06008880558716558,3003,1165,1528,1838,40286
T001,validation,0.22,42124,2693,0.06008880558716558,3003,1165,1528,1838,40286
T001,validation,0.23,42124,2693,0.06008880558716558,3003,1165,1528,1838,40286
T001,validation,0.24,42124,2693,0.06008880558716558,3003,1165,1528,1838,40286
T001,validation,0.25,42124,2693,0.06008880558716558,3003,1165,1528,1838,40286
T001,validation,0.26,42124,2693,0.06008880558716558,3003,1165,1528,1838,40286
T001,validation,0.27,42124,2693,0.06008880558716558,3003,1165,1528,1838,40286
T001,validation,0.28,42124,2693,0.06008880558716558,3003,1165,1528,1838,40286
T001,validation,0.29,42124,2693,0.06008880558716558,3003,1165,1528,1838,40286
T001,validation,0.3,42124,2693,0.06008880558716558,3003,1165,1528,1838,40286
T001,validation,0.31,42124,2693,0.06008880558716558,3003,1165,1528,1838,40286
T001,validation,0.32,42124,2693,0.06008880558716558,3003,1165,1528,1838,40286
T001,validation,0.33,42124,2693,0.06008880558716558,3003,1165,1528,1838,40286
T001,validation,0.34,42124,2693,0.06008880558716558,3003,1165,1528,1838,40286
T001,validation,0.35,42806,2011,0.0448713657763795,3003,924,1087,2079,40727
T001,validation,0.36,42806,2011,0.0448713657763795,3003,924,1087,2079,40727
T001,validation,0.37,42806,2011,0.0448713657763795,3003,924,1087,2079,40727
T001,validation,0.38,42806,2011,0.0448713657763795,3003,924,1087,2079,40727
T001,validation,0.39,42806,2011,0.0448713657763795,3003,924,1087,2079,40727
T001,validation,0.4,42806,2011,0.0448713657763795,3003,924,1087,2079,40727
T001,validation,0.41,43893,924,0.020617176517839213,3003,508,416,2495,41398
T001,validation,0.42,43893,924,0.020617176517839213,3003,508,416,2495,41398
T001,validation,0.43,43893,924,0.020617176517839213,3003,508,416,2495,41398
T001,validation,0.44,43893,924,0.020617176517839213,3003,508,416,2495,41398
T001,validation,0.45,43893,924,0.020617176517839213,3003,508,416,2495,41398
T001,validation,0.46,43893,924,0.020617176517839213,3003,508,416,2495,41398
T001,validation,0.47,43893,924,0.020617176517839213,3003,508,416,2495,41398
T001,validation,0.48,43893,924,0.020617176517839213,3003,508,416,2495,41398
T001,validation,0.49,44259,558,0.012450632572461344,3003,339,219,2664,41595
T001,validation,0.5,44259,558,0.012450632572461344,3003,339,219,2664,41595
T001,validation,0.51,44259,558,0.012450632572461344,3003,339,219,2664,41595
T001,validation,0.52,44259,558,0.012450632572461344,3003,339,219,2664,41595
T001,validation,0.53,44259,558,0.012450632572461344,3003,339,219,2664,41595
T001,validation,0.54,44259,558,0.012450632572461344,3003,339,219,2664,41595
T001,validation,0.55,44259,558,0.012450632572461344,3003,339,219,2664,41595
T001,validation,0.56,44259,558,0.012450632572461344,3003,339,219,2664,41595
T001,validation,0.57,44259,558,0.012450632572461344,3003,339,219,2664,41595
T001,validation,0.58,44259,558,0.012450632572461344,3003,339,219,2664,41595
T001,validation,0.59,44259,558,0.012450632572461344,3003,339,219,2664,41595
T001,validation,0.6,44259,558,0.012450632572461344,3003,339,219,2664,41595
T001,validation,0.61,44817,0,0.0,3003,0,0,3003,41814
T001,validation,0.62,44817,0,0.0,3003,0,0,3003,41814
T001,validation,0.63,44817,0,0.0,3003,0,0,3003,41814
T001,validation,0.64,44817,0,0.0,3003,0,0,3003,41814
T001,validation,0.65,44817,0,0.0,3003,0,0,3003,41814
T001,validation,0.66,44817,0,0.0,3003,0,0,3003,41814
T001,validation,0.67,44817,0,0.0,3003,0,0,3003,41814
T001,validation,0.68,44817,0,0.0,3003,0,0,3003,41814
T001,validation,0.69,44817,0,0.0,3003,0,0,3003,41814
T001,validation,0.7,44817,0,0.0,3003,0,0,3003,41814
T001,validation,0.71,44817,0,0.0,3003,0,0,3003,41814
T001,validation,0.72,44817,0,0.0,3003,0,0,3003,41814
T001,validation,0.73,44817,0,0.0,3003,0,0,3003,41814
T001,validation,0.74,44817,0,0.0,3003,0,0,3003,41814
T001,validation,0.75,44817,0,0.0,3003,0,0,3003,41814
T001,validation,0.76,44817,0,0.0,3003,0,0,3003,41814
T001,validation,0.77,44817,0,0.0,3003,0,0,3003,41814
T001,validation,0.78,44817,0,0.0,3003,0,0,3003,41814
T001,validation,0.79,44817,0,0.0,3003,0,0,3003,41814
T001,validation,0.8,44817,0,0.0,3003,0,0,3003,41814
T001,validation,0.81,44817,0,0.0,3003,0,0,3003,41814
T001,validation,0.82,44817,0,0.0,3003,0,0,3003,41814
T001,validation,0.83,44817,0,0.0,3003,0,0,3003,41814
T001,validation,0.84,44817,0,0.0,3003,0,0,3003,41814
T001,validation,0.85,44817,0,0.0,3003,0,0,3003,41814
T001,validation,0.86,44817,0,0.0,3003,0,0,3003,41814
T001,validation,0.87,44817,0,0.0,3003,0,0,3003,41814
T001,validation,0.88,44817,0,0.0,3003,0,0,3003,41814
T001,validation,0.89,44817,0,0.0,3003,0,0,3003,41814
T001,validation,0.9,44817,0,0.0,3003,0,0,3003,41814
T001,validation,0.91,44817,0,0.0,3003,0,0,3003,41814
T001,validation,0.92,44817,0,0.0,3003,0,0,3003,41814
T001,validation,0.93,44817,0,0.0,3003,0,0,3003,41814
T001,validation,0.94,44817,0,0.0,3003,0,0,3003,41814
T001,validation,0.95,44817,0,0.0,3003,0,0,3003,41814
T001,validation,0.96,44817,0,0.0,3003,0,0,3003,41814
T001,validation,0.97,44817,0,0.0,3003,0,0,3003,41814
T001,validation,0.98,44817,0,0.0,3003,0,0,3003,41814
T001,validation,0.99,44817,0,0.0,3003,0,0,3003,41814
T002,validation,0.01,0,44817,1.0,3003,3003,41814,0,0
T002,validation,0.02,25100,19717,0.4399446638552335,3003,2684,17033,319,24781
T002,validation,0.03,25100,19717,0.4399446638552335,3003,2684,17033,319,24781
T002,validation,0.04,25100,19717,0.4399446638552335,3003,2684,17033,319,24781
T002,validation,0.05,31102,13715,0.3060222683356762,3003,2458,11257,545,30557
T002,validation,0.06,33641,11176,0.24936965883481715,3003,2305,8871,698,32943
T002,validation,0.07,33641,11176,0.24936965883481715,3003,2305,8871,698,32943
T002,validation,0.08,33641,11176,0.24936965883481715,3003,2305,8871,698,32943
T002,validation,0.09,33641,11176,0.24936965883481715,3003,2305,8871,698,32943
T002,validation,0.1,38313,6504,0.14512350224245263,3003,1892,4612,1111,37202
T002,validation,0.11,38313,6504,0.14512350224245263,3003,1892,4612,1111,37202
T002,validation,0.12,38708,6109,0.13630988241069236,3003,1858,4251,1145,37563
T002,validation,0.13,39469,5348,0.11932971863355424,3003,1750,3598,1253,38216
T002,validation,0.14,39733,5084,0.11343909677131446,3003,1714,3370,1289,38444
T002,validation,0.15,39733,5084,0.11343909677131446,3003,1714,3370,1289,38444
T002,validation,0.16,39733,5084,0.11343909677131446,3003,1714,3370,1289,38444
T002,validation,0.17,40950,3867,0.08628422250485307,3003,1490,2377,1513,39437
T002,validation,0.18,40950,3867,0.08628422250485307,3003,1490,2377,1513,39437
T002,validation,0.19,40950,3867,0.08628422250485307,3003,1490,2377,1513,39437
T002,validation,0.2,40950,3867,0.08628422250485307,3003,1490,2377,1513,39437
T002,validation,0.21,41216,3601,0.0803489747194145,3003,1437,2164,1566,39650
T002,validation,0.22,41216,3601,0.0803489747194145,3003,1437,2164,1566,39650
T002,validation,0.23,41216,3601,0.0803489747194145,3003,1437,2164,1566,39650
T002,validation,0.24,41216,3601,0.0803489747194145,3003,1437,2164,1566,39650
T002,validation,0.25,41341,3476,0.07755985451949038,3003,1406,2070,1597,39744
T002,validation,0.26,41341,3476,0.07755985451949038,3003,1406,2070,1597,39744
T002,validation,0.27,41341,3476,0.07755985451949038,3003,1406,2070,1597,39744
T002,validation,0.28,41631,3186,0.07108909565566637,3003,1323,1863,1680,39951
T002,validation,0.29,42222,2595,0.057902135350425064,3003,1158,1437,1845,40377
T002,validation,0.3,42310,2507,0.05593859472967847,3003,1126,1381,1877,40433
T002,validation,0.31,42310,2507,0.05593859472967847,3003,1126,1381,1877,40433
T002,validation,0.32,42310,2507,0.05593859472967847,3003,1126,1381,1877,40433
T002,validation,0.33,42414,2403,0.05361804672334159,3003,1082,1321,1921,40493
T002,validation,0.34,43104,1713,0.038222103219760356,3003,861,852,2142,40962
T002,validation,0.35,43190,1627,0.03630318852221255,3003,824,803,2179,41011
T002,validation,0.36,43190,1627,0.03630318852221255,3003,824,803,2179,41011
T002,validation,0.37,43190,1627,0.03630318852221255,3003,824,803,2179,41011
T002,validation,0.38,43510,1307,0.029163040810406764,3003,705,602,2298,41212
T002,validation,0.39,43510,1307,0.029163040810406764,3003,705,602,2298,41212
T002,validation,0.4,43510,1307,0.029163040810406764,3003,705,602,2298,41212
T002,validation,0.41,43510,1307,0.029163040810406764,3003,705,602,2298,41212
T002,validation,0.42,43510,1307,0.029163040810406764,3003,705,602,2298,41212
T002,validation,0.43,43561,1256,0.028025079768837717,3003,684,572,2319,41242
T002,validation,0.44,43561,1256,0.028025079768837717,3003,684,572,2319,41242
T002,validation,0.45,43561,1256,0.028025079768837717,3003,684,572,2319,41242
T002,validation,0.46,43646,1171,0.026128478032889306,3003,632,539,2371,41275
T002,validation,0.47,43646,1171,0.026128478032889306,3003,632,539,2371,41275
T002,validation,0.48,43646,1171,0.026128478032889306,3003,632,539,2371,41275
T002,validation,0.49,43646,1171,0.026128478032889306,3003,632,539,2371,41275
T002,validation,0.5,43862,955,0.0213088783274204,3003,537,418,2466,41396
T002,validation,0.51,43862,955,0.0213088783274204,3003,537,418,2466,41396
T002,validation,0.52,43956,861,0.019211459937077447,3003,492,369,2511,41445
T002,validation,0.53,44037,780,0.017404110047526608,3003,455,325,2548,41489
T002,validation,0.54,44037,780,0.017404110047526608,3003,455,325,2548,41489
T002,validation,0.55,44037,780,0.017404110047526608,3003,455,325,2548,41489
T002,validation,0.56,44302,515,0.01149117522368744,3003,318,197,2685,41617
T002,validation,0.57,44374,443,0.009884641988531138,3003,279,164,2724,41650
T002,validation,0.58,44374,443,0.009884641988531138,3003,279,164,2724,41650
T002,validation,0.59,44374,443,0.009884641988531138,3003,279,164,2724,41650
T002,validation,0.6,44455,362,0.008077292098980298,3003,232,130,2771,41684
T002,validation,0.61,44455,362,0.008077292098980298,3003,232,130,2771,41684
T002,validation,0.62,44455,362,0.008077292098980298,3003,232,130,2771,41684
T002,validation,0.63,44455,362,0.008077292098980298,3003,232,130,2771,41684
T002,validation,0.64,44519,298,0.00664926255661914,3003,195,103,2808,41711
T002,validation,0.65,44519,298,0.00664926255661914,3003,195,103,2808,41711
T002,validation,0.66,44519,298,0.00664926255661914,3003,195,103,2808,41711
T002,validation,0.67,44519,298,0.00664926255661914,3003,195,103,2808,41711
T002,validation,0.68,44519,298,0.00664926255661914,3003,195,103,2808,41711
T002,validation,0.69,44519,298,0.00664926255661914,3003,195,103,2808,41711
T002,validation,0.7,44817,0,0.0,3003,0,0,3003,41814
T002,validation,0.71,44817,0,0.0,3003,0,0,3003,41814
T002,validation,0.72,44817,0,0.0,3003,0,0,3003,41814
T002,validation,0.73,44817,0,0.0,3003,0,0,3003,41814
T002,validation,0.74,44817,0,0.0,3003,0,0,3003,41814
T002,validation,0.75,44817,0,0.0,3003,0,0,3003,41814
T002,validation,0.76,44817,0,0.0,3003,0,0,3003,41814
T002,validation,0.77,44817,0,0.0,3003,0,0,3003,41814
T002,validation,0.78,44817,0,0.0,3003,0,0,3003,41814
T002,validation,0.79,44817,0,0.0,3003,0,0,3003,41814
T002,validation,0.8,44817,0,0.0,3003,0,0,3003,41814
T002,validation,0.81,44817,0,0.0,3003,0,0,3003,41814
T002,validation,0.82,44817,0,0.0,3003,0,0,3003,41814
T002,validation,0.83,44817,0,0.0,3003,0,0,3003,41814
T002,validation,0.84,44817,0,0.0,3003,0,0,3003,41814
T002,validation,0.85,44817,0,0.0,3003,0,0,3003,41814
T002,validation,0.86,44817,0,0.0,3003,0,0,3003,41814
T002,validation,0.87,44817,0,0.0,3003,0,0,3003,41814
T002,validation,0.88,44817,0,0.0,3003,0,0,3003,41814
T002,validation,0.89,44817,0,0.0,3003,0,0,3003,41814
T002,validation,0.9,44817,0,0.0,3003,0,0,3003,41814
T002,validation,0.91,44817,0,0.0,3003,0,0,3003,41814
T002,validation,0.92,44817,0,0.0,3003,0,0,3003,41814
T002,validation,0.93,44817,0,0.0,3003,0,0,3003,41814
T002,validation,0.94,44817,0,0.0,3003,0,0,3003,41814
T002,validation,0.95,44817,0,0.0,3003,0,0,3003,41814
T002,validation,0.96,44817,0,0.0,3003,0,0,3003,41814
T002,validation,0.97,44817,0,0.0,3003,0,0,3003,41814
T002,validation,0.98,44817,0,0.0,3003,0,0,3003,41814
T002,validation,0.99,44817,0,0.0,3003,0,0,3003,41814
T003,validation,0.01,12960,31857,0.7108240176718655,3003,2883,28974,120,12840
T003,validation,0.02,24534,20283,0.45257380012049,3003,2707,17576,296,24238
T003,validation,0.03,26432,18385,0.4102237990048419,3003,2660,15725,343,26089
T003,validation,0.04,26489,18328,0.4089519601936765,3003,2657,15671,346,26143
T003,validation,0.05,31722,13095,0.2921882321440525,3003,2459,10636,544,31178
T003,validation,0.06,32353,12464,0.2781087533748354,3003,2434,10030,569,31784
T003,validation,0.07,32353,12464,0.2781087533748354,3003,2434,10030,569,31784
T003,validation,0.08,36745,8072,0.180110226030301,3003,2084,5988,919,35826
T003,validation,0.09,36825,7992,0.17832518910234957,3003,2078,5914,925,35900
T003,validation,0.1,36945,7872,0.17564763371042239,3003,2067,5805,936,36009
T003,validation,0.11,38091,6726,0.1500769797175179,3003,1921,4805,1082,37009
T003,validation,0.12,38528,6289,0.14032621549858312,3003,1881,4408,1122,37406
T003,validation,0.13,39564,5253,0.11720998728161189,3003,1742,3511,1261,38303
T003,validation,0.14,39622,5195,0.11591583550884708,3003,1736,3459,1267,38355
T003,validation,0.15,39680,5137,0.1146216837360823,3003,1729,3408,1274,38406
T003,validation,0.16,39738,5079,0.11332753196331749,3003,1723,3356,1280,38458
T003,validation,0.17,40655,4162,0.09286654617667403,3003,1557,2605,1446,39209
T003,validation,0.18,40700,4117,0.09186246290470135,3003,1552,2565,1451,39249
T003,validation,0.19,40840,3977,0.08873864828078631,3003,1510,2467,1493,39347
T003,validation,0.2,41037,3780,0.08434299484570587,3003,1474,2306,1529,39508
T003,validation,0.21,41037,3780,0.08434299484570587,3003,1474,2306,1529,39508
T003,validation,0.22,41037,3780,0.08434299484570587,3003,1474,2306,1529,39508
T003,validation,0.23,41080,3737,0.08338353749693196,3003,1465,2272,1538,39542
T003,validation,0.24,41080,3737,0.08338353749693196,3003,1465,2272,1538,39542
T003,validation,0.25,41499,3318,0.07403440658678627,3003,1364,1954,1639,39860
T003,validation,0.26,41574,3243,0.07236093446683178,3003,1349,1894,1654,39920
T003,validation,0.27,41609,3208,0.07157998081085302,3003,1346,1862,1657,39952
T003,validation,0.28,41798,3019,0.06736283106856773,3003,1303,1716,1700,40098
T003,validation,0.29,42230,2587,0.05772363165762992,3003,1168,1419,1835,40395
T003,validation,0.3,42359,2458,0.054845259611308206,3003,1127,1331,1876,40483
T003,validation,0.31,42399,2418,0.053952741147332485,3003,1115,1303,1888,40511
T003,validation,0.32,42399,2418,0.053952741147332485,3003,1115,1303,1888,40511
T003,validation,0.33,42680,2137,0.047682798937903025,3003,1016,1121,1987,40693
T003,validation,0.34,42680,2137,0.047682798937903025,3003,1016,1121,1987,40693
T003,validation,0.35,42898,1919,0.04281857330923534,3003,934,985,2069,40829
T003,validation,0.36,42898,1919,0.04281857330923534,3003,934,985,2069,40829
T003,validation,0.37,43042,1775,0.03960550683892273,3003,876,899,2127,40915
T003,validation,0.38,43173,1644,0.03668250886940223,3003,836,808,2167,41006
T003,validation,0.39,43173,1644,0.03668250886940223,3003,836,808,2167,41006
T003,validation,0.4,43311,1506,0.03360332016868599,3003,801,705,2202,41109
T003,validation,0.41,43348,1469,0.03277774058950845,3003,782,687,2221,41127
T003,validation,0.42,43348,1469,0.03277774058950845,3003,782,687,2221,41127
T003,validation,0.43,43399,1418,0.031639779547939395,3003,761,657,2242,41157
T003,validation,0.44,43533,1284,0.028649842693620725,3003,702,582,2301,41232
T003,validation,0.45,43577,1240,0.02766807238324743,3003,684,556,2319,41258
T003,validation,0.46,43697,1120,0.02499051699132026,3003,627,493,2376,41321
T003,validation,0.47,43697,1120,0.02499051699132026,3003,627,493,2376,41321
T003,validation,0.48,43734,1083,0.024164937412142713,3003,608,475,2395,41339
T003,validation,0.49,43734,1083,0.024164937412142713,3003,608,475,2395,41339
T003,validation,0.5,43734,1083,0.024164937412142713,3003,608,475,2395,41339
T003,validation,0.51,43734,1083,0.024164937412142713,3003,608,475,2395,41339
T003,validation,0.52,43927,890,0.01985853582345985,3003,500,390,2503,41424
T003,validation,0.53,43927,890,0.01985853582345985,3003,500,390,2503,41424
T003,validation,0.54,43927,890,0.01985853582345985,3003,500,390,2503,41424
T003,validation,0.55,44028,789,0.017604926701921146,3003,457,332,2546,41482
T003,validation,0.56,44028,789,0.017604926701921146,3003,457,332,2546,41482
T003,validation,0.57,44198,619,0.01381172323002432,3003,374,245,2629,41569
T003,validation,0.58,44246,571,0.012740701073253454,3003,352,219,2651,41595
T003,validation,0.59,44246,571,0.012740701073253454,3003,352,219,2651,41595
T003,validation,0.6,44410,407,0.009081375370952986,3003,267,140,2736,41674
T003,validation,0.61,44410,407,0.009081375370952986,3003,267,140,2736,41674
T003,validation,0.62,44410,407,0.009081375370952986,3003,267,140,2736,41674
T003,validation,0.63,44410,407,0.009081375370952986,3003,267,140,2736,41674
T003,validation,0.64,44651,166,0.0037039516254992527,3003,130,36,2873,41778
T003,validation,0.65,44651,166,0.0037039516254992527,3003,130,36,2873,41778
T003,validation,0.66,44696,121,0.0026998683535265637,3003,95,26,2908,41788
T003,validation,0.67,44696,121,0.0026998683535265637,3003,95,26,2908,41788
T003,validation,0.68,44696,121,0.0026998683535265637,3003,95,26,2908,41788
T003,validation,0.69,44696,121,0.0026998683535265637,3003,95,26,2908,41788
T003,validation,0.7,44696,121,0.0026998683535265637,3003,95,26,2908,41788
T003,validation,0.71,44696,121,0.0026998683535265637,3003,95,26,2908,41788
T003,validation,0.72,44696,121,0.0026998683535265637,3003,95,26,2908,41788
T003,validation,0.73,44696,121,0.0026998683535265637,3003,95,26,2908,41788
T003,validation,0.74,44696,121,0.0026998683535265637,3003,95,26,2908,41788
T003,validation,0.75,44696,121,0.0026998683535265637,3003,95,26,2908,41788
T003,validation,0.76,44760,57,0.001271838811165406,3003,43,14,2960,41800
T003,validation,0.77,44760,57,0.001271838811165406,3003,43,14,2960,41800
T003,validation,0.78,44760,57,0.001271838811165406,3003,43,14,2960,41800
T003,validation,0.79,44760,57,0.001271838811165406,3003,43,14,2960,41800
T003,validation,0.8,44760,57,0.001271838811165406,3003,43,14,2960,41800
T003,validation,0.81,44817,0,0.0,3003,0,0,3003,41814
T003,validation,0.82,44817,0,0.0,3003,0,0,3003,41814
T003,validation,0.83,44817,0,0.0,3003,0,0,3003,41814
T003,validation,0.84,44817,0,0.0,3003,0,0,3003,41814
T003,validation,0.85,44817,0,0.0,3003,0,0,3003,41814
T003,validation,0.86,44817,0,0.0,3003,0,0,3003,41814
T003,validation,0.87,44817,0,0.0,3003,0,0,3003,41814
T003,validation,0.88,44817,0,0.0,3003,0,0,3003,41814
T003,validation,0.89,44817,0,0.0,3003,0,0,3003,41814
T003,validation,0.9,44817,0,0.0,3003,0,0,3003,41814
T003,validation,0.91,44817,0,0.0,3003,0,0,3003,41814
T003,validation,0.92,44817,0,0.0,3003,0,0,3003,41814
T003,validation,0.93,44817,0,0.0,3003,0,0,3003,41814
T003,validation,0.94,44817,0,0.0,3003,0,0,3003,41814
T003,validation,0.95,44817,0,0.0,3003,0,0,3003,41814
T003,validation,0.96,44817,0,0.0,3003,0,0,3003,41814
T003,validation,0.97,44817,0,0.0,3003,0,0,3003,41814
T003,validation,0.98,44817,0,0.0,3003,0,0,3003,41814
T003,validation,0.99,44817,0,0.0,3003,0,0,3003,41814
T004,validation,0.01,0,44817,1.0,3003,3003,41814,0,0
T004,validation,0.02,25100,19717,0.4399446638552335,3003,2684,17033,319,24781
T004,validation,0.03,25100,19717,0.4399446638552335,3003,2684,17033,319,24781
T004,validation,0.04,25100,19717,0.4399446638552335,3003,2684,17033,319,24781
T004,validation,0.05,31102,13715,0.3060222683356762,3003,2458,11257,545,30557
T004,validation,0.06,33641,11176,0.24936965883481715,3003,2305,8871,698,32943
T004,validation,0.07,33641,11176,0.24936965883481715,3003,2305,8871,698,32943
T004,validation,0.08,33641,11176,0.24936965883481715,3003,2305,8871,698,32943
T004,validation,0.09,33786,11031,0.24613427940290514,3003,2294,8737,709,33077
T004,validation,0.1,38458,6359,0.14188812281054064,3003,1881,4478,1122,37336
T004,validation,0.11,38458,6359,0.14188812281054064,3003,1881,4478,1122,37336
T004,validation,0.12,38618,6199,0.13831804895463776,3003,1850,4349,1153,37465
T004,validation,0.13,39379,5438,0.1213378851774996,3003,1742,3696,1261,38118
T004,validation,0.14,39379,5438,0.1213378851774996,3003,1742,3696,1261,38118
T004,validation,0.15,39379,5438,0.1213378851774996,3003,1742,3696,1261,38118
T004,validation,0.16,39665,5152,0.11495637816007319,3003,1711,3441,1292,38373
T004,validation,0.17,40882,3935,0.0878015038936118,3003,1487,2448,1516,39366
T004,validation,0.18,40882,3935,0.0878015038936118,3003,1487,2448,1516,39366
T004,validation,0.19,41096,3721,0.08302653011134167,3003,1438,2283,1565,39531
T004,validation,0.2,41241,3576,0.07979115067942968,3003,1416,2160,1587,39654
T004,validation,0.21,41241,3576,0.07979115067942968,3003,1416,2160,1587,39654
T004,validation,0.22,41241,3576,0.07979115067942968,3003,1416,2160,1587,39654
T004,validation,0.23,41241,3576,0.07979115067942968,3003,1416,2160,1587,39654
T004,validation,0.24,41241,3576,0.07979115067942968,3003,1416,2160,1587,39654
T004,validation,0.25,41241,3576,0.07979115067942968,3003,1416,2160,1587,39654
T004,validation,0.26,41241,3576,0.07979115067942968,3003,1416,2160,1587,39654
T004,validation,0.27,41429,3388,0.07559631389874379,3003,1358,2030,1645,39784
T004,validation,0.28,41719,3098,0.06912555503491978,3003,1275,1823,1728,39991
T004,validation,0.29,42414,2403,0.05361804672334159,3003,1082,1321,1921,40493
T004,validation,0.3,42414,2403,0.05361804672334159,3003,1082,1321,1921,40493
T004,validation,0.31,42414,2403,0.05361804672334159,3003,1082,1321,1921,40493
T004,validation,0.32,42414,2403,0.05361804672334159,3003,1082,1321,1921,40493
T004,validation,0.33,43038,1779,0.039694758685320304,3003,890,889,2113,40925
T004,validation,0.34,43038,1779,0.039694758685320304,3003,890,889,2113,40925
T004,validation,0.35,43038,1779,0.039694758685320304,3003,890,889,2113,40925
T004,validation,0.36,43038,1779,0.039694758685320304,3003,890,889,2113,40925
T004,validation,0.37,43038,1779,0.039694758685320304,3003,890,889,2113,40925
T004,validation,0.38,43310,1507,0.03362563313028538,3003,787,720,2216,41094
T004,validation,0.39,43310,1507,0.03362563313028538,3003,787,720,2216,41094
T004,validation,0.4,43432,1385,0.030903451815159425,3003,736,649,2267,41165
T004,validation,0.41,43432,1385,0.030903451815159425,3003,736,649,2267,41165
T004,validation,0.42,43432,1385,0.030903451815159425,3003,736,649,2267,41165
T004,validation,0.43,43432,1385,0.030903451815159425,3003,736,649,2267,41165
T004,validation,0.44,43432,1385,0.030903451815159425,3003,736,649,2267,41165
T004,validation,0.45,43432,1385,0.030903451815159425,3003,736,649,2267,41165
T004,validation,0.46,43432,1385,0.030903451815159425,3003,736,649,2267,41165
T004,validation,0.47,43570,1247,0.02782426311444318,3003,680,567,2323,41247
T004,validation,0.48,43717,1100,0.024544257759332395,3003,614,486,2389,41328
T004,validation,0.49,43984,833,0.018586697012294442,3003,491,342,2512,41472
T004,validation,0.5,43984,833,0.018586697012294442,3003,491,342,2512,41472
T004,validation,0.51,43984,833,0.018586697012294442,3003,491,342,2512,41472
T004,validation,0.52,44150,667,0.014882745386795189,3003,392,275,2611,41539
T004,validation,0.53,44150,667,0.014882745386795189,3003,392,275,2611,41539
T004,validation,0.54,44150,667,0.014882745386795189,3003,392,275,2611,41539
T004,validation,0.55,44150,667,0.014882745386795189,3003,392,275,2611,41539
T004,validation,0.56,44150,667,0.014882745386795189,3003,392,275,2611,41539
T004,validation,0.57,44150,667,0.014882745386795189,3003,392,275,2611,41539
T004,validation,0.58,44319,498,0.011111854876497757,3003,302,196,2701,41618
T004,validation,0.59,44425,392,0.00874668094696209,3003,240,152,2763,41662
T004,validation,0.6,44425,392,0.00874668094696209,3003,240,152,2763,41662
T004,validation,0.61,44643,174,0.0038824553182943973,3003,117,57,2886,41757
T004,validation,0.62,44643,174,0.0038824553182943973,3003,117,57,2886,41757
T004,validation,0.63,44643,174,0.0038824553182943973,3003,117,57,2886,41757
T004,validation,0.64,44643,174,0.0038824553182943973,3003,117,57,2886,41757
T004,validation,0.65,44643,174,0.0038824553182943973,3003,117,57,2886,41757
T004,validation,0.66,44643,174,0.0038824553182943973,3003,117,57,2886,41757
T004,validation,0.67,44643,174,0.0038824553182943973,3003,117,57,2886,41757
T004,validation,0.68,44643,174,0.0038824553182943973,3003,117,57,2886,41757
T004,validation,0.69,44643,174,0.0038824553182943973,3003,117,57,2886,41757
T004,validation,0.7,44643,174,0.0038824553182943973,3003,117,57,2886,41757
T004,validation,0.71,44817,0,0.0,3003,0,0,3003,41814
T004,validation,0.72,44817,0,0.0,3003,0,0,3003,41814
T004,validation,0.73,44817,0,0.0,3003,0,0,3003,41814
T004,validation,0.74,44817,0,0.0,3003,0,0,3003,41814
T004,validation,0.75,44817,0,0.0,3003,0,0,3003,41814
T004,validation,0.76,44817,0,0.0,3003,0,0,3003,41814
T004,validation,0.77,44817,0,0.0,3003,0,0,3003,41814
T004,validation,0.78,44817,0,0.0,3003,0,0,3003,41814
T004,validation,0.79,44817,0,0.0,3003,0,0,3003,41814
T004,validation,0.8,44817,0,0.0,3003,0,0,3003,41814
T004,validation,0.81,44817,0,0.0,3003,0,0,3003,41814
T004,validation,0.82,44817,0,0.0,3003,0,0,3003,41814
T004,validation,0.83,44817,0,0.0,3003,0,0,3003,41814
T004,validation,0.84,44817,0,0.0,3003,0,0,3003,41814
T004,validation,0.85,44817,0,0.0,3003,0,0,3003,41814
T004,validation,0.86,44817,0,0.0,3003,0,0,3003,41814
T004,validation,0.87,44817,0,0.0,3003,0,0,3003,41814
T004,validation,0.88,44817,0,0.0,3003,0,0,3003,41814
T004,validation,0.89,44817,0,0.0,3003,0,0,3003,41814
T004,validation,0.9,44817,0,0.0,3003,0,0,3003,41814
T004,validation,0.91,44817,0,0.0,3003,0,0,3003,41814
T004,validation,0.92,44817,0,0.0,3003,0,0,3003,41814
T004,validation,0.93,44817,0,0.0,3003,0,0,3003,41814
T004,validation,0.94,44817,0,0.0,3003,0,0,3003,41814
T004,validation,0.95,44817,0,0.0,3003,0,0,3003,41814
T004,validation,0.96,44817,0,0.0,3003,0,0,3003,41814
T004,validation,0.97,44817,0,0.0,3003,0,0,3003,41814
T004,validation,0.98,44817,0,0.0,3003,0,0,3003,41814
T004,validation,0.99,44817,0,0.0,3003,0,0,3003,41814
T005,validation,0.01,12960,31857,0.7108240176718655,3003,2883,28974,120,12840
T005,validation,0.02,24807,20010,0.4464823616038557,3003,2696,17314,307,24500
T005,validation,0.03,26705,18112,0.4041323604882076,3003,2649,15463,354,26351
T005,validation,0.04,28585,16232,0.3621839926813486,3003,2585,13647,418,28167
T005,validation,0.05,30545,14272,0.31845058794653813,3003,2505,11767,498,30047
T005,validation,0.06,31537,13280,0.29631613003994023,3003,2443,10837,560,30977
T005,validation,0.07,32013,12804,0.28569516031862907,3003,2426,10378,577,31436
T005,validation,0.08,36238,8579,0.1914228975611933,3003,2127,6452,876,35362
T005,validation,0.09,37017,7800,0.17404110047526608,3003,2062,5738,941,36076
T005,validation,0.1,37139,7678,0.17131891916014014,3003,2046,5632,957,36182
T005,validation,0.11,38054,6763,0.15090255929669544,3003,1932,4831,1071,36983
T005,validation,0.12,38528,6289,0.14032621549858312,3003,1869,4420,1134,37394
T005,validation,0.13,39524,5293,0.11810250574558762,3003,1741,3552,1262,38262
T005,validation,0.14,39524,5293,0.11810250574558762,3003,1741,3552,1262,38262
T005,validation,0.15,39524,5293,0.11810250574558762,3003,1741,3552,1262,38262
T005,validation,0.16,39669,5148,0.11486712631367561,3003,1722,3426,1281,38388
T005,validation,0.17,40348,4469,0.0997166253876877,3003,1594,2875,1409,38939
T005,validation,0.18,40348,4469,0.0997166253876877,3003,1594,2875,1409,38939
T005,validation,0.19,40816,4001,0.08927415935917174,3003,1512,2489,1491,39325
T005,validation,0.2,41116,3701,0.08258027087935382,3003,1464,2237,1539,39577
T005,validation,0.21,41278,3539,0.07896557110025214,3003,1428,2111,1575,39703
T005,validation,0.22,41422,3395,0.07575250462993953,3003,1398,1997,1605,39817
T005,validation,0.23,41422,3395,0.07575250462993953,3003,1398,1997,1605,39817
T005,validation,0.24,41422,3395,0.07575250462993953,3003,1398,1997,1605,39817
T005,validation,0.25,41422,3395,0.07575250462993953,3003,1398,1997,1605,39817
T005,validation,0.26,41630,3187,0.07111140861726577,3003,1332,1855,1671,39959
T005,validation,0.27,41818,2999,0.06691657183657987,3003,1274,1725,1729,40089
T005,validation,0.28,41818,2999,0.06691657183657987,3003,1274,1725,1729,40089
T005,validation,0.29,42242,2575,0.0574558761184372,3003,1158,1417,1845,40397
T005,validation,0.3,42367,2450,0.05466675591851306,3003,1110,1340,1893,40474
T005,validation,0.31,42367,2450,0.05466675591851306,3003,1110,1340,1893,40474
T005,validation,0.32,42367,2450,0.05466675591851306,3003,1110,1340,1893,40474
T005,validation,0.33,42902,1915,0.04272932146283776,3003,942,973,2061,40841
T005,validation,0.34,42902,1915,0.04272932146283776,3003,942,973,2061,40841
T005,validation,0.35,42902,1915,0.04272932146283776,3003,942,973,2061,40841
T005,validation,0.36,42902,1915,0.04272932146283776,3003,942,973,2061,40841
T005,validation,0.37,42902,1915,0.04272932146283776,3003,942,973,2061,40841
T005,validation,0.38,42902,1915,0.04272932146283776,3003,942,973,2061,40841
T005,validation,0.39,42902,1915,0.04272932146283776,3003,942,973,2061,40841
T005,validation,0.4,43024,1793,0.040007140147711805,3003,891,902,2112,40912
T005,validation,0.41,43133,1684,0.03757502733337796,3003,850,834,2153,40980
T005,validation,0.42,43282,1535,0.03425039605506839,3003,777,758,2226,41056
T005,validation,0.43,43432,1385,0.030903451815159425,3003,736,649,2267,41165
T005,validation,0.44,43432,1385,0.030903451815159425,3003,736,649,2267,41165
T005,validation,0.45,43432,1385,0.030903451815159425,3003,736,649,2267,41165
T005,validation,0.46,43432,1385,0.030903451815159425,3003,736,649,2267,41165
T005,validation,0.47,43570,1247,0.02782426311444318,3003,680,567,2323,41247
T005,validation,0.48,43717,1100,0.024544257759332395,3003,614,486,2389,41328
T005,validation,0.49,43984,833,0.018586697012294442,3003,491,342,2512,41472
T005,validation,0.5,43984,833,0.018586697012294442,3003,491,342,2512,41472
T005,validation,0.51,43984,833,0.018586697012294442,3003,491,342,2512,41472
T005,validation,0.52,44150,667,0.014882745386795189,3003,392,275,2611,41539
T005,validation,0.53,44150,667,0.014882745386795189,3003,392,275,2611,41539
T005,validation,0.54,44150,667,0.014882745386795189,3003,392,275,2611,41539
T005,validation,0.55,44150,667,0.014882745386795189,3003,392,275,2611,41539
T005,validation,0.56,44150,667,0.014882745386795189,3003,392,275,2611,41539
T005,validation,0.57,44150,667,0.014882745386795189,3003,392,275,2611,41539
T005,validation,0.58,44319,498,0.011111854876497757,3003,302,196,2701,41618
T005,validation,0.59,44425,392,0.00874668094696209,3003,240,152,2763,41662
T005,validation,0.6,44425,392,0.00874668094696209,3003,240,152,2763,41662
T005,validation,0.61,44643,174,0.0038824553182943973,3003,117,57,2886,41757
T005,validation,0.62,44643,174,0.0038824553182943973,3003,117,57,2886,41757
T005,validation,0.63,44643,174,0.0038824553182943973,3003,117,57,2886,41757
T005,validation,0.64,44643,174,0.0038824553182943973,3003,117,57,2886,41757
T005,validation,0.65,44643,174,0.0038824553182943973,3003,117,57,2886,41757
T005,validation,0.66,44643,174,0.0038824553182943973,3003,117,57,2886,41757
T005,validation,0.67,44643,174,0.0038824553182943973,3003,117,57,2886,41757
T005,validation,0.68,44643,174,0.0038824553182943973,3003,117,57,2886,41757
T005,validation,0.69,44643,174,0.0038824553182943973,3003,117,57,2886,41757
T005,validation,0.7,44643,174,0.0038824553182943973,3003,117,57,2886,41757
T005,validation,0.71,44817,0,0.0,3003,0,0,3003,41814
T005,validation,0.72,44817,0,0.0,3003,0,0,3003,41814
T005,validation,0.73,44817,0,0.0,3003,0,0,3003,41814
T005,validation,0.74,44817,0,0.0,3003,0,0,3003,41814
T005,validation,0.75,44817,0,0.0,3003,0,0,3003,41814
T005,validation,0.76,44817,0,0.0,3003,0,0,3003,41814
T005,validation,0.77,44817,0,0.0,3003,0,0,3003,41814
T005,validation,0.78,44817,0,0.0,3003,0,0,3003,41814
T005,validation,0.79,44817,0,0.0,3003,0,0,3003,41814
T005,validation,0.8,44817,0,0.0,3003,0,0,3003,41814
T005,validation,0.81,44817,0,0.0,3003,0,0,3003,41814
T005,validation,0.82,44817,0,0.0,3003,0,0,3003,41814
T005,validation,0.83,44817,0,0.0,3003,0,0,3003,41814
T005,validation,0.84,44817,0,0.0,3003,0,0,3003,41814
T005,validation,0.85,44817,0,0.0,3003,0,0,3003,41814
T005,validation,0.86,44817,0,0.0,3003,0,0,3003,41814
T005,validation,0.87,44817,0,0.0,3003,0,0,3003,41814
T005,validation,0.88,44817,0,0.0,3003,0,0,3003,41814
T005,validation,0.89,44817,0,0.0,3003,0,0,3003,41814
T005,validation,0.9,44817,0,0.0,3003,0,0,3003,41814
T005,validation,0.91,44817,0,0.0,3003,0,0,3003,41814
T005,validation,0.92,44817,0,0.0,3003,0,0,3003,41814
T005,validation,0.93,44817,0,0.0,3003,0,0,3003,41814
T005,validation,0.94,44817,0,0.0,3003,0,0,3003,41814
T005,validation,0.95,44817,0,0.0,3003,0,0,3003,41814
T005,validation,0.96,44817,0,0.0,3003,0,0,3003,41814
T005,validation,0.97,44817,0,0.0,3003,0,0,3003,41814
T005,validation,0.98,44817,0,0.0,3003,0,0,3003,41814
T005,validation,0.99,44817,0,0.0,3003,0,0,3003,41814
T006,validation,0.01,0,44817,1.0,3003,3003,41814,0,0
T006,validation,0.02,0,44817,1.0,3003,3003,41814,0,0
T006,validation,0.03,0,44817,1.0,3003,3003,41814,0,0
T006,validation,0.04,0,44817,1.0,3003,3003,41814,0,0
T006,validation,0.05,0,44817,1.0,3003,3003,41814,0,0
T006,validation,0.06,0,44817,1.0,3003,3003,41814,0,0
T006,validation,0.07,0,44817,1.0,3003,3003,41814,0,0
T006,validation,0.08,0,44817,1.0,3003,3003,41814,0,0
T006,validation,0.09,0,44817,1.0,3003,3003,41814,0,0
T006,validation,0.1,0,44817,1.0,3003,3003,41814,0,0
T006,validation,0.11,0,44817,1.0,3003,3003,41814,0,0
T006,validation,0.12,0,44817,1.0,3003,3003,41814,0,0
T006,validation,0.13,0,44817,1.0,3003,3003,41814,0,0
T006,validation,0.14,22654,22163,0.494522167927349,3003,2736,19427,267,22387
T006,validation,0.15,22654,22163,0.494522167927349,3003,2736,19427,267,22387
T006,validation,0.16,22654,22163,0.494522167927349,3003,2736,19427,267,22387
T006,validation,0.17,22654,22163,0.494522167927349,3003,2736,19427,267,22387
T006,validation,0.18,22654,22163,0.494522167927349,3003,2736,19427,267,22387
T006,validation,0.19,22654,22163,0.494522167927349,3003,2736,19427,267,22387
T006,validation,0.2,22654,22163,0.494522167927349,3003,2736,19427,267,22387
T006,validation,0.21,22654,22163,0.494522167927349,3003,2736,19427,267,22387
T006,validation,0.22,22654,22163,0.494522167927349,3003,2736,19427,267,22387
T006,validation,0.23,22654,22163,0.494522167927349,3003,2736,19427,267,22387
T006,validation,0.24,22654,22163,0.494522167927349,3003,2736,19427,267,22387
T006,validation,0.25,22654,22163,0.494522167927349,3003,2736,19427,267,22387
T006,validation,0.26,22654,22163,0.494522167927349,3003,2736,19427,267,22387
T006,validation,0.27,22654,22163,0.494522167927349,3003,2736,19427,267,22387
T006,validation,0.28,22654,22163,0.494522167927349,3003,2736,19427,267,22387
T006,validation,0.29,22654,22163,0.494522167927349,3003,2736,19427,267,22387
T006,validation,0.3,22654,22163,0.494522167927349,3003,2736,19427,267,22387
T006,validation,0.31,28119,16698,0.3725818327866658,3003,2591,14107,412,27707
T006,validation,0.32,28119,16698,0.3725818327866658,3003,2591,14107,412,27707
T006,validation,0.33,28119,16698,0.3725818327866658,3003,2591,14107,412,27707
T006,validation,0.34,28119,16698,0.3725818327866658,3003,2591,14107,412,27707
T006,validation,0.35,28119,16698,0.3725818327866658,3003,2591,14107,412,27707
T006,validation,0.36,28119,16698,0.3725818327866658,3003,2591,14107,412,27707
T006,validation,0.37,28119,16698,0.3725818327866658,3003,2591,14107,412,27707
T006,validation,0.38,28119,16698,0.3725818327866658,3003,2591,14107,412,27707
T006,validation,0.39,29975,14842,0.3311689760581922,3003,2516,12326,487,29488
T006,validation,0.4,29975,14842,0.3311689760581922,3003,2516,12326,487,29488
T006,validation,0.41,29975,14842,0.3311689760581922,3003,2516,12326,487,29488
T006,validation,0.42,29975,14842,0.3311689760581922,3003,2516,12326,487,29488
T006,validation,0.43,29975,14842,0.3311689760581922,3003,2516,12326,487,29488
T006,validation,0.44,29975,14842,0.3311689760581922,3003,2516,12326,487,29488
T006,validation,0.45,32293,12524,0.279447531070799,3003,2392,10132,611,31682
T006,validation,0.46,32293,12524,0.279447531070799,3003,2392,10132,611,31682
T006,validation,0.47,32293,12524,0.279447531070799,3003,2392,10132,611,31682
T006,validation,0.48,32293,12524,0.279447531070799,3003,2392,10132,611,31682
T006,validation,0.49,32293,12524,0.279447531070799,3003,2392,10132,611,31682
T006,validation,0.5,32293,12524,0.279447531070799,3003,2392,10132,611,31682
T006,validation,0.51,32293,12524,0.279447531070799,3003,2392,10132,611,31682
T006,validation,0.52,32293,12524,0.279447531070799,3003,2392,10132,611,31682
T006,validation,0.53,32293,12524,0.279447531070799,3003,2392,10132,611,31682
T006,validation,0.54,32293,12524,0.279447531070799,3003,2392,10132,611,31682
T006,validation,0.55,32293,12524,0.279447531070799,3003,2392,10132,611,31682
T006,validation,0.56,32522,12295,0.274337862864538,3003,2360,9935,643,31879
T006,validation,0.57,38321,6496,0.1449449985496575,3003,1889,4607,1114,37207
T006,validation,0.58,38321,6496,0.1449449985496575,3003,1889,4607,1114,37207
T006,validation,0.59,38321,6496,0.1449449985496575,3003,1889,4607,1114,37207
T006,validation,0.6,38321,6496,0.1449449985496575,3003,1889,4607,1114,37207
T006,validation,0.61,38321,6496,0.1449449985496575,3003,1889,4607,1114,37207
T006,validation,0.62,38321,6496,0.1449449985496575,3003,1889,4607,1114,37207
T006,validation,0.63,38321,6496,0.1449449985496575,3003,1889,4607,1114,37207
T006,validation,0.64,38321,6496,0.1449449985496575,3003,1889,4607,1114,37207
T006,validation,0.65,38984,5833,0.13015150500925987,3003,1801,4032,1202,37782
T006,validation,0.66,38984,5833,0.13015150500925987,3003,1801,4032,1202,37782
T006,validation,0.67,38984,5833,0.13015150500925987,3003,1801,4032,1202,37782
T006,validation,0.68,38984,5833,0.13015150500925987,3003,1801,4032,1202,37782
T006,validation,0.69,38984,5833,0.13015150500925987,3003,1801,4032,1202,37782
T006,validation,0.7,39212,5605,0.12506414976459826,3003,1780,3825,1223,37989
T006,validation,0.71,40650,4167,0.092978110984671,3003,1527,2640,1476,39174
T006,validation,0.72,40650,4167,0.092978110984671,3003,1527,2640,1476,39174
T006,validation,0.73,40650,4167,0.092978110984671,3003,1527,2640,1476,39174
T006,validation,0.74,40650,4167,0.092978110984671,3003,1527,2640,1476,39174
T006,validation,0.75,41061,3756,0.08380748376732043,3003,1451,2305,1552,39509
T006,validation,0.76,41061,3756,0.08380748376732043,3003,1451,2305,1552,39509
T006,validation,0.77,41061,3756,0.08380748376732043,3003,1451,2305,1552,39509
T006,validation,0.78,41061,3756,0.08380748376732043,3003,1451,2305,1552,39509
T006,validation,0.79,41061,3756,0.08380748376732043,3003,1451,2305,1552,39509
T006,validation,0.8,41061,3756,0.08380748376732043,3003,1451,2305,1552,39509
T006,validation,0.81,41176,3641,0.08124149318339023,3003,1421,2220,1582,39594
T006,validation,0.82,41349,3468,0.07738135082669523,3003,1394,2074,1609,39740
T006,validation,0.83,41349,3468,0.07738135082669523,3003,1394,2074,1609,39740
T006,validation,0.84,41349,3468,0.07738135082669523,3003,1394,2074,1609,39740
T006,validation,0.85,42238,2579,0.05754512796483477,3003,1146,1433,1857,40381
T006,validation,0.86,42659,2158,0.04815137113149028,3003,1023,1135,1980,40679
T006,validation,0.87,42732,2085,0.046522524934734584,3003,995,1090,2008,40724
T006,validation,0.88,43087,1730,0.03860142356695004,3003,875,855,2128,40959
T006,validation,0.89,43087,1730,0.03860142356695004,3003,875,855,2128,40959
T006,validation,0.9,43202,1615,0.03603543298301984,3003,824,791,2179,41023
T006,validation,0.91,43202,1615,0.03603543298301984,3003,824,791,2179,41023
T006,validation,0.92,43603,1214,0.02708793538166321,3003,668,546,2335,41268
T006,validation,0.93,43743,1074,0.023964120757748175,3003,594,480,2409,41334
T006,validation,0.94,44143,674,0.015038936117990941,3003,389,285,2614,41529
T006,validation,0.95,44496,321,0.007162460673405181,3003,207,114,2796,41700
T006,validation,0.96,44496,321,0.007162460673405181,3003,207,114,2796,41700
T006,validation,0.97,44817,0,0.0,3003,0,0,3003,41814
T006,validation,0.98,44817,0,0.0,3003,0,0,3003,41814
T006,validation,0.99,44817,0,0.0,3003,0,0,3003,41814
T007,validation,0.01,0,44817,1.0,3003,3003,41814,0,0
T007,validation,0.02,0,44817,1.0,3003,3003,41814,0,0
T007,validation,0.03,0,44817,1.0,3003,3003,41814,0,0
T007,validation,0.04,0,44817,1.0,3003,3003,41814,0,0
T007,validation,0.05,0,44817,1.0,3003,3003,41814,0,0
T007,validation,0.06,0,44817,1.0,3003,3003,41814,0,0
T007,validation,0.07,0,44817,1.0,3003,3003,41814,0,0
T007,validation,0.08,0,44817,1.0,3003,3003,41814,0,0
T007,validation,0.09,10491,34326,0.7659147198607671,3003,2913,31413,90,10401
T007,validation,0.1,10491,34326,0.7659147198607671,3003,2913,31413,90,10401
T007,validation,0.11,10574,34243,0.7640627440480174,3003,2907,31336,96,10478
T007,validation,0.12,10574,34243,0.7640627440480174,3003,2907,31336,96,10478
T007,validation,0.13,10574,34243,0.7640627440480174,3003,2907,31336,96,10478
T007,validation,0.14,10574,34243,0.7640627440480174,3003,2907,31336,96,10478
T007,validation,0.15,10574,34243,0.7640627440480174,3003,2907,31336,96,10478
T007,validation,0.16,10574,34243,0.7640627440480174,3003,2907,31336,96,10478
T007,validation,0.17,22241,22576,0.5037374210678983,3003,2748,19828,255,21986
T007,validation,0.18,22241,22576,0.5037374210678983,3003,2748,19828,255,21986
T007,validation,0.19,22423,22394,0.4996764620568088,3003,2742,19652,261,22162
T007,validation,0.2,22423,22394,0.4996764620568088,3003,2742,19652,261,22162
T007,validation,0.21,22725,22092,0.49293794765379206,3003,2730,19362,273,22452
T007,validation,0.22,22725,22092,0.49293794765379206,3003,2730,19362,273,22452
T007,validation,0.23,24741,20076,0.44795501706941565,3003,2693,17383,310,24431
T007,validation,0.24,24741,20076,0.44795501706941565,3003,2693,17383,310,24431
T007,validation,0.25,24741,20076,0.44795501706941565,3003,2693,17383,310,24431
T007,validation,0.26,24741,20076,0.44795501706941565,3003,2693,17383,310,24431
T007,validation,0.27,24741,20076,0.44795501706941565,3003,2693,17383,310,24431
T007,validation,0.28,24741,20076,0.44795501706941565,3003,2693,17383,310,24431
T007,validation,0.29,24741,20076,0.44795501706941565,3003,2693,17383,310,24431
T007,validation,0.3,24741,20076,0.44795501706941565,3003,2693,17383,310,24431
T007,validation,0.31,24741,20076,0.44795501706941565,3003,2693,17383,310,24431
T007,validation,0.32,24741,20076,0.44795501706941565,3003,2693,17383,310,24431
T007,validation,0.33,28010,16807,0.3750139456009996,3003,2598,14209,405,27605
T007,validation,0.34,28010,16807,0.3750139456009996,3003,2598,14209,405,27605
T007,validation,0.35,28010,16807,0.3750139456009996,3003,2598,14209,405,27605
T007,validation,0.36,28010,16807,0.3750139456009996,3003,2598,14209,405,27605
T007,validation,0.37,28860,15957,0.3560479282415155,3003,2568,13389,435,28425
T007,validation,0.38,29134,15683,0.3499341767632818,3003,2562,13121,441,28693
T007,validation,0.39,30559,14258,0.31813820648414665,3003,2494,11764,509,30050
T007,validation,0.4,30559,14258,0.31813820648414665,3003,2494,11764,509,30050
T007,validation,0.41,30559,14258,0.31813820648414665,3003,2494,11764,509,30050
T007,validation,0.42,30559,14258,0.31813820648414665,3003,2494,11764,509,30050
T007,validation,0.43,30559,14258,0.31813820648414665,3003,2494,11764,509,30050
T007,validation,0.44,32314,12503,0.27897895887721175,3003,2414,10089,589,31725
T007,validation,0.45,32440,12377,0.27616752571568826,3003,2406,9971,597,31843
T007,validation,0.46,32440,12377,0.27616752571568826,3003,2406,9971,597,31843
T007,validation,0.47,32853,11964,0.26695227257513887,3003,2394,9570,609,32244
T007,validation,0.48,32853,11964,0.26695227257513887,3003,2394,9570,609,32244
T007,validation,0.49,32853,11964,0.26695227257513887,3003,2394,9570,609,32244
T007,validation,0.5,32890,11927,0.26612669299596137,3003,2387,9540,616,32274
T007,validation,0.51,33078,11739,0.2619318562152754,3003,2365,9374,638,32440
T007,validation,0.52,33508,11309,0.2523372827275364,3003,2338,8971,665,32843
T007,validation,0.53,33508,11309,0.2523372827275364,3003,2338,8971,665,32843
T007,validation,0.54,33508,11309,0.2523372827275364,3003,2338,8971,665,32843
T007,validation,0.55,33508,11309,0.2523372827275364,3003,2338,8971,665,32843
T007,validation,0.56,34352,10465,0.23350514313764867,3003,2263,8202,740,33612
T007,validation,0.57,34352,10465,0.23350514313764867,3003,2263,8202,740,33612
T007,validation,0.58,35852,8965,0.20003570073855903,3003,2134,6831,869,34983
T007,validation,0.59,38321,6496,0.1449449985496575,3003,1908,4588,1095,37226
T007,validation,0.6,38321,6496,0.1449449985496575,3003,1908,4588,1095,37226
T007,validation,0.61,38321,6496,0.1449449985496575,3003,1908,4588,1095,37226
T007,validation,0.62,38321,6496,0.1449449985496575,3003,1908,4588,1095,37226
T007,validation,0.63,38875,5942,0.13258361782359374,3003,1847,4095,1156,37719
T007,validation,0.64,38875,5942,0.13258361782359374,3003,1847,4095,1156,37719
T007,validation,0.65,39025,5792,0.12923667358368476,3003,1833,3959,1170,37855
T007,validation,0.66,39025,5792,0.12923667358368476,3003,1833,3959,1170,37855
T007,validation,0.67,39025,5792,0.12923667358368476,3003,1833,3959,1170,37855
T007,validation,0.68,39081,5736,0.12798714773411876,3003,1824,3912,1179,37902
T007,validation,0.69,39241,5576,0.12441707387821585,3003,1784,3792,1219,38022
T007,validation,0.7,39241,5576,0.12441707387821585,3003,1784,3792,1219,38022
T007,validation,0.71,39818,4999,0.11154249503536605,3003,1703,3296,1300,38518
T007,validation,0.72,39818,4999,0.11154249503536605,3003,1703,3296,1300,38518
T007,validation,0.73,39818,4999,0.11154249503536605,3003,1703,3296,1300,38518
T007,validation,0.74,40497,4320,0.09639199410937814,3003,1575,2745,1428,39069
T007,validation,0.75,40545,4272,0.09532097195260728,3003,1565,2707,1438,39107
T007,validation,0.76,40745,4072,0.09085837963272865,3003,1531,2541,1472,39273
T007,validation,0.77,40890,3927,0.08762300020081665,3003,1506,2421,1497,39393
T007,validation,0.78,41192,3625,0.08088448579779994,3003,1437,2188,1566,39626
T007,validation,0.79,41192,3625,0.08088448579779994,3003,1437,2188,1566,39626
T007,validation,0.8,41232,3585,0.07999196733382422,3003,1427,2158,1576,39656
T007,validation,0.81,41232,3585,0.07999196733382422,3003,1427,2158,1576,39656
T007,validation,0.82,41494,3323,0.07414597139478322,3003,1379,1944,1624,39870
T007,validation,0.83,41572,3245,0.07240556039003057,3003,1362,1883,1641,39931
T007,validation,0.84,41791,3026,0.06751902179976348,3003,1297,1729,1706,40085
T007,validation,0.85,41878,2939,0.06557779414061628,3003,1276,1663,1727,40151
T007,validation,0.86,42353,2464,0.05497913738090457,3003,1121,1343,1882,40471
T007,validation,0.87,42631,2186,0.04877613405627329,3003,1019,1167,1984,40647
T007,validation,0.88,42747,2070,0.04618783051074369,3003,992,1078,2011,40736
T007,validation,0.89,43113,1704,0.03802128656536582,3003,864,840,2139,40974
T007,validation,0.9,43228,1589,0.03545529598143562,3003,813,776,2190,41038
T007,validation,0.91,43374,1443,0.03219760358792423,3003,750,693,2253,41121
T007,validation,0.92,43616,1201,0.0267978668808711,3003,641,560,2362,41254
T007,validation,0.93,43771,1046,0.02333935783296517,3003,577,469,2426,41345
T007,validation,0.94,44022,795,0.017738804471517506,3003,464,331,2539,41483
T007,validation,0.95,44208,609,0.01358859361403039,3003,375,234,2628,41580
T007,validation,0.96,44599,218,0.004864225628667693,3003,164,54,2839,41760
T007,validation,0.97,44690,127,0.0028337461231229223,3003,99,28,2904,41786
T007,validation,0.98,44760,57,0.001271838811165406,3003,43,14,2960,41800
T007,validation,0.99,44817,0,0.0,3003,0,0,3003,41814
WASTACK001,validation,0.01,9607,35210,0.7856393779146306,3003,2947,32263,56,9551
WASTACK001,validation,0.02,20358,24459,0.5457527277595555,3003,2818,21641,185,20173
WASTACK001,validation,0.03,24768,20049,0.447352567106232,3003,2731,17318,272,24496
WASTACK001,validation,0.04,27415,17402,0.38829015775263853,3003,2650,14752,353,27062
WASTACK001,validation,0.05,29050,15767,0.3518084655376308,3003,2591,13176,412,28638
WASTACK001,validation,0.06,30435,14382,0.3209050137224714,3003,2546,11836,457,29978
WASTACK001,validation,0.07,31581,13236,0.2953343597295669,3003,2483,10753,520,31061
WASTACK001,validation,0.08,32463,12354,0.2756543275989022,3003,2427,9927,576,31887
WASTACK001,validation,0.09,33250,11567,0.25809402682017984,3003,2381,9186,622,32628
WASTACK001,validation,0.1,34034,10783,0.24060066492625568,3003,2326,8457,677,33357
WASTACK001,validation,0.11,34656,10161,0.22672200281143315,3003,2269,7892,734,33922
WASTACK001,validation,0.12,35253,9564,0.21340116473659548,3003,2222,7342,781,34472
WASTACK001,validation,0.13,35833,8984,0.2004596470089475,3003,2172,6812,831,35002
WASTACK001,validation,0.14,36350,8467,0.18892384586206126,3003,2133,6334,870,35480
WASTACK001,validation,0.15,36808,8009,0.17870450944953925,3003,2087,5922,916,35892
WASTACK001,validation,0.16,37254,7563,0.1687529285762099,3003,2042,5521,961,36293
WASTACK001,validation,0.17,37730,7087,0.1581319588548988,3003,1993,5094,1010,36720
WASTACK001,validation,0.18,38192,6625,0.1478233705959792,3003,1950,4675,1053,37139
WASTACK001,validation,0.19,38527,6290,0.14034852846018253,3003,1909,4381,1094,37433
WASTACK001,validation,0.2,38814,6003,0.1339447084811567,3003,1878,4125,1125,37689
WASTACK001,validation,0.21,39081,5736,0.12798714773411876,3003,1850,3886,1153,37928
WASTACK001,validation,0.22,39288,5529,0.12336836468304438,3003,1814,3715,1189,38099
WASTACK001,validation,0.23,39472,5345,0.11926277974875606,3003,1780,3565,1223,38249
WASTACK001,validation,0.24,39647,5170,0.11535801146886226,3003,1752,3418,1251,38396
WASTACK001,validation,0.25,39835,4982,0.11116317468817637,3003,1733,3249,1270,38565
WASTACK001,validation,0.26,40013,4804,0.1071914675234844,3003,1699,3105,1304,38709
WASTACK001,validation,0.27,40203,4614,0.10295200481959971,3003,1668,2946,1335,38868
WASTACK001,validation,0.28,40402,4415,0.09851172546132048,3003,1635,2780,1368,39034
WASTACK001,validation,0.29,40542,4275,0.09538791083740544,3003,1604,2671,1399,39143
WASTACK001,validation,0.3,40680,4137,0.0923087221366892,3003,1582,2555,1421,39259
WASTACK001,validation,0.31,40792,4025,0.08980967043755718,3003,1558,2467,1445,39347
WASTACK001,validation,0.32,40925,3892,0.0868420465448379,3003,1532,2360,1471,39454
WASTACK001,validation,0.33,41056,3761,0.0839190485753174,3003,1503,2258,1500,39556
WASTACK001,validation,0.34,41171,3646,0.0813530579913872,3003,1483,2163,1520,39651
WASTACK001,validation,0.35,41305,3512,0.07836312113706852,3003,1447,2065,1556,39749
WASTACK001,validation,0.36,41465,3352,0.07479304728116563,3003,1417,1935,1586,39879
WASTACK001,validation,0.37,41637,3180,0.07095521788607002,3003,1366,1814,1637,40000
WASTACK001,validation,0.38,41784,3033,0.06767521253095923,3003,1331,1702,1672,40112
WASTACK001,validation,0.39,41911,2906,0.0648414664078363,3003,1300,1606,1703,40208
WASTACK001,validation,0.4,42044,2773,0.06187384251511703,3003,1252,1521,1751,40293
WASTACK001,validation,0.41,42168,2649,0.059107035276792286,3003,1212,1437,1791,40377
WASTACK001,validation,0.42,42319,2498,0.055737778075283934,3003,1167,1331,1836,40483
WASTACK001,validation,0.43,42450,2367,0.05281478010576344,3003,1133,1234,1870,40580
WASTACK001,validation,0.44,42599,2218,0.04949014882745387,3003,1077,1141,1926,40673
WASTACK001,validation,0.45,42772,2045,0.04563000647075886,3003,1018,1027,1985,40787
WASTACK001,validation,0.46,42876,1941,0.04330945846442198,3003,987,954,2016,40860
WASTACK001,validation,0.47,42999,1818,0.04056496418769663,3003,937,881,2066,40933
WASTACK001,validation,0.48,43097,1720,0.03837829395095611,3003,900,820,2103,40994
WASTACK001,validation,0.49,43209,1608,0.03587924225182409,3003,863,745,2140,41069
WASTACK001,validation,0.5,43305,1512,0.03373719793828235,3003,820,692,2183,41122
WASTACK001,validation,0.51,43420,1397,0.031171207354352144,3003,774,623,2229,41191
WASTACK001,validation,0.52,43534,1283,0.02862752973202133,3003,722,561,2281,41253
WASTACK001,validation,0.53,43625,1192,0.02659705022647656,3003,680,512,2323,41302
WASTACK001,validation,0.54,43697,1120,0.02499051699132026,3003,654,466,2349,41348
WASTACK001,validation,0.55,43778,1039,0.023183167101769417,3003,618,421,2385,41393
WASTACK001,validation,0.56,43850,967,0.021576633866613116,3003,581,386,2422,41428
WASTACK001,validation,0.57,43934,883,0.019702345092264095,3003,537,346,2466,41468
WASTACK001,validation,0.58,43997,820,0.018296628511502332,3003,507,313,2496,41501
WASTACK001,validation,0.59,44072,745,0.01662315639154785,3003,472,273,2531,41541
WASTACK001,validation,0.6,44139,678,0.015128187964388513,3003,432,246,2571,41568
WASTACK001,validation,0.61,44190,627,0.013990226922819466,3003,407,220,2596,41594
WASTACK001,validation,0.62,44249,568,0.012673762188455274,3003,372,196,2631,41618
WASTACK001,validation,0.63,44303,514,0.011468862262088047,3003,337,177,2666,41637
WASTACK001,validation,0.64,44336,481,0.010732534529308075,3003,318,163,2685,41651
WASTACK001,validation,0.65,44382,435,0.009706138295735993,3003,289,146,2714,41668
WASTACK001,validation,0.66,44434,383,0.008545864292567552,3003,256,127,2747,41687
WASTACK001,validation,0.67,44477,340,0.0075864069437936495,3003,232,108,2771,41706
WASTACK001,validation,0.68,44510,307,0.006850079211013678,3003,211,96,2792,41718
WASTACK001,validation,0.69,44542,275,0.006136064439833099,3003,191,84,2812,41730
WASTACK001,validation,0.7,44571,246,0.0054889885534506995,3003,170,76,2833,41738
WASTACK001,validation,0.71,44589,228,0.005087355244661624,3003,159,69,2844,41745
WASTACK001,validation,0.72,44598,219,0.004886538590267086,3003,153,66,2850,41748
WASTACK001,validation,0.73,44612,205,0.004574157127875583,3003,144,61,2859,41753
WASTACK001,validation,0.74,44640,177,0.003949394203092577,3003,125,52,2878,41762
WASTACK001,validation,0.75,44657,160,0.003570073855902894,3003,112,48,2891,41766
WASTACK001,validation,0.76,44677,140,0.0031238146239150324,3003,99,41,2904,41773
WASTACK001,validation,0.77,44700,117,0.002610616507128991,3003,82,35,2921,41779
WASTACK001,validation,0.78,44714,103,0.002298235044737488,3003,73,30,2930,41784
WASTACK001,validation,0.79,44736,81,0.00180734988955084,3003,57,24,2946,41790
WASTACK001,validation,0.8,44764,53,0.0011825869647678336,3003,40,13,2963,41801
WASTACK001,validation,0.81,44773,44,0.000981770310373296,3003,33,11,2970,41803
WASTACK001,validation,0.82,44781,36,0.0008032666175781511,3003,28,8,2975,41806
WASTACK001,validation,0.83,44791,26,0.0005801370015842203,3003,19,7,2984,41807
WASTACK001,validation,0.84,44795,22,0.000490885155186648,3003,15,7,2988,41807
WASTACK001,validation,0.85,44796,21,0.00046857219358725484,3003,15,6,2988,41808
WASTACK001,validation,0.86,44799,18,0.00040163330878907556,3003,12,6,2991,41808
WASTACK001,validation,0.87,44807,10,0.00022312961599393088,3003,6,4,2997,41810
WASTACK001,validation,0.88,44812,5,0.00011156480799696544,3003,3,2,3000,41812
WASTACK001,validation,0.89,44816,1,2.2312961599393088e-05,3003,0,1,3003,41813
WASTACK001,validation,0.9,44817,0,0.0,3003,0,0,3003,41814
WASTACK001,validation,0.91,44817,0,0.0,3003,0,0,3003,41814
WASTACK001,validation,0.92,44817,0,0.0,3003,0,0,3003,41814
WASTACK001,validation,0.93,44817,0,0.0,3003,0,0,3003,41814
WASTACK001,validation,0.94,44817,0,0.0,3003,0,0,3003,41814
WASTACK001,validation,0.95,44817,0,0.0,3003,0,0,3003,41814
WASTACK001,validation,0.96,44817,0,0.0,3003,0,0,3003,41814
WASTACK001,validation,0.97,44817,0,0.0,3003,0,0,3003,41814
WASTACK001,validation,0.98,44817,0,0.0,3003,0,0,3003,41814
WASTACK001,validation,0.99,44817,0,0.0,3003,0,0,3003,41814
WASTACK002,validation,0.01,9660,35157,0.7844567909498628,3003,2947,32210,56,9604
WASTACK002,validation,0.02,20388,24429,0.5450833389115737,3003,2818,21611,185,20203
WASTACK002,validation,0.03,24801,20016,0.446616239373452,3003,2731,17285,272,24529
WASTACK002,validation,0.04,27426,17391,0.3880447151750452,3003,2649,14742,354,27072
WASTACK002,validation,0.05,29070,15747,0.35136220630564297,3003,2590,13157,413,28657
WASTACK002,validation,0.06,30450,14367,0.3205703192984805,3003,2546,11821,457,29993
WASTACK002,validation,0.07,31594,13223,0.2950442912287748,3003,2483,10740,520,31074
WASTACK002,validation,0.08,32468,12349,0.2755427627909052,3003,2427,9922,576,31892
WASTACK002,validation,0.09,33257,11560,0.2579378360889841,3003,2381,9179,622,32635
WASTACK002,validation,0.1,34043,10774,0.24039984827186112,3003,2326,8448,677,33366
WASTACK002,validation,0.11,34672,10145,0.22636499542584287,3003,2268,7877,735,33937
WASTACK002,validation,0.12,35259,9558,0.21326728696699912,3003,2223,7335,780,34479
WASTACK002,validation,0.13,35839,8978,0.20032576923935114,3003,2172,6806,831,35008
WASTACK002,validation,0.14,36355,8462,0.1888122810540643,3003,2133,6329,870,35485
WASTACK002,validation,0.15,36816,8001,0.1785260057567441,3003,2085,5916,918,35898
WASTACK002,validation,0.16,37251,7566,0.1688198674610081,3003,2040,5526,963,36288
WASTACK002,validation,0.17,37750,7067,0.15768569962291096,3003,1992,5075,1011,36739
WASTACK002,validation,0.18,38195,6622,0.14775643171118102,3003,1950,4672,1053,37142
WASTACK002,validation,0.19,38523,6294,0.14043778030658008,3003,1910,4384,1093,37430
WASTACK002,validation,0.2,38809,6008,0.13405627328915368,3003,1878,4130,1125,37684
WASTACK002,validation,0.21,39078,5739,0.12805408661891693,3003,1851,3888,1152,37926
WASTACK002,validation,0.22,39282,5535,0.12350224245264074,3003,1813,3722,1190,38092
WASTACK002,validation,0.23,39458,5359,0.11957516121114756,3003,1783,3576,1220,38238
WASTACK002,validation,0.24,39634,5183,0.11564807996965437,3003,1752,3431,1251,38383
WASTACK002,validation,0.25,39806,5011,0.11181025057455876,3003,1733,3278,1270,38536
WASTACK002,validation,0.26,39997,4820,0.10754847490907468,3003,1702,3118,1301,38696
WASTACK002,validation,0.27,40179,4638,0.10348751589798513,3003,1672,2966,1331,38848
WASTACK002,validation,0.28,40376,4441,0.0990918624629047,3003,1638,2803,1365,39011
WASTACK002,validation,0.29,40519,4298,0.09590110895419149,3003,1611,2687,1392,39127
WASTACK002,validation,0.3,40662,4155,0.09271035544547827,3003,1583,2572,1420,39242
WASTACK002,validation,0.31,40764,4053,0.09043443336234018,3003,1562,2491,1441,39323
WASTACK002,validation,0.32,40900,3917,0.08739987058482272,3003,1539,2378,1464,39436
WASTACK002,validation,0.33,41024,3793,0.08463306334649798,3003,1508,2285,1495,39529
WASTACK002,validation,0.34,41147,3670,0.08188856906977263,3003,1485,2185,1518,39629
WASTACK002,validation,0.35,41278,3539,0.07896557110025214,3003,1451,2088,1552,39726
WASTACK002,validation,0.36,41425,3392,0.07568556574514135,3003,1422,1970,1581,39844
WASTACK002,validation,0.37,41593,3224,0.07193698819644331,3003,1381,1843,1622,39971
WASTACK002,validation,0.38,41751,3066,0.0684115402637392,3003,1337,1729,1666,40085
WASTACK002,validation,0.39,41874,2943,0.06566704598701385,3003,1309,1634,1694,40180
WASTACK002,validation,0.4,42009,2808,0.06265479617109579,3003,1263,1545,1740,40269
WASTACK002,validation,0.41,42144,2673,0.059642546355177725,3003,1216,1457,1787,40357
WASTACK002,validation,0.42,42286,2531,0.056474105808063904,3003,1178,1353,1825,40461
WASTACK002,validation,0.43,42417,2400,0.05355110783854341,3003,1139,1261,1864,40553
WASTACK002,validation,0.44,42556,2261,0.05044960617622777,3003,1092,1169,1911,40645
WASTACK002,validation,0.45,42733,2084,0.0465002119731352,3003,1029,1055,1974,40759
WASTACK002,validation,0.46,42857,1960,0.04373340473481045,3003,991,969,2012,40845
WASTACK002,validation,0.47,42961,1856,0.04141285672847357,3003,952,904,2051,40910
WASTACK002,validation,0.48,43068,1749,0.03902536983733851,3003,913,836,2090,40978
WASTACK002,validation,0.49,43179,1638,0.03654863109980588,3003,877,761,2126,41053
WASTACK002,validation,0.5,43278,1539,0.03433964790146596,3003,835,704,2168,41110
WASTACK002,validation,0.51,43396,1421,0.03170671843273758,3003,780,641,2223,41173
WASTACK002,validation,0.52,43500,1317,0.029386170426400696,3003,735,582,2268,41232
WASTACK002,validation,0.53,43597,1220,0.02722181315125957,3003,693,527,2310,41287
WASTACK002,validation,0.54,43680,1137,0.02536983733850994,3003,660,477,2343,41337
WASTACK002,validation,0.55,43759,1058,0.023607113372157887,3003,627,431,2376,41383
WASTACK002,validation,0.56,43835,982,0.02191132829060401,3003,588,394,2415,41420
WASTACK002,validation,0.57,43916,901,0.02010397840105317,3003,547,354,2456,41460
WASTACK002,validation,0.58,43984,833,0.018586697012294442,3003,514,319,2489,41495
WASTACK002,validation,0.59,44058,759,0.016935537853939354,3003,477,282,2526,41532
WASTACK002,validation,0.6,44122,695,0.015507508311578195,3003,442,253,2561,41561
WASTACK002,validation,0.61,44178,639,0.014257982462012183,3003,412,227,2591,41587
WASTACK002,validation,0.62,44232,585,0.013053082535644956,3003,380,205,2623,41609
WASTACK002,validation,0.63,44286,531,0.01184818260927773,3003,347,184,2656,41630
WASTACK002,validation,0.64,44325,492,0.010977977106901399,3003,325,167,2678,41647
WASTACK002,validation,0.65,44372,445,0.009929267911729924,3003,297,148,2706,41666
WASTACK002,validation,0.66,44415,402,0.008969810562956022,3003,270,132,2733,41682
WASTACK002,validation,0.67,44470,347,0.0077425976749894015,3003,236,111,2767,41703
WASTACK002,validation,0.68,44505,312,0.006961644019010643,3003,214,98,2789,41716
WASTACK002,validation,0.69,44536,281,0.006269942209429458,3003,196,85,2807,41729
WASTACK002,validation,0.7,44564,253,0.0056451792846464515,3003,176,77,2827,41737
WASTACK002,validation,0.71,44585,232,0.005176607091059196,3003,162,70,2841,41744
WASTACK002,validation,0.72,44596,221,0.004931164513465872,3003,154,67,2849,41747
WASTACK002,validation,0.73,44610,207,0.004618783051074369,3003,146,61,2857,41753
WASTACK002,validation,0.74,44637,180,0.004016333087890756,3003,128,52,2875,41762
WASTACK002,validation,0.75,44656,161,0.003592386817502287,3003,112,49,2891,41765
WASTACK002,validation,0.76,44675,142,0.0031684405471138185,3003,100,42,2903,41772
WASTACK002,validation,0.77,44700,117,0.002610616507128991,3003,82,35,2921,41779
WASTACK002,validation,0.78,44711,106,0.002365173929535667,3003,76,30,2927,41784
WASTACK002,validation,0.79,44733,84,0.0018742887743490194,3003,60,24,2943,41790
WASTACK002,validation,0.8,44762,55,0.0012272128879666198,3003,42,13,2961,41801
WASTACK002,validation,0.81,44772,45,0.001004083271972689,3003,34,11,2969,41803
WASTACK002,validation,0.82,44780,37,0.0008255795791775443,3003,29,8,2974,41806
WASTACK002,validation,0.83,44790,27,0.0006024499631836134,3003,20,7,2983,41807
WASTACK002,validation,0.84,44794,23,0.000513198116786041,3003,16,7,2987,41807
WASTACK002,validation,0.85,44796,21,0.00046857219358725484,3003,15,6,2988,41808
WASTACK002,validation,0.86,44798,19,0.00042394627038846864,3003,13,6,2990,41808
WASTACK002,validation,0.87,44806,11,0.000245442577593324,3003,7,4,2996,41810
WASTACK002,validation,0.88,44811,6,0.00013387776959635853,3003,4,2,2999,41812
WASTACK002,validation,0.89,44816,1,2.2312961599393088e-05,3003,0,1,3003,41813
WASTACK002,validation,0.9,44817,0,0.0,3003,0,0,3003,41814
WASTACK002,validation,0.91,44817,0,0.0,3003,0,0,3003,41814
WASTACK002,validation,0.92,44817,0,0.0,3003,0,0,3003,41814
WASTACK002,validation,0.93,44817,0,0.0,3003,0,0,3003,41814
WASTACK002,validation,0.94,44817,0,0.0,3003,0,0,3003,41814
WASTACK002,validation,0.95,44817,0,0.0,3003,0,0,3003,41814
WASTACK002,validation,0.96,44817,0,0.0,3003,0,0,3003,41814
WASTACK002,validation,0.97,44817,0,0.0,3003,0,0,3003,41814
WASTACK002,validation,0.98,44817,0,0.0,3003,0,0,3003,41814
WASTACK002,validation,0.99,44817,0,0.0,3003,0,0,3003,41814
WASTACK003,validation,0.01,6996,37821,0.843898520650646,3003,2969,34852,34,6962
WASTACK003,validation,0.02,19896,24921,0.5560613160184751,3003,2826,22095,177,19719
WASTACK003,validation,0.03,25118,19699,0.43954303054644445,3003,2722,16977,281,24837
WASTACK003,validation,0.04,27787,17030,0.3799897360376643,3003,2642,14388,361,27426
WASTACK003,validation,0.05,29690,15127,0.33752817011401925,3003,2565,12562,438,29252
WASTACK003,validation,0.06,31234,13583,0.3030769574045563,3003,2496,11087,507,30727
WASTACK003,validation,0.07,32537,12280,0.2740031684405471,3003,2422,9858,581,31956
WASTACK003,validation,0.08,33647,11170,0.2492357810652208,3003,2352,8818,651,32996
WASTACK003,validation,0.09,34622,10195,0.2274806435058125,3003,2284,7911,719,33903
WASTACK003,validation,0.1,35419,9398,0.20969721311109624,3003,2219,7179,784,34635
WASTACK003,validation,0.11,36159,8658,0.19318562152754534,3003,2154,6504,849,35310
WASTACK003,validation,0.12,36967,7850,0.17515674855523575,3003,2090,5760,913,36054
WASTACK003,validation,0.13,37689,7128,0.15904679028047392,3003,2006,5122,997,36692
WASTACK003,validation,0.14,38449,6368,0.14208893946493517,3003,1927,4441,1076,37373
WASTACK003,validation,0.15,39060,5757,0.128455719927706,3003,1854,3903,1149,37911
WASTACK003,validation,0.16,39464,5353,0.1194412834415512,3003,1801,3552,1202,38262
WASTACK003,validation,0.17,39779,5038,0.11241270053774237,3003,1754,3284,1249,38530
WASTACK003,validation,0.18,40032,4785,0.10676752125309592,3003,1718,3067,1285,38747
WASTACK003,validation,0.19,40300,4517,0.10078764754445857,3003,1665,2852,1338,38962
WASTACK003,validation,0.2,40526,4291,0.09574491822299573,3003,1624,2667,1379,39147
WASTACK003,validation,0.21,40796,4021,0.0897204185911596,3003,1578,2443,1425,39371
WASTACK003,validation,0.22,41043,3774,0.08420911707610951,3003,1537,2237,1466,39577
WASTACK003,validation,0.23,41256,3561,0.07945645625543879,3003,1481,2080,1522,39734
WASTACK003,validation,0.24,41438,3379,0.07539549724434924,3003,1420,1959,1583,39855
WASTACK003,validation,0.25,41584,3233,0.07213780485083786,3003,1382,1851,1621,39963
WASTACK003,validation,0.26,41708,3109,0.06937099761251311,3003,1353,1756,1650,40058
WASTACK003,validation,0.27,41861,2956,0.06595711448780597,3003,1316,1640,1687,40174
WASTACK003,validation,0.28,41999,2818,0.06287792578708971,3003,1268,1550,1735,40264
WASTACK003,validation,0.29,42132,2685,0.05991030189437044,3003,1230,1455,1773,40359
WASTACK003,validation,0.3,42277,2540,0.05667492246245844,3003,1189,1351,1814,40463
WASTACK003,validation,0.31,42405,2412,0.05381886337773613,3003,1152,1260,1851,40554
WASTACK003,validation,0.32,42541,2276,0.050784300600218664,3003,1102,1174,1901,40640
WASTACK003,validation,0.33,42689,2128,0.04748198228350849,3003,1050,1078,1953,40736
WASTACK003,validation,0.34,42802,2015,0.044960617622777074,3003,1014,1001,1989,40813
WASTACK003,validation,0.35,42890,1927,0.04299707700203048,3003,990,937,2013,40877
WASTACK003,validation,0.36,42992,1825,0.04072115491889238,3003,945,880,2058,40934
WASTACK003,validation,0.37,43072,1745,0.03893611799094094,3003,915,830,2088,40984
WASTACK003,validation,0.38,43167,1650,0.0368163866389986,3003,882,768,2121,41046
WASTACK003,validation,0.39,43250,1567,0.034964410826248966,3003,848,719,2155,41095
WASTACK003,validation,0.4,43335,1482,0.033067809090300555,3003,803,679,2200,41135
WASTACK003,validation,0.41,43431,1386,0.03092576477675882,3003,767,619,2236,41195
WASTACK003,validation,0.42,43522,1295,0.028895285271214047,3003,730,565,2273,41249
WASTACK003,validation,0.43,43599,1218,0.02717718722806078,3003,693,525,2310,41289
WASTACK003,validation,0.44,43667,1150,0.02565990583930205,3003,668,482,2335,41332
WASTACK003,validation,0.45,43723,1094,0.02441037998973604,3003,642,452,2361,41362
WASTACK003,validation,0.46,43795,1022,0.022803846754579735,3003,610,412,2393,41402
WASTACK003,validation,0.47,43851,966,0.021554320905013722,3003,581,385,2422,41429
WASTACK003,validation,0.48,43926,891,0.01988084878505924,3003,543,348,2460,41466
WASTACK003,validation,0.49,43976,841,0.018765200705089587,3003,517,324,2486,41490
WASTACK003,validation,0.5,44033,784,0.01749336189392418,3003,488,296,2515,41518
WASTACK003,validation,0.51,44091,726,0.016199210121159383,3003,466,260,2537,41554
WASTACK003,validation,0.52,44145,672,0.014994310194792155,3003,434,238,2569,41576
WASTACK003,validation,0.53,44186,631,0.014079478769217038,3003,410,221,2593,41593
WASTACK003,validation,0.54,44239,578,0.012896891804449204,3003,381,197,2622,41617
WASTACK003,validation,0.55,44281,536,0.011959747417274695,3003,350,186,2653,41628
WASTACK003,validation,0.56,44309,508,0.011334984492491689,3003,333,175,2670,41639
WASTACK003,validation,0.57,44342,475,0.010598656759711717,3003,314,161,2689,41653
WASTACK003,validation,0.58,44383,434,0.0096838253341366,3003,290,144,2713,41670
WASTACK003,validation,0.59,44424,393,0.008768993908561484,3003,261,132,2742,41682
WASTACK003,validation,0.6,44459,358,0.007988040252582726,3003,241,117,2762,41697
WASTACK003,validation,0.61,44495,322,0.007184773635004574,3003,219,103,2784,41711
WASTACK003,validation,0.62,44529,288,0.006426132940625209,3003,198,90,2805,41724
WASTACK003,validation,0.63,44554,263,0.005868308900640382,3003,180,83,2823,41731
WASTACK003,validation,0.64,44575,242,0.0053997367070531275,3003,169,73,2834,41741
WASTACK003,validation,0.65,44591,226,0.005042729321462837,3003,160,66,2843,41748
WASTACK003,validation,0.66,44606,211,0.004708034897471941,3003,148,63,2855,41751
WASTACK003,validation,0.67,44620,197,0.004395653435080438,3003,140,57,2863,41757
WASTACK003,validation,0.68,44636,181,0.004038646049490149,3003,128,53,2875,41761
WASTACK003,validation,0.69,44662,155,0.0034585090479059286,3003,112,43,2891,41771
WASTACK003,validation,0.7,44684,133,0.002967623892719281,3003,95,38,2908,41776
WASTACK003,validation,0.71,44698,119,0.0026552424303277773,3003,87,32,2916,41782
WASTACK003,validation,0.72,44707,110,0.0024544257759332396,3003,80,30,2923,41784
WASTACK003,validation,0.73,44725,92,0.002052792467144164,3003,66,26,2937,41788
WASTACK003,validation,0.74,44754,63,0.0014057165807617644,3003,47,16,2956,41798
WASTACK003,validation,0.75,44766,51,0.0011379610415690475,3003,39,12,2964,41802
WASTACK003,validation,0.76,44775,42,0.0009371443871745097,3003,33,9,2970,41805
WASTACK003,validation,0.77,44780,37,0.0008255795791775443,3003,29,8,2974,41806
WASTACK003,validation,0.78,44789,28,0.0006247629247830064,3003,21,7,2982,41807
WASTACK003,validation,0.79,44793,24,0.0005355110783854341,3003,17,7,2986,41807
WASTACK003,validation,0.8,44796,21,0.00046857219358725484,3003,15,6,2988,41808
WASTACK003,validation,0.81,44796,21,0.00046857219358725484,3003,15,6,2988,41808
WASTACK003,validation,0.82,44799,18,0.00040163330878907556,3003,12,6,2991,41808
WASTACK003,validation,0.83,44803,14,0.0003123814623915032,3003,10,4,2993,41810
WASTACK003,validation,0.84,44808,9,0.00020081665439453778,3003,6,3,2997,41811
WASTACK003,validation,0.85,44816,1,2.2312961599393088e-05,3003,0,1,3003,41813
WASTACK003,validation,0.86,44816,1,2.2312961599393088e-05,3003,0,1,3003,41813
WASTACK003,validation,0.87,44817,0,0.0,3003,0,0,3003,41814
WASTACK003,validation,0.88,44817,0,0.0,3003,0,0,3003,41814
WASTACK003,validation,0.89,44817,0,0.0,3003,0,0,3003,41814
WASTACK003,validation,0.9,44817,0,0.0,3003,0,0,3003,41814
WASTACK003,validation,0.91,44817,0,0.0,3003,0,0,3003,41814
WASTACK003,validation,0.92,44817,0,0.0,3003,0,0,3003,41814
WASTACK003,validation,0.93,44817,0,0.0,3003,0,0,3003,41814
WASTACK003,validation,0.94,44817,0,0.0,3003,0,0,3003,41814
WASTACK003,validation,0.95,44817,0,0.0,3003,0,0,3003,41814
WASTACK003,validation,0.96,44817,0,0.0,3003,0,0,3003,41814
WASTACK003,validation,0.97,44817,0,0.0,3003,0,0,3003,41814
WASTACK003,validation,0.98,44817,0,0.0,3003,0,0,3003,41814
WASTACK003,validation,0.99,44817,0,0.0,3003,0,0,3003,41814
WASTACK004,validation,0.01,9622,35195,0.7853046834906398,3003,2953,32242,50,9572
WASTACK004,validation,0.02,21538,23279,0.5194234330722717,3003,2800,20479,203,21335
WASTACK004,validation,0.03,26090,18727,0.41785483187183436,3003,2697,16030,306,25784
WASTACK004,validation,0.04,28965,15852,0.3537050672735792,3003,2608,13244,395,28570
WASTACK004,validation,0.05,31192,13625,0.30401410179173083,3003,2534,11091,469,30723
WASTACK004,validation,0.06,32909,11908,0.26570274672557287,3003,2438,9470,565,32344
WASTACK004,validation,0.07,34337,10480,0.23383983756163956,3003,2342,8138,661,33676
WASTACK004,validation,0.08,35579,9238,0.20612713925519335,3003,2243,6995,760,34819
WASTACK004,validation,0.09,36592,8225,0.18352410915500814,3003,2156,6069,847,35745
WASTACK004,validation,0.1,37495,7322,0.1633755048307562,3003,2060,5262,943,36552
WASTACK004,validation,0.11,38203,6614,0.14757792801838587,3003,1985,4629,1018,37185
WASTACK004,validation,0.12,38735,6082,0.13570743244750877,3003,1916,4166,1087,37648
WASTACK004,validation,0.13,39180,5637,0.12577816453577884,3003,1860,3777,1143,38037
WASTACK004,validation,0.14,39577,5240,0.11691991878081978,3003,1807,3433,1196,38381
WASTACK004,validation,0.15,39902,4915,0.10966820626101703,3003,1758,3157,1245,38657
WASTACK004,validation,0.16,40183,4634,0.10339826405158757,3003,1716,2918,1287,38896
WASTACK004,validation,0.17,40438,4379,0.09770845884374232,3003,1662,2717,1341,39097
WASTACK004,validation,0.18,40651,4166,0.0929557980230716,3003,1620,2546,1383,39268
WASTACK004,validation,0.19,40817,4000,0.08925184639757235,3003,1579,2421,1424,39393
WASTACK004,validation,0.2,40975,3842,0.08572639846486824,3003,1543,2299,1460,39515
WASTACK004,validation,0.21,41162,3655,0.08155387464578173,3003,1496,2159,1507,39655
WASTACK004,validation,0.22,41305,3512,0.07836312113706852,3003,1458,2054,1545,39760
WASTACK004,validation,0.23,41436,3381,0.07544012316754803,3003,1425,1956,1578,39858
WASTACK004,validation,0.24,41591,3226,0.0719816141196421,3003,1394,1832,1609,39982
WASTACK004,validation,0.25,41730,3087,0.06888011245732646,3003,1358,1729,1645,40085
WASTACK004,validation,0.26,41842,2975,0.06638106075819443,3003,1328,1647,1675,40167
WASTACK004,validation,0.27,41967,2850,0.0635919405582703,3003,1294,1556,1709,40258
WASTACK004,validation,0.28,42078,2739,0.061115201820737666,3003,1256,1483,1747,40331
WASTACK004,validation,0.29,42179,2638,0.05886159269919897,3003,1228,1410,1775,40404
WASTACK004,validation,0.3,42306,2511,0.05602784657607604,3003,1183,1328,1820,40486
WASTACK004,validation,0.31,42417,2400,0.05355110783854341,3003,1141,1259,1862,40555
WASTACK004,validation,0.32,42518,2299,0.05129749871700471,3003,1116,1183,1887,40631
WASTACK004,validation,0.33,42622,2195,0.04897695071066783,3003,1086,1109,1917,40705
WASTACK004,validation,0.34,42706,2111,0.047102661936318804,3003,1055,1056,1948,40758
WASTACK004,validation,0.35,42779,2038,0.04547381573956311,3003,1027,1011,1976,40803
WASTACK004,validation,0.36,42868,1949,0.043487962157217126,3003,998,951,2005,40863
WASTACK004,validation,0.37,42949,1868,0.04168061226766629,3003,972,896,2031,40918
WASTACK004,validation,0.38,43026,1791,0.03996251422451302,3003,941,850,2062,40964
WASTACK004,validation,0.39,43089,1728,0.03855679764375126,3003,916,812,2087,41002
WASTACK004,validation,0.4,43163,1654,0.036905638485396165,3003,893,761,2110,41053
WASTACK004,validation,0.41,43231,1586,0.035388357096637436,3003,863,723,2140,41091
WASTACK004,validation,0.42,43314,1503,0.03353638128388781,3003,830,673,2173,41141
WASTACK004,validation,0.43,43371,1446,0.0322645424727224,3003,807,639,2196,41175
WASTACK004,validation,0.44,43435,1382,0.030836512930361246,3003,776,606,2227,41208
WASTACK004,validation,0.45,43507,1310,0.029229979695204945,3003,746,564,2257,41250
WASTACK004,validation,0.46,43574,1243,0.027735011268045607,3003,714,529,2289,41285
WASTACK004,validation,0.47,43633,1184,0.026418546533681416,3003,686,498,2317,41316
WASTACK004,validation,0.48,43700,1117,0.024923578106522078,3003,661,456,2342,41358
WASTACK004,validation,0.49,43759,1058,0.023607113372157887,3003,638,420,2365,41394
WASTACK004,validation,0.5,43822,995,0.02220139679139612,3003,611,384,2392,41430
WASTACK004,validation,0.51,43886,931,0.020773367249034964,3003,578,353,2425,41461
WASTACK004,validation,0.52,43942,875,0.01952384139946895,3003,547,328,2456,41486
WASTACK004,validation,0.53,43991,826,0.01843050628109869,3003,520,306,2483,41508
WASTACK004,validation,0.54,44045,772,0.017225606354731464,3003,490,282,2513,41532
WASTACK004,validation,0.55,44091,726,0.016199210121159383,3003,463,263,2540,41551
WASTACK004,validation,0.56,44146,671,0.014971997233192761,3003,434,237,2569,41577
WASTACK004,validation,0.57,44203,614,0.013700158422027356,3003,406,208,2597,41606
WASTACK004,validation,0.58,44252,565,0.012606823303657094,3003,380,185,2623,41629
WASTACK004,validation,0.59,44306,511,0.011401923377289867,3003,346,165,2657,41649
WASTACK004,validation,0.6,44344,473,0.01055403083651293,3003,321,152,2682,41662
WASTACK004,validation,0.61,44385,432,0.009639199410937814,3003,294,138,2709,41676
WASTACK004,validation,0.62,44425,392,0.00874668094696209,3003,269,123,2734,41691
WASTACK004,validation,0.63,44477,340,0.0075864069437936495,3003,238,102,2765,41712
WASTACK004,validation,0.64,44511,306,0.006827766249414285,3003,217,89,2786,41725
WASTACK004,validation,0.65,44550,267,0.005957560747037955,3003,191,76,2812,41738
WASTACK004,validation,0.66,44581,236,0.0052658589374567685,3003,170,66,2833,41748
WASTACK004,validation,0.67,44604,213,0.004752660820670727,3003,155,58,2848,41756
WASTACK004,validation,0.68,44620,197,0.004395653435080438,3003,143,54,2860,41760
WASTACK004,validation,0.69,44637,180,0.004016333087890756,3003,134,46,2869,41768
WASTACK004,validation,0.7,44664,153,0.0034138831247071426,3003,117,36,2886,41778
WASTACK004,validation,0.71,44676,141,0.0031461275855144254,3003,111,30,2892,41784
WASTACK004,validation,0.72,44690,127,0.0028337461231229223,3003,99,28,2904,41786
WASTACK004,validation,0.73,44710,107,0.0023874868911350606,3003,85,22,2918,41792
WASTACK004,validation,0.74,44727,90,0.002008166543945378,3003,72,18,2931,41796
WASTACK004,validation,0.75,44734,83,0.0018519758127496263,3003,66,17,2937,41797
WASTACK004,validation,0.76,44742,75,0.0016734721199544815,3003,62,13,2941,41801
WASTACK004,validation,0.77,44749,68,0.00151728138875873,3003,57,11,2946,41803
WASTACK004,validation,0.78,44764,53,0.0011825869647678336,3003,45,8,2958,41806
WASTACK004,validation,0.79,44769,48,0.0010710221567708682,3003,40,8,2963,41806
WASTACK004,validation,0.8,44774,43,0.0009594573487739028,3003,37,6,2966,41808
WASTACK004,validation,0.81,44779,38,0.0008478925407769373,3003,32,6,2971,41808
WASTACK004,validation,0.82,44785,32,0.0007140147711805788,3003,27,5,2976,41809
WASTACK004,validation,0.83,44795,22,0.000490885155186648,3003,18,4,2985,41810
WASTACK004,validation,0.84,44799,18,0.00040163330878907556,3003,15,3,2988,41811
WASTACK004,validation,0.85,44804,13,0.00029006850079211013,3003,11,2,2992,41812
WASTACK004,validation,0.86,44811,6,0.00013387776959635853,3003,5,1,2998,41813
WASTACK004,validation,0.87,44811,6,0.00013387776959635853,3003,5,1,2998,41813
WASTACK004,validation,0.88,44814,3,6.693888479817926e-05,3003,3,0,3000,41814
WASTACK004,validation,0.89,44815,2,4.4625923198786177e-05,3003,2,0,3001,41814
WASTACK004,validation,0.9,44816,1,2.2312961599393088e-05,3003,1,0,3002,41814
WASTACK004,validation,0.91,44816,1,2.2312961599393088e-05,3003,1,0,3002,41814
WASTACK004,validation,0.92,44816,1,2.2312961599393088e-05,3003,1,0,3002,41814
WASTACK004,validation,0.93,44817,0,0.0,3003,0,0,3003,41814
WASTACK004,validation,0.94,44817,0,0.0,3003,0,0,3003,41814
WASTACK004,validation,0.95,44817,0,0.0,3003,0,0,3003,41814
WASTACK004,validation,0.96,44817,0,0.0,3003,0,0,3003,41814
WASTACK004,validation,0.97,44817,0,0.0,3003,0,0,3003,41814
WASTACK004,validation,0.98,44817,0,0.0,3003,0,0,3003,41814
WASTACK004,validation,0.99,44817,0,0.0,3003,0,0,3003,41814
WGNB001,validation,0.01,32243,12574,0.28056317915076867,3003,2401,10173,602,31641
WGNB001,validation,0.02,34916,9901,0.22092063279559096,3003,2224,7677,779,34137
WGNB001,validation,0.03,36478,8339,0.18606778677733896,3003,2095,6244,908,35570
WGNB001,validation,0.04,37235,7582,0.16917687484659838,3003,2004,5578,999,36236
WGNB001,validation,0.05,37640,7177,0.1601401253988442,3003,1973,5204,1030,36610
WGNB001,validation,0.06,37965,6852,0.15288841287904142,3003,1947,4905,1056,36909
WGNB001,validation,0.07,38171,6646,0.14829194278956645,3003,1920,4726,1083,37088
WGNB001,validation,0.08,38339,6478,0.14454336524086842,3003,1910,4568,1093,37246
WGNB001,validation,0.09,38555,6262,0.1397237655353995,3003,1875,4387,1128,37427
WGNB001,validation,0.1,38694,6123,0.13662226387308388,3003,1855,4268,1148,37546
WGNB001,validation,0.11,38789,6028,0.13450253252114153,3003,1845,4183,1158,37631
WGNB001,validation,0.12,38903,5914,0.1319588548988107,3003,1827,4087,1176,37727
WGNB001,validation,0.13,39004,5813,0.12970524577727202,3003,1814,3999,1189,37815
WGNB001,validation,0.14,39068,5749,0.12827721623491087,3003,1808,3941,1195,37873
WGNB001,validation,0.15,39134,5683,0.12680456076935093,3003,1800,3883,1203,37931
WGNB001,validation,0.16,39212,5605,0.12506414976459826,3003,1788,3817,1215,37997
WGNB001,validation,0.17,39286,5531,0.12341299060624317,3003,1778,3753,1225,38061
WGNB001,validation,0.18,39353,5464,0.12191802217908383,3003,1772,3692,1231,38122
WGNB001,validation,0.19,39409,5408,0.12066849632951782,3003,1766,3642,1237,38172
WGNB001,validation,0.2,39506,5311,0.11850413905437669,3003,1746,3565,1257,38249
WGNB001,validation,0.21,39534,5283,0.11787937612959368,3003,1742,3541,1261,38273
WGNB001,validation,0.22,39577,5240,0.11691991878081978,3003,1736,3504,1267,38310
WGNB001,validation,0.23,39636,5181,0.11560345404645558,3003,1726,3455,1277,38359
WGNB001,validation,0.24,39678,5139,0.11466630965928108,3003,1713,3426,1290,38388
WGNB001,validation,0.25,39719,5098,0.11375147823370596,3003,1708,3390,1295,38424
WGNB001,validation,0.26,39733,5084,0.11343909677131446,3003,1706,3378,1297,38436
WGNB001,validation,0.27,39762,5055,0.11279202088493205,3003,1700,3355,1303,38459
WGNB001,validation,0.28,39787,5030,0.11223419684494723,3003,1695,3335,1308,38479
WGNB001,validation,0.29,39807,5010,0.11178793761295937,3003,1693,3317,1310,38497
WGNB001,validation,0.3,39830,4987,0.11127473949617332,3003,1691,3296,1312,38518
WGNB001,validation,0.31,39849,4968,0.11085079322578485,3003,1686,3282,1317,38532
WGNB001,validation,0.32,39866,4951,0.11047147287859517,3003,1682,3269,1321,38545
WGNB001,validation,0.33,39897,4920,0.10977977106901399,3003,1673,3247,1330,38567
WGNB001,validation,0.34,39918,4899,0.10931119887542673,3003,1669,3230,1334,38584
WGNB001,validation,0.35,39933,4884,0.10897650445143583,3003,1666,3218,1337,38596
WGNB001,validation,0.36,39946,4871,0.10868643595064373,3003,1666,3205,1337,38609
WGNB001,validation,0.37,39955,4862,0.1084856192962492,3003,1663,3199,1340,38615
WGNB001,validation,0.38,39969,4848,0.10817323783385768,3003,1658,3190,1345,38624
WGNB001,validation,0.39,39993,4824,0.10763772675547226,3003,1651,3173,1352,38641
WGNB001,validation,0.4,40003,4814,0.10741459713947832,3003,1650,3164,1353,38650
WGNB001,validation,0.41,40016,4801,0.10712452863868621,3003,1644,3157,1359,38657
WGNB001,validation,0.42,40027,4790,0.10687908606109289,3003,1644,3146,1359,38668
WGNB001,validation,0.43,40048,4769,0.10641051386750564,3003,1638,3131,1365,38683
WGNB001,validation,0.44,40064,4753,0.10605350648191535,3003,1633,3120,1370,38694
WGNB001,validation,0.45,40089,4728,0.10549568244193051,3003,1622,3106,1381,38708
WGNB001,validation,0.46,40104,4713,0.10516098801793962,3003,1621,3092,1382,38722
WGNB001,validation,0.47,40108,4709,0.10507173617154204,3003,1619,3090,1384,38724
WGNB001,validation,0.48,40116,4701,0.1048932324787469,3003,1619,3082,1384,38732
WGNB001,validation,0.49,40123,4694,0.10473704174755115,3003,1618,3076,1385,38738
WGNB001,validation,0.5,40146,4671,0.10422384363076512,3003,1608,3063,1395,38751
WGNB001,validation,0.51,40158,4659,0.10395608809157239,3003,1604,3055,1399,38759
WGNB001,validation,0.52,40165,4652,0.10379989736037665,3003,1603,3049,1400,38765
WGNB001,validation,0.53,40175,4642,0.10357676774438271,3003,1601,3041,1402,38773
WGNB001,validation,0.54,40185,4632,0.10335363812838878,3003,1600,3032,1403,38782
WGNB001,validation,0.55,40195,4622,0.10313050851239484,3003,1597,3025,1406,38789
WGNB001,validation,0.56,40205,4612,0.10290737889640092,3003,1594,3018,1409,38796
WGNB001,validation,0.57,40212,4605,0.10275118816520516,3003,1594,3011,1409,38803
WGNB001,validation,0.58,40221,4596,0.10255037151081063,3003,1592,3004,1411,38810
WGNB001,validation,0.59,40229,4588,0.10237186781801548,3003,1590,2998,1413,38816
WGNB001,validation,0.6,40242,4575,0.10208179931722337,3003,1587,2988,1416,38826
WGNB001,validation,0.61,40249,4568,0.10192560858602763,3003,1585,2983,1418,38831
WGNB001,validation,0.62,40264,4553,0.10159091416203672,3003,1581,2972,1422,38842
WGNB001,validation,0.63,40284,4533,0.10114465493004887,3003,1575,2958,1428,38856
WGNB001,validation,0.64,40295,4522,0.10089921235245554,3003,1570,2952,1433,38862
WGNB001,validation,0.65,40304,4513,0.10069839569806101,3003,1566,2947,1437,38867
WGNB001,validation,0.66,40315,4502,0.10045295312046768,3003,1562,2940,1441,38874
WGNB001,validation,0.67,40330,4487,0.10011825869647678,3003,1560,2927,1443,38887
WGNB001,validation,0.68,40347,4470,0.0997389383492871,3003,1556,2914,1447,38900
WGNB001,validation,0.69,40359,4458,0.09947118281009439,3003,1553,2905,1450,38909
WGNB001,validation,0.7,40370,4447,0.09922574023250107,3003,1551,2896,1452,38918
WGNB001,validation,0.71,40389,4428,0.0988017939621126,3003,1547,2881,1456,38933
WGNB001,validation,0.72,40399,4418,0.09857866434611866,3003,1544,2874,1459,38940
WGNB001,validation,0.73,40421,4396,0.098087779190932,3003,1540,2856,1463,38958
WGNB001,validation,0.74,40444,4373,0.09757458107414597,3003,1534,2839,1469,38975
WGNB001,validation,0.75,40454,4363,0.09735145145815204,3003,1532,2831,1471,38983
WGNB001,validation,0.76,40472,4345,0.09694981814936296,3003,1529,2816,1474,38998
WGNB001,validation,0.77,40490,4327,0.09654818484057388,3003,1527,2800,1476,39014
WGNB001,validation,0.78,40505,4312,0.09621349041658299,3003,1524,2788,1479,39026
WGNB001,validation,0.79,40513,4304,0.09603498672378785,3003,1522,2782,1481,39032
WGNB001,validation,0.8,40526,4291,0.09574491822299573,3003,1520,2771,1483,39043
WGNB001,validation,0.81,40544,4273,0.09534328491420667,3003,1513,2760,1490,39054
WGNB001,validation,0.82,40563,4254,0.0949193386438182,3003,1508,2746,1495,39068
WGNB001,validation,0.83,40584,4233,0.09445076645023094,3003,1501,2732,1502,39082
WGNB001,validation,0.84,40598,4219,0.09413838498783944,3003,1500,2719,1503,39095
WGNB001,validation,0.85,40614,4203,0.09378137760224915,3003,1496,2707,1507,39107
WGNB001,validation,0.86,40635,4182,0.0933128054086619,3003,1494,2688,1509,39126
WGNB001,validation,0.87,40649,4168,0.0930004239462704,3003,1489,2679,1514,39135
WGNB001,validation,0.88,40669,4148,0.09255416471428253,3003,1485,2663,1518,39151
WGNB001,validation,0.89,40691,4126,0.09206327955909588,3003,1477,2649,1526,39165
WGNB001,validation,0.9,40721,4096,0.09139389071111409,3003,1472,2624,1531,39190
WGNB001,validation,0.91,40748,4069,0.09079144074793047,3003,1464,2605,1539,39209
WGNB001,validation,0.92,40776,4041,0.09016667782314747,3003,1458,2583,1545,39231
WGNB001,validation,0.93,40814,4003,0.08931878528237053,3003,1449,2554,1554,39260
WGNB001,validation,0.94,40847,3970,0.08858245754959056,3003,1443,2527,1560,39287
WGNB001,validation,0.95,40888,3929,0.08766762612401544,3003,1432,2497,1571,39317
WGNB001,validation,0.96,40931,3886,0.08670816877524154,3003,1421,2465,1582,39349
WGNB001,validation,0.97,41004,3813,0.08507932257848584,3003,1408,2405,1595,39409
WGNB001,validation,0.98,41123,3694,0.08242408014815807,3003,1396,2298,1607,39516
WGNB001,validation,0.99,41332,3485,0.07776067117388491,3003,1366,2119,1637,39695
WGNB002,validation,0.01,32243,12574,0.28056317915076867,3003,2401,10173,602,31641
WGNB002,validation,0.02,34916,9901,0.22092063279559096,3003,2224,7677,779,34137
WGNB002,validation,0.03,36478,8339,0.18606778677733896,3003,2095,6244,908,35570
WGNB002,validation,0.04,37235,7582,0.16917687484659838,3003,2004,5578,999,36236
WGNB002,validation,0.05,37640,7177,0.1601401253988442,3003,1973,5204,1030,36610
WGNB002,validation,0.06,37965,6852,0.15288841287904142,3003,1947,4905,1056,36909
WGNB002,validation,0.07,38171,6646,0.14829194278956645,3003,1920,4726,1083,37088
WGNB002,validation,0.08,38339,6478,0.14454336524086842,3003,1910,4568,1093,37246
WGNB002,validation,0.09,38555,6262,0.1397237655353995,3003,1875,4387,1128,37427
WGNB002,validation,0.1,38694,6123,0.13662226387308388,3003,1855,4268,1148,37546
WGNB002,validation,0.11,38789,6028,0.13450253252114153,3003,1845,4183,1158,37631
WGNB002,validation,0.12,38903,5914,0.1319588548988107,3003,1827,4087,1176,37727
WGNB002,validation,0.13,39004,5813,0.12970524577727202,3003,1814,3999,1189,37815
WGNB002,validation,0.14,39068,5749,0.12827721623491087,3003,1808,3941,1195,37873
WGNB002,validation,0.15,39134,5683,0.12680456076935093,3003,1800,3883,1203,37931
WGNB002,validation,0.16,39212,5605,0.12506414976459826,3003,1788,3817,1215,37997
WGNB002,validation,0.17,39286,5531,0.12341299060624317,3003,1778,3753,1225,38061
WGNB002,validation,0.18,39353,5464,0.12191802217908383,3003,1772,3692,1231,38122
WGNB002,validation,0.19,39409,5408,0.12066849632951782,3003,1766,3642,1237,38172
WGNB002,validation,0.2,39506,5311,0.11850413905437669,3003,1746,3565,1257,38249
WGNB002,validation,0.21,39534,5283,0.11787937612959368,3003,1742,3541,1261,38273
WGNB002,validation,0.22,39577,5240,0.11691991878081978,3003,1736,3504,1267,38310
WGNB002,validation,0.23,39636,5181,0.11560345404645558,3003,1726,3455,1277,38359
WGNB002,validation,0.24,39678,5139,0.11466630965928108,3003,1713,3426,1290,38388
WGNB002,validation,0.25,39719,5098,0.11375147823370596,3003,1708,3390,1295,38424
WGNB002,validation,0.26,39733,5084,0.11343909677131446,3003,1706,3378,1297,38436
WGNB002,validation,0.27,39762,5055,0.11279202088493205,3003,1700,3355,1303,38459
WGNB002,validation,0.28,39787,5030,0.11223419684494723,3003,1695,3335,1308,38479
WGNB002,validation,0.29,39807,5010,0.11178793761295937,3003,1693,3317,1310,38497
WGNB002,validation,0.3,39830,4987,0.11127473949617332,3003,1691,3296,1312,38518
WGNB002,validation,0.31,39849,4968,0.11085079322578485,3003,1686,3282,1317,38532
WGNB002,validation,0.32,39866,4951,0.11047147287859517,3003,1682,3269,1321,38545
WGNB002,validation,0.33,39897,4920,0.10977977106901399,3003,1673,3247,1330,38567
WGNB002,validation,0.34,39918,4899,0.10931119887542673,3003,1669,3230,1334,38584
WGNB002,validation,0.35,39933,4884,0.10897650445143583,3003,1666,3218,1337,38596
WGNB002,validation,0.36,39946,4871,0.10868643595064373,3003,1666,3205,1337,38609
WGNB002,validation,0.37,39955,4862,0.1084856192962492,3003,1663,3199,1340,38615
WGNB002,validation,0.38,39969,4848,0.10817323783385768,3003,1658,3190,1345,38624
WGNB002,validation,0.39,39993,4824,0.10763772675547226,3003,1651,3173,1352,38641
WGNB002,validation,0.4,40003,4814,0.10741459713947832,3003,1650,3164,1353,38650
WGNB002,validation,0.41,40016,4801,0.10712452863868621,3003,1644,3157,1359,38657
WGNB002,validation,0.42,40027,4790,0.10687908606109289,3003,1644,3146,1359,38668
WGNB002,validation,0.43,40048,4769,0.10641051386750564,3003,1638,3131,1365,38683
WGNB002,validation,0.44,40064,4753,0.10605350648191535,3003,1633,3120,1370,38694
WGNB002,validation,0.45,40089,4728,0.10549568244193051,3003,1622,3106,1381,38708
WGNB002,validation,0.46,40104,4713,0.10516098801793962,3003,1621,3092,1382,38722
WGNB002,validation,0.47,40108,4709,0.10507173617154204,3003,1619,3090,1384,38724
WGNB002,validation,0.48,40116,4701,0.1048932324787469,3003,1619,3082,1384,38732
WGNB002,validation,0.49,40123,4694,0.10473704174755115,3003,1618,3076,1385,38738
WGNB002,validation,0.5,40146,4671,0.10422384363076512,3003,1608,3063,1395,38751
WGNB002,validation,0.51,40158,4659,0.10395608809157239,3003,1604,3055,1399,38759
WGNB002,validation,0.52,40165,4652,0.10379989736037665,3003,1603,3049,1400,38765
WGNB002,validation,0.53,40175,4642,0.10357676774438271,3003,1601,3041,1402,38773
WGNB002,validation,0.54,40185,4632,0.10335363812838878,3003,1600,3032,1403,38782
WGNB002,validation,0.55,40195,4622,0.10313050851239484,3003,1597,3025,1406,38789
WGNB002,validation,0.56,40205,4612,0.10290737889640092,3003,1594,3018,1409,38796
WGNB002,validation,0.57,40212,4605,0.10275118816520516,3003,1594,3011,1409,38803
WGNB002,validation,0.58,40221,4596,0.10255037151081063,3003,1592,3004,1411,38810
WGNB002,validation,0.59,40229,4588,0.10237186781801548,3003,1590,2998,1413,38816
WGNB002,validation,0.6,40242,4575,0.10208179931722337,3003,1587,2988,1416,38826
WGNB002,validation,0.61,40249,4568,0.10192560858602763,3003,1585,2983,1418,38831
WGNB002,validation,0.62,40264,4553,0.10159091416203672,3003,1581,2972,1422,38842
WGNB002,validation,0.63,40284,4533,0.10114465493004887,3003,1575,2958,1428,38856
WGNB002,validation,0.64,40295,4522,0.10089921235245554,3003,1570,2952,1433,38862
WGNB002,validation,0.65,40304,4513,0.10069839569806101,3003,1566,2947,1437,38867
WGNB002,validation,0.66,40315,4502,0.10045295312046768,3003,1562,2940,1441,38874
WGNB002,validation,0.67,40330,4487,0.10011825869647678,3003,1560,2927,1443,38887
WGNB002,validation,0.68,40347,4470,0.0997389383492871,3003,1556,2914,1447,38900
WGNB002,validation,0.69,40359,4458,0.09947118281009439,3003,1553,2905,1450,38909
WGNB002,validation,0.7,40370,4447,0.09922574023250107,3003,1551,2896,1452,38918
WGNB002,validation,0.71,40389,4428,0.0988017939621126,3003,1547,2881,1456,38933
WGNB002,validation,0.72,40399,4418,0.09857866434611866,3003,1544,2874,1459,38940
WGNB002,validation,0.73,40421,4396,0.098087779190932,3003,1540,2856,1463,38958
WGNB002,validation,0.74,40444,4373,0.09757458107414597,3003,1534,2839,1469,38975
WGNB002,validation,0.75,40454,4363,0.09735145145815204,3003,1532,2831,1471,38983
WGNB002,validation,0.76,40472,4345,0.09694981814936296,3003,1529,2816,1474,38998
WGNB002,validation,0.77,40490,4327,0.09654818484057388,3003,1527,2800,1476,39014
WGNB002,validation,0.78,40505,4312,0.09621349041658299,3003,1524,2788,1479,39026
WGNB002,validation,0.79,40513,4304,0.09603498672378785,3003,1522,2782,1481,39032
WGNB002,validation,0.8,40526,4291,0.09574491822299573,3003,1520,2771,1483,39043
WGNB002,validation,0.81,40544,4273,0.09534328491420667,3003,1513,2760,1490,39054
WGNB002,validation,0.82,40563,4254,0.0949193386438182,3003,1508,2746,1495,39068
WGNB002,validation,0.83,40584,4233,0.09445076645023094,3003,1501,2732,1502,39082
WGNB002,validation,0.84,40598,4219,0.09413838498783944,3003,1500,2719,1503,39095
WGNB002,validation,0.85,40614,4203,0.09378137760224915,3003,1496,2707,1507,39107
WGNB002,validation,0.86,40635,4182,0.0933128054086619,3003,1494,2688,1509,39126
WGNB002,validation,0.87,40649,4168,0.0930004239462704,3003,1489,2679,1514,39135
WGNB002,validation,0.88,40669,4148,0.09255416471428253,3003,1485,2663,1518,39151
WGNB002,validation,0.89,40691,4126,0.09206327955909588,3003,1477,2649,1526,39165
WGNB002,validation,0.9,40721,4096,0.09139389071111409,3003,1472,2624,1531,39190
WGNB002,validation,0.91,40748,4069,0.09079144074793047,3003,1464,2605,1539,39209
WGNB002,validation,0.92,40776,4041,0.09016667782314747,3003,1458,2583,1545,39231
WGNB002,validation,0.93,40814,4003,0.08931878528237053,3003,1449,2554,1554,39260
WGNB002,validation,0.94,40847,3970,0.08858245754959056,3003,1443,2527,1560,39287
WGNB002,validation,0.95,40888,3929,0.08766762612401544,3003,1432,2497,1571,39317
WGNB002,validation,0.96,40931,3886,0.08670816877524154,3003,1421,2465,1582,39349
WGNB002,validation,0.97,41004,3813,0.08507932257848584,3003,1408,2405,1595,39409
WGNB002,validation,0.98,41123,3694,0.08242408014815807,3003,1396,2298,1607,39516
WGNB002,validation,0.99,41332,3485,0.07776067117388491,3003,1366,2119,1637,39695
WGNB003,validation,0.01,32243,12574,0.28056317915076867,3003,2401,10173,602,31641
WGNB003,validation,0.02,34916,9901,0.22092063279559096,3003,2224,7677,779,34137
WGNB003,validation,0.03,36478,8339,0.18606778677733896,3003,2095,6244,908,35570
WGNB003,validation,0.04,37235,7582,0.16917687484659838,3003,2004,5578,999,36236
WGNB003,validation,0.05,37640,7177,0.1601401253988442,3003,1973,5204,1030,36610
WGNB003,validation,0.06,37965,6852,0.15288841287904142,3003,1947,4905,1056,36909
WGNB003,validation,0.07,38171,6646,0.14829194278956645,3003,1920,4726,1083,37088
WGNB003,validation,0.08,38339,6478,0.14454336524086842,3003,1910,4568,1093,37246
WGNB003,validation,0.09,38555,6262,0.1397237655353995,3003,1875,4387,1128,37427
WGNB003,validation,0.1,38694,6123,0.13662226387308388,3003,1855,4268,1148,37546
WGNB003,validation,0.11,38789,6028,0.13450253252114153,3003,1845,4183,1158,37631
WGNB003,validation,0.12,38903,5914,0.1319588548988107,3003,1827,4087,1176,37727
WGNB003,validation,0.13,39004,5813,0.12970524577727202,3003,1814,3999,1189,37815
WGNB003,validation,0.14,39068,5749,0.12827721623491087,3003,1808,3941,1195,37873
WGNB003,validation,0.15,39134,5683,0.12680456076935093,3003,1800,3883,1203,37931
WGNB003,validation,0.16,39212,5605,0.12506414976459826,3003,1788,3817,1215,37997
WGNB003,validation,0.17,39286,5531,0.12341299060624317,3003,1778,3753,1225,38061
WGNB003,validation,0.18,39353,5464,0.12191802217908383,3003,1772,3692,1231,38122
WGNB003,validation,0.19,39409,5408,0.12066849632951782,3003,1766,3642,1237,38172
WGNB003,validation,0.2,39506,5311,0.11850413905437669,3003,1746,3565,1257,38249
WGNB003,validation,0.21,39534,5283,0.11787937612959368,3003,1742,3541,1261,38273
WGNB003,validation,0.22,39577,5240,0.11691991878081978,3003,1736,3504,1267,38310
WGNB003,validation,0.23,39636,5181,0.11560345404645558,3003,1726,3455,1277,38359
WGNB003,validation,0.24,39678,5139,0.11466630965928108,3003,1713,3426,1290,38388
WGNB003,validation,0.25,39719,5098,0.11375147823370596,3003,1708,3390,1295,38424
WGNB003,validation,0.26,39733,5084,0.11343909677131446,3003,1706,3378,1297,38436
WGNB003,validation,0.27,39762,5055,0.11279202088493205,3003,1700,3355,1303,38459
WGNB003,validation,0.28,39787,5030,0.11223419684494723,3003,1695,3335,1308,38479
WGNB003,validation,0.29,39807,5010,0.11178793761295937,3003,1693,3317,1310,38497
WGNB003,validation,0.3,39830,4987,0.11127473949617332,3003,1691,3296,1312,38518
WGNB003,validation,0.31,39849,4968,0.11085079322578485,3003,1686,3282,1317,38532
WGNB003,validation,0.32,39866,4951,0.11047147287859517,3003,1682,3269,1321,38545
WGNB003,validation,0.33,39897,4920,0.10977977106901399,3003,1673,3247,1330,38567
WGNB003,validation,0.34,39918,4899,0.10931119887542673,3003,1669,3230,1334,38584
WGNB003,validation,0.35,39933,4884,0.10897650445143583,3003,1666,3218,1337,38596
WGNB003,validation,0.36,39946,4871,0.10868643595064373,3003,1666,3205,1337,38609
WGNB003,validation,0.37,39955,4862,0.1084856192962492,3003,1663,3199,1340,38615
WGNB003,validation,0.38,39969,4848,0.10817323783385768,3003,1658,3190,1345,38624
WGNB003,validation,0.39,39993,4824,0.10763772675547226,3003,1651,3173,1352,38641
WGNB003,validation,0.4,40003,4814,0.10741459713947832,3003,1650,3164,1353,38650
WGNB003,validation,0.41,40016,4801,0.10712452863868621,3003,1644,3157,1359,38657
WGNB003,validation,0.42,40027,4790,0.10687908606109289,3003,1644,3146,1359,38668
WGNB003,validation,0.43,40048,4769,0.10641051386750564,3003,1638,3131,1365,38683
WGNB003,validation,0.44,40064,4753,0.10605350648191535,3003,1633,3120,1370,38694
WGNB003,validation,0.45,40089,4728,0.10549568244193051,3003,1622,3106,1381,38708
WGNB003,validation,0.46,40104,4713,0.10516098801793962,3003,1621,3092,1382,38722
WGNB003,validation,0.47,40108,4709,0.10507173617154204,3003,1619,3090,1384,38724
WGNB003,validation,0.48,40116,4701,0.1048932324787469,3003,1619,3082,1384,38732
WGNB003,validation,0.49,40123,4694,0.10473704174755115,3003,1618,3076,1385,38738
WGNB003,validation,0.5,40146,4671,0.10422384363076512,3003,1608,3063,1395,38751
WGNB003,validation,0.51,40158,4659,0.10395608809157239,3003,1604,3055,1399,38759
WGNB003,validation,0.52,40165,4652,0.10379989736037665,3003,1603,3049,1400,38765
WGNB003,validation,0.53,40175,4642,0.10357676774438271,3003,1601,3041,1402,38773
WGNB003,validation,0.54,40185,4632,0.10335363812838878,3003,1600,3032,1403,38782
WGNB003,validation,0.55,40195,4622,0.10313050851239484,3003,1597,3025,1406,38789
WGNB003,validation,0.56,40205,4612,0.10290737889640092,3003,1594,3018,1409,38796
WGNB003,validation,0.57,40212,4605,0.10275118816520516,3003,1594,3011,1409,38803
WGNB003,validation,0.58,40221,4596,0.10255037151081063,3003,1592,3004,1411,38810
WGNB003,validation,0.59,40229,4588,0.10237186781801548,3003,1590,2998,1413,38816
WGNB003,validation,0.6,40242,4575,0.10208179931722337,3003,1587,2988,1416,38826
WGNB003,validation,0.61,40249,4568,0.10192560858602763,3003,1585,2983,1418,38831
WGNB003,validation,0.62,40264,4553,0.10159091416203672,3003,1581,2972,1422,38842
WGNB003,validation,0.63,40284,4533,0.10114465493004887,3003,1575,2958,1428,38856
WGNB003,validation,0.64,40295,4522,0.10089921235245554,3003,1570,2952,1433,38862
WGNB003,validation,0.65,40304,4513,0.10069839569806101,3003,1566,2947,1437,38867
WGNB003,validation,0.66,40315,4502,0.10045295312046768,3003,1562,2940,1441,38874
WGNB003,validation,0.67,40330,4487,0.10011825869647678,3003,1560,2927,1443,38887
WGNB003,validation,0.68,40347,4470,0.0997389383492871,3003,1556,2914,1447,38900
WGNB003,validation,0.69,40359,4458,0.09947118281009439,3003,1553,2905,1450,38909
WGNB003,validation,0.7,40370,4447,0.09922574023250107,3003,1551,2896,1452,38918
WGNB003,validation,0.71,40389,4428,0.0988017939621126,3003,1547,2881,1456,38933
WGNB003,validation,0.72,40399,4418,0.09857866434611866,3003,1544,2874,1459,38940
WGNB003,validation,0.73,40421,4396,0.098087779190932,3003,1540,2856,1463,38958
WGNB003,validation,0.74,40444,4373,0.09757458107414597,3003,1534,2839,1469,38975
WGNB003,validation,0.75,40454,4363,0.09735145145815204,3003,1532,2831,1471,38983
WGNB003,validation,0.76,40472,4345,0.09694981814936296,3003,1529,2816,1474,38998
WGNB003,validation,0.77,40490,4327,0.09654818484057388,3003,1527,2800,1476,39014
WGNB003,validation,0.78,40505,4312,0.09621349041658299,3003,1524,2788,1479,39026
WGNB003,validation,0.79,40513,4304,0.09603498672378785,3003,1522,2782,1481,39032
WGNB003,validation,0.8,40526,4291,0.09574491822299573,3003,1520,2771,1483,39043
WGNB003,validation,0.81,40544,4273,0.09534328491420667,3003,1513,2760,1490,39054
WGNB003,validation,0.82,40563,4254,0.0949193386438182,3003,1508,2746,1495,39068
WGNB003,validation,0.83,40584,4233,0.09445076645023094,3003,1501,2732,1502,39082
WGNB003,validation,0.84,40598,4219,0.09413838498783944,3003,1500,2719,1503,39095
WGNB003,validation,0.85,40614,4203,0.09378137760224915,3003,1496,2707,1507,39107
WGNB003,validation,0.86,40635,4182,0.0933128054086619,3003,1494,2688,1509,39126
WGNB003,validation,0.87,40649,4168,0.0930004239462704,3003,1489,2679,1514,39135
WGNB003,validation,0.88,40669,4148,0.09255416471428253,3003,1485,2663,1518,39151
WGNB003,validation,0.89,40691,4126,0.09206327955909588,3003,1477,2649,1526,39165
WGNB003,validation,0.9,40721,4096,0.09139389071111409,3003,1472,2624,1531,39190
WGNB003,validation,0.91,40748,4069,0.09079144074793047,3003,1464,2605,1539,39209
WGNB003,validation,0.92,40776,4041,0.09016667782314747,3003,1458,2583,1545,39231
WGNB003,validation,0.93,40814,4003,0.08931878528237053,3003,1449,2554,1554,39260
WGNB003,validation,0.94,40847,3970,0.08858245754959056,3003,1443,2527,1560,39287
WGNB003,validation,0.95,40888,3929,0.08766762612401544,3003,1432,2497,1571,39317
WGNB003,validation,0.96,40931,3886,0.08670816877524154,3003,1421,2465,1582,39349
WGNB003,validation,0.97,41004,3813,0.08507932257848584,3003,1408,2405,1595,39409
WGNB003,validation,0.98,41123,3694,0.08242408014815807,3003,1396,2298,1607,39516
WGNB003,validation,0.99,41332,3485,0.07776067117388491,3003,1366,2119,1637,39695
WGNB004,validation,0.01,32243,12574,0.28056317915076867,3003,2401,10173,602,31641
WGNB004,validation,0.02,34916,9901,0.22092063279559096,3003,2224,7677,779,34137
WGNB004,validation,0.03,36478,8339,0.18606778677733896,3003,2095,6244,908,35570
WGNB004,validation,0.04,37235,7582,0.16917687484659838,3003,2004,5578,999,36236
WGNB004,validation,0.05,37640,7177,0.1601401253988442,3003,1973,5204,1030,36610
WGNB004,validation,0.06,37965,6852,0.15288841287904142,3003,1947,4905,1056,36909
WGNB004,validation,0.07,38171,6646,0.14829194278956645,3003,1920,4726,1083,37088
WGNB004,validation,0.08,38339,6478,0.14454336524086842,3003,1910,4568,1093,37246
WGNB004,validation,0.09,38555,6262,0.1397237655353995,3003,1875,4387,1128,37427
WGNB004,validation,0.1,38694,6123,0.13662226387308388,3003,1855,4268,1148,37546
WGNB004,validation,0.11,38789,6028,0.13450253252114153,3003,1845,4183,1158,37631
WGNB004,validation,0.12,38903,5914,0.1319588548988107,3003,1827,4087,1176,37727
WGNB004,validation,0.13,39004,5813,0.12970524577727202,3003,1814,3999,1189,37815
WGNB004,validation,0.14,39068,5749,0.12827721623491087,3003,1808,3941,1195,37873
WGNB004,validation,0.15,39134,5683,0.12680456076935093,3003,1800,3883,1203,37931
WGNB004,validation,0.16,39212,5605,0.12506414976459826,3003,1788,3817,1215,37997
WGNB004,validation,0.17,39286,5531,0.12341299060624317,3003,1778,3753,1225,38061
WGNB004,validation,0.18,39353,5464,0.12191802217908383,3003,1772,3692,1231,38122
WGNB004,validation,0.19,39409,5408,0.12066849632951782,3003,1766,3642,1237,38172
WGNB004,validation,0.2,39506,5311,0.11850413905437669,3003,1746,3565,1257,38249
WGNB004,validation,0.21,39534,5283,0.11787937612959368,3003,1742,3541,1261,38273
WGNB004,validation,0.22,39577,5240,0.11691991878081978,3003,1736,3504,1267,38310
WGNB004,validation,0.23,39636,5181,0.11560345404645558,3003,1726,3455,1277,38359
WGNB004,validation,0.24,39678,5139,0.11466630965928108,3003,1713,3426,1290,38388
WGNB004,validation,0.25,39719,5098,0.11375147823370596,3003,1708,3390,1295,38424
WGNB004,validation,0.26,39733,5084,0.11343909677131446,3003,1706,3378,1297,38436
WGNB004,validation,0.27,39762,5055,0.11279202088493205,3003,1700,3355,1303,38459
WGNB004,validation,0.28,39787,5030,0.11223419684494723,3003,1695,3335,1308,38479
WGNB004,validation,0.29,39807,5010,0.11178793761295937,3003,1693,3317,1310,38497
WGNB004,validation,0.3,39830,4987,0.11127473949617332,3003,1691,3296,1312,38518
WGNB004,validation,0.31,39849,4968,0.11085079322578485,3003,1686,3282,1317,38532
WGNB004,validation,0.32,39866,4951,0.11047147287859517,3003,1682,3269,1321,38545
WGNB004,validation,0.33,39897,4920,0.10977977106901399,3003,1673,3247,1330,38567
WGNB004,validation,0.34,39918,4899,0.10931119887542673,3003,1669,3230,1334,38584
WGNB004,validation,0.35,39933,4884,0.10897650445143583,3003,1666,3218,1337,38596
WGNB004,validation,0.36,39946,4871,0.10868643595064373,3003,1666,3205,1337,38609
WGNB004,validation,0.37,39955,4862,0.1084856192962492,3003,1663,3199,1340,38615
WGNB004,validation,0.38,39969,4848,0.10817323783385768,3003,1658,3190,1345,38624
WGNB004,validation,0.39,39993,4824,0.10763772675547226,3003,1651,3173,1352,38641
WGNB004,validation,0.4,40003,4814,0.10741459713947832,3003,1650,3164,1353,38650
WGNB004,validation,0.41,40016,4801,0.10712452863868621,3003,1644,3157,1359,38657
WGNB004,validation,0.42,40027,4790,0.10687908606109289,3003,1644,3146,1359,38668
WGNB004,validation,0.43,40048,4769,0.10641051386750564,3003,1638,3131,1365,38683
WGNB004,validation,0.44,40064,4753,0.10605350648191535,3003,1633,3120,1370,38694
WGNB004,validation,0.45,40089,4728,0.10549568244193051,3003,1622,3106,1381,38708
WGNB004,validation,0.46,40104,4713,0.10516098801793962,3003,1621,3092,1382,38722
WGNB004,validation,0.47,40108,4709,0.10507173617154204,3003,1619,3090,1384,38724
WGNB004,validation,0.48,40116,4701,0.1048932324787469,3003,1619,3082,1384,38732
WGNB004,validation,0.49,40123,4694,0.10473704174755115,3003,1618,3076,1385,38738
WGNB004,validation,0.5,40146,4671,0.10422384363076512,3003,1608,3063,1395,38751
WGNB004,validation,0.51,40158,4659,0.10395608809157239,3003,1604,3055,1399,38759
WGNB004,validation,0.52,40165,4652,0.10379989736037665,3003,1603,3049,1400,38765
WGNB004,validation,0.53,40175,4642,0.10357676774438271,3003,1601,3041,1402,38773
WGNB004,validation,0.54,40185,4632,0.10335363812838878,3003,1600,3032,1403,38782
WGNB004,validation,0.55,40195,4622,0.10313050851239484,3003,1597,3025,1406,38789
WGNB004,validation,0.56,40205,4612,0.10290737889640092,3003,1594,3018,1409,38796
WGNB004,validation,0.57,40212,4605,0.10275118816520516,3003,1594,3011,1409,38803
WGNB004,validation,0.58,40221,4596,0.10255037151081063,3003,1592,3004,1411,38810
WGNB004,validation,0.59,40229,4588,0.10237186781801548,3003,1590,2998,1413,38816
WGNB004,validation,0.6,40242,4575,0.10208179931722337,3003,1587,2988,1416,38826
WGNB004,validation,0.61,40249,4568,0.10192560858602763,3003,1585,2983,1418,38831
WGNB004,validation,0.62,40264,4553,0.10159091416203672,3003,1581,2972,1422,38842
WGNB004,validation,0.63,40284,4533,0.10114465493004887,3003,1575,2958,1428,38856
WGNB004,validation,0.64,40295,4522,0.10089921235245554,3003,1570,2952,1433,38862
WGNB004,validation,0.65,40304,4513,0.10069839569806101,3003,1566,2947,1437,38867
WGNB004,validation,0.66,40315,4502,0.10045295312046768,3003,1562,2940,1441,38874
WGNB004,validation,0.67,40330,4487,0.10011825869647678,3003,1560,2927,1443,38887
WGNB004,validation,0.68,40347,4470,0.0997389383492871,3003,1556,2914,1447,38900
WGNB004,validation,0.69,40359,4458,0.09947118281009439,3003,1553,2905,1450,38909
WGNB004,validation,0.7,40370,4447,0.09922574023250107,3003,1551,2896,1452,38918
WGNB004,validation,0.71,40389,4428,0.0988017939621126,3003,1547,2881,1456,38933
WGNB004,validation,0.72,40399,4418,0.09857866434611866,3003,1544,2874,1459,38940
WGNB004,validation,0.73,40421,4396,0.098087779190932,3003,1540,2856,1463,38958
WGNB004,validation,0.74,40444,4373,0.09757458107414597,3003,1534,2839,1469,38975
WGNB004,validation,0.75,40454,4363,0.09735145145815204,3003,1532,2831,1471,38983
WGNB004,validation,0.76,40472,4345,0.09694981814936296,3003,1529,2816,1474,38998
WGNB004,validation,0.77,40490,4327,0.09654818484057388,3003,1527,2800,1476,39014
WGNB004,validation,0.78,40505,4312,0.09621349041658299,3003,1524,2788,1479,39026
WGNB004,validation,0.79,40513,4304,0.09603498672378785,3003,1522,2782,1481,39032
WGNB004,validation,0.8,40526,4291,0.09574491822299573,3003,1520,2771,1483,39043
WGNB004,validation,0.81,40544,4273,0.09534328491420667,3003,1513,2760,1490,39054
WGNB004,validation,0.82,40563,4254,0.0949193386438182,3003,1508,2746,1495,39068
WGNB004,validation,0.83,40584,4233,0.09445076645023094,3003,1501,2732,1502,39082
WGNB004,validation,0.84,40598,4219,0.09413838498783944,3003,1500,2719,1503,39095
WGNB004,validation,0.85,40614,4203,0.09378137760224915,3003,1496,2707,1507,39107
WGNB004,validation,0.86,40635,4182,0.0933128054086619,3003,1494,2688,1509,39126
WGNB004,validation,0.87,40649,4168,0.0930004239462704,3003,1489,2679,1514,39135
WGNB004,validation,0.88,40669,4148,0.09255416471428253,3003,1485,2663,1518,39151
WGNB004,validation,0.89,40691,4126,0.09206327955909588,3003,1477,2649,1526,39165
WGNB004,validation,0.9,40721,4096,0.09139389071111409,3003,1472,2624,1531,39190
WGNB004,validation,0.91,40748,4069,0.09079144074793047,3003,1464,2605,1539,39209
WGNB004,validation,0.92,40776,4041,0.09016667782314747,3003,1458,2583,1545,39231
WGNB004,validation,0.93,40814,4003,0.08931878528237053,3003,1449,2554,1554,39260
WGNB004,validation,0.94,40847,3970,0.08858245754959056,3003,1443,2527,1560,39287
WGNB004,validation,0.95,40888,3929,0.08766762612401544,3003,1432,2497,1571,39317
WGNB004,validation,0.96,40931,3886,0.08670816877524154,3003,1421,2465,1582,39349
WGNB004,validation,0.97,41004,3813,0.08507932257848584,3003,1408,2405,1595,39409
WGNB004,validation,0.98,41123,3694,0.08242408014815807,3003,1396,2298,1607,39516
WGNB004,validation,0.99,41332,3485,0.07776067117388491,3003,1366,2119,1637,39695
WGNB005,validation,0.01,32243,12574,0.28056317915076867,3003,2401,10173,602,31641
WGNB005,validation,0.02,34916,9901,0.22092063279559096,3003,2224,7677,779,34137
WGNB005,validation,0.03,36478,8339,0.18606778677733896,3003,2095,6244,908,35570
WGNB005,validation,0.04,37235,7582,0.16917687484659838,3003,2004,5578,999,36236
WGNB005,validation,0.05,37640,7177,0.1601401253988442,3003,1973,5204,1030,36610
WGNB005,validation,0.06,37965,6852,0.15288841287904142,3003,1947,4905,1056,36909
WGNB005,validation,0.07,38171,6646,0.14829194278956645,3003,1920,4726,1083,37088
WGNB005,validation,0.08,38339,6478,0.14454336524086842,3003,1910,4568,1093,37246
WGNB005,validation,0.09,38555,6262,0.1397237655353995,3003,1875,4387,1128,37427
WGNB005,validation,0.1,38694,6123,0.13662226387308388,3003,1855,4268,1148,37546
WGNB005,validation,0.11,38789,6028,0.13450253252114153,3003,1845,4183,1158,37631
WGNB005,validation,0.12,38903,5914,0.1319588548988107,3003,1827,4087,1176,37727
WGNB005,validation,0.13,39004,5813,0.12970524577727202,3003,1814,3999,1189,37815
WGNB005,validation,0.14,39068,5749,0.12827721623491087,3003,1808,3941,1195,37873
WGNB005,validation,0.15,39134,5683,0.12680456076935093,3003,1800,3883,1203,37931
WGNB005,validation,0.16,39212,5605,0.12506414976459826,3003,1788,3817,1215,37997
WGNB005,validation,0.17,39286,5531,0.12341299060624317,3003,1778,3753,1225,38061
WGNB005,validation,0.18,39353,5464,0.12191802217908383,3003,1772,3692,1231,38122
WGNB005,validation,0.19,39409,5408,0.12066849632951782,3003,1766,3642,1237,38172
WGNB005,validation,0.2,39506,5311,0.11850413905437669,3003,1746,3565,1257,38249
WGNB005,validation,0.21,39534,5283,0.11787937612959368,3003,1742,3541,1261,38273
WGNB005,validation,0.22,39577,5240,0.11691991878081978,3003,1736,3504,1267,38310
WGNB005,validation,0.23,39636,5181,0.11560345404645558,3003,1726,3455,1277,38359
WGNB005,validation,0.24,39678,5139,0.11466630965928108,3003,1713,3426,1290,38388
WGNB005,validation,0.25,39719,5098,0.11375147823370596,3003,1708,3390,1295,38424
WGNB005,validation,0.26,39733,5084,0.11343909677131446,3003,1706,3378,1297,38436
WGNB005,validation,0.27,39762,5055,0.11279202088493205,3003,1700,3355,1303,38459
WGNB005,validation,0.28,39787,5030,0.11223419684494723,3003,1695,3335,1308,38479
WGNB005,validation,0.29,39807,5010,0.11178793761295937,3003,1693,3317,1310,38497
WGNB005,validation,0.3,39830,4987,0.11127473949617332,3003,1691,3296,1312,38518
WGNB005,validation,0.31,39849,4968,0.11085079322578485,3003,1686,3282,1317,38532
WGNB005,validation,0.32,39866,4951,0.11047147287859517,3003,1682,3269,1321,38545
WGNB005,validation,0.33,39897,4920,0.10977977106901399,3003,1673,3247,1330,38567
WGNB005,validation,0.34,39918,4899,0.10931119887542673,3003,1669,3230,1334,38584
WGNB005,validation,0.35,39933,4884,0.10897650445143583,3003,1666,3218,1337,38596
WGNB005,validation,0.36,39946,4871,0.10868643595064373,3003,1666,3205,1337,38609
WGNB005,validation,0.37,39955,4862,0.1084856192962492,3003,1663,3199,1340,38615
WGNB005,validation,0.38,39969,4848,0.10817323783385768,3003,1658,3190,1345,38624
WGNB005,validation,0.39,39993,4824,0.10763772675547226,3003,1651,3173,1352,38641
WGNB005,validation,0.4,40003,4814,0.10741459713947832,3003,1650,3164,1353,38650
WGNB005,validation,0.41,40016,4801,0.10712452863868621,3003,1644,3157,1359,38657
WGNB005,validation,0.42,40027,4790,0.10687908606109289,3003,1644,3146,1359,38668
WGNB005,validation,0.43,40048,4769,0.10641051386750564,3003,1638,3131,1365,38683
WGNB005,validation,0.44,40064,4753,0.10605350648191535,3003,1633,3120,1370,38694
WGNB005,validation,0.45,40089,4728,0.10549568244193051,3003,1622,3106,1381,38708
WGNB005,validation,0.46,40104,4713,0.10516098801793962,3003,1621,3092,1382,38722
WGNB005,validation,0.47,40108,4709,0.10507173617154204,3003,1619,3090,1384,38724
WGNB005,validation,0.48,40116,4701,0.1048932324787469,3003,1619,3082,1384,38732
WGNB005,validation,0.49,40123,4694,0.10473704174755115,3003,1618,3076,1385,38738
WGNB005,validation,0.5,40146,4671,0.10422384363076512,3003,1608,3063,1395,38751
WGNB005,validation,0.51,40158,4659,0.10395608809157239,3003,1604,3055,1399,38759
WGNB005,validation,0.52,40165,4652,0.10379989736037665,3003,1603,3049,1400,38765
WGNB005,validation,0.53,40175,4642,0.10357676774438271,3003,1601,3041,1402,38773
WGNB005,validation,0.54,40185,4632,0.10335363812838878,3003,1600,3032,1403,38782
WGNB005,validation,0.55,40195,4622,0.10313050851239484,3003,1597,3025,1406,38789
WGNB005,validation,0.56,40205,4612,0.10290737889640092,3003,1594,3018,1409,38796
WGNB005,validation,0.57,40212,4605,0.10275118816520516,3003,1594,3011,1409,38803
WGNB005,validation,0.58,40221,4596,0.10255037151081063,3003,1592,3004,1411,38810
WGNB005,validation,0.59,40229,4588,0.10237186781801548,3003,1590,2998,1413,38816
WGNB005,validation,0.6,40242,4575,0.10208179931722337,3003,1587,2988,1416,38826
WGNB005,validation,0.61,40249,4568,0.10192560858602763,3003,1585,2983,1418,38831
WGNB005,validation,0.62,40264,4553,0.10159091416203672,3003,1581,2972,1422,38842
WGNB005,validation,0.63,40284,4533,0.10114465493004887,3003,1575,2958,1428,38856
WGNB005,validation,0.64,40295,4522,0.10089921235245554,3003,1570,2952,1433,38862
WGNB005,validation,0.65,40304,4513,0.10069839569806101,3003,1566,2947,1437,38867
WGNB005,validation,0.66,40315,4502,0.10045295312046768,3003,1562,2940,1441,38874
WGNB005,validation,0.67,40330,4487,0.10011825869647678,3003,1560,2927,1443,38887
WGNB005,validation,0.68,40347,4470,0.0997389383492871,3003,1556,2914,1447,38900
WGNB005,validation,0.69,40359,4458,0.09947118281009439,3003,1553,2905,1450,38909
WGNB005,validation,0.7,40370,4447,0.09922574023250107,3003,1551,2896,1452,38918
WGNB005,validation,0.71,40389,4428,0.0988017939621126,3003,1547,2881,1456,38933
WGNB005,validation,0.72,40399,4418,0.09857866434611866,3003,1544,2874,1459,38940
WGNB005,validation,0.73,40421,4396,0.098087779190932,3003,1540,2856,1463,38958
WGNB005,validation,0.74,40444,4373,0.09757458107414597,3003,1534,2839,1469,38975
WGNB005,validation,0.75,40454,4363,0.09735145145815204,3003,1532,2831,1471,38983
WGNB005,validation,0.76,40472,4345,0.09694981814936296,3003,1529,2816,1474,38998
WGNB005,validation,0.77,40490,4327,0.09654818484057388,3003,1527,2800,1476,39014
WGNB005,validation,0.78,40505,4312,0.09621349041658299,3003,1524,2788,1479,39026
WGNB005,validation,0.79,40513,4304,0.09603498672378785,3003,1522,2782,1481,39032
WGNB005,validation,0.8,40526,4291,0.09574491822299573,3003,1520,2771,1483,39043
WGNB005,validation,0.81,40544,4273,0.09534328491420667,3003,1513,2760,1490,39054
WGNB005,validation,0.82,40563,4254,0.0949193386438182,3003,1508,2746,1495,39068
WGNB005,validation,0.83,40584,4233,0.09445076645023094,3003,1501,2732,1502,39082
WGNB005,validation,0.84,40598,4219,0.09413838498783944,3003,1500,2719,1503,39095
WGNB005,validation,0.85,40614,4203,0.09378137760224915,3003,1496,2707,1507,39107
WGNB005,validation,0.86,40635,4182,0.0933128054086619,3003,1494,2688,1509,39126
WGNB005,validation,0.87,40649,4168,0.0930004239462704,3003,1489,2679,1514,39135
WGNB005,validation,0.88,40669,4148,0.09255416471428253,3003,1485,2663,1518,39151
WGNB005,validation,0.89,40691,4126,0.09206327955909588,3003,1477,2649,1526,39165
WGNB005,validation,0.9,40721,4096,0.09139389071111409,3003,1472,2624,1531,39190
WGNB005,validation,0.91,40748,4069,0.09079144074793047,3003,1464,2605,1539,39209
WGNB005,validation,0.92,40776,4041,0.09016667782314747,3003,1458,2583,1545,39231
WGNB005,validation,0.93,40814,4003,0.08931878528237053,3003,1449,2554,1554,39260
WGNB005,validation,0.94,40847,3970,0.08858245754959056,3003,1443,2527,1560,39287
WGNB005,validation,0.95,40888,3929,0.08766762612401544,3003,1432,2497,1571,39317
WGNB005,validation,0.96,40931,3886,0.08670816877524154,3003,1421,2465,1582,39349
WGNB005,validation,0.97,41004,3813,0.08507932257848584,3003,1408,2405,1595,39409
WGNB005,validation,0.98,41123,3694,0.08242408014815807,3003,1396,2298,1607,39516
WGNB005,validation,0.99,41332,3485,0.07776067117388491,3003,1366,2119,1637,39695
WGNB006,validation,0.01,32243,12574,0.28056317915076867,3003,2401,10173,602,31641
WGNB006,validation,0.02,34916,9901,0.22092063279559096,3003,2224,7677,779,34137
WGNB006,validation,0.03,36478,8339,0.18606778677733896,3003,2095,6244,908,35570
WGNB006,validation,0.04,37235,7582,0.16917687484659838,3003,2004,5578,999,36236
WGNB006,validation,0.05,37640,7177,0.1601401253988442,3003,1973,5204,1030,36610
WGNB006,validation,0.06,37965,6852,0.15288841287904142,3003,1947,4905,1056,36909
WGNB006,validation,0.07,38171,6646,0.14829194278956645,3003,1920,4726,1083,37088
WGNB006,validation,0.08,38339,6478,0.14454336524086842,3003,1910,4568,1093,37246
WGNB006,validation,0.09,38555,6262,0.1397237655353995,3003,1875,4387,1128,37427
WGNB006,validation,0.1,38694,6123,0.13662226387308388,3003,1855,4268,1148,37546
WGNB006,validation,0.11,38789,6028,0.13450253252114153,3003,1845,4183,1158,37631
WGNB006,validation,0.12,38903,5914,0.1319588548988107,3003,1827,4087,1176,37727
WGNB006,validation,0.13,39004,5813,0.12970524577727202,3003,1814,3999,1189,37815
WGNB006,validation,0.14,39068,5749,0.12827721623491087,3003,1808,3941,1195,37873
WGNB006,validation,0.15,39134,5683,0.12680456076935093,3003,1800,3883,1203,37931
WGNB006,validation,0.16,39212,5605,0.12506414976459826,3003,1788,3817,1215,37997
WGNB006,validation,0.17,39286,5531,0.12341299060624317,3003,1778,3753,1225,38061
WGNB006,validation,0.18,39353,5464,0.12191802217908383,3003,1772,3692,1231,38122
WGNB006,validation,0.19,39409,5408,0.12066849632951782,3003,1766,3642,1237,38172
WGNB006,validation,0.2,39506,5311,0.11850413905437669,3003,1746,3565,1257,38249
WGNB006,validation,0.21,39534,5283,0.11787937612959368,3003,1742,3541,1261,38273
WGNB006,validation,0.22,39577,5240,0.11691991878081978,3003,1736,3504,1267,38310
WGNB006,validation,0.23,39636,5181,0.11560345404645558,3003,1726,3455,1277,38359
WGNB006,validation,0.24,39678,5139,0.11466630965928108,3003,1713,3426,1290,38388
WGNB006,validation,0.25,39719,5098,0.11375147823370596,3003,1708,3390,1295,38424
WGNB006,validation,0.26,39733,5084,0.11343909677131446,3003,1706,3378,1297,38436
WGNB006,validation,0.27,39762,5055,0.11279202088493205,3003,1700,3355,1303,38459
WGNB006,validation,0.28,39787,5030,0.11223419684494723,3003,1695,3335,1308,38479
WGNB006,validation,0.29,39807,5010,0.11178793761295937,3003,1693,3317,1310,38497
WGNB006,validation,0.3,39830,4987,0.11127473949617332,3003,1691,3296,1312,38518
WGNB006,validation,0.31,39849,4968,0.11085079322578485,3003,1686,3282,1317,38532
WGNB006,validation,0.32,39866,4951,0.11047147287859517,3003,1682,3269,1321,38545
WGNB006,validation,0.33,39897,4920,0.10977977106901399,3003,1673,3247,1330,38567
WGNB006,validation,0.34,39918,4899,0.10931119887542673,3003,1669,3230,1334,38584
WGNB006,validation,0.35,39933,4884,0.10897650445143583,3003,1666,3218,1337,38596
WGNB006,validation,0.36,39946,4871,0.10868643595064373,3003,1666,3205,1337,38609
WGNB006,validation,0.37,39955,4862,0.1084856192962492,3003,1663,3199,1340,38615
WGNB006,validation,0.38,39969,4848,0.10817323783385768,3003,1658,3190,1345,38624
WGNB006,validation,0.39,39993,4824,0.10763772675547226,3003,1651,3173,1352,38641
WGNB006,validation,0.4,40003,4814,0.10741459713947832,3003,1650,3164,1353,38650
WGNB006,validation,0.41,40016,4801,0.10712452863868621,3003,1644,3157,1359,38657
WGNB006,validation,0.42,40027,4790,0.10687908606109289,3003,1644,3146,1359,38668
WGNB006,validation,0.43,40048,4769,0.10641051386750564,3003,1638,3131,1365,38683
WGNB006,validation,0.44,40064,4753,0.10605350648191535,3003,1633,3120,1370,38694
WGNB006,validation,0.45,40089,4728,0.10549568244193051,3003,1622,3106,1381,38708
WGNB006,validation,0.46,40104,4713,0.10516098801793962,3003,1621,3092,1382,38722
WGNB006,validation,0.47,40108,4709,0.10507173617154204,3003,1619,3090,1384,38724
WGNB006,validation,0.48,40116,4701,0.1048932324787469,3003,1619,3082,1384,38732
WGNB006,validation,0.49,40123,4694,0.10473704174755115,3003,1618,3076,1385,38738
WGNB006,validation,0.5,40146,4671,0.10422384363076512,3003,1608,3063,1395,38751
WGNB006,validation,0.51,40158,4659,0.10395608809157239,3003,1604,3055,1399,38759
WGNB006,validation,0.52,40165,4652,0.10379989736037665,3003,1603,3049,1400,38765
WGNB006,validation,0.53,40175,4642,0.10357676774438271,3003,1601,3041,1402,38773
WGNB006,validation,0.54,40185,4632,0.10335363812838878,3003,1600,3032,1403,38782
WGNB006,validation,0.55,40195,4622,0.10313050851239484,3003,1597,3025,1406,38789
WGNB006,validation,0.56,40205,4612,0.10290737889640092,3003,1594,3018,1409,38796
WGNB006,validation,0.57,40212,4605,0.10275118816520516,3003,1594,3011,1409,38803
WGNB006,validation,0.58,40221,4596,0.10255037151081063,3003,1592,3004,1411,38810
WGNB006,validation,0.59,40229,4588,0.10237186781801548,3003,1590,2998,1413,38816
WGNB006,validation,0.6,40242,4575,0.10208179931722337,3003,1587,2988,1416,38826
WGNB006,validation,0.61,40249,4568,0.10192560858602763,3003,1585,2983,1418,38831
WGNB006,validation,0.62,40264,4553,0.10159091416203672,3003,1581,2972,1422,38842
WGNB006,validation,0.63,40284,4533,0.10114465493004887,3003,1575,2958,1428,38856
WGNB006,validation,0.64,40295,4522,0.10089921235245554,3003,1570,2952,1433,38862
WGNB006,validation,0.65,40304,4513,0.10069839569806101,3003,1566,2947,1437,38867
WGNB006,validation,0.66,40315,4502,0.10045295312046768,3003,1562,2940,1441,38874
WGNB006,validation,0.67,40330,4487,0.10011825869647678,3003,1560,2927,1443,38887
WGNB006,validation,0.68,40347,4470,0.0997389383492871,3003,1556,2914,1447,38900
WGNB006,validation,0.69,40359,4458,0.09947118281009439,3003,1553,2905,1450,38909
WGNB006,validation,0.7,40370,4447,0.09922574023250107,3003,1551,2896,1452,38918
WGNB006,validation,0.71,40389,4428,0.0988017939621126,3003,1547,2881,1456,38933
WGNB006,validation,0.72,40399,4418,0.09857866434611866,3003,1544,2874,1459,38940
WGNB006,validation,0.73,40421,4396,0.098087779190932,3003,1540,2856,1463,38958
WGNB006,validation,0.74,40444,4373,0.09757458107414597,3003,1534,2839,1469,38975
WGNB006,validation,0.75,40454,4363,0.09735145145815204,3003,1532,2831,1471,38983
WGNB006,validation,0.76,40472,4345,0.09694981814936296,3003,1529,2816,1474,38998
WGNB006,validation,0.77,40490,4327,0.09654818484057388,3003,1527,2800,1476,39014
WGNB006,validation,0.78,40505,4312,0.09621349041658299,3003,1524,2788,1479,39026
WGNB006,validation,0.79,40513,4304,0.09603498672378785,3003,1522,2782,1481,39032
WGNB006,validation,0.8,40526,4291,0.09574491822299573,3003,1520,2771,1483,39043
WGNB006,validation,0.81,40544,4273,0.09534328491420667,3003,1513,2760,1490,39054
WGNB006,validation,0.82,40563,4254,0.0949193386438182,3003,1508,2746,1495,39068
WGNB006,validation,0.83,40584,4233,0.09445076645023094,3003,1501,2732,1502,39082
WGNB006,validation,0.84,40598,4219,0.09413838498783944,3003,1500,2719,1503,39095
WGNB006,validation,0.85,40614,4203,0.09378137760224915,3003,1496,2707,1507,39107
WGNB006,validation,0.86,40635,4182,0.0933128054086619,3003,1494,2688,1509,39126
WGNB006,validation,0.87,40649,4168,0.0930004239462704,3003,1489,2679,1514,39135
WGNB006,validation,0.88,40669,4148,0.09255416471428253,3003,1485,2663,1518,39151
WGNB006,validation,0.89,40691,4126,0.09206327955909588,3003,1477,2649,1526,39165
WGNB006,validation,0.9,40721,4096,0.09139389071111409,3003,1472,2624,1531,39190
WGNB006,validation,0.91,40748,4069,0.09079144074793047,3003,1464,2605,1539,39209
WGNB006,validation,0.92,40776,4041,0.09016667782314747,3003,1458,2583,1545,39231
WGNB006,validation,0.93,40814,4003,0.08931878528237053,3003,1449,2554,1554,39260
WGNB006,validation,0.94,40847,3970,0.08858245754959056,3003,1443,2527,1560,39287
WGNB006,validation,0.95,40888,3929,0.08766762612401544,3003,1432,2497,1571,39317
WGNB006,validation,0.96,40931,3886,0.08670816877524154,3003,1421,2465,1582,39349
WGNB006,validation,0.97,41004,3813,0.08507932257848584,3003,1408,2405,1595,39409
WGNB006,validation,0.98,41123,3694,0.08242408014815807,3003,1396,2298,1607,39516
WGNB006,validation,0.99,41332,3485,0.07776067117388491,3003,1366,2119,1637,39695
WGNB007,validation,0.01,32243,12574,0.28056317915076867,3003,2401,10173,602,31641
WGNB007,validation,0.02,34916,9901,0.22092063279559096,3003,2224,7677,779,34137
WGNB007,validation,0.03,36478,8339,0.18606778677733896,3003,2095,6244,908,35570
WGNB007,validation,0.04,37235,7582,0.16917687484659838,3003,2004,5578,999,36236
WGNB007,validation,0.05,37640,7177,0.1601401253988442,3003,1973,5204,1030,36610
WGNB007,validation,0.06,37965,6852,0.15288841287904142,3003,1947,4905,1056,36909
WGNB007,validation,0.07,38171,6646,0.14829194278956645,3003,1920,4726,1083,37088
WGNB007,validation,0.08,38347,6470,0.14436486154807326,3003,1908,4562,1095,37252
WGNB007,validation,0.09,38555,6262,0.1397237655353995,3003,1875,4387,1128,37427
WGNB007,validation,0.1,38694,6123,0.13662226387308388,3003,1855,4268,1148,37546
WGNB007,validation,0.11,38789,6028,0.13450253252114153,3003,1845,4183,1158,37631
WGNB007,validation,0.12,38903,5914,0.1319588548988107,3003,1827,4087,1176,37727
WGNB007,validation,0.13,39004,5813,0.12970524577727202,3003,1814,3999,1189,37815
WGNB007,validation,0.14,39068,5749,0.12827721623491087,3003,1808,3941,1195,37873
WGNB007,validation,0.15,39134,5683,0.12680456076935093,3003,1800,3883,1203,37931
WGNB007,validation,0.16,39212,5605,0.12506414976459826,3003,1788,3817,1215,37997
WGNB007,validation,0.17,39286,5531,0.12341299060624317,3003,1778,3753,1225,38061
WGNB007,validation,0.18,39353,5464,0.12191802217908383,3003,1772,3692,1231,38122
WGNB007,validation,0.19,39409,5408,0.12066849632951782,3003,1766,3642,1237,38172
WGNB007,validation,0.2,39506,5311,0.11850413905437669,3003,1746,3565,1257,38249
WGNB007,validation,0.21,39534,5283,0.11787937612959368,3003,1742,3541,1261,38273
WGNB007,validation,0.22,39577,5240,0.11691991878081978,3003,1736,3504,1267,38310
WGNB007,validation,0.23,39636,5181,0.11560345404645558,3003,1726,3455,1277,38359
WGNB007,validation,0.24,39678,5139,0.11466630965928108,3003,1713,3426,1290,38388
WGNB007,validation,0.25,39719,5098,0.11375147823370596,3003,1708,3390,1295,38424
WGNB007,validation,0.26,39733,5084,0.11343909677131446,3003,1706,3378,1297,38436
WGNB007,validation,0.27,39762,5055,0.11279202088493205,3003,1700,3355,1303,38459
WGNB007,validation,0.28,39787,5030,0.11223419684494723,3003,1695,3335,1308,38479
WGNB007,validation,0.29,39807,5010,0.11178793761295937,3003,1693,3317,1310,38497
WGNB007,validation,0.3,39830,4987,0.11127473949617332,3003,1691,3296,1312,38518
WGNB007,validation,0.31,39849,4968,0.11085079322578485,3003,1686,3282,1317,38532
WGNB007,validation,0.32,39866,4951,0.11047147287859517,3003,1682,3269,1321,38545
WGNB007,validation,0.33,39897,4920,0.10977977106901399,3003,1673,3247,1330,38567
WGNB007,validation,0.34,39918,4899,0.10931119887542673,3003,1669,3230,1334,38584
WGNB007,validation,0.35,39933,4884,0.10897650445143583,3003,1666,3218,1337,38596
WGNB007,validation,0.36,39946,4871,0.10868643595064373,3003,1666,3205,1337,38609
WGNB007,validation,0.37,39955,4862,0.1084856192962492,3003,1663,3199,1340,38615
WGNB007,validation,0.38,39969,4848,0.10817323783385768,3003,1658,3190,1345,38624
WGNB007,validation,0.39,39993,4824,0.10763772675547226,3003,1651,3173,1352,38641
WGNB007,validation,0.4,40003,4814,0.10741459713947832,3003,1650,3164,1353,38650
WGNB007,validation,0.41,40016,4801,0.10712452863868621,3003,1644,3157,1359,38657
WGNB007,validation,0.42,40027,4790,0.10687908606109289,3003,1644,3146,1359,38668
WGNB007,validation,0.43,40048,4769,0.10641051386750564,3003,1638,3131,1365,38683
WGNB007,validation,0.44,40064,4753,0.10605350648191535,3003,1633,3120,1370,38694
WGNB007,validation,0.45,40089,4728,0.10549568244193051,3003,1622,3106,1381,38708
WGNB007,validation,0.46,40104,4713,0.10516098801793962,3003,1621,3092,1382,38722
WGNB007,validation,0.47,40108,4709,0.10507173617154204,3003,1619,3090,1384,38724
WGNB007,validation,0.48,40116,4701,0.1048932324787469,3003,1619,3082,1384,38732
WGNB007,validation,0.49,40123,4694,0.10473704174755115,3003,1618,3076,1385,38738
WGNB007,validation,0.5,40146,4671,0.10422384363076512,3003,1608,3063,1395,38751
WGNB007,validation,0.51,40158,4659,0.10395608809157239,3003,1604,3055,1399,38759
WGNB007,validation,0.52,40165,4652,0.10379989736037665,3003,1603,3049,1400,38765
WGNB007,validation,0.53,40175,4642,0.10357676774438271,3003,1601,3041,1402,38773
WGNB007,validation,0.54,40185,4632,0.10335363812838878,3003,1600,3032,1403,38782
WGNB007,validation,0.55,40195,4622,0.10313050851239484,3003,1597,3025,1406,38789
WGNB007,validation,0.56,40205,4612,0.10290737889640092,3003,1594,3018,1409,38796
WGNB007,validation,0.57,40212,4605,0.10275118816520516,3003,1594,3011,1409,38803
WGNB007,validation,0.58,40221,4596,0.10255037151081063,3003,1592,3004,1411,38810
WGNB007,validation,0.59,40229,4588,0.10237186781801548,3003,1590,2998,1413,38816
WGNB007,validation,0.6,40242,4575,0.10208179931722337,3003,1587,2988,1416,38826
WGNB007,validation,0.61,40249,4568,0.10192560858602763,3003,1585,2983,1418,38831
WGNB007,validation,0.62,40264,4553,0.10159091416203672,3003,1581,2972,1422,38842
WGNB007,validation,0.63,40284,4533,0.10114465493004887,3003,1575,2958,1428,38856
WGNB007,validation,0.64,40295,4522,0.10089921235245554,3003,1570,2952,1433,38862
WGNB007,validation,0.65,40304,4513,0.10069839569806101,3003,1566,2947,1437,38867
WGNB007,validation,0.66,40315,4502,0.10045295312046768,3003,1562,2940,1441,38874
WGNB007,validation,0.67,40330,4487,0.10011825869647678,3003,1560,2927,1443,38887
WGNB007,validation,0.68,40347,4470,0.0997389383492871,3003,1556,2914,1447,38900
WGNB007,validation,0.69,40359,4458,0.09947118281009439,3003,1553,2905,1450,38909
WGNB007,validation,0.7,40370,4447,0.09922574023250107,3003,1551,2896,1452,38918
WGNB007,validation,0.71,40389,4428,0.0988017939621126,3003,1547,2881,1456,38933
WGNB007,validation,0.72,40399,4418,0.09857866434611866,3003,1544,2874,1459,38940
WGNB007,validation,0.73,40421,4396,0.098087779190932,3003,1540,2856,1463,38958
WGNB007,validation,0.74,40444,4373,0.09757458107414597,3003,1534,2839,1469,38975
WGNB007,validation,0.75,40454,4363,0.09735145145815204,3003,1532,2831,1471,38983
WGNB007,validation,0.76,40472,4345,0.09694981814936296,3003,1529,2816,1474,38998
WGNB007,validation,0.77,40490,4327,0.09654818484057388,3003,1527,2800,1476,39014
WGNB007,validation,0.78,40505,4312,0.09621349041658299,3003,1524,2788,1479,39026
WGNB007,validation,0.79,40513,4304,0.09603498672378785,3003,1522,2782,1481,39032
WGNB007,validation,0.8,40526,4291,0.09574491822299573,3003,1520,2771,1483,39043
WGNB007,validation,0.81,40544,4273,0.09534328491420667,3003,1513,2760,1490,39054
WGNB007,validation,0.82,40563,4254,0.0949193386438182,3003,1508,2746,1495,39068
WGNB007,validation,0.83,40584,4233,0.09445076645023094,3003,1501,2732,1502,39082
WGNB007,validation,0.84,40598,4219,0.09413838498783944,3003,1500,2719,1503,39095
WGNB007,validation,0.85,40614,4203,0.09378137760224915,3003,1496,2707,1507,39107
WGNB007,validation,0.86,40635,4182,0.0933128054086619,3003,1494,2688,1509,39126
WGNB007,validation,0.87,40649,4168,0.0930004239462704,3003,1489,2679,1514,39135
WGNB007,validation,0.88,40669,4148,0.09255416471428253,3003,1485,2663,1518,39151
WGNB007,validation,0.89,40691,4126,0.09206327955909588,3003,1477,2649,1526,39165
WGNB007,validation,0.9,40721,4096,0.09139389071111409,3003,1472,2624,1531,39190
WGNB007,validation,0.91,40748,4069,0.09079144074793047,3003,1464,2605,1539,39209
WGNB007,validation,0.92,40776,4041,0.09016667782314747,3003,1458,2583,1545,39231
WGNB007,validation,0.93,40814,4003,0.08931878528237053,3003,1449,2554,1554,39260
WGNB007,validation,0.94,40847,3970,0.08858245754959056,3003,1443,2527,1560,39287
WGNB007,validation,0.95,40888,3929,0.08766762612401544,3003,1432,2497,1571,39317
WGNB007,validation,0.96,40931,3886,0.08670816877524154,3003,1421,2465,1582,39349
WGNB007,validation,0.97,41004,3813,0.08507932257848584,3003,1408,2405,1595,39409
WGNB007,validation,0.98,41123,3694,0.08242408014815807,3003,1396,2298,1607,39516
WGNB007,validation,0.99,41332,3485,0.07776067117388491,3003,1366,2119,1637,39695
WGNB008,validation,0.01,32243,12574,0.28056317915076867,3003,2401,10173,602,31641
WGNB008,validation,0.02,34916,9901,0.22092063279559096,3003,2224,7677,779,34137
WGNB008,validation,0.03,36478,8339,0.18606778677733896,3003,2095,6244,908,35570
WGNB008,validation,0.04,37235,7582,0.16917687484659838,3003,2004,5578,999,36236
WGNB008,validation,0.05,37640,7177,0.1601401253988442,3003,1973,5204,1030,36610
WGNB008,validation,0.06,37965,6852,0.15288841287904142,3003,1947,4905,1056,36909
WGNB008,validation,0.07,38171,6646,0.14829194278956645,3003,1920,4726,1083,37088
WGNB008,validation,0.08,38347,6470,0.14436486154807326,3003,1908,4562,1095,37252
WGNB008,validation,0.09,38555,6262,0.1397237655353995,3003,1875,4387,1128,37427
WGNB008,validation,0.1,38694,6123,0.13662226387308388,3003,1855,4268,1148,37546
WGNB008,validation,0.11,38789,6028,0.13450253252114153,3003,1845,4183,1158,37631
WGNB008,validation,0.12,38903,5914,0.1319588548988107,3003,1827,4087,1176,37727
WGNB008,validation,0.13,39004,5813,0.12970524577727202,3003,1814,3999,1189,37815
WGNB008,validation,0.14,39068,5749,0.12827721623491087,3003,1808,3941,1195,37873
WGNB008,validation,0.15,39134,5683,0.12680456076935093,3003,1800,3883,1203,37931
WGNB008,validation,0.16,39212,5605,0.12506414976459826,3003,1788,3817,1215,37997
WGNB008,validation,0.17,39286,5531,0.12341299060624317,3003,1778,3753,1225,38061
WGNB008,validation,0.18,39353,5464,0.12191802217908383,3003,1772,3692,1231,38122
WGNB008,validation,0.19,39409,5408,0.12066849632951782,3003,1766,3642,1237,38172
WGNB008,validation,0.2,39506,5311,0.11850413905437669,3003,1746,3565,1257,38249
WGNB008,validation,0.21,39534,5283,0.11787937612959368,3003,1742,3541,1261,38273
WGNB008,validation,0.22,39577,5240,0.11691991878081978,3003,1736,3504,1267,38310
WGNB008,validation,0.23,39636,5181,0.11560345404645558,3003,1726,3455,1277,38359
WGNB008,validation,0.24,39678,5139,0.11466630965928108,3003,1713,3426,1290,38388
WGNB008,validation,0.25,39719,5098,0.11375147823370596,3003,1708,3390,1295,38424
WGNB008,validation,0.26,39733,5084,0.11343909677131446,3003,1706,3378,1297,38436
WGNB008,validation,0.27,39762,5055,0.11279202088493205,3003,1700,3355,1303,38459
WGNB008,validation,0.28,39787,5030,0.11223419684494723,3003,1695,3335,1308,38479
WGNB008,validation,0.29,39807,5010,0.11178793761295937,3003,1693,3317,1310,38497
WGNB008,validation,0.3,39830,4987,0.11127473949617332,3003,1691,3296,1312,38518
WGNB008,validation,0.31,39849,4968,0.11085079322578485,3003,1686,3282,1317,38532
WGNB008,validation,0.32,39866,4951,0.11047147287859517,3003,1682,3269,1321,38545
WGNB008,validation,0.33,39897,4920,0.10977977106901399,3003,1673,3247,1330,38567
WGNB008,validation,0.34,39918,4899,0.10931119887542673,3003,1669,3230,1334,38584
WGNB008,validation,0.35,39933,4884,0.10897650445143583,3003,1666,3218,1337,38596
WGNB008,validation,0.36,39946,4871,0.10868643595064373,3003,1666,3205,1337,38609
WGNB008,validation,0.37,39955,4862,0.1084856192962492,3003,1663,3199,1340,38615
WGNB008,validation,0.38,39969,4848,0.10817323783385768,3003,1658,3190,1345,38624
WGNB008,validation,0.39,39993,4824,0.10763772675547226,3003,1651,3173,1352,38641
WGNB008,validation,0.4,40003,4814,0.10741459713947832,3003,1650,3164,1353,38650
WGNB008,validation,0.41,40016,4801,0.10712452863868621,3003,1644,3157,1359,38657
WGNB008,validation,0.42,40027,4790,0.10687908606109289,3003,1644,3146,1359,38668
WGNB008,validation,0.43,40049,4768,0.10638820090590624,3003,1638,3130,1365,38684
WGNB008,validation,0.44,40064,4753,0.10605350648191535,3003,1633,3120,1370,38694
WGNB008,validation,0.45,40089,4728,0.10549568244193051,3003,1622,3106,1381,38708
WGNB008,validation,0.46,40104,4713,0.10516098801793962,3003,1621,3092,1382,38722
WGNB008,validation,0.47,40108,4709,0.10507173617154204,3003,1619,3090,1384,38724
WGNB008,validation,0.48,40116,4701,0.1048932324787469,3003,1619,3082,1384,38732
WGNB008,validation,0.49,40123,4694,0.10473704174755115,3003,1618,3076,1385,38738
WGNB008,validation,0.5,40146,4671,0.10422384363076512,3003,1608,3063,1395,38751
WGNB008,validation,0.51,40158,4659,0.10395608809157239,3003,1604,3055,1399,38759
WGNB008,validation,0.52,40165,4652,0.10379989736037665,3003,1603,3049,1400,38765
WGNB008,validation,0.53,40175,4642,0.10357676774438271,3003,1601,3041,1402,38773
WGNB008,validation,0.54,40184,4633,0.10337595108998818,3003,1600,3033,1403,38781
WGNB008,validation,0.55,40195,4622,0.10313050851239484,3003,1597,3025,1406,38789
WGNB008,validation,0.56,40205,4612,0.10290737889640092,3003,1594,3018,1409,38796
WGNB008,validation,0.57,40212,4605,0.10275118816520516,3003,1594,3011,1409,38803
WGNB008,validation,0.58,40221,4596,0.10255037151081063,3003,1592,3004,1411,38810
WGNB008,validation,0.59,40229,4588,0.10237186781801548,3003,1590,2998,1413,38816
WGNB008,validation,0.6,40242,4575,0.10208179931722337,3003,1587,2988,1416,38826
WGNB008,validation,0.61,40249,4568,0.10192560858602763,3003,1585,2983,1418,38831
WGNB008,validation,0.62,40264,4553,0.10159091416203672,3003,1581,2972,1422,38842
WGNB008,validation,0.63,40284,4533,0.10114465493004887,3003,1575,2958,1428,38856
WGNB008,validation,0.64,40295,4522,0.10089921235245554,3003,1570,2952,1433,38862
WGNB008,validation,0.65,40304,4513,0.10069839569806101,3003,1566,2947,1437,38867
WGNB008,validation,0.66,40315,4502,0.10045295312046768,3003,1562,2940,1441,38874
WGNB008,validation,0.67,40330,4487,0.10011825869647678,3003,1560,2927,1443,38887
WGNB008,validation,0.68,40347,4470,0.0997389383492871,3003,1556,2914,1447,38900
WGNB008,validation,0.69,40359,4458,0.09947118281009439,3003,1553,2905,1450,38909
WGNB008,validation,0.7,40370,4447,0.09922574023250107,3003,1551,2896,1452,38918
WGNB008,validation,0.71,40389,4428,0.0988017939621126,3003,1547,2881,1456,38933
WGNB008,validation,0.72,40399,4418,0.09857866434611866,3003,1544,2874,1459,38940
WGNB008,validation,0.73,40421,4396,0.098087779190932,3003,1540,2856,1463,38958
WGNB008,validation,0.74,40444,4373,0.09757458107414597,3003,1534,2839,1469,38975
WGNB008,validation,0.75,40454,4363,0.09735145145815204,3003,1532,2831,1471,38983
WGNB008,validation,0.76,40472,4345,0.09694981814936296,3003,1529,2816,1474,38998
WGNB008,validation,0.77,40490,4327,0.09654818484057388,3003,1527,2800,1476,39014
WGNB008,validation,0.78,40505,4312,0.09621349041658299,3003,1524,2788,1479,39026
WGNB008,validation,0.79,40513,4304,0.09603498672378785,3003,1522,2782,1481,39032
WGNB008,validation,0.8,40526,4291,0.09574491822299573,3003,1520,2771,1483,39043
WGNB008,validation,0.81,40544,4273,0.09534328491420667,3003,1513,2760,1490,39054
WGNB008,validation,0.82,40563,4254,0.0949193386438182,3003,1508,2746,1495,39068
WGNB008,validation,0.83,40584,4233,0.09445076645023094,3003,1501,2732,1502,39082
WGNB008,validation,0.84,40598,4219,0.09413838498783944,3003,1500,2719,1503,39095
WGNB008,validation,0.85,40614,4203,0.09378137760224915,3003,1496,2707,1507,39107
WGNB008,validation,0.86,40635,4182,0.0933128054086619,3003,1494,2688,1509,39126
WGNB008,validation,0.87,40649,4168,0.0930004239462704,3003,1489,2679,1514,39135
WGNB008,validation,0.88,40669,4148,0.09255416471428253,3003,1485,2663,1518,39151
WGNB008,validation,0.89,40691,4126,0.09206327955909588,3003,1477,2649,1526,39165
WGNB008,validation,0.9,40721,4096,0.09139389071111409,3003,1472,2624,1531,39190
WGNB008,validation,0.91,40748,4069,0.09079144074793047,3003,1464,2605,1539,39209
WGNB008,validation,0.92,40776,4041,0.09016667782314747,3003,1458,2583,1545,39231
WGNB008,validation,0.93,40814,4003,0.08931878528237053,3003,1449,2554,1554,39260
WGNB008,validation,0.94,40847,3970,0.08858245754959056,3003,1443,2527,1560,39287
WGNB008,validation,0.95,40888,3929,0.08766762612401544,3003,1432,2497,1571,39317
WGNB008,validation,0.96,40931,3886,0.08670816877524154,3003,1421,2465,1582,39349
WGNB008,validation,0.97,41004,3813,0.08507932257848584,3003,1408,2405,1595,39409
WGNB008,validation,0.98,41123,3694,0.08242408014815807,3003,1396,2298,1607,39516
WGNB008,validation,0.99,41332,3485,0.07776067117388491,3003,1366,2119,1637,39695
WGNB009,validation,0.01,32243,12574,0.28056317915076867,3003,2401,10173,602,31641
WGNB009,validation,0.02,34924,9893,0.2207421291027958,3003,2225,7668,778,34146
WGNB009,validation,0.03,36478,8339,0.18606778677733896,3003,2095,6244,908,35570
WGNB009,validation,0.04,37235,7582,0.16917687484659838,3003,2004,5578,999,36236
WGNB009,validation,0.05,37640,7177,0.1601401253988442,3003,1973,5204,1030,36610
WGNB009,validation,0.06,37970,6847,0.15277684807104447,3003,1948,4899,1055,36915
WGNB009,validation,0.07,38174,6643,0.14822500390476828,3003,1919,4724,1084,37090
WGNB009,validation,0.08,38351,6466,0.14427560970167572,3003,1908,4558,1095,37256
WGNB009,validation,0.09,38555,6262,0.1397237655353995,3003,1875,4387,1128,37427
WGNB009,validation,0.1,38697,6120,0.1365553249882857,3003,1854,4266,1149,37548
WGNB009,validation,0.11,38789,6028,0.13450253252114153,3003,1845,4183,1158,37631
WGNB009,validation,0.12,38903,5914,0.1319588548988107,3003,1827,4087,1176,37727
WGNB009,validation,0.13,39004,5813,0.12970524577727202,3003,1814,3999,1189,37815
WGNB009,validation,0.14,39071,5746,0.12821027735011267,3003,1808,3938,1195,37876
WGNB009,validation,0.15,39136,5681,0.12675993484615214,3003,1800,3881,1203,37933
WGNB009,validation,0.16,39209,5608,0.12513108864939643,3003,1790,3818,1213,37996
WGNB009,validation,0.17,39287,5530,0.12339067764464377,3003,1778,3752,1225,38062
WGNB009,validation,0.18,39353,5464,0.12191802217908383,3003,1772,3692,1231,38122
WGNB009,validation,0.19,39410,5407,0.12064618336791842,3003,1766,3641,1237,38173
WGNB009,validation,0.2,39506,5311,0.11850413905437669,3003,1746,3565,1257,38249
WGNB009,validation,0.21,39535,5282,0.11785706316799428,3003,1742,3540,1261,38274
WGNB009,validation,0.22,39577,5240,0.11691991878081978,3003,1736,3504,1267,38310
WGNB009,validation,0.23,39636,5181,0.11560345404645558,3003,1726,3455,1277,38359
WGNB009,validation,0.24,39678,5139,0.11466630965928108,3003,1713,3426,1290,38388
WGNB009,validation,0.25,39721,5096,0.11370685231050717,3003,1708,3388,1295,38426
WGNB009,validation,0.26,39733,5084,0.11343909677131446,3003,1706,3378,1297,38436
WGNB009,validation,0.27,39762,5055,0.11279202088493205,3003,1700,3355,1303,38459
WGNB009,validation,0.28,39787,5030,0.11223419684494723,3003,1695,3335,1308,38479
WGNB009,validation,0.29,39807,5010,0.11178793761295937,3003,1693,3317,1310,38497
WGNB009,validation,0.3,39830,4987,0.11127473949617332,3003,1691,3296,1312,38518
WGNB009,validation,0.31,39849,4968,0.11085079322578485,3003,1686,3282,1317,38532
WGNB009,validation,0.32,39866,4951,0.11047147287859517,3003,1682,3269,1321,38545
WGNB009,validation,0.33,39897,4920,0.10977977106901399,3003,1673,3247,1330,38567
WGNB009,validation,0.34,39917,4900,0.10933351183702612,3003,1669,3231,1334,38583
WGNB009,validation,0.35,39933,4884,0.10897650445143583,3003,1666,3218,1337,38596
WGNB009,validation,0.36,39947,4870,0.10866412298904433,3003,1665,3205,1338,38609
WGNB009,validation,0.37,39953,4864,0.10853024521944797,3003,1663,3201,1340,38613
WGNB009,validation,0.38,39970,4847,0.10815092487225829,3003,1658,3189,1345,38625
WGNB009,validation,0.39,39992,4825,0.10766003971707165,3003,1652,3173,1351,38641
WGNB009,validation,0.4,40003,4814,0.10741459713947832,3003,1650,3164,1353,38650
WGNB009,validation,0.41,40016,4801,0.10712452863868621,3003,1644,3157,1359,38657
WGNB009,validation,0.42,40027,4790,0.10687908606109289,3003,1644,3146,1359,38668
WGNB009,validation,0.43,40048,4769,0.10641051386750564,3003,1638,3131,1365,38683
WGNB009,validation,0.44,40063,4754,0.10607581944351474,3003,1634,3120,1369,38694
WGNB009,validation,0.45,40089,4728,0.10549568244193051,3003,1622,3106,1381,38708
WGNB009,validation,0.46,40104,4713,0.10516098801793962,3003,1621,3092,1382,38722
WGNB009,validation,0.47,40108,4709,0.10507173617154204,3003,1619,3090,1384,38724
WGNB009,validation,0.48,40116,4701,0.1048932324787469,3003,1619,3082,1384,38732
WGNB009,validation,0.49,40124,4693,0.10471472878595176,3003,1618,3075,1385,38739
WGNB009,validation,0.5,40148,4669,0.10417921770756633,3003,1608,3061,1395,38753
WGNB009,validation,0.51,40158,4659,0.10395608809157239,3003,1604,3055,1399,38759
WGNB009,validation,0.52,40165,4652,0.10379989736037665,3003,1603,3049,1400,38765
WGNB009,validation,0.53,40175,4642,0.10357676774438271,3003,1601,3041,1402,38773
WGNB009,validation,0.54,40184,4633,0.10337595108998818,3003,1600,3033,1403,38781
WGNB009,validation,0.55,40194,4623,0.10315282147399424,3003,1597,3026,1406,38788
WGNB009,validation,0.56,40205,4612,0.10290737889640092,3003,1594,3018,1409,38796
WGNB009,validation,0.57,40212,4605,0.10275118816520516,3003,1594,3011,1409,38803
WGNB009,validation,0.58,40221,4596,0.10255037151081063,3003,1592,3004,1411,38810
WGNB009,validation,0.59,40229,4588,0.10237186781801548,3003,1590,2998,1413,38816
WGNB009,validation,0.6,40245,4572,0.10201486043242519,3003,1585,2987,1418,38827
WGNB009,validation,0.61,40249,4568,0.10192560858602763,3003,1585,2983,1418,38831
WGNB009,validation,0.62,40265,4552,0.10156860120043733,3003,1581,2971,1422,38843
WGNB009,validation,0.63,40283,4534,0.10116696789164825,3003,1576,2958,1427,38856
WGNB009,validation,0.64,40295,4522,0.10089921235245554,3003,1570,2952,1433,38862
WGNB009,validation,0.65,40304,4513,0.10069839569806101,3003,1566,2947,1437,38867
WGNB009,validation,0.66,40315,4502,0.10045295312046768,3003,1562,2940,1441,38874
WGNB009,validation,0.67,40330,4487,0.10011825869647678,3003,1560,2927,1443,38887
WGNB009,validation,0.68,40347,4470,0.0997389383492871,3003,1556,2914,1447,38900
WGNB009,validation,0.69,40359,4458,0.09947118281009439,3003,1553,2905,1450,38909
WGNB009,validation,0.7,40370,4447,0.09922574023250107,3003,1551,2896,1452,38918
WGNB009,validation,0.71,40388,4429,0.09882410692371199,3003,1547,2882,1456,38932
WGNB009,validation,0.72,40399,4418,0.09857866434611866,3003,1544,2874,1459,38940
WGNB009,validation,0.73,40422,4395,0.09806546622933263,3003,1540,2855,1463,38959
WGNB009,validation,0.74,40445,4372,0.09755226811254658,3003,1534,2838,1469,38976
WGNB009,validation,0.75,40454,4363,0.09735145145815204,3003,1532,2831,1471,38983
WGNB009,validation,0.76,40472,4345,0.09694981814936296,3003,1529,2816,1474,38998
WGNB009,validation,0.77,40490,4327,0.09654818484057388,3003,1527,2800,1476,39014
WGNB009,validation,0.78,40505,4312,0.09621349041658299,3003,1524,2788,1479,39026
WGNB009,validation,0.79,40513,4304,0.09603498672378785,3003,1522,2782,1481,39032
WGNB009,validation,0.8,40527,4290,0.09572260526139635,3003,1520,2770,1483,39044
WGNB009,validation,0.81,40544,4273,0.09534328491420667,3003,1513,2760,1490,39054
WGNB009,validation,0.82,40563,4254,0.0949193386438182,3003,1508,2746,1495,39068
WGNB009,validation,0.83,40584,4233,0.09445076645023094,3003,1501,2732,1502,39082
WGNB009,validation,0.84,40598,4219,0.09413838498783944,3003,1500,2719,1503,39095
WGNB009,validation,0.85,40614,4203,0.09378137760224915,3003,1496,2707,1507,39107
WGNB009,validation,0.86,40635,4182,0.0933128054086619,3003,1494,2688,1509,39126
WGNB009,validation,0.87,40650,4167,0.092978110984671,3003,1489,2678,1514,39136
WGNB009,validation,0.88,40669,4148,0.09255416471428253,3003,1485,2663,1518,39151
WGNB009,validation,0.89,40691,4126,0.09206327955909588,3003,1477,2649,1526,39165
WGNB009,validation,0.9,40721,4096,0.09139389071111409,3003,1472,2624,1531,39190
WGNB009,validation,0.91,40748,4069,0.09079144074793047,3003,1464,2605,1539,39209
WGNB009,validation,0.92,40776,4041,0.09016667782314747,3003,1458,2583,1545,39231
WGNB009,validation,0.93,40814,4003,0.08931878528237053,3003,1449,2554,1554,39260
WGNB009,validation,0.94,40847,3970,0.08858245754959056,3003,1443,2527,1560,39287
WGNB009,validation,0.95,40888,3929,0.08766762612401544,3003,1432,2497,1571,39317
WGNB009,validation,0.96,40931,3886,0.08670816877524154,3003,1421,2465,1582,39349
WGNB009,validation,0.97,41003,3814,0.08510163554008524,3003,1408,2406,1595,39408
WGNB009,validation,0.98,41123,3694,0.08242408014815807,3003,1396,2298,1607,39516
WGNB009,validation,0.99,41332,3485,0.07776067117388491,3003,1366,2119,1637,39695
WGNB010,validation,0.01,32271,12546,0.2799384162259857,3003,2401,10145,602,31669
WGNB010,validation,0.02,34959,9858,0.21996117544681706,3003,2222,7636,781,34178
WGNB010,validation,0.03,36474,8343,0.18615703862373653,3003,2100,6243,903,35571
WGNB010,validation,0.04,37236,7581,0.169154561884999,3003,2003,5578,1000,36236
WGNB010,validation,0.05,37648,7169,0.15996162170604905,3003,1973,5196,1030,36618
WGNB010,validation,0.06,37988,6829,0.1523752147622554,3003,1947,4882,1056,36932
WGNB010,validation,0.07,38179,6638,0.14811343909677133,3003,1919,4719,1084,37095
WGNB010,validation,0.08,38364,6453,0.14398554120088358,3003,1905,4548,1098,37266
WGNB010,validation,0.09,38557,6260,0.13967913961220071,3003,1874,4386,1129,37428
WGNB010,validation,0.1,38697,6120,0.1365553249882857,3003,1853,4267,1150,37547
WGNB010,validation,0.11,38796,6021,0.13434634178994578,3003,1843,4178,1160,37636
WGNB010,validation,0.12,38911,5906,0.13178035120601558,3003,1827,4079,1176,37735
WGNB010,validation,0.13,39007,5810,0.12963830689247383,3003,1814,3996,1189,37818
WGNB010,validation,0.14,39082,5735,0.12796483477251935,3003,1808,3927,1195,37887
WGNB010,validation,0.15,39136,5681,0.12675993484615214,3003,1800,3881,1203,37933
WGNB010,validation,0.16,39213,5604,0.12504183680299885,3003,1789,3815,1214,37999
WGNB010,validation,0.17,39292,5525,0.1232791128366468,3003,1780,3745,1223,38069
WGNB010,validation,0.18,39348,5469,0.1220295869870808,3003,1775,3694,1228,38120
WGNB010,validation,0.19,39462,5355,0.11948590936474998,3003,1754,3601,1249,38213
WGNB010,validation,0.2,39510,5307,0.11841488720797912,3003,1746,3561,1257,38253
WGNB010,validation,0.21,39531,5286,0.11794631501439186,3003,1744,3542,1259,38272
WGNB010,validation,0.22,39576,5241,0.11694223174241918,3003,1738,3503,1265,38311
WGNB010,validation,0.23,39650,5167,0.11529107258406408,3003,1721,3446,1282,38368
WGNB010,validation,0.24,39678,5139,0.11466630965928108,3003,1716,3423,1287,38391
WGNB010,validation,0.25,39717,5100,0.11379610415690475,3003,1711,3389,1292,38425
WGNB010,validation,0.26,39735,5082,0.11339447084811567,3003,1705,3377,1298,38437
WGNB010,validation,0.27,39766,5051,0.11270276903853449,3003,1698,3353,1305,38461
WGNB010,validation,0.28,39792,5025,0.11212263203695026,3003,1694,3331,1309,38483
WGNB010,validation,0.29,39811,5006,0.11169868576656179,3003,1693,3313,1310,38501
WGNB010,validation,0.3,39835,4982,0.11116317468817637,3003,1689,3293,1314,38521
WGNB010,validation,0.31,39853,4964,0.11076154137938729,3003,1685,3279,1318,38535
WGNB010,validation,0.32,39869,4948,0.110404533993797,3003,1681,3267,1322,38547
WGNB010,validation,0.33,39900,4917,0.1097128321842158,3003,1673,3244,1330,38570
WGNB010,validation,0.34,39918,4899,0.10931119887542673,3003,1669,3230,1334,38584
WGNB010,validation,0.35,39937,4880,0.10888725260503827,3003,1666,3214,1337,38600
WGNB010,validation,0.36,39948,4869,0.10864181002744494,3003,1664,3205,1339,38609
WGNB010,validation,0.37,39960,4857,0.10837405448825223,3003,1661,3196,1342,38618
WGNB010,validation,0.38,39978,4839,0.10797242117946315,3003,1655,3184,1348,38630
WGNB010,validation,0.39,39995,4822,0.10759310083227347,3003,1651,3171,1352,38643
WGNB010,validation,0.4,40009,4808,0.10728071936988197,3003,1647,3161,1356,38653
WGNB010,validation,0.41,40016,4801,0.10712452863868621,3003,1644,3157,1359,38657
WGNB010,validation,0.42,40030,4787,0.10681214717629471,3003,1642,3145,1361,38669
WGNB010,validation,0.43,40049,4768,0.10638820090590624,3003,1638,3130,1365,38684
WGNB010,validation,0.44,40067,4750,0.10598656759711717,3003,1634,3116,1369,38698
WGNB010,validation,0.45,40089,4728,0.10549568244193051,3003,1623,3105,1380,38709
WGNB010,validation,0.46,40103,4714,0.10518330097953901,3003,1621,3093,1382,38721
WGNB010,validation,0.47,40108,4709,0.10507173617154204,3003,1620,3089,1383,38725
WGNB010,validation,0.48,40116,4701,0.1048932324787469,3003,1620,3081,1383,38733
WGNB010,validation,0.49,40125,4692,0.10469241582435236,3003,1616,3076,1387,38738
WGNB010,validation,0.5,40148,4669,0.10417921770756633,3003,1608,3061,1395,38753
WGNB010,validation,0.51,40155,4662,0.10402302697637057,3003,1605,3057,1398,38757
WGNB010,validation,0.52,40165,4652,0.10379989736037665,3003,1603,3049,1400,38765
WGNB010,validation,0.53,40176,4641,0.10355445478278331,3003,1602,3039,1401,38775
WGNB010,validation,0.54,40186,4631,0.10333132516678939,3003,1600,3031,1403,38783
WGNB010,validation,0.55,40194,4623,0.10315282147399424,3003,1598,3025,1405,38789
WGNB010,validation,0.56,40205,4612,0.10290737889640092,3003,1596,3016,1407,38798
WGNB010,validation,0.57,40210,4607,0.10279581408840395,3003,1595,3012,1408,38802
WGNB010,validation,0.58,40224,4593,0.10248343262601245,3003,1591,3002,1412,38812
WGNB010,validation,0.59,40234,4583,0.10226030301001852,3003,1588,2995,1415,38819
WGNB010,validation,0.6,40244,4573,0.10203717339402459,3003,1585,2988,1418,38826
WGNB010,validation,0.61,40251,4566,0.10188098266282884,3003,1585,2981,1418,38833
WGNB010,validation,0.62,40270,4547,0.10145703639244037,3003,1580,2967,1423,38847
WGNB010,validation,0.63,40282,4535,0.10118928085324765,3003,1577,2958,1426,38856
WGNB010,validation,0.64,40295,4522,0.10089921235245554,3003,1569,2953,1434,38861
WGNB010,validation,0.65,40309,4508,0.10058683089006404,3003,1564,2944,1439,38870
WGNB010,validation,0.66,40316,4501,0.10043064015886828,3003,1563,2938,1440,38876
WGNB010,validation,0.67,40332,4485,0.10007363277327799,3003,1560,2925,1443,38889
WGNB010,validation,0.68,40345,4472,0.09978356427248589,3003,1557,2915,1446,38899
WGNB010,validation,0.69,40361,4456,0.0994265568868956,3003,1553,2903,1450,38911
WGNB010,validation,0.7,40374,4443,0.09913648838610349,3003,1552,2891,1451,38923
WGNB010,validation,0.71,40391,4426,0.09875716803891381,3003,1547,2879,1456,38935
WGNB010,validation,0.72,40406,4411,0.09842247361492291,3003,1544,2867,1459,38947
WGNB010,validation,0.73,40424,4393,0.09802084030613384,3003,1540,2853,1463,38961
WGNB010,validation,0.74,40443,4374,0.09759689403574537,3003,1535,2839,1468,38975
WGNB010,validation,0.75,40456,4361,0.09730682553495325,3003,1531,2830,1472,38984
WGNB010,validation,0.76,40467,4350,0.09706138295735993,3003,1529,2821,1474,38993
WGNB010,validation,0.77,40492,4325,0.09650355891737511,3003,1526,2799,1477,39015
WGNB010,validation,0.78,40506,4311,0.0961911774549836,3003,1524,2787,1479,39027
WGNB010,validation,0.79,40513,4304,0.09603498672378785,3003,1522,2782,1481,39032
WGNB010,validation,0.8,40527,4290,0.09572260526139635,3003,1519,2771,1484,39043
WGNB010,validation,0.81,40543,4274,0.09536559787580605,3003,1513,2761,1490,39053
WGNB010,validation,0.82,40561,4256,0.09496396456701699,3003,1509,2747,1494,39067
WGNB010,validation,0.83,40585,4232,0.09442845348863155,3003,1501,2731,1502,39083
WGNB010,validation,0.84,40598,4219,0.09413838498783944,3003,1499,2720,1504,39094
WGNB010,validation,0.85,40614,4203,0.09378137760224915,3003,1496,2707,1507,39107
WGNB010,validation,0.86,40635,4182,0.0933128054086619,3003,1494,2688,1509,39126
WGNB010,validation,0.87,40653,4164,0.09291117209987282,3003,1489,2675,1514,39139
WGNB010,validation,0.88,40671,4146,0.09250953879108374,3003,1484,2662,1519,39152
WGNB010,validation,0.89,40691,4126,0.09206327955909588,3003,1477,2649,1526,39165
WGNB010,validation,0.9,40717,4100,0.09148314255751167,3003,1473,2627,1530,39187
WGNB010,validation,0.91,40747,4070,0.09081375370952986,3003,1464,2606,1539,39208
WGNB010,validation,0.92,40776,4041,0.09016667782314747,3003,1458,2583,1545,39231
WGNB010,validation,0.93,40813,4004,0.08934109824396992,3003,1450,2554,1553,39260
WGNB010,validation,0.94,40846,3971,0.08860477051118995,3003,1443,2528,1560,39286
WGNB010,validation,0.95,40887,3930,0.08768993908561483,3003,1432,2498,1571,39316
WGNB010,validation,0.96,40929,3888,0.08675279469844033,3003,1420,2468,1583,39346
WGNB010,validation,0.97,41003,3814,0.08510163554008524,3003,1408,2406,1595,39408
WGNB010,validation,0.98,41124,3693,0.08240176718655867,3003,1396,2297,1607,39517
WGNB010,validation,0.99,41333,3484,0.07773835821228552,3003,1366,2118,1637,39696
WGNB011,validation,0.01,28573,16244,0.3624517482205413,3003,2556,13688,447,28126
WGNB011,validation,0.02,32718,12099,0.26996452239105695,3003,2348,9751,655,32063
WGNB011,validation,0.03,37445,7372,0.16449115291072583,3003,1935,5437,1068,36377
WGNB011,validation,0.04,37989,6828,0.152352901800656,3003,1901,4927,1102,36887
WGNB011,validation,0.05,37989,6828,0.152352901800656,3003,1901,4927,1102,36887
WGNB011,validation,0.06,38557,6260,0.13967913961220071,3003,1845,4415,1158,37399
WGNB011,validation,0.07,38557,6260,0.13967913961220071,3003,1845,4415,1158,37399
WGNB011,validation,0.08,38557,6260,0.13967913961220071,3003,1845,4415,1158,37399
WGNB011,validation,0.09,38557,6260,0.13967913961220071,3003,1845,4415,1158,37399
WGNB011,validation,0.1,38945,5872,0.13102171051163622,3003,1778,4094,1225,37720
WGNB011,validation,0.11,39512,5305,0.11837026128478033,3003,1706,3599,1297,38215
WGNB011,validation,0.12,39512,5305,0.11837026128478033,3003,1706,3599,1297,38215
WGNB011,validation,0.13,39512,5305,0.11837026128478033,3003,1706,3599,1297,38215
WGNB011,validation,0.14,39624,5193,0.1158712095856483,3003,1694,3499,1309,38315
WGNB011,validation,0.15,39624,5193,0.1158712095856483,3003,1694,3499,1309,38315
WGNB011,validation,0.16,39624,5193,0.1158712095856483,3003,1694,3499,1309,38315
WGNB011,validation,0.17,39624,5193,0.1158712095856483,3003,1694,3499,1309,38315
WGNB011,validation,0.18,39624,5193,0.1158712095856483,3003,1694,3499,1309,38315
WGNB011,validation,0.19,39624,5193,0.1158712095856483,3003,1694,3499,1309,38315
WGNB011,validation,0.2,39734,5083,0.11341678380971507,3003,1687,3396,1316,38418
WGNB011,validation,0.21,39734,5083,0.11341678380971507,3003,1687,3396,1316,38418
WGNB011,validation,0.22,40636,4181,0.0932904924470625,3003,1512,2669,1491,39145
WGNB011,validation,0.23,40636,4181,0.0932904924470625,3003,1512,2669,1491,39145
WGNB011,validation,0.24,40636,4181,0.0932904924470625,3003,1512,2669,1491,39145
WGNB011,validation,0.25,40636,4181,0.0932904924470625,3003,1512,2669,1491,39145
WGNB011,validation,0.26,40674,4143,0.09244259990628556,3003,1508,2635,1495,39179
WGNB011,validation,0.27,40674,4143,0.09244259990628556,3003,1508,2635,1495,39179
WGNB011,validation,0.28,40818,3999,0.08922953343597295,3003,1493,2506,1510,39308
WGNB011,validation,0.29,40818,3999,0.08922953343597295,3003,1493,2506,1510,39308
WGNB011,validation,0.3,40818,3999,0.08922953343597295,3003,1493,2506,1510,39308
WGNB011,validation,0.31,40818,3999,0.08922953343597295,3003,1493,2506,1510,39308
WGNB011,validation,0.32,40818,3999,0.08922953343597295,3003,1493,2506,1510,39308
WGNB011,validation,0.33,40818,3999,0.08922953343597295,3003,1493,2506,1510,39308
WGNB011,validation,0.34,40818,3999,0.08922953343597295,3003,1493,2506,1510,39308
WGNB011,validation,0.35,40818,3999,0.08922953343597295,3003,1493,2506,1510,39308
WGNB011,validation,0.36,40818,3999,0.08922953343597295,3003,1493,2506,1510,39308
WGNB011,validation,0.37,40818,3999,0.08922953343597295,3003,1493,2506,1510,39308
WGNB011,validation,0.38,40818,3999,0.08922953343597295,3003,1493,2506,1510,39308
WGNB011,validation,0.39,40818,3999,0.08922953343597295,3003,1493,2506,1510,39308
WGNB011,validation,0.4,40818,3999,0.08922953343597295,3003,1493,2506,1510,39308
WGNB011,validation,0.41,40818,3999,0.08922953343597295,3003,1493,2506,1510,39308
WGNB011,validation,0.42,40964,3853,0.08597184104246157,3003,1469,2384,1534,39430
WGNB011,validation,0.43,40964,3853,0.08597184104246157,3003,1469,2384,1534,39430
WGNB011,validation,0.44,40964,3853,0.08597184104246157,3003,1469,2384,1534,39430
WGNB011,validation,0.45,40964,3853,0.08597184104246157,3003,1469,2384,1534,39430
WGNB011,validation,0.46,40964,3853,0.08597184104246157,3003,1469,2384,1534,39430
WGNB011,validation,0.47,40964,3853,0.08597184104246157,3003,1469,2384,1534,39430
WGNB011,validation,0.48,41132,3685,0.08222326349376352,3003,1398,2287,1605,39527
WGNB011,validation,0.49,41132,3685,0.08222326349376352,3003,1398,2287,1605,39527
WGNB011,validation,0.5,41132,3685,0.08222326349376352,3003,1398,2287,1605,39527
WGNB011,validation,0.51,41132,3685,0.08222326349376352,3003,1398,2287,1605,39527
WGNB011,validation,0.52,41132,3685,0.08222326349376352,3003,1398,2287,1605,39527
WGNB011,validation,0.53,41132,3685,0.08222326349376352,3003,1398,2287,1605,39527
WGNB011,validation,0.54,41132,3685,0.08222326349376352,3003,1398,2287,1605,39527
WGNB011,validation,0.55,41132,3685,0.08222326349376352,3003,1398,2287,1605,39527
WGNB011,validation,0.56,41132,3685,0.08222326349376352,3003,1398,2287,1605,39527
WGNB011,validation,0.57,41132,3685,0.08222326349376352,3003,1398,2287,1605,39527
WGNB011,validation,0.58,41132,3685,0.08222326349376352,3003,1398,2287,1605,39527
WGNB011,validation,0.59,41312,3505,0.07820693040587277,3003,1362,2143,1641,39671
WGNB011,validation,0.6,41312,3505,0.07820693040587277,3003,1362,2143,1641,39671
WGNB011,validation,0.61,41312,3505,0.07820693040587277,3003,1362,2143,1641,39671
WGNB011,validation,0.62,41312,3505,0.07820693040587277,3003,1362,2143,1641,39671
WGNB011,validation,0.63,41312,3505,0.07820693040587277,3003,1362,2143,1641,39671
WGNB011,validation,0.64,41312,3505,0.07820693040587277,3003,1362,2143,1641,39671
WGNB011,validation,0.65,41312,3505,0.07820693040587277,3003,1362,2143,1641,39671
WGNB011,validation,0.66,41312,3505,0.07820693040587277,3003,1362,2143,1641,39671
WGNB011,validation,0.67,41312,3505,0.07820693040587277,3003,1362,2143,1641,39671
WGNB011,validation,0.68,41312,3505,0.07820693040587277,3003,1362,2143,1641,39671
WGNB011,validation,0.69,41312,3505,0.07820693040587277,3003,1362,2143,1641,39671
WGNB011,validation,0.7,41312,3505,0.07820693040587277,3003,1362,2143,1641,39671
WGNB011,validation,0.71,41312,3505,0.07820693040587277,3003,1362,2143,1641,39671
WGNB011,validation,0.72,41312,3505,0.07820693040587277,3003,1362,2143,1641,39671
WGNB011,validation,0.73,41312,3505,0.07820693040587277,3003,1362,2143,1641,39671
WGNB011,validation,0.74,41312,3505,0.07820693040587277,3003,1362,2143,1641,39671
WGNB011,validation,0.75,41312,3505,0.07820693040587277,3003,1362,2143,1641,39671
WGNB011,validation,0.76,41348,3469,0.07740366378829462,3003,1354,2115,1649,39699
WGNB011,validation,0.77,41638,3179,0.07093290492447063,3003,1267,1912,1736,39902
WGNB011,validation,0.78,41638,3179,0.07093290492447063,3003,1267,1912,1736,39902
WGNB011,validation,0.79,41638,3179,0.07093290492447063,3003,1267,1912,1736,39902
WGNB011,validation,0.8,41638,3179,0.07093290492447063,3003,1267,1912,1736,39902
WGNB011,validation,0.81,41638,3179,0.07093290492447063,3003,1267,1912,1736,39902
WGNB011,validation,0.82,41638,3179,0.07093290492447063,3003,1267,1912,1736,39902
WGNB011,validation,0.83,41677,3140,0.0700626994220943,3003,1257,1883,1746,39931
WGNB011,validation,0.84,41677,3140,0.0700626994220943,3003,1257,1883,1746,39931
WGNB011,validation,0.85,41677,3140,0.0700626994220943,3003,1257,1883,1746,39931
WGNB011,validation,0.86,41677,3140,0.0700626994220943,3003,1257,1883,1746,39931
WGNB011,validation,0.87,41677,3140,0.0700626994220943,3003,1257,1883,1746,39931
WGNB011,validation,0.88,41694,3123,0.06968337907490461,3003,1251,1872,1752,39942
WGNB011,validation,0.89,41759,3058,0.06823303657094407,3003,1236,1822,1767,39992
WGNB011,validation,0.9,41759,3058,0.06823303657094407,3003,1236,1822,1767,39992
WGNB011,validation,0.91,41759,3058,0.06823303657094407,3003,1236,1822,1767,39992
WGNB011,validation,0.92,41833,2984,0.06658187741258897,3003,1199,1785,1804,40029
WGNB011,validation,0.93,41833,2984,0.06658187741258897,3003,1199,1785,1804,40029
WGNB011,validation,0.94,41921,2896,0.06461833679184238,3003,1174,1722,1829,40092
WGNB011,validation,0.95,41921,2896,0.06461833679184238,3003,1174,1722,1829,40092
WGNB011,validation,0.96,41921,2896,0.06461833679184238,3003,1174,1722,1829,40092
WGNB011,validation,0.97,42013,2804,0.06256554432469821,3003,1152,1652,1851,40162
WGNB011,validation,0.98,42013,2804,0.06256554432469821,3003,1152,1652,1851,40162
WGNB011,validation,0.99,42317,2500,0.05578240399848272,3003,1056,1444,1947,40370
WGNB012,validation,0.01,33387,11430,0.255037151081063,3003,2355,9075,648,32739
WGNB012,validation,0.02,37572,7245,0.16165740678760293,3003,1981,5264,1022,36550
WGNB012,validation,0.03,37896,6921,0.15442800722939956,3003,1948,4973,1055,36841
WGNB012,validation,0.04,38164,6653,0.14844813352076222,3003,1924,4729,1079,37085
WGNB012,validation,0.05,38397,6420,0.14324921346810363,3003,1902,4518,1101,37296
WGNB012,validation,0.06,38888,5929,0.13229354932280163,3003,1832,4097,1171,37717
WGNB012,validation,0.07,38903,5914,0.1319588548988107,3003,1831,4083,1172,37731
WGNB012,validation,0.08,38916,5901,0.1316687863980186,3003,1831,4070,1172,37744
WGNB012,validation,0.09,38961,5856,0.13066470312604592,3003,1826,4030,1177,37784
WGNB012,validation,0.1,39130,5687,0.12689381261574847,3003,1802,3885,1201,37929
WGNB012,validation,0.11,39168,5649,0.12604592007497156,3003,1800,3849,1203,37965
WGNB012,validation,0.12,39444,5373,0.11988754267353906,3003,1747,3626,1256,38188
WGNB012,validation,0.13,39703,5114,0.11410848561929625,3003,1693,3421,1310,38393
WGNB012,validation,0.14,39744,5073,0.11319365419372113,3003,1691,3382,1312,38432
WGNB012,validation,0.15,39752,5065,0.11301515050092599,3003,1691,3374,1312,38440
WGNB012,validation,0.16,39798,5019,0.11198875426735391,3003,1687,3332,1316,38482
WGNB012,validation,0.17,39819,4998,0.11152018207376665,3003,1685,3313,1318,38501
WGNB012,validation,0.18,39841,4976,0.11102929691858,3003,1680,3296,1323,38518
WGNB012,validation,0.19,39841,4976,0.11102929691858,3003,1680,3296,1323,38518
WGNB012,validation,0.2,39841,4976,0.11102929691858,3003,1680,3296,1323,38518
WGNB012,validation,0.21,39841,4976,0.11102929691858,3003,1680,3296,1323,38518
WGNB012,validation,0.22,39875,4942,0.11027065622420064,3003,1676,3266,1327,38548
WGNB012,validation,0.23,39875,4942,0.11027065622420064,3003,1676,3266,1327,38548
WGNB012,validation,0.24,39879,4938,0.11018140437780306,3003,1676,3262,1327,38552
WGNB012,validation,0.25,39879,4938,0.11018140437780306,3003,1676,3262,1327,38552
WGNB012,validation,0.26,39923,4894,0.10919963406742977,3003,1668,3226,1335,38588
WGNB012,validation,0.27,39954,4863,0.10850793225784859,3003,1660,3203,1343,38611
WGNB012,validation,0.28,39980,4837,0.10792779525626436,3003,1656,3181,1347,38633
WGNB012,validation,0.29,39980,4837,0.10792779525626436,3003,1656,3181,1347,38633
WGNB012,validation,0.3,39985,4832,0.1078162304482674,3003,1656,3176,1347,38638
WGNB012,validation,0.31,40007,4810,0.10732534529308076,3003,1648,3162,1355,38652
WGNB012,validation,0.32,40034,4783,0.10672289532989714,3003,1637,3146,1366,38668
WGNB012,validation,0.33,40090,4727,0.10547336948033112,3003,1609,3118,1394,38696
WGNB012,validation,0.34,40090,4727,0.10547336948033112,3003,1609,3118,1394,38696
WGNB012,validation,0.35,40090,4727,0.10547336948033112,3003,1609,3118,1394,38696
WGNB012,validation,0.36,40137,4680,0.10442466028515965,3003,1599,3081,1404,38733
WGNB012,validation,0.37,40137,4680,0.10442466028515965,3003,1599,3081,1404,38733
WGNB012,validation,0.38,40137,4680,0.10442466028515965,3003,1599,3081,1404,38733
WGNB012,validation,0.39,40137,4680,0.10442466028515965,3003,1599,3081,1404,38733
WGNB012,validation,0.4,40145,4672,0.10424615659236451,3003,1598,3074,1405,38740
WGNB012,validation,0.41,40180,4637,0.10346520293638575,3003,1590,3047,1413,38767
WGNB012,validation,0.42,40180,4637,0.10346520293638575,3003,1590,3047,1413,38767
WGNB012,validation,0.43,40209,4608,0.10281812705000334,3003,1583,3025,1420,38789
WGNB012,validation,0.44,40209,4608,0.10281812705000334,3003,1583,3025,1420,38789
WGNB012,validation,0.45,40209,4608,0.10281812705000334,3003,1583,3025,1420,38789
WGNB012,validation,0.46,40209,4608,0.10281812705000334,3003,1583,3025,1420,38789
WGNB012,validation,0.47,40209,4608,0.10281812705000334,3003,1583,3025,1420,38789
WGNB012,validation,0.48,40209,4608,0.10281812705000334,3003,1583,3025,1420,38789
WGNB012,validation,0.49,40213,4604,0.10272887520360577,3003,1583,3021,1420,38793
WGNB012,validation,0.5,40213,4604,0.10272887520360577,3003,1583,3021,1420,38793
WGNB012,validation,0.51,40213,4604,0.10272887520360577,3003,1583,3021,1420,38793
WGNB012,validation,0.52,40222,4595,0.10252805854921124,3003,1579,3016,1424,38798
WGNB012,validation,0.53,40224,4593,0.10248343262601245,3003,1579,3014,1424,38800
WGNB012,validation,0.54,40224,4593,0.10248343262601245,3003,1579,3014,1424,38800
WGNB012,validation,0.55,40233,4584,0.10228261597161792,3003,1578,3006,1425,38808
WGNB012,validation,0.56,40271,4546,0.10143472343084098,3003,1568,2978,1435,38836
WGNB012,validation,0.57,40271,4546,0.10143472343084098,3003,1568,2978,1435,38836
WGNB012,validation,0.58,40271,4546,0.10143472343084098,3003,1568,2978,1435,38836
WGNB012,validation,0.59,40271,4546,0.10143472343084098,3003,1568,2978,1435,38836
WGNB012,validation,0.6,40276,4541,0.10132315862284401,3003,1567,2974,1436,38840
WGNB012,validation,0.61,40283,4534,0.10116696789164825,3003,1564,2970,1439,38844
WGNB012,validation,0.62,40371,4446,0.09920342727090167,3003,1545,2901,1458,38913
WGNB012,validation,0.63,40376,4441,0.0990918624629047,3003,1545,2896,1458,38918
WGNB012,validation,0.64,40443,4374,0.09759689403574537,3003,1529,2845,1474,38969
WGNB012,validation,0.65,40443,4374,0.09759689403574537,3003,1529,2845,1474,38969
WGNB012,validation,0.66,40453,4364,0.09737376441975143,3003,1527,2837,1476,38977
WGNB012,validation,0.67,40465,4352,0.09710600888055872,3003,1522,2830,1481,38984
WGNB012,validation,0.68,40465,4352,0.09710600888055872,3003,1522,2830,1481,38984
WGNB012,validation,0.69,40465,4352,0.09710600888055872,3003,1522,2830,1481,38984
WGNB012,validation,0.7,40465,4352,0.09710600888055872,3003,1522,2830,1481,38984
WGNB012,validation,0.71,40471,4346,0.09697213111096235,3003,1521,2825,1482,38989
WGNB012,validation,0.72,40477,4340,0.096838253341366,3003,1519,2821,1484,38993
WGNB012,validation,0.73,40482,4335,0.09672668853336903,3003,1517,2818,1486,38996
WGNB012,validation,0.74,40497,4320,0.09639199410937814,3003,1512,2808,1491,39006
WGNB012,validation,0.75,40497,4320,0.09639199410937814,3003,1512,2808,1491,39006
WGNB012,validation,0.76,40535,4282,0.0955441015686012,3003,1507,2775,1496,39039
WGNB012,validation,0.77,40535,4282,0.0955441015686012,3003,1507,2775,1496,39039
WGNB012,validation,0.78,40537,4280,0.09549947564540241,3003,1506,2774,1497,39040
WGNB012,validation,0.79,40539,4278,0.09545484972220362,3003,1506,2772,1497,39042
WGNB012,validation,0.8,40553,4264,0.09514246825981212,3003,1503,2761,1500,39053
WGNB012,validation,0.81,40574,4243,0.09467389606622487,3003,1497,2746,1506,39068
WGNB012,validation,0.82,40587,4230,0.09438382756543276,3003,1495,2735,1508,39079
WGNB012,validation,0.83,40594,4223,0.094227636834237,3003,1494,2729,1509,39085
WGNB012,validation,0.84,40594,4223,0.094227636834237,3003,1494,2729,1509,39085
WGNB012,validation,0.85,40628,4189,0.09346899613985764,3003,1487,2702,1516,39112
WGNB012,validation,0.86,40654,4163,0.09288885913827342,3003,1477,2686,1526,39128
WGNB012,validation,0.87,40654,4163,0.09288885913827342,3003,1477,2686,1526,39128
WGNB012,validation,0.88,40681,4136,0.0922864091750898,3003,1467,2669,1536,39145
WGNB012,validation,0.89,40693,4124,0.09201865363589709,3003,1464,2660,1539,39154
WGNB012,validation,0.9,40693,4124,0.09201865363589709,3003,1464,2660,1539,39154
WGNB012,validation,0.91,40736,4081,0.0910591962871232,3003,1456,2625,1547,39189
WGNB012,validation,0.92,40787,4030,0.08992123524555415,3003,1449,2581,1554,39233
WGNB012,validation,0.93,40791,4026,0.08983198339915657,3003,1449,2577,1554,39237
WGNB012,validation,0.94,40833,3984,0.08889483901198206,3003,1441,2543,1562,39271
WGNB012,validation,0.95,40849,3968,0.08853783162639177,3003,1437,2531,1566,39283
WGNB012,validation,0.96,40854,3963,0.0884262668183948,3003,1437,2526,1566,39288
WGNB012,validation,0.97,40980,3837,0.08561483365687128,3003,1413,2424,1590,39390
WGNB012,validation,0.98,41159,3658,0.08162081353057991,3003,1383,2275,1620,39539
WGNB012,validation,0.99,41391,3426,0.07644420643952071,3003,1354,2072,1649,39742
WGNB013,validation,0.01,32725,12092,0.26980833165986123,3003,2410,9682,593,32132
WGNB013,validation,0.02,36518,8299,0.18517526831336323,3003,2087,6212,916,35602
WGNB013,validation,0.03,37086,7731,0.17250150612490797,3003,2034,5697,969,36117
WGNB013,validation,0.04,37602,7215,0.16098801793962111,3003,1993,5222,1010,36592
WGNB013,validation,0.05,37958,6859,0.1530446036102372,3003,1956,4903,1047,36911
WGNB013,validation,0.06,38247,6570,0.1465961577080126,3003,1922,4648,1081,37166
WGNB013,validation,0.07,38507,6310,0.14079478769217038,3003,1886,4424,1117,37390
WGNB013,validation,0.08,38651,6166,0.13758172122185777,3003,1873,4293,1130,37521
WGNB013,validation,0.09,38780,6037,0.13470334917553606,3003,1850,4187,1153,37627
WGNB013,validation,0.1,38921,5896,0.13155722159002164,3003,1833,4063,1170,37751
WGNB013,validation,0.11,38987,5830,0.1300845661244617,3003,1829,4001,1174,37813
WGNB013,validation,0.12,39118,5699,0.1271615681549412,3003,1807,3892,1196,37922
WGNB013,validation,0.13,39245,5572,0.12432782203181829,3003,1790,3782,1213,38032
WGNB013,validation,0.14,39372,5445,0.12149407590869536,3003,1767,3678,1236,38136
WGNB013,validation,0.15,39542,5275,0.11770087243679854,3003,1732,3543,1271,38271
WGNB013,validation,0.16,39559,5258,0.11732155208960886,3003,1731,3527,1272,38287
WGNB013,validation,0.17,39594,5223,0.1165405984336301,3003,1730,3493,1273,38321
WGNB013,validation,0.18,39634,5183,0.11564807996965437,3003,1726,3457,1277,38357
WGNB013,validation,0.19,39670,5147,0.11484481335207622,3003,1719,3428,1284,38386
WGNB013,validation,0.2,39690,5127,0.11439855412008836,3003,1713,3414,1290,38400
WGNB013,validation,0.21,39730,5087,0.11350603565611264,3003,1707,3380,1296,38434
WGNB013,validation,0.22,39760,5057,0.11283664680813084,3003,1703,3354,1300,38460
WGNB013,validation,0.23,39766,5051,0.11270276903853449,3003,1702,3349,1301,38465
WGNB013,validation,0.24,39773,5044,0.11254657830733873,3003,1702,3342,1301,38472
WGNB013,validation,0.25,39792,5025,0.11212263203695026,3003,1699,3326,1304,38488
WGNB013,validation,0.26,39807,5010,0.11178793761295937,3003,1697,3313,1306,38501
WGNB013,validation,0.27,39850,4967,0.11082848026418547,3003,1693,3274,1310,38540
WGNB013,validation,0.28,39873,4944,0.11031528214739943,3003,1685,3259,1318,38555
WGNB013,validation,0.29,39893,4924,0.10986902291541156,3003,1684,3240,1319,38574
WGNB013,validation,0.3,39912,4905,0.10944507664502309,3003,1677,3228,1326,38586
WGNB013,validation,0.31,39925,4892,0.10915500814423099,3003,1675,3217,1328,38597
WGNB013,validation,0.32,39947,4870,0.10866412298904433,3003,1670,3200,1333,38614
WGNB013,validation,0.33,39962,4855,0.10832942856505344,3003,1664,3191,1339,38623
WGNB013,validation,0.34,39985,4832,0.1078162304482674,3003,1660,3172,1343,38642
WGNB013,validation,0.35,39997,4820,0.10754847490907468,3003,1654,3166,1349,38648
WGNB013,validation,0.36,40017,4800,0.10710221567708682,3003,1651,3149,1352,38665
WGNB013,validation,0.37,40071,4746,0.10589731575071959,3003,1623,3123,1380,38691
WGNB013,validation,0.38,40072,4745,0.1058750027891202,3003,1623,3122,1380,38692
WGNB013,validation,0.39,40084,4733,0.10560724724992748,3003,1620,3113,1383,38701
WGNB013,validation,0.4,40096,4721,0.10533949171073477,3003,1619,3102,1384,38712
WGNB013,validation,0.41,40106,4711,0.10511636209474083,3003,1615,3096,1388,38718
WGNB013,validation,0.42,40109,4708,0.10504942320994265,3003,1614,3094,1389,38720
WGNB013,validation,0.43,40120,4697,0.10480398063234933,3003,1610,3087,1393,38727
WGNB013,validation,0.44,40122,4695,0.10475935470915054,3003,1610,3085,1393,38729
WGNB013,validation,0.45,40131,4686,0.10455853805475601,3003,1609,3077,1394,38737
WGNB013,validation,0.46,40143,4674,0.10429078251556329,3003,1607,3067,1396,38747
WGNB013,validation,0.47,40155,4662,0.10402302697637057,3003,1605,3057,1398,38757
WGNB013,validation,0.48,40176,4641,0.10355445478278331,3003,1603,3038,1400,38776
WGNB013,validation,0.49,40189,4628,0.10326438628199121,3003,1601,3027,1402,38787
WGNB013,validation,0.5,40189,4628,0.10326438628199121,3003,1601,3027,1402,38787
WGNB013,validation,0.51,40191,4626,0.10321976035879242,3003,1601,3025,1402,38789
WGNB013,validation,0.52,40194,4623,0.10315282147399424,3003,1600,3023,1403,38791
WGNB013,validation,0.53,40200,4617,0.10301894370439789,3003,1598,3019,1405,38795
WGNB013,validation,0.54,40229,4588,0.10237186781801548,3003,1590,2998,1413,38816
WGNB013,validation,0.55,40245,4572,0.10201486043242519,3003,1583,2989,1420,38825
WGNB013,validation,0.56,40259,4558,0.10170247897003369,3003,1578,2980,1425,38834
WGNB013,validation,0.57,40265,4552,0.10156860120043733,3003,1574,2978,1429,38836
WGNB013,validation,0.58,40270,4547,0.10145703639244037,3003,1573,2974,1430,38840
WGNB013,validation,0.59,40275,4542,0.1013454715844434,3003,1573,2969,1430,38845
WGNB013,validation,0.6,40296,4521,0.10087689939085615,3003,1570,2951,1433,38863
WGNB013,validation,0.61,40300,4517,0.10078764754445857,3003,1569,2948,1434,38866
WGNB013,validation,0.62,40321,4496,0.10031907535087133,3003,1566,2930,1437,38884
WGNB013,validation,0.63,40335,4482,0.10000669388847981,3003,1564,2918,1439,38896
WGNB013,validation,0.64,40340,4477,0.09989512908048286,3003,1564,2913,1439,38901
WGNB013,validation,0.65,40354,4463,0.09958274761809136,3003,1561,2902,1442,38912
WGNB013,validation,0.66,40377,4440,0.09906954950130531,3003,1554,2886,1449,38928
WGNB013,validation,0.67,40411,4406,0.09831090880692595,3003,1542,2864,1461,38950
WGNB013,validation,0.68,40431,4386,0.09786464957493808,3003,1538,2848,1465,38966
WGNB013,validation,0.69,40431,4386,0.09786464957493808,3003,1538,2848,1465,38966
WGNB013,validation,0.7,40442,4375,0.09761920699734476,3003,1538,2837,1465,38977
WGNB013,validation,0.71,40451,4366,0.09741839034295022,3003,1535,2831,1468,38983
WGNB013,validation,0.72,40458,4359,0.09726219961175447,3003,1534,2825,1469,38989
WGNB013,validation,0.73,40460,4357,0.09721757368855569,3003,1534,2823,1469,38991
WGNB013,validation,0.74,40465,4352,0.09710600888055872,3003,1532,2820,1471,38994
WGNB013,validation,0.75,40473,4344,0.09692750518776357,3003,1528,2816,1475,38998
WGNB013,validation,0.76,40493,4324,0.09648124595577572,3003,1521,2803,1482,39011
WGNB013,validation,0.77,40516,4301,0.09596804783898967,3003,1514,2787,1489,39027
WGNB013,validation,0.78,40520,4297,0.0958787959925921,3003,1514,2783,1489,39031
WGNB013,validation,0.79,40530,4287,0.09565566637659817,3003,1514,2773,1489,39041
WGNB013,validation,0.8,40536,4281,0.0955217886070018,3003,1513,2768,1490,39046
WGNB013,validation,0.81,40564,4253,0.0948970256822188,3003,1507,2746,1496,39068
WGNB013,validation,0.82,40566,4251,0.09485239975902002,3003,1507,2744,1496,39070
WGNB013,validation,0.83,40579,4238,0.09456233125822791,3003,1505,2733,1498,39081
WGNB013,validation,0.84,40606,4211,0.09395988129504429,3003,1498,2713,1505,39101
WGNB013,validation,0.85,40618,4199,0.09369212575585158,3003,1494,2705,1509,39109
WGNB013,validation,0.86,40622,4195,0.093602873909454,3003,1492,2703,1511,39111
WGNB013,validation,0.87,40634,4183,0.09333511837026129,3003,1487,2696,1516,39118
WGNB013,validation,0.88,40678,4139,0.09235334805988799,3003,1468,2671,1535,39143
WGNB013,validation,0.89,40691,4126,0.09206327955909588,3003,1464,2662,1539,39152
WGNB013,validation,0.9,40721,4096,0.09139389071111409,3003,1460,2636,1543,39178
WGNB013,validation,0.91,40729,4088,0.09121538701831894,3003,1459,2629,1544,39185
WGNB013,validation,0.92,40764,4053,0.09043443336234018,3003,1455,2598,1548,39216
WGNB013,validation,0.93,40802,4015,0.08958654082156324,3003,1448,2567,1555,39247
WGNB013,validation,0.94,40828,3989,0.08900640381997903,3003,1441,2548,1562,39266
WGNB013,validation,0.95,40868,3949,0.0881138853560033,3003,1433,2516,1570,39298
WGNB013,validation,0.96,40920,3897,0.08695361135283486,3003,1425,2472,1578,39342
WGNB013,validation,0.97,41002,3815,0.08512394850168463,3003,1410,2405,1593,39409
WGNB013,validation,0.98,41126,3691,0.08235714126335988,3003,1394,2297,1609,39517
WGNB013,validation,0.99,41362,3455,0.07709128232590312,3003,1357,2098,1646,39716
WGNB014,validation,0.01,32756,12061,0.26911662985028,3003,2414,9647,589,32167
WGNB014,validation,0.02,35627,9190,0.20505611709842247,3003,2167,7023,836,34791
WGNB014,validation,0.03,36894,7923,0.17678559475199143,3003,2056,5867,947,35947
WGNB014,validation,0.04,37475,7342,0.16382176406274404,3003,2009,5333,994,36481
WGNB014,validation,0.05,37893,6924,0.15449494611419773,3003,1969,4955,1034,36859
WGNB014,validation,0.06,38116,6701,0.14951915567753307,3003,1939,4762,1064,37052
WGNB014,validation,0.07,38402,6415,0.14313764866010664,3003,1902,4513,1101,37301
WGNB014,validation,0.08,38568,6249,0.1394336970346074,3003,1880,4369,1123,37445
WGNB014,validation,0.09,38709,6108,0.13628756944909298,3003,1862,4246,1141,37568
WGNB014,validation,0.1,38838,5979,0.13340919740277127,3003,1840,4139,1163,37675
WGNB014,validation,0.11,38952,5865,0.13086551978044045,3003,1823,4042,1180,37772
WGNB014,validation,0.12,39052,5765,0.12863422362050114,3003,1814,3951,1189,37863
WGNB014,validation,0.13,39155,5662,0.12633598857576367,3003,1800,3862,1203,37952
WGNB014,validation,0.14,39237,5580,0.12450632572461343,3003,1789,3791,1214,38023
WGNB014,validation,0.15,39304,5513,0.12301135729745409,3003,1784,3729,1219,38085
WGNB014,validation,0.16,39422,5395,0.12037842782872571,3003,1762,3633,1241,38181
WGNB014,validation,0.17,39478,5339,0.1191289019791597,3003,1755,3584,1248,38230
WGNB014,validation,0.18,39514,5303,0.11832563536158154,3003,1753,3550,1250,38264
WGNB014,validation,0.19,39568,5249,0.11712073543521431,3003,1746,3503,1257,38311
WGNB014,validation,0.2,39616,5201,0.11604971327844345,3003,1732,3469,1271,38345
WGNB014,validation,0.21,39668,5149,0.11488943927527501,3003,1725,3424,1278,38390
WGNB014,validation,0.22,39684,5133,0.11453243188968472,3003,1721,3412,1282,38402
WGNB014,validation,0.23,39721,5096,0.11370685231050717,3003,1713,3383,1290,38431
WGNB014,validation,0.24,39744,5073,0.11319365419372113,3003,1708,3365,1295,38449
WGNB014,validation,0.25,39773,5044,0.11254657830733873,3003,1706,3338,1297,38476
WGNB014,validation,0.26,39792,5025,0.11212263203695026,3003,1702,3323,1301,38491
WGNB014,validation,0.27,39811,5006,0.11169868576656179,3003,1698,3308,1305,38506
WGNB014,validation,0.28,39849,4968,0.11085079322578485,3003,1688,3280,1315,38534
WGNB014,validation,0.29,39865,4952,0.11049378584019456,3003,1685,3267,1318,38547
WGNB014,validation,0.3,39890,4927,0.10993596180020974,3003,1678,3249,1325,38565
WGNB014,validation,0.31,39903,4914,0.10964589329941764,3003,1676,3238,1327,38576
WGNB014,validation,0.32,39913,4904,0.1094227636834237,3003,1673,3231,1330,38583
WGNB014,validation,0.33,39931,4886,0.10902113037463462,3003,1668,3218,1335,38596
WGNB014,validation,0.34,39948,4869,0.10864181002744494,3003,1663,3206,1340,38608
WGNB014,validation,0.35,39961,4856,0.10835174152665283,3003,1660,3196,1343,38618
WGNB014,validation,0.36,39975,4842,0.10803936006426133,3003,1655,3187,1348,38627
WGNB014,validation,0.37,39998,4819,0.10752616194747529,3003,1650,3169,1353,38645
WGNB014,validation,0.38,40007,4810,0.10732534529308076,3003,1649,3161,1354,38653
WGNB014,validation,0.39,40043,4774,0.1065220786755026,3003,1635,3139,1368,38675
WGNB014,validation,0.4,40051,4766,0.10634357498270745,3003,1633,3133,1370,38681
WGNB014,validation,0.41,40069,4748,0.10594194167391838,3003,1631,3117,1372,38697
WGNB014,validation,0.42,40074,4743,0.10583037686592141,3003,1630,3113,1373,38701
WGNB014,validation,0.43,40081,4736,0.10567418613472566,3003,1630,3106,1373,38708
WGNB014,validation,0.44,40098,4719,0.10529486578753598,3003,1623,3096,1380,38718
WGNB014,validation,0.45,40119,4698,0.10482629359394872,3003,1615,3083,1388,38731
WGNB014,validation,0.46,40129,4688,0.1046031639779548,3003,1612,3076,1391,38738
WGNB014,validation,0.47,40139,4678,0.10438003436196086,3003,1610,3068,1393,38746
WGNB014,validation,0.48,40150,4667,0.10413459178436754,3003,1608,3059,1395,38755
WGNB014,validation,0.49,40161,4656,0.10388914920677421,3003,1605,3051,1398,38763
WGNB014,validation,0.5,40170,4647,0.10368833255237968,3003,1602,3045,1401,38769
WGNB014,validation,0.51,40178,4639,0.10350982885958453,3003,1602,3037,1401,38777
WGNB014,validation,0.52,40189,4628,0.10326438628199121,3003,1599,3029,1404,38785
WGNB014,validation,0.53,40197,4620,0.10308588258919607,3003,1597,3023,1406,38791
WGNB014,validation,0.54,40211,4606,0.10277350112680456,3003,1594,3012,1409,38802
WGNB014,validation,0.55,40218,4599,0.10261731039560881,3003,1592,3007,1411,38807
WGNB014,validation,0.56,40226,4591,0.10243880670281366,3003,1591,3000,1412,38814
WGNB014,validation,0.57,40243,4574,0.10205948635562398,3003,1587,2987,1416,38827
WGNB014,validation,0.58,40253,4564,0.10183635673963005,3003,1584,2980,1419,38834
WGNB014,validation,0.59,40260,4557,0.1016801660084343,3003,1579,2978,1424,38836
WGNB014,validation,0.6,40279,4538,0.10125621973804583,3003,1573,2965,1430,38849
WGNB014,validation,0.61,40287,4530,0.10107771604525069,3003,1572,2958,1431,38856
WGNB014,validation,0.62,40303,4514,0.1007207086596604,3003,1569,2945,1434,38869
WGNB014,validation,0.63,40315,4502,0.10045295312046768,3003,1566,2936,1437,38878
WGNB014,validation,0.64,40332,4485,0.10007363277327799,3003,1562,2923,1441,38891
WGNB014,validation,0.65,40339,4478,0.09991744204208225,3003,1561,2917,1442,38897
WGNB014,validation,0.66,40356,4461,0.09953812169489257,3003,1556,2905,1447,38909
WGNB014,validation,0.67,40365,4452,0.09933730504049802,3003,1553,2899,1450,38915
WGNB014,validation,0.68,40386,4431,0.09886873284691076,3003,1550,2881,1453,38933
WGNB014,validation,0.69,40401,4416,0.09853403842291987,3003,1547,2869,1456,38945
WGNB014,validation,0.7,40417,4400,0.09817703103732958,3003,1543,2857,1460,38957
WGNB014,validation,0.71,40427,4390,0.09795390142133566,3003,1541,2849,1462,38965
WGNB014,validation,0.72,40440,4377,0.09766383292054355,3003,1538,2839,1465,38975
WGNB014,validation,0.73,40457,4360,0.09728451257335387,3003,1535,2825,1468,38989
WGNB014,validation,0.74,40468,4349,0.09703906999576054,3003,1534,2815,1469,38999
WGNB014,validation,0.75,40475,4342,0.09688287926456479,3003,1531,2811,1472,39003
WGNB014,validation,0.76,40485,4332,0.09665974964857085,3003,1529,2803,1474,39011
WGNB014,validation,0.77,40498,4319,0.09636968114777875,3003,1523,2796,1480,39018
WGNB014,validation,0.78,40513,4304,0.09603498672378785,3003,1520,2784,1483,39030
WGNB014,validation,0.79,40526,4291,0.09574491822299573,3003,1514,2777,1489,39037
WGNB014,validation,0.8,40540,4277,0.09543253676060423,3003,1511,2766,1492,39048
WGNB014,validation,0.81,40553,4264,0.09514246825981212,3003,1509,2755,1494,39059
WGNB014,validation,0.82,40563,4254,0.0949193386438182,3003,1507,2747,1496,39067
WGNB014,validation,0.83,40586,4231,0.09440614052703215,3003,1502,2729,1501,39085
WGNB014,validation,0.84,40598,4219,0.09413838498783944,3003,1496,2723,1507,39091
WGNB014,validation,0.85,40622,4195,0.093602873909454,3003,1492,2703,1511,39111
WGNB014,validation,0.86,40638,4179,0.09324586652386371,3003,1488,2691,1515,39123
WGNB014,validation,0.87,40654,4163,0.09288885913827342,3003,1482,2681,1521,39133
WGNB014,validation,0.88,40673,4144,0.09246491286788495,3003,1479,2665,1524,39149
WGNB014,validation,0.89,40699,4118,0.09188477586630073,3003,1470,2648,1533,39166
WGNB014,validation,0.9,40722,4095,0.0913715777495147,3003,1464,2631,1539,39183
WGNB014,validation,0.91,40756,4061,0.09061293705513533,3003,1457,2604,1546,39210
WGNB014,validation,0.92,40776,4041,0.09016667782314747,3003,1455,2586,1548,39228
WGNB014,validation,0.93,40807,4010,0.08947497601356628,3003,1449,2561,1554,39253
WGNB014,validation,0.94,40848,3969,0.08856014458799116,3003,1435,2534,1568,39280
WGNB014,validation,0.95,40877,3940,0.08791306870160877,3003,1429,2511,1574,39303
WGNB014,validation,0.96,40927,3890,0.08679742062163912,3003,1421,2469,1582,39345
WGNB014,validation,0.97,41007,3810,0.08501238369368766,3003,1411,2399,1592,39415
WGNB014,validation,0.98,41136,3681,0.08213401164736596,3003,1396,2285,1607,39529
WGNB014,validation,0.99,41344,3473,0.0774929156346922,3003,1365,2108,1638,39706
WLOG001,validation,0.01,0,44817,1.0,3003,3003,41814,0,0
WLOG001,validation,0.02,11290,33527,0.748086663542852,3003,2836,30691,167,11123
WLOG001,validation,0.03,19073,25744,0.5744248834147756,3003,2672,23072,331,18742
WLOG001,validation,0.04,27774,17043,0.3802798045384564,3003,2383,14660,620,27154
WLOG001,validation,0.05,27774,17043,0.3802798045384564,3003,2383,14660,620,27154
WLOG001,validation,0.06,32498,12319,0.27487337394292344,3003,2088,10231,915,31583
WLOG001,validation,0.07,32498,12319,0.27487337394292344,3003,2088,10231,915,31583
WLOG001,validation,0.08,32498,12319,0.27487337394292344,3003,2088,10231,915,31583
WLOG001,validation,0.09,32498,12319,0.27487337394292344,3003,2088,10231,915,31583
WLOG001,validation,0.1,32498,12319,0.27487337394292344,3003,2088,10231,915,31583
WLOG001,validation,0.11,36589,8228,0.18359104803980633,3003,1708,6520,1295,35294
WLOG001,validation,0.12,36589,8228,0.18359104803980633,3003,1708,6520,1295,35294
WLOG001,validation,0.13,36589,8228,0.18359104803980633,3003,1708,6520,1295,35294
WLOG001,validation,0.14,36589,8228,0.18359104803980633,3003,1708,6520,1295,35294
WLOG001,validation,0.15,36589,8228,0.18359104803980633,3003,1708,6520,1295,35294
WLOG001,validation,0.16,36589,8228,0.18359104803980633,3003,1708,6520,1295,35294
WLOG001,validation,0.17,36589,8228,0.18359104803980633,3003,1708,6520,1295,35294
WLOG001,validation,0.18,36589,8228,0.18359104803980633,3003,1708,6520,1295,35294
WLOG001,validation,0.19,43817,1000,0.022312961599393086,3003,395,605,2608,41209
WLOG001,validation,0.2,43817,1000,0.022312961599393086,3003,395,605,2608,41209
WLOG001,validation,0.21,43817,1000,0.022312961599393086,3003,395,605,2608,41209
WLOG001,validation,0.22,43817,1000,0.022312961599393086,3003,395,605,2608,41209
WLOG001,validation,0.23,43817,1000,0.022312961599393086,3003,395,605,2608,41209
WLOG001,validation,0.24,43817,1000,0.022312961599393086,3003,395,605,2608,41209
WLOG001,validation,0.25,43817,1000,0.022312961599393086,3003,395,605,2608,41209
WLOG001,validation,0.26,43817,1000,0.022312961599393086,3003,395,605,2608,41209
WLOG001,validation,0.27,43817,1000,0.022312961599393086,3003,395,605,2608,41209
WLOG001,validation,0.28,43817,1000,0.022312961599393086,3003,395,605,2608,41209
WLOG001,validation,0.29,43817,1000,0.022312961599393086,3003,395,605,2608,41209
WLOG001,validation,0.3,43817,1000,0.022312961599393086,3003,395,605,2608,41209
WLOG001,validation,0.31,43817,1000,0.022312961599393086,3003,395,605,2608,41209
WLOG001,validation,0.32,43817,1000,0.022312961599393086,3003,395,605,2608,41209
WLOG001,validation,0.33,43817,1000,0.022312961599393086,3003,395,605,2608,41209
WLOG001,validation,0.34,43817,1000,0.022312961599393086,3003,395,605,2608,41209
WLOG001,validation,0.35,43817,1000,0.022312961599393086,3003,395,605,2608,41209
WLOG001,validation,0.36,43817,1000,0.022312961599393086,3003,395,605,2608,41209
WLOG001,validation,0.37,43817,1000,0.022312961599393086,3003,395,605,2608,41209
WLOG001,validation,0.38,44817,0,0.0,3003,0,0,3003,41814
WLOG001,validation,0.39,44817,0,0.0,3003,0,0,3003,41814
WLOG001,validation,0.4,44817,0,0.0,3003,0,0,3003,41814
WLOG001,validation,0.41,44817,0,0.0,3003,0,0,3003,41814
WLOG001,validation,0.42,44817,0,0.0,3003,0,0,3003,41814
WLOG001,validation,0.43,44817,0,0.0,3003,0,0,3003,41814
WLOG001,validation,0.44,44817,0,0.0,3003,0,0,3003,41814
WLOG001,validation,0.45,44817,0,0.0,3003,0,0,3003,41814
WLOG001,validation,0.46,44817,0,0.0,3003,0,0,3003,41814
WLOG001,validation,0.47,44817,0,0.0,3003,0,0,3003,41814
WLOG001,validation,0.48,44817,0,0.0,3003,0,0,3003,41814
WLOG001,validation,0.49,44817,0,0.0,3003,0,0,3003,41814
WLOG001,validation,0.5,44817,0,0.0,3003,0,0,3003,41814
WLOG001,validation,0.51,44817,0,0.0,3003,0,0,3003,41814
WLOG001,validation,0.52,44817,0,0.0,3003,0,0,3003,41814
WLOG001,validation,0.53,44817,0,0.0,3003,0,0,3003,41814
WLOG001,validation,0.54,44817,0,0.0,3003,0,0,3003,41814
WLOG001,validation,0.55,44817,0,0.0,3003,0,0,3003,41814
WLOG001,validation,0.56,44817,0,0.0,3003,0,0,3003,41814
WLOG001,validation,0.57,44817,0,0.0,3003,0,0,3003,41814
WLOG001,validation,0.58,44817,0,0.0,3003,0,0,3003,41814
WLOG001,validation,0.59,44817,0,0.0,3003,0,0,3003,41814
WLOG001,validation,0.6,44817,0,0.0,3003,0,0,3003,41814
WLOG001,validation,0.61,44817,0,0.0,3003,0,0,3003,41814
WLOG001,validation,0.62,44817,0,0.0,3003,0,0,3003,41814
WLOG001,validation,0.63,44817,0,0.0,3003,0,0,3003,41814
WLOG001,validation,0.64,44817,0,0.0,3003,0,0,3003,41814
WLOG001,validation,0.65,44817,0,0.0,3003,0,0,3003,41814
WLOG001,validation,0.66,44817,0,0.0,3003,0,0,3003,41814
WLOG001,validation,0.67,44817,0,0.0,3003,0,0,3003,41814
WLOG001,validation,0.68,44817,0,0.0,3003,0,0,3003,41814
WLOG001,validation,0.69,44817,0,0.0,3003,0,0,3003,41814
WLOG001,validation,0.7,44817,0,0.0,3003,0,0,3003,41814
WLOG001,validation,0.71,44817,0,0.0,3003,0,0,3003,41814
WLOG001,validation,0.72,44817,0,0.0,3003,0,0,3003,41814
WLOG001,validation,0.73,44817,0,0.0,3003,0,0,3003,41814
WLOG001,validation,0.74,44817,0,0.0,3003,0,0,3003,41814
WLOG001,validation,0.75,44817,0,0.0,3003,0,0,3003,41814
WLOG001,validation,0.76,44817,0,0.0,3003,0,0,3003,41814
WLOG001,validation,0.77,44817,0,0.0,3003,0,0,3003,41814
WLOG001,validation,0.78,44817,0,0.0,3003,0,0,3003,41814
WLOG001,validation,0.79,44817,0,0.0,3003,0,0,3003,41814
WLOG001,validation,0.8,44817,0,0.0,3003,0,0,3003,41814
WLOG001,validation,0.81,44817,0,0.0,3003,0,0,3003,41814
WLOG001,validation,0.82,44817,0,0.0,3003,0,0,3003,41814
WLOG001,validation,0.83,44817,0,0.0,3003,0,0,3003,41814
WLOG001,validation,0.84,44817,0,0.0,3003,0,0,3003,41814
WLOG001,validation,0.85,44817,0,0.0,3003,0,0,3003,41814
WLOG001,validation,0.86,44817,0,0.0,3003,0,0,3003,41814
WLOG001,validation,0.87,44817,0,0.0,3003,0,0,3003,41814
WLOG001,validation,0.88,44817,0,0.0,3003,0,0,3003,41814
WLOG001,validation,0.89,44817,0,0.0,3003,0,0,3003,41814
WLOG001,validation,0.9,44817,0,0.0,3003,0,0,3003,41814
WLOG001,validation,0.91,44817,0,0.0,3003,0,0,3003,41814
WLOG001,validation,0.92,44817,0,0.0,3003,0,0,3003,41814
WLOG001,validation,0.93,44817,0,0.0,3003,0,0,3003,41814
WLOG001,validation,0.94,44817,0,0.0,3003,0,0,3003,41814
WLOG001,validation,0.95,44817,0,0.0,3003,0,0,3003,41814
WLOG001,validation,0.96,44817,0,0.0,3003,0,0,3003,41814
WLOG001,validation,0.97,44817,0,0.0,3003,0,0,3003,41814
WLOG001,validation,0.98,44817,0,0.0,3003,0,0,3003,41814
WLOG001,validation,0.99,44817,0,0.0,3003,0,0,3003,41814
WLOG002,validation,0.01,0,44817,1.0,3003,3003,41814,0,0
WLOG002,validation,0.02,11169,33648,0.7507865318963786,3003,2872,30776,131,11038
WLOG002,validation,0.03,21861,22956,0.5122163464756677,3003,2663,20293,340,21521
WLOG002,validation,0.04,27313,17504,0.3905660798357766,3003,2500,15004,503,26810
WLOG002,validation,0.05,31851,12966,0.2893098600977308,3003,2273,10693,730,31121
WLOG002,validation,0.06,31851,12966,0.2893098600977308,3003,2273,10693,730,31121
WLOG002,validation,0.07,31851,12966,0.2893098600977308,3003,2273,10693,730,31121
WLOG002,validation,0.08,35783,9034,0.20157529508891714,3003,1963,7071,1040,34743
WLOG002,validation,0.09,35783,9034,0.20157529508891714,3003,1963,7071,1040,34743
WLOG002,validation,0.1,35783,9034,0.20157529508891714,3003,1963,7071,1040,34743
WLOG002,validation,0.11,35879,8938,0.1994332507753754,3003,1948,6990,1055,34824
WLOG002,validation,0.12,35894,8923,0.19909855635138451,3003,1940,6983,1063,34831
WLOG002,validation,0.13,41825,2992,0.06676038110538411,3003,1202,1790,1801,40024
WLOG002,validation,0.14,41900,2917,0.06508690898542964,3003,1181,1736,1822,40078
WLOG002,validation,0.15,41988,2829,0.06312336836468305,3003,1168,1661,1835,40153
WLOG002,validation,0.16,42009,2808,0.06265479617109579,3003,1156,1652,1847,40162
WLOG002,validation,0.17,42009,2808,0.06265479617109579,3003,1156,1652,1847,40162
WLOG002,validation,0.18,42009,2808,0.06265479617109579,3003,1156,1652,1847,40162
WLOG002,validation,0.19,42009,2808,0.06265479617109579,3003,1156,1652,1847,40162
WLOG002,validation,0.2,42030,2787,0.06218622397750853,3003,1147,1640,1856,40174
WLOG002,validation,0.21,42035,2782,0.06207465916951157,3003,1145,1637,1858,40177
WLOG002,validation,0.22,42199,2618,0.0584153334672111,3003,1095,1523,1908,40291
WLOG002,validation,0.23,42199,2618,0.0584153334672111,3003,1095,1523,1908,40291
WLOG002,validation,0.24,42896,1921,0.04286319923243412,3003,883,1038,2120,40776
WLOG002,validation,0.25,42896,1921,0.04286319923243412,3003,883,1038,2120,40776
WLOG002,validation,0.26,42908,1909,0.042595443693241405,3003,879,1030,2124,40784
WLOG002,validation,0.27,42908,1909,0.042595443693241405,3003,879,1030,2124,40784
WLOG002,validation,0.28,42912,1905,0.04250619184684383,3003,878,1027,2125,40787
WLOG002,validation,0.29,42912,1905,0.04250619184684383,3003,878,1027,2125,40787
WLOG002,validation,0.3,42912,1905,0.04250619184684383,3003,878,1027,2125,40787
WLOG002,validation,0.31,43123,1694,0.03779815694937189,3003,809,885,2194,40929
WLOG002,validation,0.32,43123,1694,0.03779815694937189,3003,809,885,2194,40929
WLOG002,validation,0.33,43123,1694,0.03779815694937189,3003,809,885,2194,40929
WLOG002,validation,0.34,43123,1694,0.03779815694937189,3003,809,885,2194,40929
WLOG002,validation,0.35,43123,1694,0.03779815694937189,3003,809,885,2194,40929
WLOG002,validation,0.36,43123,1694,0.03779815694937189,3003,809,885,2194,40929
WLOG002,validation,0.37,43123,1694,0.03779815694937189,3003,809,885,2194,40929
WLOG002,validation,0.38,43142,1675,0.03737421067898342,3003,795,880,2208,40934
WLOG002,validation,0.39,43142,1675,0.03737421067898342,3003,795,880,2208,40934
WLOG002,validation,0.4,43142,1675,0.03737421067898342,3003,795,880,2208,40934
WLOG002,validation,0.41,43142,1675,0.03737421067898342,3003,795,880,2208,40934
WLOG002,validation,0.42,43183,1634,0.03645937925340831,3003,780,854,2223,40960
WLOG002,validation,0.43,43928,889,0.019836222861860455,3003,501,388,2502,41426
WLOG002,validation,0.44,43928,889,0.019836222861860455,3003,501,388,2502,41426
WLOG002,validation,0.45,43928,889,0.019836222861860455,3003,501,388,2502,41426
WLOG002,validation,0.46,43928,889,0.019836222861860455,3003,501,388,2502,41426
WLOG002,validation,0.47,43928,889,0.019836222861860455,3003,501,388,2502,41426
WLOG002,validation,0.48,43928,889,0.019836222861860455,3003,501,388,2502,41426
WLOG002,validation,0.49,43928,889,0.019836222861860455,3003,501,388,2502,41426
WLOG002,validation,0.5,43962,855,0.01907758216748109,3003,479,376,2524,41438
WLOG002,validation,0.51,43962,855,0.01907758216748109,3003,479,376,2524,41438
WLOG002,validation,0.52,43962,855,0.01907758216748109,3003,479,376,2524,41438
WLOG002,validation,0.53,43962,855,0.01907758216748109,3003,479,376,2524,41438
WLOG002,validation,0.54,43962,855,0.01907758216748109,3003,479,376,2524,41438
WLOG002,validation,0.55,44220,597,0.013320838074837674,3003,361,236,2642,41578
WLOG002,validation,0.56,44220,597,0.013320838074837674,3003,361,236,2642,41578
WLOG002,validation,0.57,44220,597,0.013320838074837674,3003,361,236,2642,41578
WLOG002,validation,0.58,44220,597,0.013320838074837674,3003,361,236,2642,41578
WLOG002,validation,0.59,44220,597,0.013320838074837674,3003,361,236,2642,41578
WLOG002,validation,0.6,44220,597,0.013320838074837674,3003,361,236,2642,41578
WLOG002,validation,0.61,44220,597,0.013320838074837674,3003,361,236,2642,41578
WLOG002,validation,0.62,44220,597,0.013320838074837674,3003,361,236,2642,41578
WLOG002,validation,0.63,44672,145,0.0032353794319119975,3003,101,44,2902,41770
WLOG002,validation,0.64,44672,145,0.0032353794319119975,3003,101,44,2902,41770
WLOG002,validation,0.65,44672,145,0.0032353794319119975,3003,101,44,2902,41770
WLOG002,validation,0.66,44672,145,0.0032353794319119975,3003,101,44,2902,41770
WLOG002,validation,0.67,44672,145,0.0032353794319119975,3003,101,44,2902,41770
WLOG002,validation,0.68,44672,145,0.0032353794319119975,3003,101,44,2902,41770
WLOG002,validation,0.69,44672,145,0.0032353794319119975,3003,101,44,2902,41770
WLOG002,validation,0.7,44672,145,0.0032353794319119975,3003,101,44,2902,41770
WLOG002,validation,0.71,44672,145,0.0032353794319119975,3003,101,44,2902,41770
WLOG002,validation,0.72,44672,145,0.0032353794319119975,3003,101,44,2902,41770
WLOG002,validation,0.73,44743,74,0.0016511591583550885,3003,56,18,2947,41796
WLOG002,validation,0.74,44743,74,0.0016511591583550885,3003,56,18,2947,41796
WLOG002,validation,0.75,44743,74,0.0016511591583550885,3003,56,18,2947,41796
WLOG002,validation,0.76,44743,74,0.0016511591583550885,3003,56,18,2947,41796
WLOG002,validation,0.77,44743,74,0.0016511591583550885,3003,56,18,2947,41796
WLOG002,validation,0.78,44743,74,0.0016511591583550885,3003,56,18,2947,41796
WLOG002,validation,0.79,44817,0,0.0,3003,0,0,3003,41814
WLOG002,validation,0.8,44817,0,0.0,3003,0,0,3003,41814
WLOG002,validation,0.81,44817,0,0.0,3003,0,0,3003,41814
WLOG002,validation,0.82,44817,0,0.0,3003,0,0,3003,41814
WLOG002,validation,0.83,44817,0,0.0,3003,0,0,3003,41814
WLOG002,validation,0.84,44817,0,0.0,3003,0,0,3003,41814
WLOG002,validation,0.85,44817,0,0.0,3003,0,0,3003,41814
WLOG002,validation,0.86,44817,0,0.0,3003,0,0,3003,41814
WLOG002,validation,0.87,44817,0,0.0,3003,0,0,3003,41814
WLOG002,validation,0.88,44817,0,0.0,3003,0,0,3003,41814
WLOG002,validation,0.89,44817,0,0.0,3003,0,0,3003,41814
WLOG002,validation,0.9,44817,0,0.0,3003,0,0,3003,41814
WLOG002,validation,0.91,44817,0,0.0,3003,0,0,3003,41814
WLOG002,validation,0.92,44817,0,0.0,3003,0,0,3003,41814
WLOG002,validation,0.93,44817,0,0.0,3003,0,0,3003,41814
WLOG002,validation,0.94,44817,0,0.0,3003,0,0,3003,41814
WLOG002,validation,0.95,44817,0,0.0,3003,0,0,3003,41814
WLOG002,validation,0.96,44817,0,0.0,3003,0,0,3003,41814
WLOG002,validation,0.97,44817,0,0.0,3003,0,0,3003,41814
WLOG002,validation,0.98,44817,0,0.0,3003,0,0,3003,41814
WLOG002,validation,0.99,44817,0,0.0,3003,0,0,3003,41814
WLOG003,validation,0.01,0,44817,1.0,3003,3003,41814,0,0
WLOG003,validation,0.02,17391,27426,0.6119552848249549,3003,2818,24608,185,17206
WLOG003,validation,0.03,24837,19980,0.4458129727558739,3003,2678,17302,325,24512
WLOG003,validation,0.04,29177,15640,0.34897471941450786,3003,2538,13102,465,28712
WLOG003,validation,0.05,29835,14982,0.3342927906821072,3003,2494,12488,509,29326
WLOG003,validation,0.06,33666,11151,0.24881183479483232,3003,2269,8882,734,32932
WLOG003,validation,0.07,33812,11005,0.24555414240132092,3003,2254,8751,749,33063
WLOG003,validation,0.08,33909,10908,0.2433897851261798,3003,2245,8663,758,33151
WLOG003,validation,0.09,39174,5643,0.1259120423053752,3003,1763,3880,1240,37934
WLOG003,validation,0.1,39283,5534,0.12347992949104135,3003,1747,3787,1256,38027
WLOG003,validation,0.11,39311,5506,0.12285516656625833,3003,1737,3769,1266,38045
WLOG003,validation,0.12,40110,4707,0.10502711024834327,3003,1621,3086,1382,38728
WLOG003,validation,0.13,40110,4707,0.10502711024834327,3003,1621,3086,1382,38728
WLOG003,validation,0.14,40121,4696,0.10478166767074994,3003,1617,3079,1386,38735
WLOG003,validation,0.15,40197,4620,0.10308588258919607,3003,1597,3023,1406,38791
WLOG003,validation,0.16,40220,4597,0.10257268447241003,3003,1590,3007,1413,38807
WLOG003,validation,0.17,40888,3929,0.08766762612401544,3003,1461,2468,1542,39346
WLOG003,validation,0.18,40888,3929,0.08766762612401544,3003,1461,2468,1542,39346
WLOG003,validation,0.19,41802,3015,0.06727357922217016,3003,1283,1732,1720,40082
WLOG003,validation,0.2,41908,2909,0.06490840529263449,3003,1252,1657,1751,40157
WLOG003,validation,0.21,41929,2888,0.06443983309904723,3003,1246,1642,1757,40172
WLOG003,validation,0.22,41935,2882,0.06430595532945088,3003,1242,1640,1761,40174
WLOG003,validation,0.23,42033,2784,0.06211928509271036,3003,1217,1567,1786,40247
WLOG003,validation,0.24,42033,2784,0.06211928509271036,3003,1217,1567,1786,40247
WLOG003,validation,0.25,42329,2488,0.05551464845929,3003,1124,1364,1879,40450
WLOG003,validation,0.26,42340,2477,0.055269205881696676,3003,1119,1358,1884,40456
WLOG003,validation,0.27,42341,2476,0.05524689292009728,3003,1118,1358,1885,40456
WLOG003,validation,0.28,42422,2395,0.053439543030546446,3003,1095,1300,1908,40514
WLOG003,validation,0.29,42425,2392,0.053372604145748265,3003,1093,1299,1910,40515
WLOG003,validation,0.3,42811,2006,0.044759800968382536,3003,972,1034,2031,40780
WLOG003,validation,0.31,42981,1836,0.04096659749648571,3003,900,936,2103,40878
WLOG003,validation,0.32,42982,1835,0.04094428453488631,3003,900,935,2103,40879
WLOG003,validation,0.33,43215,1602,0.035745364482227725,3003,820,782,2183,41032
WLOG003,validation,0.34,43234,1583,0.035321418211839255,3003,809,774,2194,41040
WLOG003,validation,0.35,43238,1579,0.035232166365441686,3003,807,772,2196,41042
WLOG003,validation,0.36,43270,1547,0.03451815159426111,3003,796,751,2207,41063
WLOG003,validation,0.37,43320,1497,0.03340250351429145,3003,784,713,2219,41101
WLOG003,validation,0.38,43320,1497,0.03340250351429145,3003,784,713,2219,41101
WLOG003,validation,0.39,43458,1359,0.030323314813575204,3003,732,627,2271,41187
WLOG003,validation,0.4,43532,1285,0.02867215565522012,3003,695,590,2308,41224
WLOG003,validation,0.41,43534,1283,0.02862752973202133,3003,693,590,2310,41224
WLOG003,validation,0.42,43534,1283,0.02862752973202133,3003,693,590,2310,41224
WLOG003,validation,0.43,43538,1279,0.02853827788562376,3003,691,588,2312,41226
WLOG003,validation,0.44,43539,1278,0.028515964924024365,3003,691,587,2312,41227
WLOG003,validation,0.45,43593,1224,0.02731106499765714,3003,664,560,2339,41254
WLOG003,validation,0.46,43701,1116,0.024901265144922687,3003,605,511,2398,41303
WLOG003,validation,0.47,43734,1083,0.024164937412142713,3003,593,490,2410,41324
WLOG003,validation,0.48,43734,1083,0.024164937412142713,3003,593,490,2410,41324
WLOG003,validation,0.49,43986,831,0.018542071089095655,3003,484,347,2519,41467
WLOG003,validation,0.5,43988,829,0.01849744516589687,3003,483,346,2520,41468
WLOG003,validation,0.51,43988,829,0.01849744516589687,3003,483,346,2520,41468
WLOG003,validation,0.52,43988,829,0.01849744516589687,3003,483,346,2520,41468
WLOG003,validation,0.53,43994,823,0.01836356739630051,3003,480,343,2523,41471
WLOG003,validation,0.54,44009,808,0.018028872972309616,3003,470,338,2533,41476
WLOG003,validation,0.55,44013,804,0.017939621125912044,3003,469,335,2534,41479
WLOG003,validation,0.56,44054,763,0.017024789700336926,3003,450,313,2553,41501
WLOG003,validation,0.57,44060,757,0.016890911930740566,3003,447,310,2556,41504
WLOG003,validation,0.58,44060,757,0.016890911930740566,3003,447,310,2556,41504
WLOG003,validation,0.59,44215,602,0.013432402882834638,3003,371,231,2632,41583
WLOG003,validation,0.6,44215,602,0.013432402882834638,3003,371,231,2632,41583
WLOG003,validation,0.61,44215,602,0.013432402882834638,3003,371,231,2632,41583
WLOG003,validation,0.62,44221,596,0.01329852511323828,3003,366,230,2637,41584
WLOG003,validation,0.63,44242,575,0.012829952919651026,3003,351,224,2652,41590
WLOG003,validation,0.64,44249,568,0.012673762188455274,3003,347,221,2656,41593
WLOG003,validation,0.65,44249,568,0.012673762188455274,3003,347,221,2656,41593
WLOG003,validation,0.66,44374,443,0.009884641988531138,3003,281,162,2722,41652
WLOG003,validation,0.67,44457,360,0.008032666175781512,3003,235,125,2768,41689
WLOG003,validation,0.68,44487,330,0.0073632773277997185,3003,219,111,2784,41703
WLOG003,validation,0.69,44487,330,0.0073632773277997185,3003,219,111,2784,41703
WLOG003,validation,0.7,44487,330,0.0073632773277997185,3003,219,111,2784,41703
WLOG003,validation,0.71,44487,330,0.0073632773277997185,3003,219,111,2784,41703
WLOG003,validation,0.72,44493,324,0.00722939955820336,3003,215,109,2788,41705
WLOG003,validation,0.73,44493,324,0.00722939955820336,3003,215,109,2788,41705
WLOG003,validation,0.74,44575,242,0.0053997367070531275,3003,161,81,2842,41733
WLOG003,validation,0.75,44575,242,0.0053997367070531275,3003,161,81,2842,41733
WLOG003,validation,0.76,44601,216,0.004819599705468907,3003,147,69,2856,41745
WLOG003,validation,0.77,44601,216,0.004819599705468907,3003,147,69,2856,41745
WLOG003,validation,0.78,44601,216,0.004819599705468907,3003,147,69,2856,41745
WLOG003,validation,0.79,44624,193,0.004306401588682866,3003,130,63,2873,41751
WLOG003,validation,0.8,44624,193,0.004306401588682866,3003,130,63,2873,41751
WLOG003,validation,0.81,44768,49,0.0010933351183702613,3003,39,10,2964,41804
WLOG003,validation,0.82,44768,49,0.0010933351183702613,3003,39,10,2964,41804
WLOG003,validation,0.83,44768,49,0.0010933351183702613,3003,39,10,2964,41804
WLOG003,validation,0.84,44768,49,0.0010933351183702613,3003,39,10,2964,41804
WLOG003,validation,0.85,44780,37,0.0008255795791775443,3003,30,7,2973,41807
WLOG003,validation,0.86,44799,18,0.00040163330878907556,3003,15,3,2988,41811
WLOG003,validation,0.87,44799,18,0.00040163330878907556,3003,15,3,2988,41811
WLOG003,validation,0.88,44799,18,0.00040163330878907556,3003,15,3,2988,41811
WLOG003,validation,0.89,44799,18,0.00040163330878907556,3003,15,3,2988,41811
WLOG003,validation,0.9,44817,0,0.0,3003,0,0,3003,41814
WLOG003,validation,0.91,44817,0,0.0,3003,0,0,3003,41814
WLOG003,validation,0.92,44817,0,0.0,3003,0,0,3003,41814
WLOG003,validation,0.93,44817,0,0.0,3003,0,0,3003,41814
WLOG003,validation,0.94,44817,0,0.0,3003,0,0,3003,41814
WLOG003,validation,0.95,44817,0,0.0,3003,0,0,3003,41814
WLOG003,validation,0.96,44817,0,0.0,3003,0,0,3003,41814
WLOG003,validation,0.97,44817,0,0.0,3003,0,0,3003,41814
WLOG003,validation,0.98,44817,0,0.0,3003,0,0,3003,41814
WLOG003,validation,0.99,44817,0,0.0,3003,0,0,3003,41814
WLOG004,validation,0.01,0,44817,1.0,3003,3003,41814,0,0
WLOG004,validation,0.02,17207,27610,0.6160608697592431,3003,2836,24774,167,17040
WLOG004,validation,0.03,25219,19598,0.43728942142490573,3003,2682,16916,321,24898
WLOG004,validation,0.04,29572,15245,0.3401610995827476,3003,2523,12722,480,29092
WLOG004,validation,0.05,29871,14946,0.3334895240645291,3003,2498,12448,505,29366
WLOG004,validation,0.06,33490,11327,0.2527389160363255,3003,2311,9016,692,32798
WLOG004,validation,0.07,33741,11076,0.24713836267487785,3003,2284,8792,719,33022
WLOG004,validation,0.08,34421,10396,0.23196554878729053,3003,2221,8175,782,33639
WLOG004,validation,0.09,38840,5977,0.13336457147957248,3003,1854,4123,1149,37691
WLOG004,validation,0.1,39054,5763,0.12858959769730235,3003,1814,3949,1189,37865
WLOG004,validation,0.11,39631,5186,0.11571501885445255,3003,1741,3445,1262,38369
WLOG004,validation,0.12,39779,5038,0.11241270053774237,3003,1713,3325,1290,38489
WLOG004,validation,0.13,39814,5003,0.11163174688176361,3003,1705,3298,1298,38516
WLOG004,validation,0.14,39896,4921,0.10980208403061338,3003,1679,3242,1324,38572
WLOG004,validation,0.15,40120,4697,0.10480398063234933,3003,1636,3061,1367,38753
WLOG004,validation,0.16,41272,3545,0.0790994488698485,3003,1440,2105,1563,39709
WLOG004,validation,0.17,41523,3294,0.07349889550840083,3003,1370,1924,1633,39890
WLOG004,validation,0.18,41529,3288,0.07336501773880447,3003,1367,1921,1636,39893
WLOG004,validation,0.19,41620,3197,0.0713345382332597,3003,1344,1853,1659,39961
WLOG004,validation,0.2,41646,3171,0.07075440123167548,3003,1336,1835,1667,39979
WLOG004,validation,0.21,41698,3119,0.06959412722850704,3003,1321,1798,1682,40016
WLOG004,validation,0.22,41990,2827,0.06307874244148426,3003,1249,1578,1754,40236
WLOG004,validation,0.23,42017,2800,0.062476292478300645,3003,1240,1560,1763,40254
WLOG004,validation,0.24,42030,2787,0.06218622397750853,3003,1235,1552,1768,40262
WLOG004,validation,0.25,42376,2441,0.054465939264118524,3003,1134,1307,1869,40507
WLOG004,validation,0.26,42392,2425,0.054108931878528235,3003,1129,1296,1874,40518
WLOG004,validation,0.27,42709,2108,0.04703572305152063,3003,1028,1080,1975,40734
WLOG004,validation,0.28,42720,2097,0.046790280473927304,3003,1024,1073,1979,40741
WLOG004,validation,0.29,42776,2041,0.045540754624361295,3003,1003,1038,2000,40776
WLOG004,validation,0.3,42904,1913,0.042684695539638974,3003,971,942,2032,40872
WLOG004,validation,0.31,42931,1886,0.04208224557645536,3003,961,925,2042,40889
WLOG004,validation,0.32,42935,1882,0.04199299373005779,3003,957,925,2046,40889
WLOG004,validation,0.33,43048,1769,0.03947162906932637,3003,920,849,2083,40965
WLOG004,validation,0.34,43067,1750,0.0390476827989379,3003,915,835,2088,40979
WLOG004,validation,0.35,43129,1688,0.03766427917977553,3003,891,797,2112,41017
WLOG004,validation,0.36,43160,1657,0.03697257737019435,3003,875,782,2128,41032
WLOG004,validation,0.37,43213,1604,0.03578999040542651,3003,854,750,2149,41064
WLOG004,validation,0.38,43250,1567,0.034964410826248966,3003,843,724,2160,41090
WLOG004,validation,0.39,43328,1489,0.033223999821496306,3003,807,682,2196,41132
WLOG004,validation,0.4,43355,1462,0.03262154985831269,3003,797,665,2206,41149
WLOG004,validation,0.41,43502,1315,0.02934154450320191,3003,746,569,2257,41245
WLOG004,validation,0.42,43588,1229,0.027422629805654103,3003,705,524,2298,41290
WLOG004,validation,0.43,43594,1223,0.027288752036057747,3003,700,523,2303,41291
WLOG004,validation,0.44,43620,1197,0.026708615034473526,3003,681,516,2322,41298
WLOG004,validation,0.45,43730,1087,0.024254189258540285,3003,635,452,2368,41362
WLOG004,validation,0.46,43733,1084,0.024187250373742107,3003,634,450,2369,41364
WLOG004,validation,0.47,43745,1072,0.02391949483454939,3003,628,444,2375,41370
WLOG004,validation,0.48,43758,1059,0.02362942633375728,3003,623,436,2380,41378
WLOG004,validation,0.49,43817,1000,0.022312961599393086,3003,599,401,2404,41413
WLOG004,validation,0.5,43865,952,0.021241939442622218,3003,577,375,2426,41439
WLOG004,validation,0.51,43893,924,0.020617176517839213,3003,562,362,2441,41452
WLOG004,validation,0.52,43911,906,0.020215543209050137,3003,550,356,2453,41458
WLOG004,validation,0.53,43921,896,0.019992413593056205,3003,545,351,2458,41463
WLOG004,validation,0.54,43946,871,0.01943458955307138,3003,528,343,2475,41471
WLOG004,validation,0.55,43958,859,0.019166834013878663,3003,519,340,2484,41474
WLOG004,validation,0.56,44002,815,0.018185063703505366,3003,495,320,2508,41494
WLOG004,validation,0.57,44083,734,0.016377713813954527,3003,458,276,2545,41538
WLOG004,validation,0.58,44127,690,0.015395943503581231,3003,434,256,2569,41558
WLOG004,validation,0.59,44147,670,0.014949684271593369,3003,424,246,2579,41568
WLOG004,validation,0.6,44180,637,0.014213356538813397,3003,411,226,2592,41588
WLOG004,validation,0.61,44210,607,0.013543967690831604,3003,394,213,2609,41601
WLOG004,validation,0.62,44217,600,0.013387776959635852,3003,390,210,2613,41604
WLOG004,validation,0.63,44221,596,0.01329852511323828,3003,388,208,2615,41606
WLOG004,validation,0.64,44237,580,0.01294151772764799,3003,378,202,2625,41612
WLOG004,validation,0.65,44251,566,0.012629136265256488,3003,367,199,2636,41615
WLOG004,validation,0.66,44289,528,0.01178124372447955,3003,345,183,2658,41631
WLOG004,validation,0.67,44310,507,0.011312671530892295,3003,330,177,2673,41637
WLOG004,validation,0.68,44362,455,0.010152397527723855,3003,302,153,2701,41661
WLOG004,validation,0.69,44366,451,0.010063145681326283,3003,298,153,2705,41661
WLOG004,validation,0.7,44376,441,0.009840016065332352,3003,290,151,2713,41663
WLOG004,validation,0.71,44403,414,0.009237566102148738,3003,271,143,2732,41671
WLOG004,validation,0.72,44414,403,0.008992123524555414,3003,264,139,2739,41675
WLOG004,validation,0.73,44430,387,0.008635116138965124,3003,255,132,2748,41682
WLOG004,validation,0.74,44469,348,0.007764910636588795,3003,231,117,2772,41697
WLOG004,validation,0.75,44521,296,0.006604636633420354,3003,202,94,2801,41720
WLOG004,validation,0.76,44526,291,0.006493071825423388,3003,198,93,2805,41721
WLOG004,validation,0.77,44532,285,0.00635919405582703,3003,194,91,2809,41723
WLOG004,validation,0.78,44537,280,0.006247629247830065,3003,192,88,2811,41726
WLOG004,validation,0.79,44547,270,0.006024499631836134,3003,187,83,2816,41731
WLOG004,validation,0.8,44571,246,0.0054889885534506995,3003,168,78,2835,41736
WLOG004,validation,0.81,44600,217,0.0048419126670683,3003,148,69,2855,41745
WLOG004,validation,0.82,44614,203,0.004529531204676797,3003,138,65,2865,41749
WLOG004,validation,0.83,44619,198,0.004417966396679831,3003,135,63,2868,41751
WLOG004,validation,0.84,44624,193,0.004306401588682866,3003,130,63,2873,41751
WLOG004,validation,0.85,44666,151,0.003369257201508356,3003,107,44,2896,41770
WLOG004,validation,0.86,44672,145,0.0032353794319119975,3003,101,44,2902,41770
WLOG004,validation,0.87,44679,138,0.003079188700716246,3003,96,42,2907,41772
WLOG004,validation,0.88,44682,135,0.003012249815918067,3003,94,41,2909,41773
WLOG004,validation,0.89,44703,114,0.002543677622330812,3003,75,39,2928,41775
WLOG004,validation,0.9,44788,29,0.0006470758863823995,3003,24,5,2979,41809
WLOG004,validation,0.91,44789,28,0.0006247629247830064,3003,24,4,2979,41810
WLOG004,validation,0.92,44806,11,0.000245442577593324,3003,11,0,2992,41814
WLOG004,validation,0.93,44810,7,0.0001561907311957516,3003,7,0,2996,41814
WLOG004,validation,0.94,44814,3,6.693888479817926e-05,3003,3,0,3000,41814
WLOG004,validation,0.95,44817,0,0.0,3003,0,0,3003,41814
WLOG004,validation,0.96,44817,0,0.0,3003,0,0,3003,41814
WLOG004,validation,0.97,44817,0,0.0,3003,0,0,3003,41814
WLOG004,validation,0.98,44817,0,0.0,3003,0,0,3003,41814
WLOG004,validation,0.99,44817,0,0.0,3003,0,0,3003,41814
WLOG005,validation,0.01,2656,42161,0.9407367739920119,3003,2990,39171,13,2643
WLOG005,validation,0.02,16980,27837,0.6211259120423054,3003,2847,24990,156,16824
WLOG005,validation,0.03,24991,19826,0.4423767766695674,3003,2694,17132,309,24682
WLOG005,validation,0.04,27735,17082,0.3811500100408327,3003,2590,14492,413,27322
WLOG005,validation,0.05,30542,14275,0.31851752683133633,3003,2476,11799,527,30015
WLOG005,validation,0.06,33079,11738,0.26190954325367605,3003,2336,9402,667,32412
WLOG005,validation,0.07,34731,10086,0.22504853069147868,3003,2240,7846,763,33968
WLOG005,validation,0.08,36180,8637,0.19271704933395808,3003,2115,6522,888,35292
WLOG005,validation,0.09,37557,7260,0.16199210121159383,3003,1982,5278,1021,36536
WLOG005,validation,0.1,39126,5691,0.12698306446214605,3003,1817,3874,1186,37940
WLOG005,validation,0.11,39464,5353,0.1194412834415512,3003,1768,3585,1235,38229
WLOG005,validation,0.12,39776,5041,0.11247963942254055,3003,1719,3322,1284,38492
WLOG005,validation,0.13,40020,4797,0.10703527679228864,3003,1687,3110,1316,38704
WLOG005,validation,0.14,40220,4597,0.10257268447241003,3003,1650,2947,1353,38867
WLOG005,validation,0.15,40461,4356,0.09719526072695629,3003,1604,2752,1399,39062
WLOG005,validation,0.16,40702,4115,0.09181783698150256,3003,1564,2551,1439,39263
WLOG005,validation,0.17,41179,3638,0.08117455429859205,3003,1459,2179,1544,39635
WLOG005,validation,0.18,41285,3532,0.07880938036905638,3003,1427,2105,1576,39709
WLOG005,validation,0.19,41622,3195,0.07128991231006092,3003,1349,1846,1654,39968
WLOG005,validation,0.2,41778,3039,0.0678090903005556,3003,1304,1735,1699,40079
WLOG005,validation,0.21,41828,2989,0.06669344222058594,3003,1291,1698,1712,40116
WLOG005,validation,0.22,41890,2927,0.06531003860142356,3003,1272,1655,1731,40159
WLOG005,validation,0.23,42011,2806,0.062610170247897,3003,1245,1561,1758,40253
WLOG005,validation,0.24,42130,2687,0.059954927817569226,3003,1216,1471,1787,40343
WLOG005,validation,0.25,42261,2556,0.05703192984804873,3003,1183,1373,1820,40441
WLOG005,validation,0.26,42400,2417,0.05393042818573309,3003,1138,1279,1865,40535
WLOG005,validation,0.27,42431,2386,0.05323872637615191,3003,1128,1258,1875,40556
WLOG005,validation,0.28,42689,2128,0.04748198228350849,3003,1049,1079,1954,40735
WLOG005,validation,0.29,42726,2091,0.04665640270433095,3003,1036,1055,1967,40759
WLOG005,validation,0.3,42806,2011,0.0448713657763795,3003,997,1014,2006,40800
WLOG005,validation,0.31,42946,1871,0.041747551152464465,3003,954,917,2049,40897
WLOG005,validation,0.32,42974,1843,0.04112278822768146,3003,942,901,2061,40913
WLOG005,validation,0.33,43075,1742,0.03886917910614276,3003,913,829,2090,40985
WLOG005,validation,0.34,43095,1722,0.038422919874154894,3003,903,819,2100,40995
WLOG005,validation,0.35,43122,1695,0.03782046991097128,3003,892,803,2111,41011
WLOG005,validation,0.36,43203,1614,0.036013120021420444,3003,861,753,2142,41061
WLOG005,validation,0.37,43232,1585,0.03536604413503804,3003,855,730,2148,41084
WLOG005,validation,0.38,43269,1548,0.034540464555860496,3003,837,711,2166,41103
WLOG005,validation,0.39,43349,1468,0.032755427627909055,3003,804,664,2199,41150
WLOG005,validation,0.4,43394,1423,0.031751344355936365,3003,784,639,2219,41175
WLOG005,validation,0.41,43419,1398,0.031193520315951535,3003,775,623,2228,41191
WLOG005,validation,0.42,43529,1288,0.028739094540018297,3003,724,564,2279,41250
WLOG005,validation,0.43,43583,1234,0.02753419461365107,3003,700,534,2303,41280
WLOG005,validation,0.44,43646,1171,0.026128478032889306,3003,675,496,2328,41318
WLOG005,validation,0.45,43672,1145,0.025548341031305086,3003,662,483,2341,41331
WLOG005,validation,0.46,43730,1087,0.024254189258540285,3003,633,454,2370,41360
WLOG005,validation,0.47,43778,1039,0.023183167101769417,3003,611,428,2392,41386
WLOG005,validation,0.48,43800,1017,0.02269228194658277,3003,602,415,2401,41399
WLOG005,validation,0.49,43838,979,0.021844389405805832,3003,580,399,2423,41415
WLOG005,validation,0.5,43862,955,0.0213088783274204,3003,572,383,2431,41431
WLOG005,validation,0.51,43891,926,0.020661802441037998,3003,556,370,2447,41444
WLOG005,validation,0.52,43913,904,0.02017091728585135,3003,546,358,2457,41456
WLOG005,validation,0.53,43954,863,0.019256085860276235,3003,529,334,2474,41480
WLOG005,validation,0.54,43983,834,0.018609009973893836,3003,517,317,2486,41497
WLOG005,validation,0.55,44022,795,0.017738804471517506,3003,496,299,2507,41515
WLOG005,validation,0.56,44047,770,0.017180980431532676,3003,480,290,2523,41524
WLOG005,validation,0.57,44078,739,0.016489278621951493,3003,460,279,2543,41535
WLOG005,validation,0.58,44105,712,0.01588682865876788,3003,445,267,2558,41547
WLOG005,validation,0.59,44129,688,0.015351317580382445,3003,432,256,2571,41558
WLOG005,validation,0.6,44164,653,0.014570363924403687,3003,416,237,2587,41577
WLOG005,validation,0.61,44203,614,0.013700158422027356,3003,392,222,2611,41592
WLOG005,validation,0.62,44227,590,0.013164647343641922,3003,379,211,2624,41603
WLOG005,validation,0.63,44252,565,0.012606823303657094,3003,369,196,2634,41618
WLOG005,validation,0.64,44263,554,0.01236138072606377,3003,363,191,2640,41623
WLOG005,validation,0.65,44276,541,0.01207131222527166,3003,352,189,2651,41625
WLOG005,validation,0.66,44299,518,0.01155811410848562,3003,338,180,2665,41634
WLOG005,validation,0.67,44315,502,0.01120110672289533,3003,330,172,2673,41642
WLOG005,validation,0.68,44338,479,0.010687908606109289,3003,312,167,2691,41647
WLOG005,validation,0.69,44362,455,0.010152397527723855,3003,298,157,2705,41657
WLOG005,validation,0.7,44383,434,0.0096838253341366,3003,282,152,2721,41662
WLOG005,validation,0.71,44410,407,0.009081375370952986,3003,267,140,2736,41674
WLOG005,validation,0.72,44432,385,0.008590490215766338,3003,259,126,2744,41688
WLOG005,validation,0.73,44456,361,0.008054979137380904,3003,241,120,2762,41694
WLOG005,validation,0.74,44479,338,0.0075417810205948635,3003,227,111,2776,41703
WLOG005,validation,0.75,44510,307,0.006850079211013678,3003,209,98,2794,41716
WLOG005,validation,0.76,44525,292,0.006515384787022782,3003,198,94,2805,41720
WLOG005,validation,0.77,44545,272,0.00606912555503492,3003,184,88,2819,41726
WLOG005,validation,0.78,44557,260,0.005801370015842203,3003,175,85,2828,41729
WLOG005,validation,0.79,44570,247,0.0055113015150500926,3003,168,79,2835,41735
WLOG005,validation,0.8,44584,233,0.005198920052658589,3003,159,74,2844,41740
WLOG005,validation,0.81,44599,218,0.004864225628667693,3003,150,68,2853,41746
WLOG005,validation,0.82,44611,206,0.004596470089474976,3003,140,66,2863,41748
WLOG005,validation,0.83,44633,184,0.004105584934288328,3003,125,59,2878,41755
WLOG005,validation,0.84,44648,169,0.0037708905102974317,3003,116,53,2887,41761
WLOG005,validation,0.85,44658,159,0.003547760894303501,3003,110,49,2893,41765
WLOG005,validation,0.86,44676,141,0.0031461275855144254,3003,98,43,2905,41771
WLOG005,validation,0.87,44690,127,0.0028337461231229223,3003,88,39,2915,41775
WLOG005,validation,0.88,44696,121,0.0026998683535265637,3003,83,38,2920,41776
WLOG005,validation,0.89,44709,108,0.0024097998527344536,3003,74,34,2929,41780
WLOG005,validation,0.9,44731,86,0.0019189146975478056,3003,58,28,2945,41786
WLOG005,validation,0.91,44799,18,0.00040163330878907556,3003,16,2,2987,41812
WLOG005,validation,0.92,44808,9,0.00020081665439453778,3003,9,0,2994,41814
WLOG005,validation,0.93,44812,5,0.00011156480799696544,3003,5,0,2998,41814
WLOG005,validation,0.94,44816,1,2.2312961599393088e-05,3003,1,0,3002,41814
WLOG005,validation,0.95,44817,0,0.0,3003,0,0,3003,41814
WLOG005,validation,0.96,44817,0,0.0,3003,0,0,3003,41814
WLOG005,validation,0.97,44817,0,0.0,3003,0,0,3003,41814
WLOG005,validation,0.98,44817,0,0.0,3003,0,0,3003,41814
WLOG005,validation,0.99,44817,0,0.0,3003,0,0,3003,41814
XGB001,validation,0.01,9978,34839,0.7773612691612558,3003,2947,31892,56,9922
XGB001,validation,0.02,21390,23427,0.5227257513889818,3003,2810,20617,193,21197
XGB001,validation,0.03,25664,19153,0.4273601535131758,3003,2707,16446,296,25368
XGB001,validation,0.04,28662,16155,0.36046589463819534,3003,2624,13531,379,28283
XGB001,validation,0.05,30859,13958,0.3114443180043287,3003,2540,11418,463,30396
XGB001,validation,0.06,32582,12235,0.2729990851685744,3003,2454,9781,549,32033
XGB001,validation,0.07,34043,10774,0.24039984827186112,3003,2351,8423,652,33391
XGB001,validation,0.08,35372,9445,0.2107459223062677,3003,2252,7193,751,34621
XGB001,validation,0.09,36551,8266,0.18443894058058327,3003,2141,6125,862,35689
XGB001,validation,0.1,37497,7320,0.1633308789075574,3003,2048,5272,955,36542
XGB001,validation,0.11,38235,6582,0.1468639132472053,3003,1962,4620,1041,37194
XGB001,validation,0.12,38792,6025,0.13443559363634336,3003,1899,4126,1104,37688
XGB001,validation,0.13,39237,5580,0.12450632572461343,3003,1843,3737,1160,38077
XGB001,validation,0.14,39636,5181,0.11560345404645558,3003,1795,3386,1208,38428
XGB001,validation,0.15,39953,4864,0.10853024521944797,3003,1745,3119,1258,38695
XGB001,validation,0.16,40262,4555,0.10163554008523551,3003,1697,2858,1306,38956
XGB001,validation,0.17,40499,4318,0.09634736818617935,3003,1647,2671,1356,39143
XGB001,validation,0.18,40703,4114,0.09179552401990317,3003,1597,2517,1406,39297
XGB001,validation,0.19,40916,3901,0.08704286319923243,3003,1555,2346,1448,39468
XGB001,validation,0.2,41076,3741,0.08347278934332954,3003,1512,2229,1491,39585
XGB001,validation,0.21,41253,3564,0.07952339514023696,3003,1468,2096,1535,39718
XGB001,validation,0.22,41391,3426,0.07644420643952071,3003,1435,1991,1568,39823
XGB001,validation,0.23,41527,3290,0.07340964366200325,3003,1405,1885,1598,39929
XGB001,validation,0.24,41652,3165,0.07062052346207912,3003,1374,1791,1629,40023
XGB001,validation,0.25,41790,3027,0.06754133476136287,3003,1340,1687,1663,40127
XGB001,validation,0.26,41903,2914,0.06501997010063146,3003,1315,1599,1688,40215
XGB001,validation,0.27,42008,2809,0.06267710913269518,3003,1280,1529,1723,40285
XGB001,validation,0.28,42098,2719,0.0606689425887498,3003,1256,1463,1747,40351
XGB001,validation,0.29,42205,2612,0.05828145569761475,3003,1220,1392,1783,40422
XGB001,validation,0.3,42318,2499,0.05576009103688333,3003,1183,1316,1820,40498
XGB001,validation,0.31,42415,2402,0.0535957337617422,3003,1157,1245,1846,40569
XGB001,validation,0.32,42510,2307,0.051476002409799854,3003,1133,1174,1870,40640
XGB001,validation,0.33,42613,2204,0.049177767365062366,3003,1091,1113,1912,40701
XGB001,validation,0.34,42728,2089,0.04661177678113216,3003,1043,1046,1960,40768
XGB001,validation,0.35,42815,2002,0.04467054912198496,3003,1017,985,1986,40829
XGB001,validation,0.36,42878,1939,0.043264832541223194,3003,993,946,2010,40868
XGB001,validation,0.37,42939,1878,0.041903741883660216,3003,970,908,2033,40906
XGB001,validation,0.38,43024,1793,0.040007140147711805,3003,938,855,2065,40959
XGB001,validation,0.39,43099,1718,0.038333668027757326,3003,914,804,2089,41010
XGB001,validation,0.4,43165,1652,0.03686101256219738,3003,891,761,2112,41053
XGB001,validation,0.41,43229,1588,0.035432983019836224,3003,869,719,2134,41095
XGB001,validation,0.42,43291,1526,0.03404957940067385,3003,844,682,2159,41132
XGB001,validation,0.43,43367,1450,0.03235379431911998,3003,811,639,2192,41175
XGB001,validation,0.44,43435,1382,0.030836512930361246,3003,783,599,2220,41215
XGB001,validation,0.45,43505,1312,0.02927460561840373,3003,751,561,2252,41253
XGB001,validation,0.46,43584,1233,0.02751188165205168,3003,719,514,2284,41300
XGB001,validation,0.47,43645,1172,0.0261507909944887,3003,688,484,2315,41330
XGB001,validation,0.48,43702,1115,0.024878952183323293,3003,664,451,2339,41363
XGB001,validation,0.49,43761,1056,0.0235624874489591,3003,644,412,2359,41402
XGB001,validation,0.5,43812,1005,0.022424526407390052,3003,625,380,2378,41434
XGB001,validation,0.51,43854,963,0.021487382020215544,3003,606,357,2397,41457
XGB001,validation,0.52,43906,911,0.020327108017047103,3003,567,344,2436,41470
XGB001,validation,0.53,43952,865,0.01930071178347502,3003,542,323,2461,41491
XGB001,validation,0.54,44015,802,0.017894995202713256,3003,506,296,2497,41518
XGB001,validation,0.55,44072,745,0.01662315639154785,3003,482,263,2521,41551
XGB001,validation,0.56,44116,701,0.015641386081174553,3003,455,246,2548,41568
XGB001,validation,0.57,44165,652,0.014548050962804293,3003,421,231,2582,41583
XGB001,validation,0.58,44219,598,0.013343151036437066,3003,397,201,2606,41613
XGB001,validation,0.59,44265,552,0.012316754802864984,3003,366,186,2637,41628
XGB001,validation,0.6,44308,509,0.011357297454091081,3003,340,169,2663,41645
XGB001,validation,0.61,44350,467,0.010420153066916573,3003,310,157,2693,41657
XGB001,validation,0.62,44390,427,0.009527634602940848,3003,286,141,2717,41673
XGB001,validation,0.63,44422,395,0.00881361983176027,3003,266,129,2737,41685
XGB001,validation,0.64,44455,362,0.008077292098980298,3003,249,113,2754,41701
XGB001,validation,0.65,44488,329,0.0073409643662003254,3003,224,105,2779,41709
XGB001,validation,0.66,44521,296,0.006604636633420354,3003,204,92,2799,41722
XGB001,validation,0.67,44548,269,0.006002186670236741,3003,182,87,2821,41727
XGB001,validation,0.68,44577,240,0.005355110783854341,3003,171,69,2832,41745
XGB001,validation,0.69,44606,211,0.004708034897471941,3003,157,54,2846,41760
XGB001,validation,0.7,44631,186,0.004150210857487114,3003,143,43,2860,41771
XGB001,validation,0.71,44658,159,0.003547760894303501,3003,122,37,2881,41777
XGB001,validation,0.72,44674,143,0.0031907535087132115,3003,114,29,2889,41785
XGB001,validation,0.73,44698,119,0.0026552424303277773,3003,94,25,2909,41789
XGB001,validation,0.74,44715,102,0.002275922083138095,3003,78,24,2925,41790
XGB001,validation,0.75,44728,89,0.001985853582345985,3003,69,20,2934,41794
XGB001,validation,0.76,44737,80,0.001785036927951447,3003,63,17,2940,41797
XGB001,validation,0.77,44755,62,0.0013834036191623714,3003,49,13,2954,41801
XGB001,validation,0.78,44765,52,0.0011602740031684405,3003,41,11,2962,41803
XGB001,validation,0.79,44770,47,0.0010487091951714752,3003,38,9,2965,41805
XGB001,validation,0.8,44784,33,0.0007363277327799718,3003,29,4,2974,41810
XGB001,validation,0.81,44790,27,0.0006024499631836134,3003,25,2,2978,41812
XGB001,validation,0.82,44794,23,0.000513198116786041,3003,21,2,2982,41812
XGB001,validation,0.83,44802,15,0.00033469442399089634,3003,14,1,2989,41813
XGB001,validation,0.84,44808,9,0.00020081665439453778,3003,8,1,2995,41813
XGB001,validation,0.85,44810,7,0.0001561907311957516,3003,7,0,2996,41814
XGB001,validation,0.86,44814,3,6.693888479817926e-05,3003,3,0,3000,41814
XGB001,validation,0.87,44815,2,4.4625923198786177e-05,3003,2,0,3001,41814
XGB001,validation,0.88,44816,1,2.2312961599393088e-05,3003,1,0,3002,41814
XGB001,validation,0.89,44816,1,2.2312961599393088e-05,3003,1,0,3002,41814
XGB001,validation,0.9,44816,1,2.2312961599393088e-05,3003,1,0,3002,41814
XGB001,validation,0.91,44816,1,2.2312961599393088e-05,3003,1,0,3002,41814
XGB001,validation,0.92,44817,0,0.0,3003,0,0,3003,41814
XGB001,validation,0.93,44817,0,0.0,3003,0,0,3003,41814
XGB001,validation,0.94,44817,0,0.0,3003,0,0,3003,41814
XGB001,validation,0.95,44817,0,0.0,3003,0,0,3003,41814
XGB001,validation,0.96,44817,0,0.0,3003,0,0,3003,41814
XGB001,validation,0.97,44817,0,0.0,3003,0,0,3003,41814
XGB001,validation,0.98,44817,0,0.0,3003,0,0,3003,41814
XGB001,validation,0.99,44817,0,0.0,3003,0,0,3003,41814
XGB002,validation,0.01,10039,34778,0.7760001785036929,3003,2948,31830,55,9984
XGB002,validation,0.02,21391,23426,0.5227034384273824,3003,2808,20618,195,21196
XGB002,validation,0.03,25586,19231,0.42910056451792844,3003,2707,16524,296,25290
XGB002,validation,0.04,28638,16179,0.36100140571658074,3003,2619,13560,384,28254
XGB002,validation,0.05,30922,13895,0.31003860142356693,3003,2530,11365,473,30449
XGB002,validation,0.06,32669,12148,0.27105785750942724,3003,2457,9691,546,32123
XGB002,validation,0.07,34067,10750,0.2398643371934757,3003,2356,8394,647,33420
XGB002,validation,0.08,35388,9429,0.21038891492067743,3003,2256,7173,747,34641
XGB002,validation,0.09,36527,8290,0.1849744516589687,3003,2151,6139,852,35675
XGB002,validation,0.1,37472,7345,0.16388870294754224,3003,2052,5293,951,36521
XGB002,validation,0.11,38158,6659,0.14858201129035856,3003,1983,4676,1020,37138
XGB002,validation,0.12,38733,6084,0.13575205837070756,3003,1908,4176,1095,37638
XGB002,validation,0.13,39220,5597,0.12488564607180311,3003,1851,3746,1152,38068
XGB002,validation,0.14,39625,5192,0.11584889662404892,3003,1795,3397,1208,38417
XGB002,validation,0.15,39961,4856,0.10835174152665283,3003,1742,3114,1261,38700
XGB002,validation,0.16,40265,4552,0.10156860120043733,3003,1692,2860,1311,38954
XGB002,validation,0.17,40529,4288,0.09567797933819756,3003,1646,2642,1357,39172
XGB002,validation,0.18,40711,4106,0.09161702032710801,3003,1604,2502,1399,39312
XGB002,validation,0.19,40914,3903,0.08708748912243122,3003,1563,2340,1440,39474
XGB002,validation,0.2,41078,3739,0.08342816342013075,3003,1523,2216,1480,39598
XGB002,validation,0.21,41249,3568,0.07961264698663453,3003,1483,2085,1520,39729
XGB002,validation,0.22,41411,3406,0.07599794720753286,3003,1439,1967,1564,39847
XGB002,validation,0.23,41538,3279,0.07316420108440994,3003,1402,1877,1601,39937
XGB002,validation,0.24,41656,3161,0.07053127161568155,3003,1375,1786,1628,40028
XGB002,validation,0.25,41783,3034,0.06769752549255863,3003,1344,1690,1659,40124
XGB002,validation,0.26,41891,2926,0.06528772563982417,3003,1320,1606,1683,40208
XGB002,validation,0.27,42001,2816,0.06283329986389094,3003,1284,1532,1719,40282
XGB002,validation,0.28,42089,2728,0.06086975924314434,3003,1255,1473,1748,40341
XGB002,validation,0.29,42184,2633,0.058750027891202,3003,1227,1406,1776,40408
XGB002,validation,0.3,42308,2509,0.05598322065287726,3003,1187,1322,1816,40492
XGB002,validation,0.31,42411,2406,0.053684985608139765,3003,1155,1251,1848,40563
XGB002,validation,0.32,42493,2324,0.051855322756989536,3003,1129,1195,1874,40619
XGB002,validation,0.33,42598,2219,0.04951246178905326,3003,1093,1126,1910,40688
XGB002,validation,0.34,42711,2106,0.04699109712832184,3003,1056,1050,1947,40764
XGB002,validation,0.35,42800,2017,0.045005243545975855,3003,1022,995,1981,40819
XGB002,validation,0.36,42878,1939,0.043264832541223194,3003,990,949,2013,40865
XGB002,validation,0.37,42955,1862,0.04154673449806993,3003,962,900,2041,40914
XGB002,validation,0.38,43028,1789,0.039917888301314236,3003,938,851,2065,40963
XGB002,validation,0.39,43117,1700,0.03793203471896825,3003,908,792,2095,41022
XGB002,validation,0.4,43172,1645,0.03670482183100163,3003,887,758,2116,41056
XGB002,validation,0.41,43239,1578,0.03520985340384229,3003,865,713,2138,41101
XGB002,validation,0.42,43298,1519,0.0338933886694781,3003,836,683,2167,41131
XGB002,validation,0.43,43361,1456,0.032487672088716335,3003,817,639,2186,41175
XGB002,validation,0.44,43431,1386,0.03092576477675882,3003,781,605,2222,41209
XGB002,validation,0.45,43497,1320,0.029453109311198874,3003,753,567,2250,41247
XGB002,validation,0.46,43564,1253,0.02795814088403954,3003,721,532,2282,41282
XGB002,validation,0.47,43630,1187,0.026485485418479594,3003,692,495,2311,41319
XGB002,validation,0.48,43688,1129,0.025191333645714797,3003,667,462,2336,41352
XGB002,validation,0.49,43745,1072,0.02391949483454939,3003,642,430,2361,41384
XGB002,validation,0.5,43808,1009,0.022513778253787625,3003,615,394,2388,41420
XGB002,validation,0.51,43861,956,0.02133119128901979,3003,592,364,2411,41450
XGB002,validation,0.52,43910,907,0.02023785617064953,3003,565,342,2438,41472
XGB002,validation,0.53,43969,848,0.018921391436285337,3003,535,313,2468,41501
XGB002,validation,0.54,44028,789,0.017604926701921146,3003,504,285,2499,41529
XGB002,validation,0.55,44081,736,0.01642233973715331,3003,478,258,2525,41556
XGB002,validation,0.56,44147,670,0.014949684271593369,3003,437,233,2566,41581
XGB002,validation,0.57,44191,626,0.013967913961220072,3003,413,213,2590,41601
XGB002,validation,0.58,44242,575,0.012829952919651026,3003,380,195,2623,41619
XGB002,validation,0.59,44277,540,0.012048999263672268,3003,359,181,2644,41633
XGB002,validation,0.6,44323,494,0.011022603030100185,3003,333,161,2670,41653
XGB002,validation,0.61,44366,451,0.010063145681326283,3003,305,146,2698,41668
XGB002,validation,0.62,44398,419,0.009349130910145704,3003,286,133,2717,41681
XGB002,validation,0.63,44424,393,0.008768993908561484,3003,267,126,2736,41688
XGB002,validation,0.64,44460,357,0.007965727290983332,3003,243,114,2760,41700
XGB002,validation,0.65,44490,327,0.007296338443001539,3003,225,102,2778,41712
XGB002,validation,0.66,44519,298,0.00664926255661914,3003,208,90,2795,41724
XGB002,validation,0.67,44557,260,0.005801370015842203,3003,183,77,2820,41737
XGB002,validation,0.68,44592,225,0.005020416359863444,3003,164,61,2839,41753
XGB002,validation,0.69,44623,194,0.004328714550282259,3003,146,48,2857,41766
XGB002,validation,0.7,44651,166,0.0037039516254992527,3003,125,41,2878,41773
XGB002,validation,0.71,44666,151,0.003369257201508356,3003,117,34,2886,41780
XGB002,validation,0.72,44677,140,0.0031238146239150324,3003,109,31,2894,41783
XGB002,validation,0.73,44699,118,0.0026329294687283842,3003,91,27,2912,41787
XGB002,validation,0.74,44718,99,0.0022089831983399155,3003,78,21,2925,41793
XGB002,validation,0.75,44737,80,0.001785036927951447,3003,61,19,2942,41795
XGB002,validation,0.76,44750,67,0.001494968427159337,3003,52,15,2951,41799
XGB002,validation,0.77,44757,60,0.0013387776959635854,3003,49,11,2954,41803
XGB002,validation,0.78,44766,51,0.0011379610415690475,3003,41,10,2962,41804
XGB002,validation,0.79,44773,44,0.000981770310373296,3003,34,10,2969,41804
XGB002,validation,0.8,44786,31,0.0006917018095811857,3003,27,4,2976,41810
XGB002,validation,0.81,44798,19,0.00042394627038846864,3003,17,2,2986,41812
XGB002,validation,0.82,44804,13,0.00029006850079211013,3003,11,2,2992,41812
XGB002,validation,0.83,44808,9,0.00020081665439453778,3003,9,0,2994,41814
XGB002,validation,0.84,44809,8,0.0001785036927951447,3003,8,0,2995,41814
XGB002,validation,0.85,44811,6,0.00013387776959635853,3003,6,0,2997,41814
XGB002,validation,0.86,44813,4,8.925184639757235e-05,3003,4,0,2999,41814
XGB002,validation,0.87,44816,1,2.2312961599393088e-05,3003,1,0,3002,41814
XGB002,validation,0.88,44816,1,2.2312961599393088e-05,3003,1,0,3002,41814
XGB002,validation,0.89,44816,1,2.2312961599393088e-05,3003,1,0,3002,41814
XGB002,validation,0.9,44816,1,2.2312961599393088e-05,3003,1,0,3002,41814
XGB002,validation,0.91,44816,1,2.2312961599393088e-05,3003,1,0,3002,41814
XGB002,validation,0.92,44817,0,0.0,3003,0,0,3003,41814
XGB002,validation,0.93,44817,0,0.0,3003,0,0,3003,41814
XGB002,validation,0.94,44817,0,0.0,3003,0,0,3003,41814
XGB002,validation,0.95,44817,0,0.0,3003,0,0,3003,41814
XGB002,validation,0.96,44817,0,0.0,3003,0,0,3003,41814
XGB002,validation,0.97,44817,0,0.0,3003,0,0,3003,41814
XGB002,validation,0.98,44817,0,0.0,3003,0,0,3003,41814
XGB002,validation,0.99,44817,0,0.0,3003,0,0,3003,41814
XGB003,validation,0.01,7724,37093,0.8276546846062878,3003,2967,34126,36,7688
XGB003,validation,0.02,20920,23897,0.5332128433406966,3003,2817,21080,186,20734
XGB003,validation,0.03,25302,19515,0.4354374456121561,3003,2719,16796,284,25018
XGB003,validation,0.04,28305,16512,0.36843162192917867,3003,2624,13888,379,27926
XGB003,validation,0.05,30681,14136,0.3154160251690207,3003,2543,11593,460,30221
XGB003,validation,0.06,32488,12329,0.27509650355891735,3003,2453,9876,550,31938
XGB003,validation,0.07,33966,10851,0.2421179463150144,3003,2351,8500,652,33314
XGB003,validation,0.08,35374,9443,0.21070129638306892,3003,2248,7195,755,34619
XGB003,validation,0.09,36592,8225,0.18352410915500814,3003,2137,6088,866,35726
XGB003,validation,0.1,37627,7190,0.1604301938996363,3003,2021,5169,982,36645
XGB003,validation,0.11,38406,6411,0.1430483968137091,3003,1944,4467,1059,37347
XGB003,validation,0.12,39026,5791,0.12921436062208536,3003,1876,3915,1127,37899
XGB003,validation,0.13,39455,5362,0.11964210009594574,3003,1818,3544,1185,38270
XGB003,validation,0.14,39764,5053,0.11274739496173328,3003,1777,3276,1226,38538
XGB003,validation,0.15,40081,4736,0.10567418613472566,3003,1727,3009,1276,38805
XGB003,validation,0.16,40349,4468,0.09969431242608831,3003,1676,2792,1327,39022
XGB003,validation,0.17,40617,4200,0.09371443871745097,3003,1617,2583,1386,39231
XGB003,validation,0.18,40836,3981,0.08882790012718388,3003,1568,2413,1435,39401
XGB003,validation,0.19,41021,3796,0.08470000223129616,3003,1523,2273,1480,39541
XGB003,validation,0.2,41206,3611,0.08057210433540844,3003,1479,2132,1524,39682
XGB003,validation,0.21,41371,3446,0.07689046567150858,3003,1444,2002,1559,39812
XGB003,validation,0.22,41503,3314,0.0739451547403887,3003,1414,1900,1589,39914
XGB003,validation,0.23,41633,3184,0.07104446973246759,3003,1381,1803,1622,40011
XGB003,validation,0.24,41774,3043,0.06789834214695316,3003,1343,1700,1660,40114
XGB003,validation,0.25,41932,2885,0.06437289421424906,3003,1305,1580,1698,40234
XGB003,validation,0.26,42056,2761,0.06160608697592431,3003,1269,1492,1734,40322
XGB003,validation,0.27,42165,2652,0.05917397416159047,3003,1237,1415,1766,40399
XGB003,validation,0.28,42274,2543,0.056741861347256624,3003,1202,1341,1801,40473
XGB003,validation,0.29,42391,2426,0.05413124484012763,3003,1168,1258,1835,40556
XGB003,validation,0.3,42477,2340,0.052212330142579824,3003,1141,1199,1862,40615
XGB003,validation,0.31,42585,2232,0.049802530289845375,3003,1101,1131,1902,40683
XGB003,validation,0.32,42692,2125,0.04741504339871031,3003,1055,1070,1948,40744
XGB003,validation,0.33,42778,2039,0.04549612870116251,3003,1024,1015,1979,40799
XGB003,validation,0.34,42847,1970,0.043956534350804384,3003,994,976,2009,40838
XGB003,validation,0.35,42950,1867,0.0416582993060669,3003,953,914,2050,40900
XGB003,validation,0.36,43009,1808,0.0403418345717027,3003,937,871,2066,40943
XGB003,validation,0.37,43074,1743,0.03889149206774215,3003,915,828,2088,40986
XGB003,validation,0.38,43134,1683,0.03755271437177857,3003,897,786,2106,41028
XGB003,validation,0.39,43200,1617,0.03608005890621862,3003,875,742,2128,41072
XGB003,validation,0.4,43261,1556,0.03471896824865565,3003,853,703,2150,41111
XGB003,validation,0.41,43332,1485,0.03313474797509874,3003,815,670,2188,41144
XGB003,validation,0.42,43393,1424,0.03177365731753576,3003,794,630,2209,41184
XGB003,validation,0.43,43463,1354,0.030211750005578242,3003,769,585,2234,41229
XGB003,validation,0.44,43522,1295,0.028895285271214047,3003,740,555,2263,41259
XGB003,validation,0.45,43580,1237,0.02760113349844925,3003,712,525,2291,41289
XGB003,validation,0.46,43633,1184,0.026418546533681416,3003,693,491,2310,41323
XGB003,validation,0.47,43705,1112,0.02481201329852511,3003,656,456,2347,41358
XGB003,validation,0.48,43751,1066,0.02378561706495303,3003,630,436,2373,41378
XGB003,validation,0.49,43791,1026,0.022893098600977307,3003,612,414,2391,41400
XGB003,validation,0.5,43842,975,0.02175513755940826,3003,584,391,2419,41423
XGB003,validation,0.51,43884,933,0.02081799317223375,3003,568,365,2435,41449
XGB003,validation,0.52,43927,890,0.01985853582345985,3003,552,338,2451,41476
XGB003,validation,0.53,43972,845,0.01885445255148716,3003,532,313,2471,41501
XGB003,validation,0.54,44019,798,0.017805743356315684,3003,509,289,2494,41525
XGB003,validation,0.55,44059,758,0.01691322489233996,3003,486,272,2517,41542
XGB003,validation,0.56,44096,721,0.016087645313162417,3003,469,252,2534,41562
XGB003,validation,0.57,44137,680,0.015172813887587299,3003,449,231,2554,41583
XGB003,validation,0.58,44187,630,0.014057165807617645,3003,419,211,2584,41603
XGB003,validation,0.59,44224,593,0.0132315862284401,3003,395,198,2608,41616
XGB003,validation,0.6,44259,558,0.012450632572461344,3003,373,185,2630,41629
XGB003,validation,0.61,44292,525,0.011714304839681371,3003,351,174,2652,41640
XGB003,validation,0.62,44334,483,0.010777160452506861,3003,320,163,2683,41651
XGB003,validation,0.63,44374,443,0.009884641988531138,3003,292,151,2711,41663
XGB003,validation,0.64,44406,411,0.009170627217350558,3003,269,142,2734,41672
XGB003,validation,0.65,44443,374,0.008345047638173014,3003,247,127,2756,41687
XGB003,validation,0.66,44478,339,0.0075640939821942565,3003,227,112,2776,41702
XGB003,validation,0.67,44511,306,0.006827766249414285,3003,206,100,2797,41714
XGB003,validation,0.68,44547,270,0.006024499631836134,3003,183,87,2820,41727
XGB003,validation,0.69,44575,242,0.0053997367070531275,3003,163,79,2840,41735
XGB003,validation,0.7,44610,207,0.004618783051074369,3003,142,65,2861,41749
XGB003,validation,0.71,44638,179,0.003994020126291363,3003,128,51,2875,41763
XGB003,validation,0.72,44665,152,0.003391570163107749,3003,109,43,2894,41771
XGB003,validation,0.73,44687,130,0.0029006850079211013,3003,100,30,2903,41784
XGB003,validation,0.74,44696,121,0.0026998683535265637,3003,95,26,2908,41788
XGB003,validation,0.75,44713,104,0.002320548006336881,3003,83,21,2920,41793
XGB003,validation,0.76,44734,83,0.0018519758127496263,3003,66,17,2937,41797
XGB003,validation,0.77,44745,72,0.0016065332351563022,3003,57,15,2946,41799
XGB003,validation,0.78,44752,65,0.0014503425039605507,3003,52,13,2951,41801
XGB003,validation,0.79,44763,54,0.0012048999263672268,3003,44,10,2959,41804
XGB003,validation,0.8,44775,42,0.0009371443871745097,3003,34,8,2969,41806
XGB003,validation,0.81,44779,38,0.0008478925407769373,3003,32,6,2971,41808
XGB003,validation,0.82,44787,30,0.0006693888479817927,3003,26,4,2977,41810
XGB003,validation,0.83,44793,24,0.0005355110783854341,3003,22,2,2981,41812
XGB003,validation,0.84,44800,17,0.0003793203471896825,3003,16,1,2987,41813
XGB003,validation,0.85,44805,12,0.00026775553919271706,3003,12,0,2991,41814
XGB003,validation,0.86,44808,9,0.00020081665439453778,3003,9,0,2994,41814
XGB003,validation,0.87,44811,6,0.00013387776959635853,3003,6,0,2997,41814
XGB003,validation,0.88,44813,4,8.925184639757235e-05,3003,4,0,2999,41814
XGB003,validation,0.89,44814,3,6.693888479817926e-05,3003,3,0,3000,41814
XGB003,validation,0.9,44816,1,2.2312961599393088e-05,3003,1,0,3002,41814
XGB003,validation,0.91,44817,0,0.0,3003,0,0,3003,41814
XGB003,validation,0.92,44817,0,0.0,3003,0,0,3003,41814
XGB003,validation,0.93,44817,0,0.0,3003,0,0,3003,41814
XGB003,validation,0.94,44817,0,0.0,3003,0,0,3003,41814
XGB003,validation,0.95,44817,0,0.0,3003,0,0,3003,41814
XGB003,validation,0.96,44817,0,0.0,3003,0,0,3003,41814
XGB003,validation,0.97,44817,0,0.0,3003,0,0,3003,41814
XGB003,validation,0.98,44817,0,0.0,3003,0,0,3003,41814
XGB003,validation,0.99,44817,0,0.0,3003,0,0,3003,41814
XGB004,validation,0.01,7120,37697,0.8411317134123212,3003,2970,34727,33,7087
XGB004,validation,0.02,20659,24158,0.5390365263181383,3003,2821,21337,182,20477
XGB004,validation,0.03,25219,19598,0.43728942142490573,3003,2721,16877,282,24937
XGB004,validation,0.04,28308,16509,0.36836468304438047,3003,2624,13885,379,27929
XGB004,validation,0.05,30679,14138,0.3154606510922195,3003,2541,11597,462,30217
XGB004,validation,0.06,32469,12348,0.27552044982930585,3003,2449,9899,554,31915
XGB004,validation,0.07,33981,10836,0.24178325189102348,3003,2348,8488,655,33326
XGB004,validation,0.08,35335,9482,0.21157150188544527,3003,2247,7235,756,34579
XGB004,validation,0.09,36563,8254,0.18417118504139054,3003,2135,6119,868,35695
XGB004,validation,0.1,37605,7212,0.16092107905482295,3003,2019,5193,984,36621
XGB004,validation,0.11,38450,6367,0.1420666265033358,3003,1942,4425,1061,37389
XGB004,validation,0.12,39045,5772,0.1287904143516969,3003,1877,3895,1126,37919
XGB004,validation,0.13,39471,5346,0.11928509271035545,3003,1814,3532,1189,38282
XGB004,validation,0.14,39787,5030,0.11223419684494723,3003,1769,3261,1234,38553
XGB004,validation,0.15,40101,4716,0.1052279269027378,3003,1726,2990,1277,38824
XGB004,validation,0.16,40380,4437,0.09900261061650713,3003,1672,2765,1331,39049
XGB004,validation,0.17,40644,4173,0.09311198875426735,3003,1606,2567,1397,39247
XGB004,validation,0.18,40868,3949,0.0881138853560033,3003,1559,2390,1444,39424
XGB004,validation,0.19,41060,3757,0.08382979672891983,3003,1510,2247,1493,39567
XGB004,validation,0.2,41243,3574,0.0797465247562309,3003,1472,2102,1531,39712
XGB004,validation,0.21,41397,3420,0.07631032866992436,3003,1443,1977,1560,39837
XGB004,validation,0.22,41540,3277,0.07311957516121115,3003,1401,1876,1602,39938
XGB004,validation,0.23,41661,3156,0.07041970680768458,3003,1374,1782,1629,40032
XGB004,validation,0.24,41807,3010,0.06716201441417319,3003,1336,1674,1667,40140
XGB004,validation,0.25,41948,2869,0.06401588682865877,3003,1297,1572,1706,40242
XGB004,validation,0.26,42071,2746,0.06127139255193342,3003,1263,1483,1740,40331
XGB004,validation,0.27,42179,2638,0.05886159269919897,3003,1228,1410,1775,40404
XGB004,validation,0.28,42285,2532,0.0564964187696633,3003,1192,1340,1811,40474
XGB004,validation,0.29,42387,2430,0.054220496686525205,3003,1162,1268,1841,40546
XGB004,validation,0.3,42480,2337,0.05214539125778164,3003,1132,1205,1871,40609
XGB004,validation,0.31,42576,2241,0.050003346944239906,3003,1090,1151,1913,40663
XGB004,validation,0.32,42677,2140,0.047749737822701206,3003,1054,1086,1949,40728
XGB004,validation,0.33,42773,2044,0.04560769350915947,3003,1019,1025,1984,40789
XGB004,validation,0.34,42849,1968,0.043911908427605596,3003,989,979,2014,40835
XGB004,validation,0.35,42939,1878,0.041903741883660216,3003,958,920,2045,40894
XGB004,validation,0.36,43015,1802,0.04020795680210634,3003,932,870,2071,40944
XGB004,validation,0.37,43069,1748,0.039003056875739114,3003,918,830,2085,40984
XGB004,validation,0.38,43132,1685,0.037597340294977355,3003,895,790,2108,41024
XGB004,validation,0.39,43179,1638,0.03654863109980588,3003,882,756,2121,41058
XGB004,validation,0.4,43252,1565,0.03491978490305018,3003,854,711,2149,41103
XGB004,validation,0.41,43326,1491,0.03326862574469509,3003,817,674,2186,41140
XGB004,validation,0.42,43390,1427,0.03184059620233393,3003,793,634,2210,41180
XGB004,validation,0.43,43452,1365,0.030457192583171564,3003,769,596,2234,41218
XGB004,validation,0.44,43519,1298,0.02896222415601223,3003,742,556,2261,41258
XGB004,validation,0.45,43573,1244,0.027757324229645,3003,715,529,2288,41285
XGB004,validation,0.46,43633,1184,0.026418546533681416,3003,687,497,2316,41317
XGB004,validation,0.47,43693,1124,0.02507976883771783,3003,659,465,2344,41349
XGB004,validation,0.48,43746,1071,0.023897181872949997,3003,629,442,2374,41372
XGB004,validation,0.49,43807,1010,0.02253609121538702,3003,601,409,2402,41405
XGB004,validation,0.5,43849,968,0.02159894682821251,3003,580,388,2423,41426
XGB004,validation,0.51,43894,923,0.02059486355623982,3003,562,361,2441,41453
XGB004,validation,0.52,43942,875,0.01952384139946895,3003,542,333,2461,41481
XGB004,validation,0.53,43980,837,0.018675948858692015,3003,525,312,2478,41502
XGB004,validation,0.54,44016,801,0.017872682241113862,3003,506,295,2497,41519
XGB004,validation,0.55,44064,753,0.016801660084342994,3003,484,269,2519,41545
XGB004,validation,0.56,44106,711,0.015864515697168485,3003,461,250,2542,41564
XGB004,validation,0.57,44141,676,0.015083562041189727,3003,440,236,2563,41578
XGB004,validation,0.58,44183,634,0.014146417654015217,3003,421,213,2582,41601
XGB004,validation,0.59,44229,588,0.013120021420443136,3003,393,195,2610,41619
XGB004,validation,0.6,44262,555,0.012383693687663164,3003,372,183,2631,41631
XGB004,validation,0.61,44291,526,0.011736617801280763,3003,351,175,2652,41639
XGB004,validation,0.62,44333,484,0.010799473414106255,3003,319,165,2684,41649
XGB004,validation,0.63,44369,448,0.009996206796528103,3003,294,154,2709,41660
XGB004,validation,0.64,44408,409,0.009126001294151772,3003,269,140,2734,41674
XGB004,validation,0.65,44453,364,0.008121918022179084,3003,239,125,2764,41689
XGB004,validation,0.66,44479,338,0.0075417810205948635,3003,224,114,2779,41700
XGB004,validation,0.67,44518,299,0.006671575518218533,3003,199,100,2804,41714
XGB004,validation,0.68,44558,259,0.00577905705424281,3003,176,83,2827,41731
XGB004,validation,0.69,44579,238,0.0053104848606555545,3003,165,73,2838,41741
XGB004,validation,0.7,44618,199,0.004440279358279224,3003,137,62,2866,41752
XGB004,validation,0.71,44648,169,0.0037708905102974317,3003,122,47,2881,41767
XGB004,validation,0.72,44667,150,0.003346944239908963,3003,110,40,2893,41774
XGB004,validation,0.73,44694,123,0.0027444942767253498,3003,94,29,2909,41785
XGB004,validation,0.74,44708,109,0.0024321128143338466,3003,88,21,2915,41793
XGB004,validation,0.75,44726,91,0.002030479505544771,3003,73,18,2930,41796
XGB004,validation,0.76,44739,78,0.0017404110047526608,3003,62,16,2941,41798
XGB004,validation,0.77,44752,65,0.0014503425039605507,3003,52,13,2951,41801
XGB004,validation,0.78,44760,57,0.001271838811165406,3003,46,11,2957,41803
XGB004,validation,0.79,44770,47,0.0010487091951714752,3003,38,9,2965,41805
XGB004,validation,0.8,44781,36,0.0008032666175781511,3003,31,5,2972,41809
XGB004,validation,0.81,44786,31,0.0006917018095811857,3003,27,4,2976,41810
XGB004,validation,0.82,44795,22,0.000490885155186648,3003,21,1,2982,41813
XGB004,validation,0.83,44797,20,0.00044625923198786177,3003,19,1,2984,41813
XGB004,validation,0.84,44802,15,0.00033469442399089634,3003,14,1,2989,41813
XGB004,validation,0.85,44805,12,0.00026775553919271706,3003,11,1,2992,41813
XGB004,validation,0.86,44808,9,0.00020081665439453778,3003,9,0,2994,41814
XGB004,validation,0.87,44811,6,0.00013387776959635853,3003,6,0,2997,41814
XGB004,validation,0.88,44813,4,8.925184639757235e-05,3003,4,0,2999,41814
XGB004,validation,0.89,44816,1,2.2312961599393088e-05,3003,1,0,3002,41814
XGB004,validation,0.9,44816,1,2.2312961599393088e-05,3003,1,0,3002,41814
XGB004,validation,0.91,44817,0,0.0,3003,0,0,3003,41814
XGB004,validation,0.92,44817,0,0.0,3003,0,0,3003,41814
XGB004,validation,0.93,44817,0,0.0,3003,0,0,3003,41814
XGB004,validation,0.94,44817,0,0.0,3003,0,0,3003,41814
XGB004,validation,0.95,44817,0,0.0,3003,0,0,3003,41814
XGB004,validation,0.96,44817,0,0.0,3003,0,0,3003,41814
XGB004,validation,0.97,44817,0,0.0,3003,0,0,3003,41814
XGB004,validation,0.98,44817,0,0.0,3003,0,0,3003,41814
XGB004,validation,0.99,44817,0,0.0,3003,0,0,3003,41814
XGBSTACK001,validation,0.01,12899,31918,0.7121851083294286,3003,2926,28992,77,12822
XGBSTACK001,validation,0.02,21324,23493,0.5241984068545418,3003,2805,20688,198,21126
XGBSTACK001,validation,0.03,25405,19412,0.4331392105674186,3003,2715,16697,288,25117
XGBSTACK001,validation,0.04,28668,16149,0.36033201686859895,3003,2626,13523,377,28291
XGBSTACK001,validation,0.05,31322,13495,0.3011134167838097,3003,2523,10972,480,30842
XGBSTACK001,validation,0.06,32873,11944,0.26650601334315105,3003,2441,9503,562,32311
XGBSTACK001,validation,0.07,34193,10624,0.23705290403195217,3003,2355,8269,648,33545
XGBSTACK001,validation,0.08,35668,9149,0.20414128567284737,3003,2234,6915,769,34899
XGBSTACK001,validation,0.09,36243,8574,0.19131133275319634,3003,2184,6390,819,35424
XGBSTACK001,validation,0.1,37596,7221,0.16112189570921748,3003,2040,5181,963,36633
XGBSTACK001,validation,0.11,37789,7028,0.1568154941205346,3003,2025,5003,978,36811
XGBSTACK001,validation,0.12,38429,6388,0.14253519869692305,3003,1957,4431,1046,37383
XGBSTACK001,validation,0.13,39214,5603,0.12501952384139947,3003,1862,3741,1141,38073
XGBSTACK001,validation,0.14,39489,5328,0.11888345940156637,3003,1821,3507,1182,38307
XGBSTACK001,validation,0.15,39751,5066,0.11303746346252538,3003,1781,3285,1222,38529
XGBSTACK001,validation,0.16,39987,4830,0.1077716045250686,3003,1747,3083,1256,38731
XGBSTACK001,validation,0.17,40179,4638,0.10348751589798513,3003,1715,2923,1288,38891
XGBSTACK001,validation,0.18,40296,4521,0.10087689939085615,3003,1692,2829,1311,38985
XGBSTACK001,validation,0.19,40431,4386,0.09786464957493808,3003,1660,2726,1343,39088
XGBSTACK001,validation,0.2,40608,4209,0.0939152553718455,3003,1616,2593,1387,39221
XGBSTACK001,validation,0.21,40887,3930,0.08768993908561483,3003,1555,2375,1448,39439
XGBSTACK001,validation,0.22,41106,3711,0.08280340049534775,3003,1506,2205,1497,39609
XGBSTACK001,validation,0.23,41335,3482,0.07769373228908673,3003,1456,2026,1547,39788
XGBSTACK001,validation,0.24,41538,3279,0.07316420108440994,3003,1410,1869,1593,39945
XGBSTACK001,validation,0.25,41768,3049,0.06803221991654952,3003,1340,1709,1663,40105
XGBSTACK001,validation,0.26,41898,2919,0.06513153490862843,3003,1305,1614,1698,40200
XGBSTACK001,validation,0.27,41984,2833,0.06321262021108062,3003,1287,1546,1716,40268
XGBSTACK001,validation,0.28,42146,2671,0.05959792043197894,3003,1243,1428,1760,40386
XGBSTACK001,validation,0.29,42255,2562,0.05716580761764509,3003,1203,1359,1800,40455
XGBSTACK001,validation,0.3,42339,2478,0.05529151884329607,3003,1175,1303,1828,40511
XGBSTACK001,validation,0.31,42452,2365,0.05277015418256465,3003,1133,1232,1870,40582
XGBSTACK001,validation,0.32,42542,2275,0.05076198763861928,3003,1099,1176,1904,40638
XGBSTACK001,validation,0.33,42618,2199,0.0490662025570654,3003,1070,1129,1933,40685
XGBSTACK001,validation,0.34,42693,2124,0.04739273043711092,3003,1043,1081,1960,40733
XGBSTACK001,validation,0.35,42805,2012,0.04489367873797889,3003,1007,1005,1996,40809
XGBSTACK001,validation,0.36,42885,1932,0.043108641810027444,3003,982,950,2021,40864
XGBSTACK001,validation,0.37,42990,1827,0.04076578084209117,3003,946,881,2057,40933
XGBSTACK001,validation,0.38,43109,1708,0.038110538411763394,3003,909,799,2094,41015
XGBSTACK001,validation,0.39,43218,1599,0.03567842559742955,3003,866,733,2137,41081
XGBSTACK001,validation,0.4,43308,1509,0.03367025905348417,3003,828,681,2175,41133
XGBSTACK001,validation,0.41,43395,1422,0.03172903139433697,3003,788,634,2215,41180
XGBSTACK001,validation,0.42,43477,1340,0.029899368543186738,3003,753,587,2250,41227
XGBSTACK001,validation,0.43,43570,1247,0.02782426311444318,3003,717,530,2286,41284
XGBSTACK001,validation,0.44,43701,1116,0.024901265144922687,3003,660,456,2343,41358
XGBSTACK001,validation,0.45,43732,1085,0.0242095633353415,3003,648,437,2355,41377
XGBSTACK001,validation,0.46,43751,1066,0.02378561706495303,3003,642,424,2361,41390
XGBSTACK001,validation,0.47,43757,1060,0.02365173929535667,3003,637,423,2366,41391
XGBSTACK001,validation,0.48,43779,1038,0.023160854140170026,3003,624,414,2379,41400
XGBSTACK001,validation,0.49,43829,988,0.02204520606020037,3003,601,387,2402,41427
XGBSTACK001,validation,0.5,43901,916,0.02043867282504407,3003,555,361,2448,41453
XGBSTACK001,validation,0.51,43923,894,0.01994778766985742,3003,545,349,2458,41465
XGBSTACK001,validation,0.52,44009,808,0.018028872972309616,3003,508,300,2495,41514
XGBSTACK001,validation,0.53,44054,763,0.017024789700336926,3003,481,282,2522,41532
XGBSTACK001,validation,0.54,44092,725,0.01617689715955999,3003,460,265,2543,41549
XGBSTACK001,validation,0.55,44107,710,0.01584220273556909,3003,452,258,2551,41556
XGBSTACK001,validation,0.56,44121,696,0.01552982127317759,3003,448,248,2555,41566
XGBSTACK001,validation,0.57,44176,641,0.014302608385210969,3003,420,221,2583,41593
XGBSTACK001,validation,0.58,44212,605,0.013499341767632818,3003,400,205,2603,41609
XGBSTACK001,validation,0.59,44244,573,0.01278532699645224,3003,378,195,2625,41619
XGBSTACK001,validation,0.6,44284,533,0.011892808532476516,3003,348,185,2655,41629
XGBSTACK001,validation,0.61,44406,411,0.009170627217350558,3003,278,133,2725,41681
XGBSTACK001,validation,0.62,44432,385,0.008590490215766338,3003,262,123,2741,41691
XGBSTACK001,validation,0.63,44442,375,0.008367360599772408,3003,256,119,2747,41695
XGBSTACK001,validation,0.64,44459,358,0.007988040252582726,3003,246,112,2757,41702
XGBSTACK001,validation,0.65,44470,347,0.0077425976749894015,3003,242,105,2761,41709
XGBSTACK001,validation,0.66,44484,333,0.007430216212597898,3003,230,103,2773,41711
XGBSTACK001,validation,0.67,44595,222,0.004953477475065265,3003,166,56,2837,41758
XGBSTACK001,validation,0.68,44619,198,0.004417966396679831,3003,153,45,2850,41769
XGBSTACK001,validation,0.69,44640,177,0.003949394203092577,3003,137,40,2866,41774
XGBSTACK001,validation,0.7,44646,171,0.003815516433496218,3003,132,39,2871,41775
XGBSTACK001,validation,0.71,44657,160,0.003570073855902894,3003,125,35,2878,41779
XGBSTACK001,validation,0.72,44658,159,0.003547760894303501,3003,124,35,2879,41779
XGBSTACK001,validation,0.73,44660,157,0.0035031349711047146,3003,123,34,2880,41780
XGBSTACK001,validation,0.74,44662,155,0.0034585090479059286,3003,121,34,2882,41780
XGBSTACK001,validation,0.75,44666,151,0.003369257201508356,3003,117,34,2886,41780
XGBSTACK001,validation,0.76,44668,149,0.00332463127830957,3003,116,33,2887,41781
XGBSTACK001,validation,0.77,44668,149,0.00332463127830957,3003,116,33,2887,41781
XGBSTACK001,validation,0.78,44668,149,0.00332463127830957,3003,116,33,2887,41781
XGBSTACK001,validation,0.79,44668,149,0.00332463127830957,3003,116,33,2887,41781
XGBSTACK001,validation,0.8,44668,149,0.00332463127830957,3003,116,33,2887,41781
XGBSTACK001,validation,0.81,44670,147,0.003280005355110784,3003,114,33,2889,41781
XGBSTACK001,validation,0.82,44692,125,0.002789120199924136,3003,96,29,2907,41785
XGBSTACK001,validation,0.83,44738,79,0.0017627239663520538,3003,58,21,2945,41793
XGBSTACK001,validation,0.84,44767,50,0.0011156480799696543,3003,40,10,2963,41804
XGBSTACK001,validation,0.85,44805,12,0.00026775553919271706,3003,9,3,2994,41811
XGBSTACK001,validation,0.86,44811,6,0.00013387776959635853,3003,5,1,2998,41813
XGBSTACK001,validation,0.87,44815,2,4.4625923198786177e-05,3003,1,1,3002,41813
XGBSTACK001,validation,0.88,44817,0,0.0,3003,0,0,3003,41814
XGBSTACK001,validation,0.89,44817,0,0.0,3003,0,0,3003,41814
XGBSTACK001,validation,0.9,44817,0,0.0,3003,0,0,3003,41814
XGBSTACK001,validation,0.91,44817,0,0.0,3003,0,0,3003,41814
XGBSTACK001,validation,0.92,44817,0,0.0,3003,0,0,3003,41814
XGBSTACK001,validation,0.93,44817,0,0.0,3003,0,0,3003,41814
XGBSTACK001,validation,0.94,44817,0,0.0,3003,0,0,3003,41814
XGBSTACK001,validation,0.95,44817,0,0.0,3003,0,0,3003,41814
XGBSTACK001,validation,0.96,44817,0,0.0,3003,0,0,3003,41814
XGBSTACK001,validation,0.97,44817,0,0.0,3003,0,0,3003,41814
XGBSTACK001,validation,0.98,44817,0,0.0,3003,0,0,3003,41814
XGBSTACK001,validation,0.99,44817,0,0.0,3003,0,0,3003,41814
