model_id,split,top_population_share,top_population_count,overall_default_rate,top_group_default_rate,top_group_default_count,default_capture_share,lift_vs_overall
BLOG001,validation,0.01,448,0.06700582368297744,0.38169642857142855,171,0.056943056943056944,5.696466479948622
BLOG001,validation,0.02,896,0.06700582368297744,0.3950892857142857,354,0.11788211788211789,5.896342496788925
BLOG001,validation,0.03,1344,0.06700582368297744,0.33779761904761907,454,0.15118215118215117,5.041317313638742
BLOG001,validation,0.04,1792,0.06700582368297744,0.30357142857142855,544,0.18115218115218115,4.530523048380191
BLOG001,validation,0.05,2240,0.06700582368297744,0.28080357142857143,629,0.20945720945720947,4.190733819751677
BLOG001,validation,0.06,2689,0.06700582368297744,0.2655262179248791,714,0.23776223776223776,3.9627334361436253
BLOG001,validation,0.07,3137,0.06700582368297744,0.2562958240357029,804,0.2677322677322677,3.824978336932433
BLOG001,validation,0.08,3585,0.06700582368297744,0.24546722454672246,880,0.29304029304029305,3.6633714960074792
BLOG001,validation,0.09,4033,0.06700582368297744,0.23729233820976942,957,0.31868131868131866,3.541368871644101
BLOG001,validation,0.1,4481,0.06700582368297744,0.23142155768801606,1037,0.34532134532134534,3.453752897403868
BLOG001,validation,0.11,4929,0.06700582368297744,0.2266179752485291,1117,0.37196137196137197,3.382063868369407
BLOG001,validation,0.12,5378,0.06700582368297744,0.2227593901078468,1198,0.3989343989343989,3.324478050770353
BLOG001,validation,0.13,5826,0.06700582368297744,0.21901819430140748,1276,0.4249084249084249,3.268644160508218
BLOG001,validation,0.14,6274,0.06700582368297744,0.21437679311444055,1345,0.4478854478854479,3.1993755367998276
BLOG001,validation,0.15,6722,0.06700582368297744,0.21422195775066943,1440,0.47952047952047955,3.1970647620751755
BLOG001,validation,0.16,7170,0.06700582368297744,0.21115760111576012,1514,0.5041625041625042,3.151332070997343
BLOG001,validation,0.17,7618,0.06700582368297744,0.2088474665266474,1591,0.5298035298035298,3.116855446994591
BLOG001,validation,0.18,8067,0.06700582368297744,0.20837981901574315,1681,0.5597735597735598,3.109876240036151
BLOG001,validation,0.19,8515,0.06700582368297744,0.20352319436288901,1733,0.5770895770895771,3.037395604982217
BLOG001,validation,0.2,8963,0.06700582368297744,0.19904049983264532,1784,0.594072594072594,2.97049553146842
BLOG001,validation,0.21,9411,0.06700582368297744,0.1932844543619169,1819,0.6057276057276058,2.884591871840836
BLOG001,validation,0.22,9859,0.06700582368297744,0.18866010751597526,1860,0.6193806193806194,2.8155777684127417
BLOG001,validation,0.23,10307,0.06700582368297744,0.18453478218686328,1902,0.6333666333666333,2.754011099989561
BLOG001,validation,0.24,10756,0.06700582368297744,0.18073633320937152,1944,0.6473526473526473,2.697322759055745
BLOG001,validation,0.25,11204,0.06700582368297744,0.17636558372009997,1976,0.658008658008658,2.6320933618327405
BLOG001,validation,0.26,11652,0.06700582368297744,0.17361826295914864,2023,0.6736596736596736,2.591092138208513
BLOG001,validation,0.27,12100,0.06700582368297744,0.1712396694214876,2072,0.6899766899766899,2.5555938276599433
BLOG001,validation,0.28,12548,0.06700582368297744,0.16743704175964297,2101,0.6996336996336996,2.4988431237235824
BLOG001,validation,0.29,12996,0.06700582368297744,0.1639735303170206,2131,0.7096237096237096,2.447153415989981
BLOG001,validation,0.3,13445,0.06700582368297744,0.16072889550018593,2161,0.7196137196137196,2.39873023963764
BLOG001,validation,0.31,13893,0.06700582368297744,0.1574174044482833,2187,0.7282717282717283,2.349309295757147
BLOG001,validation,0.32,14341,0.06700582368297744,0.1550798410152709,2224,0.7405927405927406,2.3144233216055263
BLOG001,validation,0.33,14789,0.06700582368297744,0.15180201501115695,2245,0.7475857475857476,2.2655047974542195
BLOG001,validation,0.34,15237,0.06700582368297744,0.14858567959572094,2264,0.7539127539127539,2.217503963516958
BLOG001,validation,0.35,15685,0.06700582368297744,0.14657315906917437,2299,0.7655677655677655,2.187468954380016
BLOG001,validation,0.36,16134,0.06700582368297744,0.1444155200198339,2330,0.7758907758907759,2.1552681853909075
BLOG001,validation,0.37,16582,0.06700582368297744,0.14214208177541912,2357,0.7848817848817848,2.1213392204225636
BLOG001,validation,0.38,17030,0.06700582368297744,0.13992953611274223,2383,0.7935397935397935,2.0883190209672886
BLOG001,validation,0.39,17478,0.06700582368297744,0.1370866231834306,2396,0.7978687978687978,2.045891172564705
BLOG001,validation,0.4,17926,0.06700582368297744,0.13460894789690953,2413,0.8035298035298035,2.008914158473458
BLOG001,validation,0.41,18374,0.06700582368297744,0.13219767062153043,2429,0.8088578088578089,1.9729280733417012
BLOG001,validation,0.42,18823,0.06700582368297744,0.12973489879402858,2442,0.8131868131868132,1.9361734796043886
BLOG001,validation,0.43,19271,0.06700582368297744,0.12760105858543927,2459,0.8188478188478189,1.9043278863215556
BLOG001,validation,0.44,19719,0.06700582368297744,0.12561488919316396,2477,0.8248418248418249,1.8746861435131632
BLOG001,validation,0.45,20167,0.06700582368297744,0.1237665493132345,2496,0.8311688311688312,1.8471013788115984
BLOG001,validation,0.46,20615,0.06700582368297744,0.12170749454280863,2509,0.8354978354978355,1.8163718890859322
BLOG001,validation,0.47,21063,0.06700582368297744,0.11964107676969092,2520,0.8391608391608392,1.7855325133490636
BLOG001,validation,0.48,21512,0.06700582368297744,0.11760877649683897,2530,0.8424908424908425,1.7552023097765008
BLOG001,validation,0.49,21960,0.06700582368297744,0.11598360655737705,2547,0.8481518481518482,1.7309481502104451
BLOG001,validation,0.5,22408,0.06700582368297744,0.11428953945019636,2561,0.8528138528138528,1.705665764082401
BLOG002,validation,0.01,448,0.06700582368297744,0.6339285714285714,284,0.09457209457209458,9.460798130440986
BLOG002,validation,0.02,896,0.06700582368297744,0.5625,504,0.16783216783216784,8.394792707292707
BLOG002,validation,0.03,1344,0.06700582368297744,0.5096726190476191,685,0.2281052281052281,7.606392863089292
BLOG002,validation,0.04,1792,0.06700582368297744,0.46763392857142855,838,0.27905427905427904,6.979004254673897
BLOG002,validation,0.05,2240,0.06700582368297744,0.4392857142857143,984,0.3276723276723277,6.555933352361923
BLOG002,validation,0.06,2689,0.06700582368297744,0.41651171439196727,1120,0.372960372960373,6.216052448852746
BLOG002,validation,0.07,3137,0.06700582368297744,0.38731271915843163,1215,0.4045954045954046,5.780284427080729
BLOG002,validation,0.08,3585,0.06700582368297744,0.3567642956764296,1279,0.4259074259074259,5.324377435674507
BLOG002,validation,0.09,4033,0.06700582368297744,0.33225886436895613,1340,0.4462204462204462,4.958656518289546
BLOG002,validation,0.1,4481,0.06700582368297744,0.3128765900468645,1402,0.4668664668664669,4.669393984725383
BLOG002,validation,0.11,4929,0.06700582368297744,0.2960032460945425,1459,0.4858474858474858,4.417574918487882
BLOG002,validation,0.12,5378,0.06700582368297744,0.28281889178133135,1521,0.5064935064935064,4.220810613707601
BLOG002,validation,0.13,5826,0.06700582368297744,0.2686234122897357,1565,0.5211455211455212,4.008956199996365
BLOG002,validation,0.14,6274,0.06700582368297744,0.25964297099139305,1629,0.5424575424575424,3.8749314122281926
BLOG002,validation,0.15,6722,0.06700582368297744,0.249925617375781,1680,0.5594405594405595,3.729908889087705
BLOG002,validation,0.16,7170,0.06700582368297744,0.24086471408647142,1727,0.575091575091575,3.594683280457339
BLOG002,validation,0.17,7618,0.06700582368297744,0.23523234444736152,1792,0.5967365967365967,3.510625368330803
BLOG002,validation,0.18,8067,0.06700582368297744,0.2280897483575059,1840,0.6127206127206127,3.4040287219907897
BLOG002,validation,0.19,8515,0.06700582368297744,0.22290076335877862,1898,0.6320346320346321,3.326587915900893
BLOG002,validation,0.2,8963,0.06700582368297744,0.2180073636059355,1954,0.6506826506826506,3.2535584464626077
BLOG002,validation,0.21,9411,0.06700582368297744,0.21209223249389011,1996,0.6646686646686647,3.165280580645579
BLOG002,validation,0.22,9859,0.06700582368297744,0.2061060959529364,2032,0.6766566766566766,3.0759430244165005
BLOG002,validation,0.23,10307,0.06700582368297744,0.20044629863199767,2066,0.687978687978688,2.9914757794839293
BLOG002,validation,0.24,10756,0.06700582368297744,0.19458906656749722,2093,0.696969696969697,2.9040620034483924
BLOG002,validation,0.25,11204,0.06700582368297744,0.19019992859692966,2131,0.7096237096237096,2.8385581751343976
BLOG002,validation,0.26,11652,0.06700582368297744,0.18537590113285274,2160,0.7192807192807192,2.766564023000686
BLOG002,validation,0.27,12100,0.06700582368297744,0.18123966942148761,2193,0.7302697302697303,2.7048345869007027
BLOG002,validation,0.28,12548,0.06700582368297744,0.17739878865157793,2226,0.7412587412587412,2.6475129906752475
BLOG002,validation,0.29,12996,0.06700582368297744,0.17489996922129886,2273,0.7569097569097569,2.6102204197772063
BLOG002,validation,0.3,13445,0.06700582368297744,0.1709929341762737,2299,0.7655677655677655,2.5519115321272254
BLOG002,validation,0.31,13893,0.06700582368297744,0.16735046426257827,2325,0.7742257742257742,2.4975510345840726
BLOG002,validation,0.32,14341,0.06700582368297744,0.16323826790321455,2341,0.7795537795537796,2.43618030390222
BLOG002,validation,0.33,14789,0.06700582368297744,0.16025424301845967,2370,0.7892107892107892,2.391646489962806
BLOG002,validation,0.34,15237,0.06700582368297744,0.15685502395484677,2390,0.7958707958707959,2.3409162865748807
BLOG002,validation,0.35,15685,0.06700582368297744,0.1532036978004463,2403,0.8001998001998002,2.286423617823044
BLOG002,validation,0.36,16134,0.06700582368297744,0.15042766827817033,2427,0.8081918081918081,2.2449939424651215
BLOG002,validation,0.37,16582,0.06700582368297744,0.14805210469183452,2455,0.8175158175158175,2.2095408511401757
BLOG002,validation,0.38,17030,0.06700582368297744,0.14544920728126834,2477,0.8248418248418249,2.1706950125623052
BLOG002,validation,0.39,17478,0.06700582368297744,0.14303696075065797,2500,0.8325008325008325,2.1346944621918875
BLOG002,validation,0.4,17926,0.06700582368297744,0.1400200825616423,2510,0.8358308358308358,2.089670343045329
BLOG002,validation,0.41,18374,0.06700582368297744,0.13747686948949603,2526,0.8411588411588412,2.0517152380655155
BLOG002,validation,0.42,18823,0.06700582368297744,0.13483504223556286,2538,0.8451548451548452,2.012288407549524
BLOG002,validation,0.43,19271,0.06700582368297744,0.13237507135073426,2551,0.8494838494838495,1.9755756152933257
BLOG002,validation,0.44,19719,0.06700582368297744,0.13012830265226433,2566,0.8544788544788545,1.942044668653523
BLOG002,validation,0.45,20167,0.06700582368297744,0.1279813556800714,2581,0.8594738594738595,1.9100034690355512
BLOG002,validation,0.46,20615,0.06700582368297744,0.1261217560029105,2600,0.8658008658008658,1.8822506622652149
BLOG002,validation,0.47,21063,0.06700582368297744,0.12391397236860846,2610,0.8691308691308691,1.8493015316829589
BLOG002,validation,0.48,21512,0.06700582368297744,0.12179248791372257,2620,0.8724608724608724,1.817640336606495
BLOG002,validation,0.49,21960,0.06700582368297744,0.1198087431693989,2631,0.8761238761238761,1.7880347794282219
BLOG002,validation,0.5,22408,0.06700582368297744,0.11785969296679757,2641,0.8794538794538794,1.758947006224764
BLOG003,validation,0.01,448,0.06700582368297744,0.6316964285714286,283,0.09423909423909424,9.427485460967604
BLOG003,validation,0.02,896,0.06700582368297744,0.5736607142857143,514,0.17116217116217117,8.561356054659626
BLOG003,validation,0.03,1344,0.06700582368297744,0.5297619047619048,712,0.2370962370962371,7.906206888349745
BLOG003,validation,0.04,1792,0.06700582368297744,0.49330357142857145,884,0.2943722943722944,7.362099953617811
BLOG003,validation,0.05,2240,0.06700582368297744,0.45848214285714284,1027,0.341991341991342,6.842422309833023
BLOG003,validation,0.06,2689,0.06700582368297744,0.4395686128672369,1182,0.3936063936063936,6.560155352271381
BLOG003,validation,0.07,3137,0.06700582368297744,0.4153649984061205,1303,0.4338994338994339,6.198938772416618
BLOG003,validation,0.08,3585,0.06700582368297744,0.3905160390516039,1400,0.4662004662004662,5.828091016375535
BLOG003,validation,0.09,4033,0.06700582368297744,0.36771634019340443,1483,0.4938394938394938,5.487826579569699
BLOG003,validation,0.1,4481,0.06700582368297744,0.35215353715688463,1578,0.5254745254745254,5.255566125461238
BLOG003,validation,0.11,4929,0.06700582368297744,0.3333333333333333,1643,0.5471195471195471,4.974691974691974
BLOG003,validation,0.12,5378,0.06700582368297744,0.3183339531424321,1712,0.5700965700965701,4.750840085908885
BLOG003,validation,0.13,5826,0.06700582368297744,0.3041537933401991,1772,0.5900765900765901,4.53921430440483
BLOG003,validation,0.14,6274,0.06700582368297744,0.2907236212942302,1824,0.6073926073926074,4.338781397117387
BLOG003,validation,0.15,6722,0.06700582368297744,0.27759595358524247,1866,0.6213786213786214,4.142863087522414
BLOG003,validation,0.16,7170,0.06700582368297744,0.26513249651324966,1901,0.633033633033633,3.956857507903533
BLOG003,validation,0.17,7618,0.06700582368297744,0.25439747965345233,1938,0.6453546453546454,3.7966473012416824
BLOG003,validation,0.18,8067,0.06700582368297744,0.24556836494359738,1981,0.6596736596736597,3.6648809229694317
BLOG003,validation,0.19,8515,0.06700582368297744,0.2376981796829125,2024,0.673992673992674,3.5474256806024274
BLOG003,validation,0.2,8963,0.06700582368297744,0.22927591208300793,2055,0.6843156843156843,3.421731119488567
BLOG003,validation,0.21,9411,0.06700582368297744,0.22261183721177347,2095,0.6976356976356977,3.3222759601465373
BLOG003,validation,0.22,9859,0.06700582368297744,0.21665483314737802,2136,0.7112887112887113,3.2333731792094706
BLOG003,validation,0.23,10307,0.06700582368297744,0.21140972154846221,2179,0.7256077256077256,3.155094735477
BLOG003,validation,0.24,10756,0.06700582368297744,0.20611751580513202,2217,0.7382617382617382,3.076113455157709
BLOG003,validation,0.25,11204,0.06700582368297744,0.20207068903962871,2264,0.7539127539127539,3.0157183052577556
BLOG003,validation,0.26,11652,0.06700582368297744,0.19661860624785443,2291,0.7629037629037629,2.934351007728968
BLOG003,validation,0.27,12100,0.06700582368297744,0.1918181818181818,2321,0.7728937728937729,2.8627091090727452
BLOG003,validation,0.28,12548,0.06700582368297744,0.18672298374242907,2343,0.7802197802197802,2.786667986142006
BLOG003,validation,0.29,12996,0.06700582368297744,0.18213296398891968,2367,0.7882117882117882,2.7181661828476233
BLOG003,validation,0.3,13445,0.06700582368297744,0.17731498698400894,2384,0.7938727938727939,2.6462623282258835
BLOG003,validation,0.31,13893,0.06700582368297744,0.17339667458432304,2409,0.8021978021978022,2.5877851364787228
BLOG003,validation,0.32,14341,0.06700582368297744,0.16979290147130605,2435,0.8108558108558108,2.534002152926914
BLOG003,validation,0.33,14789,0.06700582368297744,0.16769220366488607,2480,0.8258408258408259,2.5026511793703627
BLOG003,validation,0.34,15237,0.06700582368297744,0.16459933057688522,2508,0.8351648351648352,2.4564929065815067
BLOG003,validation,0.35,15685,0.06700582368297744,0.1618744022951865,2539,0.8454878454878455,2.4158258700177733
BLOG003,validation,0.36,16134,0.06700582368297744,0.15829924383289948,2554,0.8504828504828504,2.362469933685999
BLOG003,validation,0.37,16582,0.06700582368297744,0.15480641659630925,2567,0.8548118548118548,2.3103427148174465
BLOG003,validation,0.38,17030,0.06700582368297744,0.15167351732237228,2583,0.8601398601398601,2.2635870881907287
BLOG003,validation,0.39,17478,0.06700582368297744,0.1484151504748827,2594,0.8638028638028638,2.2149589739703024
BLOG003,validation,0.4,17926,0.06700582368297744,0.1454312172263751,2607,0.8681318681318682,2.1704265276172
BLOG003,validation,0.41,18374,0.06700582368297744,0.14302819201044956,2628,0.8751248751248751,2.1345635968472587
BLOG003,validation,0.42,18823,0.06700582368297744,0.14020081814801041,2639,0.8787878787878788,2.092367654658469
BLOG003,validation,0.43,19271,0.06700582368297744,0.13803123864874683,2660,0.8857808857808858,2.0599886854881406
BLOG003,validation,0.44,19719,0.06700582368297744,0.1353516912622344,2669,0.8887778887778888,2.0199989168496697
BLOG003,validation,0.45,20167,0.06700582368297744,0.1329399514057619,2681,0.8927738927738927,1.9840059281225544
BLOG003,validation,0.46,20615,0.06700582368297744,0.13063303419839922,2693,0.8967698967698968,1.9495773205693165
BLOG003,validation,0.47,21063,0.06700582368297744,0.1280919147319945,2698,0.8984348984348984,1.911653460720545
BLOG003,validation,0.48,21512,0.06700582368297744,0.12588322796578655,2708,0.9017649017649018,1.878690851729156
BLOG003,validation,0.49,21960,0.06700582368297744,0.12372495446265938,2717,0.9047619047619048,1.8464806141035648
BLOG003,validation,0.5,22408,0.06700582368297744,0.12187611567297393,2731,0.9094239094239094,1.8188884036349227
BLOG004,validation,0.01,448,0.06700582368297744,0.640625,287,0.09557109557109557,9.560736138861138
BLOG004,validation,0.02,896,0.06700582368297744,0.5982142857142857,536,0.1784881784881785,8.927795418866847
BLOG004,validation,0.03,1344,0.06700582368297744,0.5550595238095238,746,0.24841824841824842,8.283750475714761
BLOG004,validation,0.04,1792,0.06700582368297744,0.5111607142857143,916,0.305028305028305,7.628601309404881
BLOG004,validation,0.05,2240,0.06700582368297744,0.47276785714285713,1059,0.35264735264735264,7.05562339446268
BLOG004,validation,0.06,2689,0.06700582368297744,0.4447750092971365,1196,0.39826839826839827,6.637856007882039
BLOG004,validation,0.07,3137,0.06700582368297744,0.42110296461587504,1321,0.4398934398934399,6.284572615780776
BLOG004,validation,0.08,3585,0.06700582368297744,0.403068340306834,1445,0.4811854811854812,6.015422513330463
BLOG004,validation,0.09,4033,0.06700582368297744,0.37986610463674686,1532,0.5101565101565102,5.66915058658178
BLOG004,validation,0.1,4481,0.06700582368297744,0.35884847132336534,1608,0.5354645354645354,5.355481831268486
BLOG004,validation,0.11,4929,0.06700582368297744,0.34165145059849866,1684,0.5607725607725608,5.098832188302668
BLOG004,validation,0.12,5378,0.06700582368297744,0.32651543324656007,1756,0.5847485847485847,4.872941116154206
BLOG004,validation,0.13,5826,0.06700582368297744,0.3125643666323378,1821,0.6063936063936064,4.664734338781712
BLOG004,validation,0.14,6274,0.06700582368297744,0.2996493465094039,1880,0.626040626040626,4.471989597906078
BLOG004,validation,0.15,6722,0.06700582368297744,0.2868193989883963,1928,0.642024642024642,4.2805144870006515
BLOG004,validation,0.16,7170,0.06700582368297744,0.27433751743375173,1967,0.655011655011655,4.094233939003813
BLOG004,validation,0.17,7618,0.06700582368297744,0.26253609871357314,2000,0.666000666000666,3.918108670012057
BLOG004,validation,0.18,8067,0.06700582368297744,0.2521383413908516,2034,0.6773226773226774,3.7629317502876445
BLOG004,validation,0.19,8515,0.06700582368297744,0.24333529066353493,2072,0.6899766899766899,3.6315543528696783
BLOG004,validation,0.2,8963,0.06700582368297744,0.2353006805757001,2109,0.7022977022977023,3.5116452218984855
BLOG004,validation,0.21,9411,0.06700582368297744,0.22739347571990223,2140,0.7126207126207126,3.3936374962833358
BLOG004,validation,0.22,9859,0.06700582368297744,0.22101633025661832,2179,0.7256077256077256,3.2984644932104104
BLOG004,validation,0.23,10307,0.06700582368297744,0.21529057921800718,2219,0.7389277389277389,3.2130129499878213
BLOG004,validation,0.24,10756,0.06700582368297744,0.20983637039791744,2257,0.7515817515817516,3.1316139234510376
BLOG004,validation,0.25,11204,0.06700582368297744,0.20492681185290967,2296,0.7645687645687645,3.058343298971646
BLOG004,validation,0.26,11652,0.06700582368297744,0.19979402677651906,2328,0.7752247752247752,2.981741224789628
BLOG004,validation,0.27,12100,0.06700582368297744,0.19413223140495867,2349,0.7822177822177823,2.8972441607978796
BLOG004,validation,0.28,12548,0.06700582368297744,0.18927319094676442,2375,0.7908757908757909,2.8247274720816318
BLOG004,validation,0.29,12996,0.06700582368297744,0.18451831332717758,2398,0.7985347985347986,2.7537653174772285
BLOG004,validation,0.3,13445,0.06700582368297744,0.17954629973968017,2414,0.8038628038628038,2.6795626092018803
BLOG004,validation,0.31,13893,0.06700582368297744,0.17534009933059813,2436,0.8111888111888111,2.6167889549448606
BLOG004,validation,0.32,14341,0.06700582368297744,0.17153615507984102,2460,0.8191808191808192,2.5600186021356093
BLOG004,validation,0.33,14789,0.06700582368297744,0.16796267496111975,2484,0.8271728271728271,2.506687713530637
BLOG004,validation,0.34,15237,0.06700582368297744,0.16505873859683665,2515,0.8374958374958374,2.463349146751391
BLOG004,validation,0.35,15685,0.06700582368297744,0.1622569333758368,2545,0.8474858474858474,2.421534792908717
BLOG004,validation,0.36,16134,0.06700582368297744,0.15854716747241848,2558,0.8518148518148518,2.366169964905554
BLOG004,validation,0.37,16582,0.06700582368297744,0.1549873356651791,2570,0.8558108558108558,2.3130427647373732
BLOG004,validation,0.38,17030,0.06700582368297744,0.15179095713446858,2585,0.8608058608058609,2.265339768862963
BLOG004,validation,0.39,17478,0.06700582368297744,0.1484151504748827,2594,0.8638028638028638,2.2149589739703024
BLOG004,validation,0.4,17926,0.06700582368297744,0.14565435680017852,2611,0.8694638694638694,2.1737566795583083
BLOG004,validation,0.41,18374,0.06700582368297744,0.1428649178186568,2625,0.8741258741258742,2.132126880412501
BLOG004,validation,0.42,18823,0.06700582368297744,0.14036019763055835,2642,0.8797868797868797,2.0947462461567543
BLOG004,validation,0.43,19271,0.06700582368297744,0.13803123864874683,2660,0.8857808857808858,2.0599886854881406
BLOG004,validation,0.44,19719,0.06700582368297744,0.13631522896698617,2688,0.8951048951048951,2.0343788267110954
BLOG004,validation,0.45,20167,0.06700582368297744,0.1339316705509,2701,0.8994338994338994,1.998806419939955
BLOG004,validation,0.46,20615,0.06700582368297744,0.13126364297841378,2706,0.9010989010989011,1.9589885738806427
BLOG004,validation,0.47,21063,0.06700582368297744,0.12889901723401226,2715,0.9040959040959041,1.92369871973917
BLOG004,validation,0.48,21512,0.06700582368297744,0.12662699888434362,2724,0.9070929070929071,1.8897909453878214
BLOG004,validation,0.49,21960,0.06700582368297744,0.12454462659380693,2735,0.9107559107559108,1.85871346322166
BLOG004,validation,0.5,22408,0.06700582368297744,0.12254551945733666,2746,0.9144189144189144,1.8288786365366156
BLOG005,validation,0.01,448,0.06700582368297744,0.6428571428571429,288,0.0959040959040959,9.594048808334524
BLOG005,validation,0.02,896,0.06700582368297744,0.59375,532,0.17715617715617715,8.861170079920079
BLOG005,validation,0.03,1344,0.06700582368297744,0.5513392857142857,741,0.24675324675324675,8.228229359925788
BLOG005,validation,0.04,1792,0.06700582368297744,0.5100446428571429,914,0.3043623043623044,7.611944974668189
BLOG005,validation,0.05,2240,0.06700582368297744,0.4785714285714286,1072,0.356976356976357,7.142236335093478
BLOG005,validation,0.06,2689,0.06700582368297744,0.45072517664559314,1212,0.4035964035964036,6.726656757151364
BLOG005,validation,0.07,3137,0.06700582368297744,0.4274784826267134,1341,0.44655344655344653,6.379721330629842
BLOG005,validation,0.08,3585,0.06700582368297744,0.403068340306834,1445,0.4811854811854812,6.015422513330463
BLOG005,validation,0.09,4033,0.06700582368297744,0.3818497396479048,1540,0.5128205128205128,5.698754506093955
BLOG005,validation,0.1,4481,0.06700582368297744,0.3621959384066057,1623,0.5404595404595405,5.40543968417211
BLOG005,validation,0.11,4929,0.06700582368297744,0.3444917833231893,1698,0.5654345654345654,5.141221529535589
BLOG005,validation,0.12,5378,0.06700582368297744,0.3276310896243957,1762,0.5867465867465868,4.889591256642205
BLOG005,validation,0.13,5826,0.06700582368297744,0.31273601098523857,1822,0.6067266067266067,4.667295972136342
BLOG005,validation,0.14,6274,0.06700582368297744,0.299330570608862,1878,0.6253746253746254,4.467232162163625
BLOG005,validation,0.15,6722,0.06700582368297744,0.2856292770008926,1920,0.6393606393606394,4.262753016100234
BLOG005,validation,0.16,7170,0.06700582368297744,0.27377963737796374,1963,0.6536796536796536,4.085908094694705
BLOG005,validation,0.17,7618,0.06700582368297744,0.26332370700971386,2006,0.667998667998668,3.929862996022093
BLOG005,validation,0.18,8067,0.06700582368297744,0.2548655014255609,2056,0.6846486846486847,3.8036320937027517
BLOG005,validation,0.19,8515,0.06700582368297744,0.24662360540223136,2100,0.6993006993006993,3.680629411692242
BLOG005,validation,0.2,8963,0.06700582368297744,0.24087916992078545,2159,0.7189477189477189,3.5948990204261877
BLOG005,validation,0.21,9411,0.06700582368297744,0.23217511422803103,2185,0.7276057276057276,3.464999032420135
BLOG005,validation,0.22,9859,0.06700582368297744,0.2253778273658586,2222,0.73992673992674,3.36355580721135
BLOG005,validation,0.23,10307,0.06700582368297744,0.21839526535364315,2251,0.7495837495837496,3.2593475215964784
BLOG005,validation,0.24,10756,0.06700582368297744,0.21188174042394942,2279,0.7589077589077589,3.162139181012368
BLOG005,validation,0.25,11204,0.06700582368297744,0.20590860406997502,2307,0.7682317682317682,3.072995640560796
BLOG005,validation,0.26,11652,0.06700582368297744,0.19962238242361827,2326,0.7745587745587745,2.979179591434998
BLOG005,validation,0.27,12100,0.06700582368297744,0.19512396694214876,2361,0.7862137862137862,2.9120448972515085
BLOG005,validation,0.28,12548,0.06700582368297744,0.18999043672298374,2384,0.7938727938727939,2.835431702502152
BLOG005,validation,0.29,12996,0.06700582368297744,0.18536472760849493,2409,0.8021978021978022,2.766397268474831
BLOG005,validation,0.3,13445,0.06700582368297744,0.18058757902566008,2428,0.8085248085248086,2.6951027403240118
BLOG005,validation,0.31,13893,0.06700582368297744,0.17627582235658246,2449,0.8155178155178155,2.6307537564285566
BLOG005,validation,0.32,14341,0.06700582368297744,0.17320967854403457,2484,0.8271728271728271,2.5849943933759563
BLOG005,validation,0.33,14789,0.06700582368297744,0.1693826492663466,2505,0.8341658341658341,2.52787951787208
BLOG005,validation,0.34,15237,0.06700582368297744,0.16545251689965215,2521,0.8394938394938395,2.4692259240398635
BLOG005,validation,0.35,15685,0.06700582368297744,0.16200191265540326,2541,0.8461538461538461,2.4177288443147544
BLOG005,validation,0.36,16134,0.06700582368297744,0.1582372629230197,2553,0.8501498501498501,2.3615449258811103
BLOG005,validation,0.37,16582,0.06700582368297744,0.15456519117114945,2563,0.8534798534798534,2.306742648257544
BLOG005,validation,0.38,17030,0.06700582368297744,0.15173223722842044,2584,0.8604728604728604,2.264463428526846
BLOG005,validation,0.39,17478,0.06700582368297744,0.14933058702368693,2610,0.8691308691308691,2.2286210185283304
BLOG005,validation,0.4,17926,0.06700582368297744,0.14665848488229388,2629,0.8754578754578755,2.188742363293295
BLOG005,validation,0.41,18374,0.06700582368297744,0.1438445629694133,2643,0.8801198801198801,2.146747179021044
BLOG005,validation,0.42,18823,0.06700582368297744,0.14168835998512458,2667,0.8881118881118881,2.1145678419758003
BLOG005,validation,0.43,19271,0.06700582368297744,0.13891339318146437,2677,0.8914418914418915,2.073154026711185
BLOG005,validation,0.44,19719,0.06700582368297744,0.13636594147776257,2689,0.8954378954378954,2.035135664072223
BLOG005,validation,0.45,20167,0.06700582368297744,0.1339316705509,2701,0.8994338994338994,1.998806419939955
BLOG005,validation,0.46,20615,0.06700582368297744,0.13160320155226776,2713,0.9034299034299035,1.9640561718175105
BLOG005,validation,0.47,21063,0.06700582368297744,0.12927883017613825,2723,0.9067599067599068,1.929367076924405
BLOG005,validation,0.48,21512,0.06700582368297744,0.12723131275567126,2737,0.9114219114219114,1.8988097714854875
BLOG005,validation,0.49,21960,0.06700582368297744,0.12490892531876138,2743,0.9134199134199135,1.8641502850519243
BLOG005,validation,0.5,22408,0.06700582368297744,0.12281328097108175,2752,0.9164169164169165,1.832874729697293
BNB001,validation,0.01,448,0.06700582368297744,0.6339285714285714,284,0.09457209457209458,9.460798130440986
BNB001,validation,0.02,896,0.06700582368297744,0.5859375,525,0.17482517482517482,8.744575736763236
BNB001,validation,0.03,1344,0.06700582368297744,0.5491071428571429,738,0.24575424575424576,8.194916690452406
BNB001,validation,0.04,1792,0.06700582368297744,0.5027901785714286,901,0.30003330003330003,7.503678798879692
BNB001,validation,0.05,2240,0.06700582368297744,0.4732142857142857,1060,0.35298035298035296,7.0622859283573565
BNB001,validation,0.06,2689,0.06700582368297744,0.4484938638899219,1206,0.4015984015984016,6.693356476175368
BNB001,validation,0.07,3137,0.06700582368297744,0.42620337902454575,1337,0.44522144522144524,6.360691587660028
BNB001,validation,0.08,3585,0.06700582368297744,0.40278940027894,1444,0.48085248085248083,6.011259591175908
BNB001,validation,0.09,4033,0.06700582368297744,0.3796181502603521,1531,0.5098235098235098,5.665450096642758
BNB001,validation,0.1,4481,0.06700582368297744,0.3621959384066057,1623,0.5404595404595405,5.40543968417211
BNB001,validation,0.11,4929,0.06700582368297744,0.3428687360519375,1690,0.5627705627705628,5.1169990488310635
BNB001,validation,0.12,5378,0.06700582368297744,0.3291186314615099,1770,0.5894105894105894,4.911791443959537
BNB001,validation,0.13,5826,0.06700582368297744,0.3122210779265362,1819,0.6057276057276058,4.659611072072452
BNB001,validation,0.14,6274,0.06700582368297744,0.2998087344596749,1881,0.6263736263736264,4.474368315777306
BNB001,validation,0.15,6722,0.06700582368297744,0.2884558167212139,1939,0.6456876456876457,4.3049365094887255
BNB001,validation,0.16,7170,0.06700582368297744,0.27559274755927476,1976,0.658008658008658,4.112967088699306
BNB001,validation,0.17,7618,0.06700582368297744,0.26542399579942244,2022,0.6733266733266733,3.9612078653821894
BNB001,validation,0.18,8067,0.06700582368297744,0.2548655014255609,2056,0.6846486846486847,3.8036320937027517
BNB001,validation,0.19,8515,0.06700582368297744,0.24650616559013505,2099,0.698967698967699,3.6788767310200075
BNB001,validation,0.2,8963,0.06700582368297744,0.2384246346089479,2137,0.7116217116217116,3.5582673490739984
BNB001,validation,0.21,9411,0.06700582368297744,0.23206885559451707,2184,0.7272727272727273,3.463413220505984
BNB001,validation,0.22,9859,0.06700582368297744,0.22497210670453394,2218,0.7385947385947386,3.3575008012577747
BNB001,validation,0.23,10307,0.06700582368297744,0.2197535655379839,2265,0.7542457542457542,3.2796188966752657
BNB001,validation,0.24,10756,0.06700582368297744,0.21309036816660468,2292,0.7632367632367633,3.1801768332076996
BNB001,validation,0.25,11204,0.06700582368297744,0.20742591931453053,2324,0.7738927738927739,3.0956401684713
BNB001,validation,0.26,11652,0.06700582368297744,0.20296944730518365,2365,0.7875457875457875,3.0291314418502884
BNB001,validation,0.27,12100,0.06700582368297744,0.198099173553719,2397,0.7982017982017982,2.9564471066123956
BNB001,validation,0.28,12548,0.06700582368297744,0.1933375836786739,2426,0.8078588078588078,2.8853847777979116
BNB001,validation,0.29,12996,0.06700582368297744,0.18913511849799938,2458,0.8185148185148186,2.8226668683732394
BNB001,validation,0.3,13445,0.06700582368297744,0.1842320565265898,2477,0.8248418248418249,2.7494931992514733
BNB001,validation,0.31,13893,0.06700582368297744,0.1799467357662132,2500,0.8325008325008325,2.6855387468645944
BNB001,validation,0.32,14341,0.06700582368297744,0.17585942402900773,2522,0.8398268398268398,2.6245393961731733
BNB001,validation,0.33,14789,0.06700582368297744,0.17181689093244978,2541,0.8461538461538461,2.5642083253145525
BNB001,validation,0.34,15237,0.06700582368297744,0.16774955699940933,2556,0.8511488511488512,2.5035071248892864
BNB001,validation,0.35,15685,0.06700582368297744,0.1641695887790883,2575,0.8574758574758575,2.4500794073634364
BNB001,validation,0.36,16134,0.06700582368297744,0.16077848022808974,2594,0.8638028638028638,2.399470245881551
BNB001,validation,0.37,16582,0.06700582368297744,0.1572789772041973,2608,0.8684648684648685,2.347243397056447
BNB001,validation,0.38,17030,0.06700582368297744,0.15366999412800939,2617,0.8714618714618715,2.2933826596187132
BNB001,validation,0.39,17478,0.06700582368297744,0.15087538619979401,2637,0.8781218781218781,2.2516757187200027
BNB001,validation,0.4,17926,0.06700582368297744,0.14816467700546693,2656,0.8844488844488845,2.2112208888957747
BNB001,validation,0.41,18374,0.06700582368297744,0.14509633177315773,2666,0.8877788877788878,2.1654286716875157
BNB001,validation,0.42,18823,0.06700582368297744,0.14221962492695106,2677,0.8914418914418915,2.1224964803034183
BNB001,validation,0.43,19271,0.06700582368297744,0.1392766332831716,2684,0.8937728937728938,2.078575049567733
BNB001,validation,0.44,19719,0.06700582368297744,0.13672092905319744,2696,0.8977688977688978,2.0404335256001165
BNB001,validation,0.45,20167,0.06700582368297744,0.13437794416621213,2710,0.9024309024309024,2.0054666412577853
BNB001,validation,0.46,20615,0.06700582368297744,0.1318457433907349,2718,0.9050949050949051,1.967675884629559
BNB001,validation,0.47,21063,0.06700582368297744,0.1294212600294355,2726,0.9077589077589078,1.9314927108688678
BNB001,validation,0.48,21512,0.06700582368297744,0.12732428412049088,2739,0.9120879120879121,1.9001972831928202
BNB001,validation,0.49,21960,0.06700582368297744,0.12509107468123862,2747,0.9147519147519148,1.8668686959670566
BNB001,validation,0.5,22408,0.06700582368297744,0.12308104248482685,2758,0.9184149184149184,1.8368708228579702
BNB002,validation,0.01,448,0.06700582368297744,0.6339285714285714,284,0.09457209457209458,9.460798130440986
BNB002,validation,0.02,896,0.06700582368297744,0.5859375,525,0.17482517482517482,8.744575736763236
BNB002,validation,0.03,1344,0.06700582368297744,0.5491071428571429,738,0.24575424575424576,8.194916690452406
BNB002,validation,0.04,1792,0.06700582368297744,0.5027901785714286,901,0.30003330003330003,7.503678798879692
BNB002,validation,0.05,2240,0.06700582368297744,0.4732142857142857,1060,0.35298035298035296,7.0622859283573565
BNB002,validation,0.06,2689,0.06700582368297744,0.4484938638899219,1206,0.4015984015984016,6.693356476175368
BNB002,validation,0.07,3137,0.06700582368297744,0.42620337902454575,1337,0.44522144522144524,6.360691587660028
BNB002,validation,0.08,3585,0.06700582368297744,0.40278940027894,1444,0.48085248085248083,6.011259591175908
BNB002,validation,0.09,4033,0.06700582368297744,0.3796181502603521,1531,0.5098235098235098,5.665450096642758
BNB002,validation,0.1,4481,0.06700582368297744,0.3621959384066057,1623,0.5404595404595405,5.40543968417211
BNB002,validation,0.11,4929,0.06700582368297744,0.3428687360519375,1690,0.5627705627705628,5.1169990488310635
BNB002,validation,0.12,5378,0.06700582368297744,0.3291186314615099,1770,0.5894105894105894,4.911791443959537
BNB002,validation,0.13,5826,0.06700582368297744,0.3122210779265362,1819,0.6057276057276058,4.659611072072452
BNB002,validation,0.14,6274,0.06700582368297744,0.2998087344596749,1881,0.6263736263736264,4.474368315777306
BNB002,validation,0.15,6722,0.06700582368297744,0.2884558167212139,1939,0.6456876456876457,4.3049365094887255
BNB002,validation,0.16,7170,0.06700582368297744,0.27559274755927476,1976,0.658008658008658,4.112967088699306
BNB002,validation,0.17,7618,0.06700582368297744,0.26542399579942244,2022,0.6733266733266733,3.9612078653821894
BNB002,validation,0.18,8067,0.06700582368297744,0.2548655014255609,2056,0.6846486846486847,3.8036320937027517
BNB002,validation,0.19,8515,0.06700582368297744,0.24650616559013505,2099,0.698967698967699,3.6788767310200075
BNB002,validation,0.2,8963,0.06700582368297744,0.2384246346089479,2137,0.7116217116217116,3.5582673490739984
BNB002,validation,0.21,9411,0.06700582368297744,0.23206885559451707,2184,0.7272727272727273,3.463413220505984
BNB002,validation,0.22,9859,0.06700582368297744,0.22497210670453394,2218,0.7385947385947386,3.3575008012577747
BNB002,validation,0.23,10307,0.06700582368297744,0.2197535655379839,2265,0.7542457542457542,3.2796188966752657
BNB002,validation,0.24,10756,0.06700582368297744,0.21309036816660468,2292,0.7632367632367633,3.1801768332076996
BNB002,validation,0.25,11204,0.06700582368297744,0.20742591931453053,2324,0.7738927738927739,3.0956401684713
BNB002,validation,0.26,11652,0.06700582368297744,0.20296944730518365,2365,0.7875457875457875,3.0291314418502884
BNB002,validation,0.27,12100,0.06700582368297744,0.198099173553719,2397,0.7982017982017982,2.9564471066123956
BNB002,validation,0.28,12548,0.06700582368297744,0.1933375836786739,2426,0.8078588078588078,2.8853847777979116
BNB002,validation,0.29,12996,0.06700582368297744,0.18913511849799938,2458,0.8185148185148186,2.8226668683732394
BNB002,validation,0.3,13445,0.06700582368297744,0.1842320565265898,2477,0.8248418248418249,2.7494931992514733
BNB002,validation,0.31,13893,0.06700582368297744,0.1799467357662132,2500,0.8325008325008325,2.6855387468645944
BNB002,validation,0.32,14341,0.06700582368297744,0.17585942402900773,2522,0.8398268398268398,2.6245393961731733
BNB002,validation,0.33,14789,0.06700582368297744,0.17181689093244978,2541,0.8461538461538461,2.5642083253145525
BNB002,validation,0.34,15237,0.06700582368297744,0.16774955699940933,2556,0.8511488511488512,2.5035071248892864
BNB002,validation,0.35,15685,0.06700582368297744,0.1641695887790883,2575,0.8574758574758575,2.4500794073634364
BNB002,validation,0.36,16134,0.06700582368297744,0.16077848022808974,2594,0.8638028638028638,2.399470245881551
BNB002,validation,0.37,16582,0.06700582368297744,0.1572789772041973,2608,0.8684648684648685,2.347243397056447
BNB002,validation,0.38,17030,0.06700582368297744,0.15366999412800939,2617,0.8714618714618715,2.2933826596187132
BNB002,validation,0.39,17478,0.06700582368297744,0.15087538619979401,2637,0.8781218781218781,2.2516757187200027
BNB002,validation,0.4,17926,0.06700582368297744,0.14816467700546693,2656,0.8844488844488845,2.2112208888957747
BNB002,validation,0.41,18374,0.06700582368297744,0.14509633177315773,2666,0.8877788877788878,2.1654286716875157
BNB002,validation,0.42,18823,0.06700582368297744,0.14221962492695106,2677,0.8914418914418915,2.1224964803034183
BNB002,validation,0.43,19271,0.06700582368297744,0.1392766332831716,2684,0.8937728937728938,2.078575049567733
BNB002,validation,0.44,19719,0.06700582368297744,0.13672092905319744,2696,0.8977688977688978,2.0404335256001165
BNB002,validation,0.45,20167,0.06700582368297744,0.13437794416621213,2710,0.9024309024309024,2.0054666412577853
BNB002,validation,0.46,20615,0.06700582368297744,0.1318457433907349,2718,0.9050949050949051,1.967675884629559
BNB002,validation,0.47,21063,0.06700582368297744,0.1294212600294355,2726,0.9077589077589078,1.9314927108688678
BNB002,validation,0.48,21512,0.06700582368297744,0.12732428412049088,2739,0.9120879120879121,1.9001972831928202
BNB002,validation,0.49,21960,0.06700582368297744,0.12509107468123862,2747,0.9147519147519148,1.8668686959670566
BNB002,validation,0.5,22408,0.06700582368297744,0.12308104248482685,2758,0.9184149184149184,1.8368708228579702
BNB003,validation,0.01,448,0.06700582368297744,0.6339285714285714,284,0.09457209457209458,9.460798130440986
BNB003,validation,0.02,896,0.06700582368297744,0.5859375,525,0.17482517482517482,8.744575736763236
BNB003,validation,0.03,1344,0.06700582368297744,0.5491071428571429,738,0.24575424575424576,8.194916690452406
BNB003,validation,0.04,1792,0.06700582368297744,0.5027901785714286,901,0.30003330003330003,7.503678798879692
BNB003,validation,0.05,2240,0.06700582368297744,0.4732142857142857,1060,0.35298035298035296,7.0622859283573565
BNB003,validation,0.06,2689,0.06700582368297744,0.4484938638899219,1206,0.4015984015984016,6.693356476175368
BNB003,validation,0.07,3137,0.06700582368297744,0.42620337902454575,1337,0.44522144522144524,6.360691587660028
BNB003,validation,0.08,3585,0.06700582368297744,0.40278940027894,1444,0.48085248085248083,6.011259591175908
BNB003,validation,0.09,4033,0.06700582368297744,0.3796181502603521,1531,0.5098235098235098,5.665450096642758
BNB003,validation,0.1,4481,0.06700582368297744,0.3621959384066057,1623,0.5404595404595405,5.40543968417211
BNB003,validation,0.11,4929,0.06700582368297744,0.3428687360519375,1690,0.5627705627705628,5.1169990488310635
BNB003,validation,0.12,5378,0.06700582368297744,0.3291186314615099,1770,0.5894105894105894,4.911791443959537
BNB003,validation,0.13,5826,0.06700582368297744,0.3122210779265362,1819,0.6057276057276058,4.659611072072452
BNB003,validation,0.14,6274,0.06700582368297744,0.2998087344596749,1881,0.6263736263736264,4.474368315777306
BNB003,validation,0.15,6722,0.06700582368297744,0.2884558167212139,1939,0.6456876456876457,4.3049365094887255
BNB003,validation,0.16,7170,0.06700582368297744,0.27559274755927476,1976,0.658008658008658,4.112967088699306
BNB003,validation,0.17,7618,0.06700582368297744,0.26542399579942244,2022,0.6733266733266733,3.9612078653821894
BNB003,validation,0.18,8067,0.06700582368297744,0.2548655014255609,2056,0.6846486846486847,3.8036320937027517
BNB003,validation,0.19,8515,0.06700582368297744,0.24650616559013505,2099,0.698967698967699,3.6788767310200075
BNB003,validation,0.2,8963,0.06700582368297744,0.2384246346089479,2137,0.7116217116217116,3.5582673490739984
BNB003,validation,0.21,9411,0.06700582368297744,0.23206885559451707,2184,0.7272727272727273,3.463413220505984
BNB003,validation,0.22,9859,0.06700582368297744,0.22497210670453394,2218,0.7385947385947386,3.3575008012577747
BNB003,validation,0.23,10307,0.06700582368297744,0.2197535655379839,2265,0.7542457542457542,3.2796188966752657
BNB003,validation,0.24,10756,0.06700582368297744,0.21309036816660468,2292,0.7632367632367633,3.1801768332076996
BNB003,validation,0.25,11204,0.06700582368297744,0.20742591931453053,2324,0.7738927738927739,3.0956401684713
BNB003,validation,0.26,11652,0.06700582368297744,0.20296944730518365,2365,0.7875457875457875,3.0291314418502884
BNB003,validation,0.27,12100,0.06700582368297744,0.198099173553719,2397,0.7982017982017982,2.9564471066123956
BNB003,validation,0.28,12548,0.06700582368297744,0.1933375836786739,2426,0.8078588078588078,2.8853847777979116
BNB003,validation,0.29,12996,0.06700582368297744,0.18913511849799938,2458,0.8185148185148186,2.8226668683732394
BNB003,validation,0.3,13445,0.06700582368297744,0.1842320565265898,2477,0.8248418248418249,2.7494931992514733
BNB003,validation,0.31,13893,0.06700582368297744,0.1799467357662132,2500,0.8325008325008325,2.6855387468645944
BNB003,validation,0.32,14341,0.06700582368297744,0.17585942402900773,2522,0.8398268398268398,2.6245393961731733
BNB003,validation,0.33,14789,0.06700582368297744,0.17181689093244978,2541,0.8461538461538461,2.5642083253145525
BNB003,validation,0.34,15237,0.06700582368297744,0.16774955699940933,2556,0.8511488511488512,2.5035071248892864
BNB003,validation,0.35,15685,0.06700582368297744,0.1641695887790883,2575,0.8574758574758575,2.4500794073634364
BNB003,validation,0.36,16134,0.06700582368297744,0.16077848022808974,2594,0.8638028638028638,2.399470245881551
BNB003,validation,0.37,16582,0.06700582368297744,0.1572789772041973,2608,0.8684648684648685,2.347243397056447
BNB003,validation,0.38,17030,0.06700582368297744,0.15366999412800939,2617,0.8714618714618715,2.2933826596187132
BNB003,validation,0.39,17478,0.06700582368297744,0.15087538619979401,2637,0.8781218781218781,2.2516757187200027
BNB003,validation,0.4,17926,0.06700582368297744,0.14816467700546693,2656,0.8844488844488845,2.2112208888957747
BNB003,validation,0.41,18374,0.06700582368297744,0.14509633177315773,2666,0.8877788877788878,2.1654286716875157
BNB003,validation,0.42,18823,0.06700582368297744,0.14221962492695106,2677,0.8914418914418915,2.1224964803034183
BNB003,validation,0.43,19271,0.06700582368297744,0.1392766332831716,2684,0.8937728937728938,2.078575049567733
BNB003,validation,0.44,19719,0.06700582368297744,0.13672092905319744,2696,0.8977688977688978,2.0404335256001165
BNB003,validation,0.45,20167,0.06700582368297744,0.13437794416621213,2710,0.9024309024309024,2.0054666412577853
BNB003,validation,0.46,20615,0.06700582368297744,0.1318457433907349,2718,0.9050949050949051,1.967675884629559
BNB003,validation,0.47,21063,0.06700582368297744,0.1294212600294355,2726,0.9077589077589078,1.9314927108688678
BNB003,validation,0.48,21512,0.06700582368297744,0.12732428412049088,2739,0.9120879120879121,1.9001972831928202
BNB003,validation,0.49,21960,0.06700582368297744,0.12509107468123862,2747,0.9147519147519148,1.8668686959670566
BNB003,validation,0.5,22408,0.06700582368297744,0.12308104248482685,2758,0.9184149184149184,1.8368708228579702
BNB004,validation,0.01,448,0.06700582368297744,0.6339285714285714,284,0.09457209457209458,9.460798130440986
BNB004,validation,0.02,896,0.06700582368297744,0.5859375,525,0.17482517482517482,8.744575736763236
BNB004,validation,0.03,1344,0.06700582368297744,0.5491071428571429,738,0.24575424575424576,8.194916690452406
BNB004,validation,0.04,1792,0.06700582368297744,0.5027901785714286,901,0.30003330003330003,7.503678798879692
BNB004,validation,0.05,2240,0.06700582368297744,0.4732142857142857,1060,0.35298035298035296,7.0622859283573565
BNB004,validation,0.06,2689,0.06700582368297744,0.4484938638899219,1206,0.4015984015984016,6.693356476175368
BNB004,validation,0.07,3137,0.06700582368297744,0.42620337902454575,1337,0.44522144522144524,6.360691587660028
BNB004,validation,0.08,3585,0.06700582368297744,0.40278940027894,1444,0.48085248085248083,6.011259591175908
BNB004,validation,0.09,4033,0.06700582368297744,0.3796181502603521,1531,0.5098235098235098,5.665450096642758
BNB004,validation,0.1,4481,0.06700582368297744,0.3621959384066057,1623,0.5404595404595405,5.40543968417211
BNB004,validation,0.11,4929,0.06700582368297744,0.3428687360519375,1690,0.5627705627705628,5.1169990488310635
BNB004,validation,0.12,5378,0.06700582368297744,0.3291186314615099,1770,0.5894105894105894,4.911791443959537
BNB004,validation,0.13,5826,0.06700582368297744,0.3122210779265362,1819,0.6057276057276058,4.659611072072452
BNB004,validation,0.14,6274,0.06700582368297744,0.2998087344596749,1881,0.6263736263736264,4.474368315777306
BNB004,validation,0.15,6722,0.06700582368297744,0.2884558167212139,1939,0.6456876456876457,4.3049365094887255
BNB004,validation,0.16,7170,0.06700582368297744,0.27559274755927476,1976,0.658008658008658,4.112967088699306
BNB004,validation,0.17,7618,0.06700582368297744,0.26542399579942244,2022,0.6733266733266733,3.9612078653821894
BNB004,validation,0.18,8067,0.06700582368297744,0.2548655014255609,2056,0.6846486846486847,3.8036320937027517
BNB004,validation,0.19,8515,0.06700582368297744,0.24650616559013505,2099,0.698967698967699,3.6788767310200075
BNB004,validation,0.2,8963,0.06700582368297744,0.2384246346089479,2137,0.7116217116217116,3.5582673490739984
BNB004,validation,0.21,9411,0.06700582368297744,0.23206885559451707,2184,0.7272727272727273,3.463413220505984
BNB004,validation,0.22,9859,0.06700582368297744,0.22497210670453394,2218,0.7385947385947386,3.3575008012577747
BNB004,validation,0.23,10307,0.06700582368297744,0.2197535655379839,2265,0.7542457542457542,3.2796188966752657
BNB004,validation,0.24,10756,0.06700582368297744,0.21309036816660468,2292,0.7632367632367633,3.1801768332076996
BNB004,validation,0.25,11204,0.06700582368297744,0.20742591931453053,2324,0.7738927738927739,3.0956401684713
BNB004,validation,0.26,11652,0.06700582368297744,0.20296944730518365,2365,0.7875457875457875,3.0291314418502884
BNB004,validation,0.27,12100,0.06700582368297744,0.198099173553719,2397,0.7982017982017982,2.9564471066123956
BNB004,validation,0.28,12548,0.06700582368297744,0.1933375836786739,2426,0.8078588078588078,2.8853847777979116
BNB004,validation,0.29,12996,0.06700582368297744,0.18913511849799938,2458,0.8185148185148186,2.8226668683732394
BNB004,validation,0.3,13445,0.06700582368297744,0.1842320565265898,2477,0.8248418248418249,2.7494931992514733
BNB004,validation,0.31,13893,0.06700582368297744,0.1799467357662132,2500,0.8325008325008325,2.6855387468645944
BNB004,validation,0.32,14341,0.06700582368297744,0.17585942402900773,2522,0.8398268398268398,2.6245393961731733
BNB004,validation,0.33,14789,0.06700582368297744,0.17181689093244978,2541,0.8461538461538461,2.5642083253145525
BNB004,validation,0.34,15237,0.06700582368297744,0.16774955699940933,2556,0.8511488511488512,2.5035071248892864
BNB004,validation,0.35,15685,0.06700582368297744,0.1641695887790883,2575,0.8574758574758575,2.4500794073634364
BNB004,validation,0.36,16134,0.06700582368297744,0.16077848022808974,2594,0.8638028638028638,2.399470245881551
BNB004,validation,0.37,16582,0.06700582368297744,0.1572789772041973,2608,0.8684648684648685,2.347243397056447
BNB004,validation,0.38,17030,0.06700582368297744,0.15366999412800939,2617,0.8714618714618715,2.2933826596187132
BNB004,validation,0.39,17478,0.06700582368297744,0.15087538619979401,2637,0.8781218781218781,2.2516757187200027
BNB004,validation,0.4,17926,0.06700582368297744,0.14816467700546693,2656,0.8844488844488845,2.2112208888957747
BNB004,validation,0.41,18374,0.06700582368297744,0.14509633177315773,2666,0.8877788877788878,2.1654286716875157
BNB004,validation,0.42,18823,0.06700582368297744,0.14221962492695106,2677,0.8914418914418915,2.1224964803034183
BNB004,validation,0.43,19271,0.06700582368297744,0.1392766332831716,2684,0.8937728937728938,2.078575049567733
BNB004,validation,0.44,19719,0.06700582368297744,0.13672092905319744,2696,0.8977688977688978,2.0404335256001165
BNB004,validation,0.45,20167,0.06700582368297744,0.13437794416621213,2710,0.9024309024309024,2.0054666412577853
BNB004,validation,0.46,20615,0.06700582368297744,0.1318457433907349,2718,0.9050949050949051,1.967675884629559
BNB004,validation,0.47,21063,0.06700582368297744,0.1294212600294355,2726,0.9077589077589078,1.9314927108688678
BNB004,validation,0.48,21512,0.06700582368297744,0.12732428412049088,2739,0.9120879120879121,1.9001972831928202
BNB004,validation,0.49,21960,0.06700582368297744,0.12509107468123862,2747,0.9147519147519148,1.8668686959670566
BNB004,validation,0.5,22408,0.06700582368297744,0.12308104248482685,2758,0.9184149184149184,1.8368708228579702
BNB005,validation,0.01,448,0.06700582368297744,0.6339285714285714,284,0.09457209457209458,9.460798130440986
BNB005,validation,0.02,896,0.06700582368297744,0.5859375,525,0.17482517482517482,8.744575736763236
BNB005,validation,0.03,1344,0.06700582368297744,0.5491071428571429,738,0.24575424575424576,8.194916690452406
BNB005,validation,0.04,1792,0.06700582368297744,0.5027901785714286,901,0.30003330003330003,7.503678798879692
BNB005,validation,0.05,2240,0.06700582368297744,0.4732142857142857,1060,0.35298035298035296,7.0622859283573565
BNB005,validation,0.06,2689,0.06700582368297744,0.4484938638899219,1206,0.4015984015984016,6.693356476175368
BNB005,validation,0.07,3137,0.06700582368297744,0.42620337902454575,1337,0.44522144522144524,6.360691587660028
BNB005,validation,0.08,3585,0.06700582368297744,0.403068340306834,1445,0.4811854811854812,6.015422513330463
BNB005,validation,0.09,4033,0.06700582368297744,0.3796181502603521,1531,0.5098235098235098,5.665450096642758
BNB005,validation,0.1,4481,0.06700582368297744,0.3621959384066057,1623,0.5404595404595405,5.40543968417211
BNB005,validation,0.11,4929,0.06700582368297744,0.3428687360519375,1690,0.5627705627705628,5.1169990488310635
BNB005,validation,0.12,5378,0.06700582368297744,0.3291186314615099,1770,0.5894105894105894,4.911791443959537
BNB005,validation,0.13,5826,0.06700582368297744,0.3122210779265362,1819,0.6057276057276058,4.659611072072452
BNB005,validation,0.14,6274,0.06700582368297744,0.2998087344596749,1881,0.6263736263736264,4.474368315777306
BNB005,validation,0.15,6722,0.06700582368297744,0.2884558167212139,1939,0.6456876456876457,4.3049365094887255
BNB005,validation,0.16,7170,0.06700582368297744,0.27559274755927476,1976,0.658008658008658,4.112967088699306
BNB005,validation,0.17,7618,0.06700582368297744,0.26542399579942244,2022,0.6733266733266733,3.9612078653821894
BNB005,validation,0.18,8067,0.06700582368297744,0.2548655014255609,2056,0.6846486846486847,3.8036320937027517
BNB005,validation,0.19,8515,0.06700582368297744,0.24650616559013505,2099,0.698967698967699,3.6788767310200075
BNB005,validation,0.2,8963,0.06700582368297744,0.2384246346089479,2137,0.7116217116217116,3.5582673490739984
BNB005,validation,0.21,9411,0.06700582368297744,0.23206885559451707,2184,0.7272727272727273,3.463413220505984
BNB005,validation,0.22,9859,0.06700582368297744,0.22497210670453394,2218,0.7385947385947386,3.3575008012577747
BNB005,validation,0.23,10307,0.06700582368297744,0.2197535655379839,2265,0.7542457542457542,3.2796188966752657
BNB005,validation,0.24,10756,0.06700582368297744,0.21309036816660468,2292,0.7632367632367633,3.1801768332076996
BNB005,validation,0.25,11204,0.06700582368297744,0.20742591931453053,2324,0.7738927738927739,3.0956401684713
BNB005,validation,0.26,11652,0.06700582368297744,0.20296944730518365,2365,0.7875457875457875,3.0291314418502884
BNB005,validation,0.27,12100,0.06700582368297744,0.198099173553719,2397,0.7982017982017982,2.9564471066123956
BNB005,validation,0.28,12548,0.06700582368297744,0.1933375836786739,2426,0.8078588078588078,2.8853847777979116
BNB005,validation,0.29,12996,0.06700582368297744,0.18913511849799938,2458,0.8185148185148186,2.8226668683732394
BNB005,validation,0.3,13445,0.06700582368297744,0.1842320565265898,2477,0.8248418248418249,2.7494931992514733
BNB005,validation,0.31,13893,0.06700582368297744,0.1799467357662132,2500,0.8325008325008325,2.6855387468645944
BNB005,validation,0.32,14341,0.06700582368297744,0.17585942402900773,2522,0.8398268398268398,2.6245393961731733
BNB005,validation,0.33,14789,0.06700582368297744,0.17181689093244978,2541,0.8461538461538461,2.5642083253145525
BNB005,validation,0.34,15237,0.06700582368297744,0.16774955699940933,2556,0.8511488511488512,2.5035071248892864
BNB005,validation,0.35,15685,0.06700582368297744,0.1641695887790883,2575,0.8574758574758575,2.4500794073634364
BNB005,validation,0.36,16134,0.06700582368297744,0.16077848022808974,2594,0.8638028638028638,2.399470245881551
BNB005,validation,0.37,16582,0.06700582368297744,0.1572789772041973,2608,0.8684648684648685,2.347243397056447
BNB005,validation,0.38,17030,0.06700582368297744,0.15366999412800939,2617,0.8714618714618715,2.2933826596187132
BNB005,validation,0.39,17478,0.06700582368297744,0.15087538619979401,2637,0.8781218781218781,2.2516757187200027
BNB005,validation,0.4,17926,0.06700582368297744,0.14816467700546693,2656,0.8844488844488845,2.2112208888957747
BNB005,validation,0.41,18374,0.06700582368297744,0.14509633177315773,2666,0.8877788877788878,2.1654286716875157
BNB005,validation,0.42,18823,0.06700582368297744,0.14221962492695106,2677,0.8914418914418915,2.1224964803034183
BNB005,validation,0.43,19271,0.06700582368297744,0.1392766332831716,2684,0.8937728937728938,2.078575049567733
BNB005,validation,0.44,19719,0.06700582368297744,0.13672092905319744,2696,0.8977688977688978,2.0404335256001165
BNB005,validation,0.45,20167,0.06700582368297744,0.13437794416621213,2710,0.9024309024309024,2.0054666412577853
BNB005,validation,0.46,20615,0.06700582368297744,0.1318457433907349,2718,0.9050949050949051,1.967675884629559
BNB005,validation,0.47,21063,0.06700582368297744,0.1294212600294355,2726,0.9077589077589078,1.9314927108688678
BNB005,validation,0.48,21512,0.06700582368297744,0.12732428412049088,2739,0.9120879120879121,1.9001972831928202
BNB005,validation,0.49,21960,0.06700582368297744,0.12509107468123862,2747,0.9147519147519148,1.8668686959670566
BNB005,validation,0.5,22408,0.06700582368297744,0.12308104248482685,2758,0.9184149184149184,1.8368708228579702
BNB006,validation,0.01,448,0.06700582368297744,0.6339285714285714,284,0.09457209457209458,9.460798130440986
BNB006,validation,0.02,896,0.06700582368297744,0.5859375,525,0.17482517482517482,8.744575736763236
BNB006,validation,0.03,1344,0.06700582368297744,0.5491071428571429,738,0.24575424575424576,8.194916690452406
BNB006,validation,0.04,1792,0.06700582368297744,0.5027901785714286,901,0.30003330003330003,7.503678798879692
BNB006,validation,0.05,2240,0.06700582368297744,0.4732142857142857,1060,0.35298035298035296,7.0622859283573565
BNB006,validation,0.06,2689,0.06700582368297744,0.4484938638899219,1206,0.4015984015984016,6.693356476175368
BNB006,validation,0.07,3137,0.06700582368297744,0.42620337902454575,1337,0.44522144522144524,6.360691587660028
BNB006,validation,0.08,3585,0.06700582368297744,0.403068340306834,1445,0.4811854811854812,6.015422513330463
BNB006,validation,0.09,4033,0.06700582368297744,0.3796181502603521,1531,0.5098235098235098,5.665450096642758
BNB006,validation,0.1,4481,0.06700582368297744,0.3621959384066057,1623,0.5404595404595405,5.40543968417211
BNB006,validation,0.11,4929,0.06700582368297744,0.3428687360519375,1690,0.5627705627705628,5.1169990488310635
BNB006,validation,0.12,5378,0.06700582368297744,0.3291186314615099,1770,0.5894105894105894,4.911791443959537
BNB006,validation,0.13,5826,0.06700582368297744,0.3122210779265362,1819,0.6057276057276058,4.659611072072452
BNB006,validation,0.14,6274,0.06700582368297744,0.2998087344596749,1881,0.6263736263736264,4.474368315777306
BNB006,validation,0.15,6722,0.06700582368297744,0.2884558167212139,1939,0.6456876456876457,4.3049365094887255
BNB006,validation,0.16,7170,0.06700582368297744,0.27559274755927476,1976,0.658008658008658,4.112967088699306
BNB006,validation,0.17,7618,0.06700582368297744,0.26542399579942244,2022,0.6733266733266733,3.9612078653821894
BNB006,validation,0.18,8067,0.06700582368297744,0.2548655014255609,2056,0.6846486846486847,3.8036320937027517
BNB006,validation,0.19,8515,0.06700582368297744,0.24650616559013505,2099,0.698967698967699,3.6788767310200075
BNB006,validation,0.2,8963,0.06700582368297744,0.2384246346089479,2137,0.7116217116217116,3.5582673490739984
BNB006,validation,0.21,9411,0.06700582368297744,0.23206885559451707,2184,0.7272727272727273,3.463413220505984
BNB006,validation,0.22,9859,0.06700582368297744,0.22497210670453394,2218,0.7385947385947386,3.3575008012577747
BNB006,validation,0.23,10307,0.06700582368297744,0.2197535655379839,2265,0.7542457542457542,3.2796188966752657
BNB006,validation,0.24,10756,0.06700582368297744,0.21309036816660468,2292,0.7632367632367633,3.1801768332076996
BNB006,validation,0.25,11204,0.06700582368297744,0.20742591931453053,2324,0.7738927738927739,3.0956401684713
BNB006,validation,0.26,11652,0.06700582368297744,0.20296944730518365,2365,0.7875457875457875,3.0291314418502884
BNB006,validation,0.27,12100,0.06700582368297744,0.198099173553719,2397,0.7982017982017982,2.9564471066123956
BNB006,validation,0.28,12548,0.06700582368297744,0.1933375836786739,2426,0.8078588078588078,2.8853847777979116
BNB006,validation,0.29,12996,0.06700582368297744,0.18913511849799938,2458,0.8185148185148186,2.8226668683732394
BNB006,validation,0.3,13445,0.06700582368297744,0.1842320565265898,2477,0.8248418248418249,2.7494931992514733
BNB006,validation,0.31,13893,0.06700582368297744,0.1799467357662132,2500,0.8325008325008325,2.6855387468645944
BNB006,validation,0.32,14341,0.06700582368297744,0.17585942402900773,2522,0.8398268398268398,2.6245393961731733
BNB006,validation,0.33,14789,0.06700582368297744,0.17181689093244978,2541,0.8461538461538461,2.5642083253145525
BNB006,validation,0.34,15237,0.06700582368297744,0.16774955699940933,2556,0.8511488511488512,2.5035071248892864
BNB006,validation,0.35,15685,0.06700582368297744,0.1641695887790883,2575,0.8574758574758575,2.4500794073634364
BNB006,validation,0.36,16134,0.06700582368297744,0.16077848022808974,2594,0.8638028638028638,2.399470245881551
BNB006,validation,0.37,16582,0.06700582368297744,0.1572789772041973,2608,0.8684648684648685,2.347243397056447
BNB006,validation,0.38,17030,0.06700582368297744,0.15366999412800939,2617,0.8714618714618715,2.2933826596187132
BNB006,validation,0.39,17478,0.06700582368297744,0.15087538619979401,2637,0.8781218781218781,2.2516757187200027
BNB006,validation,0.4,17926,0.06700582368297744,0.14816467700546693,2656,0.8844488844488845,2.2112208888957747
BNB006,validation,0.41,18374,0.06700582368297744,0.14509633177315773,2666,0.8877788877788878,2.1654286716875157
BNB006,validation,0.42,18823,0.06700582368297744,0.14221962492695106,2677,0.8914418914418915,2.1224964803034183
BNB006,validation,0.43,19271,0.06700582368297744,0.1392766332831716,2684,0.8937728937728938,2.078575049567733
BNB006,validation,0.44,19719,0.06700582368297744,0.13672092905319744,2696,0.8977688977688978,2.0404335256001165
BNB006,validation,0.45,20167,0.06700582368297744,0.13437794416621213,2710,0.9024309024309024,2.0054666412577853
BNB006,validation,0.46,20615,0.06700582368297744,0.1318457433907349,2718,0.9050949050949051,1.967675884629559
BNB006,validation,0.47,21063,0.06700582368297744,0.1294212600294355,2726,0.9077589077589078,1.9314927108688678
BNB006,validation,0.48,21512,0.06700582368297744,0.12732428412049088,2739,0.9120879120879121,1.9001972831928202
BNB006,validation,0.49,21960,0.06700582368297744,0.12509107468123862,2747,0.9147519147519148,1.8668686959670566
BNB006,validation,0.5,22408,0.06700582368297744,0.12308104248482685,2758,0.9184149184149184,1.8368708228579702
BNB007,validation,0.01,448,0.06700582368297744,0.6339285714285714,284,0.09457209457209458,9.460798130440986
BNB007,validation,0.02,896,0.06700582368297744,0.5859375,525,0.17482517482517482,8.744575736763236
BNB007,validation,0.03,1344,0.06700582368297744,0.5491071428571429,738,0.24575424575424576,8.194916690452406
BNB007,validation,0.04,1792,0.06700582368297744,0.5027901785714286,901,0.30003330003330003,7.503678798879692
BNB007,validation,0.05,2240,0.06700582368297744,0.4732142857142857,1060,0.35298035298035296,7.0622859283573565
BNB007,validation,0.06,2689,0.06700582368297744,0.4484938638899219,1206,0.4015984015984016,6.693356476175368
BNB007,validation,0.07,3137,0.06700582368297744,0.42620337902454575,1337,0.44522144522144524,6.360691587660028
BNB007,validation,0.08,3585,0.06700582368297744,0.403068340306834,1445,0.4811854811854812,6.015422513330463
BNB007,validation,0.09,4033,0.06700582368297744,0.3796181502603521,1531,0.5098235098235098,5.665450096642758
BNB007,validation,0.1,4481,0.06700582368297744,0.3621959384066057,1623,0.5404595404595405,5.40543968417211
BNB007,validation,0.11,4929,0.06700582368297744,0.34266585514303105,1689,0.5624375624375625,5.113971238742998
BNB007,validation,0.12,5378,0.06700582368297744,0.3291186314615099,1770,0.5894105894105894,4.911791443959537
BNB007,validation,0.13,5826,0.06700582368297744,0.312392722279437,1820,0.6060606060606061,4.662172705427082
BNB007,validation,0.14,6274,0.06700582368297744,0.2998087344596749,1881,0.6263736263736264,4.474368315777306
BNB007,validation,0.15,6722,0.06700582368297744,0.2884558167212139,1939,0.6456876456876457,4.3049365094887255
BNB007,validation,0.16,7170,0.06700582368297744,0.27559274755927476,1976,0.658008658008658,4.112967088699306
BNB007,validation,0.17,7618,0.06700582368297744,0.26542399579942244,2022,0.6733266733266733,3.9612078653821894
BNB007,validation,0.18,8067,0.06700582368297744,0.2548655014255609,2056,0.6846486846486847,3.8036320937027517
BNB007,validation,0.19,8515,0.06700582368297744,0.24650616559013505,2099,0.698967698967699,3.6788767310200075
BNB007,validation,0.2,8963,0.06700582368297744,0.2384246346089479,2137,0.7116217116217116,3.5582673490739984
BNB007,validation,0.21,9411,0.06700582368297744,0.23206885559451707,2184,0.7272727272727273,3.463413220505984
BNB007,validation,0.22,9859,0.06700582368297744,0.22497210670453394,2218,0.7385947385947386,3.3575008012577747
BNB007,validation,0.23,10307,0.06700582368297744,0.2197535655379839,2265,0.7542457542457542,3.2796188966752657
BNB007,validation,0.24,10756,0.06700582368297744,0.21309036816660468,2292,0.7632367632367633,3.1801768332076996
BNB007,validation,0.25,11204,0.06700582368297744,0.2073366654766155,2323,0.7735597735597736,3.094308137417741
BNB007,validation,0.26,11652,0.06700582368297744,0.20296944730518365,2365,0.7875457875457875,3.0291314418502884
BNB007,validation,0.27,12100,0.06700582368297744,0.198099173553719,2397,0.7982017982017982,2.9564471066123956
BNB007,validation,0.28,12548,0.06700582368297744,0.1933375836786739,2426,0.8078588078588078,2.8853847777979116
BNB007,validation,0.29,12996,0.06700582368297744,0.18913511849799938,2458,0.8185148185148186,2.8226668683732394
BNB007,validation,0.3,13445,0.06700582368297744,0.1842320565265898,2477,0.8248418248418249,2.7494931992514733
BNB007,validation,0.31,13893,0.06700582368297744,0.1799467357662132,2500,0.8325008325008325,2.6855387468645944
BNB007,validation,0.32,14341,0.06700582368297744,0.17585942402900773,2522,0.8398268398268398,2.6245393961731733
BNB007,validation,0.33,14789,0.06700582368297744,0.17181689093244978,2541,0.8461538461538461,2.5642083253145525
BNB007,validation,0.34,15237,0.06700582368297744,0.16774955699940933,2556,0.8511488511488512,2.5035071248892864
BNB007,validation,0.35,15685,0.06700582368297744,0.1641695887790883,2575,0.8574758574758575,2.4500794073634364
BNB007,validation,0.36,16134,0.06700582368297744,0.16077848022808974,2594,0.8638028638028638,2.399470245881551
BNB007,validation,0.37,16582,0.06700582368297744,0.1572789772041973,2608,0.8684648684648685,2.347243397056447
BNB007,validation,0.38,17030,0.06700582368297744,0.15366999412800939,2617,0.8714618714618715,2.2933826596187132
BNB007,validation,0.39,17478,0.06700582368297744,0.15087538619979401,2637,0.8781218781218781,2.2516757187200027
BNB007,validation,0.4,17926,0.06700582368297744,0.14816467700546693,2656,0.8844488844488845,2.2112208888957747
BNB007,validation,0.41,18374,0.06700582368297744,0.14509633177315773,2666,0.8877788877788878,2.1654286716875157
BNB007,validation,0.42,18823,0.06700582368297744,0.14221962492695106,2677,0.8914418914418915,2.1224964803034183
BNB007,validation,0.43,19271,0.06700582368297744,0.1392766332831716,2684,0.8937728937728938,2.078575049567733
BNB007,validation,0.44,19719,0.06700582368297744,0.13672092905319744,2696,0.8977688977688978,2.0404335256001165
BNB007,validation,0.45,20167,0.06700582368297744,0.13437794416621213,2710,0.9024309024309024,2.0054666412577853
BNB007,validation,0.46,20615,0.06700582368297744,0.1318457433907349,2718,0.9050949050949051,1.967675884629559
BNB007,validation,0.47,21063,0.06700582368297744,0.1294212600294355,2726,0.9077589077589078,1.9314927108688678
BNB007,validation,0.48,21512,0.06700582368297744,0.12732428412049088,2739,0.9120879120879121,1.9001972831928202
BNB007,validation,0.49,21960,0.06700582368297744,0.12509107468123862,2747,0.9147519147519148,1.8668686959670566
BNB007,validation,0.5,22408,0.06700582368297744,0.12308104248482685,2758,0.9184149184149184,1.8368708228579702
BNB008,validation,0.01,448,0.06700582368297744,0.6339285714285714,284,0.09457209457209458,9.460798130440986
BNB008,validation,0.02,896,0.06700582368297744,0.5859375,525,0.17482517482517482,8.744575736763236
BNB008,validation,0.03,1344,0.06700582368297744,0.5491071428571429,738,0.24575424575424576,8.194916690452406
BNB008,validation,0.04,1792,0.06700582368297744,0.5027901785714286,901,0.30003330003330003,7.503678798879692
BNB008,validation,0.05,2240,0.06700582368297744,0.4732142857142857,1060,0.35298035298035296,7.0622859283573565
BNB008,validation,0.06,2689,0.06700582368297744,0.4484938638899219,1206,0.4015984015984016,6.693356476175368
BNB008,validation,0.07,3137,0.06700582368297744,0.42620337902454575,1337,0.44522144522144524,6.360691587660028
BNB008,validation,0.08,3585,0.06700582368297744,0.403068340306834,1445,0.4811854811854812,6.015422513330463
BNB008,validation,0.09,4033,0.06700582368297744,0.3796181502603521,1531,0.5098235098235098,5.665450096642758
BNB008,validation,0.1,4481,0.06700582368297744,0.3621959384066057,1623,0.5404595404595405,5.40543968417211
BNB008,validation,0.11,4929,0.06700582368297744,0.34266585514303105,1689,0.5624375624375625,5.113971238742998
BNB008,validation,0.12,5378,0.06700582368297744,0.3291186314615099,1770,0.5894105894105894,4.911791443959537
BNB008,validation,0.13,5826,0.06700582368297744,0.312392722279437,1820,0.6060606060606061,4.662172705427082
BNB008,validation,0.14,6274,0.06700582368297744,0.2998087344596749,1881,0.6263736263736264,4.474368315777306
BNB008,validation,0.15,6722,0.06700582368297744,0.2884558167212139,1939,0.6456876456876457,4.3049365094887255
BNB008,validation,0.16,7170,0.06700582368297744,0.27559274755927476,1976,0.658008658008658,4.112967088699306
BNB008,validation,0.17,7618,0.06700582368297744,0.26542399579942244,2022,0.6733266733266733,3.9612078653821894
BNB008,validation,0.18,8067,0.06700582368297744,0.2548655014255609,2056,0.6846486846486847,3.8036320937027517
BNB008,validation,0.19,8515,0.06700582368297744,0.24650616559013505,2099,0.698967698967699,3.6788767310200075
BNB008,validation,0.2,8963,0.06700582368297744,0.2384246346089479,2137,0.7116217116217116,3.5582673490739984
BNB008,validation,0.21,9411,0.06700582368297744,0.23206885559451707,2184,0.7272727272727273,3.463413220505984
BNB008,validation,0.22,9859,0.06700582368297744,0.22497210670453394,2218,0.7385947385947386,3.3575008012577747
BNB008,validation,0.23,10307,0.06700582368297744,0.2197535655379839,2265,0.7542457542457542,3.2796188966752657
BNB008,validation,0.24,10756,0.06700582368297744,0.21309036816660468,2292,0.7632367632367633,3.1801768332076996
BNB008,validation,0.25,11204,0.06700582368297744,0.2073366654766155,2323,0.7735597735597736,3.094308137417741
BNB008,validation,0.26,11652,0.06700582368297744,0.20296944730518365,2365,0.7875457875457875,3.0291314418502884
BNB008,validation,0.27,12100,0.06700582368297744,0.198099173553719,2397,0.7982017982017982,2.9564471066123956
BNB008,validation,0.28,12548,0.06700582368297744,0.1933375836786739,2426,0.8078588078588078,2.8853847777979116
BNB008,validation,0.29,12996,0.06700582368297744,0.18913511849799938,2458,0.8185148185148186,2.8226668683732394
BNB008,validation,0.3,13445,0.06700582368297744,0.1842320565265898,2477,0.8248418248418249,2.7494931992514733
BNB008,validation,0.31,13893,0.06700582368297744,0.1799467357662132,2500,0.8325008325008325,2.6855387468645944
BNB008,validation,0.32,14341,0.06700582368297744,0.17585942402900773,2522,0.8398268398268398,2.6245393961731733
BNB008,validation,0.33,14789,0.06700582368297744,0.17181689093244978,2541,0.8461538461538461,2.5642083253145525
BNB008,validation,0.34,15237,0.06700582368297744,0.16774955699940933,2556,0.8511488511488512,2.5035071248892864
BNB008,validation,0.35,15685,0.06700582368297744,0.1641695887790883,2575,0.8574758574758575,2.4500794073634364
BNB008,validation,0.36,16134,0.06700582368297744,0.16077848022808974,2594,0.8638028638028638,2.399470245881551
BNB008,validation,0.37,16582,0.06700582368297744,0.1572789772041973,2608,0.8684648684648685,2.347243397056447
BNB008,validation,0.38,17030,0.06700582368297744,0.15366999412800939,2617,0.8714618714618715,2.2933826596187132
BNB008,validation,0.39,17478,0.06700582368297744,0.15087538619979401,2637,0.8781218781218781,2.2516757187200027
BNB008,validation,0.4,17926,0.06700582368297744,0.14816467700546693,2656,0.8844488844488845,2.2112208888957747
BNB008,validation,0.41,18374,0.06700582368297744,0.14509633177315773,2666,0.8877788877788878,2.1654286716875157
BNB008,validation,0.42,18823,0.06700582368297744,0.14221962492695106,2677,0.8914418914418915,2.1224964803034183
BNB008,validation,0.43,19271,0.06700582368297744,0.1392766332831716,2684,0.8937728937728938,2.078575049567733
BNB008,validation,0.44,19719,0.06700582368297744,0.13672092905319744,2696,0.8977688977688978,2.0404335256001165
BNB008,validation,0.45,20167,0.06700582368297744,0.13437794416621213,2710,0.9024309024309024,2.0054666412577853
BNB008,validation,0.46,20615,0.06700582368297744,0.1318457433907349,2718,0.9050949050949051,1.967675884629559
BNB008,validation,0.47,21063,0.06700582368297744,0.1294212600294355,2726,0.9077589077589078,1.9314927108688678
BNB008,validation,0.48,21512,0.06700582368297744,0.12732428412049088,2739,0.9120879120879121,1.9001972831928202
BNB008,validation,0.49,21960,0.06700582368297744,0.12509107468123862,2747,0.9147519147519148,1.8668686959670566
BNB008,validation,0.5,22408,0.06700582368297744,0.12308104248482685,2758,0.9184149184149184,1.8368708228579702
BNB009,validation,0.01,448,0.06700582368297744,0.6339285714285714,284,0.09457209457209458,9.460798130440986
BNB009,validation,0.02,896,0.06700582368297744,0.5859375,525,0.17482517482517482,8.744575736763236
BNB009,validation,0.03,1344,0.06700582368297744,0.5491071428571429,738,0.24575424575424576,8.194916690452406
BNB009,validation,0.04,1792,0.06700582368297744,0.5027901785714286,901,0.30003330003330003,7.503678798879692
BNB009,validation,0.05,2240,0.06700582368297744,0.4732142857142857,1060,0.35298035298035296,7.0622859283573565
BNB009,validation,0.06,2689,0.06700582368297744,0.4484938638899219,1206,0.4015984015984016,6.693356476175368
BNB009,validation,0.07,3137,0.06700582368297744,0.42620337902454575,1337,0.44522144522144524,6.360691587660028
BNB009,validation,0.08,3585,0.06700582368297744,0.403068340306834,1445,0.4811854811854812,6.015422513330463
BNB009,validation,0.09,4033,0.06700582368297744,0.3796181502603521,1531,0.5098235098235098,5.665450096642758
BNB009,validation,0.1,4481,0.06700582368297744,0.3621959384066057,1623,0.5404595404595405,5.40543968417211
BNB009,validation,0.11,4929,0.06700582368297744,0.34266585514303105,1689,0.5624375624375625,5.113971238742998
BNB009,validation,0.12,5378,0.06700582368297744,0.3291186314615099,1770,0.5894105894105894,4.911791443959537
BNB009,validation,0.13,5826,0.06700582368297744,0.312392722279437,1820,0.6060606060606061,4.662172705427082
BNB009,validation,0.14,6274,0.06700582368297744,0.2998087344596749,1881,0.6263736263736264,4.474368315777306
BNB009,validation,0.15,6722,0.06700582368297744,0.2884558167212139,1939,0.6456876456876457,4.3049365094887255
BNB009,validation,0.16,7170,0.06700582368297744,0.27559274755927476,1976,0.658008658008658,4.112967088699306
BNB009,validation,0.17,7618,0.06700582368297744,0.26542399579942244,2022,0.6733266733266733,3.9612078653821894
BNB009,validation,0.18,8067,0.06700582368297744,0.2548655014255609,2056,0.6846486846486847,3.8036320937027517
BNB009,validation,0.19,8515,0.06700582368297744,0.24650616559013505,2099,0.698967698967699,3.6788767310200075
BNB009,validation,0.2,8963,0.06700582368297744,0.2384246346089479,2137,0.7116217116217116,3.5582673490739984
BNB009,validation,0.21,9411,0.06700582368297744,0.23206885559451707,2184,0.7272727272727273,3.463413220505984
BNB009,validation,0.22,9859,0.06700582368297744,0.22497210670453394,2218,0.7385947385947386,3.3575008012577747
BNB009,validation,0.23,10307,0.06700582368297744,0.2197535655379839,2265,0.7542457542457542,3.2796188966752657
BNB009,validation,0.24,10756,0.06700582368297744,0.21309036816660468,2292,0.7632367632367633,3.1801768332076996
BNB009,validation,0.25,11204,0.06700582368297744,0.2073366654766155,2323,0.7735597735597736,3.094308137417741
BNB009,validation,0.26,11652,0.06700582368297744,0.20296944730518365,2365,0.7875457875457875,3.0291314418502884
BNB009,validation,0.27,12100,0.06700582368297744,0.198099173553719,2397,0.7982017982017982,2.9564471066123956
BNB009,validation,0.28,12548,0.06700582368297744,0.1933375836786739,2426,0.8078588078588078,2.8853847777979116
BNB009,validation,0.29,12996,0.06700582368297744,0.18905817174515235,2457,0.8181818181818182,2.8215185091916393
BNB009,validation,0.3,13445,0.06700582368297744,0.1842320565265898,2477,0.8248418248418249,2.7494931992514733
BNB009,validation,0.31,13893,0.06700582368297744,0.1799467357662132,2500,0.8325008325008325,2.6855387468645944
BNB009,validation,0.32,14341,0.06700582368297744,0.17585942402900773,2522,0.8398268398268398,2.6245393961731733
BNB009,validation,0.33,14789,0.06700582368297744,0.17181689093244978,2541,0.8461538461538461,2.5642083253145525
BNB009,validation,0.34,15237,0.06700582368297744,0.16774955699940933,2556,0.8511488511488512,2.5035071248892864
BNB009,validation,0.35,15685,0.06700582368297744,0.1641695887790883,2575,0.8574758574758575,2.4500794073634364
BNB009,validation,0.36,16134,0.06700582368297744,0.16071649931821,2593,0.8634698634698634,2.3985452380766623
BNB009,validation,0.37,16582,0.06700582368297744,0.1572789772041973,2608,0.8684648684648685,2.347243397056447
BNB009,validation,0.38,17030,0.06700582368297744,0.15366999412800939,2617,0.8714618714618715,2.2933826596187132
BNB009,validation,0.39,17478,0.06700582368297744,0.15087538619979401,2637,0.8781218781218781,2.2516757187200027
BNB009,validation,0.4,17926,0.06700582368297744,0.14816467700546693,2656,0.8844488844488845,2.2112208888957747
BNB009,validation,0.41,18374,0.06700582368297744,0.14509633177315773,2666,0.8877788877788878,2.1654286716875157
BNB009,validation,0.42,18823,0.06700582368297744,0.14221962492695106,2677,0.8914418914418915,2.1224964803034183
BNB009,validation,0.43,19271,0.06700582368297744,0.1392766332831716,2684,0.8937728937728938,2.078575049567733
BNB009,validation,0.44,19719,0.06700582368297744,0.13672092905319744,2696,0.8977688977688978,2.0404335256001165
BNB009,validation,0.45,20167,0.06700582368297744,0.13437794416621213,2710,0.9024309024309024,2.0054666412577853
BNB009,validation,0.46,20615,0.06700582368297744,0.1318457433907349,2718,0.9050949050949051,1.967675884629559
BNB009,validation,0.47,21063,0.06700582368297744,0.1294212600294355,2726,0.9077589077589078,1.9314927108688678
BNB009,validation,0.48,21512,0.06700582368297744,0.12732428412049088,2739,0.9120879120879121,1.9001972831928202
BNB009,validation,0.49,21960,0.06700582368297744,0.12509107468123862,2747,0.9147519147519148,1.8668686959670566
BNB009,validation,0.5,22408,0.06700582368297744,0.12308104248482685,2758,0.9184149184149184,1.8368708228579702
BNB010,validation,0.01,448,0.06700582368297744,0.6339285714285714,284,0.09457209457209458,9.460798130440986
BNB010,validation,0.02,896,0.06700582368297744,0.5859375,525,0.17482517482517482,8.744575736763236
BNB010,validation,0.03,1344,0.06700582368297744,0.5491071428571429,738,0.24575424575424576,8.194916690452406
BNB010,validation,0.04,1792,0.06700582368297744,0.5027901785714286,901,0.30003330003330003,7.503678798879692
BNB010,validation,0.05,2240,0.06700582368297744,0.4732142857142857,1060,0.35298035298035296,7.0622859283573565
BNB010,validation,0.06,2689,0.06700582368297744,0.4484938638899219,1206,0.4015984015984016,6.693356476175368
BNB010,validation,0.07,3137,0.06700582368297744,0.42620337902454575,1337,0.44522144522144524,6.360691587660028
BNB010,validation,0.08,3585,0.06700582368297744,0.403068340306834,1445,0.4811854811854812,6.015422513330463
BNB010,validation,0.09,4033,0.06700582368297744,0.3796181502603521,1531,0.5098235098235098,5.665450096642758
BNB010,validation,0.1,4481,0.06700582368297744,0.3621959384066057,1623,0.5404595404595405,5.40543968417211
BNB010,validation,0.11,4929,0.06700582368297744,0.34266585514303105,1689,0.5624375624375625,5.113971238742998
BNB010,validation,0.12,5378,0.06700582368297744,0.3291186314615099,1770,0.5894105894105894,4.911791443959537
BNB010,validation,0.13,5826,0.06700582368297744,0.312392722279437,1820,0.6060606060606061,4.662172705427082
BNB010,validation,0.14,6274,0.06700582368297744,0.2998087344596749,1881,0.6263736263736264,4.474368315777306
BNB010,validation,0.15,6722,0.06700582368297744,0.2884558167212139,1939,0.6456876456876457,4.3049365094887255
BNB010,validation,0.16,7170,0.06700582368297744,0.27559274755927476,1976,0.658008658008658,4.112967088699306
BNB010,validation,0.17,7618,0.06700582368297744,0.26542399579942244,2022,0.6733266733266733,3.9612078653821894
BNB010,validation,0.18,8067,0.06700582368297744,0.2548655014255609,2056,0.6846486846486847,3.8036320937027517
BNB010,validation,0.19,8515,0.06700582368297744,0.24650616559013505,2099,0.698967698967699,3.6788767310200075
BNB010,validation,0.2,8963,0.06700582368297744,0.2384246346089479,2137,0.7116217116217116,3.5582673490739984
BNB010,validation,0.21,9411,0.06700582368297744,0.23206885559451707,2184,0.7272727272727273,3.463413220505984
BNB010,validation,0.22,9859,0.06700582368297744,0.22497210670453394,2218,0.7385947385947386,3.3575008012577747
BNB010,validation,0.23,10307,0.06700582368297744,0.2197535655379839,2265,0.7542457542457542,3.2796188966752657
BNB010,validation,0.24,10756,0.06700582368297744,0.21309036816660468,2292,0.7632367632367633,3.1801768332076996
BNB010,validation,0.25,11204,0.06700582368297744,0.2073366654766155,2323,0.7735597735597736,3.094308137417741
BNB010,validation,0.26,11652,0.06700582368297744,0.20296944730518365,2365,0.7875457875457875,3.0291314418502884
BNB010,validation,0.27,12100,0.06700582368297744,0.198099173553719,2397,0.7982017982017982,2.9564471066123956
BNB010,validation,0.28,12548,0.06700582368297744,0.1933375836786739,2426,0.8078588078588078,2.8853847777979116
BNB010,validation,0.29,12996,0.06700582368297744,0.18905817174515235,2457,0.8181818181818182,2.8215185091916393
BNB010,validation,0.3,13445,0.06700582368297744,0.1842320565265898,2477,0.8248418248418249,2.7494931992514733
BNB010,validation,0.31,13893,0.06700582368297744,0.1799467357662132,2500,0.8325008325008325,2.6855387468645944
BNB010,validation,0.32,14341,0.06700582368297744,0.17585942402900773,2522,0.8398268398268398,2.6245393961731733
BNB010,validation,0.33,14789,0.06700582368297744,0.17181689093244978,2541,0.8461538461538461,2.5642083253145525
BNB010,validation,0.34,15237,0.06700582368297744,0.16774955699940933,2556,0.8511488511488512,2.5035071248892864
BNB010,validation,0.35,15685,0.06700582368297744,0.1641695887790883,2575,0.8574758574758575,2.4500794073634364
BNB010,validation,0.36,16134,0.06700582368297744,0.16071649931821,2593,0.8634698634698634,2.3985452380766623
BNB010,validation,0.37,16582,0.06700582368297744,0.1572789772041973,2608,0.8684648684648685,2.347243397056447
BNB010,validation,0.38,17030,0.06700582368297744,0.15366999412800939,2617,0.8714618714618715,2.2933826596187132
BNB010,validation,0.39,17478,0.06700582368297744,0.15087538619979401,2637,0.8781218781218781,2.2516757187200027
BNB010,validation,0.4,17926,0.06700582368297744,0.14816467700546693,2656,0.8844488844488845,2.2112208888957747
BNB010,validation,0.41,18374,0.06700582368297744,0.14509633177315773,2666,0.8877788877788878,2.1654286716875157
BNB010,validation,0.42,18823,0.06700582368297744,0.14221962492695106,2677,0.8914418914418915,2.1224964803034183
BNB010,validation,0.43,19271,0.06700582368297744,0.1392766332831716,2684,0.8937728937728938,2.078575049567733
BNB010,validation,0.44,19719,0.06700582368297744,0.13672092905319744,2696,0.8977688977688978,2.0404335256001165
BNB010,validation,0.45,20167,0.06700582368297744,0.13437794416621213,2710,0.9024309024309024,2.0054666412577853
BNB010,validation,0.46,20615,0.06700582368297744,0.1318457433907349,2718,0.9050949050949051,1.967675884629559
BNB010,validation,0.47,21063,0.06700582368297744,0.1294212600294355,2726,0.9077589077589078,1.9314927108688678
BNB010,validation,0.48,21512,0.06700582368297744,0.12732428412049088,2739,0.9120879120879121,1.9001972831928202
BNB010,validation,0.49,21960,0.06700582368297744,0.12509107468123862,2747,0.9147519147519148,1.8668686959670566
BNB010,validation,0.5,22408,0.06700582368297744,0.12308104248482685,2758,0.9184149184149184,1.8368708228579702
BNB011,validation,0.01,448,0.06700582368297744,0.6339285714285714,284,0.09457209457209458,9.460798130440986
BNB011,validation,0.02,896,0.06700582368297744,0.5859375,525,0.17482517482517482,8.744575736763236
BNB011,validation,0.03,1344,0.06700582368297744,0.5491071428571429,738,0.24575424575424576,8.194916690452406
BNB011,validation,0.04,1792,0.06700582368297744,0.5027901785714286,901,0.30003330003330003,7.503678798879692
BNB011,validation,0.05,2240,0.06700582368297744,0.4732142857142857,1060,0.35298035298035296,7.0622859283573565
BNB011,validation,0.06,2689,0.06700582368297744,0.4484938638899219,1206,0.4015984015984016,6.693356476175368
BNB011,validation,0.07,3137,0.06700582368297744,0.42620337902454575,1337,0.44522144522144524,6.360691587660028
BNB011,validation,0.08,3585,0.06700582368297744,0.403068340306834,1445,0.4811854811854812,6.015422513330463
BNB011,validation,0.09,4033,0.06700582368297744,0.3796181502603521,1531,0.5098235098235098,5.665450096642758
BNB011,validation,0.1,4481,0.06700582368297744,0.3624191028788217,1624,0.5407925407925408,5.408770207699018
BNB011,validation,0.11,4929,0.06700582368297744,0.34266585514303105,1689,0.5624375624375625,5.113971238742998
BNB011,validation,0.12,5378,0.06700582368297744,0.3289326887318706,1769,0.5890775890775891,4.909016420544869
BNB011,validation,0.13,5826,0.06700582368297744,0.312392722279437,1820,0.6060606060606061,4.662172705427082
BNB011,validation,0.14,6274,0.06700582368297744,0.2996493465094039,1880,0.626040626040626,4.471989597906078
BNB011,validation,0.15,6722,0.06700582368297744,0.2884558167212139,1939,0.6456876456876457,4.3049365094887255
BNB011,validation,0.16,7170,0.06700582368297744,0.27559274755927476,1976,0.658008658008658,4.112967088699306
BNB011,validation,0.17,7618,0.06700582368297744,0.26542399579942244,2022,0.6733266733266733,3.9612078653821894
BNB011,validation,0.18,8067,0.06700582368297744,0.2548655014255609,2056,0.6846486846486847,3.8036320937027517
BNB011,validation,0.19,8515,0.06700582368297744,0.24662360540223136,2100,0.6993006993006993,3.680629411692242
BNB011,validation,0.2,8963,0.06700582368297744,0.2384246346089479,2137,0.7116217116217116,3.5582673490739984
BNB011,validation,0.21,9411,0.06700582368297744,0.23206885559451707,2184,0.7272727272727273,3.463413220505984
BNB011,validation,0.22,9859,0.06700582368297744,0.22497210670453394,2218,0.7385947385947386,3.3575008012577747
BNB011,validation,0.23,10307,0.06700582368297744,0.2197535655379839,2265,0.7542457542457542,3.2796188966752657
BNB011,validation,0.24,10756,0.06700582368297744,0.21309036816660468,2292,0.7632367632367633,3.1801768332076996
BNB011,validation,0.25,11204,0.06700582368297744,0.2073366654766155,2323,0.7735597735597736,3.094308137417741
BNB011,validation,0.26,11652,0.06700582368297744,0.20296944730518365,2365,0.7875457875457875,3.0291314418502884
BNB011,validation,0.27,12100,0.06700582368297744,0.198099173553719,2397,0.7982017982017982,2.9564471066123956
BNB011,validation,0.28,12548,0.06700582368297744,0.1933375836786739,2426,0.8078588078588078,2.8853847777979116
BNB011,validation,0.29,12996,0.06700582368297744,0.18905817174515235,2457,0.8181818181818182,2.8215185091916393
BNB011,validation,0.3,13445,0.06700582368297744,0.1842320565265898,2477,0.8248418248418249,2.7494931992514733
BNB011,validation,0.31,13893,0.06700582368297744,0.1799467357662132,2500,0.8325008325008325,2.6855387468645944
BNB011,validation,0.32,14341,0.06700582368297744,0.17585942402900773,2522,0.8398268398268398,2.6245393961731733
BNB011,validation,0.33,14789,0.06700582368297744,0.17181689093244978,2541,0.8461538461538461,2.5642083253145525
BNB011,validation,0.34,15237,0.06700582368297744,0.16774955699940933,2556,0.8511488511488512,2.5035071248892864
BNB011,validation,0.35,15685,0.06700582368297744,0.1641695887790883,2575,0.8574758574758575,2.4500794073634364
BNB011,validation,0.36,16134,0.06700582368297744,0.16071649931821,2593,0.8634698634698634,2.3985452380766623
BNB011,validation,0.37,16582,0.06700582368297744,0.1572789772041973,2608,0.8684648684648685,2.347243397056447
BNB011,validation,0.38,17030,0.06700582368297744,0.15366999412800939,2617,0.8714618714618715,2.2933826596187132
BNB011,validation,0.39,17478,0.06700582368297744,0.15087538619979401,2637,0.8781218781218781,2.2516757187200027
BNB011,validation,0.4,17926,0.06700582368297744,0.14816467700546693,2656,0.8844488844488845,2.2112208888957747
BNB011,validation,0.41,18374,0.06700582368297744,0.14509633177315773,2666,0.8877788877788878,2.1654286716875157
BNB011,validation,0.42,18823,0.06700582368297744,0.14221962492695106,2677,0.8914418914418915,2.1224964803034183
BNB011,validation,0.43,19271,0.06700582368297744,0.1392766332831716,2684,0.8937728937728938,2.078575049567733
BNB011,validation,0.44,19719,0.06700582368297744,0.13672092905319744,2696,0.8977688977688978,2.0404335256001165
BNB011,validation,0.45,20167,0.06700582368297744,0.13437794416621213,2710,0.9024309024309024,2.0054666412577853
BNB011,validation,0.46,20615,0.06700582368297744,0.1318457433907349,2718,0.9050949050949051,1.967675884629559
BNB011,validation,0.47,21063,0.06700582368297744,0.1294212600294355,2726,0.9077589077589078,1.9314927108688678
BNB011,validation,0.48,21512,0.06700582368297744,0.12732428412049088,2739,0.9120879120879121,1.9001972831928202
BNB011,validation,0.49,21960,0.06700582368297744,0.12509107468123862,2747,0.9147519147519148,1.8668686959670566
BNB011,validation,0.5,22408,0.06700582368297744,0.12308104248482685,2758,0.9184149184149184,1.8368708228579702
BNB012,validation,0.01,448,0.06700582368297744,0.6339285714285714,284,0.09457209457209458,9.460798130440986
BNB012,validation,0.02,896,0.06700582368297744,0.5859375,525,0.17482517482517482,8.744575736763236
BNB012,validation,0.03,1344,0.06700582368297744,0.5491071428571429,738,0.24575424575424576,8.194916690452406
BNB012,validation,0.04,1792,0.06700582368297744,0.5027901785714286,901,0.30003330003330003,7.503678798879692
BNB012,validation,0.05,2240,0.06700582368297744,0.4732142857142857,1060,0.35298035298035296,7.0622859283573565
BNB012,validation,0.06,2689,0.06700582368297744,0.4484938638899219,1206,0.4015984015984016,6.693356476175368
BNB012,validation,0.07,3137,0.06700582368297744,0.42620337902454575,1337,0.44522144522144524,6.360691587660028
BNB012,validation,0.08,3585,0.06700582368297744,0.403068340306834,1445,0.4811854811854812,6.015422513330463
BNB012,validation,0.09,4033,0.06700582368297744,0.3796181502603521,1531,0.5098235098235098,5.665450096642758
BNB012,validation,0.1,4481,0.06700582368297744,0.3624191028788217,1624,0.5407925407925408,5.408770207699018
BNB012,validation,0.11,4929,0.06700582368297744,0.34266585514303105,1689,0.5624375624375625,5.113971238742998
BNB012,validation,0.12,5378,0.06700582368297744,0.3289326887318706,1769,0.5890775890775891,4.909016420544869
BNB012,validation,0.13,5826,0.06700582368297744,0.312392722279437,1820,0.6060606060606061,4.662172705427082
BNB012,validation,0.14,6274,0.06700582368297744,0.2996493465094039,1880,0.626040626040626,4.471989597906078
BNB012,validation,0.15,6722,0.06700582368297744,0.2884558167212139,1939,0.6456876456876457,4.3049365094887255
BNB012,validation,0.16,7170,0.06700582368297744,0.27559274755927476,1976,0.658008658008658,4.112967088699306
BNB012,validation,0.17,7618,0.06700582368297744,0.26542399579942244,2022,0.6733266733266733,3.9612078653821894
BNB012,validation,0.18,8067,0.06700582368297744,0.2548655014255609,2056,0.6846486846486847,3.8036320937027517
BNB012,validation,0.19,8515,0.06700582368297744,0.24662360540223136,2100,0.6993006993006993,3.680629411692242
BNB012,validation,0.2,8963,0.06700582368297744,0.2384246346089479,2137,0.7116217116217116,3.5582673490739984
BNB012,validation,0.21,9411,0.06700582368297744,0.23206885559451707,2184,0.7272727272727273,3.463413220505984
BNB012,validation,0.22,9859,0.06700582368297744,0.22497210670453394,2218,0.7385947385947386,3.3575008012577747
BNB012,validation,0.23,10307,0.06700582368297744,0.2197535655379839,2265,0.7542457542457542,3.2796188966752657
BNB012,validation,0.24,10756,0.06700582368297744,0.21309036816660468,2292,0.7632367632367633,3.1801768332076996
BNB012,validation,0.25,11204,0.06700582368297744,0.2073366654766155,2323,0.7735597735597736,3.094308137417741
BNB012,validation,0.26,11652,0.06700582368297744,0.20296944730518365,2365,0.7875457875457875,3.0291314418502884
BNB012,validation,0.27,12100,0.06700582368297744,0.198099173553719,2397,0.7982017982017982,2.9564471066123956
BNB012,validation,0.28,12548,0.06700582368297744,0.1933375836786739,2426,0.8078588078588078,2.8853847777979116
BNB012,validation,0.29,12996,0.06700582368297744,0.18905817174515235,2457,0.8181818181818182,2.8215185091916393
BNB012,validation,0.3,13445,0.06700582368297744,0.1842320565265898,2477,0.8248418248418249,2.7494931992514733
BNB012,validation,0.31,13893,0.06700582368297744,0.1799467357662132,2500,0.8325008325008325,2.6855387468645944
BNB012,validation,0.32,14341,0.06700582368297744,0.17585942402900773,2522,0.8398268398268398,2.6245393961731733
BNB012,validation,0.33,14789,0.06700582368297744,0.17181689093244978,2541,0.8461538461538461,2.5642083253145525
BNB012,validation,0.34,15237,0.06700582368297744,0.16774955699940933,2556,0.8511488511488512,2.5035071248892864
BNB012,validation,0.35,15685,0.06700582368297744,0.1641695887790883,2575,0.8574758574758575,2.4500794073634364
BNB012,validation,0.36,16134,0.06700582368297744,0.16071649931821,2593,0.8634698634698634,2.3985452380766623
BNB012,validation,0.37,16582,0.06700582368297744,0.1572789772041973,2608,0.8684648684648685,2.347243397056447
BNB012,validation,0.38,17030,0.06700582368297744,0.15366999412800939,2617,0.8714618714618715,2.2933826596187132
BNB012,validation,0.39,17478,0.06700582368297744,0.15087538619979401,2637,0.8781218781218781,2.2516757187200027
BNB012,validation,0.4,17926,0.06700582368297744,0.14816467700546693,2656,0.8844488844488845,2.2112208888957747
BNB012,validation,0.41,18374,0.06700582368297744,0.14509633177315773,2666,0.8877788877788878,2.1654286716875157
BNB012,validation,0.42,18823,0.06700582368297744,0.14221962492695106,2677,0.8914418914418915,2.1224964803034183
BNB012,validation,0.43,19271,0.06700582368297744,0.1392766332831716,2684,0.8937728937728938,2.078575049567733
BNB012,validation,0.44,19719,0.06700582368297744,0.13672092905319744,2696,0.8977688977688978,2.0404335256001165
BNB012,validation,0.45,20167,0.06700582368297744,0.13437794416621213,2710,0.9024309024309024,2.0054666412577853
BNB012,validation,0.46,20615,0.06700582368297744,0.1318457433907349,2718,0.9050949050949051,1.967675884629559
BNB012,validation,0.47,21063,0.06700582368297744,0.1294212600294355,2726,0.9077589077589078,1.9314927108688678
BNB012,validation,0.48,21512,0.06700582368297744,0.12732428412049088,2739,0.9120879120879121,1.9001972831928202
BNB012,validation,0.49,21960,0.06700582368297744,0.12509107468123862,2747,0.9147519147519148,1.8668686959670566
BNB012,validation,0.5,22408,0.06700582368297744,0.12308104248482685,2758,0.9184149184149184,1.8368708228579702
BNB013,validation,0.01,448,0.06700582368297744,0.6339285714285714,284,0.09457209457209458,9.460798130440986
BNB013,validation,0.02,896,0.06700582368297744,0.5859375,525,0.17482517482517482,8.744575736763236
BNB013,validation,0.03,1344,0.06700582368297744,0.5491071428571429,738,0.24575424575424576,8.194916690452406
BNB013,validation,0.04,1792,0.06700582368297744,0.5033482142857143,902,0.30036630036630035,7.5120069662480375
BNB013,validation,0.05,2240,0.06700582368297744,0.4732142857142857,1060,0.35298035298035296,7.0622859283573565
BNB013,validation,0.06,2689,0.06700582368297744,0.4484938638899219,1206,0.4015984015984016,6.693356476175368
BNB013,validation,0.07,3137,0.06700582368297744,0.42620337902454575,1337,0.44522144522144524,6.360691587660028
BNB013,validation,0.08,3585,0.06700582368297744,0.403068340306834,1445,0.4811854811854812,6.015422513330463
BNB013,validation,0.09,4033,0.06700582368297744,0.3796181502603521,1531,0.5098235098235098,5.665450096642758
BNB013,validation,0.1,4481,0.06700582368297744,0.3624191028788217,1624,0.5407925407925408,5.408770207699018
BNB013,validation,0.11,4929,0.06700582368297744,0.34266585514303105,1689,0.5624375624375625,5.113971238742998
BNB013,validation,0.12,5378,0.06700582368297744,0.3287467460022313,1768,0.5887445887445888,4.906241397130203
BNB013,validation,0.13,5826,0.06700582368297744,0.312392722279437,1820,0.6060606060606061,4.662172705427082
BNB013,validation,0.14,6274,0.06700582368297744,0.2994899585591329,1879,0.6257076257076257,4.4696108800348515
BNB013,validation,0.15,6722,0.06700582368297744,0.2884558167212139,1939,0.6456876456876457,4.3049365094887255
BNB013,validation,0.16,7170,0.06700582368297744,0.27559274755927476,1976,0.658008658008658,4.112967088699306
BNB013,validation,0.17,7618,0.06700582368297744,0.26542399579942244,2022,0.6733266733266733,3.9612078653821894
BNB013,validation,0.18,8067,0.06700582368297744,0.2548655014255609,2056,0.6846486846486847,3.8036320937027517
BNB013,validation,0.19,8515,0.06700582368297744,0.24662360540223136,2100,0.6993006993006993,3.680629411692242
BNB013,validation,0.2,8963,0.06700582368297744,0.2384246346089479,2137,0.7116217116217116,3.5582673490739984
BNB013,validation,0.21,9411,0.06700582368297744,0.23217511422803103,2185,0.7276057276057276,3.464999032420135
BNB013,validation,0.22,9859,0.06700582368297744,0.22497210670453394,2218,0.7385947385947386,3.3575008012577747
BNB013,validation,0.23,10307,0.06700582368297744,0.2198505869797225,2266,0.7545787545787546,3.2810668520380366
BNB013,validation,0.24,10756,0.06700582368297744,0.21309036816660468,2292,0.7632367632367633,3.1801768332076996
BNB013,validation,0.25,11204,0.06700582368297744,0.20742591931453053,2324,0.7738927738927739,3.0956401684713
BNB013,validation,0.26,11652,0.06700582368297744,0.20296944730518365,2365,0.7875457875457875,3.0291314418502884
BNB013,validation,0.27,12100,0.06700582368297744,0.19818181818181818,2398,0.7985347985347986,2.9576805013168648
BNB013,validation,0.28,12548,0.06700582368297744,0.1933375836786739,2426,0.8078588078588078,2.8853847777979116
BNB013,validation,0.29,12996,0.06700582368297744,0.18898122499230532,2456,0.8178488178488178,2.820370150010039
BNB013,validation,0.3,13445,0.06700582368297744,0.1842320565265898,2477,0.8248418248418249,2.7494931992514733
BNB013,validation,0.31,13893,0.06700582368297744,0.1799467357662132,2500,0.8325008325008325,2.6855387468645944
BNB013,validation,0.32,14341,0.06700582368297744,0.17585942402900773,2522,0.8398268398268398,2.6245393961731733
BNB013,validation,0.33,14789,0.06700582368297744,0.17181689093244978,2541,0.8461538461538461,2.5642083253145525
BNB013,validation,0.34,15237,0.06700582368297744,0.16774955699940933,2556,0.8511488511488512,2.5035071248892864
BNB013,validation,0.35,15685,0.06700582368297744,0.1641695887790883,2575,0.8574758574758575,2.4500794073634364
BNB013,validation,0.36,16134,0.06700582368297744,0.16071649931821,2593,0.8634698634698634,2.3985452380766623
BNB013,validation,0.37,16582,0.06700582368297744,0.1572789772041973,2608,0.8684648684648685,2.347243397056447
BNB013,validation,0.38,17030,0.06700582368297744,0.15366999412800939,2617,0.8714618714618715,2.2933826596187132
BNB013,validation,0.39,17478,0.06700582368297744,0.15087538619979401,2637,0.8781218781218781,2.2516757187200027
BNB013,validation,0.4,17926,0.06700582368297744,0.14816467700546693,2656,0.8844488844488845,2.2112208888957747
BNB013,validation,0.41,18374,0.06700582368297744,0.14509633177315773,2666,0.8877788877788878,2.1654286716875157
BNB013,validation,0.42,18823,0.06700582368297744,0.14221962492695106,2677,0.8914418914418915,2.1224964803034183
BNB013,validation,0.43,19271,0.06700582368297744,0.13922474184007058,2683,0.8934398934398934,2.077800617731083
BNB013,validation,0.44,19719,0.06700582368297744,0.13672092905319744,2696,0.8977688977688978,2.0404335256001165
BNB013,validation,0.45,20167,0.06700582368297744,0.13437794416621213,2710,0.9024309024309024,2.0054666412577853
BNB013,validation,0.46,20615,0.06700582368297744,0.1318457433907349,2718,0.9050949050949051,1.967675884629559
BNB013,validation,0.47,21063,0.06700582368297744,0.1294212600294355,2726,0.9077589077589078,1.9314927108688678
BNB013,validation,0.48,21512,0.06700582368297744,0.12732428412049088,2739,0.9120879120879121,1.9001972831928202
BNB013,validation,0.49,21960,0.06700582368297744,0.12509107468123862,2747,0.9147519147519148,1.8668686959670566
BNB013,validation,0.5,22408,0.06700582368297744,0.12308104248482685,2758,0.9184149184149184,1.8368708228579702
BNB014,validation,0.01,448,0.06700582368297744,0.6339285714285714,284,0.09457209457209458,9.460798130440986
BNB014,validation,0.02,896,0.06700582368297744,0.5859375,525,0.17482517482517482,8.744575736763236
BNB014,validation,0.03,1344,0.06700582368297744,0.5491071428571429,738,0.24575424575424576,8.194916690452406
BNB014,validation,0.04,1792,0.06700582368297744,0.5033482142857143,902,0.30036630036630035,7.5120069662480375
BNB014,validation,0.05,2240,0.06700582368297744,0.4732142857142857,1060,0.35298035298035296,7.0622859283573565
BNB014,validation,0.06,2689,0.06700582368297744,0.4484938638899219,1206,0.4015984015984016,6.693356476175368
BNB014,validation,0.07,3137,0.06700582368297744,0.42620337902454575,1337,0.44522144522144524,6.360691587660028
BNB014,validation,0.08,3585,0.06700582368297744,0.403068340306834,1445,0.4811854811854812,6.015422513330463
BNB014,validation,0.09,4033,0.06700582368297744,0.3796181502603521,1531,0.5098235098235098,5.665450096642758
BNB014,validation,0.1,4481,0.06700582368297744,0.3624191028788217,1624,0.5407925407925408,5.408770207699018
BNB014,validation,0.11,4929,0.06700582368297744,0.34266585514303105,1689,0.5624375624375625,5.113971238742998
BNB014,validation,0.12,5378,0.06700582368297744,0.3287467460022313,1768,0.5887445887445888,4.906241397130203
BNB014,validation,0.13,5826,0.06700582368297744,0.312392722279437,1820,0.6060606060606061,4.662172705427082
BNB014,validation,0.14,6274,0.06700582368297744,0.2994899585591329,1879,0.6257076257076257,4.4696108800348515
BNB014,validation,0.15,6722,0.06700582368297744,0.2884558167212139,1939,0.6456876456876457,4.3049365094887255
BNB014,validation,0.16,7170,0.06700582368297744,0.27559274755927476,1976,0.658008658008658,4.112967088699306
BNB014,validation,0.17,7618,0.06700582368297744,0.26542399579942244,2022,0.6733266733266733,3.9612078653821894
BNB014,validation,0.18,8067,0.06700582368297744,0.2548655014255609,2056,0.6846486846486847,3.8036320937027517
BNB014,validation,0.19,8515,0.06700582368297744,0.24662360540223136,2100,0.6993006993006993,3.680629411692242
BNB014,validation,0.2,8963,0.06700582368297744,0.2384246346089479,2137,0.7116217116217116,3.5582673490739984
BNB014,validation,0.21,9411,0.06700582368297744,0.23217511422803103,2185,0.7276057276057276,3.464999032420135
BNB014,validation,0.22,9859,0.06700582368297744,0.22497210670453394,2218,0.7385947385947386,3.3575008012577747
BNB014,validation,0.23,10307,0.06700582368297744,0.2198505869797225,2266,0.7545787545787546,3.2810668520380366
BNB014,validation,0.24,10756,0.06700582368297744,0.21309036816660468,2292,0.7632367632367633,3.1801768332076996
BNB014,validation,0.25,11204,0.06700582368297744,0.20742591931453053,2324,0.7738927738927739,3.0956401684713
BNB014,validation,0.26,11652,0.06700582368297744,0.20296944730518365,2365,0.7875457875457875,3.0291314418502884
BNB014,validation,0.27,12100,0.06700582368297744,0.19818181818181818,2398,0.7985347985347986,2.9576805013168648
BNB014,validation,0.28,12548,0.06700582368297744,0.1933375836786739,2426,0.8078588078588078,2.8853847777979116
BNB014,validation,0.29,12996,0.06700582368297744,0.18898122499230532,2456,0.8178488178488178,2.820370150010039
BNB014,validation,0.3,13445,0.06700582368297744,0.1842320565265898,2477,0.8248418248418249,2.7494931992514733
BNB014,validation,0.31,13893,0.06700582368297744,0.1799467357662132,2500,0.8325008325008325,2.6855387468645944
BNB014,validation,0.32,14341,0.06700582368297744,0.17585942402900773,2522,0.8398268398268398,2.6245393961731733
BNB014,validation,0.33,14789,0.06700582368297744,0.17181689093244978,2541,0.8461538461538461,2.5642083253145525
BNB014,validation,0.34,15237,0.06700582368297744,0.16774955699940933,2556,0.8511488511488512,2.5035071248892864
BNB014,validation,0.35,15685,0.06700582368297744,0.1641695887790883,2575,0.8574758574758575,2.4500794073634364
BNB014,validation,0.36,16134,0.06700582368297744,0.16071649931821,2593,0.8634698634698634,2.3985452380766623
BNB014,validation,0.37,16582,0.06700582368297744,0.1572789772041973,2608,0.8684648684648685,2.347243397056447
BNB014,validation,0.38,17030,0.06700582368297744,0.15366999412800939,2617,0.8714618714618715,2.2933826596187132
BNB014,validation,0.39,17478,0.06700582368297744,0.15087538619979401,2637,0.8781218781218781,2.2516757187200027
BNB014,validation,0.4,17926,0.06700582368297744,0.14816467700546693,2656,0.8844488844488845,2.2112208888957747
BNB014,validation,0.41,18374,0.06700582368297744,0.14509633177315773,2666,0.8877788877788878,2.1654286716875157
BNB014,validation,0.42,18823,0.06700582368297744,0.14221962492695106,2677,0.8914418914418915,2.1224964803034183
BNB014,validation,0.43,19271,0.06700582368297744,0.13922474184007058,2683,0.8934398934398934,2.077800617731083
BNB014,validation,0.44,19719,0.06700582368297744,0.13672092905319744,2696,0.8977688977688978,2.0404335256001165
BNB014,validation,0.45,20167,0.06700582368297744,0.13437794416621213,2710,0.9024309024309024,2.0054666412577853
BNB014,validation,0.46,20615,0.06700582368297744,0.1318457433907349,2718,0.9050949050949051,1.967675884629559
BNB014,validation,0.47,21063,0.06700582368297744,0.1294212600294355,2726,0.9077589077589078,1.9314927108688678
BNB014,validation,0.48,21512,0.06700582368297744,0.12732428412049088,2739,0.9120879120879121,1.9001972831928202
BNB014,validation,0.49,21960,0.06700582368297744,0.12509107468123862,2747,0.9147519147519148,1.8668686959670566
BNB014,validation,0.5,22408,0.06700582368297744,0.12308104248482685,2758,0.9184149184149184,1.8368708228579702
BNB015,validation,0.01,448,0.06700582368297744,0.6339285714285714,284,0.09457209457209458,9.460798130440986
BNB015,validation,0.02,896,0.06700582368297744,0.5859375,525,0.17482517482517482,8.744575736763236
BNB015,validation,0.03,1344,0.06700582368297744,0.5491071428571429,738,0.24575424575424576,8.194916690452406
BNB015,validation,0.04,1792,0.06700582368297744,0.5033482142857143,902,0.30036630036630035,7.5120069662480375
BNB015,validation,0.05,2240,0.06700582368297744,0.4732142857142857,1060,0.35298035298035296,7.0622859283573565
BNB015,validation,0.06,2689,0.06700582368297744,0.4481219784306434,1205,0.4012654012654013,6.687806429346035
BNB015,validation,0.07,3137,0.06700582368297744,0.42620337902454575,1337,0.44522144522144524,6.360691587660028
BNB015,validation,0.08,3585,0.06700582368297744,0.40334728033472805,1446,0.48151848151848153,6.019585435485017
BNB015,validation,0.09,4033,0.06700582368297744,0.3796181502603521,1531,0.5098235098235098,5.665450096642758
BNB015,validation,0.1,4481,0.06700582368297744,0.3624191028788217,1624,0.5407925407925408,5.408770207699018
BNB015,validation,0.11,4929,0.06700582368297744,0.3428687360519375,1690,0.5627705627705628,5.1169990488310635
BNB015,validation,0.12,5378,0.06700582368297744,0.3287467460022313,1768,0.5887445887445888,4.906241397130203
BNB015,validation,0.13,5826,0.06700582368297744,0.3122210779265362,1819,0.6057276057276058,4.659611072072452
BNB015,validation,0.14,6274,0.06700582368297744,0.2998087344596749,1881,0.6263736263736264,4.474368315777306
BNB015,validation,0.15,6722,0.06700582368297744,0.2884558167212139,1939,0.6456876456876457,4.3049365094887255
BNB015,validation,0.16,7170,0.06700582368297744,0.2754532775453278,1975,0.6576756576756577,4.11088562762203
BNB015,validation,0.17,7618,0.06700582368297744,0.26542399579942244,2022,0.6733266733266733,3.9612078653821894
BNB015,validation,0.18,8067,0.06700582368297744,0.2548655014255609,2056,0.6846486846486847,3.8036320937027517
BNB015,validation,0.19,8515,0.06700582368297744,0.24650616559013505,2099,0.698967698967699,3.6788767310200075
BNB015,validation,0.2,8963,0.06700582368297744,0.2384246346089479,2137,0.7116217116217116,3.5582673490739984
BNB015,validation,0.21,9411,0.06700582368297744,0.23217511422803103,2185,0.7276057276057276,3.464999032420135
BNB015,validation,0.22,9859,0.06700582368297744,0.2250735368698651,2219,0.7389277389277389,3.359014552746168
BNB015,validation,0.23,10307,0.06700582368297744,0.21965654409624527,2264,0.7539127539127539,3.2781709413124953
BNB015,validation,0.24,10756,0.06700582368297744,0.21318333953142432,2293,0.7635697635697636,3.181564344915033
BNB015,validation,0.25,11204,0.06700582368297744,0.20760442699036058,2326,0.7745587745587745,3.0983042305784183
BNB015,validation,0.26,11652,0.06700582368297744,0.20296944730518365,2365,0.7875457875457875,3.0291314418502884
BNB015,validation,0.27,12100,0.06700582368297744,0.198099173553719,2397,0.7982017982017982,2.9564471066123956
BNB015,validation,0.28,12548,0.06700582368297744,0.1933375836786739,2426,0.8078588078588078,2.8853847777979116
BNB015,validation,0.29,12996,0.06700582368297744,0.18898122499230532,2456,0.8178488178488178,2.820370150010039
BNB015,validation,0.3,13445,0.06700582368297744,0.1843064336184455,2478,0.8251748251748252,2.75060320861734
BNB015,validation,0.31,13893,0.06700582368297744,0.1799467357662132,2500,0.8325008325008325,2.6855387468645944
BNB015,validation,0.32,14341,0.06700582368297744,0.17585942402900773,2522,0.8398268398268398,2.6245393961731733
BNB015,validation,0.33,14789,0.06700582368297744,0.17181689093244978,2541,0.8461538461538461,2.5642083253145525
BNB015,validation,0.34,15237,0.06700582368297744,0.16781518671654524,2557,0.8514818514818515,2.5044865877706988
BNB015,validation,0.35,15685,0.06700582368297744,0.16410583359897993,2574,0.8571428571428571,2.4491279202149463
BNB015,validation,0.36,16134,0.06700582368297744,0.16065451840833023,2592,0.8631368631368631,2.3976202302717735
BNB015,validation,0.37,16582,0.06700582368297744,0.1572789772041973,2608,0.8684648684648685,2.347243397056447
BNB015,validation,0.38,17030,0.06700582368297744,0.15372871403405755,2618,0.8717948717948718,2.2942589999548306
BNB015,validation,0.39,17478,0.06700582368297744,0.15093260098409428,2638,0.8784548784548785,2.2525295965048793
BNB015,validation,0.4,17926,0.06700582368297744,0.14816467700546693,2656,0.8844488844488845,2.2112208888957747
BNB015,validation,0.41,18374,0.06700582368297744,0.14509633177315773,2666,0.8877788877788878,2.1654286716875157
BNB015,validation,0.42,18823,0.06700582368297744,0.14216649843276843,2676,0.8911088911088911,2.121703616470657
BNB015,validation,0.43,19271,0.06700582368297744,0.1392766332831716,2684,0.8937728937728938,2.078575049567733
BNB015,validation,0.44,19719,0.06700582368297744,0.13672092905319744,2696,0.8977688977688978,2.0404335256001165
BNB015,validation,0.45,20167,0.06700582368297744,0.13437794416621213,2710,0.9024309024309024,2.0054666412577853
BNB015,validation,0.46,20615,0.06700582368297744,0.1318457433907349,2718,0.9050949050949051,1.967675884629559
BNB015,validation,0.47,21063,0.06700582368297744,0.129516213264967,2728,0.9084249084249084,1.932909800165177
BNB015,validation,0.48,21512,0.06700582368297744,0.12732428412049088,2739,0.9120879120879121,1.9001972831928202
BNB015,validation,0.49,21960,0.06700582368297744,0.12509107468123862,2747,0.9147519147519148,1.8668686959670566
BNB015,validation,0.5,22408,0.06700582368297744,0.12312566940378436,2759,0.9187479187479187,1.8375368383847497
BNB016,validation,0.01,448,0.06700582368297744,0.6339285714285714,284,0.09457209457209458,9.460798130440986
BNB016,validation,0.02,896,0.06700582368297744,0.5859375,525,0.17482517482517482,8.744575736763236
BNB016,validation,0.03,1344,0.06700582368297744,0.5491071428571429,738,0.24575424575424576,8.194916690452406
BNB016,validation,0.04,1792,0.06700582368297744,0.5033482142857143,902,0.30036630036630035,7.5120069662480375
BNB016,validation,0.05,2240,0.06700582368297744,0.4732142857142857,1060,0.35298035298035296,7.0622859283573565
BNB016,validation,0.06,2689,0.06700582368297744,0.4481219784306434,1205,0.4012654012654013,6.687806429346035
BNB016,validation,0.07,3137,0.06700582368297744,0.42620337902454575,1337,0.44522144522144524,6.360691587660028
BNB016,validation,0.08,3585,0.06700582368297744,0.40334728033472805,1446,0.48151848151848153,6.019585435485017
BNB016,validation,0.09,4033,0.06700582368297744,0.3796181502603521,1531,0.5098235098235098,5.665450096642758
BNB016,validation,0.1,4481,0.06700582368297744,0.3624191028788217,1624,0.5407925407925408,5.408770207699018
BNB016,validation,0.11,4929,0.06700582368297744,0.3428687360519375,1690,0.5627705627705628,5.1169990488310635
BNB016,validation,0.12,5378,0.06700582368297744,0.3287467460022313,1768,0.5887445887445888,4.906241397130203
BNB016,validation,0.13,5826,0.06700582368297744,0.3122210779265362,1819,0.6057276057276058,4.659611072072452
BNB016,validation,0.14,6274,0.06700582368297744,0.2998087344596749,1881,0.6263736263736264,4.474368315777306
BNB016,validation,0.15,6722,0.06700582368297744,0.2884558167212139,1939,0.6456876456876457,4.3049365094887255
BNB016,validation,0.16,7170,0.06700582368297744,0.2754532775453278,1975,0.6576756576756577,4.11088562762203
BNB016,validation,0.17,7618,0.06700582368297744,0.26542399579942244,2022,0.6733266733266733,3.9612078653821894
BNB016,validation,0.18,8067,0.06700582368297744,0.2548655014255609,2056,0.6846486846486847,3.8036320937027517
BNB016,validation,0.19,8515,0.06700582368297744,0.24650616559013505,2099,0.698967698967699,3.6788767310200075
BNB016,validation,0.2,8963,0.06700582368297744,0.2384246346089479,2137,0.7116217116217116,3.5582673490739984
BNB016,validation,0.21,9411,0.06700582368297744,0.23217511422803103,2185,0.7276057276057276,3.464999032420135
BNB016,validation,0.22,9859,0.06700582368297744,0.2250735368698651,2219,0.7389277389277389,3.359014552746168
BNB016,validation,0.23,10307,0.06700582368297744,0.21965654409624527,2264,0.7539127539127539,3.2781709413124953
BNB016,validation,0.24,10756,0.06700582368297744,0.21318333953142432,2293,0.7635697635697636,3.181564344915033
BNB016,validation,0.25,11204,0.06700582368297744,0.20760442699036058,2326,0.7745587745587745,3.0983042305784183
BNB016,validation,0.26,11652,0.06700582368297744,0.20296944730518365,2365,0.7875457875457875,3.0291314418502884
BNB016,validation,0.27,12100,0.06700582368297744,0.198099173553719,2397,0.7982017982017982,2.9564471066123956
BNB016,validation,0.28,12548,0.06700582368297744,0.1933375836786739,2426,0.8078588078588078,2.8853847777979116
BNB016,validation,0.29,12996,0.06700582368297744,0.18898122499230532,2456,0.8178488178488178,2.820370150010039
BNB016,validation,0.3,13445,0.06700582368297744,0.1843064336184455,2478,0.8251748251748252,2.75060320861734
BNB016,validation,0.31,13893,0.06700582368297744,0.1799467357662132,2500,0.8325008325008325,2.6855387468645944
BNB016,validation,0.32,14341,0.06700582368297744,0.17585942402900773,2522,0.8398268398268398,2.6245393961731733
BNB016,validation,0.33,14789,0.06700582368297744,0.17181689093244978,2541,0.8461538461538461,2.5642083253145525
BNB016,validation,0.34,15237,0.06700582368297744,0.16781518671654524,2557,0.8514818514818515,2.5044865877706988
BNB016,validation,0.35,15685,0.06700582368297744,0.16410583359897993,2574,0.8571428571428571,2.4491279202149463
BNB016,validation,0.36,16134,0.06700582368297744,0.16065451840833023,2592,0.8631368631368631,2.3976202302717735
BNB016,validation,0.37,16582,0.06700582368297744,0.1572789772041973,2608,0.8684648684648685,2.347243397056447
BNB016,validation,0.38,17030,0.06700582368297744,0.15372871403405755,2618,0.8717948717948718,2.2942589999548306
BNB016,validation,0.39,17478,0.06700582368297744,0.15093260098409428,2638,0.8784548784548785,2.2525295965048793
BNB016,validation,0.4,17926,0.06700582368297744,0.14816467700546693,2656,0.8844488844488845,2.2112208888957747
BNB016,validation,0.41,18374,0.06700582368297744,0.14509633177315773,2666,0.8877788877788878,2.1654286716875157
BNB016,validation,0.42,18823,0.06700582368297744,0.14216649843276843,2676,0.8911088911088911,2.121703616470657
BNB016,validation,0.43,19271,0.06700582368297744,0.1392766332831716,2684,0.8937728937728938,2.078575049567733
BNB016,validation,0.44,19719,0.06700582368297744,0.13672092905319744,2696,0.8977688977688978,2.0404335256001165
BNB016,validation,0.45,20167,0.06700582368297744,0.13437794416621213,2710,0.9024309024309024,2.0054666412577853
BNB016,validation,0.46,20615,0.06700582368297744,0.1318457433907349,2718,0.9050949050949051,1.967675884629559
BNB016,validation,0.47,21063,0.06700582368297744,0.129516213264967,2728,0.9084249084249084,1.932909800165177
BNB016,validation,0.48,21512,0.06700582368297744,0.12732428412049088,2739,0.9120879120879121,1.9001972831928202
BNB016,validation,0.49,21960,0.06700582368297744,0.12509107468123862,2747,0.9147519147519148,1.8668686959670566
BNB016,validation,0.5,22408,0.06700582368297744,0.12312566940378436,2759,0.9187479187479187,1.8375368383847497
BNB017,validation,0.01,448,0.06700582368297744,0.6339285714285714,284,0.09457209457209458,9.460798130440986
BNB017,validation,0.02,896,0.06700582368297744,0.5881696428571429,527,0.1754911754911755,8.77788840623662
BNB017,validation,0.03,1344,0.06700582368297744,0.5491071428571429,738,0.24575424575424576,8.194916690452406
BNB017,validation,0.04,1792,0.06700582368297744,0.5033482142857143,902,0.30036630036630035,7.5120069662480375
BNB017,validation,0.05,2240,0.06700582368297744,0.471875,1057,0.351981351981352,7.042298326673326
BNB017,validation,0.06,2689,0.06700582368297744,0.4484938638899219,1206,0.4015984015984016,6.693356476175368
BNB017,validation,0.07,3137,0.06700582368297744,0.42588460312400384,1336,0.44488844488844487,6.355934151917576
BNB017,validation,0.08,3585,0.06700582368297744,0.40334728033472805,1446,0.48151848151848153,6.019585435485017
BNB017,validation,0.09,4033,0.06700582368297744,0.3796181502603521,1531,0.5098235098235098,5.665450096642758
BNB017,validation,0.1,4481,0.06700582368297744,0.3624191028788217,1624,0.5407925407925408,5.408770207699018
BNB017,validation,0.11,4929,0.06700582368297744,0.34266585514303105,1689,0.5624375624375625,5.113971238742998
BNB017,validation,0.12,5378,0.06700582368297744,0.3287467460022313,1768,0.5887445887445888,4.906241397130203
BNB017,validation,0.13,5826,0.06700582368297744,0.3118777892207346,1817,0.6050616050616051,4.654487805363191
BNB017,validation,0.14,6274,0.06700582368297744,0.2998087344596749,1881,0.6263736263736264,4.474368315777306
BNB017,validation,0.15,6722,0.06700582368297744,0.2887533472180899,1941,0.6463536463536463,4.309376877213831
BNB017,validation,0.16,7170,0.06700582368297744,0.2760111576011158,1979,0.659007659007659,4.119211471931138
BNB017,validation,0.17,7618,0.06700582368297744,0.26516145970070887,2020,0.6726606726606726,3.9572897567121776
BNB017,validation,0.18,8067,0.06700582368297744,0.2547415396058014,2055,0.6843156843156843,3.8017820780929745
BNB017,validation,0.19,8515,0.06700582368297744,0.24650616559013505,2099,0.698967698967699,3.6788767310200075
BNB017,validation,0.2,8963,0.06700582368297744,0.2385362043958496,2138,0.7119547119547119,3.5599324250445523
BNB017,validation,0.21,9411,0.06700582368297744,0.23206885559451707,2184,0.7272727272727273,3.463413220505984
BNB017,validation,0.22,9859,0.06700582368297744,0.22527639720052745,2221,0.7395937395937396,3.3620420557229562
BNB017,validation,0.23,10307,0.06700582368297744,0.21955952265450665,2263,0.7535797535797536,3.276722985949725
BNB017,validation,0.24,10756,0.06700582368297744,0.21299739680178506,2291,0.7629037629037629,3.1787893215003664
BNB017,validation,0.25,11204,0.06700582368297744,0.2076936808282756,2327,0.7748917748917749,3.0996362616319773
BNB017,validation,0.26,11652,0.06700582368297744,0.20296944730518365,2365,0.7875457875457875,3.0291314418502884
BNB017,validation,0.27,12100,0.06700582368297744,0.19818181818181818,2398,0.7985347985347986,2.9576805013168648
BNB017,validation,0.28,12548,0.06700582368297744,0.1933375836786739,2426,0.8078588078588078,2.8853847777979116
BNB017,validation,0.29,12996,0.06700582368297744,0.18913511849799938,2458,0.8185148185148186,2.8226668683732394
BNB017,validation,0.3,13445,0.06700582368297744,0.1843064336184455,2478,0.8251748251748252,2.75060320861734
BNB017,validation,0.31,13893,0.06700582368297744,0.1799467357662132,2500,0.8325008325008325,2.6855387468645944
BNB017,validation,0.32,14341,0.06700582368297744,0.17592915417334914,2523,0.8401598401598401,2.6255800541415213
BNB017,validation,0.33,14789,0.06700582368297744,0.17181689093244978,2541,0.8461538461538461,2.5642083253145525
BNB017,validation,0.34,15237,0.06700582368297744,0.16788081643368116,2558,0.8518148518148518,2.5054660506521107
BNB017,validation,0.35,15685,0.06700582368297744,0.16410583359897993,2574,0.8571428571428571,2.4491279202149463
BNB017,validation,0.36,16134,0.06700582368297744,0.16059253749845048,2591,0.8628038628038628,2.3966952224668847
BNB017,validation,0.37,16582,0.06700582368297744,0.15733928356048726,2609,0.8687978687978688,2.3481434136964228
BNB017,validation,0.38,17030,0.06700582368297744,0.15372871403405755,2618,0.8717948717948718,2.2942589999548306
BNB017,validation,0.39,17478,0.06700582368297744,0.15098981576839454,2639,0.8787878787878788,2.2533834742897563
BNB017,validation,0.4,17926,0.06700582368297744,0.14816467700546693,2656,0.8844488844488845,2.2112208888957747
BNB017,validation,0.41,18374,0.06700582368297744,0.14509633177315773,2666,0.8877788877788878,2.1654286716875157
BNB017,validation,0.42,18823,0.06700582368297744,0.14221962492695106,2677,0.8914418914418915,2.1224964803034183
BNB017,validation,0.43,19271,0.06700582368297744,0.13932852472627263,2685,0.8941058941058941,2.0793494814043822
BNB017,validation,0.44,19719,0.06700582368297744,0.136670216542421,2695,0.8974358974358975,2.0396766882389885
BNB017,validation,0.45,20167,0.06700582368297744,0.13442753012346903,2711,0.9027639027639027,2.006206665848655
BNB017,validation,0.46,20615,0.06700582368297744,0.13189425175842834,2719,0.9054279054279054,1.968399827191969
BNB017,validation,0.47,21063,0.06700582368297744,0.129516213264967,2728,0.9084249084249084,1.932909800165177
BNB017,validation,0.48,21512,0.06700582368297744,0.12732428412049088,2739,0.9120879120879121,1.9001972831928202
BNB017,validation,0.49,21960,0.06700582368297744,0.12509107468123862,2747,0.9147519147519148,1.8668686959670566
BNB017,validation,0.5,22408,0.06700582368297744,0.12303641556586933,2757,0.9180819180819181,1.8362048073311907
BNB018,validation,0.01,448,0.06700582368297744,0.6339285714285714,284,0.09457209457209458,9.460798130440986
BNB018,validation,0.02,896,0.06700582368297744,0.5881696428571429,527,0.1754911754911755,8.77788840623662
BNB018,validation,0.03,1344,0.06700582368297744,0.5491071428571429,738,0.24575424575424576,8.194916690452406
BNB018,validation,0.04,1792,0.06700582368297744,0.5033482142857143,902,0.30036630036630035,7.5120069662480375
BNB018,validation,0.05,2240,0.06700582368297744,0.471875,1057,0.351981351981352,7.042298326673326
BNB018,validation,0.06,2689,0.06700582368297744,0.4484938638899219,1206,0.4015984015984016,6.693356476175368
BNB018,validation,0.07,3137,0.06700582368297744,0.42588460312400384,1336,0.44488844488844487,6.355934151917576
BNB018,validation,0.08,3585,0.06700582368297744,0.40334728033472805,1446,0.48151848151848153,6.019585435485017
BNB018,validation,0.09,4033,0.06700582368297744,0.3796181502603521,1531,0.5098235098235098,5.665450096642758
BNB018,validation,0.1,4481,0.06700582368297744,0.3624191028788217,1624,0.5407925407925408,5.408770207699018
BNB018,validation,0.11,4929,0.06700582368297744,0.34266585514303105,1689,0.5624375624375625,5.113971238742998
BNB018,validation,0.12,5378,0.06700582368297744,0.3287467460022313,1768,0.5887445887445888,4.906241397130203
BNB018,validation,0.13,5826,0.06700582368297744,0.3118777892207346,1817,0.6050616050616051,4.654487805363191
BNB018,validation,0.14,6274,0.06700582368297744,0.2998087344596749,1881,0.6263736263736264,4.474368315777306
BNB018,validation,0.15,6722,0.06700582368297744,0.2887533472180899,1941,0.6463536463536463,4.309376877213831
BNB018,validation,0.16,7170,0.06700582368297744,0.2760111576011158,1979,0.659007659007659,4.119211471931138
BNB018,validation,0.17,7618,0.06700582368297744,0.26516145970070887,2020,0.6726606726606726,3.9572897567121776
BNB018,validation,0.18,8067,0.06700582368297744,0.2547415396058014,2055,0.6843156843156843,3.8017820780929745
BNB018,validation,0.19,8515,0.06700582368297744,0.24650616559013505,2099,0.698967698967699,3.6788767310200075
BNB018,validation,0.2,8963,0.06700582368297744,0.2385362043958496,2138,0.7119547119547119,3.5599324250445523
BNB018,validation,0.21,9411,0.06700582368297744,0.23206885559451707,2184,0.7272727272727273,3.463413220505984
BNB018,validation,0.22,9859,0.06700582368297744,0.22527639720052745,2221,0.7395937395937396,3.3620420557229562
BNB018,validation,0.23,10307,0.06700582368297744,0.21955952265450665,2263,0.7535797535797536,3.276722985949725
BNB018,validation,0.24,10756,0.06700582368297744,0.21299739680178506,2291,0.7629037629037629,3.1787893215003664
BNB018,validation,0.25,11204,0.06700582368297744,0.2076936808282756,2327,0.7748917748917749,3.0996362616319773
BNB018,validation,0.26,11652,0.06700582368297744,0.20296944730518365,2365,0.7875457875457875,3.0291314418502884
BNB018,validation,0.27,12100,0.06700582368297744,0.19818181818181818,2398,0.7985347985347986,2.9576805013168648
BNB018,validation,0.28,12548,0.06700582368297744,0.1933375836786739,2426,0.8078588078588078,2.8853847777979116
BNB018,validation,0.29,12996,0.06700582368297744,0.18913511849799938,2458,0.8185148185148186,2.8226668683732394
BNB018,validation,0.3,13445,0.06700582368297744,0.1843064336184455,2478,0.8251748251748252,2.75060320861734
BNB018,validation,0.31,13893,0.06700582368297744,0.1799467357662132,2500,0.8325008325008325,2.6855387468645944
BNB018,validation,0.32,14341,0.06700582368297744,0.17592915417334914,2523,0.8401598401598401,2.6255800541415213
BNB018,validation,0.33,14789,0.06700582368297744,0.17181689093244978,2541,0.8461538461538461,2.5642083253145525
BNB018,validation,0.34,15237,0.06700582368297744,0.16788081643368116,2558,0.8518148518148518,2.5054660506521107
BNB018,validation,0.35,15685,0.06700582368297744,0.16410583359897993,2574,0.8571428571428571,2.4491279202149463
BNB018,validation,0.36,16134,0.06700582368297744,0.16059253749845048,2591,0.8628038628038628,2.3966952224668847
BNB018,validation,0.37,16582,0.06700582368297744,0.15733928356048726,2609,0.8687978687978688,2.3481434136964228
BNB018,validation,0.38,17030,0.06700582368297744,0.15372871403405755,2618,0.8717948717948718,2.2942589999548306
BNB018,validation,0.39,17478,0.06700582368297744,0.15098981576839454,2639,0.8787878787878788,2.2533834742897563
BNB018,validation,0.4,17926,0.06700582368297744,0.14816467700546693,2656,0.8844488844488845,2.2112208888957747
BNB018,validation,0.41,18374,0.06700582368297744,0.14509633177315773,2666,0.8877788877788878,2.1654286716875157
BNB018,validation,0.42,18823,0.06700582368297744,0.14221962492695106,2677,0.8914418914418915,2.1224964803034183
BNB018,validation,0.43,19271,0.06700582368297744,0.13932852472627263,2685,0.8941058941058941,2.0793494814043822
BNB018,validation,0.44,19719,0.06700582368297744,0.136670216542421,2695,0.8974358974358975,2.0396766882389885
BNB018,validation,0.45,20167,0.06700582368297744,0.13442753012346903,2711,0.9027639027639027,2.006206665848655
BNB018,validation,0.46,20615,0.06700582368297744,0.13189425175842834,2719,0.9054279054279054,1.968399827191969
BNB018,validation,0.47,21063,0.06700582368297744,0.129516213264967,2728,0.9084249084249084,1.932909800165177
BNB018,validation,0.48,21512,0.06700582368297744,0.12732428412049088,2739,0.9120879120879121,1.9001972831928202
BNB018,validation,0.49,21960,0.06700582368297744,0.12509107468123862,2747,0.9147519147519148,1.8668686959670566
BNB018,validation,0.5,22408,0.06700582368297744,0.12303641556586933,2757,0.9180819180819181,1.8362048073311907
CAT001,validation,0.01,448,0.06700582368297744,0.6696428571428571,300,0.0999000999000999,9.993800842015126
CAT001,validation,0.02,896,0.06700582368297744,0.625,560,0.1864801864801865,9.327547452547453
CAT001,validation,0.03,1344,0.06700582368297744,0.5647321428571429,759,0.25274725274725274,8.42810537676609
CAT001,validation,0.04,1792,0.06700582368297744,0.51953125,931,0.31002331002331,7.75352381993007
CAT001,validation,0.05,2240,0.06700582368297744,0.48839285714285713,1094,0.3643023643023643,7.288812080776366
CAT001,validation,0.06,2689,0.06700582368297744,0.46597248047601336,1253,0.4172494172494173,6.95420867715401
CAT001,validation,0.07,3137,0.06700582368297744,0.43449155243863563,1363,0.4538794538794539,6.484384916963814
CAT001,validation,0.08,3585,0.06700582368297744,0.4117154811715481,1476,0.4915084915084915,6.144473100121635
CAT001,validation,0.09,4033,0.06700582368297744,0.393255640962063,1586,0.5281385281385281,5.86897704328897
CAT001,validation,0.1,4481,0.06700582368297744,0.374693148850703,1679,0.5591075591075592,5.591949001678973
CAT001,validation,0.11,4929,0.06700582368297744,0.3568675187664841,1759,0.5857475857475858,5.325917944907598
CAT001,validation,0.12,5378,0.06700582368297744,0.3402751952398661,1830,0.6093906093906094,5.07829284883952
CAT001,validation,0.13,5826,0.06700582368297744,0.32320631651218673,1883,0.627039627039627,4.823555606768789
CAT001,validation,0.14,6274,0.06700582368297744,0.3090532355753905,1939,0.6456876456876457,4.61233395230845
CAT001,validation,0.15,6722,0.06700582368297744,0.2950014876524844,1983,0.6603396603396603,4.402624599441023
CAT001,validation,0.16,7170,0.06700582368297744,0.28479776847977684,2042,0.6799866799866799,4.2503435197995865
CAT001,validation,0.17,7618,0.06700582368297744,0.27369388290889995,2085,0.6943056943056943,4.084628288487568
CAT001,validation,0.18,8067,0.06700582368297744,0.26379075244824596,2128,0.7086247086247086,3.9368332176067393
CAT001,validation,0.19,8515,0.06700582368297744,0.2549618320610687,2171,0.7229437229437229,3.8050697394208846
CAT001,validation,0.2,8963,0.06700582368297744,0.24679236862657591,2212,0.7365967365967366,3.683148046865552
CAT001,validation,0.21,9411,0.06700582368297744,0.23876314950589736,2247,0.7482517482517482,3.563319371097503
CAT001,validation,0.22,9859,0.06700582368297744,0.2319707881123846,2287,0.7615717615717615,3.4619496539569568
CAT001,validation,0.23,10307,0.06700582368297744,0.22508974483360822,2320,0.7725607725607726,3.3592564416276454
CAT001,validation,0.24,10756,0.06700582368297744,0.21866865005578282,2352,0.7832167832167832,3.2634275356476916
CAT001,validation,0.25,11204,0.06700582368297744,0.2132274187790075,2389,0.7955377955377956,3.1822221869526404
CAT001,validation,0.26,11652,0.06700582368297744,0.20743220048060418,2417,0.8048618048618048,3.095733909070675
CAT001,validation,0.27,12100,0.06700582368297744,0.20206611570247934,2445,0.8141858141858141,3.0156500524269116
CAT001,validation,0.28,12548,0.06700582368297744,0.196844118584635,2470,0.8225108225108225,2.937716570964897
CAT001,validation,0.29,12996,0.06700582368297744,0.19113573407202217,2484,0.8271728271728271,2.852524207094844
CAT001,validation,0.3,13445,0.06700582368297744,0.18720714020081816,2517,0.8381618381618382,2.793893573886136
CAT001,validation,0.31,13893,0.06700582368297744,0.1823940113726337,2534,0.8438228438228438,2.7220620738219528
CAT001,validation,0.32,14341,0.06700582368297744,0.1782302489366153,2556,0.8511488511488512,2.6599217670969986
CAT001,validation,0.33,14789,0.06700582368297744,0.1736425721820272,2568,0.8551448551448552,2.5914549308964077
CAT001,validation,0.34,15237,0.06700582368297744,0.16952155936207916,2583,0.8601398601398601,2.529952622687413
CAT001,validation,0.35,15685,0.06700582368297744,0.1657634682817979,2600,0.8658008658008658,2.4738665860757028
CAT001,validation,0.36,16134,0.06700582368297744,0.1621420602454444,2616,0.8711288711288712,2.4198204175891047
CAT001,validation,0.37,16582,0.06700582368297744,0.1587263297551562,2632,0.8764568764568764,2.368843796415862
CAT001,validation,0.38,17030,0.06700582368297744,0.15537287140340575,2646,0.8811188811188811,2.318796529366112
CAT001,validation,0.39,17478,0.06700582368297744,0.15196246710149902,2656,0.8844488844488845,2.2678993966326613
CAT001,validation,0.4,17926,0.06700582368297744,0.14911302019413142,2673,0.8901098901098901,2.225374034645484
CAT001,validation,0.41,18374,0.06700582368297744,0.14640252530749973,2690,0.8957708957708957,2.1849224031655727
CAT001,validation,0.42,18823,0.06700582368297744,0.14349466078733464,2701,0.8994338994338994,2.1415252122897024
CAT001,validation,0.43,19271,0.06700582368297744,0.1406777022468995,2711,0.9027639027639027,2.099484709157274
CAT001,validation,0.44,19719,0.06700582368297744,0.13803945433338405,2722,0.9064269064269064,2.060111296989435
CAT001,validation,0.45,20167,0.06700582368297744,0.13546883522586403,2732,0.9097569097569097,2.021747182256926
CAT001,validation,0.46,20615,0.06700582368297744,0.13296143584768372,2741,0.9127539127539127,1.984326563564982
CAT001,validation,0.47,21063,0.06700582368297744,0.13079808194464226,2755,0.9174159174159174,1.9520405056653454
CAT001,validation,0.48,21512,0.06700582368297744,0.12839345481591669,2762,0.9197469197469198,1.916153667827152
CAT001,validation,0.49,21960,0.06700582368297744,0.1263205828779599,2774,0.9237429237429238,1.8852179696441989
CAT001,validation,0.5,22408,0.06700582368297744,0.12437522313459479,2787,0.9280719280719281,1.856185273134577
CAT002,validation,0.01,448,0.06700582368297744,0.6852678571428571,307,0.10223110223110222,10.226989528328813
CAT002,validation,0.02,896,0.06700582368297744,0.6205357142857143,556,0.18514818514818515,9.260922113600685
CAT002,validation,0.03,1344,0.06700582368297744,0.5654761904761905,760,0.25308025308025306,8.439209599923885
CAT002,validation,0.04,1792,0.06700582368297744,0.5256696428571429,942,0.31368631368631367,7.845133660981876
CAT002,validation,0.05,2240,0.06700582368297744,0.48839285714285713,1094,0.3643023643023643,7.288812080776366
CAT002,validation,0.06,2689,0.06700582368297744,0.4615098549646709,1241,0.41325341325341325,6.887608115202016
CAT002,validation,0.07,3137,0.06700582368297744,0.4376793114440548,1373,0.4572094572094572,6.531959274388346
CAT002,validation,0.08,3585,0.06700582368297744,0.41143654114365413,1475,0.4911754911754912,6.1403101779670815
CAT002,validation,0.09,4033,0.06700582368297744,0.39399950409124723,1589,0.5291375291375291,5.880078513106036
CAT002,validation,0.1,4481,0.06700582368297744,0.3758089712117831,1684,0.5607725607725608,5.6086016193135135
CAT002,validation,0.11,4929,0.06700582368297744,0.3566646378575776,1758,0.5854145854145855,5.3228901348195325
CAT002,validation,0.12,5378,0.06700582368297744,0.3399033097805876,1828,0.6087246087246088,5.072742802010188
CAT002,validation,0.13,5826,0.06700582368297744,0.32303467215928594,1882,0.6267066267066267,4.820993973414159
CAT002,validation,0.14,6274,0.06700582368297744,0.3093720114759324,1941,0.6463536463536463,4.617091388050903
CAT002,validation,0.15,6722,0.06700582368297744,0.2963403748884261,1992,0.6633366633366633,4.422606254203993
CAT002,validation,0.16,7170,0.06700582368297744,0.28479776847977684,2042,0.6799866799866799,4.2503435197995865
CAT002,validation,0.17,7618,0.06700582368297744,0.27487529535311106,2094,0.6973026973026973,4.102259777502623
CAT002,validation,0.18,8067,0.06700582368297744,0.2652782942853601,2140,0.7126207126207126,3.95903340492407
CAT002,validation,0.19,8515,0.06700582368297744,0.2561362301820317,2181,0.7262737262737263,3.822596546143228
CAT002,validation,0.2,8963,0.06700582368297744,0.24668079883967423,2211,0.7362637362637363,3.681482970894998
CAT002,validation,0.21,9411,0.06700582368297744,0.23993199447455105,2258,0.7519147519147519,3.580763302153165
CAT002,validation,0.22,9859,0.06700582368297744,0.23217364844304697,2289,0.7622377622377622,3.464977156933745
CAT002,validation,0.23,10307,0.06700582368297744,0.2261569806927331,2331,0.7762237762237763,3.3751839506181214
CAT002,validation,0.24,10756,0.06700582368297744,0.21950539233915953,2361,0.7862137862137862,3.2759151410136904
CAT002,validation,0.25,11204,0.06700582368297744,0.2135844341306676,2393,0.7968697968697969,3.187550311166876
CAT002,validation,0.26,11652,0.06700582368297744,0.20768966700995536,2420,0.8058608058608059,3.0995763591026204
CAT002,validation,0.27,12100,0.06700582368297744,0.2022314049586777,2447,0.8148518148518149,3.01811684183585
CAT002,validation,0.28,12548,0.06700582368297744,0.19692381255977048,2471,0.8228438228438228,2.9389059299005105
CAT002,validation,0.29,12996,0.06700582368297744,0.19213604185903355,2497,0.8315018315018315,2.8674528764556464
CAT002,validation,0.3,13445,0.06700582368297744,0.18750464856824098,2521,0.8394938394938395,2.7983336113496025
CAT002,validation,0.31,13893,0.06700582368297744,0.18304181962139207,2543,0.8468198468198468,2.7317300133106652
CAT002,validation,0.32,14341,0.06700582368297744,0.1780907886479325,2554,0.8504828504828504,2.6578404511603035
CAT002,validation,0.33,14789,0.06700582368297744,0.17377780783014402,2570,0.8558108558108558,2.593473197976545
CAT002,validation,0.34,15237,0.06700582368297744,0.17011222681630242,2592,0.8631368631368631,2.5387677886201216
CAT002,validation,0.35,15685,0.06700582368297744,0.1661459993624482,2606,0.8677988677988678,2.4795755089666467
CAT002,validation,0.36,16134,0.06700582368297744,0.16232800297508368,2619,0.8721278721278721,2.422595441003771
CAT002,validation,0.37,16582,0.06700582368297744,0.1590881678928959,2638,0.8784548784548785,2.374243896255716
CAT002,validation,0.38,17030,0.06700582368297744,0.15554903112155022,2649,0.8821178821178821,2.3214255503744643
CAT002,validation,0.39,17478,0.06700582368297744,0.15242018537590113,2664,0.8871128871128872,2.274730418911675
CAT002,validation,0.4,17926,0.06700582368297744,0.14928037487448398,2676,0.8911088911088911,2.227871648601315
CAT002,validation,0.41,18374,0.06700582368297744,0.14602155219331664,2683,0.8934398934398934,2.1792367314844725
CAT002,validation,0.42,18823,0.06700582368297744,0.14338840779896936,2699,0.8987678987678988,2.139939484624179
CAT002,validation,0.43,19271,0.06700582368297744,0.14052202791759638,2708,0.9017649017649018,2.097161413647325
CAT002,validation,0.44,19719,0.06700582368297744,0.13788731680105482,2719,0.9054279054279054,2.057840784906052
CAT002,validation,0.45,20167,0.06700582368297744,0.13546883522586403,2732,0.9097569097569097,2.021747182256926
CAT002,validation,0.46,20615,0.06700582368297744,0.13310696095076402,2744,0.9137529137529138,1.9864983912522114
CAT002,validation,0.47,21063,0.06700582368297744,0.13079808194464226,2755,0.9174159174159174,1.9520405056653454
CAT002,validation,0.48,21512,0.06700582368297744,0.12857939754555597,2766,0.9210789210789211,1.9189286912418189
CAT002,validation,0.49,21960,0.06700582368297744,0.12622950819672132,2772,0.9230769230769231,1.8838587641866331
CAT002,validation,0.5,22408,0.06700582368297744,0.1241520885398072,2782,0.9264069264069265,1.8528551955006791
CAT003,validation,0.01,448,0.06700582368297744,0.671875,301,0.10023310023310024,10.027113511488512
CAT003,validation,0.02,896,0.06700582368297744,0.6294642857142857,564,0.1878121878121878,9.394172791494219
CAT003,validation,0.03,1344,0.06700582368297744,0.5699404761904762,766,0.2550782550782551,8.505834938870652
CAT003,validation,0.04,1792,0.06700582368297744,0.5223214285714286,936,0.3116883116883117,7.795164656771799
CAT003,validation,0.05,2240,0.06700582368297744,0.48973214285714284,1097,0.3653013653013653,7.308799682460396
CAT003,validation,0.06,2689,0.06700582368297744,0.4652287095574563,1251,0.4165834165834166,6.943108583495344
CAT003,validation,0.07,3137,0.06700582368297744,0.4354478801402614,1366,0.45487845487845485,6.498657224191174
CAT003,validation,0.08,3585,0.06700582368297744,0.41143654114365413,1475,0.4911754911754912,6.1403101779670815
CAT003,validation,0.09,4033,0.06700582368297744,0.39176791470369454,1580,0.5261405261405261,5.8467741036548375
CAT003,validation,0.1,4481,0.06700582368297744,0.375139477795135,1681,0.5597735597735598,5.598610048732789
CAT003,validation,0.11,4929,0.06700582368297744,0.35625887603976464,1756,0.5847485847485847,5.3168345146434
CAT003,validation,0.12,5378,0.06700582368297744,0.34008925251022687,1829,0.6090576090576091,5.075517825424854
CAT003,validation,0.13,5826,0.06700582368297744,0.32320631651218673,1883,0.627039627039627,4.823555606768789
CAT003,validation,0.14,6274,0.06700582368297744,0.30761874402295186,1930,0.6426906426906427,4.59092549146741
CAT003,validation,0.15,6722,0.06700582368297744,0.29470395715560843,1981,0.6596736596736597,4.398184231715918
CAT003,validation,0.16,7170,0.06700582368297744,0.28368200836820084,2034,0.6773226773226774,4.233691831181371
CAT003,validation,0.17,7618,0.06700582368297744,0.2727750065634025,2078,0.691974691974692,4.070914908142527
CAT003,validation,0.18,8067,0.06700582368297744,0.26304698152968886,2122,0.7066267066267067,3.9257331239480737
CAT003,validation,0.19,8515,0.06700582368297744,0.255079271873165,2172,0.7232767232767233,3.8068224200931184
CAT003,validation,0.2,8963,0.06700582368297744,0.24746178734798616,2218,0.7385947385947386,3.693138502688876
CAT003,validation,0.21,9411,0.06700582368297744,0.23961321857400913,2255,0.7509157509157509,3.5760058664107115
CAT003,validation,0.22,9859,0.06700582368297744,0.23146363728572877,2282,0.7599067599067599,3.454380896514987
CAT003,validation,0.23,10307,0.06700582368297744,0.22518676627534684,2321,0.7728937728937729,3.360704396990416
CAT003,validation,0.24,10756,0.06700582368297744,0.21857567869096317,2351,0.7828837828837829,3.2620400239403584
CAT003,validation,0.25,11204,0.06700582368297744,0.21278114958943234,2384,0.7938727938727939,3.1755620316848447
CAT003,validation,0.26,11652,0.06700582368297744,0.20743220048060418,2417,0.8048618048618048,3.095733909070675
CAT003,validation,0.27,12100,0.06700582368297744,0.20173553719008264,2441,0.8128538128538129,3.0107164736090355
CAT003,validation,0.28,12548,0.06700582368297744,0.196844118584635,2470,0.8225108225108225,2.937716570964897
CAT003,validation,0.29,12996,0.06700582368297744,0.19182825484764543,2493,0.8301698301698301,2.8628594397292457
CAT003,validation,0.3,13445,0.06700582368297744,0.18653774637411677,2508,0.8351648351648352,2.783903489593337
CAT003,validation,0.31,13893,0.06700582368297744,0.18203411790110127,2529,0.8421578421578422,2.7166909963282238
CAT003,validation,0.32,14341,0.06700582368297744,0.1781605187922739,2555,0.8508158508158508,2.658881109128651
CAT003,validation,0.33,14789,0.06700582368297744,0.17343971870985192,2565,0.8541458541458542,2.5884275302762014
CAT003,validation,0.34,15237,0.06700582368297744,0.16998096738203058,2590,0.8624708624708625,2.5368088628572973
CAT003,validation,0.35,15685,0.06700582368297744,0.16601848900223143,2604,0.8671328671328671,2.4776725346696655
CAT003,validation,0.36,16134,0.06700582368297744,0.16232800297508368,2619,0.8721278721278721,2.422595441003771
CAT003,validation,0.37,16582,0.06700582368297744,0.15848510432999638,2628,0.8751248751248751,2.3652437298559597
CAT003,validation,0.38,17030,0.06700582368297744,0.15525543159130945,2644,0.8804528804528805,2.317043848693878
CAT003,validation,0.39,17478,0.06700582368297744,0.15219132623870008,2660,0.8857808857808858,2.2713149077721684
CAT003,validation,0.4,17926,0.06700582368297744,0.1493919446613857,2678,0.8917748917748918,2.229536724571869
CAT003,validation,0.41,18374,0.06700582368297744,0.1461304016545118,2685,0.8941058941058941,2.180861209107644
CAT003,validation,0.42,18823,0.06700582368297744,0.14360091377569995,2703,0.9000999000999002,2.143110939955226
CAT003,validation,0.43,19271,0.06700582368297744,0.14062581080379846,2710,0.9024309024309024,2.0987102773206243
CAT003,validation,0.44,19719,0.06700582368297744,0.13793802931183122,2720,0.9057609057609057,2.0585976222671794
CAT003,validation,0.45,20167,0.06700582368297744,0.13527049139683642,2728,0.9084249084249084,2.0187870838934456
CAT003,validation,0.46,20615,0.06700582368297744,0.13296143584768372,2741,0.9127539127539127,1.984326563564982
CAT003,validation,0.47,21063,0.06700582368297744,0.13079808194464226,2755,0.9174159174159174,1.9520405056653454
CAT003,validation,0.48,21512,0.06700582368297744,0.12848642618073633,2764,0.9204129204129204,1.9175411795344854
CAT003,validation,0.49,21960,0.06700582368297744,0.12622950819672132,2772,0.9230769230769231,1.8838587641866331
CAT003,validation,0.5,22408,0.06700582368297744,0.12428596929667976,2785,0.9274059274059274,1.8548532420810178
CAT004,validation,0.01,448,0.06700582368297744,0.671875,301,0.10023310023310024,10.027113511488512
CAT004,validation,0.02,896,0.06700582368297744,0.6261160714285714,561,0.18681318681318682,9.344203787284144
CAT004,validation,0.03,1344,0.06700582368297744,0.5684523809523809,764,0.2544122544122544,8.483626492555063
CAT004,validation,0.04,1792,0.06700582368297744,0.5212053571428571,934,0.31102231102231104,7.778508322035107
CAT004,validation,0.05,2240,0.06700582368297744,0.49107142857142855,1100,0.3663003663003663,7.328787284144426
CAT004,validation,0.06,2689,0.06700582368297744,0.46708813685384903,1256,0.41824841824841824,6.970858817642008
CAT004,validation,0.07,3137,0.06700582368297744,0.4373605355435129,1372,0.4568764568764569,6.527201838645893
CAT004,validation,0.08,3585,0.06700582368297744,0.41338912133891215,1482,0.4935064935064935,6.169450633048959
CAT004,validation,0.09,4033,0.06700582368297744,0.3920158690800893,1581,0.5264735264735265,5.85047459359386
CAT004,validation,0.1,4481,0.06700582368297744,0.37647846462843115,1687,0.5617715617715617,5.618593189894239
CAT004,validation,0.11,4929,0.06700582368297744,0.35707039967539056,1760,0.5860805860805861,5.328945754995663
CAT004,validation,0.12,5378,0.06700582368297744,0.34008925251022687,1829,0.6090576090576091,5.075517825424854
CAT004,validation,0.13,5826,0.06700582368297744,0.32269138345348436,1880,0.626040626040626,4.815870706704898
CAT004,validation,0.14,6274,0.06700582368297744,0.30809690787376476,1933,0.6436896436896437,4.59806164508109
CAT004,validation,0.15,6722,0.06700582368297744,0.2948527224040464,1982,0.66000666000666,4.400404415578471
CAT004,validation,0.16,7170,0.06700582368297744,0.28368200836820084,2034,0.6773226773226774,4.233691831181371
CAT004,validation,0.17,7618,0.06700582368297744,0.27382515095825677,2086,0.6946386946386947,4.086587342822575
CAT004,validation,0.18,8067,0.06700582368297744,0.2649064088260816,2137,0.7116217116217116,3.9534833580947377
CAT004,validation,0.19,8515,0.06700582368297744,0.255079271873165,2172,0.7232767232767233,3.8068224200931184
CAT004,validation,0.2,8963,0.06700582368297744,0.24779649670869128,2221,0.7395937395937396,3.698133730600538
CAT004,validation,0.21,9411,0.06700582368297744,0.23961321857400913,2255,0.7509157509157509,3.5760058664107115
CAT004,validation,0.22,9859,0.06700582368297744,0.23156506745105995,2283,0.7602397602397603,3.455894648003381
CAT004,validation,0.23,10307,0.06700582368297744,0.22489570195013098,2318,0.7718947718947718,3.3563605309021045
CAT004,validation,0.24,10756,0.06700582368297744,0.21848270732614355,2350,0.7825507825507826,3.260652512233025
CAT004,validation,0.25,11204,0.06700582368297744,0.21224562656194215,2378,0.7918747918747919,3.16756984536349
CAT004,validation,0.26,11652,0.06700582368297744,0.207174733951253,2414,0.8038628038628038,3.0918914590387296
CAT004,validation,0.27,12100,0.06700582368297744,0.20198347107438017,2444,0.8138528138528138,3.014416657722443
CAT004,validation,0.28,12548,0.06700582368297744,0.19660503665922857,2467,0.8215118215118216,2.9341484941580576
CAT004,validation,0.29,12996,0.06700582368297744,0.19128962757771623,2486,0.8278388278388278,2.8548209254580446
CAT004,validation,0.3,13445,0.06700582368297744,0.18668650055782818,2510,0.8358308358308358,2.78612350832507
CAT004,validation,0.31,13893,0.06700582368297744,0.18203411790110127,2529,0.8421578421578422,2.7166909963282238
CAT004,validation,0.32,14341,0.06700582368297744,0.17788159821490832,2551,0.8494838494838495,2.65471847725526
CAT004,validation,0.33,14789,0.06700582368297744,0.17384542565420244,2571,0.8561438561438561,2.5944823315166134
CAT004,validation,0.34,15237,0.06700582368297744,0.169652818796351,2585,0.8608058608058609,2.5319115484502372
CAT004,validation,0.35,15685,0.06700582368297744,0.1658272234619063,2601,0.8661338661338661,2.474818073224194
CAT004,validation,0.36,16134,0.06700582368297744,0.16183215569604562,2611,0.8694638694638694,2.4151953785646607
CAT004,validation,0.37,16582,0.06700582368297744,0.15854541068628633,2629,0.8754578754578755,2.3661437464959354
CAT004,validation,0.38,17030,0.06700582368297744,0.15549031121550205,2648,0.8817848817848818,2.320549210038347
CAT004,validation,0.39,17478,0.06700582368297744,0.15207689667009955,2658,0.8851148851148851,2.269607152202415
CAT004,validation,0.4,17926,0.06700582368297744,0.14922458998103313,2675,0.8907758907758908,2.2270391106160377
CAT004,validation,0.41,18374,0.06700582368297744,0.14629367584630457,2688,0.8951048951048951,2.1832979255424014
CAT004,validation,0.42,18823,0.06700582368297744,0.14349466078733464,2701,0.8994338994338994,2.1415252122897024
CAT004,validation,0.43,19271,0.06700582368297744,0.1405739193606974,2709,0.9020979020979021,2.0979358454839745
CAT004,validation,0.44,19719,0.06700582368297744,0.13798874182260765,2721,0.906093906093906,2.0593544596283073
CAT004,validation,0.45,20167,0.06700582368297744,0.13532007735409332,2729,0.9087579087579087,2.019527108484316
CAT004,validation,0.46,20615,0.06700582368297744,0.1329129274799903,2740,0.9124209124209124,1.9836026210025726
CAT004,validation,0.47,21063,0.06700582368297744,0.13060817547357925,2751,0.916083916083916,1.9492063270727276
CAT004,validation,0.48,21512,0.06700582368297744,0.12848642618073633,2764,0.9204129204129204,1.9175411795344854
CAT004,validation,0.49,21960,0.06700582368297744,0.12645719489981785,2777,0.9247419247419247,1.8872567778305482
CAT004,validation,0.5,22408,0.06700582368297744,0.12428596929667976,2785,0.9274059274059274,1.8548532420810178
EASTACK001,validation,0.01,448,0.06700582368297744,0.6584821428571429,295,0.09823509823509824,9.827237494648209
EASTACK001,validation,0.02,896,0.06700582368297744,0.6037946428571429,541,0.18015318015318016,9.011077092550307
EASTACK001,validation,0.03,1344,0.06700582368297744,0.5543154761904762,745,0.2480852480852481,8.272646252556966
EASTACK001,validation,0.04,1792,0.06700582368297744,0.5189732142857143,930,0.3096903096903097,7.745195652561724
EASTACK001,validation,0.05,2240,0.06700582368297744,0.484375,1085,0.3613053613053613,7.228849275724276
EASTACK001,validation,0.06,2689,0.06700582368297744,0.45407214577910004,1221,0.4065934065934066,6.77660717861536
EASTACK001,validation,0.07,3137,0.06700582368297744,0.4303474657315907,1350,0.44955044955044954,6.422538252311922
EASTACK001,validation,0.08,3585,0.06700582368297744,0.4094839609483961,1468,0.48884448884448883,6.111169722885204
EASTACK001,validation,0.09,4033,0.06700582368297744,0.3870567815521944,1561,0.5198135198135199,5.7764647948134185
EASTACK001,validation,0.1,4481,0.06700582368297744,0.36777505021200624,1648,0.5487845487845487,5.4887027723448165
EASTACK001,validation,0.11,4929,0.06700582368297744,0.34976668695475754,1724,0.5740925740925741,5.219944591825297
EASTACK001,validation,0.12,5378,0.06700582368297744,0.3313499442171811,1782,0.5934065934065934,4.945091724935533
EASTACK001,validation,0.13,5826,0.06700582368297744,0.3192584963954686,1860,0.6193806193806194,4.764638039612293
EASTACK001,validation,0.14,6274,0.06700582368297744,0.3034746573159069,1904,0.634032634032634,4.5290788268155175
EASTACK001,validation,0.15,6722,0.06700582368297744,0.2915798869384112,1960,0.6526806526806527,4.351560370602322
EASTACK001,validation,0.16,7170,0.06700582368297744,0.2789400278940028,2000,0.666000666000666,4.162922154553954
EASTACK001,validation,0.17,7618,0.06700582368297744,0.2687056970333421,2047,0.6816516816516817,4.0101842237573395
EASTACK001,validation,0.18,8067,0.06700582368297744,0.2592041651171439,2091,0.6963036963036963,3.8683826400449677
EASTACK001,validation,0.19,8515,0.06700582368297744,0.2509688784497945,2137,0.7116217116217116,3.7454785965649147
EASTACK001,validation,0.2,8963,0.06700582368297744,0.24210643757670422,2170,0.7226107226107226,3.613214856102282
EASTACK001,validation,0.21,9411,0.06700582368297744,0.23408776963128256,2203,0.7335997335997336,3.4935436468748553
EASTACK001,validation,0.22,9859,0.06700582368297744,0.22801501166446903,2248,0.7485847485847485,3.402913345909593
EASTACK001,validation,0.23,10307,0.06700582368297744,0.2221791015814495,2290,0.7625707625707626,3.315817780744529
EASTACK001,validation,0.24,10756,0.06700582368297744,0.21634436593529194,2327,0.7748917748917749,3.2287397429643616
EASTACK001,validation,0.25,11204,0.06700582368297744,0.20992502677615138,2352,0.7832167832167832,3.1329370379709545
EASTACK001,validation,0.26,11652,0.06700582368297744,0.20451424648129077,2383,0.7935397935397935,3.0521861420419607
EASTACK001,validation,0.27,12100,0.06700582368297744,0.1990909090909091,2409,0.8021978021978022,2.971247843066025
EASTACK001,validation,0.28,12548,0.06700582368297744,0.19397513547975773,2434,0.8105228105228105,2.894899649282818
EASTACK001,validation,0.29,12996,0.06700582368297744,0.1899815327793167,2469,0.8221778221778222,2.8352988193708413
EASTACK001,validation,0.3,13445,0.06700582368297744,0.18549646708813686,2494,0.8305028305028305,2.768363358471205
EASTACK001,validation,0.31,13893,0.06700582368297744,0.18160224573526237,2523,0.8401598401598401,2.7102457033357488
EASTACK001,validation,0.32,14341,0.06700582368297744,0.17746321734885992,2545,0.8474858474858474,2.6484745294451733
EASTACK001,validation,0.33,14789,0.06700582368297744,0.17316924741361822,2561,0.8528138528138528,2.5843909961159266
EASTACK001,validation,0.34,15237,0.06700582368297744,0.16873400275644812,2571,0.8561438561438561,2.518199068110468
EASTACK001,validation,0.35,15685,0.06700582368297744,0.16480714058017215,2585,0.8608058608058609,2.459594278848343
EASTACK001,validation,0.36,16134,0.06700582368297744,0.1611503656873683,2600,0.8658008658008658,2.405020292710884
EASTACK001,validation,0.37,16582,0.06700582368297744,0.15806295983596672,2621,0.8727938727938728,2.3589436133761303
EASTACK001,validation,0.38,17030,0.06700582368297744,0.1548443922489724,2637,0.8781218781218781,2.3109094663410574
EASTACK001,validation,0.39,17478,0.06700582368297744,0.15161917839569744,2650,0.8824508824508824,2.2627761299234006
EASTACK001,validation,0.4,17926,0.06700582368297744,0.14894566551377886,2670,0.8891108891108891,2.2228764206896527
EASTACK001,validation,0.41,18374,0.06700582368297744,0.14640252530749973,2690,0.8957708957708957,2.1849224031655727
EASTACK001,validation,0.42,18823,0.06700582368297744,0.14360091377569995,2703,0.9000999000999002,2.143110939955226
EASTACK001,validation,0.43,19271,0.06700582368297744,0.1406777022468995,2711,0.9027639027639027,2.099484709157274
EASTACK001,validation,0.44,19719,0.06700582368297744,0.13798874182260765,2721,0.906093906093906,2.0593544596283073
EASTACK001,validation,0.45,20167,0.06700582368297744,0.13551842118312094,2733,0.9100899100899101,2.0224872068477957
EASTACK001,validation,0.46,20615,0.06700582368297744,0.13310696095076402,2744,0.9137529137529138,1.9864983912522114
EASTACK001,validation,0.47,21063,0.06700582368297744,0.1305606988558135,2750,0.9157509157509157,1.9484977824245733
EASTACK001,validation,0.48,21512,0.06700582368297744,0.12848642618073633,2764,0.9204129204129204,1.9175411795344854
EASTACK001,validation,0.49,21960,0.06700582368297744,0.126183970856102,2771,0.9227439227439227,1.88317916145785
EASTACK001,validation,0.5,22408,0.06700582368297744,0.12401820778293467,2779,0.9254079254079254,1.8508571489203405
ET001,validation,0.01,448,0.06700582368297744,0.6361607142857143,285,0.09490509490509491,9.49411079991437
ET001,validation,0.02,896,0.06700582368297744,0.5837053571428571,523,0.17415917415917415,8.711263067289853
ET001,validation,0.03,1344,0.06700582368297744,0.5461309523809523,734,0.24442224442224442,8.150499797821226
ET001,validation,0.04,1792,0.06700582368297744,0.49497767857142855,887,0.29537129537129536,7.387084455722848
ET001,validation,0.05,2240,0.06700582368297744,0.46205357142857145,1035,0.34465534465534464,6.895722580990438
ET001,validation,0.06,2689,0.06700582368297744,0.43213090368166607,1162,0.38694638694638694,6.449154415684724
ET001,validation,0.07,3137,0.06700582368297744,0.39815109977685686,1249,0.41591741591741593,5.94203724232414
ET001,validation,0.08,3585,0.06700582368297744,0.3726638772663877,1336,0.44488844488844487,5.561663998484081
ET001,validation,0.09,4033,0.06700582368297744,0.34267294817753535,1382,0.4602064602064602,5.114077095728472
ET001,validation,0.1,4481,0.06700582368297744,0.3231421557688016,1448,0.4821844821844822,4.822598066963164
ET001,validation,0.11,4929,0.06700582368297744,0.3053357679042402,1505,0.5011655011655012,4.556854182538905
ET001,validation,0.12,5378,0.06700582368297744,0.2900706582372629,1560,0.5194805194805194,4.329036526879591
ET001,validation,0.13,5826,0.06700582368297744,0.2799519395811878,1631,0.5431235431235432,4.178024001401963
ET001,validation,0.14,6274,0.06700582368297744,0.2671342046541281,1676,0.5581085581085581,3.986731152175844
ET001,validation,0.15,6722,0.06700582368297744,0.25572746206486163,1719,0.5724275724275725,3.8164960597272404
ET001,validation,0.16,7170,0.06700582368297744,0.24644351464435146,1767,0.5884115884115884,3.6779417235484178
ET001,validation,0.17,7618,0.06700582368297744,0.2393016539774219,1823,0.607059607059607,3.5713560527159895
ET001,validation,0.18,8067,0.06700582368297744,0.2325523738688484,1876,0.6247086247086248,3.4706292839427832
ET001,validation,0.19,8515,0.06700582368297744,0.22607163828537874,1925,0.6410256410256411,3.3739102940512216
ET001,validation,0.2,8963,0.06700582368297744,0.22012718955706795,1973,0.657009657009657,3.285194889903135
ET001,validation,0.21,9411,0.06700582368297744,0.21538625013282328,2027,0.674991674991675,3.2144407499842624
ET001,validation,0.22,9859,0.06700582368297744,0.20925043107820265,2063,0.686979686979687,3.1228693205567124
ET001,validation,0.23,10307,0.06700582368297744,0.20432715630154263,2106,0.7012987012987013,3.0493939939947503
ET001,validation,0.24,10756,0.06700582368297744,0.1995165489029379,2146,0.7146187146187146,2.9776001239370524
ET001,validation,0.25,11204,0.06700582368297744,0.19484112816851124,2183,0.726939726939727,2.90782378991947
ET001,validation,0.26,11652,0.06700582368297744,0.1907826982492276,2223,0.7402597402597403,2.8472554736715394
ET001,validation,0.27,12100,0.06700582368297744,0.18694214876033058,2262,0.7532467532467533,2.7899388215090695
ET001,validation,0.28,12548,0.06700582368297744,0.1834555307618744,2302,0.7665667665667666,2.73790426978186
ET001,validation,0.29,12996,0.06700582368297744,0.1793628808864266,2331,0.7762237762237763,2.676825252310017
ET001,validation,0.3,13445,0.06700582368297744,0.17545555968761622,2359,0.7855477855477856,2.6185120940792195
ET001,validation,0.31,13893,0.06700582368297744,0.1716691859209674,2385,0.7942057942057942,2.562003964508823
ET001,validation,0.32,14341,0.06700582368297744,0.16832856844013666,2414,0.8038628038628038,2.51214833559161
ET001,validation,0.33,14789,0.06700582368297744,0.16552843329501657,2448,0.8151848151848152,2.470358906088164
ET001,validation,0.34,15237,0.06700582368297744,0.16295858764848722,2483,0.8268398268398268,2.4320063345462044
ET001,validation,0.35,15685,0.06700582368297744,0.15977048135160982,2506,0.8344988344988346,2.3844267941175814
ET001,validation,0.36,16134,0.06700582368297744,0.15606793107722822,2518,0.8384948384948385,2.3291696527100023
ET001,validation,0.37,16582,0.06700582368297744,0.15263538776987096,2531,0.8428238428238428,2.2779421157783237
ET001,validation,0.38,17030,0.06700582368297744,0.14991192014092777,2553,0.8501498501498501,2.237296878107213
ET001,validation,0.39,17478,0.06700582368297744,0.14709921043597665,2571,0.8561438561438561,2.195319784918137
ET001,validation,0.4,17926,0.06700582368297744,0.144706013611514,2594,0.8638028638028638,2.159603533808599
ET001,validation,0.41,18374,0.06700582368297744,0.14215739632088822,2612,0.8697968697968698,2.1215677758618874
ET001,validation,0.42,18823,0.06700582368297744,0.13961642671200128,2628,0.8751248751248751,2.0836461524980887
ET001,validation,0.43,19271,0.06700582368297744,0.1373566498884334,2647,0.8814518814518815,2.0499210716116947
ET001,validation,0.44,19719,0.06700582368297744,0.13504741619757593,2663,0.8867798867798867,2.0154578926829037
ET001,validation,0.45,20167,0.06700582368297744,0.132890365448505,2680,0.8924408924408924,1.9832659035316844
ET001,validation,0.46,20615,0.06700582368297744,0.13048750909531895,2690,0.8957708957708957,1.9474054928820876
ET001,validation,0.47,21063,0.06700582368297744,0.12832929782082325,2703,0.9000999000999002,1.9151961839613172
ET001,validation,0.48,21512,0.06700582368297744,0.1260691706954258,2712,0.903096903096903,1.8814658751438222
ET001,validation,0.49,21960,0.06700582368297744,0.12422586520947176,2728,0.9084249084249084,1.8539562441201785
ET001,validation,0.5,22408,0.06700582368297744,0.12241163870046412,2743,0.9134199134199135,1.8268805899562772
ET002,validation,0.01,448,0.06700582368297744,0.6607142857142857,296,0.09856809856809857,9.860550164121593
ET002,validation,0.02,896,0.06700582368297744,0.5959821428571429,534,0.17782217782217782,8.894482749393465
ET002,validation,0.03,1344,0.06700582368297744,0.5513392857142857,741,0.24675324675324675,8.228229359925788
ET002,validation,0.04,1792,0.06700582368297744,0.5050223214285714,905,0.3013653013653014,7.536991468353075
ET002,validation,0.05,2240,0.06700582368297744,0.4767857142857143,1068,0.35564435564435565,7.115586199514771
ET002,validation,0.06,2689,0.06700582368297744,0.44179992562290815,1188,0.3956043956043956,6.593455633247377
ET002,validation,0.07,3137,0.06700582368297744,0.41281479120178516,1295,0.43123543123543123,6.160879286476991
ET002,validation,0.08,3585,0.06700582368297744,0.3913528591352859,1403,0.4671994671994672,5.840579782839196
ET002,validation,0.09,4033,0.06700582368297744,0.36498884205306226,1472,0.4901764901764902,5.447121190240456
ET002,validation,0.1,4481,0.06700582368297744,0.33898683329613927,1519,0.5058275058275058,5.059065237373651
ET002,validation,0.11,4929,0.06700582368297744,0.31750862243862854,1565,0.5211455211455212,4.738522787822848
ET002,validation,0.12,5378,0.06700582368297744,0.3021569356638155,1625,0.5411255411255411,4.509413048832907
ET002,validation,0.13,5826,0.06700582368297744,0.2885341572262273,1681,0.5597735597735598,4.306105669133475
ET002,validation,0.14,6274,0.06700582368297744,0.2763787057698438,1734,0.5774225774225774,4.12469678870699
ET002,validation,0.15,6722,0.06700582368297744,0.26673609044927105,1793,0.5970695970695971,3.9807896655561037
ET002,validation,0.16,7170,0.06700582368297744,0.25620641562064156,1837,0.6117216117216118,3.8236439989578064
ET002,validation,0.17,7618,0.06700582368297744,0.24744027303754265,1885,0.6277056277056277,3.692817421486363
ET002,validation,0.18,8067,0.06700582368297744,0.2403619685136978,1939,0.6456876456876457,3.5871802673587725
ET002,validation,0.19,8515,0.06700582368297744,0.23311802701115678,1985,0.661005661005661,3.479071134385286
ET002,validation,0.2,8963,0.06700582368297744,0.22670980698426865,2032,0.6766566766566766,3.3834343721658233
ET002,validation,0.21,9411,0.06700582368297744,0.2200616300074381,2071,0.6896436896436896,3.284216474206911
ET002,validation,0.22,9859,0.06700582368297744,0.215437671163404,2124,0.7072927072927073,3.2152081613487438
ET002,validation,0.23,10307,0.06700582368297744,0.2093722712719511,2158,0.7186147186147186,3.1246876728588187
ET002,validation,0.24,10756,0.06700582368297744,0.2039791744142804,2194,0.7306027306027306,3.0442006858890456
ET002,validation,0.25,11204,0.06700582368297744,0.19921456622634773,2232,0.7432567432567433,2.973093311543865
ET002,validation,0.26,11652,0.06700582368297744,0.19473051836594577,2269,0.7555777555777555,2.9061730408280355
ET002,validation,0.27,12100,0.06700582368297744,0.19024793388429753,2302,0.7665667665667666,2.8392746096878327
ET002,validation,0.28,12548,0.06700582368297744,0.1855275741153969,2328,0.7752247752247752,2.768827602107806
ET002,validation,0.29,12996,0.06700582368297744,0.1814404432132964,2358,0.7852147852147852,2.7078309502132214
ET002,validation,0.3,13445,0.06700582368297744,0.1778356266269989,2391,0.7962037962037962,2.654032393786949
ET002,validation,0.31,13893,0.06700582368297744,0.17440437630461383,2423,0.8068598068598068,2.6028241534611647
ET002,validation,0.32,14341,0.06700582368297744,0.17049020291472003,2445,0.8141858141858141,2.544408732610392
ET002,validation,0.33,14789,0.06700582368297744,0.16742173236865238,2476,0.8245088245088245,2.4986146452100875
ET002,validation,0.34,15237,0.06700582368297744,0.16413992255693377,2501,0.8328338328338328,2.449636666411622
ET002,validation,0.35,15685,0.06700582368297744,0.16085431941345235,2523,0.8401598401598401,2.4006020756419226
ET002,validation,0.36,16134,0.06700582368297744,0.15774141564398164,2545,0.8474858474858474,2.3541448634419995
ET002,validation,0.37,16582,0.06700582368297744,0.1545048848148595,2562,0.8531468531468531,2.305842631617568
ET002,validation,0.38,17030,0.06700582368297744,0.15167351732237228,2583,0.8601398601398601,2.2635870881907287
ET002,validation,0.39,17478,0.06700582368297744,0.1485867948277835,2597,0.8648018648018648,2.2175206073249325
ET002,validation,0.4,17926,0.06700582368297744,0.14571014169362936,2612,0.8697968697968698,2.1745892175435855
ET002,validation,0.41,18374,0.06700582368297744,0.14291934254925437,2626,0.8744588744588745,2.132939119224087
ET002,validation,0.42,18823,0.06700582368297744,0.14057270360728896,2646,0.8811188811188811,2.097917701487802
ET002,validation,0.43,19271,0.06700582368297744,0.13839447875045405,2667,0.8881118881118881,2.065409708344688
ET002,validation,0.44,19719,0.06700582368297744,0.1360616664131041,2683,0.8934398934398934,2.030594639905457
ET002,validation,0.45,20167,0.06700582368297744,0.13378291267912928,2698,0.8984348984348984,1.996586346167345
ET002,validation,0.46,20615,0.06700582368297744,0.13155469318457433,2712,0.903096903096903,1.9633322292551008
ET002,validation,0.47,21063,0.06700582368297744,0.12918387694060676,2721,0.906093906093906,1.9279499876280963
ET002,validation,0.48,21512,0.06700582368297744,0.12695239866121236,2731,0.9094239094239094,1.8946472363634879
ET002,validation,0.49,21960,0.06700582368297744,0.1250455373406193,2746,0.9144189144189144,1.8661890932382732
ET002,validation,0.5,22408,0.06700582368297744,0.12312566940378436,2759,0.9187479187479187,1.8375368383847497
ET003,validation,0.01,448,0.06700582368297744,0.6629464285714286,297,0.0989010989010989,9.893862833594977
ET003,validation,0.02,896,0.06700582368297744,0.5915178571428571,530,0.17649017649017648,8.827857410446695
ET003,validation,0.03,1344,0.06700582368297744,0.5498511904761905,739,0.24608724608724608,8.2060209136102
ET003,validation,0.04,1792,0.06700582368297744,0.50390625,903,0.3006993006993007,7.520335133616383
ET003,validation,0.05,2240,0.06700582368297744,0.478125,1071,0.35664335664335667,7.1355738011988015
ET003,validation,0.06,2689,0.06700582368297744,0.44440312383785796,1195,0.39793539793539795,6.632305961052707
ET003,validation,0.07,3137,0.06700582368297744,0.41791520561045586,1311,0.43656343656343655,6.236998258356244
ET003,validation,0.08,3585,0.06700582368297744,0.39302649930264993,1409,0.4691974691974692,5.86555731576652
ET003,validation,0.09,4033,0.06700582368297744,0.3704438383337466,1494,0.4975024975024975,5.528531968898942
ET003,validation,0.1,4481,0.06700582368297744,0.3488060700736443,1563,0.5204795204795205,5.2056082725576145
ET003,validation,0.11,4929,0.06700582368297744,0.32886995333739094,1621,0.5397935397935398,4.908080152754528
ET003,validation,0.12,5378,0.06700582368297744,0.31126812941613985,1674,0.5574425574425574,4.645389196151561
ET003,validation,0.13,5826,0.06700582368297744,0.29539993134225884,1721,0.5730935730935731,4.408571003318686
ET003,validation,0.14,6274,0.06700582368297744,0.2846668791839337,1786,0.5947385947385947,4.248390118010774
ET003,validation,0.15,6722,0.06700582368297744,0.2737280571258554,1840,0.6127206127206127,4.085138307096058
ET003,validation,0.16,7170,0.06700582368297744,0.26317991631799165,1887,0.6283716283716284,3.9277170528216554
ET003,validation,0.17,7618,0.06700582368297744,0.25557889209766343,1947,0.6483516483516484,3.814278790256737
ET003,validation,0.18,8067,0.06700582368297744,0.24730383042023057,1995,0.6643356643356644,3.690781141506318
ET003,validation,0.19,8515,0.06700582368297744,0.2393423370522607,2038,0.6786546786546787,3.571963210013709
ET003,validation,0.2,8963,0.06700582368297744,0.23440812228048644,2101,0.6996336996336996,3.4983246141340527
ET003,validation,0.21,9411,0.06700582368297744,0.22696844118584636,2136,0.7112887112887113,3.387294248626732
ET003,validation,0.22,9859,0.06700582368297744,0.21929201744598845,2162,0.71994671994672,3.2727307179077134
ET003,validation,0.23,10307,0.06700582368297744,0.21286504317454158,2194,0.7306027306027306,3.176814065918558
ET003,validation,0.24,10756,0.06700582368297744,0.20676831535886947,2224,0.7405927405927406,3.085826037109042
ET003,validation,0.25,11204,0.06700582368297744,0.20153516601213853,2258,0.7519147519147519,3.007726118936401
ET003,validation,0.26,11652,0.06700582368297744,0.19670442842430483,2292,0.7632367632367633,2.9356318244062836
ET003,validation,0.27,12100,0.06700582368297744,0.1925619834710744,2330,0.7758907758907759,2.873809661412967
ET003,validation,0.28,12548,0.06700582368297744,0.1877590054191903,2356,0.7845487845487845,2.802129652304979
ET003,validation,0.29,12996,0.06700582368297744,0.18382579255155432,2389,0.7955377955377956,2.743430084842827
ET003,validation,0.3,13445,0.06700582368297744,0.17991818519895872,2419,0.8055278055278056,2.685112656031213
ET003,validation,0.31,13893,0.06700582368297744,0.17627582235658246,2449,0.8155178155178155,2.6307537564285566
ET003,validation,0.32,14341,0.06700582368297744,0.1721637263789136,2469,0.8221778221778222,2.5693845238507396
ET003,validation,0.33,14789,0.06700582368297744,0.16884170667387924,2497,0.8315018315018315,2.51980644955153
ET003,validation,0.34,15237,0.06700582368297744,0.165583776333924,2523,0.8401598401598401,2.471184849802688
ET003,validation,0.35,15685,0.06700582368297744,0.16168313675486135,2536,0.8444888444888445,2.412971408572301
ET003,validation,0.36,16134,0.06700582368297744,0.15873311020205777,2561,0.8528138528138528,2.3689449883202207
ET003,validation,0.37,16582,0.06700582368297744,0.15583162465323844,2584,0.8604728604728604,2.325642997697032
ET003,validation,0.38,17030,0.06700582368297744,0.15290663534938345,2604,0.8671328671328671,2.2819902352491903
ET003,validation,0.39,17478,0.06700582368297744,0.14995994965098983,2621,0.8727938727938728,2.238013674161975
ET003,validation,0.4,17926,0.06700582368297744,0.14755104317750753,2645,0.8807858807858808,2.2020629710577273
ET003,validation,0.41,18374,0.06700582368297744,0.14433438554479155,2652,0.8831168831168831,2.1540573283253157
ET003,validation,0.42,18823,0.06700582368297744,0.14126334803166338,2659,0.8854478854478854,2.1082249313137056
ET003,validation,0.43,19271,0.06700582368297744,0.13860204452285818,2671,0.8894438894438894,2.068507435691287
ET003,validation,0.44,19719,0.06700582368297744,0.1365180790100918,2692,0.8964368964368964,2.037406176155606
ET003,validation,0.45,20167,0.06700582368297744,0.1340804284226707,2704,0.9004329004329005,2.001026493712565
ET003,validation,0.46,20615,0.06700582368297744,0.1320397768615086,2722,0.9064269064269064,1.9705716548791978
ET003,validation,0.47,21063,0.06700582368297744,0.130275839149219,2744,0.9137529137529138,1.944246514535647
ET003,validation,0.48,21512,0.06700582368297744,0.1278821123094087,2751,0.916083916083916,1.9085223534368199
ET003,validation,0.49,21960,0.06700582368297744,0.12568306010928962,2760,0.919080919080919,1.8757035314412362
ET003,validation,0.5,22408,0.06700582368297744,0.12343805783648697,2766,0.9210789210789211,1.8421989470722064
ET004,validation,0.01,448,0.06700582368297744,0.6160714285714286,276,0.0919080919080919,9.194296774653917
ET004,validation,0.02,896,0.06700582368297744,0.5535714285714286,496,0.16516816516816518,8.261542029399171
ET004,validation,0.03,1344,0.06700582368297744,0.5014880952380952,674,0.22444222444222445,7.484246408353551
ET004,validation,0.04,1792,0.06700582368297744,0.46316964285714285,830,0.2763902763902764,6.91237891572713
ET004,validation,0.05,2240,0.06700582368297744,0.43526785714285715,975,0.3246753246753247,6.495970547309833
ET004,validation,0.06,2689,0.06700582368297744,0.39791744142804014,1070,0.3563103563103563,5.938550107386106
ET004,validation,0.07,3137,0.06700582368297744,0.3669110615237488,1151,0.3832833832833833,5.47580853956372
ET004,validation,0.08,3585,0.06700582368297744,0.33695955369595537,1208,0.40226440226440224,5.0288099627011755
ET004,validation,0.09,4033,0.06700582368297744,0.3156459211505083,1273,0.42390942390942393,4.710723692375068
ET004,validation,0.1,4481,0.06700582368297744,0.2990403927694711,1340,0.4462204462204462,4.462901526057071
ET004,validation,0.11,4929,0.06700582368297744,0.2878880097382836,1419,0.4725274725274725,4.2964625149652536
ET004,validation,0.12,5378,0.06700582368297744,0.2787281517292674,1499,0.49916749916749914,4.159760098584941
ET004,validation,0.13,5826,0.06700582368297744,0.2698249227600412,1572,0.5234765234765235,4.026887633478776
ET004,validation,0.14,6274,0.06700582368297744,0.25916480714058016,1626,0.5414585414585414,3.867795258614512
ET004,validation,0.15,6722,0.06700582368297744,0.249925617375781,1680,0.5594405594405595,3.729908889087705
ET004,validation,0.16,7170,0.06700582368297744,0.2403068340306834,1723,0.5737595737595738,3.586357436148231
ET004,validation,0.17,7618,0.06700582368297744,0.23365712785508008,1780,0.5927405927405928,3.4871167163107306
ET004,validation,0.18,8067,0.06700582368297744,0.22709805379942977,1832,0.61005661005661,3.3892285971125684
ET004,validation,0.19,8515,0.06700582368297744,0.22019964768056371,1875,0.6243756243756243,3.2862762604395015
ET004,validation,0.2,8963,0.06700582368297744,0.21410242106437577,1919,0.639027639027639,3.1952807874932163
ET004,validation,0.21,9411,0.06700582368297744,0.20879821485495698,1965,0.6543456543456544,3.116120411306895
ET004,validation,0.22,9859,0.06700582368297744,0.2043817831423065,2015,0.670995670995671,3.050209249113803
ET004,validation,0.23,10307,0.06700582368297744,0.1997671485398273,2059,0.6856476856476856,2.9813400919445354
ET004,validation,0.24,10756,0.06700582368297744,0.19551878021569358,2103,0.7002997002997003,2.9179371205217244
ET004,validation,0.25,11204,0.06700582368297744,0.19153873616565512,2146,0.7146187146187146,2.858538640937784
ET004,validation,0.26,11652,0.06700582368297744,0.1873498111912118,2183,0.726939726939727,2.796022806578934
ET004,validation,0.27,12100,0.06700582368297744,0.18363636363636363,2222,0.73992673992674,2.7406030333303057
ET004,validation,0.28,12548,0.06700582368297744,0.18130379343321645,2275,0.7575757575757576,2.7057915785203
ET004,validation,0.29,12996,0.06700582368297744,0.17790089258233302,2312,0.7698967698967699,2.6550064278596133
ET004,validation,0.3,13445,0.06700582368297744,0.17441428040163628,2345,0.7808857808857809,2.602971962957087
ET004,validation,0.31,13893,0.06700582368297744,0.17080544158928956,2373,0.7902097902097902,2.549113378523873
ET004,validation,0.32,14341,0.06700582368297744,0.1673523464193571,2400,0.7992007992007992,2.4975791240347407
ET004,validation,0.33,14789,0.06700582368297744,0.16444654811008183,2432,0.8098568098568099,2.4542127694470652
ET004,validation,0.34,15237,0.06700582368297744,0.1614491041543611,2460,0.8191808191808192,2.4094786882737265
ET004,validation,0.35,15685,0.06700582368297744,0.15811284666879183,2480,0.8258408258408259,2.359688128256824
ET004,validation,0.36,16134,0.06700582368297744,0.1552001983389116,2504,0.8338328338328338,2.3162195434415587
ET004,validation,0.37,16582,0.06700582368297744,0.15221324327584126,2524,0.8404928404928405,2.271641999298494
ET004,validation,0.38,17030,0.06700582368297744,0.14932472108044628,2543,0.8468198468198468,2.228533474746041
ET004,validation,0.39,17478,0.06700582368297744,0.1470419956516764,2570,0.8558108558108558,2.19446590713326
ET004,validation,0.4,17926,0.06700582368297744,0.14398080999665291,2581,0.8594738594738595,2.148780539999998
ET004,validation,0.41,18374,0.06700582368297744,0.1415587242843148,2601,0.8661338661338661,2.112633148934444
ET004,validation,0.42,18823,0.06700582368297744,0.13881952929926153,2613,0.8701298701298701,2.071753195006661
ET004,validation,0.43,19271,0.06700582368297744,0.13694151834362514,2639,0.8787878787878788,2.0437256169184974
ET004,validation,0.44,19719,0.06700582368297744,0.1348445661544703,2659,0.8854478854478854,2.012430543238393
ET004,validation,0.45,20167,0.06700582368297744,0.13249367779044974,2672,0.8897768897768897,1.9773457068047238
ET004,validation,0.46,20615,0.06700582368297744,0.1302449672568518,2685,0.8941058941058941,1.943785780070039
ET004,validation,0.47,21063,0.06700582368297744,0.12790200826093148,2694,0.8971028971028971,1.9088192821279275
ET004,validation,0.48,21512,0.06700582368297744,0.12592971364819636,2709,0.9020979020979021,1.8793846075828224
ET004,validation,0.49,21960,0.06700582368297744,0.123816029143898,2719,0.9054279054279054,1.847839819561131
ET004,validation,0.5,22408,0.06700582368297744,0.12218850410567654,2738,0.9117549117549117,1.8235505123223794
ET005,validation,0.01,448,0.06700582368297744,0.6517857142857143,292,0.09723609723609723,9.727299486228057
ET005,validation,0.02,896,0.06700582368297744,0.5881696428571429,527,0.1754911754911755,8.77788840623662
ET005,validation,0.03,1344,0.06700582368297744,0.5334821428571429,717,0.23876123876123875,7.961728004138719
ET005,validation,0.04,1792,0.06700582368297744,0.49720982142857145,891,0.2967032967032967,7.420397125196232
ET005,validation,0.05,2240,0.06700582368297744,0.4575892857142857,1025,0.3413253413253413,6.82909724204367
ET005,validation,0.06,2689,0.06700582368297744,0.42580885087393083,1145,0.3812853812853813,6.354803619586066
ET005,validation,0.07,3137,0.06700582368297744,0.40325151418552757,1265,0.42124542124542125,6.018156214203393
ET005,validation,0.08,3585,0.06700582368297744,0.37489539748953976,1344,0.44755244755244755,5.594967375720514
ET005,validation,0.09,4033,0.06700582368297744,0.34787999008182496,1403,0.4671994671994672,5.1917873844479345
ET005,validation,0.1,4481,0.06700582368297744,0.3231421557688016,1448,0.4821844821844822,4.822598066963164
ET005,validation,0.11,4929,0.06700582368297744,0.3049300060864273,1503,0.5004995004995005,4.5507985623627745
ET005,validation,0.12,5378,0.06700582368297744,0.29081442915582,1564,0.5208125208125208,4.3401366205382566
ET005,validation,0.13,5826,0.06700582368297744,0.2784071404050807,1622,0.5401265401265402,4.15496930121029
ET005,validation,0.14,6274,0.06700582368297744,0.26793114440548293,1681,0.5597735597735598,3.9986247415319776
ET005,validation,0.15,6722,0.06700582368297744,0.2573638797976793,1730,0.5760905760905761,3.8409180822153153
ET005,validation,0.16,7170,0.06700582368297744,0.24686192468619247,1770,0.5894105894105894,3.684186106780249
ET005,validation,0.17,7618,0.06700582368297744,0.23969545812549226,1826,0.608058608058608,3.577233215721008
ET005,validation,0.18,8067,0.06700582368297744,0.2344118011652411,1891,0.6297036297036297,3.4983795180894472
ET005,validation,0.19,8515,0.06700582368297744,0.22818555490311215,1943,0.647019647019647,3.405458546151441
ET005,validation,0.2,8963,0.06700582368297744,0.22202387593439696,1990,0.6626706626706627,3.3135011814025535
ET005,validation,0.21,9411,0.06700582368297744,0.21591754330039314,2032,0.6766566766566766,3.222369809555018
ET005,validation,0.22,9859,0.06700582368297744,0.21026473273151436,2073,0.6903096903096904,3.138006835440652
ET005,validation,0.23,10307,0.06700582368297744,0.20471524206849714,2110,0.7026307026307026,3.055185815445833
ET005,validation,0.24,10756,0.06700582368297744,0.20044626255113426,2156,0.717948717948718,2.9914752410103844
ET005,validation,0.25,11204,0.06700582368297744,0.1964476972509818,2201,0.732933732933733,2.9318003488835336
ET005,validation,0.26,11652,0.06700582368297744,0.19164092001373154,2233,0.7435897435897436,2.8600636404446904
ET005,validation,0.27,12100,0.06700582368297744,0.18793388429752067,2274,0.7572427572427572,2.8047395579626984
ET005,validation,0.28,12548,0.06700582368297744,0.1842524705132292,2312,0.7698967698967699,2.7497978591379932
ET005,validation,0.29,12996,0.06700582368297744,0.18005540166204986,2340,0.7792207792207793,2.6871604849444184
ET005,validation,0.3,13445,0.06700582368297744,0.17664559315730755,2375,0.7908757908757909,2.6362722439330843
ET005,validation,0.31,13893,0.06700582368297744,0.17339667458432304,2409,0.8021978021978022,2.5877851364787228
ET005,validation,0.32,14341,0.06700582368297744,0.16958371103828185,2432,0.8098568098568099,2.5308801790218705
ET005,validation,0.33,14789,0.06700582368297744,0.16640746500777606,2461,0.8195138195138195,2.4834776421090576
ET005,validation,0.34,15237,0.06700582368297744,0.16335236595130276,2489,0.8288378288378289,2.4378831118346773
ET005,validation,0.35,15685,0.06700582368297744,0.16040803315269367,2516,0.8378288378288379,2.393941665602488
ET005,validation,0.36,16134,0.06700582368297744,0.1576794347341019,2544,0.8471528471528471,2.353219855637111
ET005,validation,0.37,16582,0.06700582368297744,0.15444457845856954,2561,0.8528138528138528,2.304942614977593
ET005,validation,0.38,17030,0.06700582368297744,0.1514386376981797,2579,0.8588078588078588,2.26008172684626
ET005,validation,0.39,17478,0.06700582368297744,0.14824350612198192,2591,0.8628038628038628,2.2123973406156723
ET005,validation,0.4,17926,0.06700582368297744,0.14548700211982596,2608,0.8684648684648685,2.1712590656024773
ET005,validation,0.41,18374,0.06700582368297744,0.14275606835746163,2623,0.8734598734598734,2.13050240278933
ET005,validation,0.42,18823,0.06700582368297744,0.14004143866546245,2636,0.8777888777888778,2.0899890631601834
ET005,validation,0.43,19271,0.06700582368297744,0.1378236728763427,2656,0.8844488844488845,2.0568909581415418
ET005,validation,0.44,19719,0.06700582368297744,0.13575739134844567,2677,0.8914418914418915,2.0260536157386912
ET005,validation,0.45,20167,0.06700582368297744,0.13353498289284474,2693,0.8967698967698968,1.9928862232129945
ET005,validation,0.46,20615,0.06700582368297744,0.13131215134610721,2707,0.9014319014319014,1.9597125164430524
ET005,validation,0.47,21063,0.06700582368297744,0.12899397046954375,2717,0.9047619047619048,1.9251158090354785
ET005,validation,0.48,21512,0.06700582368297744,0.1268129416139829,2728,0.9084249084249084,1.892565968802488
ET005,validation,0.49,21960,0.06700582368297744,0.12481785063752276,2741,0.9127539127539127,1.862791079594358
ET005,validation,0.5,22408,0.06700582368297744,0.12254551945733666,2746,0.9144189144189144,1.8288786365366156
GB001,validation,0.01,448,0.06700582368297744,0.6741071428571429,302,0.10056610056610056,10.060426180961896
GB001,validation,0.02,896,0.06700582368297744,0.6127232142857143,549,0.18281718281718282,9.144327770443843
GB001,validation,0.03,1344,0.06700582368297744,0.5610119047619048,754,0.2510822510822511,8.372584260977117
GB001,validation,0.04,1792,0.06700582368297744,0.5223214285714286,936,0.3116883116883117,7.795164656771799
GB001,validation,0.05,2240,0.06700582368297744,0.48526785714285714,1087,0.361971361971362,7.2421743435136285
GB001,validation,0.06,2689,0.06700582368297744,0.4603941985868353,1238,0.41225441225441223,6.870957974714018
GB001,validation,0.07,3137,0.06700582368297744,0.437041759642971,1371,0.4565434565434565,6.52244440290344
GB001,validation,0.08,3585,0.06700582368297744,0.41338912133891215,1482,0.4935064935064935,6.169450633048959
GB001,validation,0.09,4033,0.06700582368297744,0.39399950409124723,1589,0.5291375291375291,5.880078513106036
GB001,validation,0.1,4481,0.06700582368297744,0.37380049096183887,1675,0.5577755577755578,5.57862690757134
GB001,validation,0.11,4929,0.06700582368297744,0.3530127814972611,1740,0.5794205794205795,5.268389553234349
GB001,validation,0.12,5378,0.06700582368297744,0.33674228337671996,1811,0.6030636030636031,5.025567403960858
GB001,validation,0.13,5826,0.06700582368297744,0.3213182286302781,1872,0.6233766233766234,4.795377639867857
GB001,validation,0.14,6274,0.06700582368297744,0.30729996812240995,1928,0.642024642024642,4.586168055724957
GB001,validation,0.15,6722,0.06700582368297744,0.29470395715560843,1981,0.6596736596736597,4.398184231715918
GB001,validation,0.16,7170,0.06700582368297744,0.28312412831241285,2030,0.675990675990676,4.225365986872263
GB001,validation,0.17,7618,0.06700582368297744,0.2733000787608296,2082,0.6933066933066933,4.078751125482551
GB001,validation,0.18,8067,0.06700582368297744,0.264038676087765,2130,0.7092907092907093,3.9405332488262945
GB001,validation,0.19,8515,0.06700582368297744,0.2555490311215502,2176,0.7246087246087246,3.813833142782056
GB001,validation,0.2,8963,0.06700582368297744,0.2464576592658708,2209,0.7355977355977356,3.67815281895389
GB001,validation,0.21,9411,0.06700582368297744,0.2381255977048135,2241,0.7462537462537463,3.553804499612596
GB001,validation,0.22,9859,0.06700582368297744,0.2313622071203976,2281,0.7595737595737596,3.452867145026593
GB001,validation,0.23,10307,0.06700582368297744,0.22508974483360822,2320,0.7725607725607726,3.3592564416276454
GB001,validation,0.24,10756,0.06700582368297744,0.219133506879881,2357,0.7848817848817848,3.270365094184358
GB001,validation,0.25,11204,0.06700582368297744,0.21376294180649769,2395,0.7975357975357975,3.190214373273995
GB001,validation,0.26,11652,0.06700582368297744,0.20820460006865774,2426,0.8078588078588078,3.107261259166511
GB001,validation,0.27,12100,0.06700582368297744,0.20198347107438017,2444,0.8138528138528138,3.014416657722443
GB001,validation,0.28,12548,0.06700582368297744,0.19692381255977048,2471,0.8228438228438228,2.9389059299005105
GB001,validation,0.29,12996,0.06700582368297744,0.19167436134195137,2491,0.8295038295038295,2.8605627213660454
GB001,validation,0.3,13445,0.06700582368297744,0.18638899219040536,2506,0.8344988344988346,2.781683470861604
GB001,validation,0.31,13893,0.06700582368297744,0.1824659900669402,2535,0.8441558441558441,2.7231362893206987
GB001,validation,0.32,14341,0.06700582368297744,0.1780210585035911,2553,0.8501498501498501,2.656799793191955
GB001,validation,0.33,14789,0.06700582368297744,0.17404827912637771,2574,0.8571428571428571,2.5975097321368197
GB001,validation,0.34,15237,0.06700582368297744,0.16991533766489467,2589,0.8621378621378621,2.5358293999758854
GB001,validation,0.35,15685,0.06700582368297744,0.16595473382212306,2603,0.8667998667998668,2.476721047521175
GB001,validation,0.36,16134,0.06700582368297744,0.16220404115532416,2617,0.8714618714618715,2.4207454253939935
GB001,validation,0.37,16582,0.06700582368297744,0.1588469424677361,2634,0.8771228771228772,2.3706438296958137
GB001,validation,0.38,17030,0.06700582368297744,0.1557839107457428,2653,0.8834498834498834,2.3249309117189325
GB001,validation,0.39,17478,0.06700582368297744,0.1523057558073006,2662,0.8864468864468864,2.2730226633419215
GB001,validation,0.4,17926,0.06700582368297744,0.14944772955483654,2679,0.8921078921078921,2.230369262557146
GB001,validation,0.41,18374,0.06700582368297744,0.14662022422989007,2694,0.8971028971028971,2.188171358411916
GB001,validation,0.42,18823,0.06700582368297744,0.14349466078733464,2701,0.8994338994338994,2.1415252122897024
GB001,validation,0.43,19271,0.06700582368297744,0.14052202791759638,2708,0.9017649017649018,2.097161413647325
GB001,validation,0.44,19719,0.06700582368297744,0.13788731680105482,2719,0.9054279054279054,2.057840784906052
GB001,validation,0.45,20167,0.06700582368297744,0.1351713194823226,2726,0.9077589077589078,2.0173070347117057
GB001,validation,0.46,20615,0.06700582368297744,0.13286441911229688,2739,0.9120879120879121,1.9828786784401629
GB001,validation,0.47,21063,0.06700582368297744,0.13070312870911077,2753,0.9167499167499168,1.9506234163690368
GB001,validation,0.48,21512,0.06700582368297744,0.12839345481591669,2762,0.9197469197469198,1.916153667827152
GB001,validation,0.49,21960,0.06700582368297744,0.12622950819672132,2772,0.9230769230769231,1.8838587641866331
GB001,validation,0.5,22408,0.06700582368297744,0.1241074616208497,2781,0.926073926073926,1.8521891799738996
GB002,validation,0.01,448,0.06700582368297744,0.6964285714285714,312,0.1038961038961039,10.393552875695732
GB002,validation,0.02,896,0.06700582368297744,0.6160714285714286,552,0.1838161838161838,9.194296774653917
GB002,validation,0.03,1344,0.06700582368297744,0.5595238095238095,752,0.25041625041625043,8.350375814661529
GB002,validation,0.04,1792,0.06700582368297744,0.5256696428571429,942,0.31368631368631367,7.845133660981876
GB002,validation,0.05,2240,0.06700582368297744,0.4830357142857143,1082,0.3603063603063603,7.208861674040246
GB002,validation,0.06,2689,0.06700582368297744,0.4555596876162142,1225,0.40792540792540793,6.79880736593269
GB002,validation,0.07,3137,0.06700582368297744,0.43672298374242907,1370,0.4562104562104562,6.517686967160986
GB002,validation,0.08,3585,0.06700582368297744,0.4131101813110181,1481,0.4931734931734932,6.165287710894405
GB002,validation,0.09,4033,0.06700582368297744,0.394247458467642,1590,0.5294705294705294,5.883779003045058
GB002,validation,0.1,4481,0.06700582368297744,0.3742468199062709,1677,0.5584415584415584,5.585287954625156
GB002,validation,0.11,4929,0.06700582368297744,0.3546358287685129,1748,0.5820845820845821,5.292612033938875
GB002,validation,0.12,5378,0.06700582368297744,0.3389735961323912,1823,0.607059607059607,5.058867684936855
GB002,validation,0.13,5826,0.06700582368297744,0.3238928939237899,1887,0.6283716283716284,4.833802140187309
GB002,validation,0.14,6274,0.06700582368297744,0.3079375199234938,1932,0.6433566433566433,4.595682927209864
GB002,validation,0.15,6722,0.06700582368297744,0.2941088961618566,1977,0.6583416583416584,4.389303496265709
GB002,validation,0.16,7170,0.06700582368297744,0.2834030683403068,2032,0.6766566766566766,4.229528909026817
GB002,validation,0.17,7618,0.06700582368297744,0.27264373851404566,2077,0.6916416916416916,4.068955853807521
GB002,validation,0.18,8067,0.06700582368297744,0.2641626379075245,2131,0.7096237096237096,3.942383264436072
GB002,validation,0.19,8515,0.06700582368297744,0.2547269524368761,2169,0.7222777222777222,3.8015643780764155
GB002,validation,0.2,8963,0.06700582368297744,0.24545353118375543,2200,0.7326007326007326,3.6631671352189032
GB002,validation,0.21,9411,0.06700582368297744,0.23759430453724364,2236,0.7445887445887446,3.545875440041841
GB002,validation,0.22,9859,0.06700582368297744,0.23105791662440409,2278,0.7585747585747585,3.448325890561411
GB002,validation,0.23,10307,0.06700582368297744,0.22508974483360822,2320,0.7725607725607726,3.3592564416276454
GB002,validation,0.24,10756,0.06700582368297744,0.21969133506879882,2363,0.7868797868797869,3.278690164428357
GB002,validation,0.25,11204,0.06700582368297744,0.21340592645483755,2391,0.7962037962037962,3.1848862490597583
GB002,validation,0.26,11652,0.06700582368297744,0.20803295571575695,2424,0.8071928071928072,3.104699625811881
GB002,validation,0.27,12100,0.06700582368297744,0.2024793388429752,2450,0.8158508158508159,3.021817025949257
GB002,validation,0.28,12548,0.06700582368297744,0.19652534268409308,2466,0.8211788211788211,2.932959135222444
GB002,validation,0.29,12996,0.06700582368297744,0.1922899353647276,2499,0.8321678321678322,2.8697495948188467
GB002,validation,0.3,13445,0.06700582368297744,0.18772777984380812,2524,0.8404928404928405,2.8016636394472023
GB002,validation,0.31,13893,0.06700582368297744,0.18282588353847262,2540,0.8458208458208458,2.7285073668144277
GB002,validation,0.32,14341,0.06700582368297744,0.1785788996583223,2561,0.8528138528138528,2.665125056938738
GB002,validation,0.33,14789,0.06700582368297744,0.17411589695043614,2575,0.8574758574758575,2.5985188656768883
GB002,validation,0.34,15237,0.06700582368297744,0.1697184485134869,2586,0.8611388611388612,2.532891011331649
GB002,validation,0.35,15685,0.06700582368297744,0.16601848900223143,2604,0.8671328671328671,2.4776725346696655
GB002,validation,0.36,16134,0.06700582368297744,0.1621420602454444,2616,0.8711288711288712,2.4198204175891047
GB002,validation,0.37,16582,0.06700582368297744,0.15860571704257628,2630,0.8757908757908758,2.367043763135911
GB002,validation,0.38,17030,0.06700582368297744,0.15513799177921314,2642,0.8797868797868797,2.3152911680216435
GB002,validation,0.39,17478,0.06700582368297744,0.1523057558073006,2662,0.8864468864468864,2.2730226633419215
GB002,validation,0.4,17926,0.06700582368297744,0.14928037487448398,2676,0.8911088911088911,2.227871648601315
GB002,validation,0.41,18374,0.06700582368297744,0.14656579949929247,2693,0.8967698967698968,2.18735911960033
GB002,validation,0.42,18823,0.06700582368297744,0.14370716676406525,2705,0.9007659007659008,2.14469666762075
GB002,validation,0.43,19271,0.06700582368297744,0.14072959369000052,2712,0.903096903096903,2.1002591409939235
GB002,validation,0.44,19719,0.06700582368297744,0.13814087935493685,2724,0.9070929070929071,2.06162497171169
GB002,validation,0.45,20167,0.06700582368297744,0.13556800714037784,2734,0.9104229104229105,2.023227231438666
GB002,validation,0.46,20615,0.06700582368297744,0.13305845258307059,2743,0.9134199134199135,1.9857744486898017
GB002,validation,0.47,21063,0.06700582368297744,0.13079808194464226,2755,0.9174159174159174,1.9520405056653454
GB002,validation,0.48,21512,0.06700582368297744,0.12834696913350688,2761,0.9194139194139194,1.9154599119734856
GB002,validation,0.49,21960,0.06700582368297744,0.12627504553734062,2773,0.9234099234099234,1.884538366915416
GB002,validation,0.5,22408,0.06700582368297744,0.1241520885398072,2782,0.9264069264069265,1.8528551955006791
GB003,validation,0.01,448,0.06700582368297744,0.6852678571428571,307,0.10223110223110222,10.226989528328813
GB003,validation,0.02,896,0.06700582368297744,0.6116071428571429,548,0.1824841824841825,9.12767143570715
GB003,validation,0.03,1344,0.06700582368297744,0.5625,756,0.2517482517482518,8.394792707292707
GB003,validation,0.04,1792,0.06700582368297744,0.5239955357142857,939,0.3126873126873127,7.820149158876837
GB003,validation,0.05,2240,0.06700582368297744,0.4861607142857143,1089,0.3626373626373626,7.255499411302982
GB003,validation,0.06,2689,0.06700582368297744,0.458162885831164,1232,0.41025641025641024,6.837657693738021
GB003,validation,0.07,3137,0.06700582368297744,0.437041759642971,1371,0.4565434565434565,6.52244440290344
GB003,validation,0.08,3585,0.06700582368297744,0.4136680613668061,1483,0.4938394938394938,6.173613555203513
GB003,validation,0.09,4033,0.06700582368297744,0.3944954128440367,1591,0.5298035298035298,5.88747949298408
GB003,validation,0.1,4481,0.06700582368297744,0.37357732648962283,1674,0.5574425574425574,5.575296384044431
GB003,validation,0.11,4929,0.06700582368297744,0.35341854331507405,1742,0.5800865800865801,5.274445173410481
GB003,validation,0.12,5378,0.06700582368297744,0.3373001115656378,1814,0.604062604062604,5.033892474204857
GB003,validation,0.13,5826,0.06700582368297744,0.3213182286302781,1872,0.6233766233766234,4.795377639867857
GB003,validation,0.14,6274,0.06700582368297744,0.30650302837105514,1923,0.6403596403596403,4.5742744663688235
GB003,validation,0.15,6722,0.06700582368297744,0.2952990181493603,1985,0.661005661005661,4.407064967166128
GB003,validation,0.16,7170,0.06700582368297744,0.28368200836820084,2034,0.6773226773226774,4.233691831181371
GB003,validation,0.17,7618,0.06700582368297744,0.2739564190076135,2087,0.694971694971695,4.088546397157581
GB003,validation,0.18,8067,0.06700582368297744,0.264038676087765,2130,0.7092907092907093,3.9405332488262945
GB003,validation,0.19,8515,0.06700582368297744,0.2541397533763946,2164,0.7206127206127206,3.792800974715244
GB003,validation,0.2,8963,0.06700582368297744,0.24567667075755886,2202,0.7332667332667333,3.666497287160012
GB003,validation,0.21,9411,0.06700582368297744,0.2378068218042716,2238,0.7452547452547452,3.5490470638701432
GB003,validation,0.22,9859,0.06700582368297744,0.23115934678973526,2279,0.7589077589077589,3.449839642049805
GB003,validation,0.23,10307,0.06700582368297744,0.22470165906665374,2316,0.7712287712287712,3.3534646201765637
GB003,validation,0.24,10756,0.06700582368297744,0.21894756415024172,2355,0.7842157842157842,3.267590070769691
GB003,validation,0.25,11204,0.06700582368297744,0.21287040342734737,2385,0.7942057942057942,3.1768940627384037
GB003,validation,0.26,11652,0.06700582368297744,0.2072605561277034,2415,0.8041958041958042,3.0931722757160447
GB003,validation,0.27,12100,0.06700582368297744,0.20214876033057852,2446,0.8145188145188145,3.016883447131381
GB003,validation,0.28,12548,0.06700582368297744,0.19676442460949953,2469,0.8221778221778222,2.9365272120292842
GB003,validation,0.29,12996,0.06700582368297744,0.19144352108341028,2488,0.8285048285048285,2.857117643821245
GB003,validation,0.3,13445,0.06700582368297744,0.18646336928226107,2507,0.8348318348318349,2.7827934802274705
GB003,validation,0.31,13893,0.06700582368297744,0.18160224573526237,2523,0.8401598401598401,2.7102457033357488
GB003,validation,0.32,14341,0.06700582368297744,0.1773934872045185,2544,0.8471528471528471,2.647433871476825
GB003,validation,0.33,14789,0.06700582368297744,0.1730340117655014,2559,0.8521478521478522,2.5823727290357894
GB003,validation,0.34,15237,0.06700582368297744,0.16978407823062283,2587,0.8614718614718615,2.533870474213061
GB003,validation,0.35,15685,0.06700582368297744,0.1657634682817979,2600,0.8658008658008658,2.4738665860757028
GB003,validation,0.36,16134,0.06700582368297744,0.1625759266146027,2623,0.8734598734598734,2.4262954722233263
GB003,validation,0.37,16582,0.06700582368297744,0.15890724882402604,2635,0.8774558774558775,2.371543846335789
GB003,validation,0.38,17030,0.06700582368297744,0.15543159130945391,2647,0.8814518814518815,2.3196728697022295
GB003,validation,0.39,17478,0.06700582368297744,0.1518480375328985,2654,0.8837828837828838,2.2661916410629077
GB003,validation,0.4,17926,0.06700582368297744,0.14894566551377886,2670,0.8891108891108891,2.2228764206896527
GB003,validation,0.41,18374,0.06700582368297744,0.146239251115707,2687,0.8947718947718948,2.1824856867308156
GB003,validation,0.42,18823,0.06700582368297744,0.14344153429315198,2700,0.8991008991008991,2.1407323484569405
GB003,validation,0.43,19271,0.06700582368297744,0.14072959369000052,2712,0.903096903096903,2.1002591409939235
GB003,validation,0.44,19719,0.06700582368297744,0.13814087935493685,2724,0.9070929070929071,2.06162497171169
GB003,validation,0.45,20167,0.06700582368297744,0.13541924926860713,2731,0.9094239094239094,2.0210071576660558
GB003,validation,0.46,20615,0.06700582368297744,0.13300994421537715,2742,0.913086913086913,1.9850505061273918
GB003,validation,0.47,21063,0.06700582368297744,0.13065565209134503,2752,0.9164169164169165,1.9499148717208823
GB003,validation,0.48,21512,0.06700582368297744,0.12825399776868723,2759,0.9187479187479187,1.9140724002661524
GB003,validation,0.49,21960,0.06700582368297744,0.12622950819672132,2772,0.9230769230769231,1.8838587641866331
GB003,validation,0.5,22408,0.06700582368297744,0.1241520885398072,2782,0.9264069264069265,1.8528551955006791
GB004,validation,0.01,448,0.06700582368297744,0.6875,308,0.10256410256410256,10.260302197802197
GB004,validation,0.02,896,0.06700582368297744,0.6160714285714286,552,0.1838161838161838,9.194296774653917
GB004,validation,0.03,1344,0.06700582368297744,0.5617559523809523,755,0.2514152514152514,8.383688484134911
GB004,validation,0.04,1792,0.06700582368297744,0.5223214285714286,936,0.3116883116883117,7.795164656771799
GB004,validation,0.05,2240,0.06700582368297744,0.484375,1085,0.3613053613053613,7.228849275724276
GB004,validation,0.06,2689,0.06700582368297744,0.4607660840461138,1239,0.4125874125874126,6.8765080215433505
GB004,validation,0.07,3137,0.06700582368297744,0.4376793114440548,1373,0.4572094572094572,6.531959274388346
GB004,validation,0.08,3585,0.06700582368297744,0.41338912133891215,1482,0.4935064935064935,6.169450633048959
GB004,validation,0.09,4033,0.06700582368297744,0.39474336722043146,1592,0.5301365301365302,5.891179982923102
GB004,validation,0.1,4481,0.06700582368297744,0.37380049096183887,1675,0.5577755577755578,5.57862690757134
GB004,validation,0.11,4929,0.06700582368297744,0.3552444714952323,1751,0.5830835830835831,5.301695464203072
GB004,validation,0.12,5378,0.06700582368297744,0.3373001115656378,1814,0.604062604062604,5.033892474204857
GB004,validation,0.13,5826,0.06700582368297744,0.322176450394782,1877,0.6250416250416251,4.808185806641007
GB004,validation,0.14,6274,0.06700582368297744,0.3079375199234938,1932,0.6433566433566433,4.595682927209864
GB004,validation,0.15,6722,0.06700582368297744,0.2950014876524844,1983,0.6603396603396603,4.402624599441023
GB004,validation,0.16,7170,0.06700582368297744,0.2829846582984658,2029,0.6756576756576756,4.223284525794986
GB004,validation,0.17,7618,0.06700582368297744,0.2734313468101864,2083,0.6936396936396937,4.080710179817556
GB004,validation,0.18,8067,0.06700582368297744,0.26279905789016983,2120,0.7059607059607059,3.9220330927285185
GB004,validation,0.19,8515,0.06700582368297744,0.2540223135642983,2163,0.7202797202797203,3.7910482940430086
GB004,validation,0.2,8963,0.06700582368297744,0.24556510097065715,2201,0.732933732933733,3.6648322111894576
GB004,validation,0.21,9411,0.06700582368297744,0.23791308043778556,2239,0.7455877455877455,3.5506328757842938
GB004,validation,0.22,9859,0.06700582368297744,0.23065219596307943,2274,0.7572427572427572,3.4422708846078356
GB004,validation,0.23,10307,0.06700582368297744,0.22431357329969923,2312,0.7698967698967699,3.347672798725481
GB004,validation,0.24,10756,0.06700582368297744,0.21904053551506136,2356,0.7845487845487845,3.2689775824770244
GB004,validation,0.25,11204,0.06700582368297744,0.21295965726526242,2386,0.7945387945387945,3.178226093791963
GB004,validation,0.26,11652,0.06700582368297744,0.2070030895983522,2412,0.8031968031968032,3.0893298256840995
GB004,validation,0.27,12100,0.06700582368297744,0.20148760330578513,2438,0.8118548118548119,3.0070162894956285
GB004,validation,0.28,12548,0.06700582368297744,0.19692381255977048,2471,0.8228438228438228,2.9389059299005105
GB004,validation,0.29,12996,0.06700582368297744,0.19144352108341028,2488,0.8285048285048285,2.857117643821245
GB004,validation,0.3,13445,0.06700582368297744,0.1867608776496839,2511,0.8361638361638362,2.787233517690937
GB004,validation,0.31,13893,0.06700582368297744,0.1818901605124883,2527,0.8414918414918415,2.714542565330732
GB004,validation,0.32,14341,0.06700582368297744,0.1773237570601771,2543,0.8468198468198468,2.6463932135084773
GB004,validation,0.33,14789,0.06700582368297744,0.1731016295895598,2560,0.8524808524808525,2.583381862575858
GB004,validation,0.34,15237,0.06700582368297744,0.169652818796351,2585,0.8608058608058609,2.5319115484502372
GB004,validation,0.35,15685,0.06700582368297744,0.1658272234619063,2601,0.8661338661338661,2.474818073224194
GB004,validation,0.36,16134,0.06700582368297744,0.16220404115532416,2617,0.8714618714618715,2.4207454253939935
GB004,validation,0.37,16582,0.06700582368297744,0.15932939331805573,2642,0.8797868797868797,2.3778439628156187
GB004,validation,0.38,17030,0.06700582368297744,0.15549031121550205,2648,0.8817848817848818,2.320549210038347
GB004,validation,0.39,17478,0.06700582368297744,0.15224854102300034,2661,0.8861138861138861,2.272168785557045
GB004,validation,0.4,17926,0.06700582368297744,0.14905723530068057,2672,0.8897768897768897,2.2245414966602066
GB004,validation,0.41,18374,0.06700582368297744,0.14629367584630457,2688,0.8951048951048951,2.1832979255424014
GB004,validation,0.42,18823,0.06700582368297744,0.14349466078733464,2701,0.8994338994338994,2.1415252122897024
GB004,validation,0.43,19271,0.06700582368297744,0.14062581080379846,2710,0.9024309024309024,2.0987102773206243
GB004,validation,0.44,19719,0.06700582368297744,0.13803945433338405,2722,0.9064269064269064,2.060111296989435
GB004,validation,0.45,20167,0.06700582368297744,0.13536966331135022,2730,0.9090909090909091,2.0202671330751856
GB004,validation,0.46,20615,0.06700582368297744,0.13310696095076402,2744,0.9137529137529138,1.9864983912522114
GB004,validation,0.47,21063,0.06700582368297744,0.13060817547357925,2751,0.916083916083916,1.9492063270727276
GB004,validation,0.48,21512,0.06700582368297744,0.12839345481591669,2762,0.9197469197469198,1.916153667827152
GB004,validation,0.49,21960,0.06700582368297744,0.1261384335154827,2770,0.9224109224109224,1.882499558729067
GB004,validation,0.5,22408,0.06700582368297744,0.12401820778293467,2779,0.9254079254079254,1.8508571489203405
GNB001,validation,0.01,448,0.06700582368297744,0.45535714285714285,204,0.06793206793206794,6.795784572570287
GNB001,validation,0.02,896,0.06700582368297744,0.45200892857142855,405,0.13486513486513488,6.745815568360211
GNB001,validation,0.03,1344,0.06700582368297744,0.4010416666666667,539,0.1794871794871795,5.985176282051282
GNB001,validation,0.04,1792,0.06700582368297744,0.36328125,651,0.21678321678321677,5.421636956793207
GNB001,validation,0.05,2240,0.06700582368297744,0.33348214285714284,747,0.24875124875124874,4.976912819323533
GNB001,validation,0.06,2689,0.06700582368297744,0.30717738936407585,826,0.27505827505827507,4.5843386810289
GNB001,validation,0.07,3137,0.06700582368297744,0.2900860694931463,910,0.30303030303030304,4.32926652563248
GNB001,validation,0.08,3585,0.06700582368297744,0.2814504881450488,1009,0.335997335997336,4.200388453944939
GNB001,validation,0.09,4033,0.06700582368297744,0.2727498140342177,1100,0.3663003663003663,4.070538932924254
GNB001,validation,0.1,4481,0.06700582368297744,0.2635572416871234,1181,0.3932733932733933,3.9333482852786577
GNB001,validation,0.11,4929,0.06700582368297744,0.25583282613106106,1261,0.4199134199134199,3.8180685210508702
GNB001,validation,0.12,5378,0.06700582368297744,0.248977314986984,1339,0.4458874458874459,3.7157563522383157
GNB001,validation,0.13,5826,0.06700582368297744,0.2399588053553038,1398,0.46553446553446554,3.5811634297731105
GNB001,validation,0.14,6274,0.06700582368297744,0.23525661459993624,1476,0.4915084915084915,3.510987577930517
GNB001,validation,0.15,6722,0.06700582368297744,0.22701576911633442,1526,0.5081585081585082,3.388000574254665
GNB001,validation,0.16,7170,0.06700582368297744,0.22147838214783822,1588,0.5288045288045288,3.305360190715839
GNB001,validation,0.17,7618,0.06700582368297744,0.21632974533998425,1648,0.5487845487845487,3.2285215440899346
GNB001,validation,0.18,8067,0.06700582368297744,0.211478864509731,1706,0.5680985680985681,3.156126630280591
GNB001,validation,0.19,8515,0.06700582368297744,0.20716382853787435,1764,0.5874125874125874,3.0917287058214833
GNB001,validation,0.2,8963,0.06700582368297744,0.20227602365279482,1813,0.6037296037296037,3.0187827346144873
GNB001,validation,0.21,9411,0.06700582368297744,0.19700350653490595,1854,0.6173826173826173,2.940095288836124
GNB001,validation,0.22,9859,0.06700582368297744,0.1928187442945532,1901,0.633033633033633,2.8776415794368932
GNB001,validation,0.23,10307,0.06700582368297744,0.18783351120597652,1936,0.6446886446886447,2.8032415823237593
GNB001,validation,0.24,10756,0.06700582368297744,0.18324656005950168,1971,0.6563436563436563,2.734785575153742
GNB001,validation,0.25,11204,0.06700582368297744,0.17895394501963585,2005,0.6676656676656677,2.670722262385954
GNB001,validation,0.26,11652,0.06700582368297744,0.17481977342945418,2037,0.6783216783216783,2.609023571690925
GNB001,validation,0.27,12100,0.06700582368297744,0.17165289256198346,2077,0.6916416916416916,2.5617608011822885
GNB001,validation,0.28,12548,0.06700582368297744,0.16807459356072682,2109,0.7022977022977023,2.5083579952084896
GNB001,validation,0.29,12996,0.06700582368297744,0.16435826408125578,2136,0.7112887112887113,2.452895211897982
GNB001,validation,0.3,13445,0.06700582368297744,0.16080327259204166,2162,0.71994671994672,2.399840249003507
GNB001,validation,0.31,13893,0.06700582368297744,0.1583531274742676,2200,0.7326007326007326,2.363274097240843
GNB001,validation,0.32,14341,0.06700582368297744,0.1552193013039537,2226,0.7412587412587412,2.316504637542222
GNB001,validation,0.33,14789,0.06700582368297744,0.15180201501115695,2245,0.7475857475857476,2.2655047974542195
GNB001,validation,0.34,15237,0.06700582368297744,0.14897945789853645,2270,0.755910755910756,2.2233807408054305
GNB001,validation,0.35,15685,0.06700582368297744,0.145680586547657,2285,0.7609057609057609,2.174148134301147
GNB001,validation,0.36,16134,0.06700582368297744,0.14298995909259948,2307,0.7682317682317682,2.133993005878465
GNB001,validation,0.37,16582,0.06700582368297744,0.14057411651188034,2331,0.7762237762237763,2.097938787783197
GNB001,validation,0.38,17030,0.06700582368297744,0.13763945977686437,2344,0.7805527805527805,2.054141747858718
GNB001,validation,0.39,17478,0.06700582368297744,0.1353701796544227,2366,0.7878787878787878,2.020274839018402
GNB001,validation,0.4,17926,0.06700582368297744,0.13287961619993305,2382,0.7932067932067932,1.9831054809298698
GNB001,validation,0.41,18374,0.06700582368297744,0.13083705235659082,2404,0.8005328005328005,1.952622103052058
GNB001,validation,0.42,18823,0.06700582368297744,0.12872549540455824,2423,0.8068598068598068,1.9211090667819135
GNB001,validation,0.43,19271,0.06700582368297744,0.12614809817861034,2431,0.8095238095238095,1.8826437948953643
GNB001,validation,0.44,19719,0.06700582368297744,0.12429636391297733,2451,0.8161838161838162,1.8550083721238444
GNB001,validation,0.45,20167,0.06700582368297744,0.12242772846729806,2469,0.8221778221778222,1.8271207148581075
GNB001,validation,0.46,20615,0.06700582368297744,0.12073732718894009,2489,0.8288378288378289,1.8018930378377382
GNB001,validation,0.47,21063,0.06700582368297744,0.11888145088543892,2504,0.8338328338328338,1.7741957989785933
GNB001,validation,0.48,21512,0.06700582368297744,0.11705094830792116,2518,0.8384948384948385,1.7468772395325016
GNB001,validation,0.49,21960,0.06700582368297744,0.11539162112932605,2534,0.8438228438228438,1.7221133147362655
GNB001,validation,0.5,22408,0.06700582368297744,0.11362013566583364,2546,0.8478188478188479,1.695675531180708
GNB007,validation,0.01,448,0.06700582368297744,0.484375,217,0.07226107226107226,7.228849275724276
GNB007,validation,0.02,896,0.06700582368297744,0.5044642857142857,452,0.15051615051615053,7.528663300984729
GNB007,validation,0.03,1344,0.06700582368297744,0.47619047619047616,640,0.21312021312021312,7.106702820988534
GNB007,validation,0.04,1792,0.06700582368297744,0.43973214285714285,788,0.2624042624042624,6.5625958862566005
GNB007,validation,0.05,2240,0.06700582368297744,0.3821428571428571,856,0.28504828504828505,5.703129013843299
GNB007,validation,0.06,2689,0.06700582368297744,0.33878765340275196,911,0.30336330336330336,5.0560926615221895
GNB007,validation,0.07,3137,0.06700582368297744,0.31240038253108066,980,0.32634032634032634,4.66228702760421
GNB007,validation,0.08,3585,0.06700582368297744,0.296513249651325,1063,0.353979353979354,4.425186250290853
GNB007,validation,0.09,4033,0.06700582368297744,0.2851475328539549,1150,0.382950382950383,4.255563429875356
GNB007,validation,0.1,4481,0.06700582368297744,0.27627761660343675,1238,0.41225441225441223,4.123188126312429
GNB007,validation,0.11,4929,0.06700582368297744,0.27084601339014,1335,0.44455544455544455,4.0421264675677335
GNB007,validation,0.12,5378,0.06700582368297744,0.2629230197099293,1414,0.47086247086247085,3.9238831083382957
GNB007,validation,0.13,5826,0.06700582368297744,0.2526604874699622,1472,0.4901764901764902,3.77072429801575
GNB007,validation,0.14,6274,0.06700582368297744,0.24466050366592285,1535,0.5111555111555112,3.6513319323328886
GNB007,validation,0.15,6722,0.06700582368297744,0.2368342755132401,1592,0.5301365301365302,3.5345327091831105
GNB007,validation,0.16,7170,0.06700582368297744,0.23040446304044632,1652,0.5501165501165501,3.438573699661566
GNB007,validation,0.17,7618,0.06700582368297744,0.2245996324494618,1711,0.5697635697635698,3.351941967195314
GNB007,validation,0.18,8067,0.06700582368297744,0.21780091731746623,1757,0.585081585081585,3.2504774263792484
GNB007,validation,0.19,8515,0.06700582368297744,0.21186142102172636,1804,0.6007326007326007,3.161835932710859
GNB007,validation,0.2,8963,0.06700582368297744,0.20573468704674774,1844,0.614052614052614,3.070400089701663
GNB007,validation,0.21,9411,0.06700582368297744,0.2000850069068112,1883,0.627039627039627,2.986083834346506
GNB007,validation,0.22,9859,0.06700582368297744,0.19596307941981944,1932,0.6433566433566433,2.9245678755771056
GNB007,validation,0.23,10307,0.06700582368297744,0.19142330455030562,1973,0.657009657009657,2.8568159307462695
GNB007,validation,0.24,10756,0.06700582368297744,0.18696541465228708,2011,0.6696636696636696,2.7902860434470695
GNB007,validation,0.25,11204,0.06700582368297744,0.18225633702249197,2042,0.6799866799866799,2.72000741136764
GNB007,validation,0.26,11652,0.06700582368297744,0.17790937178166838,2073,0.6903096903096904,2.6551329720742696
GNB007,validation,0.27,12100,0.06700582368297744,0.17380165289256197,2103,0.7002997002997003,2.5938290634984846
GNB007,validation,0.28,12548,0.06700582368297744,0.17030602486452023,2137,0.7116217116217116,2.541660045405662
GNB007,validation,0.29,12996,0.06700582368297744,0.16743613419513698,2176,0.7246087246087246,2.4988295791619892
GNB007,validation,0.3,13445,0.06700582368297744,0.16504276682781704,2219,0.7389277389277389,2.4631107828579006
GNB007,validation,0.31,13893,0.06700582368297744,0.16159216871805945,2245,0.7475857475857476,2.411613794684406
GNB007,validation,0.32,14341,0.06700582368297744,0.15870580852102364,2276,0.7579087579087579,2.3685375359596126
GNB007,validation,0.33,14789,0.06700582368297744,0.15552099533437014,2300,0.765900765900766,2.321007142157997
GNB007,validation,0.34,15237,0.06700582368297744,0.1521953140381965,2319,0.7722277722277723,2.2713744219946226
GNB007,validation,0.35,15685,0.06700582368297744,0.1492508766337265,2341,0.7795537795537796,2.2274314146166234
GNB007,validation,0.36,16134,0.06700582368297744,0.14621296640634684,2359,0.7855477855477856,2.1820934117326827
GNB007,validation,0.37,16582,0.06700582368297744,0.143589434326378,2381,0.7928737928737929,2.1429396197819788
GNB007,validation,0.38,17030,0.06700582368297744,0.14098649442160893,2401,0.7995337995337995,2.1040931470173985
GNB007,validation,0.39,17478,0.06700582368297744,0.1383453484380364,2418,0.8051948051948052,2.0646764838319935
GNB007,validation,0.4,17926,0.06700582368297744,0.13600357023318085,2438,0.8118548118548119,2.029727608105383
GNB007,validation,0.41,18374,0.06700582368297744,0.13410253619244586,2464,0.8205128205128205,2.0013564317472015
GNB007,validation,0.42,18823,0.06700582368297744,0.13175370557296923,2480,0.8258408258408259,1.9663023052493378
GNB007,validation,0.43,19271,0.06700582368297744,0.1294172590939754,2494,0.8305028305028305,1.931433000604294
GNB007,validation,0.44,19719,0.06700582368297744,0.12698412698412698,2504,0.8338328338328338,1.8951207522636093
GNB007,validation,0.45,20167,0.06700582368297744,0.12505578420191402,2522,0.8398268398268398,1.8663420181742192
GNB007,validation,0.46,20615,0.06700582368297744,0.12350230414746544,2546,0.8478188478188479,1.843157763895091
GNB007,validation,0.47,21063,0.06700582368297744,0.12182500118691544,2566,0.8544788544788545,1.8181255671641656
GNB007,validation,0.48,21512,0.06700582368297744,0.12021197471178877,2586,0.8611388611388612,1.7940526375818304
GNB007,validation,0.49,21960,0.06700582368297744,0.11839708561020036,2600,0.8658008658008658,1.7669670948359473
GNB007,validation,0.5,22408,0.06700582368297744,0.11669939307390217,2615,0.8707958707958708,1.741630602528496
GNB008,validation,0.01,448,0.06700582368297744,0.4732142857142857,212,0.07059607059607059,7.0622859283573565
GNB008,validation,0.02,896,0.06700582368297744,0.484375,434,0.1445221445221445,7.228849275724276
GNB008,validation,0.03,1344,0.06700582368297744,0.46130952380952384,620,0.20646020646020646,6.884618357832643
GNB008,validation,0.04,1792,0.06700582368297744,0.42020089285714285,753,0.25074925074925075,6.271110028364492
GNB008,validation,0.05,2240,0.06700582368297744,0.37857142857142856,848,0.28238428238428237,5.6498287426858855
GNB008,validation,0.06,2689,0.06700582368297744,0.3417627370769803,919,0.30602730602730605,5.100493036156852
GNB008,validation,0.07,3137,0.06700582368297744,0.3194134523430029,1002,0.3336663336663337,4.766950613938182
GNB008,validation,0.08,3585,0.06700582368297744,0.301534170153417,1081,0.35997335997336,4.500118849072823
GNB008,validation,0.09,4033,0.06700582368297744,0.28539548723034963,1151,0.3832833832833833,4.259263919814378
GNB008,validation,0.1,4481,0.06700582368297744,0.27828609685338096,1247,0.41525141525141523,4.1531628380546035
GNB008,validation,0.11,4929,0.06700582368297744,0.2690200852099817,1326,0.44155844155844154,4.014876176775141
GNB008,validation,0.12,5378,0.06700582368297744,0.2606917069542581,1402,0.4668664668664669,3.890582827362299
GNB008,validation,0.13,5826,0.06700582368297744,0.2516306213525575,1466,0.4881784881784882,3.7553544978879683
GNB008,validation,0.14,6274,0.06700582368297744,0.2432260121134842,1526,0.5081585081585082,3.6299234714918485
GNB008,validation,0.15,6722,0.06700582368297744,0.23713180601011605,1594,0.5308025308025308,3.5389730769082153
GNB008,validation,0.16,7170,0.06700582368297744,0.23040446304044632,1652,0.5501165501165501,3.438573699661566
GNB008,validation,0.17,7618,0.06700582368297744,0.22486216854817537,1713,0.5704295704295704,3.3558600758653263
GNB008,validation,0.18,8067,0.06700582368297744,0.21742903185818768,1754,0.5840825840825841,3.2449273795499156
GNB008,validation,0.19,8515,0.06700582368297744,0.21033470346447447,1791,0.5964035964035964,3.139051083971812
GNB008,validation,0.2,8963,0.06700582368297744,0.2052884078991409,1840,0.6127206127206127,3.0637397858194464
GNB008,validation,0.21,9411,0.06700582368297744,0.19944745510572734,1877,0.6250416250416251,2.9765689628615988
GNB008,validation,0.22,9859,0.06700582368297744,0.1951516380971701,1924,0.6406926406926406,2.912457863669954
GNB008,validation,0.23,10307,0.06700582368297744,0.19035606869118074,1962,0.6533466533466533,2.840888421755793
GNB008,validation,0.24,10756,0.06700582368297744,0.18547787281517292,1995,0.6643356643356644,2.7680858561297383
GNB008,validation,0.25,11204,0.06700582368297744,0.18136379864334165,2032,0.6766566766566766,2.7066871008320486
GNB008,validation,0.26,11652,0.06700582368297744,0.17782354960521798,2072,0.6899766899766899,2.6538521553969545
GNB008,validation,0.27,12100,0.06700582368297744,0.17371900826446282,2102,0.6999666999666999,2.592595668794016
GNB008,validation,0.28,12548,0.06700582368297744,0.17022633088938477,2136,0.7112887112887113,2.540470686470049
GNB008,validation,0.29,12996,0.06700582368297744,0.1672052939365959,2173,0.7236097236097236,2.4953845016171887
GNB008,validation,0.3,13445,0.06700582368297744,0.1638527333581257,2203,0.7335997335997336,2.4453506330040358
GNB008,validation,0.31,13893,0.06700582368297744,0.16094436046930108,2236,0.7445887445887446,2.401945855195693
GNB008,validation,0.32,14341,0.06700582368297744,0.15752039606721985,2259,0.7522477522477522,2.3508463504976995
GNB008,validation,0.33,14789,0.06700582368297744,0.15457434579755225,2286,0.7612387612387612,2.306879272597036
GNB008,validation,0.34,15237,0.06700582368297744,0.15088271969547812,2299,0.7655677655677655,2.2517851643663813
GNB008,validation,0.35,15685,0.06700582368297744,0.14816703857188396,2324,0.7738927738927739,2.211256133092282
GNB008,validation,0.36,16134,0.06700582368297744,0.14509731002851123,2341,0.7795537795537796,2.1654432712446843
GNB008,validation,0.37,16582,0.06700582368297744,0.14220238813170907,2358,0.7852147852147852,2.1222392370625394
GNB008,validation,0.38,17030,0.06700582368297744,0.13998825601879036,2384,0.7938727938727939,2.0891953613034056
GNB008,validation,0.39,17478,0.06700582368297744,0.1375443414578327,2404,0.8005328005328005,2.052722194843719
GNB008,validation,0.4,17926,0.06700582368297744,0.13538993640522146,2427,0.8081918081918081,2.020569690267336
GNB008,validation,0.41,18374,0.06700582368297744,0.13246979427451835,2434,0.8105228105228105,1.9769892673996299
GNB008,validation,0.42,18823,0.06700582368297744,0.13015991074748978,2450,0.8158508158508159,1.9425163902664833
GNB008,validation,0.43,19271,0.06700582368297744,0.12796429868714648,2466,0.8211788211788211,1.909748909178103
GNB008,validation,0.44,19719,0.06700582368297744,0.12602058927937523,2485,0.8275058275058275,1.8807408424021843
GNB008,validation,0.45,20167,0.06700582368297744,0.12431199484306045,2507,0.8348318348318349,1.8552416493111688
GNB008,validation,0.46,20615,0.06700582368297744,0.1225321367935969,2526,0.8411588411588412,1.828678912646897
GNB008,validation,0.47,21063,0.06700582368297744,0.12097042206713193,2548,0.8484848484848485,1.8053717634973865
GNB008,validation,0.48,21512,0.06700582368297744,0.1192357753811826,2565,0.8541458541458542,1.779483764654832
GNB008,validation,0.49,21960,0.06700582368297744,0.11730418943533698,2576,0.8578088578088578,1.750656629345154
GNB008,validation,0.5,22408,0.06700582368297744,0.11567297393787933,2592,0.8631368631368631,1.7263122454125666
GNB009,validation,0.01,448,0.06700582368297744,0.49107142857142855,220,0.07326007326007326,7.328787284144426
GNB009,validation,0.02,896,0.06700582368297744,0.5011160714285714,449,0.1495171495171495,7.478694296774653
GNB009,validation,0.03,1344,0.06700582368297744,0.4583333333333333,616,0.20512820512820512,6.840201465201464
GNB009,validation,0.04,1792,0.06700582368297744,0.40848214285714285,732,0.24375624375624375,6.0962185136292275
GNB009,validation,0.05,2240,0.06700582368297744,0.37142857142857144,832,0.27705627705627706,5.543228200371058
GNB009,validation,0.06,2689,0.06700582368297744,0.33878765340275196,911,0.30336330336330336,5.0560926615221895
GNB009,validation,0.07,3137,0.06700582368297744,0.3146318138348741,987,0.32867132867132864,4.695589077801382
GNB009,validation,0.08,3585,0.06700582368297744,0.29762900976290096,1067,0.3553113553113553,4.441837938909068
GNB009,validation,0.09,4033,0.06700582368297744,0.28613935035953386,1154,0.38428238428238426,4.270365389631444
GNB009,validation,0.1,4481,0.06700582368297744,0.27650078107565274,1239,0.4125874125874126,4.126518649839337
GNB009,validation,0.11,4929,0.06700582368297744,0.2680056806654494,1321,0.4398934398934399,3.9997371263348134
GNB009,validation,0.12,5378,0.06700582368297744,0.25957605057642247,1396,0.4648684648684649,3.873932686874301
GNB009,validation,0.13,5826,0.06700582368297744,0.2509440439409543,1462,0.48684648684648685,3.745107964469447
GNB009,validation,0.14,6274,0.06700582368297744,0.2448198916161938,1536,0.5114885114885115,3.653710650204115
GNB009,validation,0.15,6722,0.06700582368297744,0.2384706932460577,1603,0.5337995337995338,3.558954731671185
GNB009,validation,0.16,7170,0.06700582368297744,0.2311018131101813,1657,0.5517815517815517,3.4489810050479504
GNB009,validation,0.17,7618,0.06700582368297744,0.22381202415332108,1705,0.5677655677655677,3.340187641185278
GNB009,validation,0.18,8067,0.06700582368297744,0.21829676459650427,1761,0.5864135864135864,3.257877488818359
GNB009,validation,0.19,8515,0.06700582368297744,0.21209630064591897,1806,0.6013986013986014,3.1653412940553283
GNB009,validation,0.2,8963,0.06700582368297744,0.20595782662055115,1846,0.6147186147186147,3.0737302416427705
GNB009,validation,0.21,9411,0.06700582368297744,0.20136011050897887,1895,0.631035631035631,3.005113577316319
GNB009,validation,0.22,9859,0.06700582368297744,0.19505020793183894,1923,0.6403596403596403,2.9109441121815602
GNB009,validation,0.23,10307,0.06700582368297744,0.190550111574658,1964,0.654012654012654,2.8437843324813343
GNB009,validation,0.24,10756,0.06700582368297744,0.18622164373373,2003,0.666999666999667,2.779185949788404
GNB009,validation,0.25,11204,0.06700582368297744,0.1814530524812567,2033,0.6769896769896769,2.7080191318856084
GNB009,validation,0.26,11652,0.06700582368297744,0.1773086165465156,2066,0.687978687978688,2.6461672553330637
GNB009,validation,0.27,12100,0.06700582368297744,0.17363636363636364,2101,0.6996336996336996,2.591362274089547
GNB009,validation,0.28,12548,0.06700582368297744,0.17038571883965573,2138,0.7119547119547119,2.5428494043412755
GNB009,validation,0.29,12996,0.06700582368297744,0.16697445367805477,2170,0.7226107226107226,2.4919394240723878
GNB009,validation,0.3,13445,0.06700582368297744,0.16340647080699144,2197,0.7316017316017316,2.438690576808836
GNB009,validation,0.31,13893,0.06700582368297744,0.15993665874901028,2222,0.73992673992674,2.386906838213251
GNB009,validation,0.32,14341,0.06700582368297744,0.15682309462380586,2249,0.7489177489177489,2.3404397708142213
GNB009,validation,0.33,14789,0.06700582368297744,0.15376293190885118,2274,0.7572427572427572,2.2947696701162115
GNB009,validation,0.34,15237,0.06700582368297744,0.15094834941261404,2300,0.765900765900766,2.2527646272477932
GNB009,validation,0.35,15685,0.06700582368297744,0.1480395282116672,2322,0.7732267732267732,2.2093531587953006
GNB009,validation,0.36,16134,0.06700582368297744,0.14534523366803026,2345,0.7808857808857809,2.16914330246424
GNB009,validation,0.37,16582,0.06700582368297744,0.14226269448799903,2359,0.7855477855477856,2.1231392537025147
GNB009,validation,0.38,17030,0.06700582368297744,0.13940105695830887,2374,0.7905427905427905,2.080431957942234
GNB009,validation,0.39,17478,0.06700582368297744,0.13685776404622954,2392,0.7965367965367965,2.0424756614251978
GNB009,validation,0.4,17926,0.06700582368297744,0.13494365725761465,2419,0.8055278055278056,2.01390938638512
GNB009,validation,0.41,18374,0.06700582368297744,0.13246979427451835,2434,0.8105228105228105,1.9769892673996299
GNB009,validation,0.42,18823,0.06700582368297744,0.13026616373585506,2452,0.8165168165168165,1.9441021179320066
GNB009,validation,0.43,19271,0.06700582368297744,0.12843132167505578,2475,0.8241758241758241,1.9167187957079501
GNB009,validation,0.44,19719,0.06700582368297744,0.12667985191946854,2498,0.8318348318348319,1.8905797280968435
GNB009,validation,0.45,20167,0.06700582368297744,0.1247582684583726,2516,0.8378288378288379,1.8619018706289991
GNB009,validation,0.46,20615,0.06700582368297744,0.12262915352898375,2528,0.8418248418248419,1.8301267977717164
GNB009,validation,0.47,21063,0.06700582368297744,0.12054313250724018,2539,0.8454878454878455,1.798994861663997
GNB009,validation,0.48,21512,0.06700582368297744,0.11867794719226478,2553,0.8501498501498501,1.7711586944108326
GNB009,validation,0.49,21960,0.06700582368297744,0.11662112932604736,2561,0.8528138528138528,1.740462588413408
GNB009,validation,0.5,22408,0.06700582368297744,0.11491431631560158,2575,0.8574758574758575,1.7149899814573146
GNB010,validation,0.01,448,0.06700582368297744,0.4732142857142857,212,0.07059607059607059,7.0622859283573565
GNB010,validation,0.02,896,0.06700582368297744,0.48995535714285715,439,0.14618714618714618,7.312130949407735
GNB010,validation,0.03,1344,0.06700582368297744,0.43898809523809523,590,0.19647019647019648,6.551491663098806
GNB010,validation,0.04,1792,0.06700582368297744,0.39174107142857145,702,0.23376623376623376,5.8463734925788495
GNB010,validation,0.05,2240,0.06700582368297744,0.3580357142857143,802,0.26706626706626707,5.3433521835307545
GNB010,validation,0.06,2689,0.06700582368297744,0.3320937151357382,893,0.29736929736929735,4.956191818594199
GNB010,validation,0.07,3137,0.06700582368297744,0.3143130379343322,986,0.3283383283383283,4.69083164205893
GNB010,validation,0.08,3585,0.06700582368297744,0.297907949790795,1068,0.35564435564435565,4.446000861063623
GNB010,validation,0.09,4033,0.06700582368297744,0.28489957847756014,1149,0.3826173826173826,4.251862939936334
GNB010,validation,0.1,4481,0.06700582368297744,0.27583128765900466,1236,0.4115884115884116,4.116527079258612
GNB010,validation,0.11,4929,0.06700582368297744,0.2680056806654494,1321,0.4398934398934399,3.9997371263348134
GNB010,validation,0.12,5378,0.06700582368297744,0.25901822238750466,1393,0.46386946386946387,3.8656076166303017
GNB010,validation,0.13,5826,0.06700582368297744,0.2512873326467559,1464,0.4875124875124875,3.7502312311787076
GNB010,validation,0.14,6274,0.06700582368297744,0.24434172776538093,1533,0.5104895104895105,3.646574496590435
GNB010,validation,0.15,6722,0.06700582368297744,0.23906575423980958,1607,0.5351315351315351,3.5678354671213937
GNB010,validation,0.16,7170,0.06700582368297744,0.2308228730822873,1655,0.5511155511155511,3.4448180828933963
GNB010,validation,0.17,7618,0.06700582368297744,0.22341822000525072,1702,0.5667665667665668,3.33431047818026
GNB010,validation,0.18,8067,0.06700582368297744,0.21730507003842817,1753,0.5837495837495837,3.243077363940138
GNB010,validation,0.19,8515,0.06700582368297744,0.21209630064591897,1806,0.6013986013986014,3.1653412940553283
GNB010,validation,0.2,8963,0.06700582368297744,0.20629253598125627,1849,0.6157176157176157,3.078725469554433
GNB010,validation,0.21,9411,0.06700582368297744,0.20114759324195092,1893,0.6303696303696303,3.0019419534880165
GNB010,validation,0.22,9859,0.06700582368297744,0.1957602190891571,1930,0.6426906426906427,2.9215403726003175
GNB010,validation,0.23,10307,0.06700582368297744,0.190550111574658,1964,0.654012654012654,2.8437843324813343
GNB010,validation,0.24,10756,0.06700582368297744,0.1853849014503533,1994,0.6640026640026641,2.7666983444224056
GNB010,validation,0.25,11204,0.06700582368297744,0.1811852909675116,2030,0.675990675990676,2.7040230387249307
GNB010,validation,0.26,11652,0.06700582368297744,0.17705115001716443,2063,0.686979686979687,2.642324805301118
GNB010,validation,0.27,12100,0.06700582368297744,0.1730578512396694,2094,0.6973026973026973,2.5827285111582627
GNB010,validation,0.28,12548,0.06700582368297744,0.17022633088938477,2136,0.7112887112887113,2.540470686470049
GNB010,validation,0.29,12996,0.06700582368297744,0.16658971991381963,2165,0.720945720945721,2.486197628164387
GNB010,validation,0.3,13445,0.06700582368297744,0.1631089624395686,2193,0.7302697302697303,2.4342505393453697
GNB010,validation,0.31,13893,0.06700582368297744,0.15993665874901028,2222,0.73992673992674,2.386906838213251
GNB010,validation,0.32,14341,0.06700582368297744,0.15710201520117148,2253,0.7502497502497503,2.344602402687613
GNB010,validation,0.33,14789,0.06700582368297744,0.15376293190885118,2274,0.7572427572427572,2.2947696701162115
GNB010,validation,0.34,15237,0.06700582368297744,0.15088271969547812,2299,0.7655677655677655,2.2517851643663813
GNB010,validation,0.35,15685,0.06700582368297744,0.14772075231112528,2317,0.7715617715617715,2.2045957230528477
GNB010,validation,0.36,16134,0.06700582368297744,0.14509731002851123,2341,0.7795537795537796,2.1654432712446843
GNB010,validation,0.37,16582,0.06700582368297744,0.14214208177541912,2357,0.7848817848817848,2.1213392204225636
GNB010,validation,0.38,17030,0.06700582368297744,0.139459776864357,2375,0.7908757908757909,2.081308298278351
GNB010,validation,0.39,17478,0.06700582368297744,0.13685776404622954,2392,0.7965367965367965,2.0424756614251978
GNB010,validation,0.4,17926,0.06700582368297744,0.1342742385362044,2407,0.8015318015318015,2.0039189305617957
GNB010,validation,0.41,18374,0.06700582368297744,0.13268749319690867,2438,0.8118548118548119,1.9802382226459727
GNB010,validation,0.42,18823,0.06700582368297744,0.13031929023003772,2453,0.8168498168498168,1.9448949817647685
GNB010,validation,0.43,19271,0.06700582368297744,0.12786051580094443,2464,0.8205128205128205,1.908200045504804
GNB010,validation,0.44,19719,0.06700582368297744,0.12602058927937523,2485,0.8275058275058275,1.8807408424021843
GNB010,validation,0.45,20167,0.06700582368297744,0.12406406505677592,2502,0.8331668331668332,1.8515415263568185
GNB010,validation,0.46,20615,0.06700582368297744,0.12233810332282319,2522,0.8398268398268398,1.8257831423972584
GNB010,validation,0.47,21063,0.06700582368297744,0.12059060912500594,2540,0.8458208458208458,1.7997034063121515
GNB010,validation,0.48,21512,0.06700582368297744,0.1187244328746746,2554,0.8504828504828504,1.7718524502644992
GNB010,validation,0.49,21960,0.06700582368297744,0.11675774134790529,2564,0.8538128538128538,1.7425013965997573
GNB010,validation,0.5,22408,0.06700582368297744,0.1150035701535166,2577,0.8581418581418582,1.7163220125108736
LASSOSTACK001,validation,0.01,448,0.06700582368297744,0.6428571428571429,288,0.0959040959040959,9.594048808334524
LASSOSTACK001,validation,0.02,896,0.06700582368297744,0.5982142857142857,536,0.1784881784881785,8.927795418866847
LASSOSTACK001,validation,0.03,1344,0.06700582368297744,0.546875,735,0.24475524475524477,8.16160402097902
LASSOSTACK001,validation,0.04,1792,0.06700582368297744,0.5128348214285714,919,0.30602730602730605,7.653585811509918
LASSOSTACK001,validation,0.05,2240,0.06700582368297744,0.47901785714285716,1073,0.3573093573093573,7.148898868988154
LASSOSTACK001,validation,0.06,2689,0.06700582368297744,0.45332837486054295,1219,0.40592740592740595,6.7655070849566945
LASSOSTACK001,validation,0.07,3137,0.06700582368297744,0.4303474657315907,1350,0.44955044955044954,6.422538252311922
LASSOSTACK001,validation,0.08,3585,0.06700582368297744,0.41199442119944213,1477,0.49184149184149184,6.1486360222761895
LASSOSTACK001,validation,0.09,4033,0.06700582368297744,0.3880485990577734,1565,0.5211455211455212,5.791266754569507
LASSOSTACK001,validation,0.1,4481,0.06700582368297744,0.36978353046195045,1657,0.5517815517815517,5.51867748408699
LASSOSTACK001,validation,0.11,4929,0.06700582368297744,0.3526070196794482,1738,0.5787545787545788,5.262333933058218
LASSOSTACK001,validation,0.12,5378,0.06700582368297744,0.33488285608032725,1801,0.5997335997335997,4.997817169814194
LASSOSTACK001,validation,0.13,5826,0.06700582368297744,0.31857191898386544,1856,0.6180486180486181,4.754391506193772
LASSOSTACK001,validation,0.14,6274,0.06700582368297744,0.3052279247688875,1915,0.6376956376956376,4.555244723399011
LASSOSTACK001,validation,0.15,6722,0.06700582368297744,0.2927700089259149,1968,0.6553446553446554,4.36932184150274
LASSOSTACK001,validation,0.16,7170,0.06700582368297744,0.2814504881450488,2018,0.671994671994672,4.200388453944939
LASSOSTACK001,validation,0.17,7618,0.06700582368297744,0.2713310580204778,2067,0.6883116883116883,4.0493653104574605
LASSOSTACK001,validation,0.18,8067,0.06700582368297744,0.2605677451344986,2102,0.6999666999666999,3.8887328117525217
LASSOSTACK001,validation,0.19,8515,0.06700582368297744,0.2507339988256019,2135,0.710955710955711,3.741973235220446
LASSOSTACK001,validation,0.2,8963,0.06700582368297744,0.24311056565881958,2179,0.7256077256077256,3.6282005398372683
LASSOSTACK001,validation,0.21,9411,0.06700582368297744,0.23642545956858996,2225,0.7409257409257409,3.528431508986179
LASSOSTACK001,validation,0.22,9859,0.06700582368297744,0.22953646414443654,2263,0.7535797535797536,3.4256196182355017
LASSOSTACK001,validation,0.23,10307,0.06700582368297744,0.223343358882313,2302,0.7665667665667666,3.333193245097776
LASSOSTACK001,validation,0.24,10756,0.06700582368297744,0.2172740795834883,2337,0.7782217782217782,3.2426148600376936
LASSOSTACK001,validation,0.25,11204,0.06700582368297744,0.21188861121028205,2374,0.7905427905427905,3.162241721149254
LASSOSTACK001,validation,0.26,11652,0.06700582368297744,0.20640233436319946,2405,0.8008658008658008,3.0803641089428937
LASSOSTACK001,validation,0.27,12100,0.06700582368297744,0.20099173553719007,2432,0.8098568098568099,2.9996159212688136
LASSOSTACK001,validation,0.28,12548,0.06700582368297744,0.19620656678355117,2462,0.8198468198468198,2.928201699479991
LASSOSTACK001,validation,0.29,12996,0.06700582368297744,0.19136657433056325,2487,0.8281718281718282,2.8559692846396447
LASSOSTACK001,validation,0.3,13445,0.06700582368297744,0.18646336928226107,2507,0.8348318348318349,2.7827934802274705
LASSOSTACK001,validation,0.31,13893,0.06700582368297744,0.1819621392067948,2528,0.8418248418248419,2.7156167808294778
LASSOSTACK001,validation,0.32,14341,0.06700582368297744,0.1773934872045185,2544,0.8471528471528471,2.647433871476825
LASSOSTACK001,validation,0.33,14789,0.06700582368297744,0.17377780783014402,2570,0.8558108558108558,2.593473197976545
LASSOSTACK001,validation,0.34,15237,0.06700582368297744,0.1700465970991665,2591,0.8628038628038628,2.5377883257387097
LASSOSTACK001,validation,0.35,15685,0.06700582368297744,0.1661459993624482,2606,0.8677988677988678,2.4795755089666467
LASSOSTACK001,validation,0.36,16134,0.06700582368297744,0.1621420602454444,2616,0.8711288711288712,2.4198204175891047
LASSOSTACK001,validation,0.37,16582,0.06700582368297744,0.15878663611144614,2633,0.8767898767898767,2.369743813055838
LASSOSTACK001,validation,0.38,17030,0.06700582368297744,0.1561362301820317,2659,0.8854478854478854,2.330188953735636
LASSOSTACK001,validation,0.39,17478,0.06700582368297744,0.15322119235610482,2678,0.8917748917748918,2.28668470789995
LASSOSTACK001,validation,0.4,17926,0.06700582368297744,0.1502287180631485,2693,0.8967698967698968,2.2420247943510243
LASSOSTACK001,validation,0.41,18374,0.06700582368297744,0.14711004680526832,2703,0.9000999000999002,2.1954815077161873
LASSOSTACK001,validation,0.42,18823,0.06700582368297744,0.1442915582000744,2716,0.9044289044289044,2.15341816978113
LASSOSTACK001,validation,0.43,19271,0.06700582368297744,0.14109283379170776,2719,0.9054279054279054,2.1056801638504714
LASSOSTACK001,validation,0.44,19719,0.06700582368297744,0.13859729195192455,2733,0.9100899100899101,2.068436507961839
LASSOSTACK001,validation,0.45,20167,0.06700582368297744,0.1358655228839193,2740,0.9124209124209124,2.027667378983886
LASSOSTACK001,validation,0.46,20615,0.06700582368297744,0.13315546931845743,2745,0.9140859140859141,1.9872223338146209
LASSOSTACK001,validation,0.47,21063,0.06700582368297744,0.13075060532687652,2754,0.9170829170829171,1.951331961017191
LASSOSTACK001,validation,0.48,21512,0.06700582368297744,0.12853291186314614,2765,0.9207459207459208,1.9182349353881518
LASSOSTACK001,validation,0.49,21960,0.06700582368297744,0.1263205828779599,2774,0.9237429237429238,1.8852179696441989
LASSOSTACK001,validation,0.5,22408,0.06700582368297744,0.12401820778293467,2779,0.9254079254079254,1.8508571489203405
LGB001,validation,0.01,448,0.06700582368297744,0.6785714285714286,304,0.10123210123210123,10.127051519908663
LGB001,validation,0.02,896,0.06700582368297744,0.6261160714285714,561,0.18681318681318682,9.344203787284144
LGB001,validation,0.03,1344,0.06700582368297744,0.5721726190476191,769,0.25607725607725607,8.539147608344036
LGB001,validation,0.04,1792,0.06700582368297744,0.5212053571428571,934,0.31102231102231104,7.778508322035107
LGB001,validation,0.05,2240,0.06700582368297744,0.48125,1078,0.358974358974359,7.182211538461538
LGB001,validation,0.06,2689,0.06700582368297744,0.4563034585347713,1227,0.4085914085914086,6.809907459591357
LGB001,validation,0.07,3137,0.06700582368297744,0.4379980873445968,1374,0.45754245754245754,6.536716710130801
LGB001,validation,0.08,3585,0.06700582368297744,0.41394700139470014,1484,0.49417249417249415,6.1777764773580675
LGB001,validation,0.09,4033,0.06700582368297744,0.39350359533845775,1587,0.5284715284715285,5.872677533227992
LGB001,validation,0.1,4481,0.06700582368297744,0.37290783307297476,1671,0.5564435564435565,5.565304813463706
LGB001,validation,0.11,4929,0.06700582368297744,0.35605599513085817,1755,0.5844155844155844,5.3138067045553345
LGB001,validation,0.12,5378,0.06700582368297744,0.3378579397545556,1817,0.6050616050616051,5.042217544448857
LGB001,validation,0.13,5826,0.06700582368297744,0.3223480947476828,1878,0.6253746253746254,4.810747439995637
LGB001,validation,0.14,6274,0.06700582368297744,0.30889384762511957,1938,0.6453546453546454,4.609955234437224
LGB001,validation,0.15,6722,0.06700582368297744,0.2942576614102946,1978,0.6586746586746587,4.391523680128262
LGB001,validation,0.16,7170,0.06700582368297744,0.2822873082287308,2024,0.673992673992674,4.212877220408601
LGB001,validation,0.17,7618,0.06700582368297744,0.27224993436597533,2074,0.6906426906426907,4.063078690802503
LGB001,validation,0.18,8067,0.06700582368297744,0.2625511342506508,2118,0.7052947052947053,3.9183330615089633
LGB001,validation,0.19,8515,0.06700582368297744,0.253904873752202,2162,0.71994671994672,3.7892956133707747
LGB001,validation,0.2,8963,0.06700582368297744,0.24612294990516567,2206,0.7345987345987346,3.6731575910422274
LGB001,validation,0.21,9411,0.06700582368297744,0.23865689087238337,2246,0.7479187479187479,3.561733559183352
LGB001,validation,0.22,9859,0.06700582368297744,0.2319707881123846,2287,0.7615717615717615,3.4619496539569568
LGB001,validation,0.23,10307,0.06700582368297744,0.22508974483360822,2320,0.7725607725607726,3.3592564416276454
LGB001,validation,0.24,10756,0.06700582368297744,0.21866865005578282,2352,0.7832167832167832,3.2634275356476916
LGB001,validation,0.25,11204,0.06700582368297744,0.21251338807568726,2381,0.7928737928737929,3.1715659385241675
LGB001,validation,0.26,11652,0.06700582368297744,0.20623069001029867,2403,0.8001998001998002,3.0778024755882636
LGB001,validation,0.27,12100,0.06700582368297744,0.20148760330578513,2438,0.8118548118548119,3.0070162894956285
LGB001,validation,0.28,12548,0.06700582368297744,0.19676442460949953,2469,0.8221778221778222,2.9365272120292842
LGB001,validation,0.29,12996,0.06700582368297744,0.1917513080947984,2492,0.8298368298368298,2.8617110805476456
LGB001,validation,0.3,13445,0.06700582368297744,0.18713276310896243,2516,0.8378288378288379,2.792783564520269
LGB001,validation,0.31,13893,0.06700582368297744,0.18260994745555315,2537,0.8448218448218449,2.7252847203181902
LGB001,validation,0.32,14341,0.06700582368297744,0.1785788996583223,2561,0.8528138528138528,2.665125056938738
LGB001,validation,0.33,14789,0.06700582368297744,0.1743187504226114,2578,0.8584748584748585,2.6015462662970945
LGB001,validation,0.34,15237,0.06700582368297744,0.17030911596771017,2595,0.8641358641358642,2.541706177264358
LGB001,validation,0.35,15685,0.06700582368297744,0.16678355116353202,2616,0.8711288711288712,2.4890903804515534
LGB001,validation,0.36,16134,0.06700582368297744,0.16263790752448246,2624,0.8737928737928738,2.427220480028215
LGB001,validation,0.37,16582,0.06700582368297744,0.1588469424677361,2634,0.8771228771228772,2.3706438296958137
LGB001,validation,0.38,17030,0.06700582368297744,0.15549031121550205,2648,0.8817848817848818,2.320549210038347
LGB001,validation,0.39,17478,0.06700582368297744,0.15253461494450166,2666,0.8877788877788878,2.2764381744814286
LGB001,validation,0.4,17926,0.06700582368297744,0.14922458998103313,2675,0.8907758907758908,2.2270391106160377
LGB001,validation,0.41,18374,0.06700582368297744,0.1464569500380973,2691,0.8961038961038961,2.1857346419771586
LGB001,validation,0.42,18823,0.06700582368297744,0.1435477872815173,2702,0.8997668997668997,2.1423180761224643
LGB001,validation,0.43,19271,0.06700582368297744,0.14047013647449536,2707,0.9014319014319014,2.0963869818106753
LGB001,validation,0.44,19719,0.06700582368297744,0.13773517926872558,2716,0.9044289044289044,2.055570272822669
LGB001,validation,0.45,20167,0.06700582368297744,0.13522090543957951,2727,0.9080919080919081,2.018047059302576
LGB001,validation,0.46,20615,0.06700582368297744,0.13267038564152317,2735,0.9107559107559108,1.979982908190524
LGB001,validation,0.47,21063,0.06700582368297744,0.13041826900251627,2747,0.9147519147519148,1.9463721484801104
LGB001,validation,0.48,21512,0.06700582368297744,0.12816102640386762,2757,0.9180819180819181,1.9126848885588195
LGB001,validation,0.49,21960,0.06700582368297744,0.126183970856102,2771,0.9227439227439227,1.88317916145785
LGB001,validation,0.5,22408,0.06700582368297744,0.12424134237772225,2784,0.9270729270729271,1.8541872265542383
LGB002,validation,0.01,448,0.06700582368297744,0.6941964285714286,311,0.10356310356310357,10.360240206222349
LGB002,validation,0.02,896,0.06700582368297744,0.6283482142857143,563,0.1874791874791875,9.377516456757528
LGB002,validation,0.03,1344,0.06700582368297744,0.5691964285714286,765,0.2547452547452547,8.494730715712858
LGB002,validation,0.04,1792,0.06700582368297744,0.5223214285714286,936,0.3116883116883117,7.795164656771799
LGB002,validation,0.05,2240,0.06700582368297744,0.4799107142857143,1075,0.35797535797535796,7.162223936777508
LGB002,validation,0.06,2689,0.06700582368297744,0.4503532911863146,1211,0.40326340326340326,6.721106710322032
LGB002,validation,0.07,3137,0.06700582368297744,0.43481032833917754,1364,0.4542124542124542,6.489142352706267
LGB002,validation,0.08,3585,0.06700582368297744,0.4108786610878661,1473,0.4905094905094905,6.131984333657973
LGB002,validation,0.09,4033,0.06700582368297744,0.39226382345648403,1582,0.5268065268065268,5.854175083532882
LGB002,validation,0.1,4481,0.06700582368297744,0.3731309975451908,1672,0.5567765567765568,5.5686353369906145
LGB002,validation,0.11,4929,0.06700582368297744,0.35504159058632584,1750,0.5827505827505828,5.298667654115007
LGB002,validation,0.12,5378,0.06700582368297744,0.33637039791744144,1809,0.6023976023976024,5.020017357131526
LGB002,validation,0.13,5826,0.06700582368297744,0.3209749399244765,1870,0.6227106227106227,4.790254373158596
LGB002,validation,0.14,6274,0.06700582368297744,0.30777813197322285,1931,0.643023643023643,4.593304209338637
LGB002,validation,0.15,6722,0.06700582368297744,0.2942576614102946,1978,0.6586746586746587,4.391523680128262
LGB002,validation,0.16,7170,0.06700582368297744,0.2813110181311018,2017,0.6716616716616717,4.198306992867662
LGB002,validation,0.17,7618,0.06700582368297744,0.27119978997112104,2066,0.687978687978688,4.047406256122454
LGB002,validation,0.18,8067,0.06700582368297744,0.26279905789016983,2120,0.7059607059607059,3.9220330927285185
LGB002,validation,0.19,8515,0.06700582368297744,0.2536699941280094,2160,0.7192807192807192,3.785790252026306
LGB002,validation,0.2,8963,0.06700582368297744,0.24589981033136227,2204,0.733932733932734,3.6698274391011196
LGB002,validation,0.21,9411,0.06700582368297744,0.2382318563383275,2242,0.7465867465867466,3.5553903115267476
LGB002,validation,0.22,9859,0.06700582368297744,0.22984075464043005,2266,0.7545787545787546,3.4301608727006836
LGB002,validation,0.23,10307,0.06700582368297744,0.22314931599883575,2300,0.765900765900766,3.330297334372235
LGB002,validation,0.24,10756,0.06700582368297744,0.2178319077724061,2343,0.7802197802197802,3.250939930281693
LGB002,validation,0.25,11204,0.06700582368297744,0.2126918957515173,2383,0.7935397935397935,3.174230000631286
LGB002,validation,0.26,11652,0.06700582368297744,0.2069172674219018,2411,0.8028638028638029,3.088049009006784
LGB002,validation,0.27,12100,0.06700582368297744,0.20082644628099172,2430,0.8091908091908092,2.9971491318598753
LGB002,validation,0.28,12548,0.06700582368297744,0.1956487089576028,2455,0.8175158175158175,2.9198761869306975
LGB002,validation,0.29,12996,0.06700582368297744,0.19105878731917514,2483,0.8268398268398268,2.851375847913244
LGB002,validation,0.3,13445,0.06700582368297744,0.18638899219040536,2506,0.8344988344988346,2.781683470861604
LGB002,validation,0.31,13893,0.06700582368297744,0.1819621392067948,2528,0.8418248418248419,2.7156167808294778
LGB002,validation,0.32,14341,0.06700582368297744,0.17746321734885992,2545,0.8474858474858474,2.6484745294451733
LGB002,validation,0.33,14789,0.06700582368297744,0.17316924741361822,2561,0.8528138528138528,2.5843909961159266
LGB002,validation,0.34,15237,0.06700582368297744,0.16932467021067138,2580,0.8591408591408591,2.5270142340431763
LGB002,validation,0.35,15685,0.06700582368297744,0.1653809372011476,2594,0.8638028638028638,2.4681576631847593
LGB002,validation,0.36,16134,0.06700582368297744,0.16183215569604562,2611,0.8694638694638694,2.4151953785646607
LGB002,validation,0.37,16582,0.06700582368297744,0.15878663611144614,2633,0.8767898767898767,2.369743813055838
LGB002,validation,0.38,17030,0.06700582368297744,0.15572519083969466,2652,0.8831168831168831,2.3240545713828156
LGB002,validation,0.39,17478,0.06700582368297744,0.15242018537590113,2664,0.8871128871128872,2.274730418911675
LGB002,validation,0.4,17926,0.06700582368297744,0.14928037487448398,2676,0.8911088911088911,2.227871648601315
LGB002,validation,0.41,18374,0.06700582368297744,0.1464569500380973,2691,0.8961038961038961,2.1857346419771586
LGB002,validation,0.42,18823,0.06700582368297744,0.1436540402698826,2704,0.9004329004329005,2.143903803787988
LGB002,validation,0.43,19271,0.06700582368297744,0.14072959369000052,2712,0.903096903096903,2.1002591409939235
LGB002,validation,0.44,19719,0.06700582368297744,0.13788731680105482,2719,0.9054279054279054,2.057840784906052
LGB002,validation,0.45,20167,0.06700582368297744,0.13541924926860713,2731,0.9094239094239094,2.0210071576660558
LGB002,validation,0.46,20615,0.06700582368297744,0.13300994421537715,2742,0.913086913086913,1.9850505061273918
LGB002,validation,0.47,21063,0.06700582368297744,0.13065565209134503,2752,0.9164169164169165,1.9499148717208823
LGB002,validation,0.48,21512,0.06700582368297744,0.12848642618073633,2764,0.9204129204129204,1.9175411795344854
LGB002,validation,0.49,21960,0.06700582368297744,0.12645719489981785,2777,0.9247419247419247,1.8872567778305482
LGB002,validation,0.5,22408,0.06700582368297744,0.12428596929667976,2785,0.9274059274059274,1.8548532420810178
LGB003,validation,0.01,448,0.06700582368297744,0.6852678571428571,307,0.10223110223110222,10.226989528328813
LGB003,validation,0.02,896,0.06700582368297744,0.6183035714285714,554,0.18448218448218448,9.2276094441273
LGB003,validation,0.03,1344,0.06700582368297744,0.5699404761904762,766,0.2550782550782551,8.505834938870652
LGB003,validation,0.04,1792,0.06700582368297744,0.52734375,945,0.3146853146853147,7.870118163086913
LGB003,validation,0.05,2240,0.06700582368297744,0.48482142857142857,1086,0.36163836163836166,7.235511809618952
LGB003,validation,0.06,2689,0.06700582368297744,0.4600223131275567,1237,0.4119214119214119,6.865407927884685
LGB003,validation,0.07,3137,0.06700582368297744,0.4392731909467644,1378,0.4588744588744589,6.555746453100613
LGB003,validation,0.08,3585,0.06700582368297744,0.41785216178521617,1498,0.4988344988344988,6.236057387521822
LGB003,validation,0.09,4033,0.06700582368297744,0.3937515497148525,1588,0.5288045288045288,5.876378023167014
LGB003,validation,0.1,4481,0.06700582368297744,0.3742468199062709,1677,0.5584415584415584,5.585287954625156
LGB003,validation,0.11,4929,0.06700582368297744,0.3566646378575776,1758,0.5854145854145855,5.3228901348195325
LGB003,validation,0.12,5378,0.06700582368297744,0.3384157679434734,1820,0.6060606060606061,5.050542614692856
LGB003,validation,0.13,5826,0.06700582368297744,0.3223480947476828,1878,0.6253746253746254,4.810747439995637
LGB003,validation,0.14,6274,0.06700582368297744,0.3087344596748486,1937,0.645021645021645,4.607576516565997
LGB003,validation,0.15,6722,0.06700582368297744,0.29336506991966677,1972,0.6566766566766566,4.3782025769529485
LGB003,validation,0.16,7170,0.06700582368297744,0.2834030683403068,2032,0.6766566766566766,4.229528909026817
LGB003,validation,0.17,7618,0.06700582368297744,0.2727750065634025,2078,0.691974691974692,4.070914908142527
LGB003,validation,0.18,8067,0.06700582368297744,0.2618073633320937,2112,0.7032967032967034,3.9072329678502973
LGB003,validation,0.19,8515,0.06700582368297744,0.25296535525543157,2154,0.7172827172827173,3.775274167992899
LGB003,validation,0.2,8963,0.06700582368297744,0.2448956822492469,2195,0.7309357309357309,3.6548417553661334
LGB003,validation,0.21,9411,0.06700582368297744,0.23748804590372968,2235,0.7442557442557443,3.54428962812769
LGB003,validation,0.22,9859,0.06700582368297744,0.23075362612841058,2275,0.7575757575757576,3.4437846360962294
LGB003,validation,0.23,10307,0.06700582368297744,0.22479868050839236,2317,0.7715617715617715,3.354912575539334
LGB003,validation,0.24,10756,0.06700582368297744,0.21848270732614355,2350,0.7825507825507826,3.260652512233025
LGB003,validation,0.25,11204,0.06700582368297744,0.21260264191360229,2382,0.7932067932067932,3.172897969577727
LGB003,validation,0.26,11652,0.06700582368297744,0.2070889117748026,2413,0.8035298035298035,3.0906106423614146
LGB003,validation,0.27,12100,0.06700582368297744,0.20214876033057852,2446,0.8145188145188145,3.016883447131381
LGB003,validation,0.28,12548,0.06700582368297744,0.19708320051004144,2473,0.8235098235098235,2.941284647771737
LGB003,validation,0.29,12996,0.06700582368297744,0.1919821483533395,2495,0.8308358308358308,2.865156158092446
LGB003,validation,0.3,13445,0.06700582368297744,0.1867608776496839,2511,0.8361638361638362,2.787233517690937
LGB003,validation,0.31,13893,0.06700582368297744,0.1824659900669402,2535,0.8441558441558441,2.7231362893206987
LGB003,validation,0.32,14341,0.06700582368297744,0.1785788996583223,2561,0.8528138528138528,2.665125056938738
LGB003,validation,0.33,14789,0.06700582368297744,0.17418351477449456,2576,0.8578088578088578,2.5995279992169573
LGB003,validation,0.34,15237,0.06700582368297744,0.17057163483625384,2599,0.8654678654678655,2.545624028790006
LGB003,validation,0.35,15685,0.06700582368297744,0.16640102008288174,2610,0.8691308691308691,2.4833814575606095
LGB003,validation,0.36,16134,0.06700582368297744,0.16269988843436223,2625,0.8741258741258742,2.428145487833104
LGB003,validation,0.37,16582,0.06700582368297744,0.1593896996743457,2643,0.8801198801198801,2.3787439794555945
LGB003,validation,0.38,17030,0.06700582368297744,0.1559013505578391,2655,0.8841158841158842,2.3266835923911673
LGB003,validation,0.39,17478,0.06700582368297744,0.1523057558073006,2662,0.8864468864468864,2.2730226633419215
LGB003,validation,0.4,17926,0.06700582368297744,0.14933615976793485,2677,0.8914418914418915,2.228704186586592
LGB003,validation,0.41,18374,0.06700582368297744,0.14656579949929247,2693,0.8967698967698968,2.18735911960033
LGB003,validation,0.42,18823,0.06700582368297744,0.1435477872815173,2702,0.8997668997668997,2.1423180761224643
LGB003,validation,0.43,19271,0.06700582368297744,0.14072959369000052,2712,0.903096903096903,2.1002591409939235
LGB003,validation,0.44,19719,0.06700582368297744,0.13793802931183122,2720,0.9057609057609057,2.0585976222671794
LGB003,validation,0.45,20167,0.06700582368297744,0.13532007735409332,2729,0.9087579087579087,2.019527108484316
LGB003,validation,0.46,20615,0.06700582368297744,0.13305845258307059,2743,0.9134199134199135,1.9857744486898017
LGB003,validation,0.47,21063,0.06700582368297744,0.13089303518017376,2757,0.9180819180819181,1.953457594961654
LGB003,validation,0.48,21512,0.06700582368297744,0.12862588322796578,2767,0.9214119214119214,1.9196224470954852
LGB003,validation,0.49,21960,0.06700582368297744,0.12641165755919853,2776,0.9244089244089244,1.886577175101765
LGB003,validation,0.5,22408,0.06700582368297744,0.12424134237772225,2784,0.9270729270729271,1.8541872265542383
LGB004,validation,0.01,448,0.06700582368297744,0.6941964285714286,311,0.10356310356310357,10.360240206222349
LGB004,validation,0.02,896,0.06700582368297744,0.6216517857142857,557,0.18548118548118547,9.277578448337376
LGB004,validation,0.03,1344,0.06700582368297744,0.5647321428571429,759,0.25274725274725274,8.42810537676609
LGB004,validation,0.04,1792,0.06700582368297744,0.5284598214285714,947,0.31535131535131533,7.8867744978236045
LGB004,validation,0.05,2240,0.06700582368297744,0.48660714285714285,1090,0.36297036297036295,7.262161945197659
LGB004,validation,0.06,2689,0.06700582368297744,0.4574191149126069,1230,0.4095904095904096,6.826557600079354
LGB004,validation,0.07,3137,0.06700582368297744,0.4383168632451387,1375,0.45787545787545786,6.541474145873253
LGB004,validation,0.08,3585,0.06700582368297744,0.4172942817294282,1496,0.4981684981684982,6.227731543212714
LGB004,validation,0.09,4033,0.06700582368297744,0.3927597322092735,1584,0.5274725274725275,5.861576063410926
LGB004,validation,0.1,4481,0.06700582368297744,0.37357732648962283,1674,0.5574425574425574,5.575296384044431
LGB004,validation,0.11,4929,0.06700582368297744,0.3564617569486711,1757,0.585081585081585,5.319862324731466
LGB004,validation,0.12,5378,0.06700582368297744,0.3386017106731127,1821,0.6063936063936064,5.053317638107522
LGB004,validation,0.13,5826,0.06700582368297744,0.32251973910058357,1879,0.6257076257076257,4.8133090733502675
LGB004,validation,0.14,6274,0.06700582368297744,0.30841568377430667,1935,0.6443556443556444,4.602819080823544
LGB004,validation,0.15,6722,0.06700582368297744,0.2944064266587325,1979,0.659007659007659,4.393743863990814
LGB004,validation,0.16,7170,0.06700582368297744,0.28354253835425386,2033,0.6769896769896769,4.231610370104094
LGB004,validation,0.17,7618,0.06700582368297744,0.2727750065634025,2078,0.691974691974692,4.070914908142527
LGB004,validation,0.18,8067,0.06700582368297744,0.2625511342506508,2118,0.7052947052947053,3.9183330615089633
LGB004,validation,0.19,8515,0.06700582368297744,0.2533176746917205,2157,0.7182817182817183,3.780532210009603
LGB004,validation,0.2,8963,0.06700582368297744,0.2447841124623452,2194,0.7306027306027306,3.653176679395579
LGB004,validation,0.21,9411,0.06700582368297744,0.23770056317075763,2237,0.7449217449217449,3.5474612519559923
LGB004,validation,0.22,9859,0.06700582368297744,0.23085505629374176,2276,0.7579087579087579,3.4452983875846233
LGB004,validation,0.23,10307,0.06700582368297744,0.2252837877170855,2322,0.7732267732267732,3.3621523523531867
LGB004,validation,0.24,10756,0.06700582368297744,0.21857567869096317,2351,0.7828837828837829,3.2620400239403584
LGB004,validation,0.25,11204,0.06700582368297744,0.21251338807568726,2381,0.7928737928737929,3.1715659385241675
LGB004,validation,0.26,11652,0.06700582368297744,0.2069172674219018,2411,0.8028638028638029,3.088049009006784
LGB004,validation,0.27,12100,0.06700582368297744,0.20173553719008264,2441,0.8128538128538129,3.0107164736090355
LGB004,validation,0.28,12548,0.06700582368297744,0.19652534268409308,2466,0.8211788211788211,2.932959135222444
LGB004,validation,0.29,12996,0.06700582368297744,0.19182825484764543,2493,0.8301698301698301,2.8628594397292457
LGB004,validation,0.3,13445,0.06700582368297744,0.18728151729267387,2518,0.8384948384948385,2.7950035832520026
LGB004,validation,0.31,13893,0.06700582368297744,0.18275390484416612,2539,0.8454878454878455,2.7274331513156818
LGB004,validation,0.32,14341,0.06700582368297744,0.1782302489366153,2556,0.8511488511488512,2.6599217670969986
LGB004,validation,0.33,14789,0.06700582368297744,0.17384542565420244,2571,0.8561438561438561,2.5944823315166134
LGB004,validation,0.34,15237,0.06700582368297744,0.17024348625057426,2594,0.8638028638028638,2.540726714382946
LGB004,validation,0.35,15685,0.06700582368297744,0.16678355116353202,2616,0.8711288711288712,2.4890903804515534
LGB004,validation,0.36,16134,0.06700582368297744,0.1628858311640015,2628,0.8751248751248751,2.4309205112477703
LGB004,validation,0.37,16582,0.06700582368297744,0.1593896996743457,2643,0.8801198801198801,2.3787439794555945
LGB004,validation,0.38,17030,0.06700582368297744,0.1557839107457428,2653,0.8834498834498834,2.3249309117189325
LGB004,validation,0.39,17478,0.06700582368297744,0.1524774001602014,2665,0.8874458874458875,2.275584296696552
LGB004,validation,0.4,17926,0.06700582368297744,0.14933615976793485,2677,0.8914418914418915,2.228704186586592
LGB004,validation,0.41,18374,0.06700582368297744,0.1461848263851094,2686,0.8944388944388945,2.18167344791923
LGB004,validation,0.42,18823,0.06700582368297744,0.14370716676406525,2705,0.9007659007659008,2.14469666762075
LGB004,validation,0.43,19271,0.06700582368297744,0.14109283379170776,2719,0.9054279054279054,2.1056801638504714
LGB004,validation,0.44,19719,0.06700582368297744,0.13844515441959532,2730,0.9090909090909091,2.066165995878456
LGB004,validation,0.45,20167,0.06700582368297744,0.13561759309763474,2735,0.9107559107559108,2.0239672560295356
LGB004,validation,0.46,20615,0.06700582368297744,0.13315546931845743,2745,0.9140859140859141,1.9872223338146209
LGB004,validation,0.47,21063,0.06700582368297744,0.13079808194464226,2755,0.9174159174159174,1.9520405056653454
LGB004,validation,0.48,21512,0.06700582368297744,0.12876534027519523,2770,0.9224109224109224,1.921703714656485
LGB004,validation,0.49,21960,0.06700582368297744,0.1266393442622951,2781,0.926073926073926,1.8899751887456806
LGB004,validation,0.5,22408,0.06700582368297744,0.1244198500535523,2788,0.9284049284049284,1.8568512886613564
LRSTACK001,validation,0.01,448,0.06700582368297744,0.6361607142857143,285,0.09490509490509491,9.49411079991437
LRSTACK001,validation,0.02,896,0.06700582368297744,0.5892857142857143,528,0.17582417582417584,8.794544740973313
LRSTACK001,validation,0.03,1344,0.06700582368297744,0.5453869047619048,733,0.2440892440892441,8.139395574663432
LRSTACK001,validation,0.04,1792,0.06700582368297744,0.5094866071428571,913,0.304029304029304,7.603616807299842
LRSTACK001,validation,0.05,2240,0.06700582368297744,0.4758928571428571,1066,0.354978354978355,7.102261131725417
LRSTACK001,validation,0.06,2689,0.06700582368297744,0.45221271848270733,1216,0.40492840492840493,6.748856944468696
LRSTACK001,validation,0.07,3137,0.06700582368297744,0.43130379343321645,1353,0.45054945054945056,6.436810559539281
LRSTACK001,validation,0.08,3585,0.06700582368297744,0.4086471408647141,1465,0.48784548784548787,6.098680956421542
LRSTACK001,validation,0.09,4033,0.06700582368297744,0.3868088271757997,1560,0.5194805194805194,5.772764304874396
LRSTACK001,validation,0.1,4481,0.06700582368297744,0.36978353046195045,1657,0.5517815517815517,5.51867748408699
LRSTACK001,validation,0.11,4929,0.06700582368297744,0.35179549604382226,1734,0.5774225774225774,5.250222692705955
LRSTACK001,validation,0.12,5378,0.06700582368297744,0.33432502789140944,1798,0.5987345987345988,4.989492099570195
LRSTACK001,validation,0.13,5826,0.06700582368297744,0.31840027463096465,1855,0.6177156177156177,4.751829872839141
LRSTACK001,validation,0.14,6274,0.06700582368297744,0.3044309850175327,1910,0.636030636030636,4.543351134042878
LRSTACK001,validation,0.15,6722,0.06700582368297744,0.2920261826837251,1963,0.6536796536796536,4.358220922189979
LRSTACK001,validation,0.16,7170,0.06700582368297744,0.2810320781032078,2015,0.670995670995671,4.194144070713108
LRSTACK001,validation,0.17,7618,0.06700582368297744,0.27093725387240747,2064,0.6873126873126874,4.043488147452442
LRSTACK001,validation,0.18,8067,0.06700582368297744,0.26007189785546053,2098,0.6986346986346986,3.8813327493134113
LRSTACK001,validation,0.19,8515,0.06700582368297744,0.2512037580739871,2139,0.7122877122877123,3.7489839579093838
LRSTACK001,validation,0.2,8963,0.06700582368297744,0.2429989958719179,2178,0.7252747252747253,3.6265354638667144
LRSTACK001,validation,0.21,9411,0.06700582368297744,0.23642545956858996,2225,0.7409257409257409,3.528431508986179
LRSTACK001,validation,0.22,9859,0.06700582368297744,0.2294350339791054,2262,0.7532467532467533,3.4241058667471083
LRSTACK001,validation,0.23,10307,0.06700582368297744,0.223343358882313,2302,0.7665667665667666,3.333193245097776
LRSTACK001,validation,0.24,10756,0.06700582368297744,0.2173670509483079,2338,0.7785547785547785,3.244002371745027
LRSTACK001,validation,0.25,11204,0.06700582368297744,0.2120671188861121,2376,0.7912087912087912,3.1649057832563723
LRSTACK001,validation,0.26,11652,0.06700582368297744,0.20657397871610025,2407,0.8015318015318015,3.0829257422975243
LRSTACK001,validation,0.27,12100,0.06700582368297744,0.20099173553719007,2432,0.8098568098568099,2.9996159212688136
LRSTACK001,validation,0.28,12548,0.06700582368297744,0.19636595473382212,2464,0.8205128205128205,2.9305804173512175
LRSTACK001,validation,0.29,12996,0.06700582368297744,0.19128962757771623,2486,0.8278388278388278,2.8548209254580446
LRSTACK001,validation,0.3,13445,0.06700582368297744,0.18638899219040536,2506,0.8344988344988346,2.781683470861604
LRSTACK001,validation,0.31,13893,0.06700582368297744,0.18203411790110127,2529,0.8421578421578422,2.7166909963282238
LRSTACK001,validation,0.32,14341,0.06700582368297744,0.1773934872045185,2544,0.8471528471528471,2.647433871476825
LRSTACK001,validation,0.33,14789,0.06700582368297744,0.17384542565420244,2571,0.8561438561438561,2.5944823315166134
LRSTACK001,validation,0.34,15237,0.06700582368297744,0.1700465970991665,2591,0.8628038628038628,2.5377883257387097
LRSTACK001,validation,0.35,15685,0.06700582368297744,0.16627350972266497,2608,0.8684648684648685,2.4814784832636283
LRSTACK001,validation,0.36,16134,0.06700582368297744,0.1624519647948432,2621,0.8727938727938728,2.4244454566135487
LRSTACK001,validation,0.37,16582,0.06700582368297744,0.15890724882402604,2635,0.8774558774558775,2.371543846335789
LRSTACK001,validation,0.38,17030,0.06700582368297744,0.1560187903699354,2657,0.8847818847818848,2.3284362730634016
LRSTACK001,validation,0.39,17478,0.06700582368297744,0.15316397757180455,2677,0.8914418914418915,2.285830830115073
LRSTACK001,validation,0.4,17926,0.06700582368297744,0.15011714827624678,2691,0.8961038961038961,2.24035971838047
LRSTACK001,validation,0.41,18374,0.06700582368297744,0.14711004680526832,2703,0.9000999000999002,2.1954815077161873
LRSTACK001,validation,0.42,18823,0.06700582368297744,0.14418530521170908,2714,0.9037629037629038,2.151832442115606
LRSTACK001,validation,0.43,19271,0.06700582368297744,0.14114472523480878,2720,0.9057609057609057,2.1064545956871212
LRSTACK001,validation,0.44,19719,0.06700582368297744,0.13839444190881892,2729,0.9087579087579087,2.0654091585173284
LRSTACK001,validation,0.45,20167,0.06700582368297744,0.13581593692666236,2739,0.9120879120879121,2.026927354393016
LRSTACK001,validation,0.46,20615,0.06700582368297744,0.13315546931845743,2745,0.9140859140859141,1.9872223338146209
LRSTACK001,validation,0.47,21063,0.06700582368297744,0.13065565209134503,2752,0.9164169164169165,1.9499148717208823
LRSTACK001,validation,0.48,21512,0.06700582368297744,0.12862588322796578,2767,0.9214119214119214,1.9196224470954852
LRSTACK001,validation,0.49,21960,0.06700582368297744,0.1263205828779599,2774,0.9237429237429238,1.8852179696441989
LRSTACK001,validation,0.5,22408,0.06700582368297744,0.12428596929667976,2785,0.9274059274059274,1.8548532420810178
NN001,validation,0.01,448,0.06700582368297744,0.6741071428571429,302,0.10056610056610056,10.060426180961896
NN001,validation,0.02,896,0.06700582368297744,0.6194196428571429,555,0.1848151848151848,9.244265778863994
NN001,validation,0.03,1344,0.06700582368297744,0.546875,735,0.24475524475524477,8.16160402097902
NN001,validation,0.04,1792,0.06700582368297744,0.5128348214285714,919,0.30602730602730605,7.653585811509918
NN001,validation,0.05,2240,0.06700582368297744,0.47767857142857145,1070,0.3563103563103563,7.128911267304124
NN001,validation,0.06,2689,0.06700582368297744,0.4499814057270361,1210,0.40293040293040294,6.715556663492699
NN001,validation,0.07,3137,0.06700582368297744,0.42970991393050684,1348,0.4488844488844489,6.413023380827014
NN001,validation,0.08,3585,0.06700582368297744,0.41143654114365413,1475,0.4911754911754912,6.1403101779670815
NN001,validation,0.09,4033,0.06700582368297744,0.38904041656335236,1569,0.5224775224775224,5.806068714325595
NN001,validation,0.1,4481,0.06700582368297744,0.3726846686007588,1670,0.5561105561105562,5.561974289936798
NN001,validation,0.11,4929,0.06700582368297744,0.3522012578616352,1736,0.578088578088578,5.256278312882086
NN001,validation,0.12,5378,0.06700582368297744,0.33581256972852364,1806,0.6013986013986014,5.011692286887527
NN001,validation,0.13,5826,0.06700582368297744,0.3213182286302781,1872,0.6233766233766234,4.795377639867857
NN001,validation,0.14,6274,0.06700582368297744,0.3058654765699713,1919,0.639027639027639,4.564759594883918
NN001,validation,0.15,6722,0.06700582368297744,0.29217494793216303,1964,0.654012654012654,4.360441106052531
NN001,validation,0.16,7170,0.06700582368297744,0.2803347280334728,2010,0.6693306693306693,4.1837367653267235
NN001,validation,0.17,7618,0.06700582368297744,0.2692307692307692,2051,0.682983682983683,4.018020441097364
NN001,validation,0.18,8067,0.06700582368297744,0.26044378331473905,2101,0.6996336996336996,3.8868827961427437
NN001,validation,0.19,8515,0.06700582368297744,0.2507339988256019,2135,0.710955710955711,3.741973235220446
NN001,validation,0.2,8963,0.06700582368297744,0.2429989958719179,2178,0.7252747252747253,3.6265354638667144
NN001,validation,0.21,9411,0.06700582368297744,0.23536287323345023,2215,0.7375957375957376,3.5125733898446683
NN001,validation,0.22,9859,0.06700582368297744,0.22801501166446903,2248,0.7485847485847485,3.402913345909593
NN001,validation,0.23,10307,0.06700582368297744,0.2209178228388474,2277,0.7582417582417582,3.2969943610285126
NN001,validation,0.24,10756,0.06700582368297744,0.21411305317962068,2303,0.7668997668997669,3.195439461988365
NN001,validation,0.25,11204,0.06700582368297744,0.20867547304534095,2338,0.7785547785547785,3.1142886032211274
NN001,validation,0.26,11652,0.06700582368297744,0.203913491246138,2376,0.7912087912087912,3.043220425300755
NN001,validation,0.27,12100,0.06700582368297744,0.19859504132231404,2403,0.8001998001998002,2.96384747483921
NN001,validation,0.28,12548,0.06700582368297744,0.19421421740516417,2437,0.8115218115218116,2.898467726089658
NN001,validation,0.29,12996,0.06700582368297744,0.18928901200369344,2460,0.8191808191808192,2.8249635867364398
NN001,validation,0.3,13445,0.06700582368297744,0.18445518780215694,2480,0.8258408258408259,2.7528232273490736
NN001,validation,0.31,13893,0.06700582368297744,0.1799467357662132,2500,0.8325008325008325,2.6855387468645944
NN001,validation,0.32,14341,0.06700582368297744,0.17558050345164214,2518,0.8384948384948385,2.620376764299782
NN001,validation,0.33,14789,0.06700582368297744,0.17168165528433296,2539,0.8454878454878455,2.5621900582344157
NN001,validation,0.34,15237,0.06700582368297744,0.16840585417076853,2566,0.8544788544788545,2.5133017537034075
NN001,validation,0.35,15685,0.06700582368297744,0.16461587503984698,2582,0.8598068598068598,2.456739817402871
NN001,validation,0.36,16134,0.06700582368297744,0.16102640386760878,2598,0.8651348651348651,2.4031702771011063
NN001,validation,0.37,16582,0.06700582368297744,0.1575805089856471,2613,0.8701298701298701,2.3517434802563257
NN001,validation,0.38,17030,0.06700582368297744,0.1544920728126835,2631,0.8761238761238761,2.3056514243243544
NN001,validation,0.39,17478,0.06700582368297744,0.15133310447419612,2645,0.8807858807858808,2.258506740999017
NN001,validation,0.4,17926,0.06700582368297744,0.14849938636617205,2662,0.8864468864468864,2.216216116807437
NN001,validation,0.41,18374,0.06700582368297744,0.14536845542614565,2671,0.8894438894438894,2.1694898657454442
NN001,validation,0.42,18823,0.06700582368297744,0.14253838389204695,2683,0.8934398934398934,2.127253663299989
NN001,validation,0.43,19271,0.06700582368297744,0.13948419905557574,2688,0.8951048951048951,2.0816727769143317
NN001,validation,0.44,19719,0.06700582368297744,0.13672092905319744,2696,0.8977688977688978,2.0404335256001165
NN001,validation,0.45,20167,0.06700582368297744,0.13432835820895522,2709,0.9020979020979021,2.004726616666915
NN001,validation,0.46,20615,0.06700582368297744,0.13218530196458889,2725,0.9074259074259075,1.972743482566427
NN001,validation,0.47,21063,0.06700582368297744,0.12980107297156152,2734,0.9104229104229105,1.9371610680541034
NN001,validation,0.48,21512,0.06700582368297744,0.12746374116772033,2742,0.913086913086913,1.90227855075382
NN001,validation,0.49,21960,0.06700582368297744,0.12550091074681238,2756,0.9177489177489178,1.872985120526104
NN001,validation,0.5,22408,0.06700582368297744,0.12366119243127455,2771,0.9227439227439227,1.8455290247061042
NN002,validation,0.01,448,0.06700582368297744,0.6674107142857143,299,0.09956709956709957,9.960488172541744
NN002,validation,0.02,896,0.06700582368297744,0.5993303571428571,537,0.17882117882117882,8.944451753603538
NN002,validation,0.03,1344,0.06700582368297744,0.5580357142857143,750,0.24975024975024976,8.32816736834594
NN002,validation,0.04,1792,0.06700582368297744,0.5083705357142857,911,0.30336330336330336,7.586960472563151
NN002,validation,0.05,2240,0.06700582368297744,0.4732142857142857,1060,0.35298035298035296,7.0622859283573565
NN002,validation,0.06,2689,0.06700582368297744,0.4473782075120863,1203,0.4005994005994006,6.67670633568737
NN002,validation,0.07,3137,0.06700582368297744,0.4220592923175008,1324,0.4408924408924409,6.298844923008136
NN002,validation,0.08,3585,0.06700582368297744,0.40251046025104603,1443,0.4805194805194805,6.007096669021355
NN002,validation,0.09,4033,0.06700582368297744,0.3830895115298785,1545,0.5144855144855145,5.717256955789066
NN002,validation,0.1,4481,0.06700582368297744,0.3644275831287659,1633,0.5437895437895438,5.438744919441192
NN002,validation,0.11,4929,0.06700582368297744,0.34814363968350576,1716,0.5714285714285714,5.195722111120771
NN002,validation,0.12,5378,0.06700582368297744,0.3333953142432131,1793,0.5970695970695971,4.975616982496864
NN002,validation,0.13,5826,0.06700582368297744,0.31840027463096465,1855,0.6177156177156177,4.751829872839141
NN002,validation,0.14,6274,0.06700582368297744,0.3036340452661779,1905,0.6343656343656343,4.531457544686744
NN002,validation,0.15,6722,0.06700582368297744,0.2920261826837251,1963,0.6536796536796536,4.358220922189979
NN002,validation,0.16,7170,0.06700582368297744,0.2808926080892608,2014,0.6706626706626707,4.1920626096358315
NN002,validation,0.17,7618,0.06700582368297744,0.2704121816749803,2060,0.685980685980686,4.035651930112419
NN002,validation,0.18,8067,0.06700582368297744,0.26007189785546053,2098,0.6986346986346986,3.8813327493134113
NN002,validation,0.19,8515,0.06700582368297744,0.25026423957721666,2131,0.7096237096237096,3.7349625125315082
NN002,validation,0.2,8963,0.06700582368297744,0.24221800736360594,2171,0.7229437229437229,3.614879932072836
NN002,validation,0.21,9411,0.06700582368297744,0.23408776963128256,2203,0.7335997335997336,3.4935436468748553
NN002,validation,0.22,9859,0.06700582368297744,0.2266964195151638,2235,0.7442557442557443,3.3832345765604717
NN002,validation,0.23,10307,0.06700582368297744,0.22082080139710877,2276,0.7579087579087579,3.295546405665742
NN002,validation,0.24,10756,0.06700582368297744,0.21448493863889923,2307,0.7682317682317682,3.2009895088176976
NN002,validation,0.25,11204,0.06700582368297744,0.20840771153159585,2335,0.7775557775557775,3.1102925100604497
NN002,validation,0.26,11652,0.06700582368297744,0.20314109165808444,2367,0.7882117882117882,3.0316930752049185
NN002,validation,0.27,12100,0.06700582368297744,0.1971900826446281,2386,0.7945387945387945,2.942879764863236
NN002,validation,0.28,12548,0.06700582368297744,0.19166401020082882,2405,0.8008658008658008,2.8604082401500315
NN002,validation,0.29,12996,0.06700582368297744,0.18674976915974145,2427,0.8081918081918081,2.787067733743634
NN002,validation,0.3,13445,0.06700582368297744,0.1823726292301971,2452,0.8165168165168165,2.7217429651048093
NN002,validation,0.31,13893,0.06700582368297744,0.17785935363132513,2471,0.8228438228438228,2.654386497400965
NN002,validation,0.32,14341,0.06700582368297744,0.17383724984310717,2493,0.8301698301698301,2.5943603150910866
NN002,validation,0.33,14789,0.06700582368297744,0.17046453445128135,2521,0.8394938394938395,2.5440256545131787
NN002,validation,0.34,15237,0.06700582368297744,0.16669948152523462,2540,0.8458208458208458,2.4878357187866933
NN002,validation,0.35,15685,0.06700582368297744,0.16321326107746253,2560,0.8524808524808525,2.435807100136077
NN002,validation,0.36,16134,0.06700582368297744,0.1599727283996529,2581,0.8594738594738595,2.3874451444179967
NN002,validation,0.37,16582,0.06700582368297744,0.1569171390664576,2602,0.8664668664668664,2.3418432972165935
NN002,validation,0.38,17030,0.06700582368297744,0.15349383440986494,2614,0.8704628704628704,2.290753638610362
NN002,validation,0.39,17478,0.06700582368297744,0.15041766792539193,2629,0.8754578754578755,2.244844696440989
NN002,validation,0.4,17926,0.06700582368297744,0.14738368849715497,2642,0.8797868797868797,2.1995653571018963
NN002,validation,0.41,18374,0.06700582368297744,0.14460650919777948,2657,0.8847818847818848,2.158118522383244
NN002,validation,0.42,18823,0.06700582368297744,0.14190086596185517,2671,0.8894438894438894,2.1177392973068474
NN002,validation,0.43,19271,0.06700582368297744,0.13948419905557574,2688,0.8951048951048951,2.0816727769143317
NN002,validation,0.44,19719,0.06700582368297744,0.13687306658552664,2699,0.8987678987678988,2.042704037683499
NN002,validation,0.45,20167,0.06700582368297744,0.13422918629444142,2707,0.9014319014319014,2.003246567485175
NN002,validation,0.46,20615,0.06700582368297744,0.13189425175842834,2719,0.9054279054279054,1.968399827191969
NN002,validation,0.47,21063,0.06700582368297744,0.129516213264967,2728,0.9084249084249084,1.932909800165177
NN002,validation,0.48,21512,0.06700582368297744,0.12727779843808107,2738,0.9117549117549117,1.8995035273391538
NN002,validation,0.49,21960,0.06700582368297744,0.12509107468123862,2747,0.9147519147519148,1.8668686959670566
NN002,validation,0.5,22408,0.06700582368297744,0.12317029632274187,2760,0.919080919080919,1.8382028539115292
NN003,validation,0.01,448,0.06700582368297744,0.6830357142857143,306,0.1018981018981019,10.19367685885543
NN003,validation,0.02,896,0.06700582368297744,0.5982142857142857,536,0.1784881784881785,8.927795418866847
NN003,validation,0.03,1344,0.06700582368297744,0.5491071428571429,738,0.24575424575424576,8.194916690452406
NN003,validation,0.04,1792,0.06700582368297744,0.515625,924,0.3076923076923077,7.695226648351648
NN003,validation,0.05,2240,0.06700582368297744,0.4816964285714286,1079,0.3593073593073593,7.1888740723562154
NN003,validation,0.06,2689,0.06700582368297744,0.4574191149126069,1230,0.4095904095904096,6.826557600079354
NN003,validation,0.07,3137,0.06700582368297744,0.4338540006375518,1361,0.4532134532134532,6.474870045478907
NN003,validation,0.08,3585,0.06700582368297744,0.4117154811715481,1476,0.4915084915084915,6.144473100121635
NN003,validation,0.09,4033,0.06700582368297744,0.39077609719811557,1576,0.5248085248085248,5.831972143898749
NN003,validation,0.1,4481,0.06700582368297744,0.37067618835081456,1661,0.5531135531135531,5.531999578194624
NN003,validation,0.11,4929,0.06700582368297744,0.3501724487725705,1726,0.5747585747585747,5.226000212001429
NN003,validation,0.12,5378,0.06700582368297744,0.33637039791744144,1809,0.6023976023976024,5.020017357131526
NN003,validation,0.13,5826,0.06700582368297744,0.32440782698249226,1890,0.6293706293706294,4.8414870402512005
NN003,validation,0.14,6274,0.06700582368297744,0.3101689512272872,1946,0.6480186480186481,4.628984977407036
NN003,validation,0.15,6722,0.06700582368297744,0.29604284439155015,1990,0.6626706626706627,4.418165886478889
NN003,validation,0.16,7170,0.06700582368297744,0.28326359832635983,2031,0.6763236763236763,4.227447447949539
NN003,validation,0.17,7618,0.06700582368297744,0.27198739826726176,2072,0.6899766899766899,4.059160582132491
NN003,validation,0.18,8067,0.06700582368297744,0.26155943969257467,2110,0.7026307026307026,3.903532936630742
NN003,validation,0.19,8515,0.06700582368297744,0.2530827950675279,2155,0.7176157176157176,3.777026848665134
NN003,validation,0.2,8963,0.06700582368297744,0.24556510097065715,2201,0.732933732933733,3.6648322111894576
NN003,validation,0.21,9411,0.06700582368297744,0.23695675273615982,2230,0.7425907425907425,3.5363605685569346
NN003,validation,0.22,9859,0.06700582368297744,0.22994218480576123,2267,0.7549117549117549,3.431674624189078
NN003,validation,0.23,10307,0.06700582368297744,0.22276123023188124,2296,0.7645687645687645,3.3245055129211525
NN003,validation,0.24,10756,0.06700582368297744,0.21643733730011155,2328,0.7752247752247752,3.230127254671695
NN003,validation,0.25,11204,0.06700582368297744,0.21072831131738665,2361,0.7862137862137862,3.144925317452986
NN003,validation,0.26,11652,0.06700582368297744,0.2057157569515963,2397,0.7982017982017982,3.070117575524373
NN003,validation,0.27,12100,0.06700582368297744,0.2006611570247934,2428,0.8085248085248086,2.9946823424509375
NN003,validation,0.28,12548,0.06700582368297744,0.19548932100733185,2453,0.8168498168498168,2.917497469059471
NN003,validation,0.29,12996,0.06700582368297744,0.1904432132963989,2475,0.8241758241758241,2.8421889744604427
NN003,validation,0.3,13445,0.06700582368297744,0.1860171067311268,2501,0.8328338328338328,2.7761334240322713
NN003,validation,0.31,13893,0.06700582368297744,0.18153026704095587,2522,0.8398268398268398,2.709171487837003
NN003,validation,0.32,14341,0.06700582368297744,0.1771842967714943,2541,0.8461538461538461,2.6443118975717814
NN003,validation,0.33,14789,0.06700582368297744,0.17262830482115085,2553,0.8501498501498501,2.576317927795377
NN003,validation,0.34,15237,0.06700582368297744,0.16893089190785587,2574,0.8571428571428571,2.5211374567547042
NN003,validation,0.35,15685,0.06700582368297744,0.1653809372011476,2594,0.8638028638028638,2.4681576631847593
NN003,validation,0.36,16134,0.06700582368297744,0.16164621296640636,2608,0.8684648684648685,2.4124203551499943
NN003,validation,0.37,16582,0.06700582368297744,0.15842479797370643,2627,0.8747918747918748,2.3643437132159844
NN003,validation,0.38,17030,0.06700582368297744,0.1547269524368761,2635,0.8774558774558775,2.309156785668823
NN003,validation,0.39,17478,0.06700582368297744,0.1515047488270969,2648,0.8817848817848818,2.261068374353647
NN003,validation,0.4,17926,0.06700582368297744,0.14849938636617205,2662,0.8864468864468864,2.216216116807437
NN003,validation,0.41,18374,0.06700582368297744,0.14536845542614565,2671,0.8894438894438894,2.1694898657454442
NN003,validation,0.42,18823,0.06700582368297744,0.14243213090368168,2681,0.8927738927738927,2.125667935634466
NN003,validation,0.43,19271,0.06700582368297744,0.1395879819417778,2690,0.8957708957708957,2.083221640587631
NN003,validation,0.44,19719,0.06700582368297744,0.13682235407475024,2698,0.8984348984348984,2.0419472003223715
NN003,validation,0.45,20167,0.06700582368297744,0.13422918629444142,2707,0.9014319014319014,2.003246567485175
NN003,validation,0.46,20615,0.06700582368297744,0.13170021828765463,2715,0.9040959040959041,1.96550405694233
NN003,validation,0.47,21063,0.06700582368297744,0.12956368988273276,2729,0.9087579087579087,1.9336183448133313
NN003,validation,0.48,21512,0.06700582368297744,0.12723131275567126,2737,0.9114219114219114,1.8988097714854875
NN003,validation,0.49,21960,0.06700582368297744,0.1251366120218579,2748,0.9150849150849151,1.8675482986958394
NN003,validation,0.5,22408,0.06700582368297744,0.12343805783648697,2766,0.9210789210789211,1.8421989470722064
NN004,validation,0.01,448,0.06700582368297744,0.6741071428571429,302,0.10056610056610056,10.060426180961896
NN004,validation,0.02,896,0.06700582368297744,0.5959821428571429,534,0.17782217782217782,8.894482749393465
NN004,validation,0.03,1344,0.06700582368297744,0.5535714285714286,744,0.24775224775224775,8.261542029399171
NN004,validation,0.04,1792,0.06700582368297744,0.51171875,917,0.30536130536130535,7.6369294767732265
NN004,validation,0.05,2240,0.06700582368297744,0.4763392857142857,1067,0.3553113553113553,7.108923665620093
NN004,validation,0.06,2689,0.06700582368297744,0.4503532911863146,1211,0.40326340326340326,6.721106710322032
NN004,validation,0.07,3137,0.06700582368297744,0.42652215492508766,1338,0.44555444555444557,6.365449023402482
NN004,validation,0.08,3585,0.06700582368297744,0.4103207810320781,1471,0.48984348984348985,6.123658489348865
NN004,validation,0.09,4033,0.06700582368297744,0.38656087279940493,1559,0.5191475191475191,5.769063814935374
NN004,validation,0.1,4481,0.06700582368297744,0.36978353046195045,1657,0.5517815517815517,5.51867748408699
NN004,validation,0.11,4929,0.06700582368297744,0.3524041387705417,1737,0.5784215784215784,5.259306122970153
NN004,validation,0.12,5378,0.06700582368297744,0.33581256972852364,1806,0.6013986013986014,5.011692286887527
NN004,validation,0.13,5826,0.06700582368297744,0.3190868520425678,1859,0.6190476190476191,4.762076406257663
NN004,validation,0.14,6274,0.06700582368297744,0.30140261396238444,1891,0.6297036297036297,4.498155494489572
NN004,validation,0.15,6722,0.06700582368297744,0.2894971734602797,1946,0.6480186480186481,4.320477796526592
NN004,validation,0.16,7170,0.06700582368297744,0.27768479776847976,1991,0.663003663003663,4.14418900485846
NN004,validation,0.17,7618,0.06700582368297744,0.2659490679968496,2026,0.6746586746586747,3.9690440827222138
NN004,validation,0.18,8067,0.06700582368297744,0.25771662328002976,2079,0.6923076923076923,3.846182452727637
NN004,validation,0.19,8515,0.06700582368297744,0.24838520258367586,2115,0.7042957042957043,3.7069196217757576
NN004,validation,0.2,8963,0.06700582368297744,0.24110230949458886,2161,0.7196137196137196,3.5982291723672954
NN004,validation,0.21,9411,0.06700582368297744,0.23281266602911488,2191,0.7296037296037297,3.474513903905042
NN004,validation,0.22,9859,0.06700582368297744,0.22629069885383912,2231,0.742923742923743,3.3771795706068954
NN004,validation,0.23,10307,0.06700582368297744,0.22023867274667702,2270,0.755910755910756,3.2868586734891188
NN004,validation,0.24,10756,0.06700582368297744,0.21374116772034213,2299,0.7655677655677655,3.189889415159032
NN004,validation,0.25,11204,0.06700582368297744,0.2078721885041057,2329,0.7755577755577756,3.1023003237390956
NN004,validation,0.26,11652,0.06700582368297744,0.2022828698935805,2357,0.7848817848817848,3.018884908431767
NN004,validation,0.27,12100,0.06700582368297744,0.19776859504132233,2393,0.7968697968697969,2.9515135277945195
NN004,validation,0.28,12548,0.06700582368297744,0.19270003187759005,2418,0.8051948051948052,2.8758699063130044
NN004,validation,0.29,12996,0.06700582368297744,0.18821175746383503,2446,0.8145188145188145,2.8088865581940374
NN004,validation,0.3,13445,0.06700582368297744,0.1833395314243213,2465,0.8208458208458208,2.7361730868610747
NN004,validation,0.31,13893,0.06700582368297744,0.1790110127402289,2487,0.8281718281718282,2.6715739453808984
NN004,validation,0.32,14341,0.06700582368297744,0.17474374171954535,2506,0.8344988344988346,2.6078888686796082
NN004,validation,0.33,14789,0.06700582368297744,0.17053215227533977,2522,0.8398268398268398,2.5450347880532473
NN004,validation,0.34,15237,0.06700582368297744,0.16722451926232199,2548,0.8484848484848485,2.49567142183799
NN004,validation,0.35,15685,0.06700582368297744,0.16353203697800447,2565,0.8541458541458542,2.44056453587853
NN004,validation,0.36,16134,0.06700582368297744,0.16009669021941242,2583,0.8601398601398601,2.3892951600277743
NN004,validation,0.37,16582,0.06700582368297744,0.1565553009287179,2596,0.8644688644688645,2.33644319737674
NN004,validation,0.38,17030,0.06700582368297744,0.15337639459776864,2612,0.8697968697968698,2.2890009579381276
NN004,validation,0.39,17478,0.06700582368297744,0.15110424533699507,2641,0.8794538794538794,2.25509122985951
NN004,validation,0.4,17926,0.06700582368297744,0.1480531072185652,2654,0.8837828837828838,2.2095558129252204
NN004,validation,0.41,18374,0.06700582368297744,0.14504190704256015,2665,0.8874458874458875,2.16461643287593
NN004,validation,0.42,18823,0.06700582368297744,0.14227275142113371,2678,0.8917748917748918,2.12328934413618
NN004,validation,0.43,19271,0.06700582368297744,0.13948419905557574,2688,0.8951048951048951,2.0816727769143317
NN004,validation,0.44,19719,0.06700582368297744,0.1371773416501851,2705,0.9007659007659008,2.047245061850265
NN004,validation,0.45,20167,0.06700582368297744,0.13482421778152429,2719,0.9054279054279054,2.0121268625756157
NN004,validation,0.46,20615,0.06700582368297744,0.13233082706766916,2728,0.9084249084249084,1.9749153102536559
NN004,validation,0.47,21063,0.06700582368297744,0.13003845606039025,2739,0.9120879120879121,1.9407037912948748
NN004,validation,0.48,21512,0.06700582368297744,0.12802156935663817,2754,0.9170829170829171,1.9106036209978197
NN004,validation,0.49,21960,0.06700582368297744,0.12577413479052824,2762,0.9197469197469198,1.8770627368988024
NN004,validation,0.5,22408,0.06700582368297744,0.123527311674402,2768,0.9217449217449217,1.8435309781257656
NN005,validation,0.01,448,0.06700582368297744,0.6607142857142857,296,0.09856809856809857,9.860550164121593
NN005,validation,0.02,896,0.06700582368297744,0.5814732142857143,521,0.1734931734931735,8.677950397816469
NN005,validation,0.03,1344,0.06700582368297744,0.5364583333333334,721,0.2400932400932401,8.006144896769896
NN005,validation,0.04,1792,0.06700582368297744,0.4955357142857143,888,0.2957042957042957,7.395412623091194
NN005,validation,0.05,2240,0.06700582368297744,0.4660714285714286,1044,0.34765234765234765,6.9556853860425285
NN005,validation,0.06,2689,0.06700582368297744,0.4354778728151729,1171,0.38994338994338995,6.499104837148719
NN005,validation,0.07,3137,0.06700582368297744,0.40803315269365636,1280,0.42624042624042624,6.089517750340192
NN005,validation,0.08,3585,0.06700582368297744,0.38633193863319387,1385,0.4612054612054612,5.765647184057226
NN005,validation,0.09,4033,0.06700582368297744,0.36325316141829905,1465,0.48784548784548787,5.421217760667302
NN005,validation,0.1,4481,0.06700582368297744,0.3430037937960277,1537,0.5118215118215118,5.119014660857999
NN005,validation,0.11,4929,0.06700582368297744,0.32765266788395214,1615,0.5377955377955378,4.889913292226135
NN005,validation,0.12,5378,0.06700582368297744,0.31164001487541837,1676,0.5581085581085581,4.650939242980894
NN005,validation,0.13,5826,0.06700582368297744,0.2976313079299691,1734,0.5774225774225774,4.441872236928879
NN005,validation,0.14,6274,0.06700582368297744,0.2846668791839337,1786,0.5947385947385947,4.248390118010774
NN005,validation,0.15,6722,0.06700582368297744,0.27313299613210357,1836,0.6113886113886113,4.076257571645849
NN005,validation,0.16,7170,0.06700582368297744,0.26164574616457464,1876,0.6247086247086248,3.904820980971609
NN005,validation,0.17,7618,0.06700582368297744,0.252165922814387,1921,0.6396936396936397,3.7633433775465805
NN005,validation,0.18,8067,0.06700582368297744,0.24197347217057147,1952,0.65001665001665,3.6112304702858813
NN005,validation,0.19,8515,0.06700582368297744,0.2334703464474457,1988,0.662004662004662,3.484329176401989
NN005,validation,0.2,8963,0.06700582368297744,0.22682137677117037,2033,0.6769896769896769,3.3850994481363776
NN005,validation,0.21,9411,0.06700582368297744,0.2196365954733822,2067,0.6883116883116883,3.2778732265503066
NN005,validation,0.22,9859,0.06700582368297744,0.21259762653413125,2096,0.697968697968698,3.172823119673713
NN005,validation,0.23,10307,0.06700582368297744,0.20626758513631513,2126,0.707958707958708,3.0783531012501615
NN005,validation,0.24,10756,0.06700582368297744,0.20100409074005207,2162,0.71994671994672,2.999800311254383
NN005,validation,0.25,11204,0.06700582368297744,0.1961799357372367,2198,0.7319347319347319,2.927804255722856
NN005,validation,0.26,11652,0.06700582368297744,0.19164092001373154,2233,0.7435897435897436,2.8600636404446904
NN005,validation,0.27,12100,0.06700582368297744,0.1878512396694215,2273,0.7569097569097569,2.803506163258229
NN005,validation,0.28,12548,0.06700582368297744,0.18297736691106153,2296,0.7645687645687645,2.73076811616818
NN005,validation,0.29,12996,0.06700582368297744,0.1793628808864266,2331,0.7762237762237763,2.676825252310017
NN005,validation,0.3,13445,0.06700582368297744,0.17471178876905913,2349,0.7822177822177823,2.607412000420554
NN005,validation,0.31,13893,0.06700582368297744,0.17058950550637011,2370,0.7892107892107892,2.5458907320276354
NN005,validation,0.32,14341,0.06700582368297744,0.16700369569765008,2395,0.7975357975357975,2.4923758341930013
NN005,validation,0.33,14789,0.06700582368297744,0.1634322807492055,2417,0.8048618048618048,2.4390757663460345
NN005,validation,0.34,15237,0.06700582368297744,0.16026776924591454,2442,0.8131868131868132,2.391848356408309
NN005,validation,0.35,15685,0.06700582368297744,0.15677398788651578,2459,0.8188478188478189,2.3397068981385205
NN005,validation,0.36,16134,0.06700582368297744,0.15352671377215818,2477,0.8248418248418249,2.2912443327095615
NN005,validation,0.37,16582,0.06700582368297744,0.15118803521891208,2507,0.8348318348318349,2.2563417164189086
NN005,validation,0.38,17030,0.06700582368297744,0.14844392248972402,2528,0.8418248418248419,2.2153883697042827
NN005,validation,0.39,17478,0.06700582368297744,0.1457832703970706,2548,0.8484848484848485,2.1756805958659715
NN005,validation,0.4,17926,0.06700582368297744,0.142809327234185,2560,0.8524808524808525,2.1312972423091803
NN005,validation,0.41,18374,0.06700582368297744,0.14052465440296072,2582,0.8598068598068598,2.0972006115143156
NN005,validation,0.42,18823,0.06700582368297744,0.13775699941560857,2593,0.8634698634698634,2.0558959183514247
NN005,validation,0.43,19271,0.06700582368297744,0.13517720927819002,2605,0.8674658674658675,2.0173949344724083
NN005,validation,0.44,19719,0.06700582368297744,0.13291749074496678,2621,0.8727938727938728,1.983670723515543
NN005,validation,0.45,20167,0.06700582368297744,0.13060941141468735,2634,0.8771228771228772,1.9492247723516625
NN005,validation,0.46,20615,0.06700582368297744,0.12859568275527528,2651,0.8827838827838828,1.919171732948109
NN005,validation,0.47,21063,0.06700582368297744,0.1267625694345535,2670,0.8891108891108891,1.8918142105722224
NN005,validation,0.48,21512,0.06700582368297744,0.12467460022313127,2682,0.8931068931068931,1.8606531995338242
NN005,validation,0.49,21960,0.06700582368297744,0.12281420765027322,2697,0.8981018981018981,1.8328885595279036
NN005,validation,0.5,22408,0.06700582368297744,0.12102820421278115,2712,0.903096903096903,1.8062341086261116
NN006,validation,0.01,448,0.06700582368297744,0.6785714285714286,304,0.10123210123210123,10.127051519908663
NN006,validation,0.02,896,0.06700582368297744,0.625,560,0.1864801864801865,9.327547452547453
NN006,validation,0.03,1344,0.06700582368297744,0.5505952380952381,740,0.24642024642024643,8.217125136767994
NN006,validation,0.04,1792,0.06700582368297744,0.51171875,917,0.30536130536130535,7.6369294767732265
NN006,validation,0.05,2240,0.06700582368297744,0.4758928571428571,1066,0.354978354978355,7.102261131725417
NN006,validation,0.06,2689,0.06700582368297744,0.4503532911863146,1211,0.40326340326340326,6.721106710322032
NN006,validation,0.07,3137,0.06700582368297744,0.43002868983104875,1349,0.4492174492174492,6.417780816569468
NN006,validation,0.08,3585,0.06700582368297744,0.4094839609483961,1468,0.48884448884448883,6.111169722885204
NN006,validation,0.09,4033,0.06700582368297744,0.3880485990577734,1565,0.5211455211455212,5.791266754569507
NN006,validation,0.1,4481,0.06700582368297744,0.3695603659897344,1656,0.5514485514485514,5.515346960560082
NN006,validation,0.11,4929,0.06700582368297744,0.3524041387705417,1737,0.5784215784215784,5.259306122970153
NN006,validation,0.12,5378,0.06700582368297744,0.3339531424321309,1796,0.598068598068598,4.983942052740863
NN006,validation,0.13,5826,0.06700582368297744,0.3216615173360796,1874,0.624042624042624,4.800500906577116
NN006,validation,0.14,6274,0.06700582368297744,0.3045903729678036,1911,0.6363636363636364,4.545729851914104
NN006,validation,0.15,6722,0.06700582368297744,0.2918774174352871,1962,0.6533466533466533,4.356000738327427
NN006,validation,0.16,7170,0.06700582368297744,0.2797768479776848,2006,0.667998667998668,4.175410921017615
NN006,validation,0.17,7618,0.06700582368297744,0.2698871094775532,2056,0.6846486846486847,4.027815712772394
NN006,validation,0.18,8067,0.06700582368297744,0.26007189785546053,2098,0.6986346986346986,3.8813327493134113
NN006,validation,0.19,8515,0.06700582368297744,0.2506165590135056,2134,0.7106227106227107,3.7402205545482117
NN006,validation,0.2,8963,0.06700582368297744,0.24244114693740934,2173,0.7236097236097236,3.618210084013944
NN006,validation,0.21,9411,0.06700582368297744,0.23493783869939433,2211,0.7362637362637363,3.5062301421880635
NN006,validation,0.22,9859,0.06700582368297744,0.22750786083781316,2243,0.7469197469197469,3.395344588467623
NN006,validation,0.23,10307,0.06700582368297744,0.2209178228388474,2277,0.7582417582417582,3.2969943610285126
NN006,validation,0.24,10756,0.06700582368297744,0.21467088136853849,2309,0.768897768897769,3.203764532232364
NN006,validation,0.25,11204,0.06700582368297744,0.20956801142449125,2348,0.7818847818847818,3.127608913756718
NN006,validation,0.26,11652,0.06700582368297744,0.2040851355990388,2378,0.7918747918747919,3.045782058655385
NN006,validation,0.27,12100,0.06700582368297744,0.1984297520661157,2401,0.7995337995337995,2.961380685430272
NN006,validation,0.28,12548,0.06700582368297744,0.1932578897035384,2425,0.8075258075258075,2.884195418862298
NN006,validation,0.29,12996,0.06700582368297744,0.18859649122807018,2451,0.8161838161838162,2.8146283541020383
NN006,validation,0.3,13445,0.06700582368297744,0.18386017106731126,2472,0.8231768231768232,2.7439431524221405
NN006,validation,0.31,13893,0.06700582368297744,0.17922694882314835,2490,0.8291708291708292,2.674796591877136
NN006,validation,0.32,14341,0.06700582368297744,0.17523185272993516,2513,0.8368298368298368,2.615173474458043
NN006,validation,0.33,14789,0.06700582368297744,0.17161403746027454,2538,0.8451548451548452,2.5611809246943467
NN006,validation,0.34,15237,0.06700582368297744,0.16807770558508892,2561,0.8528138528138528,2.508404439296347
NN006,validation,0.35,15685,0.06700582368297744,0.1641695887790883,2575,0.8574758574758575,2.4500794073634364
NN006,validation,0.36,16134,0.06700582368297744,0.16084046113796951,2595,0.8641358641358642,2.40039525368644
NN006,validation,0.37,16582,0.06700582368297744,0.15733928356048726,2609,0.8687978687978688,2.3481434136964228
NN006,validation,0.38,17030,0.06700582368297744,0.15455079271873165,2632,0.8764568764568764,2.3065277646604714
NN006,validation,0.39,17478,0.06700582368297744,0.15116146012129533,2642,0.8797868797868797,2.2559451076443864
NN006,validation,0.4,17926,0.06700582368297744,0.14827624679236862,2658,0.8851148851148851,2.212885964866328
NN006,validation,0.41,18374,0.06700582368297744,0.14531403069554805,2670,0.8891108891108891,2.1686776269338583
NN006,validation,0.42,18823,0.06700582368297744,0.14232587791531637,2679,0.8921078921078921,2.124082207968942
NN006,validation,0.43,19271,0.06700582368297744,0.13938041616937366,2686,0.8944388944388945,2.080123913241032
NN006,validation,0.44,19719,0.06700582368297744,0.13672092905319744,2696,0.8977688977688978,2.0404335256001165
NN006,validation,0.45,20167,0.06700582368297744,0.13442753012346903,2711,0.9027639027639027,2.006206665848655
NN006,validation,0.46,20615,0.06700582368297744,0.1320397768615086,2722,0.9064269064269064,1.9705716548791978
NN006,validation,0.47,21063,0.06700582368297744,0.12984854958932726,2735,0.9107559107559108,1.9378696127022577
NN006,validation,0.48,21512,0.06700582368297744,0.12783562662699888,2750,0.9157509157509157,1.907828597583153
NN006,validation,0.49,21960,0.06700582368297744,0.12586520947176685,2764,0.9204129204129204,1.8784219423563686
NN006,validation,0.5,22408,0.06700582368297744,0.12379507318814709,2774,0.9237429237429238,1.847527071286443
NN007,validation,0.01,448,0.06700582368297744,0.6607142857142857,296,0.09856809856809857,9.860550164121593
NN007,validation,0.02,896,0.06700582368297744,0.5926339285714286,531,0.17682317682317683,8.844513745183388
NN007,validation,0.03,1344,0.06700582368297744,0.5543154761904762,745,0.2480852480852481,8.272646252556966
NN007,validation,0.04,1792,0.06700582368297744,0.5178571428571429,928,0.30902430902430905,7.728539317825033
NN007,validation,0.05,2240,0.06700582368297744,0.490625,1099,0.36596736596736595,7.32212475024975
NN007,validation,0.06,2689,0.06700582368297744,0.45593157307549276,1226,0.40825840825840826,6.804357412762024
NN007,validation,0.07,3137,0.06700582368297744,0.4383168632451387,1375,0.45787545787545786,6.541474145873253
NN007,validation,0.08,3585,0.06700582368297744,0.41199442119944213,1477,0.49184149184149184,6.1486360222761895
NN007,validation,0.09,4033,0.06700582368297744,0.3905281428217208,1575,0.5244755244755245,5.828271653959727
NN007,validation,0.1,4481,0.06700582368297744,0.3702298594063825,1659,0.5524475524475524,5.5253385311408065
NN007,validation,0.11,4929,0.06700582368297744,0.3530127814972611,1740,0.5794205794205795,5.268389553234349
NN007,validation,0.12,5378,0.06700582368297744,0.33637039791744144,1809,0.6023976023976024,5.020017357131526
NN007,validation,0.13,5826,0.06700582368297744,0.3237212495708891,1886,0.6280386280386281,4.831240506832679
NN007,validation,0.14,6274,0.06700582368297744,0.3096907873764743,1943,0.647019647019647,4.621848823793356
NN007,validation,0.15,6722,0.06700582368297744,0.29544778339779826,1986,0.6613386613386614,4.409285151028679
NN007,validation,0.16,7170,0.06700582368297744,0.2839609483960948,2036,0.677988677988678,4.237854753335925
NN007,validation,0.17,7618,0.06700582368297744,0.27264373851404566,2077,0.6916416916416916,4.068955853807521
NN007,validation,0.18,8067,0.06700582368297744,0.2625511342506508,2118,0.7052947052947053,3.9183330615089633
NN007,validation,0.19,8515,0.06700582368297744,0.25296535525543157,2154,0.7172827172827173,3.775274167992899
NN007,validation,0.2,8963,0.06700582368297744,0.2446725426754435,2193,0.7302697302697303,3.6515116034250252
NN007,validation,0.21,9411,0.06700582368297744,0.23685049410264583,2229,0.7422577422577422,3.534774756642783
NN007,validation,0.22,9859,0.06700582368297744,0.22994218480576123,2267,0.7549117549117549,3.431674624189078
NN007,validation,0.23,10307,0.06700582368297744,0.223343358882313,2302,0.7665667665667666,3.333193245097776
NN007,validation,0.24,10756,0.06700582368297744,0.2159724804760134,2323,0.7735597735597736,3.223189696135029
NN007,validation,0.25,11204,0.06700582368297744,0.20947875758657622,2347,0.7815517815517815,3.126276882703159
NN007,validation,0.26,11652,0.06700582368297744,0.20477171301064195,2386,0.7945387945387945,3.0560285920739063
NN007,validation,0.27,12100,0.06700582368297744,0.19991735537190083,2419,0.8055278055278056,2.9835817901107156
NN007,validation,0.28,12548,0.06700582368297744,0.19469238125597704,2443,0.8135198135198135,2.9056038797033374
NN007,validation,0.29,12996,0.06700582368297744,0.1902123730378578,2472,0.8231768231768232,2.8387438969156418
NN007,validation,0.3,13445,0.06700582368297744,0.18542208999628115,2493,0.8301698301698301,2.7672533491053386
NN007,validation,0.31,13893,0.06700582368297744,0.18124235226372992,2518,0.8384948384948385,2.7048746258420193
NN007,validation,0.32,14341,0.06700582368297744,0.1773934872045185,2544,0.8471528471528471,2.647433871476825
NN007,validation,0.33,14789,0.06700582368297744,0.17296639394144298,2558,0.8518148518148518,2.581363595495721
NN007,validation,0.34,15237,0.06700582368297744,0.1689965216249918,2575,0.8574758574758575,2.522116919636116
NN007,validation,0.35,15685,0.06700582368297744,0.16544469238125598,2595,0.8641358641358642,2.46910915033325
NN007,validation,0.36,16134,0.06700582368297744,0.16201809842568488,2614,0.8704628704628704,2.417970401979327
NN007,validation,0.37,16582,0.06700582368297744,0.15854541068628633,2629,0.8754578754578755,2.3661437464959354
NN007,validation,0.38,17030,0.06700582368297744,0.15513799177921314,2642,0.8797868797868797,2.3152911680216435
NN007,validation,0.39,17478,0.06700582368297744,0.15196246710149902,2656,0.8844488844488845,2.2678993966326613
NN007,validation,0.4,17926,0.06700582368297744,0.148889880620328,2669,0.8887778887778888,2.2220438827043756
NN007,validation,0.41,18374,0.06700582368297744,0.14564057907913355,2676,0.8911088911088911,2.1735510598033727
NN007,validation,0.42,18823,0.06700582368297744,0.14275088986877757,2687,0.8947718947718948,2.130425118631037
NN007,validation,0.43,19271,0.06700582368297744,0.14000311348658606,2698,0.8984348984348984,2.089417095280828
NN007,validation,0.44,19719,0.06700582368297744,0.1372280541609615,2706,0.9010989010989011,2.0480018992113926
NN007,validation,0.45,20167,0.06700582368297744,0.13467545990975355,2716,0.9044289044289044,2.009906788803005
NN007,validation,0.46,20615,0.06700582368297744,0.13223381033228232,2726,0.9077589077589078,1.9734674251288367
NN007,validation,0.47,21063,0.06700582368297744,0.12984854958932726,2735,0.9107559107559108,1.9378696127022577
NN007,validation,0.48,21512,0.06700582368297744,0.12751022685013016,2743,0.9134199134199135,1.902972306607487
NN007,validation,0.49,21960,0.06700582368297744,0.12531876138433515,2752,0.9164169164169165,1.8702667096109717
NN007,validation,0.5,22408,0.06700582368297744,0.12321492324169939,2761,0.9194139194139194,1.8388688694383089
NN008,validation,0.01,448,0.06700582368297744,0.6696428571428571,300,0.0999000999000999,9.993800842015126
NN008,validation,0.02,896,0.06700582368297744,0.5948660714285714,533,0.1774891774891775,8.877826414656772
NN008,validation,0.03,1344,0.06700582368297744,0.5394345238095238,725,0.24142524142524144,8.050561789401074
NN008,validation,0.04,1792,0.06700582368297744,0.5078125,910,0.30303030303030304,7.578632305194805
NN008,validation,0.05,2240,0.06700582368297744,0.48080357142857144,1077,0.35864135864135865,7.175549004566862
NN008,validation,0.06,2689,0.06700582368297744,0.45370026031982147,1220,0.40626040626040627,6.771057131786026
NN008,validation,0.07,3137,0.06700582368297744,0.43640420784188716,1369,0.4558774558774559,6.512929531418534
NN008,validation,0.08,3585,0.06700582368297744,0.4117154811715481,1476,0.4915084915084915,6.144473100121635
NN008,validation,0.09,4033,0.06700582368297744,0.38904041656335236,1569,0.5224775224775224,5.806068714325595
NN008,validation,0.1,4481,0.06700582368297744,0.3700066949341665,1658,0.5521145521145521,5.522008007613899
NN008,validation,0.11,4929,0.06700582368297744,0.3546358287685129,1748,0.5820845820845821,5.292612033938875
NN008,validation,0.12,5378,0.06700582368297744,0.33711416883599854,1813,0.6037296037296037,5.031117450790192
NN008,validation,0.13,5826,0.06700582368297744,0.3238928939237899,1887,0.6283716283716284,4.833802140187309
NN008,validation,0.14,6274,0.06700582368297744,0.3104877271278291,1948,0.6486846486846487,4.6337424131494895
NN008,validation,0.15,6722,0.06700582368297744,0.2963403748884261,1992,0.6633366633366633,4.422606254203993
NN008,validation,0.16,7170,0.06700582368297744,0.28465829846582985,2041,0.6796536796536796,4.248262058722309
NN008,validation,0.17,7618,0.06700582368297744,0.27224993436597533,2074,0.6906426906426907,4.063078690802503
NN008,validation,0.18,8067,0.06700582368297744,0.26304698152968886,2122,0.7066267066267067,3.9257331239480737
NN008,validation,0.19,8515,0.06700582368297744,0.2533176746917205,2157,0.7182817182817183,3.780532210009603
NN008,validation,0.2,8963,0.06700582368297744,0.2448956822492469,2195,0.7309357309357309,3.6548417553661334
NN008,validation,0.21,9411,0.06700582368297744,0.23770056317075763,2237,0.7449217449217449,3.5474612519559923
NN008,validation,0.22,9859,0.06700582368297744,0.23095648645907293,2277,0.7582417582417582,3.4468121390730175
NN008,validation,0.23,10307,0.06700582368297744,0.2234403803240516,2303,0.7668997668997669,3.3346412004605464
NN008,validation,0.24,10756,0.06700582368297744,0.21718110821866865,2336,0.7778887778887779,3.2412273483303604
NN008,validation,0.25,11204,0.06700582368297744,0.2109068189932167,2363,0.7868797868797869,3.147589379560104
NN008,validation,0.26,11652,0.06700582368297744,0.2055441125986955,2395,0.7975357975357975,3.0675559421697423
NN008,validation,0.27,12100,0.06700582368297744,0.20082644628099172,2430,0.8091908091908092,2.9971491318598753
NN008,validation,0.28,12548,0.06700582368297744,0.19548932100733185,2453,0.8168498168498168,2.917497469059471
NN008,validation,0.29,12996,0.06700582368297744,0.19036626654355185,2474,0.8238428238428238,2.841040615278842
NN008,validation,0.3,13445,0.06700582368297744,0.1857939754555597,2498,0.8318348318348319,2.7728033959346714
NN008,validation,0.31,13893,0.06700582368297744,0.1813863096523429,2520,0.8391608391608392,2.707023056839511
NN008,validation,0.32,14341,0.06700582368297744,0.17746321734885992,2545,0.8474858474858474,2.6484745294451733
NN008,validation,0.33,14789,0.06700582368297744,0.17316924741361822,2561,0.8528138528138528,2.5843909961159266
NN008,validation,0.34,15237,0.06700582368297744,0.1697184485134869,2586,0.8611388611388612,2.532891011331649
NN008,validation,0.35,15685,0.06700582368297744,0.16608224418233983,2605,0.8674658674658675,2.4786240218181566
NN008,validation,0.36,16134,0.06700582368297744,0.1624519647948432,2621,0.8727938727938728,2.4244454566135487
NN008,validation,0.37,16582,0.06700582368297744,0.1588469424677361,2634,0.8771228771228772,2.3706438296958137
NN008,validation,0.38,17030,0.06700582368297744,0.15554903112155022,2649,0.8821178821178821,2.3214255503744643
NN008,validation,0.39,17478,0.06700582368297744,0.15196246710149902,2656,0.8844488844488845,2.2678993966326613
NN008,validation,0.4,17926,0.06700582368297744,0.14872252593997545,2666,0.8877788877788878,2.2195462687485445
NN008,validation,0.41,18374,0.06700582368297744,0.1458582780015239,2680,0.8924408924408924,2.1768000150497158
NN008,validation,0.42,18823,0.06700582368297744,0.1428040163629602,2688,0.8951048951048951,2.1312179824637987
NN008,validation,0.43,19271,0.06700582368297744,0.1402106792589902,2702,0.8997668997668997,2.092514822627427
NN008,validation,0.44,19719,0.06700582368297744,0.13758304173639638,2713,0.9034299034299035,2.053299760739286
NN008,validation,0.45,20167,0.06700582368297744,0.1350225616105519,2723,0.9067599067599068,2.0150869609390956
NN008,validation,0.46,20615,0.06700582368297744,0.13242784380305603,2730,0.9090909090909091,1.9763631953784755
NN008,validation,0.47,21063,0.06700582368297744,0.13008593267815602,2740,0.9124209124209124,1.9414123359430298
NN008,validation,0.48,21512,0.06700582368297744,0.12792859799181852,2752,0.9164169164169165,1.9092161092904862
NN008,validation,0.49,21960,0.06700582368297744,0.12591074681238615,2765,0.9207459207459208,1.8791015450851514
NN008,validation,0.5,22408,0.06700582368297744,0.12392895394501964,2777,0.9247419247419247,1.8495251178667815
NN009,validation,0.01,448,0.06700582368297744,0.6741071428571429,302,0.10056610056610056,10.060426180961896
NN009,validation,0.02,896,0.06700582368297744,0.6026785714285714,540,0.1798201798201798,8.994420757813614
NN009,validation,0.03,1344,0.06700582368297744,0.5610119047619048,754,0.2510822510822511,8.372584260977117
NN009,validation,0.04,1792,0.06700582368297744,0.5206473214285714,933,0.3106893106893107,7.770180154666761
NN009,validation,0.05,2240,0.06700582368297744,0.4875,1092,0.36363636363636365,7.275487012987012
NN009,validation,0.06,2689,0.06700582368297744,0.45295648940126443,1218,0.40559440559440557,6.759957038127362
NN009,validation,0.07,3137,0.06700582368297744,0.43289767293592607,1358,0.4522144522144522,6.460597738251548
NN009,validation,0.08,3585,0.06700582368297744,0.4111576011157601,1474,0.4908424908424908,6.136147255812528
NN009,validation,0.09,4033,0.06700582368297744,0.38656087279940493,1559,0.5191475191475191,5.769063814935374
NN009,validation,0.1,4481,0.06700582368297744,0.36710555679535817,1645,0.5477855477855478,5.478711201764091
NN009,validation,0.11,4929,0.06700582368297744,0.35118685331710287,1731,0.5764235764235764,5.241139262441758
NN009,validation,0.12,5378,0.06700582368297744,0.3373001115656378,1814,0.604062604062604,5.033892474204857
NN009,validation,0.13,5826,0.06700582368297744,0.322176450394782,1877,0.6250416250416251,4.808185806641007
NN009,validation,0.14,6274,0.06700582368297744,0.3085750717245776,1936,0.6446886446886447,4.605197798694769
NN009,validation,0.15,6722,0.06700582368297744,0.2952990181493603,1985,0.661005661005661,4.407064967166128
NN009,validation,0.16,7170,0.06700582368297744,0.28270571827057184,2027,0.674991674991675,4.219121603640432
NN009,validation,0.17,7618,0.06700582368297744,0.2735626148595432,2084,0.693972693972694,4.082669234152563
NN009,validation,0.18,8067,0.06700582368297744,0.26391471426800545,2129,0.7089577089577089,3.9386832332165165
NN009,validation,0.19,8515,0.06700582368297744,0.253904873752202,2162,0.71994671994672,3.7892956133707747
NN009,validation,0.2,8963,0.06700582368297744,0.24545353118375543,2200,0.7326007326007326,3.6631671352189032
NN009,validation,0.21,9411,0.06700582368297744,0.23695675273615982,2230,0.7425907425907425,3.5363605685569346
NN009,validation,0.22,9859,0.06700582368297744,0.22953646414443654,2263,0.7535797535797536,3.4256196182355017
NN009,validation,0.23,10307,0.06700582368297744,0.22382846609100612,2307,0.7682317682317682,3.3404330219116285
NN009,validation,0.24,10756,0.06700582368297744,0.218110821866865,2346,0.7812187812187812,3.2551024654036924
NN009,validation,0.25,11204,0.06700582368297744,0.21197786504819707,2375,0.7908757908757909,3.1635737522028133
NN009,validation,0.26,11652,0.06700582368297744,0.20614486783384828,2402,0.7998667998667999,3.0765216589109485
NN009,validation,0.27,12100,0.06700582368297744,0.2006611570247934,2428,0.8085248085248086,2.9946823424509375
NN009,validation,0.28,12548,0.06700582368297744,0.1960471788332802,2460,0.8191808191808192,2.925822981608764
NN009,validation,0.29,12996,0.06700582368297744,0.1912126808248692,2485,0.8275058275058275,2.8536725662764444
NN009,validation,0.3,13445,0.06700582368297744,0.18668650055782818,2510,0.8358308358308358,2.78612350832507
NN009,validation,0.31,13893,0.06700582368297744,0.18217807528971425,2531,0.8428238428238428,2.7188394273257153
NN009,validation,0.32,14341,0.06700582368297744,0.1776026776375427,2547,0.8481518481518482,2.6505558453818683
NN009,validation,0.33,14789,0.06700582368297744,0.1730340117655014,2559,0.8521478521478522,2.5823727290357894
NN009,validation,0.34,15237,0.06700582368297744,0.1690621513421277,2576,0.8578088578088578,2.523096382517528
NN009,validation,0.35,15685,0.06700582368297744,0.16525342684093083,2592,0.8631368631368631,2.4662546888877777
NN009,validation,0.36,16134,0.06700582368297744,0.16133630841700755,2603,0.8667998667998668,2.4077953161255503
NN009,validation,0.37,16582,0.06700582368297744,0.15776142805451696,2616,0.8711288711288712,2.3544435301762525
NN009,validation,0.38,17030,0.06700582368297744,0.1548443922489724,2637,0.8781218781218781,2.3109094663410574
NN009,validation,0.39,17478,0.06700582368297744,0.15161917839569744,2650,0.8824508824508824,2.2627761299234006
NN009,validation,0.4,17926,0.06700582368297744,0.1486667410465246,2665,0.8874458874458875,2.218713730763268
NN009,validation,0.41,18374,0.06700582368297744,0.14569500380973113,2677,0.8914418914418915,2.174363298614958
NN009,validation,0.42,18823,0.06700582368297744,0.14296339584550816,2691,0.8961038961038961,2.1335965739620844
NN009,validation,0.43,19271,0.06700582368297744,0.1400550049296871,2699,0.8987678987678988,2.090191527117478
NN009,validation,0.44,19719,0.06700582368297744,0.13743090420406714,2710,0.9024309024309024,2.051029248655903
NN009,validation,0.45,20167,0.06700582368297744,0.13467545990975355,2716,0.9044289044289044,2.009906788803005
NN009,validation,0.46,20615,0.06700582368297744,0.13208828522920205,2723,0.9067599067599068,1.9712955974416078
NN009,validation,0.47,21063,0.06700582368297744,0.12980107297156152,2734,0.9104229104229105,1.9371610680541034
NN009,validation,0.48,21512,0.06700582368297744,0.12755671253253997,2744,0.9137529137529138,1.9036660624611534
NN009,validation,0.49,21960,0.06700582368297744,0.1255464480874317,2757,0.9180819180819181,1.8736647232548873
NN009,validation,0.5,22408,0.06700582368297744,0.12348268475544448,2767,0.9214119214119214,1.842864962598986
NN010,validation,0.01,448,0.06700582368297744,0.6808035714285714,305,0.10156510156510157,10.160364189382046
NN010,validation,0.02,896,0.06700582368297744,0.6071428571428571,544,0.18115218115218115,9.061046096760382
NN010,validation,0.03,1344,0.06700582368297744,0.5580357142857143,750,0.24975024975024976,8.32816736834594
NN010,validation,0.04,1792,0.06700582368297744,0.515625,924,0.3076923076923077,7.695226648351648
NN010,validation,0.05,2240,0.06700582368297744,0.4816964285714286,1079,0.3593073593073593,7.1888740723562154
NN010,validation,0.06,2689,0.06700582368297744,0.4462625511342507,1200,0.3996003996003996,6.660056195199371
NN010,validation,0.07,3137,0.06700582368297744,0.4287535862288811,1345,0.4478854478854479,6.398751073599655
NN010,validation,0.08,3585,0.06700582368297744,0.40278940027894,1444,0.48085248085248083,6.011259591175908
NN010,validation,0.09,4033,0.06700582368297744,0.3830895115298785,1545,0.5144855144855145,5.717256955789066
NN010,validation,0.1,4481,0.06700582368297744,0.36465074760098193,1634,0.5441225441225441,5.4420754429681
NN010,validation,0.11,4929,0.06700582368297744,0.3479407587745993,1715,0.5710955710955711,5.192694301032706
NN010,validation,0.12,5378,0.06700582368297744,0.3298624023800669,1774,0.5907425907425907,4.922891537618201
NN010,validation,0.13,5826,0.06700582368297744,0.31805698592516307,1853,0.617049617049617,4.746706606129881
NN010,validation,0.14,6274,0.06700582368297744,0.30299649346509405,1901,0.633033633033633,4.521942673201838
NN010,validation,0.15,6722,0.06700582368297744,0.2917286521868491,1961,0.653013653013653,4.353780554464874
NN010,validation,0.16,7170,0.06700582368297744,0.2814504881450488,2018,0.671994671994672,4.200388453944939
NN010,validation,0.17,7618,0.06700582368297744,0.2698871094775532,2056,0.6846486846486847,4.027815712772394
NN010,validation,0.18,8067,0.06700582368297744,0.2598239742159415,2096,0.697968697968698,3.877632718093856
NN010,validation,0.19,8515,0.06700582368297744,0.2523781561949501,2149,0.7156177156177156,3.7665107646317275
NN010,validation,0.2,8963,0.06700582368297744,0.24355684480642642,2183,0.726939726939727,3.6348608437194847
NN010,validation,0.21,9411,0.06700582368297744,0.23493783869939433,2211,0.7362637362637363,3.5062301421880635
NN010,validation,0.22,9859,0.06700582368297744,0.22750786083781316,2243,0.7469197469197469,3.395344588467623
NN010,validation,0.23,10307,0.06700582368297744,0.22052973707189288,2273,0.7569097569097569,3.29120253957743
NN010,validation,0.24,10756,0.06700582368297744,0.21467088136853849,2309,0.768897768897769,3.203764532232364
NN010,validation,0.25,11204,0.06700582368297744,0.20867547304534095,2338,0.7785547785547785,3.1142886032211274
NN010,validation,0.26,11652,0.06700582368297744,0.20322691383453484,2368,0.7885447885447886,3.0329738918822335
NN010,validation,0.27,12100,0.06700582368297744,0.1985123966942149,2402,0.7998667998667999,2.9626140801347414
NN010,validation,0.28,12548,0.06700582368297744,0.1932578897035384,2425,0.8075258075258075,2.884195418862298
NN010,validation,0.29,12996,0.06700582368297744,0.1883656509695291,2448,0.8151848151848152,2.8111832765572378
NN010,validation,0.3,13445,0.06700582368297744,0.18445518780215694,2480,0.8258408258408259,2.7528232273490736
NN010,validation,0.31,13893,0.06700582368297744,0.1795148636003743,2494,0.8305028305028305,2.6790934538721194
NN010,validation,0.32,14341,0.06700582368297744,0.17516212258559374,2512,0.8364968364968365,2.614132816489695
NN010,validation,0.33,14789,0.06700582368297744,0.17114071269186557,2531,0.8428238428238428,2.5541169899138656
NN010,validation,0.34,15237,0.06700582368297744,0.16755266784800157,2553,0.8501498501498501,2.50056873624505
NN010,validation,0.35,15685,0.06700582368297744,0.1642333439591967,2576,0.8578088578088578,2.4510308945119275
NN010,validation,0.36,16134,0.06700582368297744,0.16034461385893145,2587,0.8614718614718615,2.3929951912473295
NN010,validation,0.37,16582,0.06700582368297744,0.15709805813532746,2605,0.8674658674658675,2.3445433471365202
NN010,validation,0.38,17030,0.06700582368297744,0.15396359365825016,2622,0.8731268731268731,2.2977643612992997
NN010,validation,0.39,17478,0.06700582368297744,0.15070374184689322,2634,0.8771228771228772,2.2491140853653726
NN010,validation,0.4,17926,0.06700582368297744,0.14749525828405669,2644,0.8804528804528805,2.20123043307245
NN010,validation,0.41,18374,0.06700582368297744,0.14427996081419397,2651,0.8827838827838828,2.15324508951373
NN010,validation,0.42,18823,0.06700582368297744,0.14158210699675927,2665,0.8874458874458875,2.1129821143102765
NN010,validation,0.43,19271,0.06700582368297744,0.1391209589538685,2681,0.8927738927738927,2.076251754057784
NN010,validation,0.44,19719,0.06700582368297744,0.1365687915208682,2693,0.8967698967698968,2.0381630135167335
NN010,validation,0.45,20167,0.06700582368297744,0.1339812565081569,2702,0.8997668997668997,1.999546444530825
NN010,validation,0.46,20615,0.06700582368297744,0.13155469318457433,2712,0.903096903096903,1.9633322292551008
NN010,validation,0.47,21063,0.06700582368297744,0.12927883017613825,2723,0.9067599067599068,1.929367076924405
NN010,validation,0.48,21512,0.06700582368297744,0.1270918557084418,2734,0.9104229104229105,1.8967285039244877
NN010,validation,0.49,21960,0.06700582368297744,0.1251366120218579,2748,0.9150849150849151,1.8675482986958394
NN010,validation,0.5,22408,0.06700582368297744,0.12308104248482685,2758,0.9184149184149184,1.8368708228579702
NN011,validation,0.01,448,0.06700582368297744,0.6607142857142857,296,0.09856809856809857,9.860550164121593
NN011,validation,0.02,896,0.06700582368297744,0.6004464285714286,538,0.17915417915417917,8.96110808834023
NN011,validation,0.03,1344,0.06700582368297744,0.5558035714285714,747,0.24875124875124874,8.294854698872555
NN011,validation,0.04,1792,0.06700582368297744,0.5066964285714286,908,0.30236430236430234,7.561975970458113
NN011,validation,0.05,2240,0.06700582368297744,0.47276785714285713,1059,0.35264735264735264,7.05562339446268
NN011,validation,0.06,2689,0.06700582368297744,0.4458906656749721,1199,0.3992673992673993,6.654506148370038
NN011,validation,0.07,3137,0.06700582368297744,0.4233343959196685,1328,0.44222444222444224,6.317874665977949
NN011,validation,0.08,3585,0.06700582368297744,0.40195258019525804,1441,0.47985347985347987,5.998770824712247
NN011,validation,0.09,4033,0.06700582368297744,0.384577237788247,1551,0.5164835164835165,5.739459895423198
NN011,validation,0.1,4481,0.06700582368297744,0.3637580897121178,1630,0.5427905427905428,5.428753348860467
NN011,validation,0.11,4929,0.06700582368297744,0.34814363968350576,1716,0.5714285714285714,5.195722111120771
NN011,validation,0.12,5378,0.06700582368297744,0.33283748605429525,1790,0.5960705960705961,4.967291912252864
NN011,validation,0.13,5826,0.06700582368297744,0.31857191898386544,1856,0.6180486180486181,4.754391506193772
NN011,validation,0.14,6274,0.06700582368297744,0.3041122091169908,1908,0.6353646353646354,4.538593698300424
NN011,validation,0.15,6722,0.06700582368297744,0.2932163046712288,1971,0.6563436563436563,4.375982393090396
NN011,validation,0.16,7170,0.06700582368297744,0.2806136680613668,2012,0.66999666999667,4.187899687481277
NN011,validation,0.17,7618,0.06700582368297744,0.2694933053294828,2053,0.6836496836496837,4.021938549767376
NN011,validation,0.18,8067,0.06700582368297744,0.25932812693690344,2092,0.6966366966366966,3.8702326556547457
NN011,validation,0.19,8515,0.06700582368297744,0.24944216089254256,2124,0.7072927072927073,3.7226937478258675
NN011,validation,0.2,8963,0.06700582368297744,0.24221800736360594,2171,0.7229437229437229,3.614879932072836
NN011,validation,0.21,9411,0.06700582368297744,0.23408776963128256,2203,0.7335997335997336,3.4935436468748553
NN011,validation,0.22,9859,0.06700582368297744,0.2271021401764885,2239,0.7455877455877455,3.3892895825140474
NN011,validation,0.23,10307,0.06700582368297744,0.2206267585136315,2274,0.7572427572427572,3.292650494940201
NN011,validation,0.24,10756,0.06700582368297744,0.21439196727407958,2306,0.7678987678987679,3.1996019971103644
NN011,validation,0.25,11204,0.06700582368297744,0.2084969653695109,2336,0.7778887778887779,3.111624541114009
NN011,validation,0.26,11652,0.06700582368297744,0.20296944730518365,2365,0.7875457875457875,3.0291314418502884
NN011,validation,0.27,12100,0.06700582368297744,0.1969421487603306,2383,0.7935397935397935,2.939179580749829
NN011,validation,0.28,12548,0.06700582368297744,0.19158431622569333,2404,0.8005328005328005,2.859218881214418
NN011,validation,0.29,12996,0.06700582368297744,0.18674976915974145,2427,0.8081918081918081,2.787067733743634
NN011,validation,0.3,13445,0.06700582368297744,0.18177761249535143,2444,0.8138528138528138,2.712862890177877
NN011,validation,0.31,13893,0.06700582368297744,0.17771539624271215,2469,0.8221778221778222,2.6522380664034735
NN011,validation,0.32,14341,0.06700582368297744,0.17376751969876578,2492,0.8298368298368298,2.593319657122739
NN011,validation,0.33,14789,0.06700582368297744,0.17039691662722295,2520,0.8391608391608392,2.5430165209731106
NN011,validation,0.34,15237,0.06700582368297744,0.16650259237382686,2537,0.8448218448218449,2.484897330142457
NN011,validation,0.35,15685,0.06700582368297744,0.16308575071724576,2558,0.8518148518148518,2.433904125839095
NN011,validation,0.36,16134,0.06700582368297744,0.15978678567001364,2578,0.8584748584748585,2.3846701210033303
NN011,validation,0.37,16582,0.06700582368297744,0.15661560728500784,2597,0.8648018648018648,2.337343214016715
NN011,validation,0.38,17030,0.06700582368297744,0.1532002348796242,2609,0.8687978687978688,2.286371936929776
NN011,validation,0.39,17478,0.06700582368297744,0.15036045314109167,2628,0.8751248751248751,2.2439908186561124
NN011,validation,0.4,17926,0.06700582368297744,0.14749525828405669,2644,0.8804528804528805,2.20123043307245
NN011,validation,0.41,18374,0.06700582368297744,0.14444323500598671,2654,0.8837828837828838,2.155681805948487
NN011,validation,0.42,18823,0.06700582368297744,0.14206024544440313,2674,0.8904428904428905,2.120117888805133
NN011,validation,0.43,19271,0.06700582368297744,0.13943230761247472,2687,0.8947718947718948,2.080898345077682
NN011,validation,0.44,19719,0.06700582368297744,0.13677164156397384,2697,0.8981018981018981,2.041190362961244
NN011,validation,0.45,20167,0.06700582368297744,0.13427877225169832,2708,0.9017649017649018,2.003986592076045
NN011,validation,0.46,20615,0.06700582368297744,0.13199126849381518,2721,0.906093906093906,1.9698477123167881
NN011,validation,0.47,21063,0.06700582368297744,0.12946873664720127,2727,0.9080919080919081,1.9322012555170227
NN011,validation,0.48,21512,0.06700582368297744,0.12732428412049088,2739,0.9120879120879121,1.9001972831928202
NN011,validation,0.49,21960,0.06700582368297744,0.12522768670309653,2750,0.9157509157509157,1.8689075041534056
NN011,validation,0.5,22408,0.06700582368297744,0.12303641556586933,2757,0.9180819180819181,1.8362048073311907
NN012,validation,0.01,448,0.06700582368297744,0.6651785714285714,298,0.09923409923409923,9.927175503068359
NN012,validation,0.02,896,0.06700582368297744,0.6049107142857143,542,0.18048618048618048,9.027733427286998
NN012,validation,0.03,1344,0.06700582368297744,0.5543154761904762,745,0.2480852480852481,8.272646252556966
NN012,validation,0.04,1792,0.06700582368297744,0.5083705357142857,911,0.30336330336330336,7.586960472563151
NN012,validation,0.05,2240,0.06700582368297744,0.46919642857142857,1051,0.34998334998334996,7.002323123305266
NN012,validation,0.06,2689,0.06700582368297744,0.4462625511342507,1200,0.3996003996003996,6.660056195199371
NN012,validation,0.07,3137,0.06700582368297744,0.42142174051641695,1322,0.44022644022644025,6.28933005152323
NN012,validation,0.08,3585,0.06700582368297744,0.401115760111576,1438,0.47885447885447885,5.986282058248586
NN012,validation,0.09,4033,0.06700582368297744,0.3848251921646417,1552,0.5168165168165169,5.74316038536222
NN012,validation,0.1,4481,0.06700582368297744,0.36755188573979025,1647,0.5484515484515484,5.485372248817908
NN012,validation,0.11,4929,0.06700582368297744,0.3515926151349158,1733,0.5770895770895771,5.247194882617889
NN012,validation,0.12,5378,0.06700582368297744,0.3332093715135738,1792,0.5967365967365967,4.972841959082197
NN012,validation,0.13,5826,0.06700582368297744,0.3173704085135599,1849,0.6157176157176157,4.73646007271136
NN012,validation,0.14,6274,0.06700582368297744,0.30219955371373924,1896,0.6313686313686314,4.510049083845705
NN012,validation,0.15,6722,0.06700582368297744,0.2911335911930973,1957,0.6516816516816517,4.344899819014666
NN012,validation,0.16,7170,0.06700582368297744,0.27824267782426776,1995,0.6643356643356644,4.152514849167568
NN012,validation,0.17,7618,0.06700582368297744,0.2676555526384878,2039,0.678987678987679,3.9945117890772917
NN012,validation,0.18,8067,0.06700582368297744,0.25932812693690344,2092,0.6966366966366966,3.8702326556547457
NN012,validation,0.19,8515,0.06700582368297744,0.2506165590135056,2134,0.7106227106227107,3.7402205545482117
NN012,validation,0.2,8963,0.06700582368297744,0.24255271672431106,2174,0.723942723942724,3.619875159984498
NN012,validation,0.21,9411,0.06700582368297744,0.23536287323345023,2215,0.7375957375957376,3.5125733898446683
NN012,validation,0.22,9859,0.06700582368297744,0.22791358149913785,2247,0.7482517482517482,3.401399594421199
NN012,validation,0.23,10307,0.06700582368297744,0.2206267585136315,2274,0.7572427572427572,3.292650494940201
NN012,validation,0.24,10756,0.06700582368297744,0.21429899590925994,2305,0.7675657675657676,3.198214485403031
NN012,validation,0.25,11204,0.06700582368297744,0.2073366654766155,2323,0.7735597735597736,3.094308137417741
NN012,validation,0.26,11652,0.06700582368297744,0.2021112255406797,2355,0.7842157842157842,3.016323275077137
NN012,validation,0.27,12100,0.06700582368297744,0.1971900826446281,2386,0.7945387945387945,2.942879764863236
NN012,validation,0.28,12548,0.06700582368297744,0.19238125597704814,2414,0.8038628038628038,2.8711124705705515
NN012,validation,0.29,12996,0.06700582368297744,0.18736534318251769,2435,0.8108558108558108,2.796254607196435
NN012,validation,0.3,13445,0.06700582368297744,0.18274451468947564,2457,0.8181818181818182,2.7272930119341425
NN012,validation,0.31,13893,0.06700582368297744,0.17764341754840568,2468,0.8218448218448219,2.6511638509047275
NN012,validation,0.32,14341,0.06700582368297744,0.173279408688376,2485,0.8275058275058275,2.5860350513443047
NN012,validation,0.33,14789,0.06700582368297744,0.16945026709040503,2506,0.8344988344988346,2.5288886514121485
NN012,validation,0.34,15237,0.06700582368297744,0.16532125746538032,2519,0.8388278388278388,2.467266998277039
NN012,validation,0.35,15685,0.06700582368297744,0.1625119540962703,2549,0.8488178488178488,2.4253407415026795
NN012,validation,0.36,16134,0.06700582368297744,0.15916697657121606,2568,0.8551448551448552,2.3754200429544423
NN012,validation,0.37,16582,0.06700582368297744,0.15595223736581837,2586,0.8611388611388612,2.3274430309769834
NN012,validation,0.38,17030,0.06700582368297744,0.1529653552554316,2605,0.8674658674658675,2.2828665755853073
NN012,validation,0.39,17478,0.06700582368297744,0.15041766792539193,2629,0.8754578754578755,2.244844696440989
NN012,validation,0.4,17926,0.06700582368297744,0.14732790360370412,2641,0.8794538794538794,2.198732819116619
NN012,validation,0.41,18374,0.06700582368297744,0.14433438554479155,2652,0.8831168831168831,2.1540573283253157
NN012,validation,0.42,18823,0.06700582368297744,0.14152898050257665,2664,0.8871128871128872,2.112189250477515
NN012,validation,0.43,19271,0.06700582368297744,0.13886150173836334,2676,0.8911088911088911,2.072379594874535
NN012,validation,0.44,19719,0.06700582368297744,0.13646736649931537,2691,0.8961038961038961,2.036649338794478
NN012,validation,0.45,20167,0.06700582368297744,0.1339812565081569,2702,0.8997668997668997,1.999546444530825
NN012,validation,0.46,20615,0.06700582368297744,0.1318457433907349,2718,0.9050949050949051,1.967675884629559
NN012,validation,0.47,21063,0.06700582368297744,0.12937378341166975,2725,0.9074259074259075,1.9307841662207135
NN012,validation,0.48,21512,0.06700582368297744,0.12718482707326143,2736,0.9110889110889111,1.8981160156318204
NN012,validation,0.49,21960,0.06700582368297744,0.12509107468123862,2747,0.9147519147519148,1.8668686959670566
NN012,validation,0.5,22408,0.06700582368297744,0.12312566940378436,2759,0.9187479187479187,1.8375368383847497
NN013,validation,0.01,448,0.06700582368297744,0.6741071428571429,302,0.10056610056610056,10.060426180961896
NN013,validation,0.02,896,0.06700582368297744,0.6060267857142857,543,0.18081918081918083,9.04438976202369
NN013,validation,0.03,1344,0.06700582368297744,0.5617559523809523,755,0.2514152514152514,8.383688484134911
NN013,validation,0.04,1792,0.06700582368297744,0.5094866071428571,913,0.304029304029304,7.603616807299842
NN013,validation,0.05,2240,0.06700582368297744,0.47276785714285713,1059,0.35264735264735264,7.05562339446268
NN013,validation,0.06,2689,0.06700582368297744,0.4458906656749721,1199,0.3992673992673993,6.654506148370038
NN013,validation,0.07,3137,0.06700582368297744,0.42588460312400384,1336,0.44488844488844487,6.355934151917576
NN013,validation,0.08,3585,0.06700582368297744,0.40474198047419807,1451,0.4831834831834832,6.040400046257787
NN013,validation,0.09,4033,0.06700582368297744,0.38507314654103647,1553,0.5171495171495172,5.746860875301242
NN013,validation,0.1,4481,0.06700582368297744,0.3664360633787101,1642,0.5467865467865468,5.468719631183366
NN013,validation,0.11,4929,0.06700582368297744,0.35138973422600933,1732,0.5767565767565768,5.244167072529823
NN013,validation,0.12,5378,0.06700582368297744,0.3352547415396058,1803,0.6003996003996004,5.003367216643528
NN013,validation,0.13,5826,0.06700582368297744,0.319773429454171,1863,0.6203796203796204,4.772322939676184
NN013,validation,0.14,6274,0.06700582368297744,0.3066624163213261,1924,0.6406926406926406,4.576653184240051
NN013,validation,0.15,6722,0.06700582368297744,0.2939601309134186,1976,0.658008658008658,4.387083312403157
NN013,validation,0.16,7170,0.06700582368297744,0.2813110181311018,2017,0.6716616716616717,4.198306992867662
NN013,validation,0.17,7618,0.06700582368297744,0.27080598582305065,2063,0.686979686979687,4.041529093117436
NN013,validation,0.18,8067,0.06700582368297744,0.2618073633320937,2112,0.7032967032967034,3.9072329678502973
NN013,validation,0.19,8515,0.06700582368297744,0.2517909571344686,2144,0.713952713952714,3.7577473612705554
NN013,validation,0.2,8963,0.06700582368297744,0.24389155416713154,2186,0.7279387279387279,3.6398560716311468
NN013,validation,0.21,9411,0.06700582368297744,0.236212942301562,2223,0.7402597402597403,3.525259885157877
NN013,validation,0.22,9859,0.06700582368297744,0.22831930216046253,2251,0.7495837495837496,3.4074546003747748
NN013,validation,0.23,10307,0.06700582368297744,0.22188803725623363,2287,0.7615717615717615,3.3114739146562178
NN013,validation,0.24,10756,0.06700582368297744,0.21476385273335813,2310,0.7692307692307693,3.205152043939697
NN013,validation,0.25,11204,0.06700582368297744,0.20903248839700106,2342,0.7798867798867799,3.1196167274353632
NN013,validation,0.26,11652,0.06700582368297744,0.20339855818743563,2370,0.7892107892107892,3.035535525236864
NN013,validation,0.27,12100,0.06700582368297744,0.19793388429752065,2395,0.7975357975357975,2.9539803172034573
NN013,validation,0.28,12548,0.06700582368297744,0.19222186802677718,2412,0.8031968031968032,2.868733752699325
NN013,validation,0.29,12996,0.06700582368297744,0.1878270236995999,2441,0.8128538128538129,2.8031447622860366
NN013,validation,0.3,13445,0.06700582368297744,0.1831907772406099,2463,0.8201798201798202,2.733953068129342
NN013,validation,0.31,13893,0.06700582368297744,0.17836320449147053,2478,0.8251748251748252,2.661906005892186
NN013,validation,0.32,14341,0.06700582368297744,0.17481347186388677,2507,0.8348318348318349,2.608929526647956
NN013,validation,0.33,14789,0.06700582368297744,0.17046453445128135,2521,0.8394938394938395,2.5440256545131787
NN013,validation,0.34,15237,0.06700582368297744,0.16722451926232199,2548,0.8484848484848485,2.49567142183799
NN013,validation,0.35,15685,0.06700582368297744,0.163787057698438,2569,0.8554778554778555,2.4443704844724925
NN013,validation,0.36,16134,0.06700582368297744,0.16034461385893145,2587,0.8614718614718615,2.3929951912473295
NN013,validation,0.37,16582,0.06700582368297744,0.1566759136412978,2598,0.8651348651348651,2.338243230656691
NN013,validation,0.38,17030,0.06700582368297744,0.153904873752202,2621,0.8727938727938728,2.2968880209631823
NN013,validation,0.39,17478,0.06700582368297744,0.15093260098409428,2638,0.8784548784548785,2.2525295965048793
NN013,validation,0.4,17926,0.06700582368297744,0.14788575253821265,2651,0.8827838827838828,2.2070581989693894
NN013,validation,0.41,18374,0.06700582368297744,0.14498748231196257,2664,0.8871128871128872,2.1638041940643444
NN013,validation,0.42,18823,0.06700582368297744,0.14227275142113371,2678,0.8917748917748918,2.12328934413618
NN013,validation,0.43,19271,0.06700582368297744,0.13948419905557574,2688,0.8951048951048951,2.0816727769143317
NN013,validation,0.44,19719,0.06700582368297744,0.13677164156397384,2697,0.8981018981018981,2.041190362961244
NN013,validation,0.45,20167,0.06700582368297744,0.13432835820895522,2709,0.9020979020979021,2.004726616666915
NN013,validation,0.46,20615,0.06700582368297744,0.1320397768615086,2722,0.9064269064269064,1.9705716548791978
NN013,validation,0.47,21063,0.06700582368297744,0.1296111665004985,2730,0.9090909090909091,1.9343268894614856
NN013,validation,0.48,21512,0.06700582368297744,0.12732428412049088,2739,0.9120879120879121,1.9001972831928202
NN013,validation,0.49,21960,0.06700582368297744,0.12518214936247724,2749,0.9154179154179154,1.8682279014246228
NN013,validation,0.5,22408,0.06700582368297744,0.12325955016065691,2762,0.9197469197469198,1.8395348849650885
NN014,validation,0.01,448,0.06700582368297744,0.6540178571428571,293,0.09756909756909757,9.760612155701441
NN014,validation,0.02,896,0.06700582368297744,0.6026785714285714,540,0.1798201798201798,8.994420757813614
NN014,validation,0.03,1344,0.06700582368297744,0.5461309523809523,734,0.24442224442224442,8.150499797821226
NN014,validation,0.04,1792,0.06700582368297744,0.5072544642857143,909,0.3026973026973027,7.570304137826459
NN014,validation,0.05,2240,0.06700582368297744,0.4763392857142857,1067,0.3553113553113553,7.108923665620093
NN014,validation,0.06,2689,0.06700582368297744,0.4458906656749721,1199,0.3992673992673993,6.654506148370038
NN014,validation,0.07,3137,0.06700582368297744,0.42652215492508766,1338,0.44555444555444557,6.365449023402482
NN014,validation,0.08,3585,0.06700582368297744,0.403068340306834,1445,0.4811854811854812,6.015422513330463
NN014,validation,0.09,4033,0.06700582368297744,0.38656087279940493,1559,0.5191475191475191,5.769063814935374
NN014,validation,0.1,4481,0.06700582368297744,0.3711225172952466,1663,0.5537795537795538,5.53866062524844
NN014,validation,0.11,4929,0.06700582368297744,0.349969567863664,1725,0.5744255744255744,5.222972401913363
NN014,validation,0.12,5378,0.06700582368297744,0.33227965786537744,1787,0.595071595071595,4.958966842008865
NN014,validation,0.13,5826,0.06700582368297744,0.31651218674905596,1844,0.614052614052614,4.723651905938208
NN014,validation,0.14,6274,0.06700582368297744,0.30235894166401023,1897,0.6317016317016317,4.512427801716932
NN014,validation,0.15,6722,0.06700582368297744,0.2891996429634037,1944,0.6473526473526473,4.316037428801486
NN014,validation,0.16,7170,0.06700582368297744,0.27684797768479774,1985,0.661005661005661,4.1317002383947985
NN014,validation,0.17,7618,0.06700582368297744,0.2666054082436335,2031,0.6763236763236763,3.9788393543972433
NN014,validation,0.18,8067,0.06700582368297744,0.25684889054171317,2072,0.6899766899766899,3.8332323434591937
NN014,validation,0.19,8515,0.06700582368297744,0.24850264239577216,2116,0.7046287046287046,3.708672302447992
NN014,validation,0.2,8963,0.06700582368297744,0.2399866116255718,2151,0.7162837162837162,3.5815784126617554
NN014,validation,0.21,9411,0.06700582368297744,0.23291892466262884,2192,0.72993672993673,3.476099715819193
NN014,validation,0.22,9859,0.06700582368297744,0.22547925753118978,2223,0.7402597402597403,3.3650695586997443
NN014,validation,0.23,10307,0.06700582368297744,0.2198505869797225,2266,0.7545787545787546,3.2810668520380366
NN014,validation,0.24,10756,0.06700582368297744,0.21439196727407958,2306,0.7678987678987679,3.1996019971103644
NN014,validation,0.25,11204,0.06700582368297744,0.20742591931453053,2324,0.7738927738927739,3.0956401684713
NN014,validation,0.26,11652,0.06700582368297744,0.2023686920700309,2358,0.7852147852147852,3.020165725109082
NN014,validation,0.27,12100,0.06700582368297744,0.1971900826446281,2386,0.7945387945387945,2.942879764863236
NN014,validation,0.28,12548,0.06700582368297744,0.19206248007650623,2410,0.8025308025308026,2.866355034828098
NN014,validation,0.29,12996,0.06700582368297744,0.1875961834410588,2438,0.8118548118548119,2.799699684741236
NN014,validation,0.3,13445,0.06700582368297744,0.18356266269988844,2468,0.8218448218448219,2.7395031149586746
NN014,validation,0.31,13893,0.06700582368297744,0.17886705535161593,2485,0.8275058275058275,2.669425514383407
NN014,validation,0.32,14341,0.06700582368297744,0.17446482114217976,2502,0.8331668331668332,2.6037262368062173
NN014,validation,0.33,14789,0.06700582368297744,0.17046453445128135,2521,0.8394938394938395,2.5440256545131787
NN014,validation,0.34,15237,0.06700582368297744,0.16650259237382686,2537,0.8448218448218449,2.484897330142457
NN014,validation,0.35,15685,0.06700582368297744,0.16263946445648708,2551,0.8494838494838495,2.4272437157996607
NN014,validation,0.36,16134,0.06700582368297744,0.15929093839097558,2570,0.8558108558108558,2.37727005856422
NN014,validation,0.37,16582,0.06700582368297744,0.15613315643468823,2589,0.8621378621378621,2.3301430808969106
NN014,validation,0.38,17030,0.06700582368297744,0.15325895478567234,2610,0.8691308691308691,2.287248277265893
NN014,validation,0.39,17478,0.06700582368297744,0.15041766792539193,2629,0.8754578754578755,2.244844696440989
NN014,validation,0.4,17926,0.06700582368297744,0.14732790360370412,2641,0.8794538794538794,2.198732819116619
NN014,validation,0.41,18374,0.06700582368297744,0.14471535865897464,2659,0.8854478854478854,2.1597430000064155
NN014,validation,0.42,18823,0.06700582368297744,0.14200711895022047,2673,0.8901098901098901,2.119325024972371
NN014,validation,0.43,19271,0.06700582368297744,0.13906906751076747,2680,0.8924408924408924,2.075477322221134
NN014,validation,0.44,19719,0.06700582368297744,0.13621380394543334,2686,0.8944388944388945,2.03286515198884
NN014,validation,0.45,20167,0.06700582368297744,0.13378291267912928,2698,0.8984348984348984,1.996586346167345
NN014,validation,0.46,20615,0.06700582368297744,0.13136065971380062,2708,0.9017649017649018,1.960436459005462
NN014,validation,0.47,21063,0.06700582368297744,0.12899397046954375,2717,0.9047619047619048,1.9251158090354785
NN014,validation,0.48,21512,0.06700582368297744,0.12667348456675345,2725,0.9074259074259075,1.8904847012414883
NN014,validation,0.49,21960,0.06700582368297744,0.12468123861566484,2738,0.9117549117549117,1.860752271408009
NN014,validation,0.5,22408,0.06700582368297744,0.12272402713316673,2750,0.9157509157509157,1.831542698643734
NN015,validation,0.01,448,0.06700582368297744,0.6785714285714286,304,0.10123210123210123,10.127051519908663
NN015,validation,0.02,896,0.06700582368297744,0.609375,546,0.18181818181818182,9.094358766233766
NN015,validation,0.03,1344,0.06700582368297744,0.5565476190476191,748,0.2490842490842491,8.305958922030351
NN015,validation,0.04,1792,0.06700582368297744,0.5050223214285714,905,0.3013653013653014,7.536991468353075
NN015,validation,0.05,2240,0.06700582368297744,0.4763392857142857,1067,0.3553113553113553,7.108923665620093
NN015,validation,0.06,2689,0.06700582368297744,0.45221271848270733,1216,0.40492840492840493,6.748856944468696
NN015,validation,0.07,3137,0.06700582368297744,0.42620337902454575,1337,0.44522144522144524,6.360691587660028
NN015,validation,0.08,3585,0.06700582368297744,0.40529986052998607,1453,0.48384948384948384,6.048725890566895
NN015,validation,0.09,4033,0.06700582368297744,0.3858170096702207,1556,0.5181485181485181,5.757962345118308
NN015,validation,0.1,4481,0.06700582368297744,0.3704530238785985,1660,0.5527805527805528,5.5286690546677155
NN015,validation,0.11,4929,0.06700582368297744,0.35138973422600933,1732,0.5767565767565768,5.244167072529823
NN015,validation,0.12,5378,0.06700582368297744,0.332651543324656,1789,0.5957375957375958,4.964516888838197
NN015,validation,0.13,5826,0.06700582368297744,0.3158256093374528,1840,0.6127206127206127,4.713405372519688
NN015,validation,0.14,6274,0.06700582368297744,0.3007650621613006,1887,0.6283716283716284,4.488640623004665
NN015,validation,0.15,6722,0.06700582368297744,0.288158286224338,1937,0.645021645021645,4.300496141763621
NN015,validation,0.16,7170,0.06700582368297744,0.2760111576011158,1979,0.659007659007659,4.119211471931138
NN015,validation,0.17,7618,0.06700582368297744,0.2648989236019953,2018,0.671994671994672,3.9533716480421655
NN015,validation,0.18,8067,0.06700582368297744,0.2564770050824346,2069,0.688977688977689,3.8276822966298605
NN015,validation,0.19,8515,0.06700582368297744,0.24897240164415738,2120,0.7059607059607059,3.71568302513693
NN015,validation,0.2,8963,0.06700582368297744,0.24087916992078545,2159,0.7189477189477189,3.5948990204261877
NN015,validation,0.21,9411,0.06700582368297744,0.23249389012857294,2188,0.7286047286047286,3.4697564681625885
NN015,validation,0.22,9859,0.06700582368297744,0.2266964195151638,2235,0.7442557442557443,3.3832345765604717
NN015,validation,0.23,10307,0.06700582368297744,0.22023867274667702,2270,0.755910755910756,3.2868586734891188
NN015,validation,0.24,10756,0.06700582368297744,0.21374116772034213,2299,0.7655677655677655,3.189889415159032
NN015,validation,0.25,11204,0.06700582368297744,0.2078721885041057,2329,0.7755577755577756,3.1023003237390956
NN015,validation,0.26,11652,0.06700582368297744,0.2022828698935805,2357,0.7848817848817848,3.018884908431767
NN015,validation,0.27,12100,0.06700582368297744,0.19702479338842976,2384,0.7938727938727939,2.940412975454298
NN015,validation,0.28,12548,0.06700582368297744,0.19270003187759005,2418,0.8051948051948052,2.8758699063130044
NN015,validation,0.29,12996,0.06700582368297744,0.18775007694675286,2440,0.8125208125208125,2.8019964031044364
NN015,validation,0.3,13445,0.06700582368297744,0.18386017106731126,2472,0.8231768231768232,2.7439431524221405
NN015,validation,0.31,13893,0.06700582368297744,0.17937090621176133,2492,0.8298368298368298,2.676945022874628
NN015,validation,0.32,14341,0.06700582368297744,0.17481347186388677,2507,0.8348318348318349,2.608929526647956
NN015,validation,0.33,14789,0.06700582368297744,0.17066738792345662,2524,0.8404928404928405,2.547053055133385
NN015,validation,0.34,15237,0.06700582368297744,0.16656822209096278,2538,0.8451548451548452,2.485876793023869
NN015,validation,0.35,15685,0.06700582368297744,0.1630219955371374,2557,0.8514818514818515,2.4329526386906046
NN015,validation,0.36,16134,0.06700582368297744,0.15935291930085535,2571,0.8561438561438561,2.3781950663691087
NN015,validation,0.37,16582,0.06700582368297744,0.15649499457242794,2595,0.8641358641358642,2.335543180736764
NN015,validation,0.38,17030,0.06700582368297744,0.1534351145038168,2613,0.8701298701298701,2.289877298274245
NN015,validation,0.39,17478,0.06700582368297744,0.15024602357249114,2626,0.8744588744588745,2.242283063086359
NN015,validation,0.4,17926,0.06700582368297744,0.14755104317750753,2645,0.8807858807858808,2.2020629710577273
NN015,validation,0.41,18374,0.06700582368297744,0.14466093392837706,2658,0.8851148851148851,2.15893076119483
NN015,validation,0.42,18823,0.06700582368297744,0.14168835998512458,2667,0.8881118881118881,2.1145678419758003
NN015,validation,0.43,19271,0.06700582368297744,0.1391209589538685,2681,0.8927738927738927,2.076251754057784
NN015,validation,0.44,19719,0.06700582368297744,0.13641665398853897,2690,0.8957708957708957,2.0358925014333504
NN015,validation,0.45,20167,0.06700582368297744,0.13378291267912928,2698,0.8984348984348984,1.996586346167345
NN015,validation,0.46,20615,0.06700582368297744,0.1314576764491875,2710,0.9024309024309024,1.9618843441302816
NN015,validation,0.47,21063,0.06700582368297744,0.129136400322841,2720,0.9057609057609057,1.9272414429799416
NN015,validation,0.48,21512,0.06700582368297744,0.12727779843808107,2738,0.9117549117549117,1.8995035273391538
NN015,validation,0.49,21960,0.06700582368297744,0.1250455373406193,2746,0.9144189144189144,1.8661890932382732
NN015,validation,0.5,22408,0.06700582368297744,0.12285790789003927,2753,0.9167499167499168,1.8335407452240724
NN016,validation,0.01,448,0.06700582368297744,0.6651785714285714,298,0.09923409923409923,9.927175503068359
NN016,validation,0.02,896,0.06700582368297744,0.6071428571428571,544,0.18115218115218115,9.061046096760382
NN016,validation,0.03,1344,0.06700582368297744,0.5528273809523809,743,0.24741924741924742,8.250437806241377
NN016,validation,0.04,1792,0.06700582368297744,0.5100446428571429,914,0.3043623043623044,7.611944974668189
NN016,validation,0.05,2240,0.06700582368297744,0.47410714285714284,1062,0.35364635364635366,7.07561099614671
NN016,validation,0.06,2689,0.06700582368297744,0.4462625511342507,1200,0.3996003996003996,6.660056195199371
NN016,validation,0.07,3137,0.06700582368297744,0.4255658272234619,1335,0.44455544455544455,6.3511767161751225
NN016,validation,0.08,3585,0.06700582368297744,0.40836820083682007,1464,0.4875124875124875,6.094518034266988
NN016,validation,0.09,4033,0.06700582368297744,0.38556905529382596,1555,0.5178155178155178,5.754261855179286
NN016,validation,0.1,4481,0.06700582368297744,0.3682213791564383,1650,0.5494505494505495,5.495363819398634
NN016,validation,0.11,4929,0.06700582368297744,0.35118685331710287,1731,0.5764235764235764,5.241139262441758
NN016,validation,0.12,5378,0.06700582368297744,0.33283748605429525,1790,0.5960705960705961,4.967291912252864
NN016,validation,0.13,5826,0.06700582368297744,0.31685547545485754,1846,0.6147186147186147,4.728775172647469
NN016,validation,0.14,6274,0.06700582368297744,0.30204016576346826,1895,0.631035631035631,4.5076703659744775
NN016,validation,0.15,6722,0.06700582368297744,0.288158286224338,1937,0.645021645021645,4.300496141763621
NN016,validation,0.16,7170,0.06700582368297744,0.2764295676429568,1982,0.66000666000666,4.1254558551629685
NN016,validation,0.17,7618,0.06700582368297744,0.26608033604620634,2027,0.674991674991675,3.9710031370572194
NN016,validation,0.18,8067,0.06700582368297744,0.25598115780339653,2065,0.6876456876456877,3.8202822341907496
NN016,validation,0.19,8515,0.06700582368297744,0.24721080446271285,2105,0.700965700965701,3.6893928150534134
NN016,validation,0.2,8963,0.06700582368297744,0.2385362043958496,2138,0.7119547119547119,3.5599324250445523
NN016,validation,0.21,9411,0.06700582368297744,0.2311125278928913,2175,0.7242757242757243,3.449140913278624
NN016,validation,0.22,9859,0.06700582368297744,0.22446495587787807,2213,0.736929736929737,3.3499320438158047
NN016,validation,0.23,10307,0.06700582368297744,0.21839526535364315,2251,0.7495837495837496,3.2593475215964784
NN016,validation,0.24,10756,0.06700582368297744,0.21290442543696542,2290,0.7625707625707626,3.177401809793033
NN016,validation,0.25,11204,0.06700582368297744,0.2073366654766155,2323,0.7735597735597736,3.094308137417741
NN016,validation,0.26,11652,0.06700582368297744,0.20142464812907657,2347,0.7815517815517815,3.006076741658616
NN016,validation,0.27,12100,0.06700582368297744,0.19661157024793388,2379,0.7922077922077922,2.9342460019319523
NN016,validation,0.28,12548,0.06700582368297744,0.19166401020082882,2405,0.8008658008658008,2.8604082401500315
NN016,validation,0.29,12996,0.06700582368297744,0.18721144967682363,2433,0.8101898101898102,2.793957888833235
NN016,validation,0.3,13445,0.06700582368297744,0.1833395314243213,2465,0.8208458208458208,2.7361730868610747
NN016,validation,0.31,13893,0.06700582368297744,0.17915497012884185,2489,0.8288378288378289,2.67372237637839
NN016,validation,0.32,14341,0.06700582368297744,0.17453455128652115,2503,0.8334998334998335,2.604766894774565
NN016,validation,0.33,14789,0.06700582368297744,0.17032929880316452,2519,0.8388278388278388,2.5420073874330416
NN016,validation,0.34,15237,0.06700582368297744,0.1662400735052832,2533,0.8434898434898435,2.480979478616809
NN016,validation,0.35,15685,0.06700582368297744,0.16289448517692062,2555,0.8508158508158508,2.4310496643936235
NN016,validation,0.36,16134,0.06700582368297744,0.15960084294037435,2575,0.8574758574758575,2.381895097588664
NN016,validation,0.37,16582,0.06700582368297744,0.15619346279097818,2590,0.8624708624708625,2.331043097536886
NN016,validation,0.38,17030,0.06700582368297744,0.15361127422196125,2616,0.8711288711288712,2.2925063192825963
NN016,validation,0.39,17478,0.06700582368297744,0.15036045314109167,2628,0.8751248751248751,2.2439908186561124
NN016,validation,0.4,17926,0.06700582368297744,0.14749525828405669,2644,0.8804528804528805,2.20123043307245
NN016,validation,0.41,18374,0.06700582368297744,0.14476978338957222,2660,0.8857808857808858,2.1605552388180014
NN016,validation,0.42,18823,0.06700582368297744,0.14174148647930723,2668,0.8884448884448884,2.115360705808562
NN016,validation,0.43,19271,0.06700582368297744,0.13938041616937366,2686,0.8944388944388945,2.080123913241032
NN016,validation,0.44,19719,0.06700582368297744,0.13682235407475024,2698,0.8984348984348984,2.0419472003223715
NN016,validation,0.45,20167,0.06700582368297744,0.13442753012346903,2711,0.9027639027639027,2.006206665848655
NN016,validation,0.46,20615,0.06700582368297744,0.13223381033228232,2726,0.9077589077589078,1.9734674251288367
NN016,validation,0.47,21063,0.06700582368297744,0.1301808859136875,2742,0.913086913086913,1.9428294252393383
NN016,validation,0.48,21512,0.06700582368297744,0.1278821123094087,2751,0.916083916083916,1.9085223534368199
NN016,validation,0.49,21960,0.06700582368297744,0.1257285974499089,2761,0.9194139194139194,1.8763831341700192
NN016,validation,0.5,22408,0.06700582368297744,0.123527311674402,2768,0.9217449217449217,1.8435309781257656
NN017,validation,0.01,448,0.06700582368297744,0.6897321428571429,309,0.1028971028971029,10.293614867275581
NN017,validation,0.02,896,0.06700582368297744,0.6127232142857143,549,0.18281718281718282,9.144327770443843
NN017,validation,0.03,1344,0.06700582368297744,0.5505952380952381,740,0.24642024642024643,8.217125136767994
NN017,validation,0.04,1792,0.06700582368297744,0.5100446428571429,914,0.3043623043623044,7.611944974668189
NN017,validation,0.05,2240,0.06700582368297744,0.4785714285714286,1072,0.356976356976357,7.142236335093478
NN017,validation,0.06,2689,0.06700582368297744,0.45370026031982147,1220,0.40626040626040627,6.771057131786026
NN017,validation,0.07,3137,0.06700582368297744,0.4287535862288811,1345,0.4478854478854479,6.398751073599655
NN017,validation,0.08,3585,0.06700582368297744,0.4086471408647141,1465,0.48784548784548787,6.098680956421542
NN017,validation,0.09,4033,0.06700582368297744,0.38556905529382596,1555,0.5178155178155178,5.754261855179286
NN017,validation,0.1,4481,0.06700582368297744,0.3693372015175184,1655,0.5511155511155511,5.512016437033174
NN017,validation,0.11,4929,0.06700582368297744,0.35057821059038347,1728,0.5754245754245755,5.2320558321775605
NN017,validation,0.12,5378,0.06700582368297744,0.33451097062104873,1799,0.5990675990675991,4.992267122984862
NN017,validation,0.13,5826,0.06700582368297744,0.31651218674905596,1844,0.614052614052614,4.723651905938208
NN017,validation,0.14,6274,0.06700582368297744,0.30235894166401023,1897,0.6317016317016317,4.512427801716932
NN017,validation,0.15,6722,0.06700582368297744,0.28994346920559355,1949,0.649017649017649,4.327138348114247
NN017,validation,0.16,7170,0.06700582368297744,0.27824267782426776,1995,0.6643356643356644,4.152514849167568
NN017,validation,0.17,7618,0.06700582368297744,0.2669992123917039,2034,0.6773226773226774,3.9847165174022616
NN017,validation,0.18,8067,0.06700582368297744,0.2563530432626751,2068,0.6886446886446886,3.8258322810200833
NN017,validation,0.19,8515,0.06700582368297744,0.24791544333529067,2111,0.7029637029637029,3.6999088990868203
NN017,validation,0.2,8963,0.06700582368297744,0.24054446056008033,2156,0.717948717948718,3.589903792514525
NN017,validation,0.21,9411,0.06700582368297744,0.23355647646371266,2198,0.7319347319347319,3.485614587304099
NN017,validation,0.22,9859,0.06700582368297744,0.22730500050715083,2241,0.7462537462537463,3.392317085490835
NN017,validation,0.23,10307,0.06700582368297744,0.21994760842146113,2267,0.7549117549117549,3.282514807400807
NN017,validation,0.24,10756,0.06700582368297744,0.21420602454444032,2304,0.7672327672327672,3.196826973695698
NN017,validation,0.25,11204,0.06700582368297744,0.20760442699036058,2326,0.7745587745587745,3.0983042305784183
NN017,validation,0.26,11652,0.06700582368297744,0.20185375901132852,2352,0.7832167832167832,3.0124808250451913
NN017,validation,0.27,12100,0.06700582368297744,0.1969421487603306,2383,0.7935397935397935,2.939179580749829
NN017,validation,0.28,12548,0.06700582368297744,0.19230156200191265,2413,0.8035298035298035,2.8699231116349377
NN017,validation,0.29,12996,0.06700582368297744,0.18767313019390583,2439,0.8121878121878122,2.8008480439228363
NN017,validation,0.3,13445,0.06700582368297744,0.18267013759761994,2456,0.8178488178488178,2.7261830025682756
NN017,validation,0.31,13893,0.06700582368297744,0.178435183185777,2479,0.8255078255078255,2.6629802213909315
NN017,validation,0.32,14341,0.06700582368297744,0.17390697998744858,2494,0.8305028305028305,2.595400973059435
NN017,validation,0.33,14789,0.06700582368297744,0.16972073838663873,2510,0.8358308358308358,2.5329251855724233
NN017,validation,0.34,15237,0.06700582368297744,0.16604318435387544,2530,0.8424908424908425,2.4780410899725727
NN017,validation,0.35,15685,0.06700582368297744,0.16238444373605354,2547,0.8481518481518482,2.423437767205698
NN017,validation,0.36,16134,0.06700582368297744,0.15891905293169703,2564,0.8538128538128538,2.371720011734887
NN017,validation,0.37,16582,0.06700582368297744,0.15583162465323844,2584,0.8604728604728604,2.325642997697032
NN017,validation,0.38,17030,0.06700582368297744,0.15273047563123898,2601,0.8661338661338661,2.279361214240838
NN017,validation,0.39,17478,0.06700582368297744,0.15007437921959035,2623,0.8734598734598734,2.2397214297317283
NN017,validation,0.4,17926,0.06700582368297744,0.14760682807095837,2646,0.8811188811188811,2.202895509043004
NN017,validation,0.41,18374,0.06700582368297744,0.14476978338957222,2660,0.8857808857808858,2.1605552388180014
NN017,validation,0.42,18823,0.06700582368297744,0.14206024544440313,2674,0.8904428904428905,2.120117888805133
NN017,validation,0.43,19271,0.06700582368297744,0.13922474184007058,2683,0.8934398934398934,2.077800617731083
NN017,validation,0.44,19719,0.06700582368297744,0.13672092905319744,2696,0.8977688977688978,2.0404335256001165
NN017,validation,0.45,20167,0.06700582368297744,0.13457628799523974,2714,0.9037629037629038,2.008426739621265
NN017,validation,0.46,20615,0.06700582368297744,0.13228231869997575,2727,0.9080919080919081,1.9741913676912464
NN017,validation,0.47,21063,0.06700582368297744,0.129896026207093,2736,0.9110889110889111,1.938578157350412
NN017,validation,0.48,21512,0.06700582368297744,0.12755671253253997,2744,0.9137529137529138,1.9036660624611534
NN017,validation,0.49,21960,0.06700582368297744,0.12550091074681238,2756,0.9177489177489178,1.872985120526104
NN017,validation,0.5,22408,0.06700582368297744,0.12339343091752945,2765,0.9207459207459208,1.841532931545427
NN018,validation,0.01,448,0.06700582368297744,0.6473214285714286,290,0.09657009657009658,9.66067414728129
NN018,validation,0.02,896,0.06700582368297744,0.6082589285714286,545,0.18148518148518147,9.077702431497075
NN018,validation,0.03,1344,0.06700582368297744,0.5550595238095238,746,0.24841824841824842,8.283750475714761
NN018,validation,0.04,1792,0.06700582368297744,0.5089285714285714,912,0.3036963036963037,7.595288639931496
NN018,validation,0.05,2240,0.06700582368297744,0.48035714285714287,1076,0.35830835830835833,7.168886470672184
NN018,validation,0.06,2689,0.06700582368297744,0.45295648940126443,1218,0.40559440559440557,6.759957038127362
NN018,validation,0.07,3137,0.06700582368297744,0.4322601211348422,1356,0.4515484515484515,6.45108286676664
NN018,validation,0.08,3585,0.06700582368297744,0.4103207810320781,1471,0.48984348984348985,6.123658489348865
NN018,validation,0.09,4033,0.06700582368297744,0.3887924621869576,1568,0.5221445221445221,5.802368224386573
NN018,validation,0.1,4481,0.06700582368297744,0.3720151751841107,1667,0.5551115551115551,5.551982719356073
NN018,validation,0.11,4929,0.06700582368297744,0.3532156624061676,1741,0.5797535797535798,5.271417363322415
NN018,validation,0.12,5378,0.06700582368297744,0.33692822610635925,1812,0.6033966033966034,5.0283424273755255
NN018,validation,0.13,5826,0.06700582368297744,0.32011671815997256,1865,0.621045621045621,4.777446206385444
NN018,validation,0.14,6274,0.06700582368297744,0.3052279247688875,1915,0.6376956376956376,4.555244723399011
NN018,validation,0.15,6722,0.06700582368297744,0.2945551919071705,1980,0.6593406593406593,4.395964047853367
NN018,validation,0.16,7170,0.06700582368297744,0.28270571827057184,2027,0.674991674991675,4.219121603640432
NN018,validation,0.17,7618,0.06700582368297744,0.2723812024153321,2075,0.690975690975691,4.065037745137508
NN018,validation,0.18,8067,0.06700582368297744,0.2624271724308913,2117,0.704961704961705,3.9164830458991857
NN018,validation,0.19,8515,0.06700582368297744,0.2532002348796242,2156,0.717948717948718,3.778779529337368
NN018,validation,0.2,8963,0.06700582368297744,0.24534196139685374,2199,0.7322677322677322,3.6615020592483494
NN018,validation,0.21,9411,0.06700582368297744,0.23716927000318777,2232,0.7432567432567433,3.5395321923852365
NN018,validation,0.22,9859,0.06700582368297744,0.22923217364844306,2260,0.7525807525807526,3.4210783637703206
NN018,validation,0.23,10307,0.06700582368297744,0.22363442320752885,2305,0.7675657675657676,3.337537111186087
NN018,validation,0.24,10756,0.06700582368297744,0.2169951654890294,2334,0.7772227772227772,3.238452324915694
NN018,validation,0.25,11204,0.06700582368297744,0.21099607283113173,2364,0.7872127872127872,3.148921410613663
NN018,validation,0.26,11652,0.06700582368297744,0.20528664606934433,2392,0.7965367965367965,3.063713492137797
NN018,validation,0.27,12100,0.06700582368297744,0.2002479338842975,2423,0.8068598068598068,2.9885153689285917
NN018,validation,0.28,12548,0.06700582368297744,0.1949314631813835,2446,0.8145188145188145,2.9091719565101775
NN018,validation,0.29,12996,0.06700582368297744,0.19036626654355185,2474,0.8238428238428238,2.841040615278842
NN018,validation,0.3,13445,0.06700582368297744,0.185198958720714,2490,0.8291708291708292,2.7639233210077387
NN018,validation,0.31,13893,0.06700582368297744,0.18117037356942345,2517,0.8381618381618382,2.7038004103432733
NN018,validation,0.32,14341,0.06700582368297744,0.1771842967714943,2541,0.8461538461538461,2.6443118975717814
NN018,validation,0.33,14789,0.06700582368297744,0.17377780783014402,2570,0.8558108558108558,2.593473197976545
NN018,validation,0.34,15237,0.06700582368297744,0.16932467021067138,2580,0.8591408591408591,2.5270142340431763
NN018,validation,0.35,15685,0.06700582368297744,0.16550844756136437,2596,0.8644688644688645,2.4700606374817404
NN018,validation,0.36,16134,0.06700582368297744,0.16201809842568488,2614,0.8704628704628704,2.417970401979327
NN018,validation,0.37,16582,0.06700582368297744,0.15842479797370643,2627,0.8747918747918748,2.3643437132159844
NN018,validation,0.38,17030,0.06700582368297744,0.1547269524368761,2635,0.8774558774558775,2.309156785668823
NN018,validation,0.39,17478,0.06700582368297744,0.1513903192584964,2646,0.8811188811188811,2.2593606187838935
NN018,validation,0.4,17926,0.06700582368297744,0.14844360147272118,2661,0.8861138861138861,2.215383578822159
NN018,validation,0.41,18374,0.06700582368297744,0.1454773048873408,2673,0.8901098901098901,2.1711143433686155
NN018,validation,0.42,18823,0.06700582368297744,0.1425915103862296,2684,0.8937728937728938,2.128046527132751
NN018,validation,0.43,19271,0.06700582368297744,0.1400550049296871,2699,0.8987678987678988,2.090191527117478
NN018,validation,0.44,19719,0.06700582368297744,0.1372787666717379,2707,0.9014319014319014,2.04875873657252
NN018,validation,0.45,20167,0.06700582368297744,0.13477463182426735,2718,0.9050949050949051,2.011386837984745
NN018,validation,0.46,20615,0.06700582368297744,0.13242784380305603,2730,0.9090909090909091,1.9763631953784755
NN018,validation,0.47,21063,0.06700582368297744,0.130275839149219,2744,0.9137529137529138,1.944246514535647
NN018,validation,0.48,21512,0.06700582368297744,0.12802156935663817,2754,0.9170829170829171,1.9106036209978197
NN018,validation,0.49,21960,0.06700582368297744,0.1257285974499089,2761,0.9194139194139194,1.8763831341700192
NN018,validation,0.5,22408,0.06700582368297744,0.12392895394501964,2777,0.9247419247419247,1.8495251178667815
NN019,validation,0.01,448,0.06700582368297744,0.6830357142857143,306,0.1018981018981019,10.19367685885543
NN019,validation,0.02,896,0.06700582368297744,0.609375,546,0.18181818181818182,9.094358766233766
NN019,validation,0.03,1344,0.06700582368297744,0.5550595238095238,746,0.24841824841824842,8.283750475714761
NN019,validation,0.04,1792,0.06700582368297744,0.51953125,931,0.31002331002331,7.75352381993007
NN019,validation,0.05,2240,0.06700582368297744,0.4870535714285714,1091,0.3633033633033633,7.268824479092336
NN019,validation,0.06,2689,0.06700582368297744,0.4589066567497211,1234,0.41092241092241094,6.8487577873966865
NN019,validation,0.07,3137,0.06700582368297744,0.43098501753267454,1352,0.45021645021645024,6.432053123796828
NN019,validation,0.08,3585,0.06700582368297744,0.40892608089260807,1466,0.4881784881784882,6.1028438785760954
NN019,validation,0.09,4033,0.06700582368297744,0.39251177783287877,1583,0.5271395271395272,5.857875573471904
NN019,validation,0.1,4481,0.06700582368297744,0.37134568176746263,1664,0.5541125541125541,5.541991148775349
NN019,validation,0.11,4929,0.06700582368297744,0.353824305132887,1744,0.5807525807525807,5.2805007935866115
NN019,validation,0.12,5378,0.06700582368297744,0.3373001115656378,1814,0.604062604062604,5.033892474204857
NN019,validation,0.13,5826,0.06700582368297744,0.3216615173360796,1874,0.624042624042624,4.800500906577116
NN019,validation,0.14,6274,0.06700582368297744,0.30729996812240995,1928,0.642024642024642,4.586168055724957
NN019,validation,0.15,6722,0.06700582368297744,0.2942576614102946,1978,0.6586746586746587,4.391523680128262
NN019,validation,0.16,7170,0.06700582368297744,0.2829846582984658,2029,0.6756576756576756,4.223284525794986
NN019,validation,0.17,7618,0.06700582368297744,0.27303754266211605,2080,0.6926406926406926,4.074833016812539
NN019,validation,0.18,8067,0.06700582368297744,0.26317094334944835,2123,0.706959706959707,3.927583139557851
NN019,validation,0.19,8515,0.06700582368297744,0.2547269524368761,2169,0.7222777222777222,3.8015643780764155
NN019,validation,0.2,8963,0.06700582368297744,0.24601138011826398,2205,0.7342657342657343,3.671492515071674
NN019,validation,0.21,9411,0.06700582368297744,0.2373817872702157,2234,0.7439227439227439,3.5427038162135385
NN019,validation,0.22,9859,0.06700582368297744,0.22994218480576123,2267,0.7549117549117549,3.431674624189078
NN019,validation,0.23,10307,0.06700582368297744,0.22305229455709713,2299,0.7655677655677655,3.328849379009464
NN019,validation,0.24,10756,0.06700582368297744,0.21746002231312755,2339,0.7788877788877789,3.24538988345236
NN019,validation,0.25,11204,0.06700582368297744,0.2115315958586219,2370,0.7892107892107892,3.1569135969350177
NN019,validation,0.26,11652,0.06700582368297744,0.2058015791280467,2398,0.7985347985347986,3.071398392201688
NN019,validation,0.27,12100,0.06700582368297744,0.20099173553719007,2432,0.8098568098568099,2.9996159212688136
NN019,validation,0.28,12548,0.06700582368297744,0.19588779088300926,2458,0.8185148185148186,2.9234442637375375
NN019,validation,0.29,12996,0.06700582368297744,0.19067405355494,2478,0.8251748251748252,2.845634052005243
NN019,validation,0.3,13445,0.06700582368297744,0.18638899219040536,2506,0.8344988344988346,2.781683470861604
NN019,validation,0.31,13893,0.06700582368297744,0.1818901605124883,2527,0.8414918414918415,2.714542565330732
NN019,validation,0.32,14341,0.06700582368297744,0.1773934872045185,2544,0.8471528471528471,2.647433871476825
NN019,validation,0.33,14789,0.06700582368297744,0.17289877611738455,2557,0.8514818514818515,2.580354461955652
NN019,validation,0.34,15237,0.06700582368297744,0.16952155936207916,2583,0.8601398601398601,2.529952622687413
NN019,validation,0.35,15685,0.06700582368297744,0.16544469238125598,2595,0.8641358641358642,2.46910915033325
NN019,validation,0.36,16134,0.06700582368297744,0.16183215569604562,2611,0.8694638694638694,2.4151953785646607
NN019,validation,0.37,16582,0.06700582368297744,0.15818357254854662,2623,0.8734598734598734,2.360743646656082
NN019,validation,0.38,17030,0.06700582368297744,0.15478567234292426,2636,0.8777888777888778,2.3100331260049405
NN019,validation,0.39,17478,0.06700582368297744,0.1513903192584964,2646,0.8811188811188811,2.2593606187838935
NN019,validation,0.4,17926,0.06700582368297744,0.14844360147272118,2661,0.8861138861138861,2.215383578822159
NN019,validation,0.41,18374,0.06700582368297744,0.1454773048873408,2673,0.8901098901098901,2.1711143433686155
NN019,validation,0.42,18823,0.06700582368297744,0.1428040163629602,2688,0.8951048951048951,2.1312179824637987
NN019,validation,0.43,19271,0.06700582368297744,0.139899330600384,2696,0.8977688977688978,2.087868231607529
NN019,validation,0.44,19719,0.06700582368297744,0.1373294791825143,2708,0.9017649017649018,2.0495155739336477
NN019,validation,0.45,20167,0.06700582368297744,0.1349233896960381,2721,0.906093906093906,2.0136069117573556
NN019,validation,0.46,20615,0.06700582368297744,0.13262187727382974,2734,0.9104229104229105,1.9792589656281143
NN019,validation,0.47,21063,0.06700582368297744,0.13037079238475052,2746,0.9144189144189144,1.945663603831956
NN019,validation,0.48,21512,0.06700582368297744,0.12806805503904797,2755,0.9174159174159174,1.911297376851486
NN019,validation,0.49,21960,0.06700582368297744,0.12586520947176685,2764,0.9204129204129204,1.8784219423563686
NN019,validation,0.5,22408,0.06700582368297744,0.12375044626918957,2773,0.9234099234099234,1.8468610557596632
NNSTACK001,validation,0.01,448,0.06700582368297744,0.6495535714285714,291,0.0969030969030969,9.693986816754673
NNSTACK001,validation,0.02,896,0.06700582368297744,0.6060267857142857,543,0.18081918081918083,9.04438976202369
NNSTACK001,validation,0.03,1344,0.06700582368297744,0.5513392857142857,741,0.24675324675324675,8.228229359925788
NNSTACK001,validation,0.04,1792,0.06700582368297744,0.5106026785714286,915,0.3046953046953047,7.620273142036535
NNSTACK001,validation,0.05,2240,0.06700582368297744,0.478125,1071,0.35664335664335667,7.1355738011988015
NNSTACK001,validation,0.06,2689,0.06700582368297744,0.4570472294533284,1229,0.4092574092574093,6.8210075532500225
NNSTACK001,validation,0.07,3137,0.06700582368297744,0.43002868983104875,1349,0.4492174492174492,6.417780816569468
NNSTACK001,validation,0.08,3585,0.06700582368297744,0.40836820083682007,1464,0.4875124875124875,6.094518034266988
NNSTACK001,validation,0.09,4033,0.06700582368297744,0.3870567815521944,1561,0.5198135198135199,5.7764647948134185
NNSTACK001,validation,0.1,4481,0.06700582368297744,0.36710555679535817,1645,0.5477855477855478,5.478711201764091
NNSTACK001,validation,0.11,4929,0.06700582368297744,0.3493609251369446,1722,0.5734265734265734,5.213888971649166
NNSTACK001,validation,0.12,5378,0.06700582368297744,0.33618445518780216,1808,0.6020646020646021,5.017242333716859
NNSTACK001,validation,0.13,5826,0.06700582368297744,0.3194301407483694,1861,0.6197136197136197,4.767199672966924
NNSTACK001,validation,0.14,6274,0.06700582368297744,0.30570608861970033,1918,0.6386946386946387,4.56238087701269
NNSTACK001,validation,0.15,6722,0.06700582368297744,0.2932163046712288,1971,0.6563436563436563,4.375982393090396
NNSTACK001,validation,0.16,7170,0.06700582368297744,0.2815899581589958,2019,0.6723276723276723,4.202469915022216
NNSTACK001,validation,0.17,7618,0.06700582368297744,0.2714623260698346,2068,0.6886446886446886,4.051324364792467
NNSTACK001,validation,0.18,8067,0.06700582368297744,0.2606917069542581,2103,0.7002997002997003,3.890582827362299
NNSTACK001,validation,0.19,8515,0.06700582368297744,0.25214327657075747,2147,0.714951714951715,3.7630054032872584
NNSTACK001,validation,0.2,8963,0.06700582368297744,0.24366841459332814,2184,0.7272727272727273,3.636525919690039
NNSTACK001,validation,0.21,9411,0.06700582368297744,0.2358941664010201,2220,0.7392607392607392,3.5205024494154236
NNSTACK001,validation,0.22,9859,0.06700582368297744,0.22963789430976772,2264,0.7539127539127539,3.427133369723896
NNSTACK001,validation,0.23,10307,0.06700582368297744,0.2242165518579606,2311,0.7695637695637696,3.3462248433627106
NNSTACK001,validation,0.24,10756,0.06700582368297744,0.21773893640758646,2342,0.7798867798867799,3.2495524185743596
NNSTACK001,validation,0.25,11204,0.06700582368297744,0.21215637272402713,2377,0.7915417915417915,3.1662378143099312
NNSTACK001,validation,0.26,11652,0.06700582368297744,0.20674562306900102,2409,0.8021978021978022,3.085487375652154
NNSTACK001,validation,0.27,12100,0.06700582368297744,0.20115702479338843,2434,0.8105228105228105,3.002082710677752
NNSTACK001,validation,0.28,12548,0.06700582368297744,0.19620656678355117,2462,0.8198468198468198,2.928201699479991
NNSTACK001,validation,0.29,12996,0.06700582368297744,0.1909818405663281,2482,0.8265068265068265,2.850227488731644
NNSTACK001,validation,0.3,13445,0.06700582368297744,0.18646336928226107,2507,0.8348318348318349,2.7827934802274705
NNSTACK001,validation,0.31,13893,0.06700582368297744,0.18203411790110127,2529,0.8421578421578422,2.7166909963282238
NNSTACK001,validation,0.32,14341,0.06700582368297744,0.1777421379262255,2549,0.8488178488178488,2.652637161318564
NNSTACK001,validation,0.33,14789,0.06700582368297744,0.17343971870985192,2565,0.8541458541458542,2.5884275302762014
NNSTACK001,validation,0.34,15237,0.06700582368297744,0.17024348625057426,2594,0.8638028638028638,2.540726714382946
NNSTACK001,validation,0.35,15685,0.06700582368297744,0.1665285304430985,2612,0.8697968697968698,2.485284431857591
NNSTACK001,validation,0.36,16134,0.06700582368297744,0.16251394570472294,2622,0.8731268731268731,2.4253704644184375
NNSTACK001,validation,0.37,16582,0.06700582368297744,0.15890724882402604,2635,0.8774558774558775,2.371543846335789
NNSTACK001,validation,0.38,17030,0.06700582368297744,0.15607751027598357,2658,0.8851148851148851,2.329312613399519
NNSTACK001,validation,0.39,17478,0.06700582368297744,0.15264904451310218,2668,0.8884448884448884,2.278145930051182
NNSTACK001,validation,0.4,17926,0.06700582368297744,0.14978243891554166,2685,0.8941058941058941,2.235364490468808
NNSTACK001,validation,0.41,18374,0.06700582368297744,0.14694677261347555,2700,0.8991008991008991,2.1930447912814297
NNSTACK001,validation,0.42,18823,0.06700582368297744,0.1439727992349785,2710,0.9024309024309024,2.148660986784559
NNSTACK001,validation,0.43,19271,0.06700582368297744,0.14114472523480878,2720,0.9057609057609057,2.1064545956871212
NNSTACK001,validation,0.44,19719,0.06700582368297744,0.13839444190881892,2729,0.9087579087579087,2.0654091585173284
NNSTACK001,validation,0.45,20167,0.06700582368297744,0.13566717905489165,2736,0.9110889110889111,2.024707280620406
NNSTACK001,validation,0.46,20615,0.06700582368297744,0.1332524860538443,2747,0.9147519147519148,1.9886702189394403
NNSTACK001,validation,0.47,21063,0.06700582368297744,0.1309405117979395,2758,0.9184149184149184,1.9541661396098082
NNSTACK001,validation,0.48,21512,0.06700582368297744,0.12862588322796578,2767,0.9214119214119214,1.9196224470954852
NNSTACK001,validation,0.49,21960,0.06700582368297744,0.12627504553734062,2773,0.9234099234099234,1.884538366915416
NNSTACK001,validation,0.5,22408,0.06700582368297744,0.12406283470189218,2780,0.9257409257409257,1.8515231644471202
RASTACK001,validation,0.01,448,0.06700582368297744,0.6473214285714286,290,0.09657009657009658,9.66067414728129
RASTACK001,validation,0.02,896,0.06700582368297744,0.5747767857142857,515,0.1714951714951715,8.578012389396317
RASTACK001,validation,0.03,1344,0.06700582368297744,0.5372023809523809,722,0.24042624042624042,8.01724911992769
RASTACK001,validation,0.04,1792,0.06700582368297744,0.5061383928571429,907,0.302031302031302,7.553647803089768
RASTACK001,validation,0.05,2240,0.06700582368297744,0.475,1064,0.3543123543123543,7.088936063936063
RASTACK001,validation,0.06,2689,0.06700582368297744,0.4455187802156936,1198,0.3989343989343989,6.648956101540706
RASTACK001,validation,0.07,3137,0.06700582368297744,0.41791520561045586,1311,0.43656343656343655,6.236998258356244
RASTACK001,validation,0.08,3585,0.06700582368297744,0.39442119944211995,1414,0.47086247086247085,5.88637192653929
RASTACK001,validation,0.09,4033,0.06700582368297744,0.3773865608727994,1522,0.5068265068265069,5.632145687191559
RASTACK001,validation,0.1,4481,0.06700582368297744,0.3577326489622852,1603,0.5337995337995338,5.338829213633944
RASTACK001,validation,0.11,4929,0.06700582368297744,0.3388111178738081,1670,0.5561105561105562,5.056442847069749
RASTACK001,validation,0.12,5378,0.06700582368297744,0.32168092227593903,1730,0.5760905760905761,4.80079050737288
RASTACK001,validation,0.13,5826,0.06700582368297744,0.30707174733951254,1789,0.5957375957375958,4.582762071433544
RASTACK001,validation,0.14,6274,0.06700582368297744,0.2948677080012751,1850,0.6160506160506161,4.400628061769279
RASTACK001,validation,0.15,6722,0.06700582368297744,0.2835465635227611,1906,0.6346986346986347,4.2316704420245035
RASTACK001,validation,0.16,7170,0.06700582368297744,0.27364016736401675,1962,0.6533466533466533,4.083826633617429
RASTACK001,validation,0.17,7618,0.06700582368297744,0.2646363875032817,2016,0.6713286713286714,3.9494535393721533
RASTACK001,validation,0.18,8067,0.06700582368297744,0.2541217305070038,2050,0.6826506826506826,3.7925320000440856
RASTACK001,validation,0.19,8515,0.06700582368297744,0.24721080446271285,2105,0.700965700965701,3.6893928150534134
RASTACK001,validation,0.2,8963,0.06700582368297744,0.23920562311725985,2144,0.713952713952714,3.569922880867877
RASTACK001,validation,0.21,9411,0.06700582368297744,0.23206885559451707,2184,0.7272727272727273,3.463413220505984
RASTACK001,validation,0.22,9859,0.06700582368297744,0.2250735368698651,2219,0.7389277389277389,3.359014552746168
RASTACK001,validation,0.23,10307,0.06700582368297744,0.21878335112059766,2255,0.7509157509157509,3.2651393430475606
RASTACK001,validation,0.24,10756,0.06700582368297744,0.21281145407214577,2289,0.7622377622377622,3.1760142980857
RASTACK001,validation,0.25,11204,0.06700582368297744,0.20697965012495537,2319,0.7722277722277723,3.088980013203505
RASTACK001,validation,0.26,11652,0.06700582368297744,0.20142464812907657,2347,0.7815517815517815,3.006076741658616
RASTACK001,validation,0.27,12100,0.06700582368297744,0.1959504132231405,2371,0.7895437895437896,2.9243788442961995
RASTACK001,validation,0.28,12548,0.06700582368297744,0.19158431622569333,2404,0.8005328005328005,2.859218881214418
RASTACK001,validation,0.29,12996,0.06700582368297744,0.18736534318251769,2435,0.8108558108558108,2.796254607196435
RASTACK001,validation,0.3,13445,0.06700582368297744,0.18267013759761994,2456,0.8178488178488178,2.7261830025682756
RASTACK001,validation,0.31,13893,0.06700582368297744,0.1785071618800835,2480,0.8258408258408259,2.6640544368896775
RASTACK001,validation,0.32,14341,0.06700582368297744,0.17439509099783837,2501,0.8328338328338328,2.6026855788378693
RASTACK001,validation,0.33,14789,0.06700582368297744,0.17046453445128135,2521,0.8394938394938395,2.5440256545131787
RASTACK001,validation,0.34,15237,0.06700582368297744,0.1666338518080987,2539,0.8454878454878455,2.486856255905281
RASTACK001,validation,0.35,15685,0.06700582368297744,0.1634045266177877,2563,0.8534798534798534,2.438661561581549
RASTACK001,validation,0.36,16134,0.06700582368297744,0.1601586711292922,2584,0.8604728604728604,2.390220167832663
RASTACK001,validation,0.37,16582,0.06700582368297744,0.15631407550355808,2592,0.8631368631368631,2.3328431308168374
RASTACK001,validation,0.38,17030,0.06700582368297744,0.15314151497357603,2608,0.8684648684648685,2.2854955965936585
RASTACK001,validation,0.39,17478,0.06700582368297744,0.15018880878819088,2625,0.8741258741258742,2.241429185301482
RASTACK001,validation,0.4,17926,0.06700582368297744,0.1478299676447618,2650,0.8824508824508824,2.206225660984112
RASTACK001,validation,0.41,18374,0.06700582368297744,0.14525960596495047,2669,0.8887778887778888,2.1678653881222725
RASTACK001,validation,0.42,18823,0.06700582368297744,0.14253838389204695,2683,0.8934398934398934,2.127253663299989
RASTACK001,validation,0.43,19271,0.06700582368297744,0.14015878781588917,2701,0.8994338994338994,2.0917403907907772
RASTACK001,validation,0.44,19719,0.06700582368297744,0.13758304173639638,2713,0.9034299034299035,2.053299760739286
RASTACK001,validation,0.45,20167,0.06700582368297744,0.1350721475678088,2724,0.9070929070929071,2.0158269855299658
RASTACK001,validation,0.46,20615,0.06700582368297744,0.1325733689061363,2733,0.9100899100899101,1.9785350230657044
RASTACK001,validation,0.47,21063,0.06700582368297744,0.13032331576698475,2745,0.9140859140859141,1.9449550591838012
RASTACK001,validation,0.48,21512,0.06700582368297744,0.12792859799181852,2752,0.9164169164169165,1.9092161092904862
RASTACK001,validation,0.49,21960,0.06700582368297744,0.12586520947176685,2764,0.9204129204129204,1.8784219423563686
RASTACK001,validation,0.5,22408,0.06700582368297744,0.12406283470189218,2780,0.9257409257409257,1.8515231644471202
RF001,validation,0.01,448,0.06700582368297744,0.6629464285714286,297,0.0989010989010989,9.893862833594977
RF001,validation,0.02,896,0.06700582368297744,0.5926339285714286,531,0.17682317682317683,8.844513745183388
RF001,validation,0.03,1344,0.06700582368297744,0.5550595238095238,746,0.24841824841824842,8.283750475714761
RF001,validation,0.04,1792,0.06700582368297744,0.5083705357142857,911,0.30336330336330336,7.586960472563151
RF001,validation,0.05,2240,0.06700582368297744,0.47276785714285713,1059,0.35264735264735264,7.05562339446268
RF001,validation,0.06,2689,0.06700582368297744,0.4484938638899219,1206,0.4015984015984016,6.693356476175368
RF001,validation,0.07,3137,0.06700582368297744,0.4281160344277973,1343,0.44721944721944723,6.389236202114748
RF001,validation,0.08,3585,0.06700582368297744,0.40641562064156206,1457,0.4851814851814852,6.06537757918511
RF001,validation,0.09,4033,0.06700582368297744,0.3870567815521944,1561,0.5198135198135199,5.7764647948134185
RF001,validation,0.1,4481,0.06700582368297744,0.36755188573979025,1647,0.5484515484515484,5.485372248817908
RF001,validation,0.11,4929,0.06700582368297744,0.34915804422803814,1721,0.5730935730935731,5.210861161561101
RF001,validation,0.12,5378,0.06700582368297744,0.3302342878393455,1776,0.5914085914085914,4.928441584447534
RF001,validation,0.13,5826,0.06700582368297744,0.31462409886714726,1833,0.6103896103896104,4.695473939037275
RF001,validation,0.14,6274,0.06700582368297744,0.2999681224099458,1882,0.6267066267066267,4.4767470336485315
RF001,validation,0.15,6722,0.06700582368297744,0.2891996429634037,1944,0.6473526473526473,4.316037428801486
RF001,validation,0.16,7170,0.06700582368297744,0.2789400278940028,2000,0.666000666000666,4.162922154553954
RF001,validation,0.17,7618,0.06700582368297744,0.26713048044106064,2035,0.6776556776556777,3.9866755717372673
RF001,validation,0.18,8067,0.06700582368297744,0.25684889054171317,2072,0.6899766899766899,3.8332323434591937
RF001,validation,0.19,8515,0.06700582368297744,0.24815032295948328,2113,0.7036297036297037,3.7034142604312894
RF001,validation,0.2,8963,0.06700582368297744,0.23898248354345644,2142,0.7132867132867133,3.5665927289267687
RF001,validation,0.21,9411,0.06700582368297744,0.23132504515991925,2177,0.7249417249417249,3.4523125371069265
RF001,validation,0.22,9859,0.06700582368297744,0.2240592352165534,2209,0.7355977355977356,3.343877037862229
RF001,validation,0.23,10307,0.06700582368297744,0.2189773940040749,2257,0.7515817515817516,3.268035253773102
RF001,validation,0.24,10756,0.06700582368297744,0.21253253997768687,2286,0.7612387612387612,3.1718517629637004
RF001,validation,0.25,11204,0.06700582368297744,0.20689039628704034,2318,0.7718947718947718,3.0876479821499454
RF001,validation,0.26,11652,0.06700582368297744,0.20125300377617578,2345,0.7808857808857809,3.003515108303986
RF001,validation,0.27,12100,0.06700582368297744,0.19603305785123967,2372,0.7898767898767899,2.9256122390006687
RF001,validation,0.28,12548,0.06700582368297744,0.1905482945489321,2391,0.7962037962037962,2.843757215051445
RF001,validation,0.29,12996,0.06700582368297744,0.18644198214835334,2423,0.8068598068598068,2.782474297017233
RF001,validation,0.3,13445,0.06700582368297744,0.18252138341390853,2454,0.8171828171828172,2.7239629838365427
RF001,validation,0.31,13893,0.06700582368297744,0.17836320449147053,2478,0.8251748251748252,2.661906005892186
RF001,validation,0.32,14341,0.06700582368297744,0.17439509099783837,2501,0.8328338328338328,2.6026855788378693
RF001,validation,0.33,14789,0.06700582368297744,0.1705997700993982,2523,0.8401598401598401,2.5460439215933164
RF001,validation,0.34,15237,0.06700582368297744,0.16742140841372974,2551,0.8494838494838495,2.4986098104822263
RF001,validation,0.35,15685,0.06700582368297744,0.1644883646796302,2580,0.8591408591408591,2.45483684310589
RF001,validation,0.36,16134,0.06700582368297744,0.1611503656873683,2600,0.8658008658008658,2.405020292710884
RF001,validation,0.37,16582,0.06700582368297744,0.15824387890483657,2624,0.8737928737928738,2.3616436632960576
RF001,validation,0.38,17030,0.06700582368297744,0.15466823253082795,2634,0.8771228771228772,2.308280445332706
RF001,validation,0.39,17478,0.06700582368297744,0.15127588968989586,2644,0.8804528804528805,2.25765286321414
RF001,validation,0.4,17926,0.06700582368297744,0.1483320316858195,2659,0.8854478854478854,2.2137185028516058
RF001,validation,0.41,18374,0.06700582368297744,0.1452051812343529,2668,0.8884448884448884,2.167053149310687
RF001,validation,0.42,18823,0.06700582368297744,0.14243213090368168,2681,0.8927738927738927,2.125667935634466
RF001,validation,0.43,19271,0.06700582368297744,0.13984743915728295,2695,0.8974358974358975,2.087093799770879
RF001,validation,0.44,19719,0.06700582368297744,0.13697449160707947,2701,0.8994338994338994,2.0442177124057546
RF001,validation,0.45,20167,0.06700582368297744,0.13427877225169832,2708,0.9017649017649018,2.003986592076045
RF001,validation,0.46,20615,0.06700582368297744,0.13213679359689545,2724,0.9070929070929071,1.972019540004017
RF001,validation,0.47,21063,0.06700582368297744,0.12946873664720127,2727,0.9080919080919081,1.9322012555170227
RF001,validation,0.48,21512,0.06700582368297744,0.12764968389735962,2746,0.9144189144189144,1.9050535741684866
RF001,validation,0.49,21960,0.06700582368297744,0.1254553734061931,2755,0.9174159174159174,1.8723055177973211
RF001,validation,0.5,22408,0.06700582368297744,0.12348268475544448,2767,0.9214119214119214,1.842864962598986
RF002,validation,0.01,448,0.06700582368297744,0.6651785714285714,298,0.09923409923409923,9.927175503068359
RF002,validation,0.02,896,0.06700582368297744,0.5982142857142857,536,0.1784881784881785,8.927795418866847
RF002,validation,0.03,1344,0.06700582368297744,0.5476190476190477,736,0.2450882450882451,8.172708244136816
RF002,validation,0.04,1792,0.06700582368297744,0.5094866071428571,913,0.304029304029304,7.603616807299842
RF002,validation,0.05,2240,0.06700582368297744,0.4799107142857143,1075,0.35797535797535796,7.162223936777508
RF002,validation,0.06,2689,0.06700582368297744,0.45593157307549276,1226,0.40825840825840826,6.804357412762024
RF002,validation,0.07,3137,0.06700582368297744,0.43130379343321645,1353,0.45054945054945056,6.436810559539281
RF002,validation,0.08,3585,0.06700582368297744,0.40836820083682007,1464,0.4875124875124875,6.094518034266988
RF002,validation,0.09,4033,0.06700582368297744,0.3868088271757997,1560,0.5194805194805194,5.772764304874396
RF002,validation,0.1,4481,0.06700582368297744,0.3704530238785985,1660,0.5527805527805528,5.5286690546677155
RF002,validation,0.11,4929,0.06700582368297744,0.35118685331710287,1731,0.5764235764235764,5.241139262441758
RF002,validation,0.12,5378,0.06700582368297744,0.33283748605429525,1790,0.5960705960705961,4.967291912252864
RF002,validation,0.13,5826,0.06700582368297744,0.318915207689667,1858,0.6187146187146187,4.7595147729030325
RF002,validation,0.14,6274,0.06700582368297744,0.30602486452024225,1920,0.6393606393606394,4.5671383127551435
RF002,validation,0.15,6722,0.06700582368297744,0.2920261826837251,1963,0.6536796536796536,4.358220922189979
RF002,validation,0.16,7170,0.06700582368297744,0.28172942817294283,2020,0.6726606726606726,4.204551376099493
RF002,validation,0.17,7618,0.06700582368297744,0.27224993436597533,2074,0.6906426906426907,4.063078690802503
RF002,validation,0.18,8067,0.06700582368297744,0.26279905789016983,2120,0.7059607059607059,3.9220330927285185
RF002,validation,0.19,8515,0.06700582368297744,0.2528479154433353,2153,0.716949716949717,3.7735214873206653
RF002,validation,0.2,8963,0.06700582368297744,0.24456097288854178,2192,0.72993672993673,3.649846527454471
RF002,validation,0.21,9411,0.06700582368297744,0.23642545956858996,2225,0.7409257409257409,3.528431508986179
RF002,validation,0.22,9859,0.06700582368297744,0.22882645298711837,2256,0.7512487512487512,3.4150233578167444
RF002,validation,0.23,10307,0.06700582368297744,0.22266420879014262,2295,0.7642357642357642,3.323057557558382
RF002,validation,0.24,10756,0.06700582368297744,0.21587950911119375,2322,0.7732267732267732,3.2218021844276956
RF002,validation,0.25,11204,0.06700582368297744,0.20965726526240627,2349,0.7822177822177823,3.1289409448102767
RF002,validation,0.26,11652,0.06700582368297744,0.20365602471678682,2373,0.7902097902097902,3.0393779752688093
RF002,validation,0.27,12100,0.06700582368297744,0.198099173553719,2397,0.7982017982017982,2.9564471066123956
RF002,validation,0.28,12548,0.06700582368297744,0.19365635957921581,2430,0.8091908091908092,2.8901422135403645
RF002,validation,0.29,12996,0.06700582368297744,0.18851954447522315,2450,0.8158508158508159,2.813479994920438
RF002,validation,0.3,13445,0.06700582368297744,0.18438081071030124,2479,0.8255078255078255,2.751713217983207
RF002,validation,0.31,13893,0.06700582368297744,0.18030662923774562,2505,0.8341658341658341,2.6909098243583234
RF002,validation,0.32,14341,0.06700582368297744,0.17662645561676313,2533,0.8434898434898435,2.635986633824999
RF002,validation,0.33,14789,0.06700582368297744,0.17262830482115085,2553,0.8501498501498501,2.576317927795377
RF002,validation,0.34,15237,0.06700582368297744,0.16893089190785587,2574,0.8571428571428571,2.5211374567547042
RF002,validation,0.35,15685,0.06700582368297744,0.16506216130060566,2589,0.8621378621378621,2.4634002274423055
RF002,validation,0.36,16134,0.06700582368297744,0.16177017478616587,2610,0.8691308691308691,2.414270370759772
RF002,validation,0.37,16582,0.06700582368297744,0.15818357254854662,2623,0.8734598734598734,2.360743646656082
RF002,validation,0.38,17030,0.06700582368297744,0.15478567234292426,2636,0.8777888777888778,2.3100331260049405
RF002,validation,0.39,17478,0.06700582368297744,0.15156196361139718,2649,0.8821178821178821,2.2619222521385236
RF002,validation,0.4,17926,0.06700582368297744,0.1485551712596229,2663,0.8867798867798867,2.2170486547927135
RF002,validation,0.41,18374,0.06700582368297744,0.1458582780015239,2680,0.8924408924408924,2.1768000150497158
RF002,validation,0.42,18823,0.06700582368297744,0.14275088986877757,2687,0.8947718947718948,2.130425118631037
RF002,validation,0.43,19271,0.06700582368297744,0.1397436562710809,2693,0.8967698967698968,2.08554493609758
RF002,validation,0.44,19719,0.06700582368297744,0.13692377909630304,2700,0.8991008991008991,2.0434608750446266
RF002,validation,0.45,20167,0.06700582368297744,0.13462587395249664,2715,0.9040959040959041,2.0091667642121354
RF002,validation,0.46,20615,0.06700582368297744,0.13233082706766916,2728,0.9084249084249084,1.9749153102536559
RF002,validation,0.47,21063,0.06700582368297744,0.1299909794426245,2738,0.9117549117549117,1.9399952466467205
RF002,validation,0.48,21512,0.06700582368297744,0.1278821123094087,2751,0.916083916083916,1.9085223534368199
RF002,validation,0.49,21960,0.06700582368297744,0.12568306010928962,2760,0.919080919080919,1.8757035314412362
RF002,validation,0.5,22408,0.06700582368297744,0.12379507318814709,2774,0.9237429237429238,1.847527071286443
RF003,validation,0.01,448,0.06700582368297744,0.6629464285714286,297,0.0989010989010989,9.893862833594977
RF003,validation,0.02,896,0.06700582368297744,0.5993303571428571,537,0.17882117882117882,8.944451753603538
RF003,validation,0.03,1344,0.06700582368297744,0.5483630952380952,737,0.2454212454212454,8.18381246729461
RF003,validation,0.04,1792,0.06700582368297744,0.5111607142857143,916,0.305028305028305,7.628601309404881
RF003,validation,0.05,2240,0.06700582368297744,0.47901785714285716,1073,0.3573093573093573,7.148898868988154
RF003,validation,0.06,2689,0.06700582368297744,0.4574191149126069,1230,0.4095904095904096,6.826557600079354
RF003,validation,0.07,3137,0.06700582368297744,0.43162256933375837,1354,0.4508824508824509,6.441567995281734
RF003,validation,0.08,3585,0.06700582368297744,0.40836820083682007,1464,0.4875124875124875,6.094518034266988
RF003,validation,0.09,4033,0.06700582368297744,0.3885445078105629,1567,0.5218115218115218,5.798667734447551
RF003,validation,0.1,4481,0.06700582368297744,0.3695603659897344,1656,0.5514485514485514,5.515346960560082
RF003,validation,0.11,4929,0.06700582368297744,0.3509839724081964,1730,0.5760905760905761,5.238111452353692
RF003,validation,0.12,5378,0.06700582368297744,0.3352547415396058,1803,0.6003996003996004,5.003367216643528
RF003,validation,0.13,5826,0.06700582368297744,0.3216615173360796,1874,0.624042624042624,4.800500906577116
RF003,validation,0.14,6274,0.06700582368297744,0.3074593560726809,1929,0.6423576423576424,4.588546773596184
RF003,validation,0.15,6722,0.06700582368297744,0.29678667063374,1995,0.6643356643356644,4.4292668057916496
RF003,validation,0.16,7170,0.06700582368297744,0.28451882845188287,2040,0.6793206793206793,4.246180597645033
RF003,validation,0.17,7618,0.06700582368297744,0.27382515095825677,2086,0.6946386946386947,4.086587342822575
RF003,validation,0.18,8067,0.06700582368297744,0.26379075244824596,2128,0.7086247086247086,3.9368332176067393
RF003,validation,0.19,8515,0.06700582368297744,0.253904873752202,2162,0.71994671994672,3.7892956133707747
RF003,validation,0.2,8963,0.06700582368297744,0.24534196139685374,2199,0.7322677322677322,3.6615020592483494
RF003,validation,0.21,9411,0.06700582368297744,0.2382318563383275,2242,0.7465867465867466,3.5553903115267476
RF003,validation,0.22,9859,0.06700582368297744,0.23146363728572877,2282,0.7599067599067599,3.454380896514987
RF003,validation,0.23,10307,0.06700582368297744,0.22479868050839236,2317,0.7715617715617715,3.354912575539334
RF003,validation,0.24,10756,0.06700582368297744,0.21773893640758646,2342,0.7798867798867799,3.2495524185743596
RF003,validation,0.25,11204,0.06700582368297744,0.21188861121028205,2374,0.7905427905427905,3.162241721149254
RF003,validation,0.26,11652,0.06700582368297744,0.20605904565739788,2401,0.7995337995337995,3.075240842233633
RF003,validation,0.27,12100,0.06700582368297744,0.20115702479338843,2434,0.8105228105228105,3.002082710677752
RF003,validation,0.28,12548,0.06700582368297744,0.19572840293273827,2456,0.8178488178488178,2.9210655458663104
RF003,validation,0.29,12996,0.06700582368297744,0.19090489381348108,2481,0.8261738261738262,2.8490791295500437
RF003,validation,0.3,13445,0.06700582368297744,0.18668650055782818,2510,0.8358308358308358,2.78612350832507
RF003,validation,0.31,13893,0.06700582368297744,0.1823940113726337,2534,0.8438228438228438,2.7220620738219528
RF003,validation,0.32,14341,0.06700582368297744,0.1782302489366153,2556,0.8511488511488512,2.6599217670969986
RF003,validation,0.33,14789,0.06700582368297744,0.1739806613023193,2573,0.8568098568098568,2.596500598596751
RF003,validation,0.34,15237,0.06700582368297744,0.16991533766489467,2589,0.8621378621378621,2.5358293999758854
RF003,validation,0.35,15685,0.06700582368297744,0.16550844756136437,2596,0.8644688644688645,2.4700606374817404
RF003,validation,0.36,16134,0.06700582368297744,0.16195611751580513,2613,0.8701298701298701,2.4170453941744383
RF003,validation,0.37,16582,0.06700582368297744,0.15824387890483657,2624,0.8737928737928738,2.3616436632960576
RF003,validation,0.38,17030,0.06700582368297744,0.155079271873165,2641,0.8794538794538794,2.3144148276855265
RF003,validation,0.39,17478,0.06700582368297744,0.1515047488270969,2648,0.8817848817848818,2.261068374353647
RF003,validation,0.4,17926,0.06700582368297744,0.1485551712596229,2663,0.8867798867798867,2.2170486547927135
RF003,validation,0.41,18374,0.06700582368297744,0.1454773048873408,2673,0.8901098901098901,2.1711143433686155
RF003,validation,0.42,18823,0.06700582368297744,0.14253838389204695,2683,0.8934398934398934,2.127253663299989
RF003,validation,0.43,19271,0.06700582368297744,0.14000311348658606,2698,0.8984348984348984,2.089417095280828
RF003,validation,0.44,19719,0.06700582368297744,0.13748161671484355,2711,0.9027639027639027,2.0517860860170307
RF003,validation,0.45,20167,0.06700582368297744,0.1350721475678088,2724,0.9070929070929071,2.0158269855299658
RF003,validation,0.46,20615,0.06700582368297744,0.13267038564152317,2735,0.9107559107559108,1.979982908190524
RF003,validation,0.47,21063,0.06700582368297744,0.1305606988558135,2750,0.9157509157509157,1.9484977824245733
RF003,validation,0.48,21512,0.06700582368297744,0.12830048345109707,2760,0.919080919080919,1.9147661561198193
RF003,validation,0.49,21960,0.06700582368297744,0.1260473588342441,2768,0.9217449217449217,1.8811403532715008
RF003,validation,0.5,22408,0.06700582368297744,0.1241520885398072,2782,0.9264069264069265,1.8528551955006791
RF004,validation,0.01,448,0.06700582368297744,0.6540178571428571,293,0.09756909756909757,9.760612155701441
RF004,validation,0.02,896,0.06700582368297744,0.5915178571428571,530,0.17649017649017648,8.827857410446695
RF004,validation,0.03,1344,0.06700582368297744,0.5319940476190477,715,0.23809523809523808,7.93951955782313
RF004,validation,0.04,1792,0.06700582368297744,0.49497767857142855,887,0.29537129537129536,7.387084455722848
RF004,validation,0.05,2240,0.06700582368297744,0.47544642857142855,1065,0.3546453546453546,7.09559859783074
RF004,validation,0.06,2689,0.06700582368297744,0.4496095202677575,1209,0.4025974025974026,6.710006616663366
RF004,validation,0.07,3137,0.06700582368297744,0.43162256933375837,1354,0.4508824508824509,6.441567995281734
RF004,validation,0.08,3585,0.06700582368297744,0.40502092050209204,1452,0.4835164835164835,6.0445629684123405
RF004,validation,0.09,4033,0.06700582368297744,0.3897842796925366,1572,0.5234765234765235,5.817170184142661
RF004,validation,0.1,4481,0.06700582368297744,0.3684445436286543,1651,0.5497835497835498,5.498694342925541
RF004,validation,0.11,4929,0.06700582368297744,0.34753499695678636,1713,0.5704295704295704,5.186638680856575
RF004,validation,0.12,5378,0.06700582368297744,0.330606173298624,1778,0.5920745920745921,4.933991631276867
RF004,validation,0.13,5826,0.06700582368297744,0.31634054239615517,1843,0.6137196137196137,4.721090272583578
RF004,validation,0.14,6274,0.06700582368297744,0.3049091488683455,1913,0.637029637029637,4.550487287656557
RF004,validation,0.15,6722,0.06700582368297744,0.29038976495090746,1952,0.65001665001665,4.333798899701905
RF004,validation,0.16,7170,0.06700582368297744,0.2806136680613668,2012,0.66999666999667,4.187899687481277
RF004,validation,0.17,7618,0.06700582368297744,0.2715935941191914,2069,0.688977688977689,4.053283419127473
RF004,validation,0.18,8067,0.06700582368297744,0.26279905789016983,2120,0.7059607059607059,3.9220330927285185
RF004,validation,0.19,8515,0.06700582368297744,0.2524955960070464,2150,0.7159507159507159,3.7682634453039623
RF004,validation,0.2,8963,0.06700582368297744,0.24433783331473838,2190,0.7292707292707292,3.646516375513363
RF004,validation,0.21,9411,0.06700582368297744,0.236212942301562,2223,0.7402597402597403,3.525259885157877
RF004,validation,0.22,9859,0.06700582368297744,0.2290293133177807,2258,0.7519147519147519,3.418050860793532
RF004,validation,0.23,10307,0.06700582368297744,0.22188803725623363,2287,0.7615717615717615,3.3114739146562178
RF004,validation,0.24,10756,0.06700582368297744,0.21606545184083303,2324,0.7738927738927739,3.224577207842362
RF004,validation,0.25,11204,0.06700582368297744,0.20947875758657622,2347,0.7815517815517815,3.126276882703159
RF004,validation,0.26,11652,0.06700582368297744,0.2037418468932372,2374,0.7905427905427905,3.0406587919461243
RF004,validation,0.27,12100,0.06700582368297744,0.19818181818181818,2398,0.7985347985347986,2.9576805013168648
RF004,validation,0.28,12548,0.06700582368297744,0.19349697162894486,2428,0.8085248085248086,2.887763495669138
RF004,validation,0.29,12996,0.06700582368297744,0.18875038473376424,2453,0.8168498168498168,2.8169250724652386
RF004,validation,0.3,13445,0.06700582368297744,0.18378579397545555,2471,0.8228438228438228,2.742833143056274
RF004,validation,0.31,13893,0.06700582368297744,0.17980277837760023,2498,0.8318348318348319,2.6833903158671024
RF004,validation,0.32,14341,0.06700582368297744,0.17627780489505612,2528,0.8418248418248419,2.63078334398326
RF004,validation,0.33,14789,0.06700582368297744,0.17283115829332613,2556,0.8511488511488512,2.579345328415583
RF004,validation,0.34,15237,0.06700582368297744,0.16873400275644812,2571,0.8561438561438561,2.518199068110468
RF004,validation,0.35,15685,0.06700582368297744,0.16506216130060566,2589,0.8621378621378621,2.4634002274423055
RF004,validation,0.36,16134,0.06700582368297744,0.16146027023676707,2605,0.8674658674658675,2.409645331735328
RF004,validation,0.37,16582,0.06700582368297744,0.15824387890483657,2624,0.8737928737928738,2.3616436632960576
RF004,validation,0.38,17030,0.06700582368297744,0.1544920728126835,2631,0.8761238761238761,2.3056514243243544
RF004,validation,0.39,17478,0.06700582368297744,0.1513903192584964,2646,0.8811188811188811,2.2593606187838935
RF004,validation,0.4,17926,0.06700582368297744,0.1485551712596229,2663,0.8867798867798867,2.2170486547927135
RF004,validation,0.41,18374,0.06700582368297744,0.14558615434853597,2675,0.8907758907758908,2.172738820991787
RF004,validation,0.42,18823,0.06700582368297744,0.14253838389204695,2683,0.8934398934398934,2.127253663299989
RF004,validation,0.43,19271,0.06700582368297744,0.1397436562710809,2693,0.8967698967698968,2.08554493609758
RF004,validation,0.44,19719,0.06700582368297744,0.13682235407475024,2698,0.8984348984348984,2.0419472003223715
RF004,validation,0.45,20167,0.06700582368297744,0.13457628799523974,2714,0.9037629037629038,2.008426739621265
RF004,validation,0.46,20615,0.06700582368297744,0.13252486053844287,2732,0.9097569097569097,1.9778110805032947
RF004,validation,0.47,21063,0.06700582368297744,0.13013340929592176,2741,0.9127539127539127,1.942120880591184
RF004,validation,0.48,21512,0.06700582368297744,0.1278821123094087,2751,0.916083916083916,1.9085223534368199
RF004,validation,0.49,21960,0.06700582368297744,0.12577413479052824,2762,0.9197469197469198,1.8770627368988024
RF004,validation,0.5,22408,0.06700582368297744,0.12370581935023206,2772,0.9230769230769231,1.8461950402328837
RF005,validation,0.01,448,0.06700582368297744,0.6696428571428571,300,0.0999000999000999,9.993800842015126
RF005,validation,0.02,896,0.06700582368297744,0.5959821428571429,534,0.17782217782217782,8.894482749393465
RF005,validation,0.03,1344,0.06700582368297744,0.5372023809523809,722,0.24042624042624042,8.01724911992769
RF005,validation,0.04,1792,0.06700582368297744,0.5016741071428571,899,0.2993672993672994,7.487022464142999
RF005,validation,0.05,2240,0.06700582368297744,0.47544642857142855,1065,0.3546453546453546,7.09559859783074
RF005,validation,0.06,2689,0.06700582368297744,0.45258460394198585,1217,0.40526140526140525,6.754406991298028
RF005,validation,0.07,3137,0.06700582368297744,0.42524705132292,1334,0.4442224442224442,6.346419280432669
RF005,validation,0.08,3585,0.06700582368297744,0.40529986052998607,1453,0.48384948384948384,6.048725890566895
RF005,validation,0.09,4033,0.06700582368297744,0.38606496404661544,1557,0.5184815184815185,5.76166283505733
RF005,validation,0.1,4481,0.06700582368297744,0.36598973443427807,1640,0.5461205461205462,5.46205858412955
RF005,validation,0.11,4929,0.06700582368297744,0.34753499695678636,1713,0.5704295704295704,5.186638680856575
RF005,validation,0.12,5378,0.06700582368297744,0.332651543324656,1789,0.5957375957375958,4.964516888838197
RF005,validation,0.13,5826,0.06700582368297744,0.3171987641606591,1848,0.6153846153846154,4.73389843935673
RF005,validation,0.14,6274,0.06700582368297744,0.3041122091169908,1908,0.6353646353646354,4.538593698300424
RF005,validation,0.15,6722,0.06700582368297744,0.2927700089259149,1968,0.6553446553446554,4.36932184150274
RF005,validation,0.16,7170,0.06700582368297744,0.2820083682008368,2022,0.6733266733266733,4.208714298254047
RF005,validation,0.17,7618,0.06700582368297744,0.27185613021790495,2071,0.6896436896436896,4.057201527797484
RF005,validation,0.18,8067,0.06700582368297744,0.26193132515185324,2113,0.7036297036297037,3.9090829834600753
RF005,validation,0.19,8515,0.06700582368297744,0.2522607163828538,2148,0.7152847152847153,3.764758083959493
RF005,validation,0.2,8963,0.06700582368297744,0.24433783331473838,2190,0.7292707292707292,3.646516375513363
RF005,validation,0.21,9411,0.06700582368297744,0.23653171820210392,2226,0.7412587412587412,3.53001732090033
RF005,validation,0.22,9859,0.06700582368297744,0.2297393244750989,2265,0.7542457542457542,3.42864712121229
RF005,validation,0.23,10307,0.06700582368297744,0.222567187348404,2294,0.7639027639027639,3.3216096021956116
RF005,validation,0.24,10756,0.06700582368297744,0.21615842320565265,2325,0.7742257742257742,3.225964719549695
RF005,validation,0.25,11204,0.06700582368297744,0.2103712959657265,2357,0.7848817848817848,3.1395971932387496
RF005,validation,0.26,11652,0.06700582368297744,0.20477171301064195,2386,0.7945387945387945,3.0560285920739063
RF005,validation,0.27,12100,0.06700582368297744,0.20041322314049587,2425,0.8075258075258075,2.99098215833753
RF005,validation,0.28,12548,0.06700582368297744,0.1949314631813835,2446,0.8145188145188145,2.9091719565101775
RF005,validation,0.29,12996,0.06700582368297744,0.18936595875654047,2461,0.8195138195138195,2.82611194591804
RF005,validation,0.3,13445,0.06700582368297744,0.18542208999628115,2493,0.8301698301698301,2.7672533491053386
RF005,validation,0.31,13893,0.06700582368297744,0.18059454401497158,2509,0.8354978354978355,2.695206686353307
RF005,validation,0.32,14341,0.06700582368297744,0.17634753503939754,2529,0.8421578421578422,2.631824001951608
RF005,validation,0.33,14789,0.06700582368297744,0.17229021570085876,2548,0.8484848484848485,2.571272260095034
RF005,validation,0.34,15237,0.06700582368297744,0.1682745947364967,2564,0.8538128538128538,2.5113428279405836
RF005,validation,0.35,15685,0.06700582368297744,0.16436085431941344,2578,0.8584748584748585,2.452933868808908
RF005,validation,0.36,16134,0.06700582368297744,0.16139828932688732,2604,0.8671328671328671,2.408720323930439
RF005,validation,0.37,16582,0.06700582368297744,0.15788204076709686,2618,0.8717948717948718,2.3562435634562036
RF005,validation,0.38,17030,0.06700582368297744,0.1546095126247798,2633,0.8767898767898767,2.3074041049965888
RF005,validation,0.39,17478,0.06700582368297744,0.15116146012129533,2642,0.8797868797868797,2.2559451076443864
RF005,validation,0.4,17926,0.06700582368297744,0.14810889211201606,2655,0.8841158841158842,2.210388350910497
RF005,validation,0.41,18374,0.06700582368297744,0.1452051812343529,2668,0.8884448884448884,2.167053149310687
RF005,validation,0.42,18823,0.06700582368297744,0.14264463688041226,2685,0.8941058941058941,2.128839390965513
RF005,validation,0.43,19271,0.06700582368297744,0.1397436562710809,2693,0.8967698967698968,2.08554493609758
RF005,validation,0.44,19719,0.06700582368297744,0.13712662913940868,2704,0.9004329004329005,2.046488224489137
RF005,validation,0.45,20167,0.06700582368297744,0.13447711608072593,2712,0.903096903096903,2.0069466904395252
RF005,validation,0.46,20615,0.06700582368297744,0.13213679359689545,2724,0.9070929070929071,1.972019540004017
RF005,validation,0.47,21063,0.06700582368297744,0.13003845606039025,2739,0.9120879120879121,1.9407037912948748
RF005,validation,0.48,21512,0.06700582368297744,0.12769616957976943,2747,0.9147519147519148,1.9057473300221532
RF005,validation,0.49,21960,0.06700582368297744,0.12531876138433515,2752,0.9164169164169165,1.8702667096109717
RF005,validation,0.5,22408,0.06700582368297744,0.12343805783648697,2766,0.9210789210789211,1.8421989470722064
RFSTACK001,validation,0.01,448,0.06700582368297744,0.6830357142857143,306,0.1018981018981019,10.19367685885543
RFSTACK001,validation,0.02,896,0.06700582368297744,0.6238839285714286,559,0.18614718614718614,9.31089111781076
RFSTACK001,validation,0.03,1344,0.06700582368297744,0.5654761904761905,760,0.25308025308025306,8.439209599923885
RFSTACK001,validation,0.04,1792,0.06700582368297744,0.5206473214285714,933,0.3106893106893107,7.770180154666761
RFSTACK001,validation,0.05,2240,0.06700582368297744,0.4861607142857143,1089,0.3626373626373626,7.255499411302982
RFSTACK001,validation,0.06,2689,0.06700582368297744,0.4596504276682782,1236,0.4115884115884116,6.859857881055352
RFSTACK001,validation,0.07,3137,0.06700582368297744,0.43672298374242907,1370,0.4562104562104562,6.517686967160986
RFSTACK001,validation,0.08,3585,0.06700582368297744,0.41506276150627613,1488,0.4955044955044955,6.194428165976283
RFSTACK001,validation,0.09,4033,0.06700582368297744,0.3902801884453261,1574,0.5241425241425242,5.824571164020705
RFSTACK001,validation,0.1,4481,0.06700582368297744,0.3740236554340549,1676,0.5581085581085581,5.581957431098248
RFSTACK001,validation,0.11,4929,0.06700582368297744,0.3544329478596064,1747,0.5817515817515817,5.289584223850809
RFSTACK001,validation,0.12,5378,0.06700582368297744,0.3399033097805876,1828,0.6087246087246088,5.072742802010188
RFSTACK001,validation,0.13,5826,0.06700582368297744,0.3237212495708891,1886,0.6280386280386281,4.831240506832679
RFSTACK001,validation,0.14,6274,0.06700582368297744,0.30809690787376476,1933,0.6436896436896437,4.59806164508109
RFSTACK001,validation,0.15,6722,0.06700582368297744,0.29515025290092234,1984,0.6606726606726607,4.404844783303575
RFSTACK001,validation,0.16,7170,0.06700582368297744,0.28479776847977684,2042,0.6799866799866799,4.2503435197995865
RFSTACK001,validation,0.17,7618,0.06700582368297744,0.2744814912050407,2091,0.6963036963036963,4.096382614497605
RFSTACK001,validation,0.18,8067,0.06700582368297744,0.2634188669889674,2125,0.7076257076257076,3.931283170777406
RFSTACK001,validation,0.19,8515,0.06700582368297744,0.25296535525543157,2154,0.7172827172827173,3.775274167992899
RFSTACK001,validation,0.2,8963,0.06700582368297744,0.24556510097065715,2201,0.732933732933733,3.6648322111894576
RFSTACK001,validation,0.21,9411,0.06700582368297744,0.23886940813941132,2248,0.7485847485847485,3.564905183011654
RFSTACK001,validation,0.22,9859,0.06700582368297744,0.23227507860837812,2290,0.7625707625707626,3.4664909084221383
RFSTACK001,validation,0.23,10307,0.06700582368297744,0.22557485204230135,2325,0.7742257742257742,3.3664962184414984
RFSTACK001,validation,0.24,10756,0.06700582368297744,0.21857567869096317,2351,0.7828837828837829,3.2620400239403584
RFSTACK001,validation,0.25,11204,0.06700582368297744,0.21331667261692253,2390,0.7958707958707959,3.1835542180061993
RFSTACK001,validation,0.26,11652,0.06700582368297744,0.2072605561277034,2415,0.8041958041958042,3.0931722757160447
RFSTACK001,validation,0.27,12100,0.06700582368297744,0.20206611570247934,2445,0.8141858141858141,3.0156500524269116
RFSTACK001,validation,0.28,12548,0.06700582368297744,0.19644564870895762,2465,0.8208458208458208,2.931769776286831
RFSTACK001,validation,0.29,12996,0.06700582368297744,0.19082794706063405,2480,0.8258408258408259,2.8479307703684436
RFSTACK001,validation,0.3,13445,0.06700582368297744,0.18638899219040536,2506,0.8344988344988346,2.781683470861604
RFSTACK001,validation,0.31,13893,0.06700582368297744,0.18153026704095587,2522,0.8398268398268398,2.709171487837003
RFSTACK001,validation,0.32,14341,0.06700582368297744,0.1779513283592497,2552,0.8498168498168498,2.6557591352236076
RFSTACK001,validation,0.33,14789,0.06700582368297744,0.17343971870985192,2565,0.8541458541458542,2.5884275302762014
RFSTACK001,validation,0.34,15237,0.06700582368297744,0.16925904049353546,2579,0.8588078588078588,2.5260347711617643
RFSTACK001,validation,0.35,15685,0.06700582368297744,0.16569971310168952,2599,0.8654678654678655,2.472915098927212
RFSTACK001,validation,0.36,16134,0.06700582368297744,0.16201809842568488,2614,0.8704628704628704,2.417970401979327
RFSTACK001,validation,0.37,16582,0.06700582368297744,0.15860571704257628,2630,0.8757908757908758,2.367043763135911
RFSTACK001,validation,0.38,17030,0.06700582368297744,0.15549031121550205,2648,0.8817848817848818,2.320549210038347
RFSTACK001,validation,0.39,17478,0.06700582368297744,0.15236297059160087,2663,0.8867798867798867,2.2738765411267985
RFSTACK001,validation,0.4,17926,0.06700582368297744,0.14905723530068057,2672,0.8897768897768897,2.2245414966602066
RFSTACK001,validation,0.41,18374,0.06700582368297744,0.14607597692391422,2684,0.8937728937728938,2.1800489702960584
RFSTACK001,validation,0.42,18823,0.06700582368297744,0.14360091377569995,2703,0.9000999000999002,2.143110939955226
RFSTACK001,validation,0.43,19271,0.06700582368297744,0.14078148513310154,2713,0.9034299034299035,2.1010335728305733
RFSTACK001,validation,0.44,19719,0.06700582368297744,0.13819159186571328,2725,0.9074259074259075,2.062381809072818
RFSTACK001,validation,0.45,20167,0.06700582368297744,0.13581593692666236,2739,0.9120879120879121,2.026927354393016
RFSTACK001,validation,0.46,20615,0.06700582368297744,0.13310696095076402,2744,0.9137529137529138,1.9864983912522114
RFSTACK001,validation,0.47,21063,0.06700582368297744,0.13079808194464226,2755,0.9174159174159174,1.9520405056653454
RFSTACK001,validation,0.48,21512,0.06700582368297744,0.12848642618073633,2764,0.9204129204129204,1.9175411795344854
RFSTACK001,validation,0.49,21960,0.06700582368297744,0.12622950819672132,2772,0.9230769230769231,1.8838587641866331
RFSTACK001,validation,0.5,22408,0.06700582368297744,0.1241074616208497,2781,0.926073926073926,1.8521891799738996
RIDGESTACK001,validation,0.01,448,0.06700582368297744,0.6629464285714286,297,0.0989010989010989,9.893862833594977
RIDGESTACK001,validation,0.02,896,0.06700582368297744,0.6071428571428571,544,0.18115218115218115,9.061046096760382
RIDGESTACK001,validation,0.03,1344,0.06700582368297744,0.5580357142857143,750,0.24975024975024976,8.32816736834594
RIDGESTACK001,validation,0.04,1792,0.06700582368297744,0.5223214285714286,936,0.3116883116883117,7.795164656771799
RIDGESTACK001,validation,0.05,2240,0.06700582368297744,0.4861607142857143,1089,0.3626373626373626,7.255499411302982
RIDGESTACK001,validation,0.06,2689,0.06700582368297744,0.4633692822610636,1246,0.4149184149184149,6.91535834934868
RIDGESTACK001,validation,0.07,3137,0.06700582368297744,0.4379980873445968,1374,0.45754245754245754,6.536716710130801
RIDGESTACK001,validation,0.08,3585,0.06700582368297744,0.41199442119944213,1477,0.49184149184149184,6.1486360222761895
RIDGESTACK001,validation,0.09,4033,0.06700582368297744,0.3905281428217208,1575,0.5244755244755245,5.828271653959727
RIDGESTACK001,validation,0.1,4481,0.06700582368297744,0.37179201071189466,1666,0.5547785547785548,5.548652195829165
RIDGESTACK001,validation,0.11,4929,0.06700582368297744,0.3552444714952323,1751,0.5830835830835831,5.301695464203072
RIDGESTACK001,validation,0.12,5378,0.06700582368297744,0.33562662699888435,1805,0.601065601065601,5.00891726347286
RIDGESTACK001,validation,0.13,5826,0.06700582368297744,0.319773429454171,1863,0.6203796203796204,4.772322939676184
RIDGESTACK001,validation,0.14,6274,0.06700582368297744,0.3049091488683455,1913,0.637029637029637,4.550487287656557
RIDGESTACK001,validation,0.15,6722,0.06700582368297744,0.2920261826837251,1963,0.6536796536796536,4.358220922189979
RIDGESTACK001,validation,0.16,7170,0.06700582368297744,0.2799163179916318,2007,0.6683316683316683,4.177492382094893
RIDGESTACK001,validation,0.17,7618,0.06700582368297744,0.26909950118141246,2050,0.6826506826506826,4.016061386762358
RIDGESTACK001,validation,0.18,8067,0.06700582368297744,0.25970001239618196,2095,0.6976356976356977,3.875782702484078
RIDGESTACK001,validation,0.19,8515,0.06700582368297744,0.2506165590135056,2134,0.7106227106227107,3.7402205545482117
RIDGESTACK001,validation,0.2,8963,0.06700582368297744,0.24221800736360594,2171,0.7229437229437229,3.614879932072836
RIDGESTACK001,validation,0.21,9411,0.06700582368297744,0.23536287323345023,2215,0.7375957375957376,3.5125733898446683
RIDGESTACK001,validation,0.22,9859,0.06700582368297744,0.22791358149913785,2247,0.7482517482517482,3.401399594421199
RIDGESTACK001,validation,0.23,10307,0.06700582368297744,0.22247016590666538,2293,0.7635697635697636,3.320161646832841
RIDGESTACK001,validation,0.24,10756,0.06700582368297744,0.21773893640758646,2342,0.7798867798867799,3.2495524185743596
RIDGESTACK001,validation,0.25,11204,0.06700582368297744,0.2120671188861121,2376,0.7912087912087912,3.1649057832563723
RIDGESTACK001,validation,0.26,11652,0.06700582368297744,0.2058874013044971,2399,0.7988677988677989,3.072679208879003
RIDGESTACK001,validation,0.27,12100,0.06700582368297744,0.20041322314049587,2425,0.8075258075258075,2.99098215833753
RIDGESTACK001,validation,0.28,12548,0.06700582368297744,0.19548932100733185,2453,0.8168498168498168,2.917497469059471
RIDGESTACK001,validation,0.29,12996,0.06700582368297744,0.19113573407202217,2484,0.8271728271728271,2.852524207094844
RIDGESTACK001,validation,0.3,13445,0.06700582368297744,0.18624023800669393,2504,0.8338328338328338,2.7794634521298707
RIDGESTACK001,validation,0.31,13893,0.06700582368297744,0.18174620312387532,2525,0.8408258408258408,2.7123941343332403
RIDGESTACK001,validation,0.32,14341,0.06700582368297744,0.1775329474932013,2546,0.8478188478188479,2.6495151874135208
RIDGESTACK001,validation,0.33,14789,0.06700582368297744,0.17377780783014402,2570,0.8558108558108558,2.593473197976545
RIDGESTACK001,validation,0.34,15237,0.06700582368297744,0.1693902999278073,2581,0.8594738594738595,2.5279936969245886
RIDGESTACK001,validation,0.35,15685,0.06700582368297744,0.1658272234619063,2601,0.8661338661338661,2.474818073224194
RIDGESTACK001,validation,0.36,16134,0.06700582368297744,0.1618941366059254,2612,0.8697968697968698,2.4161203863695495
RIDGESTACK001,validation,0.37,16582,0.06700582368297744,0.1588469424677361,2634,0.8771228771228772,2.3706438296958137
RIDGESTACK001,validation,0.38,17030,0.06700582368297744,0.15596007046388727,2656,0.8844488844488845,2.3275599327272847
RIDGESTACK001,validation,0.39,17478,0.06700582368297744,0.15264904451310218,2668,0.8884448884448884,2.278145930051182
RIDGESTACK001,validation,0.4,17926,0.06700582368297744,0.14967086912863997,2683,0.8934398934398934,2.233699414498254
RIDGESTACK001,validation,0.41,18374,0.06700582368297744,0.14656579949929247,2693,0.8967698967698968,2.18735911960033
RIDGESTACK001,validation,0.42,18823,0.06700582368297744,0.14391967274079584,2709,0.9020979020979021,2.147868122951797
RIDGESTACK001,validation,0.43,19271,0.06700582368297744,0.1410409423486067,2718,0.9050949050949051,2.1049057320138216
RIDGESTACK001,validation,0.44,19719,0.06700582368297744,0.13839444190881892,2729,0.9087579087579087,2.0654091585173284
RIDGESTACK001,validation,0.45,20167,0.06700582368297744,0.13561759309763474,2735,0.9107559107559108,2.0239672560295356
RIDGESTACK001,validation,0.46,20615,0.06700582368297744,0.13330099442153773,2748,0.9150849150849151,1.9893941615018502
RIDGESTACK001,validation,0.47,21063,0.06700582368297744,0.13098798841570528,2759,0.9187479187479187,1.954874684257963
RIDGESTACK001,validation,0.48,21512,0.06700582368297744,0.12853291186314614,2765,0.9207459207459208,1.9182349353881518
RIDGESTACK001,validation,0.49,21960,0.06700582368297744,0.1261384335154827,2770,0.9224109224109224,1.882499558729067
RIDGESTACK001,validation,0.5,22408,0.06700582368297744,0.1241520885398072,2782,0.9264069264069265,1.8528551955006791
RLOG001,validation,0.01,448,0.06700582368297744,0.546875,245,0.08158508158508158,8.16160402097902
RLOG001,validation,0.02,896,0.06700582368297744,0.49107142857142855,440,0.14652014652014653,7.328787284144426
RLOG001,validation,0.03,1344,0.06700582368297744,0.44345238095238093,596,0.19846819846819846,6.618117002045573
RLOG001,validation,0.04,1792,0.06700582368297744,0.3984375,714,0.23776223776223776,5.946311500999001
RLOG001,validation,0.05,2240,0.06700582368297744,0.36875,826,0.27505827505827507,5.503252997002997
RLOG001,validation,0.06,2689,0.06700582368297744,0.3399033097805876,914,0.3043623043623044,5.072742802010188
RLOG001,validation,0.07,3137,0.06700582368297744,0.3165444692381256,993,0.3306693306693307,4.724133692256102
RLOG001,validation,0.08,3585,0.06700582368297744,0.29707112970711297,1065,0.3546453546453546,4.43351209459996
RLOG001,validation,0.09,4033,0.06700582368297744,0.2851475328539549,1150,0.382950382950383,4.255563429875356
RLOG001,validation,0.1,4481,0.06700582368297744,0.2740459718812765,1228,0.4089244089244089,4.089882891043346
RLOG001,validation,0.11,4929,0.06700582368297744,0.2657739906674782,1310,0.4362304362304362,3.9664312153660903
RLOG001,validation,0.12,5378,0.06700582368297744,0.25660096690219414,1380,0.4595404595404595,3.8295323122396385
RLOG001,validation,0.13,5826,0.06700582368297744,0.2516306213525575,1466,0.4881784881784882,3.7553544978879683
RLOG001,validation,0.14,6274,0.06700582368297744,0.2445011157156519,1534,0.5108225108225108,3.648953214461662
RLOG001,validation,0.15,6722,0.06700582368297744,0.23698304076167806,1593,0.5304695304695305,3.5367528930456626
RLOG001,validation,0.16,7170,0.06700582368297744,0.23068340306834031,1654,0.5507825507825508,3.4427366218161195
RLOG001,validation,0.17,7618,0.06700582368297744,0.2235494880546075,1703,0.5670995670995671,3.3362695325152663
RLOG001,validation,0.18,8067,0.06700582368297744,0.21656129911987107,1747,0.5817515817515817,3.2319772702814724
RLOG001,validation,0.19,8515,0.06700582368297744,0.21080446271285966,1795,0.5977355977355977,3.1460618066607497
RLOG001,validation,0.2,8963,0.06700582368297744,0.2065156755550597,1851,0.6163836163836164,3.0820556214955412
RLOG001,validation,0.21,9411,0.06700582368297744,0.20167888640952078,1898,0.6320346320346321,3.0098710130587722
RLOG001,validation,0.22,9859,0.06700582368297744,0.19606450958515062,1933,0.6436896436896437,2.9260816270654995
RLOG001,validation,0.23,10307,0.06700582368297744,0.19249054040943048,1984,0.6606726606726607,2.872743439736745
RLOG001,validation,0.24,10756,0.06700582368297744,0.18789512830048344,2021,0.672993672993673,2.8041611605204015
RLOG001,validation,0.25,11204,0.06700582368297744,0.18288111388789718,2049,0.6823176823176823,2.7293316287425533
RLOG001,validation,0.26,11652,0.06700582368297744,0.17893923789907312,2085,0.6943056943056943,2.670502772202051
RLOG001,validation,0.27,12100,0.06700582368297744,0.1759504132231405,2129,0.7089577089577089,2.625897325814681
RLOG001,validation,0.28,12548,0.06700582368297744,0.17253745616831367,2165,0.720945720945721,2.574962095602835
RLOG001,validation,0.29,12996,0.06700582368297744,0.1688211757463835,2194,0.7306027306027306,2.5195000444307922
RLOG001,validation,0.3,13445,0.06700582368297744,0.16526589810338416,2222,0.73992673992674,2.4664408109555005
RLOG001,validation,0.31,13893,0.06700582368297744,0.16267184913265673,2260,0.7525807525807526,2.4277270271655933
RLOG001,validation,0.32,14341,0.06700582368297744,0.1598912209748274,2293,0.7635697635697636,2.386228721421525
RLOG001,validation,0.33,14789,0.06700582368297744,0.15660288051930488,2316,0.7712287712287712,2.3371532787990965
RLOG001,validation,0.34,15237,0.06700582368297744,0.15311413007809938,2333,0.7768897768897769,2.2850869023343923
RLOG001,validation,0.35,15685,0.06700582368297744,0.15027095951546063,2357,0.7848817848817848,2.2426552089924736
RLOG001,validation,0.36,16134,0.06700582368297744,0.14708069914466346,2373,0.7902097902097902,2.1950435210011263
RLOG001,validation,0.37,16582,0.06700582368297744,0.14467494873959716,2399,0.7988677988677989,2.1591399193015404
RLOG001,validation,0.38,17030,0.06700582368297744,0.14186729301233117,2416,0.8045288045288045,2.117238252059156
RLOG001,validation,0.39,17478,0.06700582368297744,0.13971850326124272,2442,0.8131868131868132,2.0851695506690358
RLOG001,validation,0.4,17926,0.06700582368297744,0.1377329019301573,2469,0.8221778221778222,2.0555362856489707
RLOG001,validation,0.41,18374,0.06700582368297744,0.1352998802655927,2486,0.8278388278388278,2.019225685602087
RLOG001,validation,0.42,18823,0.06700582368297744,0.13318812091590077,2507,0.8348318348318349,1.9877096287339076
RLOG001,validation,0.43,19271,0.06700582368297744,0.13138913393181464,2532,0.8431568431568431,1.960861410396982
RLOG001,validation,0.44,19719,0.06700582368297744,0.12911405243673615,2546,0.8478188478188479,1.9269079214309703
RLOG001,validation,0.45,20167,0.06700582368297744,0.12713839440670402,2564,0.8538128538128538,1.8974230509907606
RLOG001,validation,0.46,20615,0.06700582368297744,0.1252486053844288,2582,0.8598068598068598,1.8692196961418401
RLOG001,validation,0.47,21063,0.06700582368297744,0.12310686986659071,2593,0.8634698634698634,1.8372562726643342
RLOG001,validation,0.48,21512,0.06700582368297744,0.12151357381926367,2614,0.8704628704628704,1.8134778014844954
RLOG001,validation,0.49,21960,0.06700582368297744,0.11953551912568305,2625,0.8741258741258742,1.7839571630555235
RLOG001,validation,0.5,22408,0.06700582368297744,0.11785969296679757,2641,0.8794538794538794,1.758947006224764
RLOG002,validation,0.01,448,0.06700582368297744,0.5714285714285714,256,0.08524808524808525,8.528043385186242
RLOG002,validation,0.02,896,0.06700582368297744,0.5223214285714286,468,0.15584415584415584,7.795164656771799
RLOG002,validation,0.03,1344,0.06700582368297744,0.45014880952380953,605,0.20146520146520147,6.718055010465725
RLOG002,validation,0.04,1792,0.06700582368297744,0.41238839285714285,739,0.24608724608724608,6.154515685207649
RLOG002,validation,0.05,2240,0.06700582368297744,0.3861607142857143,865,0.28804528804528806,5.76309181889539
RLOG002,validation,0.06,2689,0.06700582368297744,0.3584975827445147,964,0.321012321012321,5.350245143476828
RLOG002,validation,0.07,3137,0.06700582368297744,0.33216448836467966,1042,0.346986346986347,4.957248043636313
RLOG002,validation,0.08,3585,0.06700582368297744,0.31324965132496513,1123,0.37395937395937395,4.67496157956409
RLOG002,validation,0.09,4033,0.06700582368297744,0.2982891148028763,1203,0.4005994005994006,4.451689396643525
RLOG002,validation,0.1,4481,0.06700582368297744,0.2836420441865655,1271,0.42324342324342323,4.2330954027004015
RLOG002,validation,0.11,4929,0.06700582368297744,0.2744978697504565,1353,0.45054945054945056,4.096627049152916
RLOG002,validation,0.12,5378,0.06700582368297744,0.2634808478988472,1417,0.47186147186147187,3.9322081785822958
RLOG002,validation,0.13,5826,0.06700582368297744,0.25248884311706143,1471,0.48984348984348985,3.7681626646611193
RLOG002,validation,0.14,6274,0.06700582368297744,0.2429072362129423,1524,0.5074925074925075,3.6251660357493956
RLOG002,validation,0.15,6722,0.06700582368297744,0.23490032728354657,1579,0.5258075258075258,3.505670318969932
RLOG002,validation,0.16,7170,0.06700582368297744,0.2285913528591353,1639,0.5457875457875457,3.411514705656965
RLOG002,validation,0.17,7618,0.06700582368297744,0.2215804673142557,1688,0.562104562104562,3.3068837174901757
RLOG002,validation,0.18,8067,0.06700582368297744,0.2149497954629974,1734,0.5774225774225774,3.2079270673543636
RLOG002,validation,0.19,8515,0.06700582368297744,0.21045214327657075,1792,0.5967365967365967,3.1408037646440463
RLOG002,validation,0.2,8963,0.06700582368297744,0.20573468704674774,1844,0.614052614052614,3.070400089701663
RLOG002,validation,0.21,9411,0.06700582368297744,0.20189140367654873,1900,0.6327006327006327,3.013042636887074
RLOG002,validation,0.22,9859,0.06700582368297744,0.1961659397504818,1934,0.644022644022644,2.9275953785538937
RLOG002,validation,0.23,10307,0.06700582368297744,0.19249054040943048,1984,0.6606726606726607,2.872743439736745
RLOG002,validation,0.24,10756,0.06700582368297744,0.18863889921904053,2029,0.6756576756576756,2.815261254179067
RLOG002,validation,0.25,11204,0.06700582368297744,0.1838629061049625,2060,0.685980685980686,2.743983970331703
RLOG002,validation,0.26,11652,0.06700582368297744,0.17962581531067628,2093,0.696969696969697,2.6807493056205725
RLOG002,validation,0.27,12100,0.06700582368297744,0.17636363636363636,2134,0.7106227106227107,2.6320642993370265
RLOG002,validation,0.28,12548,0.06700582368297744,0.17333439591966848,2175,0.7242757242757243,2.5868556849589686
RLOG002,validation,0.29,12996,0.06700582368297744,0.17020621729763005,2212,0.7365967365967366,2.5401705096995957
RLOG002,validation,0.3,13445,0.06700582368297744,0.16608404611379696,2233,0.7435897435897436,2.4786509139800326
RLOG002,validation,0.31,13893,0.06700582368297744,0.1628158065212697,2262,0.7532467532467533,2.429875458163085
RLOG002,validation,0.32,14341,0.06700582368297744,0.15961230039746183,2289,0.7622377622377622,2.382066089548134
RLOG002,validation,0.33,14789,0.06700582368297744,0.15619717357495436,2310,0.7692307692307693,2.3310984775586845
RLOG002,validation,0.34,15237,0.06700582368297744,0.1529828706438275,2331,0.7762237762237763,2.2831279765715675
RLOG002,validation,0.35,15685,0.06700582368297744,0.15014344915524386,2355,0.7842157842157842,2.2407522346954925
RLOG002,validation,0.36,16134,0.06700582368297744,0.14732862278418246,2377,0.7915417915417915,2.198743552220681
RLOG002,validation,0.37,16582,0.06700582368297744,0.14485586780846701,2402,0.7998667998667999,2.161839969221467
RLOG002,validation,0.38,17030,0.06700582368297744,0.14274809160305343,2431,0.8095238095238095,2.1303833571009143
RLOG002,validation,0.39,17478,0.06700582368297744,0.14011900675134456,2449,0.8155178155178155,2.091146695163173
RLOG002,validation,0.4,17926,0.06700582368297744,0.13784447171705902,2471,0.8228438228438228,2.057201361619525
RLOG002,validation,0.41,18374,0.06700582368297744,0.13551757918798302,2490,0.8291708291708292,2.0224746408484298
RLOG002,validation,0.42,18823,0.06700582368297744,0.1333475003984487,2510,0.8358308358308358,1.9900882202321928
RLOG002,validation,0.43,19271,0.06700582368297744,0.13159669970421878,2536,0.8444888444888445,1.9639591377435806
RLOG002,validation,0.44,19719,0.06700582368297744,0.12967189005527663,2557,0.8514818514818515,1.935233132403374
RLOG002,validation,0.45,20167,0.06700582368297744,0.12738632419298854,2569,0.8554778554778555,1.9011231739451107
RLOG002,validation,0.46,20615,0.06700582368297744,0.12558816395828282,2589,0.8621378621378621,1.8742872940787083
RLOG002,validation,0.47,21063,0.06700582368297744,0.1234866828087167,2601,0.8661338661338661,1.8429246298495692
RLOG002,validation,0.48,21512,0.06700582368297744,0.12146708813685385,2613,0.8701298701298701,1.8127840456308288
RLOG002,validation,0.49,21960,0.06700582368297744,0.11999089253187614,2635,0.8774558774558775,1.7907531903433542
RLOG002,validation,0.5,22408,0.06700582368297744,0.11808282756158515,2646,0.8811188811188811,1.7622770838586619
RLOG003,validation,0.01,448,0.06700582368297744,0.5758928571428571,258,0.08591408591408592,8.594668724133008
RLOG003,validation,0.02,896,0.06700582368297744,0.5200892857142857,466,0.15517815517815517,7.7618519872984155
RLOG003,validation,0.03,1344,0.06700582368297744,0.453125,609,0.20279720279720279,6.762471903096903
RLOG003,validation,0.04,1792,0.06700582368297744,0.4140625,742,0.24708624708624707,6.179500187312687
RLOG003,validation,0.05,2240,0.06700582368297744,0.38571428571428573,864,0.28771228771228774,5.7564292850007135
RLOG003,validation,0.06,2689,0.06700582368297744,0.3596132391223503,967,0.322011322011322,5.366895283964826
RLOG003,validation,0.07,3137,0.06700582368297744,0.33439591966847304,1049,0.3493173493173493,4.990550093833485
RLOG003,validation,0.08,3585,0.06700582368297744,0.31492329149232917,1129,0.37595737595737594,4.699939112491414
RLOG003,validation,0.09,4033,0.06700582368297744,0.30101661294321846,1214,0.4042624042624043,4.492394785972768
RLOG003,validation,0.1,4481,0.06700582368297744,0.28565052443650973,1280,0.42624042624042624,4.263070114442576
RLOG003,validation,0.11,4929,0.06700582368297744,0.27429498884155,1352,0.45021645021645024,4.093599239064851
RLOG003,validation,0.12,5378,0.06700582368297744,0.2642246188174042,1421,0.4731934731934732,3.9433082722409605
RLOG003,validation,0.13,5826,0.06700582368297744,0.2533470648815654,1476,0.4915084915084915,3.7809708314342707
RLOG003,validation,0.14,6274,0.06700582368297744,0.24354478801402615,1528,0.5088245088245088,3.6346809072343023
RLOG003,validation,0.15,6722,0.06700582368297744,0.23504909253198453,1580,0.5261405261405261,3.5078905028324843
RLOG003,validation,0.16,7170,0.06700582368297744,0.22775453277545327,1633,0.5437895437895438,3.399025939193303
RLOG003,validation,0.17,7618,0.06700582368297744,0.22131793121554214,1686,0.5614385614385614,3.3029656088201635
RLOG003,validation,0.18,8067,0.06700582368297744,0.2149497954629974,1734,0.5774225774225774,3.2079270673543636
RLOG003,validation,0.19,8515,0.06700582368297744,0.21056958308866705,1793,0.5970695970695971,3.1425564453162806
RLOG003,validation,0.2,8963,0.06700582368297744,0.20551154747294434,1842,0.6133866133866134,3.0670699377605546
RLOG003,validation,0.21,9411,0.06700582368297744,0.20125385187546488,1894,0.6307026307026307,3.0035277654021675
RLOG003,validation,0.22,9859,0.06700582368297744,0.19707881123846233,1943,0.647019647019647,2.941219141949439
RLOG003,validation,0.23,10307,0.06700582368297744,0.19190841175899873,1978,0.6586746586746587,2.8640557075601216
RLOG003,validation,0.24,10756,0.06700582368297744,0.18835998512458163,2026,0.6746586746586747,2.811098719057068
RLOG003,validation,0.25,11204,0.06700582368297744,0.18395215994287753,2061,0.6863136863136863,2.745316001385262
RLOG003,validation,0.26,11652,0.06700582368297744,0.17971163748712668,2094,0.6973026973026973,2.6820301222978875
RLOG003,validation,0.27,12100,0.06700582368297744,0.17603305785123968,2130,0.7092907092907093,2.6271307205191503
RLOG003,validation,0.28,12548,0.06700582368297744,0.17253745616831367,2165,0.720945720945721,2.574962095602835
RLOG003,validation,0.29,12996,0.06700582368297744,0.16982148353339488,2207,0.7349317349317349,2.5344287137915944
RLOG003,validation,0.3,13445,0.06700582368297744,0.16615842320565266,2234,0.7439227439227439,2.479760923345899
RLOG003,validation,0.31,13893,0.06700582368297744,0.16267184913265673,2260,0.7525807525807526,2.4277270271655933
RLOG003,validation,0.32,14341,0.06700582368297744,0.15926364967575482,2284,0.7605727605727606,2.376862799706395
RLOG003,validation,0.33,14789,0.06700582368297744,0.1563324092230712,2312,0.7698967698967699,2.3331167446388217
RLOG003,validation,0.34,15237,0.06700582368297744,0.1529828706438275,2331,0.7762237762237763,2.2831279765715675
RLOG003,validation,0.35,15685,0.06700582368297744,0.14995218361491872,2352,0.7832167832167832,2.2378977732500207
RLOG003,validation,0.36,16134,0.06700582368297744,0.14751456551382175,2380,0.7925407925407926,2.2015185756353475
RLOG003,validation,0.37,16582,0.06700582368297744,0.14491617416475697,2403,0.8001998001998002,2.162739985861443
RLOG003,validation,0.38,17030,0.06700582368297744,0.142571931884909,2428,0.8085248085248086,2.1277543360925626
RLOG003,validation,0.39,17478,0.06700582368297744,0.13983293282984324,2444,0.8138528138528138,2.0868773062387893
RLOG003,validation,0.4,17926,0.06700582368297744,0.13790025661050986,2472,0.8231768231768232,2.0580338996048018
RLOG003,validation,0.41,18374,0.06700582368297744,0.13573527811037336,2494,0.8305028305028305,2.025723596094773
RLOG003,validation,0.42,18823,0.06700582368297744,0.13361313286936194,2515,0.8374958374958374,1.994052539396002
RLOG003,validation,0.43,19271,0.06700582368297744,0.13138913393181464,2532,0.8431568431568431,1.960861410396982
RLOG003,validation,0.44,19719,0.06700582368297744,0.12951975252294742,2554,0.8504828504828504,1.9329626203199914
RLOG003,validation,0.45,20167,0.06700582368297744,0.12728715227847473,2567,0.8548118548118548,1.8996431247633705
RLOG003,validation,0.46,20615,0.06700582368297744,0.12515158864904197,2580,0.8591408591408591,1.867771811017021
RLOG003,validation,0.47,21063,0.06700582368297744,0.12343920619095096,2600,0.8658008658008658,1.8422160852014149
RLOG003,validation,0.48,21512,0.06700582368297744,0.1216065451840833,2616,0.8711288711288712,1.8148653131918284
RLOG003,validation,0.49,21960,0.06700582368297744,0.1197632058287796,2630,0.8757908757908758,1.7873551766994389
RLOG003,validation,0.5,22408,0.06700582368297744,0.11799357372367011,2644,0.8804528804528805,1.7609450528051027
RLOG004,validation,0.01,448,0.06700582368297744,0.5736607142857143,257,0.08558108558108558,8.561356054659626
RLOG004,validation,0.02,896,0.06700582368297744,0.5200892857142857,466,0.15517815517815517,7.7618519872984155
RLOG004,validation,0.03,1344,0.06700582368297744,0.45461309523809523,611,0.20346320346320346,6.784680349412492
RLOG004,validation,0.04,1792,0.06700582368297744,0.4140625,742,0.24708624708624707,6.179500187312687
RLOG004,validation,0.05,2240,0.06700582368297744,0.3861607142857143,865,0.28804528804528806,5.76309181889539
RLOG004,validation,0.06,2689,0.06700582368297744,0.3596132391223503,967,0.322011322011322,5.366895283964826
RLOG004,validation,0.07,3137,0.06700582368297744,0.33407714376793113,1048,0.348984348984349,4.9857926580910314
RLOG004,validation,0.08,3585,0.06700582368297744,0.31576011157601114,1132,0.37695637695637696,4.712427878955075
RLOG004,validation,0.09,4033,0.06700582368297744,0.3007686585668237,1213,0.4039294039294039,4.488694296033746
RLOG004,validation,0.1,4481,0.06700582368297744,0.28609685338094176,1282,0.4269064269064269,4.269731161496392
RLOG004,validation,0.11,4929,0.06700582368297744,0.27409210793264355,1351,0.44988344988344986,4.090571428976785
RLOG004,validation,0.12,5378,0.06700582368297744,0.26478244700632203,1424,0.4741924741924742,3.9516333424849597
RLOG004,validation,0.13,5826,0.06700582368297744,0.2531754205286646,1475,0.4911754911754912,3.7784091980796406
RLOG004,validation,0.14,6274,0.06700582368297744,0.24354478801402615,1528,0.5088245088245088,3.6346809072343023
RLOG004,validation,0.15,6722,0.06700582368297744,0.23504909253198453,1580,0.5261405261405261,3.5078905028324843
RLOG004,validation,0.16,7170,0.06700582368297744,0.22775453277545327,1633,0.5437895437895438,3.399025939193303
RLOG004,validation,0.17,7618,0.06700582368297744,0.22131793121554214,1686,0.5614385614385614,3.3029656088201635
RLOG004,validation,0.18,8067,0.06700582368297744,0.2150737572827569,1735,0.5777555777555777,3.209777082964141
RLOG004,validation,0.19,8515,0.06700582368297744,0.21021726365237817,1790,0.5960705960705961,3.1372984032995777
RLOG004,validation,0.2,8963,0.06700582368297744,0.20551154747294434,1842,0.6133866133866134,3.0670699377605546
RLOG004,validation,0.21,9411,0.06700582368297744,0.20114759324195092,1893,0.6303696303696303,3.0019419534880165
RLOG004,validation,0.22,9859,0.06700582368297744,0.19697738107313115,1942,0.6466866466866467,2.939705390461045
RLOG004,validation,0.23,10307,0.06700582368297744,0.19200543320073737,1979,0.659007659007659,2.8655036629228925
RLOG004,validation,0.24,10756,0.06700582368297744,0.1885459278542209,2028,0.6753246753246753,2.813873742471734
RLOG004,validation,0.25,11204,0.06700582368297744,0.18395215994287753,2061,0.6863136863136863,2.745316001385262
RLOG004,validation,0.26,11652,0.06700582368297744,0.17971163748712668,2094,0.6973026973026973,2.6820301222978875
RLOG004,validation,0.27,12100,0.06700582368297744,0.17611570247933883,2131,0.7096237096237096,2.628364115223619
RLOG004,validation,0.28,12548,0.06700582368297744,0.17237806821804272,2163,0.7202797202797203,2.5725833777316085
RLOG004,validation,0.29,12996,0.06700582368297744,0.1698984302862419,2208,0.7352647352647352,2.5355770729731946
RLOG004,validation,0.3,13445,0.06700582368297744,0.16615842320565266,2234,0.7439227439227439,2.479760923345899
RLOG004,validation,0.31,13893,0.06700582368297744,0.16252789174404375,2258,0.7519147519147519,2.4255785961681013
RLOG004,validation,0.32,14341,0.06700582368297744,0.15926364967575482,2284,0.7605727605727606,2.376862799706395
RLOG004,validation,0.33,14789,0.06700582368297744,0.15626479139901278,2311,0.7695637695637696,2.332107611098753
RLOG004,validation,0.34,15237,0.06700582368297744,0.15311413007809938,2333,0.7768897768897769,2.2850869023343923
RLOG004,validation,0.35,15685,0.06700582368297744,0.1500159387950271,2353,0.7835497835497836,2.238849260398511
RLOG004,validation,0.36,16134,0.06700582368297744,0.14745258460394198,2379,0.7922077922077922,2.2005935678304587
RLOG004,validation,0.37,16582,0.06700582368297744,0.14503678687733687,2405,0.8008658008658008,2.164540019141394
RLOG004,validation,0.38,17030,0.06700582368297744,0.14263065179095713,2429,0.8088578088578089,2.12863067642868
RLOG004,validation,0.39,17478,0.06700582368297744,0.13971850326124272,2442,0.8131868131868132,2.0851695506690358
RLOG004,validation,0.4,17926,0.06700582368297744,0.13784447171705902,2471,0.8228438228438228,2.057201361619525
RLOG004,validation,0.41,18374,0.06700582368297744,0.13568085337977576,2493,0.8301698301698301,2.024911357283187
RLOG004,validation,0.42,18823,0.06700582368297744,0.1335600063751793,2514,0.8371628371628371,1.9932596755632404
RLOG004,validation,0.43,19271,0.06700582368297744,0.1312853510456126,2530,0.8424908424908425,1.9593125467236827
RLOG004,validation,0.44,19719,0.06700582368297744,0.1294183275013946,2552,0.8498168498168498,1.931448945597736
RLOG004,validation,0.45,20167,0.06700582368297744,0.12728715227847473,2567,0.8548118548118548,1.8996431247633705
RLOG004,validation,0.46,20615,0.06700582368297744,0.12510308028134853,2579,0.8588078588078588,1.867047868454611
RLOG004,validation,0.47,21063,0.06700582368297744,0.12334425295541945,2598,0.8651348651348651,1.840798995905106
RLOG004,validation,0.48,21512,0.06700582368297744,0.12169951654890294,2618,0.8717948717948718,1.8162528248991618
RLOG004,validation,0.49,21960,0.06700582368297744,0.1198087431693989,2631,0.8761238761238761,1.7880347794282219
RLOG004,validation,0.5,22408,0.06700582368297744,0.1179489468047126,2643,0.8801198801198801,1.7602790372783232
RLOG005,validation,0.01,448,0.06700582368297744,0.5535714285714286,248,0.08258408258408259,8.261542029399171
RLOG005,validation,0.02,896,0.06700582368297744,0.5,448,0.14918414918414918,7.462037962037962
RLOG005,validation,0.03,1344,0.06700582368297744,0.44419642857142855,597,0.19880119880119881,6.629221225203367
RLOG005,validation,0.04,1792,0.06700582368297744,0.39732142857142855,712,0.2370962370962371,5.929655166262308
RLOG005,validation,0.05,2240,0.06700582368297744,0.3674107142857143,823,0.27405927405927405,5.483265395318967
RLOG005,validation,0.06,2689,0.06700582368297744,0.3428783934548159,922,0.307026307026307,5.117143176644849
RLOG005,validation,0.07,3137,0.06700582368297744,0.32100733184571245,1007,0.33533133533133536,4.7907377926504475
RLOG005,validation,0.08,3585,0.06700582368297744,0.30460251046025105,1092,0.36363636363636365,4.545910992772917
RLOG005,validation,0.09,4033,0.06700582368297744,0.2863873047359286,1155,0.38461538461538464,4.2740658795704665
RLOG005,validation,0.1,4481,0.06700582368297744,0.2771702744923008,1242,0.41358641358641357,4.136510220420061
RLOG005,validation,0.11,4929,0.06700582368297744,0.2678027997565429,1320,0.43956043956043955,3.996709316246748
RLOG005,validation,0.12,5378,0.06700582368297744,0.25957605057642247,1396,0.4648684648684649,3.873932686874301
RLOG005,validation,0.13,5826,0.06700582368297744,0.25214555441125985,1469,0.48917748917748916,3.763039397951859
RLOG005,validation,0.14,6274,0.06700582368297744,0.2456168313675486,1541,0.5131535131535132,3.665604239560248
RLOG005,validation,0.15,6722,0.06700582368297744,0.2384706932460577,1603,0.5337995337995338,3.558954731671185
RLOG005,validation,0.16,7170,0.06700582368297744,0.23068340306834031,1654,0.5507825507825508,3.4427366218161195
RLOG005,validation,0.17,7618,0.06700582368297744,0.22341822000525072,1702,0.5667665667665668,3.33431047818026
RLOG005,validation,0.18,8067,0.06700582368297744,0.2166852609396306,1748,0.5820845820845821,3.23382728589125
RLOG005,validation,0.19,8515,0.06700582368297744,0.21056958308866705,1793,0.5970695970695971,3.1425564453162806
RLOG005,validation,0.2,8963,0.06700582368297744,0.20562311725984603,1843,0.6137196137196137,3.0687350137311085
RLOG005,validation,0.21,9411,0.06700582368297744,0.2023164382106046,1904,0.634032634032634,3.0193858845436785
RLOG005,validation,0.22,9859,0.06700582368297744,0.19718024140379348,1944,0.6473526473526473,2.942732893437833
RLOG005,validation,0.23,10307,0.06700582368297744,0.19229649752595324,1982,0.66000666000666,2.869847529011204
RLOG005,validation,0.24,10756,0.06700582368297744,0.18798809966530308,2022,0.6733266733266733,2.8055486722277347
RLOG005,validation,0.25,11204,0.06700582368297744,0.18359514459121742,2057,0.684981684981685,2.7399878771710258
RLOG005,validation,0.26,11652,0.06700582368297744,0.18005492619292826,2098,0.6986346986346986,2.687153389007148
RLOG005,validation,0.27,12100,0.06700582368297744,0.17603305785123968,2130,0.7092907092907093,2.6271307205191503
RLOG005,validation,0.28,12548,0.06700582368297744,0.17253745616831367,2165,0.720945720945721,2.574962095602835
RLOG005,validation,0.29,12996,0.06700582368297744,0.16928285626346568,2200,0.7326007326007326,2.5263901995203932
RLOG005,validation,0.3,13445,0.06700582368297744,0.1657121606545184,2228,0.7419247419247419,2.4731008671506998
RLOG005,validation,0.31,13893,0.06700582368297744,0.16310372129849565,2266,0.7545787545787546,2.4341723201580683
RLOG005,validation,0.32,14341,0.06700582368297744,0.15947284010877902,2287,0.7615717615717615,2.3799847736114383
RLOG005,validation,0.33,14789,0.06700582368297744,0.15660288051930488,2316,0.7712287712287712,2.3371532787990965
RLOG005,validation,0.34,15237,0.06700582368297744,0.1531797597952353,2334,0.7772227772227772,2.286066365215804
RLOG005,validation,0.35,15685,0.06700582368297744,0.14988842843481032,2351,0.7828837828837829,2.2369462861015297
RLOG005,validation,0.36,16134,0.06700582368297744,0.14776248915334078,2384,0.7938727938727939,2.205218606854903
RLOG005,validation,0.37,16582,0.06700582368297744,0.14485586780846701,2402,0.7998667998667999,2.161839969221467
RLOG005,validation,0.38,17030,0.06700582368297744,0.14239577216676452,2425,0.8075258075258075,2.125125315084211
RLOG005,validation,0.39,17478,0.06700582368297744,0.13994736239844377,2446,0.8145188145188145,2.088585061808543
RLOG005,validation,0.4,17926,0.06700582368297744,0.13806761129086242,2475,0.8241758241758241,2.0605315135606332
RLOG005,validation,0.41,18374,0.06700582368297744,0.1355720039185806,2491,0.8295038295038295,2.0232868796600156
RLOG005,validation,0.42,18823,0.06700582368297744,0.13361313286936194,2515,0.8374958374958374,1.994052539396002
RLOG005,validation,0.43,19271,0.06700582368297744,0.1314929168180167,2534,0.8438228438228438,1.9624102740702811
RLOG005,validation,0.44,19719,0.06700582368297744,0.12962117754450023,2556,0.8511488511488512,1.9344762950422465
RLOG005,validation,0.45,20167,0.06700582368297744,0.12743591015024544,2570,0.8558108558108558,1.9018631985359806
RLOG005,validation,0.46,20615,0.06700582368297744,0.12544263885520252,2586,0.8611388611388612,1.8721154663914787
RLOG005,validation,0.47,21063,0.06700582368297744,0.12353415942648245,2602,0.8664668664668664,1.8436331744977235
RLOG005,validation,0.48,21512,0.06700582368297744,0.12165303086649312,2617,0.8714618714618715,1.8155590690454952
RLOG005,validation,0.49,21960,0.06700582368297744,0.12003642987249545,2636,0.8777888777888778,1.7914327930721374
RLOG005,validation,0.5,22408,0.06700582368297744,0.11817208139950018,2648,0.8817848817848818,1.7636091149122208
RLOG006,validation,0.01,448,0.06700582368297744,0.5736607142857143,257,0.08558108558108558,8.561356054659626
RLOG006,validation,0.02,896,0.06700582368297744,0.5223214285714286,468,0.15584415584415584,7.795164656771799
RLOG006,validation,0.03,1344,0.06700582368297744,0.45014880952380953,605,0.20146520146520147,6.718055010465725
RLOG006,validation,0.04,1792,0.06700582368297744,0.41015625,735,0.24475524475524477,6.121203015734266
RLOG006,validation,0.05,2240,0.06700582368297744,0.38526785714285716,863,0.28737928737928736,5.749766751106037
RLOG006,validation,0.06,2689,0.06700582368297744,0.3584975827445147,964,0.321012321012321,5.350245143476828
RLOG006,validation,0.07,3137,0.06700582368297744,0.33248326426522157,1043,0.3473193473193473,4.962005479378766
RLOG006,validation,0.08,3585,0.06700582368297744,0.31408647140864715,1126,0.374958374958375,4.6874503460277515
RLOG006,validation,0.09,4033,0.06700582368297744,0.29928093230845526,1207,0.4019314019314019,4.466491356399613
RLOG006,validation,0.1,4481,0.06700582368297744,0.28408837313099755,1273,0.42390942390942393,4.239756449754218
RLOG006,validation,0.11,4929,0.06700582368297744,0.2738892270237371,1350,0.44955044955044954,4.087543618888719
RLOG006,validation,0.12,5378,0.06700582368297744,0.2642246188174042,1421,0.4731934731934732,3.9433082722409605
RLOG006,validation,0.13,5826,0.06700582368297744,0.25214555441125985,1469,0.48917748917748916,3.763039397951859
RLOG006,validation,0.14,6274,0.06700582368297744,0.24306662416321326,1525,0.5078255078255078,3.6275447536206222
RLOG006,validation,0.15,6722,0.06700582368297744,0.23549538827729843,1583,0.5271395271395272,3.514551054420141
RLOG006,validation,0.16,7170,0.06700582368297744,0.22789400278940028,1634,0.5441225441225441,3.40110740027058
RLOG006,validation,0.17,7618,0.06700582368297744,0.22223680756103964,1693,0.5637695637695638,3.3166789891652058
RLOG006,validation,0.18,8067,0.06700582368297744,0.21519771910251642,1736,0.578088578088578,3.211627098573919
RLOG006,validation,0.19,8515,0.06700582368297744,0.21033470346447447,1791,0.5964035964035964,3.139051083971812
RLOG006,validation,0.2,8963,0.06700582368297744,0.2050652683253375,1838,0.6120546120546121,3.0604096338783386
RLOG006,validation,0.21,9411,0.06700582368297744,0.20189140367654873,1900,0.6327006327006327,3.013042636887074
RLOG006,validation,0.22,9859,0.06700582368297744,0.19657166041180646,1938,0.6453546453546454,2.933650384507469
RLOG006,validation,0.23,10307,0.06700582368297744,0.19249054040943048,1984,0.6606726606726607,2.872743439736745
RLOG006,validation,0.24,10756,0.06700582368297744,0.18817404239494237,2024,0.673992673992674,2.8083236956424016
RLOG006,validation,0.25,11204,0.06700582368297744,0.18421992145662264,2064,0.6873126873126874,2.7493120945459397
RLOG006,validation,0.26,11652,0.06700582368297744,0.17971163748712668,2094,0.6973026973026973,2.6820301222978875
RLOG006,validation,0.27,12100,0.06700582368297744,0.17636363636363636,2134,0.7106227106227107,2.6320642993370265
RLOG006,validation,0.28,12548,0.06700582368297744,0.17277653809372012,2168,0.7219447219447219,2.578530172409675
RLOG006,validation,0.29,12996,0.06700582368297744,0.17020621729763005,2212,0.7365967365967366,2.5401705096995957
RLOG006,validation,0.3,13445,0.06700582368297744,0.16615842320565266,2234,0.7439227439227439,2.479760923345899
RLOG006,validation,0.31,13893,0.06700582368297744,0.16274382782696323,2261,0.752913752913753,2.4288012426643393
RLOG006,validation,0.32,14341,0.06700582368297744,0.15947284010877902,2287,0.7615717615717615,2.3799847736114383
RLOG006,validation,0.33,14789,0.06700582368297744,0.15619717357495436,2310,0.7692307692307693,2.3310984775586845
RLOG006,validation,0.34,15237,0.06700582368297744,0.15278598149241976,2328,0.7752247752247752,2.2801895879273313
RLOG006,validation,0.35,15685,0.06700582368297744,0.14988842843481032,2351,0.7828837828837829,2.2369462861015297
RLOG006,validation,0.36,16134,0.06700582368297744,0.14745258460394198,2379,0.7922077922077922,2.2005935678304587
RLOG006,validation,0.37,16582,0.06700582368297744,0.1446146423833072,2398,0.7985347985347986,2.1582399026615646
RLOG006,validation,0.38,17030,0.06700582368297744,0.14263065179095713,2429,0.8088578088578089,2.12863067642868
RLOG006,validation,0.39,17478,0.06700582368297744,0.14017622153564482,2450,0.8158508158508159,2.09200057294805
RLOG006,validation,0.4,17926,0.06700582368297744,0.13778868682360818,2470,0.8225108225108225,2.0563688236342483
RLOG006,validation,0.41,18374,0.06700582368297744,0.13584412757156852,2496,0.8311688311688312,2.027348073717944
RLOG006,validation,0.42,18823,0.06700582368297744,0.13350687988099666,2513,0.8368298368298368,1.9924668117304785
RLOG006,validation,0.43,19271,0.06700582368297744,0.13185615691972394,2541,0.8461538461538461,1.967831296926829
RLOG006,validation,0.44,19719,0.06700582368297744,0.12987474009838226,2561,0.8528138528138528,1.9382604818478846
RLOG006,validation,0.45,20167,0.06700582368297744,0.12743591015024544,2570,0.8558108558108558,1.9018631985359806
RLOG006,validation,0.46,20615,0.06700582368297744,0.12520009701673537,2581,0.8594738594738595,1.8684957535794302
RLOG006,validation,0.47,21063,0.06700582368297744,0.12358163604424821,2603,0.8667998667998668,1.844341719145878
RLOG006,validation,0.48,21512,0.06700582368297744,0.12156005950167348,2615,0.8707958707958708,1.8141715573381618
RLOG006,validation,0.49,21960,0.06700582368297744,0.11994535519125683,2634,0.8771228771228772,1.7900735876145712
RLOG006,validation,0.5,22408,0.06700582368297744,0.11817208139950018,2648,0.8817848817848818,1.7636091149122208
RLOG007,validation,0.01,448,0.06700582368297744,0.5758928571428571,258,0.08591408591408592,8.594668724133008
RLOG007,validation,0.02,896,0.06700582368297744,0.5189732142857143,465,0.15484515484515485,7.745195652561724
RLOG007,validation,0.03,1344,0.06700582368297744,0.453125,609,0.20279720279720279,6.762471903096903
RLOG007,validation,0.04,1792,0.06700582368297744,0.4140625,742,0.24708624708624707,6.179500187312687
RLOG007,validation,0.05,2240,0.06700582368297744,0.38660714285714287,866,0.2883782883782884,5.769754352790067
RLOG007,validation,0.06,2689,0.06700582368297744,0.3584975827445147,964,0.321012321012321,5.350245143476828
RLOG007,validation,0.07,3137,0.06700582368297744,0.33407714376793113,1048,0.348984348984349,4.9857926580910314
RLOG007,validation,0.08,3585,0.06700582368297744,0.3143654114365411,1127,0.3752913752913753,4.691613268182305
RLOG007,validation,0.09,4033,0.06700582368297744,0.3007686585668237,1213,0.4039294039294039,4.488694296033746
RLOG007,validation,0.1,4481,0.06700582368297744,0.2854273599642937,1279,0.4259074259074259,4.259739590915667
RLOG007,validation,0.11,4929,0.06700582368297744,0.27409210793264355,1351,0.44988344988344986,4.090571428976785
RLOG007,validation,0.12,5378,0.06700582368297744,0.264038676087765,1420,0.47286047286047284,3.9405332488262945
RLOG007,validation,0.13,5826,0.06700582368297744,0.2533470648815654,1476,0.4915084915084915,3.7809708314342707
RLOG007,validation,0.14,6274,0.06700582368297744,0.2432260121134842,1526,0.5081585081585082,3.6299234714918485
RLOG007,validation,0.15,6722,0.06700582368297744,0.23460279678667062,1577,0.5251415251415251,3.5012299512448273
RLOG007,validation,0.16,7170,0.06700582368297744,0.22775453277545327,1633,0.5437895437895438,3.399025939193303
RLOG007,validation,0.17,7618,0.06700582368297744,0.22092412706747178,1683,0.5604395604395604,3.2970884458151457
RLOG007,validation,0.18,8067,0.06700582368297744,0.21519771910251642,1736,0.578088578088578,3.211627098573919
RLOG007,validation,0.19,8515,0.06700582368297744,0.21045214327657075,1792,0.5967365967365967,3.1408037646440463
RLOG007,validation,0.2,8963,0.06700582368297744,0.20551154747294434,1842,0.6133866133866134,3.0670699377605546
RLOG007,validation,0.21,9411,0.06700582368297744,0.20125385187546488,1894,0.6307026307026307,3.0035277654021675
RLOG007,validation,0.22,9859,0.06700582368297744,0.19707881123846233,1943,0.647019647019647,2.941219141949439
RLOG007,validation,0.23,10307,0.06700582368297744,0.19200543320073737,1979,0.659007659007659,2.8655036629228925
RLOG007,validation,0.24,10756,0.06700582368297744,0.18817404239494237,2024,0.673992673992674,2.8083236956424016
RLOG007,validation,0.25,11204,0.06700582368297744,0.18404141378079258,2062,0.6866466866466866,2.7466480324388214
RLOG007,validation,0.26,11652,0.06700582368297744,0.17971163748712668,2094,0.6973026973026973,2.6820301222978875
RLOG007,validation,0.27,12100,0.06700582368297744,0.17586776859504133,2128,0.7086247086247086,2.624663931110212
RLOG007,validation,0.28,12548,0.06700582368297744,0.17245776219317818,2164,0.7206127206127206,2.5737727366672214
RLOG007,validation,0.29,12996,0.06700582368297744,0.16982148353339488,2207,0.7349317349317349,2.5344287137915944
RLOG007,validation,0.3,13445,0.06700582368297744,0.16615842320565266,2234,0.7439227439227439,2.479760923345899
RLOG007,validation,0.31,13893,0.06700582368297744,0.16267184913265673,2260,0.7525807525807526,2.4277270271655933
RLOG007,validation,0.32,14341,0.06700582368297744,0.15926364967575482,2284,0.7605727605727606,2.376862799706395
RLOG007,validation,0.33,14789,0.06700582368297744,0.15626479139901278,2311,0.7695637695637696,2.332107611098753
RLOG007,validation,0.34,15237,0.06700582368297744,0.15304850036096346,2332,0.7765567765567766,2.28410743945298
RLOG007,validation,0.35,15685,0.06700582368297744,0.1500159387950271,2353,0.7835497835497836,2.238849260398511
RLOG007,validation,0.36,16134,0.06700582368297744,0.14745258460394198,2379,0.7922077922077922,2.2005935678304587
RLOG007,validation,0.37,16582,0.06700582368297744,0.14491617416475697,2403,0.8001998001998002,2.162739985861443
RLOG007,validation,0.38,17030,0.06700582368297744,0.1426893716970053,2430,0.8091908091908092,2.1295070167647974
RLOG007,validation,0.39,17478,0.06700582368297744,0.13977571804554298,2443,0.8135198135198135,2.0860234284539128
RLOG007,validation,0.4,17926,0.06700582368297744,0.13790025661050986,2472,0.8231768231768232,2.0580338996048018
RLOG007,validation,0.41,18374,0.06700582368297744,0.13568085337977576,2493,0.8301698301698301,2.024911357283187
RLOG007,validation,0.42,18823,0.06700582368297744,0.13361313286936194,2515,0.8374958374958374,1.994052539396002
RLOG007,validation,0.43,19271,0.06700582368297744,0.13138913393181464,2532,0.8431568431568431,1.960861410396982
RLOG007,validation,0.44,19719,0.06700582368297744,0.129469040012171,2553,0.8501498501498501,1.9322057829588635
RLOG007,validation,0.45,20167,0.06700582368297744,0.12733673823573163,2568,0.8551448551448552,1.9003831493542405
RLOG007,validation,0.46,20615,0.06700582368297744,0.12520009701673537,2581,0.8594738594738595,1.8684957535794302
RLOG007,validation,0.47,21063,0.06700582368297744,0.12339172957318521,2599,0.8654678654678655,1.8415075405532606
RLOG007,validation,0.48,21512,0.06700582368297744,0.1216065451840833,2616,0.8711288711288712,1.8148653131918284
RLOG007,validation,0.49,21960,0.06700582368297744,0.11971766848816029,2629,0.8754578754578755,1.786675573970656
RLOG007,validation,0.5,22408,0.06700582368297744,0.11799357372367011,2644,0.8804528804528805,1.7609450528051027
RLOG008,validation,0.01,448,0.06700582368297744,0.5736607142857143,257,0.08558108558108558,8.561356054659626
RLOG008,validation,0.02,896,0.06700582368297744,0.5200892857142857,466,0.15517815517815517,7.7618519872984155
RLOG008,validation,0.03,1344,0.06700582368297744,0.45461309523809523,611,0.20346320346320346,6.784680349412492
RLOG008,validation,0.04,1792,0.06700582368297744,0.4140625,742,0.24708624708624707,6.179500187312687
RLOG008,validation,0.05,2240,0.06700582368297744,0.3861607142857143,865,0.28804528804528806,5.76309181889539
RLOG008,validation,0.06,2689,0.06700582368297744,0.3596132391223503,967,0.322011322011322,5.366895283964826
RLOG008,validation,0.07,3137,0.06700582368297744,0.3337583678673892,1047,0.34865134865134867,4.981035222348579
RLOG008,validation,0.08,3585,0.06700582368297744,0.31576011157601114,1132,0.37695637695637696,4.712427878955075
RLOG008,validation,0.09,4033,0.06700582368297744,0.3007686585668237,1213,0.4039294039294039,4.488694296033746
RLOG008,validation,0.1,4481,0.06700582368297744,0.2863200178531578,1283,0.42723942723942726,4.2730616850233005
RLOG008,validation,0.11,4929,0.06700582368297744,0.27409210793264355,1351,0.44988344988344986,4.090571428976785
RLOG008,validation,0.12,5378,0.06700582368297744,0.2644105615470435,1422,0.47352647352647353,3.9460832956556273
RLOG008,validation,0.13,5826,0.06700582368297744,0.2531754205286646,1475,0.4911754911754912,3.7784091980796406
RLOG008,validation,0.14,6274,0.06700582368297744,0.24354478801402615,1528,0.5088245088245088,3.6346809072343023
RLOG008,validation,0.15,6722,0.06700582368297744,0.23504909253198453,1580,0.5261405261405261,3.5078905028324843
RLOG008,validation,0.16,7170,0.06700582368297744,0.22789400278940028,1634,0.5441225441225441,3.40110740027058
RLOG008,validation,0.17,7618,0.06700582368297744,0.22131793121554214,1686,0.5614385614385614,3.3029656088201635
RLOG008,validation,0.18,8067,0.06700582368297744,0.2150737572827569,1735,0.5777555777555777,3.209777082964141
RLOG008,validation,0.19,8515,0.06700582368297744,0.21021726365237817,1790,0.5960705960705961,3.1372984032995777
RLOG008,validation,0.2,8963,0.06700582368297744,0.20551154747294434,1842,0.6133866133866134,3.0670699377605546
RLOG008,validation,0.21,9411,0.06700582368297744,0.20114759324195092,1893,0.6303696303696303,3.0019419534880165
RLOG008,validation,0.22,9859,0.06700582368297744,0.19697738107313115,1942,0.6466866466866467,2.939705390461045
RLOG008,validation,0.23,10307,0.06700582368297744,0.19200543320073737,1979,0.659007659007659,2.8655036629228925
RLOG008,validation,0.24,10756,0.06700582368297744,0.1885459278542209,2028,0.6753246753246753,2.813873742471734
RLOG008,validation,0.25,11204,0.06700582368297744,0.18404141378079258,2062,0.6866466866466866,2.7466480324388214
RLOG008,validation,0.26,11652,0.06700582368297744,0.17979745966357707,2095,0.6976356976356977,2.6833109389752026
RLOG008,validation,0.27,12100,0.06700582368297744,0.17611570247933883,2131,0.7096237096237096,2.628364115223619
RLOG008,validation,0.28,12548,0.06700582368297744,0.17237806821804272,2163,0.7202797202797203,2.5725833777316085
RLOG008,validation,0.29,12996,0.06700582368297744,0.1698984302862419,2208,0.7352647352647352,2.5355770729731946
RLOG008,validation,0.3,13445,0.06700582368297744,0.16615842320565266,2234,0.7439227439227439,2.479760923345899
RLOG008,validation,0.31,13893,0.06700582368297744,0.16252789174404375,2258,0.7519147519147519,2.4255785961681013
RLOG008,validation,0.32,14341,0.06700582368297744,0.15926364967575482,2284,0.7605727605727606,2.376862799706395
RLOG008,validation,0.33,14789,0.06700582368297744,0.15619717357495436,2310,0.7692307692307693,2.3310984775586845
RLOG008,validation,0.34,15237,0.06700582368297744,0.15311413007809938,2333,0.7768897768897769,2.2850869023343923
RLOG008,validation,0.35,15685,0.06700582368297744,0.1500796939751355,2354,0.7838827838827839,2.239800747547002
RLOG008,validation,0.36,16134,0.06700582368297744,0.14745258460394198,2379,0.7922077922077922,2.2005935678304587
RLOG008,validation,0.37,16582,0.06700582368297744,0.14503678687733687,2405,0.8008658008658008,2.164540019141394
RLOG008,validation,0.38,17030,0.06700582368297744,0.14263065179095713,2429,0.8088578088578089,2.12863067642868
RLOG008,validation,0.39,17478,0.06700582368297744,0.13971850326124272,2442,0.8131868131868132,2.0851695506690358
RLOG008,validation,0.4,17926,0.06700582368297744,0.13784447171705902,2471,0.8228438228438228,2.057201361619525
RLOG008,validation,0.41,18374,0.06700582368297744,0.13568085337977576,2493,0.8301698301698301,2.024911357283187
RLOG008,validation,0.42,18823,0.06700582368297744,0.1335600063751793,2514,0.8371628371628371,1.9932596755632404
RLOG008,validation,0.43,19271,0.06700582368297744,0.1312853510456126,2530,0.8424908424908425,1.9593125467236827
RLOG008,validation,0.44,19719,0.06700582368297744,0.1294183275013946,2552,0.8498168498168498,1.931448945597736
RLOG008,validation,0.45,20167,0.06700582368297744,0.12728715227847473,2567,0.8548118548118548,1.8996431247633705
RLOG008,validation,0.46,20615,0.06700582368297744,0.12515158864904197,2580,0.8591408591408591,1.867771811017021
RLOG008,validation,0.47,21063,0.06700582368297744,0.12334425295541945,2598,0.8651348651348651,1.840798995905106
RLOG008,validation,0.48,21512,0.06700582368297744,0.12169951654890294,2618,0.8717948717948718,1.8162528248991618
RLOG008,validation,0.49,21960,0.06700582368297744,0.1198087431693989,2631,0.8761238761238761,1.7880347794282219
RLOG008,validation,0.5,22408,0.06700582368297744,0.11799357372367011,2644,0.8804528804528805,1.7609450528051027
T001,validation,0.01,448,0.06700582368297744,0.5982142857142857,268,0.08924408924408925,8.927795418866847
T001,validation,0.02,896,0.06700582368297744,0.5513392857142857,494,0.1645021645021645,8.228229359925788
T001,validation,0.03,1344,0.06700582368297744,0.5044642857142857,678,0.22577422577422576,7.528663300984729
T001,validation,0.04,1792,0.06700582368297744,0.4693080357142857,841,0.28005328005328006,7.003988756778935
T001,validation,0.05,2240,0.06700582368297744,0.45089285714285715,1010,0.3363303363303363,6.729159233623519
T001,validation,0.06,2689,0.06700582368297744,0.4332465600595017,1165,0.38794538794538797,6.465804556172722
T001,validation,0.07,3137,0.06700582368297744,0.4048453936882372,1270,0.4229104229104229,6.04194339291566
T001,validation,0.08,3585,0.06700582368297744,0.3732217573221757,1338,0.44555444555444557,5.5699898427931895
T001,validation,0.09,4033,0.06700582368297744,0.3476320357054302,1402,0.4668664668664669,5.188086894508913
T001,validation,0.1,4481,0.06700582368297744,0.3258201294353939,1460,0.4861804861804862,4.862564349286063
T001,validation,0.11,4929,0.06700582368297744,0.3081761006289308,1519,0.5058275058275058,4.599243523771825
T001,validation,0.12,5378,0.06700582368297744,0.292859799181852,1575,0.5244755244755245,4.370661878099588
T001,validation,0.13,5826,0.06700582368297744,0.2796086508753862,1629,0.5424575424575424,4.172900734692702
T001,validation,0.14,6274,0.06700582368297744,0.26824992030602485,1683,0.5604395604395604,4.003382177274431
T001,validation,0.15,6722,0.06700582368297744,0.25662005355548945,1725,0.5744255744255744,3.829817162902554
T001,validation,0.16,7170,0.06700582368297744,0.24769874476987447,1776,0.5914085914085914,3.6966748732439108
T001,validation,0.17,7618,0.06700582368297744,0.23785770543449725,1812,0.6033966033966034,3.5498064550309234
T001,validation,0.18,8067,0.06700582368297744,0.2315606793107723,1868,0.6220446220446221,3.4558291590645625
T001,validation,0.19,8515,0.06700582368297744,0.22454492072812685,1912,0.6366966366966367,3.351125445312175
T001,validation,0.2,8963,0.06700582368297744,0.21811893339283722,1955,0.6510156510156511,3.255223522433162
T001,validation,0.21,9411,0.06700582368297744,0.21294230156200192,2004,0.6673326673326674,3.177967075958788
T001,validation,0.22,9859,0.06700582368297744,0.20722182777157927,2043,0.6803196803196803,3.092594290788834
T001,validation,0.23,10307,0.06700582368297744,0.204230134859804,2105,0.700965700965701,3.04794603863198
T001,validation,0.24,10756,0.06700582368297744,0.19942357753811826,2145,0.7142857142857143,2.976212612229719
T001,validation,0.25,11204,0.06700582368297744,0.1955551588718315,2191,0.7296037296037297,2.918480038347943
T001,validation,0.26,11652,0.06700582368297744,0.19198420871953312,2237,0.7449217449217449,2.865186907153951
T001,validation,0.27,12100,0.06700582368297744,0.18710743801652893,2264,0.7539127539127539,2.7924056109180078
T001,validation,0.28,12548,0.06700582368297744,0.18106471150781,2272,0.7565767565767566,2.70222350171346
T001,validation,0.29,12996,0.06700582368297744,0.1759772237611573,2287,0.7615717615717615,2.626297448319609
T001,validation,0.3,13445,0.06700582368297744,0.17062104871699516,2294,0.7639027639027639,2.5463614852978926
T001,validation,0.31,13893,0.06700582368297744,0.16605484776506155,2307,0.7682317682317682,2.4782151556066476
T001,validation,0.32,14341,0.06700582368297744,0.1619831253050694,2323,0.7735597735597736,2.4174484604719595
T001,validation,0.33,14789,0.06700582368297744,0.1578200013523565,2334,0.7772227772227772,2.355317682520333
T001,validation,0.34,15237,0.06700582368297744,0.15383605696659447,2344,0.7805527805527805,2.295860994029925
T001,validation,0.35,15685,0.06700582368297744,0.1500159387950271,2353,0.7835497835497836,2.238849260398511
T001,validation,0.36,16134,0.06700582368297744,0.1465848518656254,2365,0.7875457875457875,2.1876434585620155
T001,validation,0.37,16582,0.06700582368297744,0.14340851525750814,2378,0.7918747918747919,2.140239569862052
T001,validation,0.38,17030,0.06700582368297744,0.13998825601879036,2384,0.7938727938727939,2.0891953613034056
T001,validation,0.39,17478,0.06700582368297744,0.13697219361483007,2394,0.7972027972027972,2.0441834169949513
T001,validation,0.4,17926,0.06700582368297744,0.13405109896240097,2403,0.8001998001998002,2.0005887786206875
T001,validation,0.41,18374,0.06700582368297744,0.13116360074017633,2410,0.8025308025308026,1.9574955359215724
T001,validation,0.42,18823,0.06700582368297744,0.12861924241619296,2421,0.8061938061938062,1.9195233391163902
T001,validation,0.43,19271,0.06700582368297744,0.1260962067355093,2430,0.8091908091908092,1.8818693630587147
T001,validation,0.44,19719,0.06700582368297744,0.1235356762513312,2436,0.8111888111888111,1.84365581170693
T001,validation,0.45,20167,0.06700582368297744,0.12113849357861854,2443,0.8135198135198135,1.807880075495487
T001,validation,0.46,20615,0.06700582368297744,0.11903953431967014,2454,0.8171828171828172,1.7765550481533987
T001,validation,0.47,21063,0.06700582368297744,0.11712481602810616,2467,0.8215118215118216,1.747979646996881
T001,validation,0.48,21512,0.06700582368297744,0.11495909259947935,2473,0.8235098235098235,1.7156582261175044
T001,validation,0.49,21960,0.06700582368297744,0.11293260473588343,2480,0.8258408258408259,1.6854147673819806
T001,validation,0.5,22408,0.06700582368297744,0.11112102820421278,2490,0.8291708291708292,1.6583786616810536
T002,validation,0.01,448,0.06700582368297744,0.6316964285714286,283,0.09423909423909424,9.427485460967604
T002,validation,0.02,896,0.06700582368297744,0.5691964285714286,510,0.16983016983016982,8.494730715712858
T002,validation,0.03,1344,0.06700582368297744,0.5334821428571429,717,0.23876123876123875,7.961728004138719
T002,validation,0.04,1792,0.06700582368297744,0.49609375,889,0.29603729603729606,7.4037407904595405
T002,validation,0.05,2240,0.06700582368297744,0.4589285714285714,1028,0.34232434232434233,6.8490848437277005
T002,validation,0.06,2689,0.06700582368297744,0.44254369654146525,1190,0.3962703962703963,6.604555726906043
T002,validation,0.07,3137,0.06700582368297744,0.41664010200828816,1307,0.4352314352314352,6.21796851538643
T002,validation,0.08,3585,0.06700582368297744,0.400557880055788,1436,0.4781884781884782,5.9779562139394775
T002,validation,0.09,4033,0.06700582368297744,0.3788742871311679,1528,0.5088245088245088,5.6543486268256915
T002,validation,0.1,4481,0.06700582368297744,0.35840214237893325,1606,0.5347985347985348,5.348820784214669
T002,validation,0.11,4929,0.06700582368297744,0.3424629742341246,1688,0.562104562104562,5.110943428654932
T002,validation,0.12,5378,0.06700582368297744,0.32595760505764226,1753,0.5837495837495837,4.864616045910207
T002,validation,0.13,5826,0.06700582368297744,0.3122210779265362,1819,0.6057276057276058,4.659611072072452
T002,validation,0.14,6274,0.06700582368297744,0.29853363085750717,1873,0.6237096237096237,4.455338572807492
T002,validation,0.15,6722,0.06700582368297744,0.28324903302588517,1904,0.634032634032634,4.227230074299399
T002,validation,0.16,7170,0.06700582368297744,0.2725244072524407,1954,0.6506826506826506,4.067174944999212
T002,validation,0.17,7618,0.06700582368297744,0.26253609871357314,2000,0.666000666000666,3.918108670012057
T002,validation,0.18,8067,0.06700582368297744,0.25387380686748484,2048,0.681984681984682,3.7888319688245313
T002,validation,0.19,8515,0.06700582368297744,0.24427480916030533,2080,0.6926406926406926,3.645575798247554
T002,validation,0.2,8963,0.06700582368297744,0.23652794823161888,2120,0.7059607059607059,3.52996105757458
T002,validation,0.21,9411,0.06700582368297744,0.22930613112315376,2158,0.7186147186147186,3.422182110738056
T002,validation,0.22,9859,0.06700582368297744,0.2224363525712547,2193,0.7302697302697303,3.319657014047926
T002,validation,0.23,10307,0.06700582368297744,0.2173280294945183,2240,0.745920745920746,3.2434200126060024
T002,validation,0.24,10756,0.06700582368297744,0.21123094087021196,2272,0.7565767565767566,3.152426599061035
T002,validation,0.25,11204,0.06700582368297744,0.20573009639414494,2305,0.7675657675657676,3.0703315784536773
T002,validation,0.26,11652,0.06700582368297744,0.200652248541023,2338,0.7785547785547785,2.9945493915627797
T002,validation,0.27,12100,0.06700582368297744,0.1949586776859504,2359,0.7855477855477856,2.90957810784257
T002,validation,0.28,12548,0.06700582368297744,0.19030921262352565,2388,0.7952047952047953,2.840189138244605
T002,validation,0.29,12996,0.06700582368297744,0.1858264081255771,2415,0.8041958041958042,2.773287423564432
T002,validation,0.3,13445,0.06700582368297744,0.18162885831164002,2442,0.8131868131868132,2.710642871446144
T002,validation,0.31,13893,0.06700582368297744,0.17771539624271215,2469,0.8221778221778222,2.6522380664034735
T002,validation,0.32,14341,0.06700582368297744,0.1730702182553518,2482,0.8265068265068265,2.5829130774392612
T002,validation,0.33,14789,0.06700582368297744,0.16917979579417133,2502,0.8331668331668332,2.5248521172518736
T002,validation,0.34,15237,0.06700582368297744,0.16551814661678807,2522,0.8398268398268398,2.4702053869212754
T002,validation,0.35,15685,0.06700582368297744,0.1621931781957284,2544,0.8471528471528471,2.420583305760226
T002,validation,0.36,16134,0.06700582368297744,0.15860914838229825,2559,0.8521478521478522,2.367094972710443
T002,validation,0.37,16582,0.06700582368297744,0.15522856109033892,2574,0.8571428571428571,2.3166428312972758
T002,validation,0.38,17030,0.06700582368297744,0.1521432765707575,2591,0.8628038628038628,2.2705978108796665
T002,validation,0.39,17478,0.06700582368297744,0.14910172788648587,2606,0.8677988677988678,2.2252055073888237
T002,validation,0.4,17926,0.06700582368297744,0.14610063594778533,2619,0.8721278721278721,2.1804169834405243
T002,validation,0.41,18374,0.06700582368297744,0.14335474039403506,2634,0.8771228771228772,2.139437029716773
T002,validation,0.42,18823,0.06700582368297744,0.14067895659565424,2648,0.8817848817848818,2.099503429153325
T002,validation,0.43,19271,0.06700582368297744,0.13844637019355507,2668,0.8884448884448884,2.066184140181338
T002,validation,0.44,19719,0.06700582368297744,0.13611237892388053,2684,0.8937728937728938,2.031351477266585
T002,validation,0.45,20167,0.06700582368297744,0.13338622502107403,2690,0.8957708957708957,1.9906661494403843
T002,validation,0.46,20615,0.06700582368297744,0.13082706766917293,2697,0.8981018981018981,1.9524730908189554
T002,validation,0.47,21063,0.06700582368297744,0.12823434458529173,2701,0.8994338994338994,1.9137790946650082
T002,validation,0.48,21512,0.06700582368297744,0.1258367422833767,2707,0.9014319014319014,1.8779970958754892
T002,validation,0.49,21960,0.06700582368297744,0.12372495446265938,2717,0.9047619047619048,1.8464806141035648
T002,validation,0.5,22408,0.06700582368297744,0.12138521956444127,2720,0.9057609057609057,1.8115622328403478
T003,validation,0.01,448,0.06700582368297744,0.6294642857142857,282,0.0939060939060939,9.394172791494219
T003,validation,0.02,896,0.06700582368297744,0.5625,504,0.16783216783216784,8.394792707292707
T003,validation,0.03,1344,0.06700582368297744,0.5372023809523809,722,0.24042624042624042,8.01724911992769
T003,validation,0.04,1792,0.06700582368297744,0.49386160714285715,885,0.2947052947052947,7.370428120986157
T003,validation,0.05,2240,0.06700582368297744,0.47276785714285713,1059,0.35264735264735264,7.05562339446268
T003,validation,0.06,2689,0.06700582368297744,0.4477500929713648,1204,0.40093240093240096,6.682256382516702
T003,validation,0.07,3137,0.06700582368297744,0.42269684411858466,1326,0.44155844155844154,6.308359794493043
T003,validation,0.08,3585,0.06700582368297744,0.399163179916318,1431,0.47652347652347654,5.957141603166708
T003,validation,0.09,4033,0.06700582368297744,0.37639474336722045,1518,0.5054945054945055,5.617343727435471
T003,validation,0.1,4481,0.06700582368297744,0.3601874581566615,1614,0.5374625374625375,5.375464972429936
T003,validation,0.11,4929,0.06700582368297744,0.3436802596875634,1694,0.5641025641025641,5.129110289183326
T003,validation,0.12,5378,0.06700582368297744,0.32651543324656007,1756,0.5847485847485847,4.872941116154206
T003,validation,0.13,5826,0.06700582368297744,0.3120494335736354,1818,0.6053946053946054,4.657049438717821
T003,validation,0.14,6274,0.06700582368297744,0.299171182658591,1877,0.6250416250416251,4.464853444292398
T003,validation,0.15,6722,0.06700582368297744,0.28577804224933057,1921,0.6396936396936397,4.264973199962786
T003,validation,0.16,7170,0.06700582368297744,0.2754532775453278,1975,0.6576756576756577,4.11088562762203
T003,validation,0.17,7618,0.06700582368297744,0.26726174849041745,2036,0.677988677988678,3.988634626072274
T003,validation,0.18,8067,0.06700582368297744,0.2583364323788273,2084,0.693972693972694,3.8554325307765245
T003,validation,0.19,8515,0.06700582368297744,0.24955960070463887,2125,0.7076257076257076,3.724446428498102
T003,validation,0.2,8963,0.06700582368297744,0.24121387928149057,2162,0.71994671994672,3.5998942483378498
T003,validation,0.21,9411,0.06700582368297744,0.23419402826479652,2204,0.733932733932734,3.495129458789006
T003,validation,0.22,9859,0.06700582368297744,0.2263921290191703,2232,0.7432567432567433,3.3786933220952897
T003,validation,0.23,10307,0.06700582368297744,0.22004462986319978,2268,0.7552447552447552,3.283962762763578
T003,validation,0.24,10756,0.06700582368297744,0.21374116772034213,2299,0.7655677655677655,3.189889415159032
T003,validation,0.25,11204,0.06700582368297744,0.2076936808282756,2327,0.7748917748917749,3.0996362616319773
T003,validation,0.26,11652,0.06700582368297744,0.20245451424648128,2359,0.7855477855477856,3.021446541786397
T003,validation,0.27,12100,0.06700582368297744,0.19826446280991736,2399,0.7988677988677989,2.958913896021334
T003,validation,0.28,12548,0.06700582368297744,0.19445329933057062,2440,0.8125208125208125,2.902035802896498
T003,validation,0.29,12996,0.06700582368297744,0.1889042782394583,2455,0.8175158175158175,2.819221790828439
T003,validation,0.3,13445,0.06700582368297744,0.183934548159167,2473,0.8235098235098235,2.7450531617880074
T003,validation,0.31,13893,0.06700582368297744,0.1794428849060678,2493,0.8301698301698301,2.6780192383733734
T003,validation,0.32,14341,0.06700582368297744,0.17509239244125235,2511,0.8361638361638362,2.6130921585213476
T003,validation,0.33,14789,0.06700582368297744,0.1708702413956319,2527,0.8414918414918415,2.550080455753591
T003,validation,0.34,15237,0.06700582368297744,0.16669948152523462,2540,0.8458208458208458,2.4878357187866933
T003,validation,0.35,15685,0.06700582368297744,0.16321326107746253,2560,0.8524808524808525,2.435807100136077
T003,validation,0.36,16134,0.06700582368297744,0.15991074748977316,2580,0.8591408591408591,2.386520136613108
T003,validation,0.37,16582,0.06700582368297744,0.1566759136412978,2598,0.8651348651348651,2.338243230656691
T003,validation,0.38,17030,0.06700582368297744,0.1532002348796242,2609,0.8687978687978688,2.286371936929776
T003,validation,0.39,17478,0.06700582368297744,0.1500171644352901,2622,0.8731268731268731,2.2388675519468517
T003,validation,0.4,17926,0.06700582368297744,0.14738368849715497,2642,0.8797868797868797,2.1995653571018963
T003,validation,0.41,18374,0.06700582368297744,0.14471535865897464,2659,0.8854478854478854,2.1597430000064155
T003,validation,0.42,18823,0.06700582368297744,0.14163523349094193,2666,0.8877788877788878,2.1137749781430384
T003,validation,0.43,19271,0.06700582368297744,0.1392766332831716,2684,0.8937728937728938,2.078575049567733
T003,validation,0.44,19719,0.06700582368297744,0.1366195040316446,2694,0.8971028971028971,2.038919850877861
T003,validation,0.45,20167,0.06700582368297744,0.1340804284226707,2704,0.9004329004329005,2.001026493712565
T003,validation,0.46,20615,0.06700582368297744,0.13155469318457433,2712,0.903096903096903,1.9633322292551008
T003,validation,0.47,21063,0.06700582368297744,0.12918387694060676,2721,0.906093906093906,1.9279499876280963
T003,validation,0.48,21512,0.06700582368297744,0.1268594272963927,2729,0.9087579087579087,1.8932597246561544
T003,validation,0.49,21960,0.06700582368297744,0.12445355191256831,2733,0.9100899100899101,1.8573542577640938
T003,validation,0.5,22408,0.06700582368297744,0.12218850410567654,2738,0.9117549117549117,1.8235505123223794
T004,validation,0.01,448,0.06700582368297744,0.5982142857142857,268,0.08924408924408925,8.927795418866847
T004,validation,0.02,896,0.06700582368297744,0.5803571428571429,520,0.17316017316017315,8.661294063079778
T004,validation,0.03,1344,0.06700582368297744,0.5342261904761905,718,0.2390942390942391,7.972832227296513
T004,validation,0.04,1792,0.06700582368297744,0.49888392857142855,894,0.2977022977022977,7.44538162730127
T004,validation,0.05,2240,0.06700582368297744,0.4607142857142857,1032,0.3436563436563437,6.875734979306407
T004,validation,0.06,2689,0.06700582368297744,0.43733730011156563,1176,0.3916083916083916,6.526855071295383
T004,validation,0.07,3137,0.06700582368297744,0.4105833598979917,1288,0.4289044289044289,6.127577236279818
T004,validation,0.08,3585,0.06700582368297744,0.395258019525802,1417,0.47186147186147187,5.898860693002953
T004,validation,0.09,4033,0.06700582368297744,0.37465906273245725,1511,0.5031635031635031,5.5914402978623166
T004,validation,0.1,4481,0.06700582368297744,0.3550546752956929,1591,0.5298035298035298,5.298862931311045
T004,validation,0.11,4929,0.06700582368297744,0.33901399878271454,1671,0.5564435564435565,5.0594706571578145
T004,validation,0.12,5378,0.06700582368297744,0.32298252138341393,1737,0.5784215784215784,4.820215671275545
T004,validation,0.13,5826,0.06700582368297744,0.30844490216271886,1797,0.5984015984015985,4.603255138270586
T004,validation,0.14,6274,0.06700582368297744,0.29709913930506854,1864,0.6207126207126207,4.433930111966452
T004,validation,0.15,6722,0.06700582368297744,0.283844094019637,1908,0.6353646353646354,4.236110809749608
T004,validation,0.16,7170,0.06700582368297744,0.27280334728033473,1956,0.6513486513486514,4.071337867153766
T004,validation,0.17,7618,0.06700582368297744,0.26292990286164347,2003,0.666999666999667,3.9239858330170745
T004,validation,0.18,8067,0.06700582368297744,0.25325399776868723,2043,0.6803196803196803,3.779581890775643
T004,validation,0.19,8515,0.06700582368297744,0.24368761009982384,2075,0.690975690975691,3.6368123948863817
T004,validation,0.2,8963,0.06700582368297744,0.2366395180185206,2121,0.7062937062937062,3.5316261335451338
T004,validation,0.21,9411,0.06700582368297744,0.22941238975666772,2159,0.7189477189477189,3.423767922652207
T004,validation,0.22,9859,0.06700582368297744,0.2224363525712547,2193,0.7302697302697303,3.319657014047926
T004,validation,0.23,10307,0.06700582368297744,0.2170369651693024,2237,0.7449217449217449,3.2390761465176907
T004,validation,0.24,10756,0.06700582368297744,0.2116028263294905,2276,0.7579087579087579,3.1579766458903684
T004,validation,0.25,11204,0.06700582368297744,0.20573009639414494,2305,0.7675657675657676,3.0703315784536773
T004,validation,0.26,11652,0.06700582368297744,0.200652248541023,2338,0.7785547785547785,2.9945493915627797
T004,validation,0.27,12100,0.06700582368297744,0.1949586776859504,2359,0.7855477855477856,2.90957810784257
T004,validation,0.28,12548,0.06700582368297744,0.19030921262352565,2388,0.7952047952047953,2.840189138244605
T004,validation,0.29,12996,0.06700582368297744,0.1858264081255771,2415,0.8041958041958042,2.773287423564432
T004,validation,0.3,13445,0.06700582368297744,0.18162885831164002,2442,0.8131868131868132,2.710642871446144
T004,validation,0.31,13893,0.06700582368297744,0.17771539624271215,2469,0.8221778221778222,2.6522380664034735
T004,validation,0.32,14341,0.06700582368297744,0.1730702182553518,2482,0.8265068265068265,2.5829130774392612
T004,validation,0.33,14789,0.06700582368297744,0.16917979579417133,2502,0.8331668331668332,2.5248521172518736
T004,validation,0.34,15237,0.06700582368297744,0.16551814661678807,2522,0.8398268398268398,2.4702053869212754
T004,validation,0.35,15685,0.06700582368297744,0.1621931781957284,2544,0.8471528471528471,2.420583305760226
T004,validation,0.36,16134,0.06700582368297744,0.15860914838229825,2559,0.8521478521478522,2.367094972710443
T004,validation,0.37,16582,0.06700582368297744,0.15522856109033892,2574,0.8571428571428571,2.3166428312972758
T004,validation,0.38,17030,0.06700582368297744,0.1521432765707575,2591,0.8628038628038628,2.2705978108796665
T004,validation,0.39,17478,0.06700582368297744,0.14910172788648587,2606,0.8677988677988678,2.2252055073888237
T004,validation,0.4,17926,0.06700582368297744,0.14610063594778533,2619,0.8721278721278721,2.1804169834405243
T004,validation,0.41,18374,0.06700582368297744,0.14335474039403506,2634,0.8771228771228772,2.139437029716773
T004,validation,0.42,18823,0.06700582368297744,0.14067895659565424,2648,0.8817848817848818,2.099503429153325
T004,validation,0.43,19271,0.06700582368297744,0.13844637019355507,2668,0.8884448884448884,2.066184140181338
T004,validation,0.44,19719,0.06700582368297744,0.13611237892388053,2684,0.8937728937728938,2.031351477266585
T004,validation,0.45,20167,0.06700582368297744,0.13338622502107403,2690,0.8957708957708957,1.9906661494403843
T004,validation,0.46,20615,0.06700582368297744,0.13082706766917293,2697,0.8981018981018981,1.9524730908189554
T004,validation,0.47,21063,0.06700582368297744,0.12823434458529173,2701,0.8994338994338994,1.9137790946650082
T004,validation,0.48,21512,0.06700582368297744,0.1258367422833767,2707,0.9014319014319014,1.8779970958754892
T004,validation,0.49,21960,0.06700582368297744,0.12372495446265938,2717,0.9047619047619048,1.8464806141035648
T004,validation,0.5,22408,0.06700582368297744,0.12138521956444127,2720,0.9057609057609057,1.8115622328403478
T005,validation,0.01,448,0.06700582368297744,0.5982142857142857,268,0.08924408924408925,8.927795418866847
T005,validation,0.02,896,0.06700582368297744,0.5803571428571429,520,0.17316017316017315,8.661294063079778
T005,validation,0.03,1344,0.06700582368297744,0.5342261904761905,718,0.2390942390942391,7.972832227296513
T005,validation,0.04,1792,0.06700582368297744,0.49720982142857145,891,0.2967032967032967,7.420397125196232
T005,validation,0.05,2240,0.06700582368297744,0.46473214285714287,1041,0.34665334665334663,6.935697784358498
T005,validation,0.06,2689,0.06700582368297744,0.44217181108218667,1189,0.39593739593739596,6.59900568007671
T005,validation,0.07,3137,0.06700582368297744,0.42110296461587504,1321,0.4398934398934399,6.284572615780776
T005,validation,0.08,3585,0.06700582368297744,0.40139470013947004,1439,0.47918747918747917,5.990444980403139
T005,validation,0.09,4033,0.06700582368297744,0.37589883461443097,1516,0.5048285048285048,5.609942747557427
T005,validation,0.1,4481,0.06700582368297744,0.35617049765677306,1596,0.5314685314685315,5.315515548945587
T005,validation,0.11,4929,0.06700582368297744,0.3422600933252181,1687,0.5617715617715617,5.107915618566866
T005,validation,0.12,5378,0.06700582368297744,0.325771662328003,1752,0.5834165834165834,4.861841022495541
T005,validation,0.13,5826,0.06700582368297744,0.31136285616203224,1814,0.604062604062604,4.6468029052993005
T005,validation,0.14,6274,0.06700582368297744,0.29773669110615236,1868,0.6220446220446221,4.443444983451359
T005,validation,0.15,6722,0.06700582368297744,0.2865218684915204,1926,0.6413586413586414,4.276074119275547
T005,validation,0.16,7170,0.06700582368297744,0.2760111576011158,1979,0.659007659007659,4.119211471931138
T005,validation,0.17,7618,0.06700582368297744,0.267524284589131,2038,0.6786546786546787,3.992552734742286
T005,validation,0.18,8067,0.06700582368297744,0.2587083178381059,2087,0.694971694971695,3.8609825776058577
T005,validation,0.19,8515,0.06700582368297744,0.24932472108044626,2123,0.706959706959707,3.7209410671536327
T005,validation,0.2,8963,0.06700582368297744,0.24032132098627693,2154,0.7172827172827173,3.5865736405734174
T005,validation,0.21,9411,0.06700582368297744,0.23281266602911488,2191,0.7296037296037297,3.474513903905042
T005,validation,0.22,9859,0.06700582368297744,0.22649355918450148,2233,0.7435897435897436,3.380207073583684
T005,validation,0.23,10307,0.06700582368297744,0.21946250121276803,2262,0.7532467532467533,3.2752750305869545
T005,validation,0.24,10756,0.06700582368297744,0.2136481963555225,2298,0.7652347652347652,3.188501903451699
T005,validation,0.25,11204,0.06700582368297744,0.2082292038557658,2333,0.7768897768897769,3.107628447953332
T005,validation,0.26,11652,0.06700582368297744,0.20245451424648128,2359,0.7855477855477856,3.021446541786397
T005,validation,0.27,12100,0.06700582368297744,0.19735537190082644,2388,0.7952047952047953,2.9453465542721737
T005,validation,0.28,12548,0.06700582368297744,0.19198278610137073,2409,0.8021978021978022,2.865165675892485
T005,validation,0.29,12996,0.06700582368297744,0.18721144967682363,2433,0.8101898101898102,2.793957888833235
T005,validation,0.3,13445,0.06700582368297744,0.18222387504648568,2450,0.8158508158508159,2.7195229463730763
T005,validation,0.31,13893,0.06700582368297744,0.17757143885409918,2467,0.8215118215118216,2.6500896354059815
T005,validation,0.32,14341,0.06700582368297744,0.17488320200822816,2508,0.8351648351648352,2.609970184616304
T005,validation,0.33,14789,0.06700582368297744,0.17073500574751505,2525,0.8408258408258408,2.5480621886734536
T005,validation,0.34,15237,0.06700582368297744,0.16683074095950645,2542,0.8464868464868465,2.489794644549517
T005,validation,0.35,15685,0.06700582368297744,0.16327701625757093,2561,0.8528138528138528,2.4367585872845674
T005,validation,0.36,16134,0.06700582368297744,0.16009669021941242,2583,0.8601398601398601,2.3892951600277743
T005,validation,0.37,16582,0.06700582368297744,0.15637438185984803,2593,0.8634698634698634,2.3337431474568127
T005,validation,0.38,17030,0.06700582368297744,0.15314151497357603,2608,0.8684648684648685,2.2854955965936585
T005,validation,0.39,17478,0.06700582368297744,0.14995994965098983,2621,0.8727938727938728,2.238013674161975
T005,validation,0.4,17926,0.06700582368297744,0.1474394733906058,2643,0.8801198801198801,2.200397895087173
T005,validation,0.41,18374,0.06700582368297744,0.14444323500598671,2654,0.8837828837828838,2.155681805948487
T005,validation,0.42,18823,0.06700582368297744,0.14168835998512458,2667,0.8881118881118881,2.1145678419758003
T005,validation,0.43,19271,0.06700582368297744,0.13901717606766645,2679,0.8921078921078921,2.0747028903844846
T005,validation,0.44,19719,0.06700582368297744,0.13636594147776257,2689,0.8954378954378954,2.035135664072223
T005,validation,0.45,20167,0.06700582368297744,0.1339316705509,2701,0.8994338994338994,1.998806419939955
T005,validation,0.46,20615,0.06700582368297744,0.13155469318457433,2712,0.903096903096903,1.9633322292551008
T005,validation,0.47,21063,0.06700582368297744,0.12918387694060676,2721,0.906093906093906,1.9279499876280963
T005,validation,0.48,21512,0.06700582368297744,0.1268594272963927,2729,0.9087579087579087,1.8932597246561544
T005,validation,0.49,21960,0.06700582368297744,0.12445355191256831,2733,0.9100899100899101,1.8573542577640938
T005,validation,0.5,22408,0.06700582368297744,0.12218850410567654,2738,0.9117549117549117,1.8235505123223794
T006,validation,0.01,448,0.06700582368297744,0.6138392857142857,275,0.09157509157509157,9.160984105180534
T006,validation,0.02,896,0.06700582368297744,0.5491071428571429,492,0.16383616383616384,8.194916690452406
T006,validation,0.03,1344,0.06700582368297744,0.5372023809523809,722,0.24042624042624042,8.01724911992769
T006,validation,0.04,1792,0.06700582368297744,0.5016741071428571,899,0.2993672993672994,7.487022464142999
T006,validation,0.05,2240,0.06700582368297744,0.46785714285714286,1048,0.348984348984349,6.982335521621236
T006,validation,0.06,2689,0.06700582368297744,0.4369654146522871,1175,0.3912753912753913,6.52130502446605
T006,validation,0.07,3137,0.06700582368297744,0.413452343002869,1297,0.4319014319014319,6.170394157961898
T006,validation,0.08,3585,0.06700582368297744,0.395258019525802,1417,0.47186147186147187,5.898860693002953
T006,validation,0.09,4033,0.06700582368297744,0.37118770146293084,1497,0.4985014985014985,5.539633438716008
T006,validation,0.1,4481,0.06700582368297744,0.3539388529346128,1586,0.5281385281385281,5.2822103136765035
T006,validation,0.11,4929,0.06700582368297744,0.3365794278758369,1659,0.5524475524475524,5.023136936101026
T006,validation,0.12,5378,0.06700582368297744,0.32335440684269245,1739,0.5790875790875791,4.825765718104877
T006,validation,0.13,5826,0.06700582368297744,0.309131479574322,1801,0.5997335997335997,4.613501671689107
T006,validation,0.14,6274,0.06700582368297744,0.2967803634045266,1862,0.62004662004662,4.429172676223999
T006,validation,0.15,6722,0.06700582368297744,0.28295150252900925,1902,0.6333666333666333,4.222789706574295
T006,validation,0.16,7170,0.06700582368297744,0.27168758716875874,1948,0.6486846486846487,4.054686178535551
T006,validation,0.17,7618,0.06700582368297744,0.2608296140719349,1987,0.6616716616716617,3.8926409636569783
T006,validation,0.18,8067,0.06700582368297744,0.25164249411181355,2030,0.675990675990676,3.755531687848534
T006,validation,0.19,8515,0.06700582368297744,0.24298297122724605,2069,0.688977688977689,3.6262963108529758
T006,validation,0.2,8963,0.06700582368297744,0.23440812228048644,2101,0.6996336996336996,3.4983246141340527
T006,validation,0.21,9411,0.06700582368297744,0.22686218255233237,2135,0.710955710955711,3.3857084367125805
T006,validation,0.22,9859,0.06700582368297744,0.2204077492646313,2173,0.7236097236097236,3.289381984280047
T006,validation,0.23,10307,0.06700582368297744,0.21451440768409819,2211,0.7362637362637363,3.201429307085657
T006,validation,0.24,10756,0.06700582368297744,0.20797694310152473,2237,0.7449217449217449,3.1038636893043736
T006,validation,0.25,11204,0.06700582368297744,0.20376651196001427,2283,0.7602397602397603,3.041026895275378
T006,validation,0.26,11652,0.06700582368297744,0.19842087195331273,2312,0.7698967698967699,2.961248157952586
T006,validation,0.27,12100,0.06700582368297744,0.19404958677685952,2348,0.7818847818847818,2.896010766093411
T006,validation,0.28,12548,0.06700582368297744,0.1906279885240676,2392,0.7965367965367965,2.8449465739870585
T006,validation,0.29,12996,0.06700582368297744,0.1863650353955063,2422,0.8065268065268065,2.781325937835633
T006,validation,0.3,13445,0.06700582368297744,0.18200074377091854,2447,0.8148518148518149,2.7161929182754765
T006,validation,0.31,13893,0.06700582368297744,0.17771539624271215,2469,0.8221778221778222,2.6522380664034735
T006,validation,0.32,14341,0.06700582368297744,0.1736977895544244,2491,0.8295038295038295,2.5922789991543915
T006,validation,0.33,14789,0.06700582368297744,0.16992359185881398,2513,0.8368298368298368,2.535952586192629
T006,validation,0.34,15237,0.06700582368297744,0.16610881407101136,2531,0.8428238428238428,2.4790205528539846
T006,validation,0.35,15685,0.06700582368297744,0.16232068855594517,2546,0.8478188478188479,2.422486280057208
T006,validation,0.36,16134,0.06700582368297744,0.15891905293169703,2564,0.8538128538128538,2.371720011734887
T006,validation,0.37,16582,0.06700582368297744,0.15589193100952842,2585,0.8608058608058609,2.326543014337008
T006,validation,0.38,17030,0.06700582368297744,0.15273047563123898,2601,0.8661338661338661,2.279361214240838
T006,validation,0.39,17478,0.06700582368297744,0.1496738757294885,2616,0.8711288711288712,2.233744285237591
T006,validation,0.4,17926,0.06700582368297744,0.14649113020194132,2626,0.8744588744588745,2.186244749337464
T006,validation,0.41,18374,0.06700582368297744,0.14346358985523022,2636,0.8777888777888778,2.1410615073399444
T006,validation,0.42,18823,0.06700582368297744,0.1409445890665675,2653,0.8834498834498834,2.1034677483171347
T006,validation,0.43,19271,0.06700582368297744,0.13823880442115094,2664,0.8871128871128872,2.063086412834739
T006,validation,0.44,19719,0.06700582368297744,0.13555454130534003,2673,0.8901098901098901,2.0230262662941803
T006,validation,0.45,20167,0.06700582368297744,0.1330887092775326,2684,0.8937728937728938,1.9862260018951643
T006,validation,0.46,20615,0.06700582368297744,0.1307785593014795,2696,0.8977688977688978,1.9517491482565457
T006,validation,0.47,21063,0.06700582368297744,0.12832929782082325,2703,0.9000999000999002,1.9151961839613172
T006,validation,0.48,21512,0.06700582368297744,0.1263015991074749,2717,0.9047619047619048,1.8849346544121555
T006,validation,0.49,21960,0.06700582368297744,0.12445355191256831,2733,0.9100899100899101,1.8573542577640938
T006,validation,0.5,22408,0.06700582368297744,0.12227775794359158,2740,0.9124209124209124,1.8248825433759386
T007,validation,0.01,448,0.06700582368297744,0.6316964285714286,283,0.09423909423909424,9.427485460967604
T007,validation,0.02,896,0.06700582368297744,0.5658482142857143,507,0.16883116883116883,8.444761711502784
T007,validation,0.03,1344,0.06700582368297744,0.5290178571428571,711,0.23676323676323677,7.89510266519195
T007,validation,0.04,1792,0.06700582368297744,0.4994419642857143,895,0.29803529803529805,7.453709794669616
T007,validation,0.05,2240,0.06700582368297744,0.465625,1043,0.3473193473193473,6.949022852147852
T007,validation,0.06,2689,0.06700582368297744,0.44254369654146525,1190,0.3962703962703963,6.604555726906043
T007,validation,0.07,3137,0.06700582368297744,0.42492827542237804,1333,0.4438894438894439,6.341661844690215
T007,validation,0.08,3585,0.06700582368297744,0.39804741980474195,1427,0.4751914751914752,5.9404899145484915
T007,validation,0.09,4033,0.06700582368297744,0.3773865608727994,1522,0.5068265068265069,5.632145687191559
T007,validation,0.1,4481,0.06700582368297744,0.3595179647400134,1611,0.5364635364635365,5.3654734018492105
T007,validation,0.11,4929,0.06700582368297744,0.3434773787786569,1693,0.5637695637695638,5.126082479095261
T007,validation,0.12,5378,0.06700582368297744,0.32651543324656007,1756,0.5847485847485847,4.872941116154206
T007,validation,0.13,5826,0.06700582368297744,0.3154823206316512,1838,0.6120546120546121,4.708282105810427
T007,validation,0.14,6274,0.06700582368297744,0.3004462862607587,1885,0.6277056277056277,4.483883187262212
T007,validation,0.15,6722,0.06700582368297744,0.2862243379946445,1924,0.6406926406926406,4.271633751550443
T007,validation,0.16,7170,0.06700582368297744,0.27559274755927476,1976,0.658008658008658,4.112967088699306
T007,validation,0.17,7618,0.06700582368297744,0.26398004725649776,2011,0.6696636696636696,3.939658267697123
T007,validation,0.18,8067,0.06700582368297744,0.25436965414652285,2052,0.6833166833166833,3.796232031263641
T007,validation,0.19,8515,0.06700582368297744,0.24638872577803875,2098,0.6986346986346986,3.677124050347773
T007,validation,0.2,8963,0.06700582368297744,0.23808992524824277,2134,0.7106227106227107,3.5532721211623364
T007,validation,0.21,9411,0.06700582368297744,0.2306874933588354,2171,0.7229437229437229,3.44279766562202
T007,validation,0.22,9859,0.06700582368297744,0.22426209554721574,2211,0.7362637362637363,3.3469045408390166
T007,validation,0.23,10307,0.06700582368297744,0.21839526535364315,2251,0.7495837495837496,3.2593475215964784
T007,validation,0.24,10756,0.06700582368297744,0.2123465972480476,2284,0.7605727605727606,3.169076739549034
T007,validation,0.25,11204,0.06700582368297744,0.2067118886112103,2316,0.7712287712287712,3.0849839200428275
T007,validation,0.26,11652,0.06700582368297744,0.2022828698935805,2357,0.7848817848817848,3.018884908431767
T007,validation,0.27,12100,0.06700582368297744,0.19818181818181818,2398,0.7985347985347986,2.9576805013168648
T007,validation,0.28,12548,0.06700582368297744,0.1924609499521836,2415,0.8041958041958042,2.8723018295061644
T007,validation,0.29,12996,0.06700582368297744,0.1878270236995999,2441,0.8128538128538129,2.8031447622860366
T007,validation,0.3,13445,0.06700582368297744,0.1831164001487542,2462,0.8198468198468198,2.7328430587634753
T007,validation,0.31,13893,0.06700582368297744,0.17865111926869648,2482,0.8265068265068265,2.6662028678871694
T007,validation,0.32,14341,0.06700582368297744,0.17460428143086257,2504,0.8338328338328338,2.6058075527429128
T007,validation,0.33,14789,0.06700582368297744,0.17100547704374874,2529,0.8421578421578422,2.552098722833729
T007,validation,0.34,15237,0.06700582368297744,0.16669948152523462,2540,0.8458208458208458,2.4878357187866933
T007,validation,0.35,15685,0.06700582368297744,0.1633407714376793,2562,0.8531468531468531,2.437710074433058
T007,validation,0.36,16134,0.06700582368297744,0.1595388620304946,2574,0.8571428571428571,2.380970089783775
T007,validation,0.37,16582,0.06700582368297744,0.15613315643468823,2589,0.8621378621378621,2.3301430808969106
T007,validation,0.38,17030,0.06700582368297744,0.1529653552554316,2605,0.8674658674658675,2.2828665755853073
T007,validation,0.39,17478,0.06700582368297744,0.1496738757294885,2616,0.8711288711288712,2.233744285237591
T007,validation,0.4,17926,0.06700582368297744,0.14654691509539217,2627,0.8747918747918748,2.1870772873227406
T007,validation,0.41,18374,0.06700582368297744,0.14368128877762054,2640,0.8791208791208791,2.144310462586287
T007,validation,0.42,18823,0.06700582368297744,0.1407320830898369,2649,0.8821178821178821,2.100296292986087
T007,validation,0.43,19271,0.06700582368297744,0.13839447875045405,2667,0.8881118881118881,2.065409708344688
T007,validation,0.44,19719,0.06700582368297744,0.1360109539023277,2682,0.8931068931068931,2.0298378025443293
T007,validation,0.45,20167,0.06700582368297744,0.13368374076461545,2696,0.8977688977688978,1.9951062969856046
T007,validation,0.46,20615,0.06700582368297744,0.1311181178753335,2703,0.9000999000999002,1.9568167461934138
T007,validation,0.47,21063,0.06700582368297744,0.128946493851778,2716,0.9044289044289044,1.9244072643873242
T007,validation,0.48,21512,0.06700582368297744,0.1265805132019338,2723,0.9067599067599068,1.8890971895341548
T007,validation,0.49,21960,0.06700582368297744,0.12422586520947176,2728,0.9084249084249084,1.8539562441201785
T007,validation,0.5,22408,0.06700582368297744,0.12236701178150661,2742,0.913086913086913,1.8262145744294975
WASTACK001,validation,0.01,448,0.06700582368297744,0.6674107142857143,299,0.09956709956709957,9.960488172541744
WASTACK001,validation,0.02,896,0.06700582368297744,0.6060267857142857,543,0.18081918081918083,9.04438976202369
WASTACK001,validation,0.03,1344,0.06700582368297744,0.5580357142857143,750,0.24975024975024976,8.32816736834594
WASTACK001,validation,0.04,1792,0.06700582368297744,0.5184151785714286,929,0.3093573093573094,7.736867485193378
WASTACK001,validation,0.05,2240,0.06700582368297744,0.48482142857142857,1086,0.36163836163836166,7.235511809618952
WASTACK001,validation,0.06,2689,0.06700582368297744,0.45332837486054295,1219,0.40592740592740595,6.7655070849566945
WASTACK001,validation,0.07,3137,0.06700582368297744,0.43162256933375837,1354,0.4508824508824509,6.441567995281734
WASTACK001,validation,0.08,3585,0.06700582368297744,0.4094839609483961,1468,0.48884448884448883,6.111169722885204
WASTACK001,validation,0.09,4033,0.06700582368297744,0.3863129184230102,1558,0.5188145188145188,5.765363324996352
WASTACK001,validation,0.1,4481,0.06700582368297744,0.36710555679535817,1645,0.5477855477855478,5.478711201764091
WASTACK001,validation,0.11,4929,0.06700582368297744,0.349969567863664,1725,0.5744255744255744,5.222972401913363
WASTACK001,validation,0.12,5378,0.06700582368297744,0.3319077724060989,1785,0.5944055944055944,4.953416795179532
WASTACK001,validation,0.13,5826,0.06700582368297744,0.3192584963954686,1860,0.6193806193806194,4.764638039612293
WASTACK001,validation,0.14,6274,0.06700582368297744,0.30379343321644886,1906,0.6346986346986347,4.533836262557972
WASTACK001,validation,0.15,6722,0.06700582368297744,0.2911335911930973,1957,0.6516816516816517,4.344899819014666
WASTACK001,validation,0.16,7170,0.06700582368297744,0.2789400278940028,2000,0.666000666000666,4.162922154553954
WASTACK001,validation,0.17,7618,0.06700582368297744,0.26896823313205565,2049,0.6823176823176823,4.014102332427352
WASTACK001,validation,0.18,8067,0.06700582368297744,0.2589562414776249,2089,0.6956376956376956,3.864682608825413
WASTACK001,validation,0.19,8515,0.06700582368297744,0.25085143863769815,2136,0.7112887112887113,3.74372591589268
WASTACK001,validation,0.2,8963,0.06700582368297744,0.24232957715050765,2172,0.7232767232767233,3.6165450080433903
WASTACK001,validation,0.21,9411,0.06700582368297744,0.23483158006588034,2210,0.7359307359307359,3.5046443302739125
WASTACK001,validation,0.22,9859,0.06700582368297744,0.22771072116847552,2245,0.7475857475857476,3.3983720914444113
WASTACK001,validation,0.23,10307,0.06700582368297744,0.2216939943727564,2285,0.7609057609057609,3.308578003930677
WASTACK001,validation,0.24,10756,0.06700582368297744,0.2162513945704723,2326,0.7745587745587745,3.2273522312570284
WASTACK001,validation,0.25,11204,0.06700582368297744,0.21028204212781149,2356,0.7845487845487845,3.1382651621851902
WASTACK001,validation,0.26,11652,0.06700582368297744,0.20468589083419156,2385,0.7942057942057942,3.054747775396591
WASTACK001,validation,0.27,12100,0.06700582368297744,0.19917355371900827,2410,0.8025308025308026,2.972481237770494
WASTACK001,validation,0.28,12548,0.06700582368297744,0.19421421740516417,2437,0.8115218115218116,2.898467726089658
WASTACK001,validation,0.29,12996,0.06700582368297744,0.1899815327793167,2469,0.8221778221778222,2.8352988193708413
WASTACK001,validation,0.3,13445,0.06700582368297744,0.18534771290442545,2492,0.8298368298368298,2.766143339739472
WASTACK001,validation,0.31,13893,0.06700582368297744,0.18181818181818182,2526,0.8411588411588412,2.7134683498319863
WASTACK001,validation,0.32,14341,0.06700582368297744,0.17746321734885992,2545,0.8474858474858474,2.6484745294451733
WASTACK001,validation,0.33,14789,0.06700582368297744,0.17323686523767665,2562,0.8531468531468531,2.585400129655995
WASTACK001,validation,0.34,15237,0.06700582368297744,0.16873400275644812,2571,0.8561438561438561,2.518199068110468
WASTACK001,validation,0.35,15685,0.06700582368297744,0.16487089576028052,2586,0.8611388611388612,2.4605457659968337
WASTACK001,validation,0.36,16134,0.06700582368297744,0.16121234659724804,2601,0.8661338661338661,2.4059453005157727
WASTACK001,validation,0.37,16582,0.06700582368297744,0.15812326619225667,2622,0.8731268731268731,2.359843630016106
WASTACK001,validation,0.38,17030,0.06700582368297744,0.1549618320610687,2639,0.8787878787878788,2.3126621470132918
WASTACK001,validation,0.39,17478,0.06700582368297744,0.15179082274859823,2653,0.8834498834498834,2.2653377632780307
WASTACK001,validation,0.4,17926,0.06700582368297744,0.14894566551377886,2670,0.8891108891108891,2.2228764206896527
WASTACK001,validation,0.41,18374,0.06700582368297744,0.14640252530749973,2690,0.8957708957708957,2.1849224031655727
WASTACK001,validation,0.42,18823,0.06700582368297744,0.14360091377569995,2703,0.9000999000999002,2.143110939955226
WASTACK001,validation,0.43,19271,0.06700582368297744,0.1405739193606974,2709,0.9020979020979021,2.0979358454839745
WASTACK001,validation,0.44,19719,0.06700582368297744,0.13798874182260765,2721,0.906093906093906,2.0593544596283073
WASTACK001,validation,0.45,20167,0.06700582368297744,0.13546883522586403,2732,0.9097569097569097,2.021747182256926
WASTACK001,validation,0.46,20615,0.06700582368297744,0.13300994421537715,2742,0.913086913086913,1.9850505061273918
WASTACK001,validation,0.47,21063,0.06700582368297744,0.13060817547357925,2751,0.916083916083916,1.9492063270727276
WASTACK001,validation,0.48,21512,0.06700582368297744,0.12839345481591669,2762,0.9197469197469198,1.916153667827152
WASTACK001,validation,0.49,21960,0.06700582368297744,0.126183970856102,2771,0.9227439227439227,1.88317916145785
WASTACK001,validation,0.5,22408,0.06700582368297744,0.12392895394501964,2777,0.9247419247419247,1.8495251178667815
WASTACK002,validation,0.01,448,0.06700582368297744,0.6696428571428571,300,0.0999000999000999,9.993800842015126
WASTACK002,validation,0.02,896,0.06700582368297744,0.6049107142857143,542,0.18048618048618048,9.027733427286998
WASTACK002,validation,0.03,1344,0.06700582368297744,0.5580357142857143,750,0.24975024975024976,8.32816736834594
WASTACK002,validation,0.04,1792,0.06700582368297744,0.5184151785714286,929,0.3093573093573094,7.736867485193378
WASTACK002,validation,0.05,2240,0.06700582368297744,0.48526785714285714,1087,0.361971361971362,7.2421743435136285
WASTACK002,validation,0.06,2689,0.06700582368297744,0.45370026031982147,1220,0.40626040626040627,6.771057131786026
WASTACK002,validation,0.07,3137,0.06700582368297744,0.4319413452343003,1355,0.4512154512154512,6.446325431024188
WASTACK002,validation,0.08,3585,0.06700582368297744,0.4092050209205021,1467,0.4885114885114885,6.10700680073065
WASTACK002,validation,0.09,4033,0.06700582368297744,0.38606496404661544,1557,0.5184815184815185,5.76166283505733
WASTACK002,validation,0.1,4481,0.06700582368297744,0.36665922785092614,1643,0.5471195471195471,5.472050154710275
WASTACK002,validation,0.11,4929,0.06700582368297744,0.34976668695475754,1724,0.5740925740925741,5.219944591825297
WASTACK002,validation,0.12,5378,0.06700582368297744,0.3320937151357382,1786,0.5947385947385947,4.956191818594199
WASTACK002,validation,0.13,5826,0.06700582368297744,0.3190868520425678,1859,0.6190476190476191,4.762076406257663
WASTACK002,validation,0.14,6274,0.06700582368297744,0.3036340452661779,1905,0.6343656343656343,4.531457544686744
WASTACK002,validation,0.15,6722,0.06700582368297744,0.2912823564415353,1958,0.652014652014652,4.347120002877218
WASTACK002,validation,0.16,7170,0.06700582368297744,0.2788005578800558,1999,0.6656676656676657,4.160840693476677
WASTACK002,validation,0.17,7618,0.06700582368297744,0.26896823313205565,2049,0.6823176823176823,4.014102332427352
WASTACK002,validation,0.18,8067,0.06700582368297744,0.2590802032973844,2090,0.6959706959706959,3.86653262443519
WASTACK002,validation,0.19,8515,0.06700582368297744,0.25085143863769815,2136,0.7112887112887113,3.74372591589268
WASTACK002,validation,0.2,8963,0.06700582368297744,0.24232957715050765,2172,0.7232767232767233,3.6165450080433903
WASTACK002,validation,0.21,9411,0.06700582368297744,0.23483158006588034,2210,0.7359307359307359,3.5046443302739125
WASTACK002,validation,0.22,9859,0.06700582368297744,0.22760929100314434,2244,0.7472527472527473,3.396858339956017
WASTACK002,validation,0.23,10307,0.06700582368297744,0.22159697293101777,2284,0.7605727605727606,3.3071300485679065
WASTACK002,validation,0.24,10756,0.06700582368297744,0.2162513945704723,2326,0.7745587745587745,3.2273522312570284
WASTACK002,validation,0.25,11204,0.06700582368297744,0.21028204212781149,2356,0.7845487845487845,3.1382651621851902
WASTACK002,validation,0.26,11652,0.06700582368297744,0.20468589083419156,2385,0.7942057942057942,3.054747775396591
WASTACK002,validation,0.27,12100,0.06700582368297744,0.1990909090909091,2409,0.8021978021978022,2.971247843066025
WASTACK002,validation,0.28,12548,0.06700582368297744,0.19413452343002868,2436,0.8111888111888111,2.8972783671540445
WASTACK002,validation,0.29,12996,0.06700582368297744,0.1899815327793167,2469,0.8221778221778222,2.8352988193708413
WASTACK002,validation,0.3,13445,0.06700582368297744,0.18542208999628115,2493,0.8301698301698301,2.7672533491053386
WASTACK002,validation,0.31,13893,0.06700582368297744,0.18181818181818182,2526,0.8411588411588412,2.7134683498319863
WASTACK002,validation,0.32,14341,0.06700582368297744,0.17746321734885992,2545,0.8474858474858474,2.6484745294451733
WASTACK002,validation,0.33,14789,0.06700582368297744,0.17323686523767665,2562,0.8531468531468531,2.585400129655995
WASTACK002,validation,0.34,15237,0.06700582368297744,0.1686683730393122,2570,0.8558108558108558,2.5172196052290556
WASTACK002,validation,0.35,15685,0.06700582368297744,0.16487089576028052,2586,0.8611388611388612,2.4605457659968337
WASTACK002,validation,0.36,16134,0.06700582368297744,0.16121234659724804,2601,0.8661338661338661,2.4059453005157727
WASTACK002,validation,0.37,16582,0.06700582368297744,0.15812326619225667,2622,0.8731268731268731,2.359843630016106
WASTACK002,validation,0.38,17030,0.06700582368297744,0.15490311215502056,2638,0.8784548784548785,2.311785806677175
WASTACK002,validation,0.39,17478,0.06700582368297744,0.15179082274859823,2653,0.8834498834498834,2.2653377632780307
WASTACK002,validation,0.4,17926,0.06700582368297744,0.14894566551377886,2670,0.8891108891108891,2.2228764206896527
WASTACK002,validation,0.41,18374,0.06700582368297744,0.14640252530749973,2690,0.8957708957708957,2.1849224031655727
WASTACK002,validation,0.42,18823,0.06700582368297744,0.14360091377569995,2703,0.9000999000999002,2.143110939955226
WASTACK002,validation,0.43,19271,0.06700582368297744,0.1405739193606974,2709,0.9020979020979021,2.0979358454839745
WASTACK002,validation,0.44,19719,0.06700582368297744,0.13798874182260765,2721,0.906093906093906,2.0593544596283073
WASTACK002,validation,0.45,20167,0.06700582368297744,0.13546883522586403,2732,0.9097569097569097,2.021747182256926
WASTACK002,validation,0.46,20615,0.06700582368297744,0.13300994421537715,2742,0.913086913086913,1.9850505061273918
WASTACK002,validation,0.47,21063,0.06700582368297744,0.13060817547357925,2751,0.916083916083916,1.9492063270727276
WASTACK002,validation,0.48,21512,0.06700582368297744,0.12843994049832652,2763,0.9200799200799201,1.916847423680819
WASTACK002,validation,0.49,21960,0.06700582368297744,0.12622950819672132,2772,0.9230769230769231,1.8838587641866331
WASTACK002,validation,0.5,22408,0.06700582368297744,0.12392895394501964,2777,0.9247419247419247,1.8495251178667815
WASTACK003,validation,0.01,448,0.06700582368297744,0.6651785714285714,298,0.09923409923409923,9.927175503068359
WASTACK003,validation,0.02,896,0.06700582368297744,0.609375,546,0.18181818181818182,9.094358766233766
WASTACK003,validation,0.03,1344,0.06700582368297744,0.5602678571428571,753,0.25074925074925075,8.361480037819323
WASTACK003,validation,0.04,1792,0.06700582368297744,0.5212053571428571,934,0.31102231102231104,7.778508322035107
WASTACK003,validation,0.05,2240,0.06700582368297744,0.4861607142857143,1089,0.3626373626373626,7.255499411302982
WASTACK003,validation,0.06,2689,0.06700582368297744,0.45779100037188547,1231,0.4099234099234099,6.832107646908688
WASTACK003,validation,0.07,3137,0.06700582368297744,0.4338540006375518,1361,0.4532134532134532,6.474870045478907
WASTACK003,validation,0.08,3585,0.06700582368297744,0.41450488145048814,1486,0.49483849483849485,6.186102321667175
WASTACK003,validation,0.09,4033,0.06700582368297744,0.3915199603272998,1579,0.5258075258075258,5.8430736137158155
WASTACK003,validation,0.1,4481,0.06700582368297744,0.3700066949341665,1658,0.5521145521145521,5.522008007613899
WASTACK003,validation,0.11,4929,0.06700582368297744,0.3524041387705417,1737,0.5784215784215784,5.259306122970153
WASTACK003,validation,0.12,5378,0.06700582368297744,0.33562662699888435,1805,0.601065601065601,5.00891726347286
WASTACK003,validation,0.13,5826,0.06700582368297744,0.3196017851012702,1862,0.62004662004662,4.769761306321554
WASTACK003,validation,0.14,6274,0.06700582368297744,0.3047497609180746,1912,0.6366966366966367,4.548108569785331
WASTACK003,validation,0.15,6722,0.06700582368297744,0.2920261826837251,1963,0.6536796536796536,4.358220922189979
WASTACK003,validation,0.16,7170,0.06700582368297744,0.2806136680613668,2012,0.66999666999667,4.187899687481277
WASTACK003,validation,0.17,7618,0.06700582368297744,0.2715935941191914,2069,0.688977688977689,4.053283419127473
WASTACK003,validation,0.18,8067,0.06700582368297744,0.26081566877401763,2104,0.7006327006327007,3.892432842972077
WASTACK003,validation,0.19,8515,0.06700582368297744,0.25132119788608337,2140,0.7126207126207126,3.7507366385816177
WASTACK003,validation,0.2,8963,0.06700582368297744,0.2429989958719179,2178,0.7252747252747253,3.6265354638667144
WASTACK003,validation,0.21,9411,0.06700582368297744,0.2357879077675061,2219,0.7389277389277389,3.518916637501272
WASTACK003,validation,0.22,9859,0.06700582368297744,0.22852216249112486,2253,0.7502497502497503,3.4104821033515624
WASTACK003,validation,0.23,10307,0.06700582368297744,0.22247016590666538,2293,0.7635697635697636,3.320161646832841
WASTACK003,validation,0.24,10756,0.06700582368297744,0.21578653774637413,2321,0.7728937728937729,3.2204146727203624
WASTACK003,validation,0.25,11204,0.06700582368297744,0.21010353445198143,2354,0.7838827838827839,3.1356011000780724
WASTACK003,validation,0.26,11652,0.06700582368297744,0.20460006865774116,2384,0.7938727938727939,3.0534669587192758
WASTACK003,validation,0.27,12100,0.06700582368297744,0.1990909090909091,2409,0.8021978021978022,2.971247843066025
WASTACK003,validation,0.28,12548,0.06700582368297744,0.19373605355435128,2431,0.8095238095238095,2.891331572475978
WASTACK003,validation,0.29,12996,0.06700582368297744,0.18951985226223453,2463,0.8201798201798202,2.8284086642812403
WASTACK003,validation,0.3,13445,0.06700582368297744,0.1850502045370026,2488,0.8285048285048285,2.761703302276006
WASTACK003,validation,0.31,13893,0.06700582368297744,0.18081048009789102,2512,0.8364968364968365,2.6984293328495443
WASTACK003,validation,0.32,14341,0.06700582368297744,0.17669618576110452,2534,0.8438228438228438,2.637027291793347
WASTACK003,validation,0.33,14789,0.06700582368297744,0.17222259787680033,2547,0.8481518481518482,2.570263126554965
WASTACK003,validation,0.34,15237,0.06700582368297744,0.1686683730393122,2570,0.8558108558108558,2.5172196052290556
WASTACK003,validation,0.35,15685,0.06700582368297744,0.16544469238125598,2595,0.8641358641358642,2.46910915033325
WASTACK003,validation,0.36,16134,0.06700582368297744,0.1617081938762861,2609,0.8687978687978688,2.413345362954883
WASTACK003,validation,0.37,16582,0.06700582368297744,0.15836449161741648,2626,0.8744588744588745,2.3634436965760086
WASTACK003,validation,0.38,17030,0.06700582368297744,0.15513799177921314,2642,0.8797868797868797,2.3152911680216435
WASTACK003,validation,0.39,17478,0.06700582368297744,0.1518480375328985,2654,0.8837828837828838,2.2661916410629077
WASTACK003,validation,0.4,17926,0.06700582368297744,0.14872252593997545,2666,0.8877788877788878,2.2195462687485445
WASTACK003,validation,0.41,18374,0.06700582368297744,0.14596712746271906,2682,0.8931068931068931,2.178424492672887
WASTACK003,validation,0.42,18823,0.06700582368297744,0.14349466078733464,2701,0.8994338994338994,2.1415252122897024
WASTACK003,validation,0.43,19271,0.06700582368297744,0.14062581080379846,2710,0.9024309024309024,2.0987102773206243
WASTACK003,validation,0.44,19719,0.06700582368297744,0.13803945433338405,2722,0.9064269064269064,2.060111296989435
WASTACK003,validation,0.45,20167,0.06700582368297744,0.13566717905489165,2736,0.9110889110889111,2.024707280620406
WASTACK003,validation,0.46,20615,0.06700582368297744,0.13310696095076402,2744,0.9137529137529138,1.9864983912522114
WASTACK003,validation,0.47,21063,0.06700582368297744,0.13060817547357925,2751,0.916083916083916,1.9492063270727276
WASTACK003,validation,0.48,21512,0.06700582368297744,0.12830048345109707,2760,0.919080919080919,1.9147661561198193
WASTACK003,validation,0.49,21960,0.06700582368297744,0.12622950819672132,2772,0.9230769230769231,1.8838587641866331
WASTACK003,validation,0.5,22408,0.06700582368297744,0.1241520885398072,2782,0.9264069264069265,1.8528551955006791
WASTACK004,validation,0.01,448,0.06700582368297744,0.6852678571428571,307,0.10223110223110222,10.226989528328813
WASTACK004,validation,0.02,896,0.06700582368297744,0.6205357142857143,556,0.18514818514818515,9.260922113600685
WASTACK004,validation,0.03,1344,0.06700582368297744,0.5654761904761905,760,0.25308025308025306,8.439209599923885
WASTACK004,validation,0.04,1792,0.06700582368297744,0.5256696428571429,942,0.31368631368631367,7.845133660981876
WASTACK004,validation,0.05,2240,0.06700582368297744,0.48839285714285713,1094,0.3643023643023643,7.288812080776366
WASTACK004,validation,0.06,2689,0.06700582368297744,0.4615098549646709,1241,0.41325341325341325,6.887608115202016
WASTACK004,validation,0.07,3137,0.06700582368297744,0.4376793114440548,1373,0.4572094572094572,6.531959274388346
WASTACK004,validation,0.08,3585,0.06700582368297744,0.41143654114365413,1475,0.4911754911754912,6.1403101779670815
WASTACK004,validation,0.09,4033,0.06700582368297744,0.39399950409124723,1589,0.5291375291375291,5.880078513106036
WASTACK004,validation,0.1,4481,0.06700582368297744,0.3758089712117831,1684,0.5607725607725608,5.6086016193135135
WASTACK004,validation,0.11,4929,0.06700582368297744,0.3566646378575776,1758,0.5854145854145855,5.3228901348195325
WASTACK004,validation,0.12,5378,0.06700582368297744,0.3399033097805876,1828,0.6087246087246088,5.072742802010188
WASTACK004,validation,0.13,5826,0.06700582368297744,0.32303467215928594,1882,0.6267066267066267,4.820993973414159
WASTACK004,validation,0.14,6274,0.06700582368297744,0.3093720114759324,1941,0.6463536463536463,4.617091388050903
WASTACK004,validation,0.15,6722,0.06700582368297744,0.2963403748884261,1992,0.6633366633366633,4.422606254203993
WASTACK004,validation,0.16,7170,0.06700582368297744,0.28479776847977684,2042,0.6799866799866799,4.2503435197995865
WASTACK004,validation,0.17,7618,0.06700582368297744,0.27487529535311106,2094,0.6973026973026973,4.102259777502623
WASTACK004,validation,0.18,8067,0.06700582368297744,0.2652782942853601,2140,0.7126207126207126,3.95903340492407
WASTACK004,validation,0.19,8515,0.06700582368297744,0.2561362301820317,2181,0.7262737262737263,3.822596546143228
WASTACK004,validation,0.2,8963,0.06700582368297744,0.24668079883967423,2211,0.7362637362637363,3.681482970894998
WASTACK004,validation,0.21,9411,0.06700582368297744,0.23993199447455105,2258,0.7519147519147519,3.580763302153165
WASTACK004,validation,0.22,9859,0.06700582368297744,0.23217364844304697,2289,0.7622377622377622,3.464977156933745
WASTACK004,validation,0.23,10307,0.06700582368297744,0.2261569806927331,2331,0.7762237762237763,3.3751839506181214
WASTACK004,validation,0.24,10756,0.06700582368297744,0.21950539233915953,2361,0.7862137862137862,3.2759151410136904
WASTACK004,validation,0.25,11204,0.06700582368297744,0.2135844341306676,2393,0.7968697968697969,3.187550311166876
WASTACK004,validation,0.26,11652,0.06700582368297744,0.20768966700995536,2420,0.8058608058608059,3.0995763591026204
WASTACK004,validation,0.27,12100,0.06700582368297744,0.2022314049586777,2447,0.8148518148518149,3.01811684183585
WASTACK004,validation,0.28,12548,0.06700582368297744,0.19692381255977048,2471,0.8228438228438228,2.9389059299005105
WASTACK004,validation,0.29,12996,0.06700582368297744,0.19213604185903355,2497,0.8315018315018315,2.8674528764556464
WASTACK004,validation,0.3,13445,0.06700582368297744,0.18750464856824098,2521,0.8394938394938395,2.7983336113496025
WASTACK004,validation,0.31,13893,0.06700582368297744,0.18304181962139207,2543,0.8468198468198468,2.7317300133106652
WASTACK004,validation,0.32,14341,0.06700582368297744,0.1780907886479325,2554,0.8504828504828504,2.6578404511603035
WASTACK004,validation,0.33,14789,0.06700582368297744,0.17377780783014402,2570,0.8558108558108558,2.593473197976545
WASTACK004,validation,0.34,15237,0.06700582368297744,0.17011222681630242,2592,0.8631368631368631,2.5387677886201216
WASTACK004,validation,0.35,15685,0.06700582368297744,0.1661459993624482,2606,0.8677988677988678,2.4795755089666467
WASTACK004,validation,0.36,16134,0.06700582368297744,0.16232800297508368,2619,0.8721278721278721,2.422595441003771
WASTACK004,validation,0.37,16582,0.06700582368297744,0.1590881678928959,2638,0.8784548784548785,2.374243896255716
WASTACK004,validation,0.38,17030,0.06700582368297744,0.15554903112155022,2649,0.8821178821178821,2.3214255503744643
WASTACK004,validation,0.39,17478,0.06700582368297744,0.15242018537590113,2664,0.8871128871128872,2.274730418911675
WASTACK004,validation,0.4,17926,0.06700582368297744,0.14928037487448398,2676,0.8911088911088911,2.227871648601315
WASTACK004,validation,0.41,18374,0.06700582368297744,0.14602155219331664,2683,0.8934398934398934,2.1792367314844725
WASTACK004,validation,0.42,18823,0.06700582368297744,0.14338840779896936,2699,0.8987678987678988,2.139939484624179
WASTACK004,validation,0.43,19271,0.06700582368297744,0.14052202791759638,2708,0.9017649017649018,2.097161413647325
WASTACK004,validation,0.44,19719,0.06700582368297744,0.13788731680105482,2719,0.9054279054279054,2.057840784906052
WASTACK004,validation,0.45,20167,0.06700582368297744,0.13546883522586403,2732,0.9097569097569097,2.021747182256926
WASTACK004,validation,0.46,20615,0.06700582368297744,0.13310696095076402,2744,0.9137529137529138,1.9864983912522114
WASTACK004,validation,0.47,21063,0.06700582368297744,0.13079808194464226,2755,0.9174159174159174,1.9520405056653454
WASTACK004,validation,0.48,21512,0.06700582368297744,0.12857939754555597,2766,0.9210789210789211,1.9189286912418189
WASTACK004,validation,0.49,21960,0.06700582368297744,0.12622950819672132,2772,0.9230769230769231,1.8838587641866331
WASTACK004,validation,0.5,22408,0.06700582368297744,0.1241520885398072,2782,0.9264069264069265,1.8528551955006791
WGNB001,validation,0.01,448,0.06700582368297744,0.5200892857142857,233,0.07758907758907758,7.7618519872984155
WGNB001,validation,0.02,896,0.06700582368297744,0.5111607142857143,458,0.1525141525141525,7.628601309404881
WGNB001,validation,0.03,1344,0.06700582368297744,0.5252976190476191,706,0.2350982350982351,7.839581549402978
WGNB001,validation,0.04,1792,0.06700582368297744,0.5083705357142857,911,0.30336330336330336,7.586960472563151
WGNB001,validation,0.05,2240,0.06700582368297744,0.471875,1057,0.351981351981352,7.042298326673326
WGNB001,validation,0.06,2689,0.06700582368297744,0.43994049832651544,1183,0.3939393939393939,6.565705399100713
WGNB001,validation,0.07,3137,0.06700582368297744,0.40771437679311445,1279,0.4259074259074259,6.084760314597739
WGNB001,validation,0.08,3585,0.06700582368297744,0.38605299860529985,1384,0.46087246087246087,5.761484261902671
WGNB001,validation,0.09,4033,0.06700582368297744,0.3612695264071411,1457,0.4851814851814852,5.3916138411551255
WGNB001,validation,0.1,4481,0.06700582368297744,0.34791341218478017,1559,0.5191475191475191,5.19228617844998
WGNB001,validation,0.11,4929,0.06700582368297744,0.3398255224183404,1675,0.5577755577755578,5.071581897510077
WGNB001,validation,0.12,5378,0.06700582368297744,0.3268873187058386,1758,0.5854145854145855,4.878491162983539
WGNB001,validation,0.13,5826,0.06700582368297744,0.31153450051493303,1815,0.6043956043956044,4.649364538653931
WGNB001,validation,0.14,6274,0.06700582368297744,0.29901179470832007,1876,0.6247086247086248,4.462474726421172
WGNB001,validation,0.15,6722,0.06700582368297744,0.28711692948527223,1930,0.6426906426906427,4.284954854725756
WGNB001,validation,0.16,7170,0.06700582368297744,0.27517433751743375,1973,0.657009657009657,4.106722705467475
WGNB001,validation,0.17,7618,0.06700582368297744,0.26358624310842743,2008,0.6686646686646687,3.933781104692105
WGNB001,validation,0.18,8067,0.06700582368297744,0.25585719598363704,2064,0.6873126873126874,3.8184322185809725
WGNB001,validation,0.19,8515,0.06700582368297744,0.24756312389900176,2108,0.701964701964702,3.694650857070117
WGNB001,validation,0.2,8963,0.06700582368297744,0.2383130648220462,2136,0.7112887112887113,3.5566022731034446
WGNB001,validation,0.21,9411,0.06700582368297744,0.23217511422803103,2185,0.7276057276057276,3.464999032420135
WGNB001,validation,0.22,9859,0.06700582368297744,0.2253778273658586,2222,0.73992673992674,3.36355580721135
WGNB001,validation,0.23,10307,0.06700582368297744,0.21888037256233628,2256,0.7512487512487512,3.266587298410331
WGNB001,validation,0.24,10756,0.06700582368297744,0.21271848270732616,2288,0.7619047619047619,3.174626786378367
WGNB001,validation,0.25,11204,0.06700582368297744,0.20751517315244555,2325,0.7742257742257742,3.096972199524859
WGNB001,validation,0.26,11652,0.06700582368297744,0.20245451424648128,2359,0.7855477855477856,3.021446541786397
WGNB001,validation,0.27,12100,0.06700582368297744,0.1965289256198347,2378,0.7918747918747919,2.933012607227483
WGNB001,validation,0.28,12548,0.06700582368297744,0.1913452343002869,2401,0.7995337995337995,2.8556508044075786
WGNB001,validation,0.29,12996,0.06700582368297744,0.1865958756540474,2425,0.8075258075258075,2.7847710153804335
WGNB001,validation,0.3,13445,0.06700582368297744,0.18170323540349573,2443,0.8135198135198135,2.7117528808120106
WGNB001,validation,0.31,13893,0.06700582368297744,0.17692363060534083,2458,0.8185148185148186,2.6404216959172695
WGNB001,validation,0.32,14341,0.06700582368297744,0.17293075796666899,2480,0.8258408258408259,2.5808317615025653
WGNB001,validation,0.33,14789,0.06700582368297744,0.16884170667387924,2497,0.8315018315018315,2.51980644955153
WGNB001,validation,0.34,15237,0.06700582368297744,0.16473059001115706,2510,0.8358308358308358,2.458451832344331
WGNB001,validation,0.35,15685,0.06700582368297744,0.16149187121453618,2533,0.8434898434898435,2.410116947126829
WGNB001,validation,0.36,16134,0.06700582368297744,0.158671129292178,2560,0.8524808524808525,2.3680199805153315
WGNB001,validation,0.37,16582,0.06700582368297744,0.15559039922807863,2580,0.8591408591408591,2.3220429311371293
WGNB001,validation,0.38,17030,0.06700582368297744,0.15255431591309454,2598,0.8651348651348651,2.276732193232487
WGNB001,validation,0.39,17478,0.06700582368297744,0.1500171644352901,2622,0.8731268731268731,2.2388675519468517
WGNB001,validation,0.4,17926,0.06700582368297744,0.1472163338168024,2639,0.8787878787878788,2.1970677431460652
WGNB001,validation,0.41,18374,0.06700582368297744,0.14427996081419397,2651,0.8827838827838828,2.15324508951373
WGNB001,validation,0.42,18823,0.06700582368297744,0.14152898050257665,2664,0.8871128871128872,2.112189250477515
WGNB001,validation,0.43,19271,0.06700582368297744,0.13880961029526231,2675,0.8907758907758908,2.0716051630378858
WGNB001,validation,0.44,19719,0.06700582368297744,0.13631522896698617,2688,0.8951048951048951,2.0343788267110954
WGNB001,validation,0.45,20167,0.06700582368297744,0.13358456885010164,2694,0.8971028971028971,1.9936262478038644
WGNB001,validation,0.46,20615,0.06700582368297744,0.1309725927722532,2700,0.8991008991008991,1.9546449185061843
WGNB001,validation,0.47,21063,0.06700582368297744,0.12885154061624648,2714,0.9037629037629038,1.9229901750910152
WGNB001,validation,0.48,21512,0.06700582368297744,0.1263015991074749,2717,0.9047619047619048,1.8849346544121555
WGNB001,validation,0.49,21960,0.06700582368297744,0.12459016393442623,2736,0.9110889110889111,1.859393065950443
WGNB001,validation,0.5,22408,0.06700582368297744,0.12254551945733666,2746,0.9144189144189144,1.8288786365366156
WGNB002,validation,0.01,448,0.06700582368297744,0.5200892857142857,233,0.07758907758907758,7.7618519872984155
WGNB002,validation,0.02,896,0.06700582368297744,0.5111607142857143,458,0.1525141525141525,7.628601309404881
WGNB002,validation,0.03,1344,0.06700582368297744,0.5252976190476191,706,0.2350982350982351,7.839581549402978
WGNB002,validation,0.04,1792,0.06700582368297744,0.5083705357142857,911,0.30336330336330336,7.586960472563151
WGNB002,validation,0.05,2240,0.06700582368297744,0.471875,1057,0.351981351981352,7.042298326673326
WGNB002,validation,0.06,2689,0.06700582368297744,0.43994049832651544,1183,0.3939393939393939,6.565705399100713
WGNB002,validation,0.07,3137,0.06700582368297744,0.40771437679311445,1279,0.4259074259074259,6.084760314597739
WGNB002,validation,0.08,3585,0.06700582368297744,0.38605299860529985,1384,0.46087246087246087,5.761484261902671
WGNB002,validation,0.09,4033,0.06700582368297744,0.3612695264071411,1457,0.4851814851814852,5.3916138411551255
WGNB002,validation,0.1,4481,0.06700582368297744,0.34791341218478017,1559,0.5191475191475191,5.19228617844998
WGNB002,validation,0.11,4929,0.06700582368297744,0.3398255224183404,1675,0.5577755577755578,5.071581897510077
WGNB002,validation,0.12,5378,0.06700582368297744,0.3268873187058386,1758,0.5854145854145855,4.878491162983539
WGNB002,validation,0.13,5826,0.06700582368297744,0.31153450051493303,1815,0.6043956043956044,4.649364538653931
WGNB002,validation,0.14,6274,0.06700582368297744,0.29901179470832007,1876,0.6247086247086248,4.462474726421172
WGNB002,validation,0.15,6722,0.06700582368297744,0.28711692948527223,1930,0.6426906426906427,4.284954854725756
WGNB002,validation,0.16,7170,0.06700582368297744,0.27517433751743375,1973,0.657009657009657,4.106722705467475
WGNB002,validation,0.17,7618,0.06700582368297744,0.26358624310842743,2008,0.6686646686646687,3.933781104692105
WGNB002,validation,0.18,8067,0.06700582368297744,0.25585719598363704,2064,0.6873126873126874,3.8184322185809725
WGNB002,validation,0.19,8515,0.06700582368297744,0.24756312389900176,2108,0.701964701964702,3.694650857070117
WGNB002,validation,0.2,8963,0.06700582368297744,0.2383130648220462,2136,0.7112887112887113,3.5566022731034446
WGNB002,validation,0.21,9411,0.06700582368297744,0.23217511422803103,2185,0.7276057276057276,3.464999032420135
WGNB002,validation,0.22,9859,0.06700582368297744,0.2253778273658586,2222,0.73992673992674,3.36355580721135
WGNB002,validation,0.23,10307,0.06700582368297744,0.21888037256233628,2256,0.7512487512487512,3.266587298410331
WGNB002,validation,0.24,10756,0.06700582368297744,0.21271848270732616,2288,0.7619047619047619,3.174626786378367
WGNB002,validation,0.25,11204,0.06700582368297744,0.20751517315244555,2325,0.7742257742257742,3.096972199524859
WGNB002,validation,0.26,11652,0.06700582368297744,0.20245451424648128,2359,0.7855477855477856,3.021446541786397
WGNB002,validation,0.27,12100,0.06700582368297744,0.1965289256198347,2378,0.7918747918747919,2.933012607227483
WGNB002,validation,0.28,12548,0.06700582368297744,0.1913452343002869,2401,0.7995337995337995,2.8556508044075786
WGNB002,validation,0.29,12996,0.06700582368297744,0.1865958756540474,2425,0.8075258075258075,2.7847710153804335
WGNB002,validation,0.3,13445,0.06700582368297744,0.18170323540349573,2443,0.8135198135198135,2.7117528808120106
WGNB002,validation,0.31,13893,0.06700582368297744,0.17692363060534083,2458,0.8185148185148186,2.6404216959172695
WGNB002,validation,0.32,14341,0.06700582368297744,0.17293075796666899,2480,0.8258408258408259,2.5808317615025653
WGNB002,validation,0.33,14789,0.06700582368297744,0.16884170667387924,2497,0.8315018315018315,2.51980644955153
WGNB002,validation,0.34,15237,0.06700582368297744,0.16473059001115706,2510,0.8358308358308358,2.458451832344331
WGNB002,validation,0.35,15685,0.06700582368297744,0.16149187121453618,2533,0.8434898434898435,2.410116947126829
WGNB002,validation,0.36,16134,0.06700582368297744,0.158671129292178,2560,0.8524808524808525,2.3680199805153315
WGNB002,validation,0.37,16582,0.06700582368297744,0.15559039922807863,2580,0.8591408591408591,2.3220429311371293
WGNB002,validation,0.38,17030,0.06700582368297744,0.15255431591309454,2598,0.8651348651348651,2.276732193232487
WGNB002,validation,0.39,17478,0.06700582368297744,0.1500171644352901,2622,0.8731268731268731,2.2388675519468517
WGNB002,validation,0.4,17926,0.06700582368297744,0.1472163338168024,2639,0.8787878787878788,2.1970677431460652
WGNB002,validation,0.41,18374,0.06700582368297744,0.14427996081419397,2651,0.8827838827838828,2.15324508951373
WGNB002,validation,0.42,18823,0.06700582368297744,0.14152898050257665,2664,0.8871128871128872,2.112189250477515
WGNB002,validation,0.43,19271,0.06700582368297744,0.13880961029526231,2675,0.8907758907758908,2.0716051630378858
WGNB002,validation,0.44,19719,0.06700582368297744,0.13631522896698617,2688,0.8951048951048951,2.0343788267110954
WGNB002,validation,0.45,20167,0.06700582368297744,0.13358456885010164,2694,0.8971028971028971,1.9936262478038644
WGNB002,validation,0.46,20615,0.06700582368297744,0.1309725927722532,2700,0.8991008991008991,1.9546449185061843
WGNB002,validation,0.47,21063,0.06700582368297744,0.12885154061624648,2714,0.9037629037629038,1.9229901750910152
WGNB002,validation,0.48,21512,0.06700582368297744,0.1263015991074749,2717,0.9047619047619048,1.8849346544121555
WGNB002,validation,0.49,21960,0.06700582368297744,0.12459016393442623,2736,0.9110889110889111,1.859393065950443
WGNB002,validation,0.5,22408,0.06700582368297744,0.12254551945733666,2746,0.9144189144189144,1.8288786365366156
WGNB003,validation,0.01,448,0.06700582368297744,0.5200892857142857,233,0.07758907758907758,7.7618519872984155
WGNB003,validation,0.02,896,0.06700582368297744,0.5111607142857143,458,0.1525141525141525,7.628601309404881
WGNB003,validation,0.03,1344,0.06700582368297744,0.5252976190476191,706,0.2350982350982351,7.839581549402978
WGNB003,validation,0.04,1792,0.06700582368297744,0.5083705357142857,911,0.30336330336330336,7.586960472563151
WGNB003,validation,0.05,2240,0.06700582368297744,0.471875,1057,0.351981351981352,7.042298326673326
WGNB003,validation,0.06,2689,0.06700582368297744,0.43994049832651544,1183,0.3939393939393939,6.565705399100713
WGNB003,validation,0.07,3137,0.06700582368297744,0.40771437679311445,1279,0.4259074259074259,6.084760314597739
WGNB003,validation,0.08,3585,0.06700582368297744,0.38605299860529985,1384,0.46087246087246087,5.761484261902671
WGNB003,validation,0.09,4033,0.06700582368297744,0.3612695264071411,1457,0.4851814851814852,5.3916138411551255
WGNB003,validation,0.1,4481,0.06700582368297744,0.34791341218478017,1559,0.5191475191475191,5.19228617844998
WGNB003,validation,0.11,4929,0.06700582368297744,0.3398255224183404,1675,0.5577755577755578,5.071581897510077
WGNB003,validation,0.12,5378,0.06700582368297744,0.3268873187058386,1758,0.5854145854145855,4.878491162983539
WGNB003,validation,0.13,5826,0.06700582368297744,0.31153450051493303,1815,0.6043956043956044,4.649364538653931
WGNB003,validation,0.14,6274,0.06700582368297744,0.29901179470832007,1876,0.6247086247086248,4.462474726421172
WGNB003,validation,0.15,6722,0.06700582368297744,0.28711692948527223,1930,0.6426906426906427,4.284954854725756
WGNB003,validation,0.16,7170,0.06700582368297744,0.27517433751743375,1973,0.657009657009657,4.106722705467475
WGNB003,validation,0.17,7618,0.06700582368297744,0.26358624310842743,2008,0.6686646686646687,3.933781104692105
WGNB003,validation,0.18,8067,0.06700582368297744,0.25585719598363704,2064,0.6873126873126874,3.8184322185809725
WGNB003,validation,0.19,8515,0.06700582368297744,0.24756312389900176,2108,0.701964701964702,3.694650857070117
WGNB003,validation,0.2,8963,0.06700582368297744,0.2383130648220462,2136,0.7112887112887113,3.5566022731034446
WGNB003,validation,0.21,9411,0.06700582368297744,0.23217511422803103,2185,0.7276057276057276,3.464999032420135
WGNB003,validation,0.22,9859,0.06700582368297744,0.2253778273658586,2222,0.73992673992674,3.36355580721135
WGNB003,validation,0.23,10307,0.06700582368297744,0.21888037256233628,2256,0.7512487512487512,3.266587298410331
WGNB003,validation,0.24,10756,0.06700582368297744,0.21271848270732616,2288,0.7619047619047619,3.174626786378367
WGNB003,validation,0.25,11204,0.06700582368297744,0.20751517315244555,2325,0.7742257742257742,3.096972199524859
WGNB003,validation,0.26,11652,0.06700582368297744,0.20245451424648128,2359,0.7855477855477856,3.021446541786397
WGNB003,validation,0.27,12100,0.06700582368297744,0.1965289256198347,2378,0.7918747918747919,2.933012607227483
WGNB003,validation,0.28,12548,0.06700582368297744,0.1913452343002869,2401,0.7995337995337995,2.8556508044075786
WGNB003,validation,0.29,12996,0.06700582368297744,0.1865958756540474,2425,0.8075258075258075,2.7847710153804335
WGNB003,validation,0.3,13445,0.06700582368297744,0.18170323540349573,2443,0.8135198135198135,2.7117528808120106
WGNB003,validation,0.31,13893,0.06700582368297744,0.17692363060534083,2458,0.8185148185148186,2.6404216959172695
WGNB003,validation,0.32,14341,0.06700582368297744,0.17293075796666899,2480,0.8258408258408259,2.5808317615025653
WGNB003,validation,0.33,14789,0.06700582368297744,0.16884170667387924,2497,0.8315018315018315,2.51980644955153
WGNB003,validation,0.34,15237,0.06700582368297744,0.16473059001115706,2510,0.8358308358308358,2.458451832344331
WGNB003,validation,0.35,15685,0.06700582368297744,0.16149187121453618,2533,0.8434898434898435,2.410116947126829
WGNB003,validation,0.36,16134,0.06700582368297744,0.158671129292178,2560,0.8524808524808525,2.3680199805153315
WGNB003,validation,0.37,16582,0.06700582368297744,0.15559039922807863,2580,0.8591408591408591,2.3220429311371293
WGNB003,validation,0.38,17030,0.06700582368297744,0.15255431591309454,2598,0.8651348651348651,2.276732193232487
WGNB003,validation,0.39,17478,0.06700582368297744,0.1500171644352901,2622,0.8731268731268731,2.2388675519468517
WGNB003,validation,0.4,17926,0.06700582368297744,0.1472163338168024,2639,0.8787878787878788,2.1970677431460652
WGNB003,validation,0.41,18374,0.06700582368297744,0.14427996081419397,2651,0.8827838827838828,2.15324508951373
WGNB003,validation,0.42,18823,0.06700582368297744,0.14152898050257665,2664,0.8871128871128872,2.112189250477515
WGNB003,validation,0.43,19271,0.06700582368297744,0.13880961029526231,2675,0.8907758907758908,2.0716051630378858
WGNB003,validation,0.44,19719,0.06700582368297744,0.13631522896698617,2688,0.8951048951048951,2.0343788267110954
WGNB003,validation,0.45,20167,0.06700582368297744,0.13358456885010164,2694,0.8971028971028971,1.9936262478038644
WGNB003,validation,0.46,20615,0.06700582368297744,0.1309725927722532,2700,0.8991008991008991,1.9546449185061843
WGNB003,validation,0.47,21063,0.06700582368297744,0.12885154061624648,2714,0.9037629037629038,1.9229901750910152
WGNB003,validation,0.48,21512,0.06700582368297744,0.1263015991074749,2717,0.9047619047619048,1.8849346544121555
WGNB003,validation,0.49,21960,0.06700582368297744,0.12459016393442623,2736,0.9110889110889111,1.859393065950443
WGNB003,validation,0.5,22408,0.06700582368297744,0.12254551945733666,2746,0.9144189144189144,1.8288786365366156
WGNB004,validation,0.01,448,0.06700582368297744,0.5200892857142857,233,0.07758907758907758,7.7618519872984155
WGNB004,validation,0.02,896,0.06700582368297744,0.5111607142857143,458,0.1525141525141525,7.628601309404881
WGNB004,validation,0.03,1344,0.06700582368297744,0.5252976190476191,706,0.2350982350982351,7.839581549402978
WGNB004,validation,0.04,1792,0.06700582368297744,0.5083705357142857,911,0.30336330336330336,7.586960472563151
WGNB004,validation,0.05,2240,0.06700582368297744,0.471875,1057,0.351981351981352,7.042298326673326
WGNB004,validation,0.06,2689,0.06700582368297744,0.43994049832651544,1183,0.3939393939393939,6.565705399100713
WGNB004,validation,0.07,3137,0.06700582368297744,0.40771437679311445,1279,0.4259074259074259,6.084760314597739
WGNB004,validation,0.08,3585,0.06700582368297744,0.38605299860529985,1384,0.46087246087246087,5.761484261902671
WGNB004,validation,0.09,4033,0.06700582368297744,0.3612695264071411,1457,0.4851814851814852,5.3916138411551255
WGNB004,validation,0.1,4481,0.06700582368297744,0.34791341218478017,1559,0.5191475191475191,5.19228617844998
WGNB004,validation,0.11,4929,0.06700582368297744,0.3398255224183404,1675,0.5577755577755578,5.071581897510077
WGNB004,validation,0.12,5378,0.06700582368297744,0.3268873187058386,1758,0.5854145854145855,4.878491162983539
WGNB004,validation,0.13,5826,0.06700582368297744,0.31153450051493303,1815,0.6043956043956044,4.649364538653931
WGNB004,validation,0.14,6274,0.06700582368297744,0.29901179470832007,1876,0.6247086247086248,4.462474726421172
WGNB004,validation,0.15,6722,0.06700582368297744,0.28711692948527223,1930,0.6426906426906427,4.284954854725756
WGNB004,validation,0.16,7170,0.06700582368297744,0.27517433751743375,1973,0.657009657009657,4.106722705467475
WGNB004,validation,0.17,7618,0.06700582368297744,0.26358624310842743,2008,0.6686646686646687,3.933781104692105
WGNB004,validation,0.18,8067,0.06700582368297744,0.25585719598363704,2064,0.6873126873126874,3.8184322185809725
WGNB004,validation,0.19,8515,0.06700582368297744,0.24756312389900176,2108,0.701964701964702,3.694650857070117
WGNB004,validation,0.2,8963,0.06700582368297744,0.2383130648220462,2136,0.7112887112887113,3.5566022731034446
WGNB004,validation,0.21,9411,0.06700582368297744,0.23217511422803103,2185,0.7276057276057276,3.464999032420135
WGNB004,validation,0.22,9859,0.06700582368297744,0.2253778273658586,2222,0.73992673992674,3.36355580721135
WGNB004,validation,0.23,10307,0.06700582368297744,0.21888037256233628,2256,0.7512487512487512,3.266587298410331
WGNB004,validation,0.24,10756,0.06700582368297744,0.21271848270732616,2288,0.7619047619047619,3.174626786378367
WGNB004,validation,0.25,11204,0.06700582368297744,0.20751517315244555,2325,0.7742257742257742,3.096972199524859
WGNB004,validation,0.26,11652,0.06700582368297744,0.20245451424648128,2359,0.7855477855477856,3.021446541786397
WGNB004,validation,0.27,12100,0.06700582368297744,0.1965289256198347,2378,0.7918747918747919,2.933012607227483
WGNB004,validation,0.28,12548,0.06700582368297744,0.1913452343002869,2401,0.7995337995337995,2.8556508044075786
WGNB004,validation,0.29,12996,0.06700582368297744,0.1865958756540474,2425,0.8075258075258075,2.7847710153804335
WGNB004,validation,0.3,13445,0.06700582368297744,0.18170323540349573,2443,0.8135198135198135,2.7117528808120106
WGNB004,validation,0.31,13893,0.06700582368297744,0.17692363060534083,2458,0.8185148185148186,2.6404216959172695
WGNB004,validation,0.32,14341,0.06700582368297744,0.17293075796666899,2480,0.8258408258408259,2.5808317615025653
WGNB004,validation,0.33,14789,0.06700582368297744,0.16884170667387924,2497,0.8315018315018315,2.51980644955153
WGNB004,validation,0.34,15237,0.06700582368297744,0.16473059001115706,2510,0.8358308358308358,2.458451832344331
WGNB004,validation,0.35,15685,0.06700582368297744,0.16149187121453618,2533,0.8434898434898435,2.410116947126829
WGNB004,validation,0.36,16134,0.06700582368297744,0.158671129292178,2560,0.8524808524808525,2.3680199805153315
WGNB004,validation,0.37,16582,0.06700582368297744,0.15559039922807863,2580,0.8591408591408591,2.3220429311371293
WGNB004,validation,0.38,17030,0.06700582368297744,0.15255431591309454,2598,0.8651348651348651,2.276732193232487
WGNB004,validation,0.39,17478,0.06700582368297744,0.1500171644352901,2622,0.8731268731268731,2.2388675519468517
WGNB004,validation,0.4,17926,0.06700582368297744,0.1472163338168024,2639,0.8787878787878788,2.1970677431460652
WGNB004,validation,0.41,18374,0.06700582368297744,0.14427996081419397,2651,0.8827838827838828,2.15324508951373
WGNB004,validation,0.42,18823,0.06700582368297744,0.14152898050257665,2664,0.8871128871128872,2.112189250477515
WGNB004,validation,0.43,19271,0.06700582368297744,0.13880961029526231,2675,0.8907758907758908,2.0716051630378858
WGNB004,validation,0.44,19719,0.06700582368297744,0.13631522896698617,2688,0.8951048951048951,2.0343788267110954
WGNB004,validation,0.45,20167,0.06700582368297744,0.13358456885010164,2694,0.8971028971028971,1.9936262478038644
WGNB004,validation,0.46,20615,0.06700582368297744,0.1309725927722532,2700,0.8991008991008991,1.9546449185061843
WGNB004,validation,0.47,21063,0.06700582368297744,0.12885154061624648,2714,0.9037629037629038,1.9229901750910152
WGNB004,validation,0.48,21512,0.06700582368297744,0.1263015991074749,2717,0.9047619047619048,1.8849346544121555
WGNB004,validation,0.49,21960,0.06700582368297744,0.12459016393442623,2736,0.9110889110889111,1.859393065950443
WGNB004,validation,0.5,22408,0.06700582368297744,0.12254551945733666,2746,0.9144189144189144,1.8288786365366156
WGNB005,validation,0.01,448,0.06700582368297744,0.5200892857142857,233,0.07758907758907758,7.7618519872984155
WGNB005,validation,0.02,896,0.06700582368297744,0.5111607142857143,458,0.1525141525141525,7.628601309404881
WGNB005,validation,0.03,1344,0.06700582368297744,0.5252976190476191,706,0.2350982350982351,7.839581549402978
WGNB005,validation,0.04,1792,0.06700582368297744,0.5083705357142857,911,0.30336330336330336,7.586960472563151
WGNB005,validation,0.05,2240,0.06700582368297744,0.471875,1057,0.351981351981352,7.042298326673326
WGNB005,validation,0.06,2689,0.06700582368297744,0.43994049832651544,1183,0.3939393939393939,6.565705399100713
WGNB005,validation,0.07,3137,0.06700582368297744,0.40771437679311445,1279,0.4259074259074259,6.084760314597739
WGNB005,validation,0.08,3585,0.06700582368297744,0.38605299860529985,1384,0.46087246087246087,5.761484261902671
WGNB005,validation,0.09,4033,0.06700582368297744,0.3612695264071411,1457,0.4851814851814852,5.3916138411551255
WGNB005,validation,0.1,4481,0.06700582368297744,0.34791341218478017,1559,0.5191475191475191,5.19228617844998
WGNB005,validation,0.11,4929,0.06700582368297744,0.3398255224183404,1675,0.5577755577755578,5.071581897510077
WGNB005,validation,0.12,5378,0.06700582368297744,0.3268873187058386,1758,0.5854145854145855,4.878491162983539
WGNB005,validation,0.13,5826,0.06700582368297744,0.31153450051493303,1815,0.6043956043956044,4.649364538653931
WGNB005,validation,0.14,6274,0.06700582368297744,0.29901179470832007,1876,0.6247086247086248,4.462474726421172
WGNB005,validation,0.15,6722,0.06700582368297744,0.28711692948527223,1930,0.6426906426906427,4.284954854725756
WGNB005,validation,0.16,7170,0.06700582368297744,0.27517433751743375,1973,0.657009657009657,4.106722705467475
WGNB005,validation,0.17,7618,0.06700582368297744,0.26358624310842743,2008,0.6686646686646687,3.933781104692105
WGNB005,validation,0.18,8067,0.06700582368297744,0.25585719598363704,2064,0.6873126873126874,3.8184322185809725
WGNB005,validation,0.19,8515,0.06700582368297744,0.24756312389900176,2108,0.701964701964702,3.694650857070117
WGNB005,validation,0.2,8963,0.06700582368297744,0.2383130648220462,2136,0.7112887112887113,3.5566022731034446
WGNB005,validation,0.21,9411,0.06700582368297744,0.23217511422803103,2185,0.7276057276057276,3.464999032420135
WGNB005,validation,0.22,9859,0.06700582368297744,0.2253778273658586,2222,0.73992673992674,3.36355580721135
WGNB005,validation,0.23,10307,0.06700582368297744,0.21888037256233628,2256,0.7512487512487512,3.266587298410331
WGNB005,validation,0.24,10756,0.06700582368297744,0.21271848270732616,2288,0.7619047619047619,3.174626786378367
WGNB005,validation,0.25,11204,0.06700582368297744,0.20751517315244555,2325,0.7742257742257742,3.096972199524859
WGNB005,validation,0.26,11652,0.06700582368297744,0.20245451424648128,2359,0.7855477855477856,3.021446541786397
WGNB005,validation,0.27,12100,0.06700582368297744,0.1965289256198347,2378,0.7918747918747919,2.933012607227483
WGNB005,validation,0.28,12548,0.06700582368297744,0.1913452343002869,2401,0.7995337995337995,2.8556508044075786
WGNB005,validation,0.29,12996,0.06700582368297744,0.1865958756540474,2425,0.8075258075258075,2.7847710153804335
WGNB005,validation,0.3,13445,0.06700582368297744,0.18170323540349573,2443,0.8135198135198135,2.7117528808120106
WGNB005,validation,0.31,13893,0.06700582368297744,0.17692363060534083,2458,0.8185148185148186,2.6404216959172695
WGNB005,validation,0.32,14341,0.06700582368297744,0.17293075796666899,2480,0.8258408258408259,2.5808317615025653
WGNB005,validation,0.33,14789,0.06700582368297744,0.16884170667387924,2497,0.8315018315018315,2.51980644955153
WGNB005,validation,0.34,15237,0.06700582368297744,0.16473059001115706,2510,0.8358308358308358,2.458451832344331
WGNB005,validation,0.35,15685,0.06700582368297744,0.16149187121453618,2533,0.8434898434898435,2.410116947126829
WGNB005,validation,0.36,16134,0.06700582368297744,0.158671129292178,2560,0.8524808524808525,2.3680199805153315
WGNB005,validation,0.37,16582,0.06700582368297744,0.15559039922807863,2580,0.8591408591408591,2.3220429311371293
WGNB005,validation,0.38,17030,0.06700582368297744,0.15255431591309454,2598,0.8651348651348651,2.276732193232487
WGNB005,validation,0.39,17478,0.06700582368297744,0.1500171644352901,2622,0.8731268731268731,2.2388675519468517
WGNB005,validation,0.4,17926,0.06700582368297744,0.1472163338168024,2639,0.8787878787878788,2.1970677431460652
WGNB005,validation,0.41,18374,0.06700582368297744,0.14427996081419397,2651,0.8827838827838828,2.15324508951373
WGNB005,validation,0.42,18823,0.06700582368297744,0.14152898050257665,2664,0.8871128871128872,2.112189250477515
WGNB005,validation,0.43,19271,0.06700582368297744,0.13880961029526231,2675,0.8907758907758908,2.0716051630378858
WGNB005,validation,0.44,19719,0.06700582368297744,0.13631522896698617,2688,0.8951048951048951,2.0343788267110954
WGNB005,validation,0.45,20167,0.06700582368297744,0.13358456885010164,2694,0.8971028971028971,1.9936262478038644
WGNB005,validation,0.46,20615,0.06700582368297744,0.1309725927722532,2700,0.8991008991008991,1.9546449185061843
WGNB005,validation,0.47,21063,0.06700582368297744,0.12885154061624648,2714,0.9037629037629038,1.9229901750910152
WGNB005,validation,0.48,21512,0.06700582368297744,0.1263015991074749,2717,0.9047619047619048,1.8849346544121555
WGNB005,validation,0.49,21960,0.06700582368297744,0.12459016393442623,2736,0.9110889110889111,1.859393065950443
WGNB005,validation,0.5,22408,0.06700582368297744,0.12254551945733666,2746,0.9144189144189144,1.8288786365366156
WGNB006,validation,0.01,448,0.06700582368297744,0.5200892857142857,233,0.07758907758907758,7.7618519872984155
WGNB006,validation,0.02,896,0.06700582368297744,0.5111607142857143,458,0.1525141525141525,7.628601309404881
WGNB006,validation,0.03,1344,0.06700582368297744,0.5252976190476191,706,0.2350982350982351,7.839581549402978
WGNB006,validation,0.04,1792,0.06700582368297744,0.5083705357142857,911,0.30336330336330336,7.586960472563151
WGNB006,validation,0.05,2240,0.06700582368297744,0.471875,1057,0.351981351981352,7.042298326673326
WGNB006,validation,0.06,2689,0.06700582368297744,0.43994049832651544,1183,0.3939393939393939,6.565705399100713
WGNB006,validation,0.07,3137,0.06700582368297744,0.40771437679311445,1279,0.4259074259074259,6.084760314597739
WGNB006,validation,0.08,3585,0.06700582368297744,0.38605299860529985,1384,0.46087246087246087,5.761484261902671
WGNB006,validation,0.09,4033,0.06700582368297744,0.3612695264071411,1457,0.4851814851814852,5.3916138411551255
WGNB006,validation,0.1,4481,0.06700582368297744,0.34791341218478017,1559,0.5191475191475191,5.19228617844998
WGNB006,validation,0.11,4929,0.06700582368297744,0.3398255224183404,1675,0.5577755577755578,5.071581897510077
WGNB006,validation,0.12,5378,0.06700582368297744,0.3268873187058386,1758,0.5854145854145855,4.878491162983539
WGNB006,validation,0.13,5826,0.06700582368297744,0.31153450051493303,1815,0.6043956043956044,4.649364538653931
WGNB006,validation,0.14,6274,0.06700582368297744,0.29901179470832007,1876,0.6247086247086248,4.462474726421172
WGNB006,validation,0.15,6722,0.06700582368297744,0.28711692948527223,1930,0.6426906426906427,4.284954854725756
WGNB006,validation,0.16,7170,0.06700582368297744,0.27517433751743375,1973,0.657009657009657,4.106722705467475
WGNB006,validation,0.17,7618,0.06700582368297744,0.26358624310842743,2008,0.6686646686646687,3.933781104692105
WGNB006,validation,0.18,8067,0.06700582368297744,0.25585719598363704,2064,0.6873126873126874,3.8184322185809725
WGNB006,validation,0.19,8515,0.06700582368297744,0.24756312389900176,2108,0.701964701964702,3.694650857070117
WGNB006,validation,0.2,8963,0.06700582368297744,0.2383130648220462,2136,0.7112887112887113,3.5566022731034446
WGNB006,validation,0.21,9411,0.06700582368297744,0.23217511422803103,2185,0.7276057276057276,3.464999032420135
WGNB006,validation,0.22,9859,0.06700582368297744,0.2253778273658586,2222,0.73992673992674,3.36355580721135
WGNB006,validation,0.23,10307,0.06700582368297744,0.21888037256233628,2256,0.7512487512487512,3.266587298410331
WGNB006,validation,0.24,10756,0.06700582368297744,0.21271848270732616,2288,0.7619047619047619,3.174626786378367
WGNB006,validation,0.25,11204,0.06700582368297744,0.20751517315244555,2325,0.7742257742257742,3.096972199524859
WGNB006,validation,0.26,11652,0.06700582368297744,0.20245451424648128,2359,0.7855477855477856,3.021446541786397
WGNB006,validation,0.27,12100,0.06700582368297744,0.1965289256198347,2378,0.7918747918747919,2.933012607227483
WGNB006,validation,0.28,12548,0.06700582368297744,0.1913452343002869,2401,0.7995337995337995,2.8556508044075786
WGNB006,validation,0.29,12996,0.06700582368297744,0.1865958756540474,2425,0.8075258075258075,2.7847710153804335
WGNB006,validation,0.3,13445,0.06700582368297744,0.18170323540349573,2443,0.8135198135198135,2.7117528808120106
WGNB006,validation,0.31,13893,0.06700582368297744,0.17692363060534083,2458,0.8185148185148186,2.6404216959172695
WGNB006,validation,0.32,14341,0.06700582368297744,0.17293075796666899,2480,0.8258408258408259,2.5808317615025653
WGNB006,validation,0.33,14789,0.06700582368297744,0.16884170667387924,2497,0.8315018315018315,2.51980644955153
WGNB006,validation,0.34,15237,0.06700582368297744,0.16473059001115706,2510,0.8358308358308358,2.458451832344331
WGNB006,validation,0.35,15685,0.06700582368297744,0.16149187121453618,2533,0.8434898434898435,2.410116947126829
WGNB006,validation,0.36,16134,0.06700582368297744,0.158671129292178,2560,0.8524808524808525,2.3680199805153315
WGNB006,validation,0.37,16582,0.06700582368297744,0.15559039922807863,2580,0.8591408591408591,2.3220429311371293
WGNB006,validation,0.38,17030,0.06700582368297744,0.15255431591309454,2598,0.8651348651348651,2.276732193232487
WGNB006,validation,0.39,17478,0.06700582368297744,0.1500171644352901,2622,0.8731268731268731,2.2388675519468517
WGNB006,validation,0.4,17926,0.06700582368297744,0.1472163338168024,2639,0.8787878787878788,2.1970677431460652
WGNB006,validation,0.41,18374,0.06700582368297744,0.14427996081419397,2651,0.8827838827838828,2.15324508951373
WGNB006,validation,0.42,18823,0.06700582368297744,0.14152898050257665,2664,0.8871128871128872,2.112189250477515
WGNB006,validation,0.43,19271,0.06700582368297744,0.13880961029526231,2675,0.8907758907758908,2.0716051630378858
WGNB006,validation,0.44,19719,0.06700582368297744,0.13631522896698617,2688,0.8951048951048951,2.0343788267110954
WGNB006,validation,0.45,20167,0.06700582368297744,0.13358456885010164,2694,0.8971028971028971,1.9936262478038644
WGNB006,validation,0.46,20615,0.06700582368297744,0.1309725927722532,2700,0.8991008991008991,1.9546449185061843
WGNB006,validation,0.47,21063,0.06700582368297744,0.12885154061624648,2714,0.9037629037629038,1.9229901750910152
WGNB006,validation,0.48,21512,0.06700582368297744,0.1263015991074749,2717,0.9047619047619048,1.8849346544121555
WGNB006,validation,0.49,21960,0.06700582368297744,0.12459016393442623,2736,0.9110889110889111,1.859393065950443
WGNB006,validation,0.5,22408,0.06700582368297744,0.12254551945733666,2746,0.9144189144189144,1.8288786365366156
WGNB007,validation,0.01,448,0.06700582368297744,0.5200892857142857,233,0.07758907758907758,7.7618519872984155
WGNB007,validation,0.02,896,0.06700582368297744,0.5111607142857143,458,0.1525141525141525,7.628601309404881
WGNB007,validation,0.03,1344,0.06700582368297744,0.5252976190476191,706,0.2350982350982351,7.839581549402978
WGNB007,validation,0.04,1792,0.06700582368297744,0.5083705357142857,911,0.30336330336330336,7.586960472563151
WGNB007,validation,0.05,2240,0.06700582368297744,0.471875,1057,0.351981351981352,7.042298326673326
WGNB007,validation,0.06,2689,0.06700582368297744,0.43994049832651544,1183,0.3939393939393939,6.565705399100713
WGNB007,validation,0.07,3137,0.06700582368297744,0.40771437679311445,1279,0.4259074259074259,6.084760314597739
WGNB007,validation,0.08,3585,0.06700582368297744,0.38605299860529985,1384,0.46087246087246087,5.761484261902671
WGNB007,validation,0.09,4033,0.06700582368297744,0.3612695264071411,1457,0.4851814851814852,5.3916138411551255
WGNB007,validation,0.1,4481,0.06700582368297744,0.34791341218478017,1559,0.5191475191475191,5.19228617844998
WGNB007,validation,0.11,4929,0.06700582368297744,0.3398255224183404,1675,0.5577755577755578,5.071581897510077
WGNB007,validation,0.12,5378,0.06700582368297744,0.3268873187058386,1758,0.5854145854145855,4.878491162983539
WGNB007,validation,0.13,5826,0.06700582368297744,0.31153450051493303,1815,0.6043956043956044,4.649364538653931
WGNB007,validation,0.14,6274,0.06700582368297744,0.29901179470832007,1876,0.6247086247086248,4.462474726421172
WGNB007,validation,0.15,6722,0.06700582368297744,0.28711692948527223,1930,0.6426906426906427,4.284954854725756
WGNB007,validation,0.16,7170,0.06700582368297744,0.27517433751743375,1973,0.657009657009657,4.106722705467475
WGNB007,validation,0.17,7618,0.06700582368297744,0.26358624310842743,2008,0.6686646686646687,3.933781104692105
WGNB007,validation,0.18,8067,0.06700582368297744,0.25585719598363704,2064,0.6873126873126874,3.8184322185809725
WGNB007,validation,0.19,8515,0.06700582368297744,0.24756312389900176,2108,0.701964701964702,3.694650857070117
WGNB007,validation,0.2,8963,0.06700582368297744,0.2383130648220462,2136,0.7112887112887113,3.5566022731034446
WGNB007,validation,0.21,9411,0.06700582368297744,0.23217511422803103,2185,0.7276057276057276,3.464999032420135
WGNB007,validation,0.22,9859,0.06700582368297744,0.2253778273658586,2222,0.73992673992674,3.36355580721135
WGNB007,validation,0.23,10307,0.06700582368297744,0.21888037256233628,2256,0.7512487512487512,3.266587298410331
WGNB007,validation,0.24,10756,0.06700582368297744,0.21271848270732616,2288,0.7619047619047619,3.174626786378367
WGNB007,validation,0.25,11204,0.06700582368297744,0.20751517315244555,2325,0.7742257742257742,3.096972199524859
WGNB007,validation,0.26,11652,0.06700582368297744,0.20245451424648128,2359,0.7855477855477856,3.021446541786397
WGNB007,validation,0.27,12100,0.06700582368297744,0.1965289256198347,2378,0.7918747918747919,2.933012607227483
WGNB007,validation,0.28,12548,0.06700582368297744,0.1913452343002869,2401,0.7995337995337995,2.8556508044075786
WGNB007,validation,0.29,12996,0.06700582368297744,0.1865958756540474,2425,0.8075258075258075,2.7847710153804335
WGNB007,validation,0.3,13445,0.06700582368297744,0.18170323540349573,2443,0.8135198135198135,2.7117528808120106
WGNB007,validation,0.31,13893,0.06700582368297744,0.17692363060534083,2458,0.8185148185148186,2.6404216959172695
WGNB007,validation,0.32,14341,0.06700582368297744,0.17293075796666899,2480,0.8258408258408259,2.5808317615025653
WGNB007,validation,0.33,14789,0.06700582368297744,0.16884170667387924,2497,0.8315018315018315,2.51980644955153
WGNB007,validation,0.34,15237,0.06700582368297744,0.16473059001115706,2510,0.8358308358308358,2.458451832344331
WGNB007,validation,0.35,15685,0.06700582368297744,0.16149187121453618,2533,0.8434898434898435,2.410116947126829
WGNB007,validation,0.36,16134,0.06700582368297744,0.158671129292178,2560,0.8524808524808525,2.3680199805153315
WGNB007,validation,0.37,16582,0.06700582368297744,0.15559039922807863,2580,0.8591408591408591,2.3220429311371293
WGNB007,validation,0.38,17030,0.06700582368297744,0.15255431591309454,2598,0.8651348651348651,2.276732193232487
WGNB007,validation,0.39,17478,0.06700582368297744,0.1500171644352901,2622,0.8731268731268731,2.2388675519468517
WGNB007,validation,0.4,17926,0.06700582368297744,0.1472163338168024,2639,0.8787878787878788,2.1970677431460652
WGNB007,validation,0.41,18374,0.06700582368297744,0.14427996081419397,2651,0.8827838827838828,2.15324508951373
WGNB007,validation,0.42,18823,0.06700582368297744,0.14152898050257665,2664,0.8871128871128872,2.112189250477515
WGNB007,validation,0.43,19271,0.06700582368297744,0.13880961029526231,2675,0.8907758907758908,2.0716051630378858
WGNB007,validation,0.44,19719,0.06700582368297744,0.13631522896698617,2688,0.8951048951048951,2.0343788267110954
WGNB007,validation,0.45,20167,0.06700582368297744,0.13358456885010164,2694,0.8971028971028971,1.9936262478038644
WGNB007,validation,0.46,20615,0.06700582368297744,0.1309725927722532,2700,0.8991008991008991,1.9546449185061843
WGNB007,validation,0.47,21063,0.06700582368297744,0.12885154061624648,2714,0.9037629037629038,1.9229901750910152
WGNB007,validation,0.48,21512,0.06700582368297744,0.1263015991074749,2717,0.9047619047619048,1.8849346544121555
WGNB007,validation,0.49,21960,0.06700582368297744,0.12459016393442623,2736,0.9110889110889111,1.859393065950443
WGNB007,validation,0.5,22408,0.06700582368297744,0.12254551945733666,2746,0.9144189144189144,1.8288786365366156
WGNB008,validation,0.01,448,0.06700582368297744,0.5200892857142857,233,0.07758907758907758,7.7618519872984155
WGNB008,validation,0.02,896,0.06700582368297744,0.5111607142857143,458,0.1525141525141525,7.628601309404881
WGNB008,validation,0.03,1344,0.06700582368297744,0.5252976190476191,706,0.2350982350982351,7.839581549402978
WGNB008,validation,0.04,1792,0.06700582368297744,0.5083705357142857,911,0.30336330336330336,7.586960472563151
WGNB008,validation,0.05,2240,0.06700582368297744,0.471875,1057,0.351981351981352,7.042298326673326
WGNB008,validation,0.06,2689,0.06700582368297744,0.43994049832651544,1183,0.3939393939393939,6.565705399100713
WGNB008,validation,0.07,3137,0.06700582368297744,0.40771437679311445,1279,0.4259074259074259,6.084760314597739
WGNB008,validation,0.08,3585,0.06700582368297744,0.38605299860529985,1384,0.46087246087246087,5.761484261902671
WGNB008,validation,0.09,4033,0.06700582368297744,0.3612695264071411,1457,0.4851814851814852,5.3916138411551255
WGNB008,validation,0.1,4481,0.06700582368297744,0.34791341218478017,1559,0.5191475191475191,5.19228617844998
WGNB008,validation,0.11,4929,0.06700582368297744,0.3398255224183404,1675,0.5577755577755578,5.071581897510077
WGNB008,validation,0.12,5378,0.06700582368297744,0.3268873187058386,1758,0.5854145854145855,4.878491162983539
WGNB008,validation,0.13,5826,0.06700582368297744,0.31153450051493303,1815,0.6043956043956044,4.649364538653931
WGNB008,validation,0.14,6274,0.06700582368297744,0.29901179470832007,1876,0.6247086247086248,4.462474726421172
WGNB008,validation,0.15,6722,0.06700582368297744,0.28711692948527223,1930,0.6426906426906427,4.284954854725756
WGNB008,validation,0.16,7170,0.06700582368297744,0.27517433751743375,1973,0.657009657009657,4.106722705467475
WGNB008,validation,0.17,7618,0.06700582368297744,0.26358624310842743,2008,0.6686646686646687,3.933781104692105
WGNB008,validation,0.18,8067,0.06700582368297744,0.25585719598363704,2064,0.6873126873126874,3.8184322185809725
WGNB008,validation,0.19,8515,0.06700582368297744,0.24756312389900176,2108,0.701964701964702,3.694650857070117
WGNB008,validation,0.2,8963,0.06700582368297744,0.2383130648220462,2136,0.7112887112887113,3.5566022731034446
WGNB008,validation,0.21,9411,0.06700582368297744,0.23217511422803103,2185,0.7276057276057276,3.464999032420135
WGNB008,validation,0.22,9859,0.06700582368297744,0.2253778273658586,2222,0.73992673992674,3.36355580721135
WGNB008,validation,0.23,10307,0.06700582368297744,0.21888037256233628,2256,0.7512487512487512,3.266587298410331
WGNB008,validation,0.24,10756,0.06700582368297744,0.21271848270732616,2288,0.7619047619047619,3.174626786378367
WGNB008,validation,0.25,11204,0.06700582368297744,0.20751517315244555,2325,0.7742257742257742,3.096972199524859
WGNB008,validation,0.26,11652,0.06700582368297744,0.20245451424648128,2359,0.7855477855477856,3.021446541786397
WGNB008,validation,0.27,12100,0.06700582368297744,0.1965289256198347,2378,0.7918747918747919,2.933012607227483
WGNB008,validation,0.28,12548,0.06700582368297744,0.1913452343002869,2401,0.7995337995337995,2.8556508044075786
WGNB008,validation,0.29,12996,0.06700582368297744,0.1865958756540474,2425,0.8075258075258075,2.7847710153804335
WGNB008,validation,0.3,13445,0.06700582368297744,0.18170323540349573,2443,0.8135198135198135,2.7117528808120106
WGNB008,validation,0.31,13893,0.06700582368297744,0.17692363060534083,2458,0.8185148185148186,2.6404216959172695
WGNB008,validation,0.32,14341,0.06700582368297744,0.17293075796666899,2480,0.8258408258408259,2.5808317615025653
WGNB008,validation,0.33,14789,0.06700582368297744,0.16884170667387924,2497,0.8315018315018315,2.51980644955153
WGNB008,validation,0.34,15237,0.06700582368297744,0.16473059001115706,2510,0.8358308358308358,2.458451832344331
WGNB008,validation,0.35,15685,0.06700582368297744,0.16149187121453618,2533,0.8434898434898435,2.410116947126829
WGNB008,validation,0.36,16134,0.06700582368297744,0.158671129292178,2560,0.8524808524808525,2.3680199805153315
WGNB008,validation,0.37,16582,0.06700582368297744,0.15559039922807863,2580,0.8591408591408591,2.3220429311371293
WGNB008,validation,0.38,17030,0.06700582368297744,0.15255431591309454,2598,0.8651348651348651,2.276732193232487
WGNB008,validation,0.39,17478,0.06700582368297744,0.1500171644352901,2622,0.8731268731268731,2.2388675519468517
WGNB008,validation,0.4,17926,0.06700582368297744,0.1472163338168024,2639,0.8787878787878788,2.1970677431460652
WGNB008,validation,0.41,18374,0.06700582368297744,0.14427996081419397,2651,0.8827838827838828,2.15324508951373
WGNB008,validation,0.42,18823,0.06700582368297744,0.14152898050257665,2664,0.8871128871128872,2.112189250477515
WGNB008,validation,0.43,19271,0.06700582368297744,0.13880961029526231,2675,0.8907758907758908,2.0716051630378858
WGNB008,validation,0.44,19719,0.06700582368297744,0.13631522896698617,2688,0.8951048951048951,2.0343788267110954
WGNB008,validation,0.45,20167,0.06700582368297744,0.13358456885010164,2694,0.8971028971028971,1.9936262478038644
WGNB008,validation,0.46,20615,0.06700582368297744,0.1309725927722532,2700,0.8991008991008991,1.9546449185061843
WGNB008,validation,0.47,21063,0.06700582368297744,0.12885154061624648,2714,0.9037629037629038,1.9229901750910152
WGNB008,validation,0.48,21512,0.06700582368297744,0.1263015991074749,2717,0.9047619047619048,1.8849346544121555
WGNB008,validation,0.49,21960,0.06700582368297744,0.12459016393442623,2736,0.9110889110889111,1.859393065950443
WGNB008,validation,0.5,22408,0.06700582368297744,0.12254551945733666,2746,0.9144189144189144,1.8288786365366156
WGNB009,validation,0.01,448,0.06700582368297744,0.5200892857142857,233,0.07758907758907758,7.7618519872984155
WGNB009,validation,0.02,896,0.06700582368297744,0.5111607142857143,458,0.1525141525141525,7.628601309404881
WGNB009,validation,0.03,1344,0.06700582368297744,0.5252976190476191,706,0.2350982350982351,7.839581549402978
WGNB009,validation,0.04,1792,0.06700582368297744,0.5083705357142857,911,0.30336330336330336,7.586960472563151
WGNB009,validation,0.05,2240,0.06700582368297744,0.471875,1057,0.351981351981352,7.042298326673326
WGNB009,validation,0.06,2689,0.06700582368297744,0.43994049832651544,1183,0.3939393939393939,6.565705399100713
WGNB009,validation,0.07,3137,0.06700582368297744,0.40771437679311445,1279,0.4259074259074259,6.084760314597739
WGNB009,validation,0.08,3585,0.06700582368297744,0.38605299860529985,1384,0.46087246087246087,5.761484261902671
WGNB009,validation,0.09,4033,0.06700582368297744,0.3612695264071411,1457,0.4851814851814852,5.3916138411551255
WGNB009,validation,0.1,4481,0.06700582368297744,0.3476902477125642,1558,0.5188145188145188,5.188955654923073
WGNB009,validation,0.11,4929,0.06700582368297744,0.34002840332724693,1676,0.5581085581085581,5.074609707598143
WGNB009,validation,0.12,5378,0.06700582368297744,0.3268873187058386,1758,0.5854145854145855,4.878491162983539
WGNB009,validation,0.13,5826,0.06700582368297744,0.31153450051493303,1815,0.6043956043956044,4.649364538653931
WGNB009,validation,0.14,6274,0.06700582368297744,0.29901179470832007,1876,0.6247086247086248,4.462474726421172
WGNB009,validation,0.15,6722,0.06700582368297744,0.28711692948527223,1930,0.6426906426906427,4.284954854725756
WGNB009,validation,0.16,7170,0.06700582368297744,0.27517433751743375,1973,0.657009657009657,4.106722705467475
WGNB009,validation,0.17,7618,0.06700582368297744,0.26358624310842743,2008,0.6686646686646687,3.933781104692105
WGNB009,validation,0.18,8067,0.06700582368297744,0.25585719598363704,2064,0.6873126873126874,3.8184322185809725
WGNB009,validation,0.19,8515,0.06700582368297744,0.24756312389900176,2108,0.701964701964702,3.694650857070117
WGNB009,validation,0.2,8963,0.06700582368297744,0.2385362043958496,2138,0.7119547119547119,3.5599324250445523
WGNB009,validation,0.21,9411,0.06700582368297744,0.232281372861545,2186,0.7279387279387279,3.466584844334286
WGNB009,validation,0.22,9859,0.06700582368297744,0.22547925753118978,2223,0.7402597402597403,3.3650695586997443
WGNB009,validation,0.23,10307,0.06700582368297744,0.21888037256233628,2256,0.7512487512487512,3.266587298410331
WGNB009,validation,0.24,10756,0.06700582368297744,0.21271848270732616,2288,0.7619047619047619,3.174626786378367
WGNB009,validation,0.25,11204,0.06700582368297744,0.20751517315244555,2325,0.7742257742257742,3.096972199524859
WGNB009,validation,0.26,11652,0.06700582368297744,0.20245451424648128,2359,0.7855477855477856,3.021446541786397
WGNB009,validation,0.27,12100,0.06700582368297744,0.1965289256198347,2378,0.7918747918747919,2.933012607227483
WGNB009,validation,0.28,12548,0.06700582368297744,0.1913452343002869,2401,0.7995337995337995,2.8556508044075786
WGNB009,validation,0.29,12996,0.06700582368297744,0.1865958756540474,2425,0.8075258075258075,2.7847710153804335
WGNB009,validation,0.3,13445,0.06700582368297744,0.18170323540349573,2443,0.8135198135198135,2.7117528808120106
WGNB009,validation,0.31,13893,0.06700582368297744,0.17692363060534083,2458,0.8185148185148186,2.6404216959172695
WGNB009,validation,0.32,14341,0.06700582368297744,0.17293075796666899,2480,0.8258408258408259,2.5808317615025653
WGNB009,validation,0.33,14789,0.06700582368297744,0.16884170667387924,2497,0.8315018315018315,2.51980644955153
WGNB009,validation,0.34,15237,0.06700582368297744,0.16473059001115706,2510,0.8358308358308358,2.458451832344331
WGNB009,validation,0.35,15685,0.06700582368297744,0.16149187121453618,2533,0.8434898434898435,2.410116947126829
WGNB009,validation,0.36,16134,0.06700582368297744,0.158671129292178,2560,0.8524808524808525,2.3680199805153315
WGNB009,validation,0.37,16582,0.06700582368297744,0.15559039922807863,2580,0.8591408591408591,2.3220429311371293
WGNB009,validation,0.38,17030,0.06700582368297744,0.15255431591309454,2598,0.8651348651348651,2.276732193232487
WGNB009,validation,0.39,17478,0.06700582368297744,0.1500171644352901,2622,0.8731268731268731,2.2388675519468517
WGNB009,validation,0.4,17926,0.06700582368297744,0.1472163338168024,2639,0.8787878787878788,2.1970677431460652
WGNB009,validation,0.41,18374,0.06700582368297744,0.14427996081419397,2651,0.8827838827838828,2.15324508951373
WGNB009,validation,0.42,18823,0.06700582368297744,0.14152898050257665,2664,0.8871128871128872,2.112189250477515
WGNB009,validation,0.43,19271,0.06700582368297744,0.13880961029526231,2675,0.8907758907758908,2.0716051630378858
WGNB009,validation,0.44,19719,0.06700582368297744,0.13631522896698617,2688,0.8951048951048951,2.0343788267110954
WGNB009,validation,0.45,20167,0.06700582368297744,0.13358456885010164,2694,0.8971028971028971,1.9936262478038644
WGNB009,validation,0.46,20615,0.06700582368297744,0.1309725927722532,2700,0.8991008991008991,1.9546449185061843
WGNB009,validation,0.47,21063,0.06700582368297744,0.12889901723401226,2715,0.9040959040959041,1.92369871973917
WGNB009,validation,0.48,21512,0.06700582368297744,0.1263480847898847,2718,0.9050949050949051,1.8856284102658218
WGNB009,validation,0.49,21960,0.06700582368297744,0.12459016393442623,2736,0.9110889110889111,1.859393065950443
WGNB009,validation,0.5,22408,0.06700582368297744,0.12254551945733666,2746,0.9144189144189144,1.8288786365366156
WGNB010,validation,0.01,448,0.06700582368297744,0.5200892857142857,233,0.07758907758907758,7.7618519872984155
WGNB010,validation,0.02,896,0.06700582368297744,0.5111607142857143,458,0.1525141525141525,7.628601309404881
WGNB010,validation,0.03,1344,0.06700582368297744,0.5245535714285714,705,0.23476523476523475,7.828477326245182
WGNB010,validation,0.04,1792,0.06700582368297744,0.5083705357142857,911,0.30336330336330336,7.586960472563151
WGNB010,validation,0.05,2240,0.06700582368297744,0.471875,1057,0.351981351981352,7.042298326673326
WGNB010,validation,0.06,2689,0.06700582368297744,0.43994049832651544,1183,0.3939393939393939,6.565705399100713
WGNB010,validation,0.07,3137,0.06700582368297744,0.40803315269365636,1280,0.42624042624042624,6.089517750340192
WGNB010,validation,0.08,3585,0.06700582368297744,0.38633193863319387,1385,0.4612054612054612,5.765647184057226
WGNB010,validation,0.09,4033,0.06700582368297744,0.36102157203074636,1456,0.48484848484848486,5.3879133512161035
WGNB010,validation,0.1,4481,0.06700582368297744,0.34791341218478017,1559,0.5191475191475191,5.19228617844998
WGNB010,validation,0.11,4929,0.06700582368297744,0.3398255224183404,1675,0.5577755577755578,5.071581897510077
WGNB010,validation,0.12,5378,0.06700582368297744,0.3268873187058386,1758,0.5854145854145855,4.878491162983539
WGNB010,validation,0.13,5826,0.06700582368297744,0.3118777892207346,1817,0.6050616050616051,4.654487805363191
WGNB010,validation,0.14,6274,0.06700582368297744,0.29901179470832007,1876,0.6247086247086248,4.462474726421172
WGNB010,validation,0.15,6722,0.06700582368297744,0.2872656947337102,1931,0.643023643023643,4.287175038588308
WGNB010,validation,0.16,7170,0.06700582368297744,0.27517433751743375,1973,0.657009657009657,4.106722705467475
WGNB010,validation,0.17,7618,0.06700582368297744,0.263848779207141,2010,0.6693306693306693,3.937699213362117
WGNB010,validation,0.18,8067,0.06700582368297744,0.2563530432626751,2068,0.6886446886446886,3.8258322810200833
WGNB010,validation,0.19,8515,0.06700582368297744,0.24803288314738697,2112,0.7032967032967034,3.7016615797590546
WGNB010,validation,0.2,8963,0.06700582368297744,0.23887091375655473,2141,0.7129537129537129,3.564927652956215
WGNB010,validation,0.21,9411,0.06700582368297744,0.23238763149505898,2187,0.7282717282717283,3.4681706562484376
WGNB010,validation,0.22,9859,0.06700582368297744,0.2253778273658586,2222,0.73992673992674,3.36355580721135
WGNB010,validation,0.23,10307,0.06700582368297744,0.21888037256233628,2256,0.7512487512487512,3.266587298410331
WGNB010,validation,0.24,10756,0.06700582368297744,0.21290442543696542,2290,0.7625707625707626,3.177401809793033
WGNB010,validation,0.25,11204,0.06700582368297744,0.20742591931453053,2324,0.7738927738927739,3.0956401684713
WGNB010,validation,0.26,11652,0.06700582368297744,0.20254033642293168,2360,0.7858807858807859,3.0227273584637127
WGNB010,validation,0.27,12100,0.06700582368297744,0.1965289256198347,2378,0.7918747918747919,2.933012607227483
WGNB010,validation,0.28,12548,0.06700582368297744,0.1913452343002869,2401,0.7995337995337995,2.8556508044075786
WGNB010,validation,0.29,12996,0.06700582368297744,0.1865958756540474,2425,0.8075258075258075,2.7847710153804335
WGNB010,validation,0.3,13445,0.06700582368297744,0.18170323540349573,2443,0.8135198135198135,2.7117528808120106
WGNB010,validation,0.31,13893,0.06700582368297744,0.17721154538256675,2462,0.8198468198468198,2.6447185579122525
WGNB010,validation,0.32,14341,0.06700582368297744,0.17293075796666899,2480,0.8258408258408259,2.5808317615025653
WGNB010,validation,0.33,14789,0.06700582368297744,0.16884170667387924,2497,0.8315018315018315,2.51980644955153
WGNB010,validation,0.34,15237,0.06700582368297744,0.16479621972829298,2511,0.8361638361638362,2.459431295225743
WGNB010,validation,0.35,15685,0.06700582368297744,0.16155562639464457,2534,0.8438228438228438,2.41106843427532
WGNB010,validation,0.36,16134,0.06700582368297744,0.158671129292178,2560,0.8524808524808525,2.3680199805153315
WGNB010,validation,0.37,16582,0.06700582368297744,0.15559039922807863,2580,0.8591408591408591,2.3220429311371293
WGNB010,validation,0.38,17030,0.06700582368297744,0.15284791544333529,2603,0.8667998667998668,2.2811138949130725
WGNB010,validation,0.39,17478,0.06700582368297744,0.15018880878819088,2625,0.8741258741258742,2.241429185301482
WGNB010,validation,0.4,17926,0.06700582368297744,0.14727211871025325,2640,0.8791208791208791,2.197900281131342
WGNB010,validation,0.41,18374,0.06700582368297744,0.14433438554479155,2652,0.8831168831168831,2.1540573283253157
WGNB010,validation,0.42,18823,0.06700582368297744,0.14158210699675927,2665,0.8874458874458875,2.1129821143102765
WGNB010,validation,0.43,19271,0.06700582368297744,0.13886150173836334,2676,0.8911088911088911,2.072379594874535
WGNB010,validation,0.44,19719,0.06700582368297744,0.13636594147776257,2689,0.8954378954378954,2.035135664072223
WGNB010,validation,0.45,20167,0.06700582368297744,0.13363415480735855,2695,0.8974358974358975,1.9943662723947344
WGNB010,validation,0.46,20615,0.06700582368297744,0.13106960950764007,2702,0.8997668997668997,1.956092803631004
WGNB010,validation,0.47,21063,0.06700582368297744,0.12889901723401226,2715,0.9040959040959041,1.92369871973917
WGNB010,validation,0.48,21512,0.06700582368297744,0.12639457047229452,2719,0.9054279054279054,1.8863221661194882
WGNB010,validation,0.49,21960,0.06700582368297744,0.12468123861566484,2738,0.9117549117549117,1.860752271408009
WGNB010,validation,0.5,22408,0.06700582368297744,0.12259014637629419,2747,0.9147519147519148,1.8295446520633953
WGNB011,validation,0.01,448,0.06700582368297744,0.5401785714285714,242,0.08058608058608059,8.061666012558868
WGNB011,validation,0.02,896,0.06700582368297744,0.5513392857142857,494,0.1645021645021645,8.228229359925788
WGNB011,validation,0.03,1344,0.06700582368297744,0.5297619047619048,712,0.2370962370962371,7.906206888349745
WGNB011,validation,0.04,1792,0.06700582368297744,0.48270089285714285,865,0.28804528804528806,7.203864773619237
WGNB011,validation,0.05,2240,0.06700582368297744,0.44419642857142855,995,0.33133533133533133,6.629221225203367
WGNB011,validation,0.06,2689,0.06700582368297744,0.41539605801413165,1117,0.37196137196137197,6.199402308364748
WGNB011,validation,0.07,3137,0.06700582368297744,0.4003825310806503,1256,0.41824841824841824,5.975339292521313
WGNB011,validation,0.08,3585,0.06700582368297744,0.38437935843793586,1378,0.4588744588744589,5.736506728975348
WGNB011,validation,0.09,4033,0.06700582368297744,0.37069179271014135,1495,0.49783549783549785,5.532232458837964
WGNB011,validation,0.1,4481,0.06700582368297744,0.3508145503235885,1572,0.5234765234765235,5.235582984299788
WGNB011,validation,0.11,4929,0.06700582368297744,0.3369851896936498,1661,0.5531135531135531,5.029192556277157
WGNB011,validation,0.12,5378,0.06700582368297744,0.3187058386017107,1714,0.5707625707625708,4.756390132738217
WGNB011,validation,0.13,5826,0.06700582368297744,0.3041537933401991,1772,0.5900765900765901,4.53921430440483
WGNB011,validation,0.14,6274,0.06700582368297744,0.2943895441504622,1847,0.6150516150516151,4.393491908155599
WGNB011,validation,0.15,6722,0.06700582368297744,0.2813150847961916,1891,0.6297036297036297,4.19836768408622
WGNB011,validation,0.16,7170,0.06700582368297744,0.2686192468619247,1926,0.6413586413586414,4.008894034835457
WGNB011,validation,0.17,7618,0.06700582368297744,0.25636650039380415,1953,0.6503496503496503,3.8260331162667733
WGNB011,validation,0.18,8067,0.06700582368297744,0.2485434486178257,2005,0.6676656676656677,3.709281297604094
WGNB011,validation,0.19,8515,0.06700582368297744,0.24039929536112742,2047,0.6816516816516817,3.5877373360638187
WGNB011,validation,0.2,8963,0.06700582368297744,0.23228829632935402,2082,0.6933066933066933,3.466688170693526
WGNB011,validation,0.21,9411,0.06700582368297744,0.22516204441610882,2119,0.7056277056277056,3.360335446086163
WGNB011,validation,0.22,9859,0.06700582368297744,0.21959630794198196,2165,0.720945720945721,3.2772719723728954
WGNB011,validation,0.23,10307,0.06700582368297744,0.21402930047540505,2206,0.7345987345987346,3.194189530271804
WGNB011,validation,0.24,10756,0.06700582368297744,0.20806991446634437,2238,0.7452547452547452,3.105251201011707
WGNB011,validation,0.25,11204,0.06700582368297744,0.20305248125669403,2275,0.7575757575757576,3.030370646846905
WGNB011,validation,0.26,11652,0.06700582368297744,0.1991074493649159,2320,0.7725607725607726,2.9714946913711073
WGNB011,validation,0.27,12100,0.06700582368297744,0.19404958677685952,2348,0.7818847818847818,2.896010766093411
WGNB011,validation,0.28,12548,0.06700582368297744,0.18919349697162893,2374,0.7905427905427905,2.8235381131460184
WGNB011,validation,0.29,12996,0.06700582368297744,0.18482610033856572,2402,0.7998667998667999,2.7583587542036296
WGNB011,validation,0.3,13445,0.06700582368297744,0.18036444775009297,2425,0.8075258075258075,2.6917727122264123
WGNB011,validation,0.31,13893,0.06700582368297744,0.17670769452242135,2455,0.8175158175158175,2.6371990494210316
WGNB011,validation,0.32,14341,0.06700582368297744,0.1728610278223276,2479,0.8255078255078255,2.579791103534218
WGNB011,validation,0.33,14789,0.06700582368297744,0.1687740888498208,2496,0.8311688311688312,2.5187973160114616
WGNB011,validation,0.34,15237,0.06700582368297744,0.16512436831397256,2516,0.8378288378288379,2.4643286096328034
WGNB011,validation,0.35,15685,0.06700582368297744,0.1618744022951865,2539,0.8454878454878455,2.4158258700177733
WGNB011,validation,0.36,16134,0.06700582368297744,0.15829924383289948,2554,0.8504828504828504,2.362469933685999
WGNB011,validation,0.37,16582,0.06700582368297744,0.15492702930888916,2569,0.8554778554778555,2.3121427480973975
WGNB011,validation,0.38,17030,0.06700582368297744,0.15167351732237228,2583,0.8601398601398601,2.2635870881907287
WGNB011,validation,0.39,17478,0.06700582368297744,0.14824350612198192,2591,0.8628038628038628,2.2123973406156723
WGNB011,validation,0.4,17926,0.06700582368297744,0.1455427870132768,2609,0.8687978687978688,2.1720916035877544
WGNB011,validation,0.41,18374,0.06700582368297744,0.1425927941656689,2620,0.8724608724608724,2.128065686354573
WGNB011,validation,0.42,18823,0.06700582368297744,0.14014769165382776,2638,0.8784548784548785,2.091574790825707
WGNB011,validation,0.43,19271,0.06700582368297744,0.1376679985470396,2653,0.8834498834498834,2.0545676626315927
WGNB011,validation,0.44,19719,0.06700582368297744,0.1354024037730108,2670,0.8891108891108891,2.0207557542107972
WGNB011,validation,0.45,20167,0.06700582368297744,0.1329399514057619,2681,0.8927738927738927,1.9840059281225544
WGNB011,validation,0.46,20615,0.06700582368297744,0.13063303419839922,2693,0.8967698967698968,1.9495773205693165
WGNB011,validation,0.47,21063,0.06700582368297744,0.1280919147319945,2698,0.8984348984348984,1.911653460720545
WGNB011,validation,0.48,21512,0.06700582368297744,0.12588322796578655,2708,0.9017649017649018,1.878690851729156
WGNB011,validation,0.49,21960,0.06700582368297744,0.12372495446265938,2717,0.9047619047619048,1.8464806141035648
WGNB011,validation,0.5,22408,0.06700582368297744,0.12187611567297393,2731,0.9094239094239094,1.8188884036349227
WGNB012,validation,0.01,448,0.06700582368297744,0.515625,231,0.07692307692307693,7.695226648351648
WGNB012,validation,0.02,896,0.06700582368297744,0.5189732142857143,465,0.15484515484515485,7.745195652561724
WGNB012,validation,0.03,1344,0.06700582368297744,0.5275297619047619,709,0.2360972360972361,7.872894218876361
WGNB012,validation,0.04,1792,0.06700582368297744,0.5055803571428571,906,0.3016983016983017,7.5453196357214205
WGNB012,validation,0.05,2240,0.06700582368297744,0.4714285714285714,1056,0.3516483516483517,7.035635792778649
WGNB012,validation,0.06,2689,0.06700582368297744,0.44291558200074377,1191,0.3966033966033966,6.610105773735375
WGNB012,validation,0.07,3137,0.06700582368297744,0.41122091169907554,1290,0.42957042957042957,6.137092107764724
WGNB012,validation,0.08,3585,0.06700582368297744,0.38437935843793586,1378,0.4588744588744589,5.736506728975348
WGNB012,validation,0.09,4033,0.06700582368297744,0.35978180014877265,1451,0.4831834831834832,5.369410901520993
WGNB012,validation,0.1,4481,0.06700582368297744,0.34657442535148403,1553,0.5171495171495172,5.172303037288531
WGNB012,validation,0.11,4929,0.06700582368297744,0.3398255224183404,1675,0.5577755577755578,5.071581897510077
WGNB012,validation,0.12,5378,0.06700582368297744,0.3250278914094459,1748,0.5820845820845821,4.850740928836875
WGNB012,validation,0.13,5826,0.06700582368297744,0.31273601098523857,1822,0.6067266067266067,4.667295972136342
WGNB012,validation,0.14,6274,0.06700582368297744,0.2996493465094039,1880,0.626040626040626,4.471989597906078
WGNB012,validation,0.15,6722,0.06700582368297744,0.28756322523058614,1933,0.6436896436896437,4.291615406313412
WGNB012,validation,0.16,7170,0.06700582368297744,0.27531380753138074,1974,0.6573426573426573,4.108804166544752
WGNB012,validation,0.17,7618,0.06700582368297744,0.2645051194539249,2015,0.670995670995671,3.9474944850371467
WGNB012,validation,0.18,8067,0.06700582368297744,0.25660096690219414,2070,0.6893106893106893,3.8295323122396385
WGNB012,validation,0.19,8515,0.06700582368297744,0.24803288314738697,2112,0.7032967032967034,3.7016615797590546
WGNB012,validation,0.2,8963,0.06700582368297744,0.24043289077317861,2155,0.7176157176157176,3.5882387165439713
WGNB012,validation,0.21,9411,0.06700582368297744,0.23323770056317075,2195,0.7309357309357309,3.480857151561646
WGNB012,validation,0.22,9859,0.06700582368297744,0.2271021401764885,2239,0.7455877455877455,3.3892895825140474
WGNB012,validation,0.23,10307,0.06700582368297744,0.22120888716406326,2280,0.7592407592407593,3.301338227116824
WGNB012,validation,0.24,10756,0.06700582368297744,0.21457791000371884,2308,0.7685647685647685,3.202377020525031
WGNB012,validation,0.25,11204,0.06700582368297744,0.2091217422349161,2343,0.7802197802197802,3.1209487584889226
WGNB012,validation,0.26,11652,0.06700582368297744,0.20305526948163405,2366,0.7878787878787878,3.0304122585276034
WGNB012,validation,0.27,12100,0.06700582368297744,0.19776859504132233,2393,0.7968697968697969,2.9515135277945195
WGNB012,validation,0.28,12548,0.06700582368297744,0.1929391138029965,2421,0.8061938061938062,2.879437983119845
WGNB012,validation,0.29,12996,0.06700582368297744,0.18821175746383503,2446,0.8145188145188145,2.8088865581940374
WGNB012,validation,0.3,13445,0.06700582368297744,0.1832651543324656,2464,0.8205128205128205,2.7350630774952083
WGNB012,validation,0.31,13893,0.06700582368297744,0.17872309796300295,2483,0.8268398268398268,2.667277083385915
WGNB012,validation,0.32,14341,0.06700582368297744,0.17474374171954535,2506,0.8344988344988346,2.6078888686796082
WGNB012,validation,0.33,14789,0.06700582368297744,0.17053215227533977,2522,0.8398268398268398,2.5450347880532473
WGNB012,validation,0.34,15237,0.06700582368297744,0.16683074095950645,2542,0.8464868464868465,2.489794644549517
WGNB012,validation,0.35,15685,0.06700582368297744,0.16283072999681225,2554,0.8504828504828504,2.430098177245133
WGNB012,validation,0.36,16134,0.06700582368297744,0.15947688112061484,2573,0.8568098568098568,2.380045081978886
WGNB012,validation,0.37,16582,0.06700582368297744,0.15571101194065853,2582,0.8598068598068598,2.323842964417081
WGNB012,validation,0.38,17030,0.06700582368297744,0.15267175572519084,2600,0.8658008658008658,2.278484873904721
WGNB012,validation,0.39,17478,0.06700582368297744,0.14973109051378877,2617,0.8714618714618715,2.234598163022468
WGNB012,validation,0.4,17926,0.06700582368297744,0.14693740934954813,2634,0.8771228771228772,2.19290505321968
WGNB012,validation,0.41,18374,0.06700582368297744,0.1444976597365843,2655,0.8841158841158842,2.1564940447600724
WGNB012,validation,0.42,18823,0.06700582368297744,0.14158210699675927,2665,0.8874458874458875,2.1129821143102765
WGNB012,validation,0.43,19271,0.06700582368297744,0.13891339318146437,2677,0.8914418914418915,2.073154026711185
WGNB012,validation,0.44,19719,0.06700582368297744,0.13641665398853897,2690,0.8957708957708957,2.0358925014333504
WGNB012,validation,0.45,20167,0.06700582368297744,0.1339316705509,2701,0.8994338994338994,1.998806419939955
WGNB012,validation,0.46,20615,0.06700582368297744,0.1314576764491875,2710,0.9024309024309024,1.9618843441302816
WGNB012,validation,0.47,21063,0.06700582368297744,0.12899397046954375,2717,0.9047619047619048,1.9251158090354785
WGNB012,validation,0.48,21512,0.06700582368297744,0.12699888434362216,2732,0.9097569097569097,1.8953409922171542
WGNB012,validation,0.49,21960,0.06700582368297744,0.12477231329690346,2740,0.9124209124209124,1.862111476865575
WGNB012,validation,0.5,22408,0.06700582368297744,0.12254551945733666,2746,0.9144189144189144,1.8288786365366156
WGNB013,validation,0.01,448,0.06700582368297744,0.5133928571428571,230,0.07659007659007659,7.661913978878264
WGNB013,validation,0.02,896,0.06700582368297744,0.5055803571428571,453,0.15084915084915085,7.5453196357214205
WGNB013,validation,0.03,1344,0.06700582368297744,0.5245535714285714,705,0.23476523476523475,7.828477326245182
WGNB013,validation,0.04,1792,0.06700582368297744,0.5072544642857143,909,0.3026973026973027,7.570304137826459
WGNB013,validation,0.05,2240,0.06700582368297744,0.471875,1057,0.351981351981352,7.042298326673326
WGNB013,validation,0.06,2689,0.06700582368297744,0.44068426924507254,1185,0.3946053946053946,6.576805492759379
WGNB013,validation,0.07,3137,0.06700582368297744,0.41217723940070133,1293,0.4305694305694306,6.151364414992085
WGNB013,validation,0.08,3585,0.06700582368297744,0.38605299860529985,1384,0.46087246087246087,5.761484261902671
WGNB013,validation,0.09,4033,0.06700582368297744,0.35978180014877265,1451,0.4831834831834832,5.369410901520993
WGNB013,validation,0.1,4481,0.06700582368297744,0.3490292345458603,1564,0.5208125208125208,5.208938796084523
WGNB013,validation,0.11,4929,0.06700582368297744,0.34165145059849866,1684,0.5607725607725608,5.098832188302668
WGNB013,validation,0.12,5378,0.06700582368297744,0.3267013759761993,1757,0.585081585081585,4.875716139568873
WGNB013,validation,0.13,5826,0.06700582368297744,0.3135942327497425,1827,0.6083916083916084,4.680104138909494
WGNB013,validation,0.14,6274,0.06700582368297744,0.3002868983104877,1884,0.6273726273726273,4.481504469390985
WGNB013,validation,0.15,6722,0.06700582368297744,0.2887533472180899,1941,0.6463536463536463,4.309376877213831
WGNB013,validation,0.16,7170,0.06700582368297744,0.27712691771269177,1987,0.6616716616716617,4.135863160549353
WGNB013,validation,0.17,7618,0.06700582368297744,0.2659490679968496,2026,0.6746586746586747,3.9690440827222138
WGNB013,validation,0.18,8067,0.06700582368297744,0.25660096690219414,2070,0.6893106893106893,3.8295323122396385
WGNB013,validation,0.19,8515,0.06700582368297744,0.24779800352319437,2110,0.7026307026307026,3.698156218414586
WGNB013,validation,0.2,8963,0.06700582368297744,0.24032132098627693,2154,0.7172827172827173,3.5865736405734174
WGNB013,validation,0.21,9411,0.06700582368297744,0.23440654553182447,2206,0.7345987345987346,3.498301082617308
WGNB013,validation,0.22,9859,0.06700582368297744,0.22882645298711837,2256,0.7512487512487512,3.4150233578167444
WGNB013,validation,0.23,10307,0.06700582368297744,0.2221791015814495,2290,0.7625707625707626,3.315817780744529
WGNB013,validation,0.24,10756,0.06700582368297744,0.21615842320565265,2325,0.7742257742257742,3.225964719549695
WGNB013,validation,0.25,11204,0.06700582368297744,0.20974651910032133,2350,0.7825507825507826,3.130272975863836
WGNB013,validation,0.26,11652,0.06700582368297744,0.20468589083419156,2385,0.7942057942057942,3.054747775396591
WGNB013,validation,0.27,12100,0.06700582368297744,0.19917355371900827,2410,0.8025308025308026,2.972481237770494
WGNB013,validation,0.28,12548,0.06700582368297744,0.19397513547975773,2434,0.8105228105228105,2.894899649282818
WGNB013,validation,0.29,12996,0.06700582368297744,0.18859649122807018,2451,0.8161838161838162,2.8146283541020383
WGNB013,validation,0.3,13445,0.06700582368297744,0.18386017106731126,2472,0.8231768231768232,2.7439431524221405
WGNB013,validation,0.31,13893,0.06700582368297744,0.17980277837760023,2498,0.8318348318348319,2.6833903158671024
WGNB013,validation,0.32,14341,0.06700582368297744,0.17571996374032495,2520,0.8391608391608392,2.622458080236478
WGNB013,validation,0.33,14789,0.06700582368297744,0.17181689093244978,2541,0.8461538461538461,2.5642083253145525
WGNB013,validation,0.34,15237,0.06700582368297744,0.16781518671654524,2557,0.8514818514818515,2.5044865877706988
WGNB013,validation,0.35,15685,0.06700582368297744,0.16391456805865476,2571,0.8561438561438561,2.4462734587694737
WGNB013,validation,0.36,16134,0.06700582368297744,0.16034461385893145,2587,0.8614718614718615,2.3929951912473295
WGNB013,validation,0.37,16582,0.06700582368297744,0.1565553009287179,2596,0.8644688644688645,2.33644319737674
WGNB013,validation,0.38,17030,0.06700582368297744,0.15337639459776864,2612,0.8697968697968698,2.2890009579381276
WGNB013,validation,0.39,17478,0.06700582368297744,0.1500171644352901,2622,0.8731268731268731,2.2388675519468517
WGNB013,validation,0.4,17926,0.06700582368297744,0.1472163338168024,2639,0.8787878787878788,2.1970677431460652
WGNB013,validation,0.41,18374,0.06700582368297744,0.1444976597365843,2655,0.8841158841158842,2.1564940447600724
WGNB013,validation,0.42,18823,0.06700582368297744,0.141475854008394,2663,0.8867798867798867,2.111396386644753
WGNB013,validation,0.43,19271,0.06700582368297744,0.13886150173836334,2676,0.8911088911088911,2.072379594874535
WGNB013,validation,0.44,19719,0.06700582368297744,0.13626451645620974,2687,0.8947718947718948,2.0336219893499674
WGNB013,validation,0.45,20167,0.06700582368297744,0.13378291267912928,2698,0.8984348984348984,1.996586346167345
WGNB013,validation,0.46,20615,0.06700582368297744,0.13150618481688092,2711,0.9027639027639027,1.9626082866926913
WGNB013,validation,0.47,21063,0.06700582368297744,0.1292313535583725,2722,0.9064269064269064,1.9286585322762506
WGNB013,validation,0.48,21512,0.06700582368297744,0.12699888434362216,2732,0.9097569097569097,1.8953409922171542
WGNB013,validation,0.49,21960,0.06700582368297744,0.12490892531876138,2743,0.9134199134199135,1.8641502850519243
WGNB013,validation,0.5,22408,0.06700582368297744,0.12254551945733666,2746,0.9144189144189144,1.8288786365366156
WGNB014,validation,0.01,448,0.06700582368297744,0.5178571428571429,232,0.07725607725607726,7.728539317825033
WGNB014,validation,0.02,896,0.06700582368297744,0.5066964285714286,454,0.15118215118215117,7.561975970458113
WGNB014,validation,0.03,1344,0.06700582368297744,0.5238095238095238,704,0.23443223443223443,7.817373103087389
WGNB014,validation,0.04,1792,0.06700582368297744,0.5072544642857143,909,0.3026973026973027,7.570304137826459
WGNB014,validation,0.05,2240,0.06700582368297744,0.47276785714285713,1059,0.35264735264735264,7.05562339446268
WGNB014,validation,0.06,2689,0.06700582368297744,0.44105615470435106,1186,0.39493839493839494,6.582355539588711
WGNB014,validation,0.07,3137,0.06700582368297744,0.41217723940070133,1293,0.4305694305694306,6.151364414992085
WGNB014,validation,0.08,3585,0.06700582368297744,0.38633193863319387,1385,0.4612054612054612,5.765647184057226
WGNB014,validation,0.09,4033,0.06700582368297744,0.3605256632779569,1454,0.48418248418248416,5.380512371338059
WGNB014,validation,0.1,4481,0.06700582368297744,0.34858290560142824,1562,0.5201465201465202,5.2022777490307055
WGNB014,validation,0.11,4929,0.06700582368297744,0.34043416514505986,1678,0.5587745587745587,5.080665327774275
WGNB014,validation,0.12,5378,0.06700582368297744,0.3270732614354779,1759,0.5857475857475858,4.881266186398205
WGNB014,validation,0.13,5826,0.06700582368297744,0.3125643666323378,1821,0.6063936063936064,4.664734338781712
WGNB014,validation,0.14,6274,0.06700582368297744,0.3001275103602168,1883,0.627039627039627,4.479125751519758
WGNB014,validation,0.15,6722,0.06700582368297744,0.2886045819696519,1940,0.646020646020646,4.307156693351278
WGNB014,validation,0.16,7170,0.06700582368297744,0.27768479776847976,1991,0.663003663003663,4.14418900485846
WGNB014,validation,0.17,7618,0.06700582368297744,0.26686794434234706,2033,0.6769896769896769,3.9827574630672555
WGNB014,validation,0.18,8067,0.06700582368297744,0.2574686996405107,2077,0.6916416916416916,3.8424824215080813
WGNB014,validation,0.19,8515,0.06700582368297744,0.24932472108044626,2123,0.706959706959707,3.7209410671536327
WGNB014,validation,0.2,8963,0.06700582368297744,0.2400981814124735,2152,0.7166167166167167,3.5832434886323092
WGNB014,validation,0.21,9411,0.06700582368297744,0.2331314419296568,2194,0.7306027306027306,3.4792713396474952
WGNB014,validation,0.22,9859,0.06700582368297744,0.22649355918450148,2233,0.7435897435897436,3.380207073583684
WGNB014,validation,0.23,10307,0.06700582368297744,0.21994760842146113,2267,0.7549117549117549,3.282514807400807
WGNB014,validation,0.24,10756,0.06700582368297744,0.2149497954629974,2312,0.7698967698967699,3.2079270673543636
WGNB014,validation,0.25,11204,0.06700582368297744,0.2093895037486612,2346,0.7812187812187812,3.1249448516496
WGNB014,validation,0.26,11652,0.06700582368297744,0.20434260212838998,2381,0.7928737928737929,3.0496245086873306
WGNB014,validation,0.27,12100,0.06700582368297744,0.19975206611570248,2417,0.8048618048618048,2.9811150007017773
WGNB014,validation,0.28,12548,0.06700582368297744,0.19429391138029964,2438,0.8118548118548119,2.8996570850252708
WGNB014,validation,0.29,12996,0.06700582368297744,0.18928901200369344,2460,0.8191808191808192,2.8249635867364398
WGNB014,validation,0.3,13445,0.06700582368297744,0.18452956489401265,2481,0.8261738261738262,2.75393323671494
WGNB014,validation,0.31,13893,0.06700582368297744,0.17987475707190673,2499,0.8321678321678322,2.684464531365849
WGNB014,validation,0.32,14341,0.06700582368297744,0.17565023359598356,2519,0.8388278388278388,2.62141742226813
WGNB014,validation,0.33,14789,0.06700582368297744,0.17107309486780714,2530,0.8424908424908425,2.553107856373797
WGNB014,validation,0.34,15237,0.06700582368297744,0.16709325982805015,2546,0.8478188478188479,2.4937124960751658
WGNB014,validation,0.35,15685,0.06700582368297744,0.16353203697800447,2565,0.8541458541458542,2.44056453587853
WGNB014,validation,0.36,16134,0.06700582368297744,0.15978678567001364,2578,0.8584748584748585,2.3846701210033303
WGNB014,validation,0.37,16582,0.06700582368297744,0.1566759136412978,2598,0.8651348651348651,2.338243230656691
WGNB014,validation,0.38,17030,0.06700582368297744,0.15325895478567234,2610,0.8691308691308691,2.287248277265893
WGNB014,validation,0.39,17478,0.06700582368297744,0.15013159400389062,2624,0.8737928737928738,2.2405753075166053
WGNB014,validation,0.4,17926,0.06700582368297744,0.1471047640299007,2637,0.8781218781218781,2.195402667175511
WGNB014,validation,0.41,18374,0.06700582368297744,0.14460650919777948,2657,0.8847818847818848,2.158118522383244
WGNB014,validation,0.42,18823,0.06700582368297744,0.14190086596185517,2671,0.8894438894438894,2.1177392973068474
WGNB014,validation,0.43,19271,0.06700582368297744,0.13917285039696953,2682,0.8931068931068931,2.077026185894433
WGNB014,validation,0.44,19719,0.06700582368297744,0.1366195040316446,2694,0.8971028971028971,2.038919850877861
WGNB014,validation,0.45,20167,0.06700582368297744,0.1339812565081569,2702,0.8997668997668997,1.999546444530825
WGNB014,validation,0.46,20615,0.06700582368297744,0.1316517099199612,2714,0.9037629037629038,1.9647801143799204
WGNB014,validation,0.47,21063,0.06700582368297744,0.1292313535583725,2722,0.9064269064269064,1.9286585322762506
WGNB014,validation,0.48,21512,0.06700582368297744,0.12699888434362216,2732,0.9097569097569097,1.8953409922171542
WGNB014,validation,0.49,21960,0.06700582368297744,0.12495446265938069,2744,0.9137529137529138,1.8648298877807075
WGNB014,validation,0.5,22408,0.06700582368297744,0.12259014637629419,2747,0.9147519147519148,1.8295446520633953
WLOG001,validation,0.01,448,0.06700582368297744,0.38169642857142855,171,0.056943056943056944,5.696466479948622
WLOG001,validation,0.02,896,0.06700582368297744,0.3950892857142857,354,0.11788211788211789,5.896342496788925
WLOG001,validation,0.03,1344,0.06700582368297744,0.33779761904761907,454,0.15118215118215117,5.041317313638742
WLOG001,validation,0.04,1792,0.06700582368297744,0.30357142857142855,544,0.18115218115218115,4.530523048380191
WLOG001,validation,0.05,2240,0.06700582368297744,0.28080357142857143,629,0.20945720945720947,4.190733819751677
WLOG001,validation,0.06,2689,0.06700582368297744,0.2655262179248791,714,0.23776223776223776,3.9627334361436253
WLOG001,validation,0.07,3137,0.06700582368297744,0.2562958240357029,804,0.2677322677322677,3.824978336932433
WLOG001,validation,0.08,3585,0.06700582368297744,0.24546722454672246,880,0.29304029304029305,3.6633714960074792
WLOG001,validation,0.09,4033,0.06700582368297744,0.23729233820976942,957,0.31868131868131866,3.541368871644101
WLOG001,validation,0.1,4481,0.06700582368297744,0.23142155768801606,1037,0.34532134532134534,3.453752897403868
WLOG001,validation,0.11,4929,0.06700582368297744,0.2266179752485291,1117,0.37196137196137197,3.382063868369407
WLOG001,validation,0.12,5378,0.06700582368297744,0.2227593901078468,1198,0.3989343989343989,3.324478050770353
WLOG001,validation,0.13,5826,0.06700582368297744,0.21901819430140748,1276,0.4249084249084249,3.268644160508218
WLOG001,validation,0.14,6274,0.06700582368297744,0.21437679311444055,1345,0.4478854478854479,3.1993755367998276
WLOG001,validation,0.15,6722,0.06700582368297744,0.21422195775066943,1440,0.47952047952047955,3.1970647620751755
WLOG001,validation,0.16,7170,0.06700582368297744,0.21115760111576012,1514,0.5041625041625042,3.151332070997343
WLOG001,validation,0.17,7618,0.06700582368297744,0.2088474665266474,1591,0.5298035298035298,3.116855446994591
WLOG001,validation,0.18,8067,0.06700582368297744,0.20837981901574315,1681,0.5597735597735598,3.109876240036151
WLOG001,validation,0.19,8515,0.06700582368297744,0.20352319436288901,1733,0.5770895770895771,3.037395604982217
WLOG001,validation,0.2,8963,0.06700582368297744,0.19904049983264532,1784,0.594072594072594,2.97049553146842
WLOG001,validation,0.21,9411,0.06700582368297744,0.1932844543619169,1819,0.6057276057276058,2.884591871840836
WLOG001,validation,0.22,9859,0.06700582368297744,0.18866010751597526,1860,0.6193806193806194,2.8155777684127417
WLOG001,validation,0.23,10307,0.06700582368297744,0.18453478218686328,1902,0.6333666333666333,2.754011099989561
WLOG001,validation,0.24,10756,0.06700582368297744,0.18073633320937152,1944,0.6473526473526473,2.697322759055745
WLOG001,validation,0.25,11204,0.06700582368297744,0.17636558372009997,1976,0.658008658008658,2.6320933618327405
WLOG001,validation,0.26,11652,0.06700582368297744,0.17361826295914864,2023,0.6736596736596736,2.591092138208513
WLOG001,validation,0.27,12100,0.06700582368297744,0.1712396694214876,2072,0.6899766899766899,2.5555938276599433
WLOG001,validation,0.28,12548,0.06700582368297744,0.16743704175964297,2101,0.6996336996336996,2.4988431237235824
WLOG001,validation,0.29,12996,0.06700582368297744,0.1639735303170206,2131,0.7096237096237096,2.447153415989981
WLOG001,validation,0.3,13445,0.06700582368297744,0.16072889550018593,2161,0.7196137196137196,2.39873023963764
WLOG001,validation,0.31,13893,0.06700582368297744,0.1574174044482833,2187,0.7282717282717283,2.349309295757147
WLOG001,validation,0.32,14341,0.06700582368297744,0.1550798410152709,2224,0.7405927405927406,2.3144233216055263
WLOG001,validation,0.33,14789,0.06700582368297744,0.15180201501115695,2245,0.7475857475857476,2.2655047974542195
WLOG001,validation,0.34,15237,0.06700582368297744,0.14858567959572094,2264,0.7539127539127539,2.217503963516958
WLOG001,validation,0.35,15685,0.06700582368297744,0.14657315906917437,2299,0.7655677655677655,2.187468954380016
WLOG001,validation,0.36,16134,0.06700582368297744,0.1444155200198339,2330,0.7758907758907759,2.1552681853909075
WLOG001,validation,0.37,16582,0.06700582368297744,0.14214208177541912,2357,0.7848817848817848,2.1213392204225636
WLOG001,validation,0.38,17030,0.06700582368297744,0.13992953611274223,2383,0.7935397935397935,2.0883190209672886
WLOG001,validation,0.39,17478,0.06700582368297744,0.1370866231834306,2396,0.7978687978687978,2.045891172564705
WLOG001,validation,0.4,17926,0.06700582368297744,0.13460894789690953,2413,0.8035298035298035,2.008914158473458
WLOG001,validation,0.41,18374,0.06700582368297744,0.13219767062153043,2429,0.8088578088578089,1.9729280733417012
WLOG001,validation,0.42,18823,0.06700582368297744,0.12973489879402858,2442,0.8131868131868132,1.9361734796043886
WLOG001,validation,0.43,19271,0.06700582368297744,0.12760105858543927,2459,0.8188478188478189,1.9043278863215556
WLOG001,validation,0.44,19719,0.06700582368297744,0.12561488919316396,2477,0.8248418248418249,1.8746861435131632
WLOG001,validation,0.45,20167,0.06700582368297744,0.1237665493132345,2496,0.8311688311688312,1.8471013788115984
WLOG001,validation,0.46,20615,0.06700582368297744,0.12170749454280863,2509,0.8354978354978355,1.8163718890859322
WLOG001,validation,0.47,21063,0.06700582368297744,0.11964107676969092,2520,0.8391608391608392,1.7855325133490636
WLOG001,validation,0.48,21512,0.06700582368297744,0.11760877649683897,2530,0.8424908424908425,1.7552023097765008
WLOG001,validation,0.49,21960,0.06700582368297744,0.11598360655737705,2547,0.8481518481518482,1.7309481502104451
WLOG001,validation,0.5,22408,0.06700582368297744,0.11428953945019636,2561,0.8528138528138528,1.705665764082401
WLOG002,validation,0.01,448,0.06700582368297744,0.6339285714285714,284,0.09457209457209458,9.460798130440986
WLOG002,validation,0.02,896,0.06700582368297744,0.5647321428571429,506,0.1684981684981685,8.42810537676609
WLOG002,validation,0.03,1344,0.06700582368297744,0.5104166666666666,686,0.22843822843822845,7.617497086247085
WLOG002,validation,0.04,1792,0.06700582368297744,0.47154017857142855,845,0.2813852813852814,7.037301426252318
WLOG002,validation,0.05,2240,0.06700582368297744,0.43839285714285714,982,0.327006327006327,6.54260828457257
WLOG002,validation,0.06,2689,0.06700582368297744,0.41651171439196727,1120,0.372960372960373,6.216052448852746
WLOG002,validation,0.07,3137,0.06700582368297744,0.38731271915843163,1215,0.4045954045954046,5.780284427080729
WLOG002,validation,0.08,3585,0.06700582368297744,0.3567642956764296,1279,0.4259074259074259,5.324377435674507
WLOG002,validation,0.09,4033,0.06700582368297744,0.33225886436895613,1340,0.4462204462204462,4.958656518289546
WLOG002,validation,0.1,4481,0.06700582368297744,0.3128765900468645,1402,0.4668664668664669,4.669393984725383
WLOG002,validation,0.11,4929,0.06700582368297744,0.2960032460945425,1459,0.4858474858474858,4.417574918487882
WLOG002,validation,0.12,5378,0.06700582368297744,0.28281889178133135,1521,0.5064935064935064,4.220810613707601
WLOG002,validation,0.13,5826,0.06700582368297744,0.2686234122897357,1565,0.5211455211455212,4.008956199996365
WLOG002,validation,0.14,6274,0.06700582368297744,0.25964297099139305,1629,0.5424575424575424,3.8749314122281926
WLOG002,validation,0.15,6722,0.06700582368297744,0.249925617375781,1680,0.5594405594405595,3.729908889087705
WLOG002,validation,0.16,7170,0.06700582368297744,0.24086471408647142,1727,0.575091575091575,3.594683280457339
WLOG002,validation,0.17,7618,0.06700582368297744,0.23523234444736152,1792,0.5967365967365967,3.510625368330803
WLOG002,validation,0.18,8067,0.06700582368297744,0.2280897483575059,1840,0.6127206127206127,3.4040287219907897
WLOG002,validation,0.19,8515,0.06700582368297744,0.22290076335877862,1898,0.6320346320346321,3.326587915900893
WLOG002,validation,0.2,8963,0.06700582368297744,0.2180073636059355,1954,0.6506826506826506,3.2535584464626077
WLOG002,validation,0.21,9411,0.06700582368297744,0.21326107746254383,2007,0.6683316683316683,3.182724511701241
WLOG002,validation,0.22,9859,0.06700582368297744,0.20803326909422862,2051,0.682983682983683,3.104704302695985
WLOG002,validation,0.23,10307,0.06700582368297744,0.2017075773745998,2079,0.6923076923076923,3.010299199199946
WLOG002,validation,0.24,10756,0.06700582368297744,0.19626255113425065,2111,0.7029637029637029,2.92903721418039
WLOG002,validation,0.25,11204,0.06700582368297744,0.19153873616565512,2146,0.7146187146187146,2.858538640937784
WLOG002,validation,0.26,11652,0.06700582368297744,0.18674905595605903,2176,0.7246087246087246,2.7870570898377283
WLOG002,validation,0.27,12100,0.06700582368297744,0.18223140495867768,2205,0.7342657342657343,2.7196353233543316
WLOG002,validation,0.28,12548,0.06700582368297744,0.1783551163532037,2238,0.7452547452547452,2.661785297902607
WLOG002,validation,0.29,12996,0.06700582368297744,0.17489996922129886,2273,0.7569097569097569,2.6102204197772063
WLOG002,validation,0.3,13445,0.06700582368297744,0.1709929341762737,2299,0.7655677655677655,2.5519115321272254
WLOG002,validation,0.31,13893,0.06700582368297744,0.16735046426257827,2325,0.7742257742257742,2.4975510345840726
WLOG002,validation,0.32,14341,0.06700582368297744,0.16323826790321455,2341,0.7795537795537796,2.43618030390222
WLOG002,validation,0.33,14789,0.06700582368297744,0.16025424301845967,2370,0.7892107892107892,2.391646489962806
WLOG002,validation,0.34,15237,0.06700582368297744,0.15685502395484677,2390,0.7958707958707959,2.3409162865748807
WLOG002,validation,0.35,15685,0.06700582368297744,0.1532036978004463,2403,0.8001998001998002,2.286423617823044
WLOG002,validation,0.36,16134,0.06700582368297744,0.15042766827817033,2427,0.8081918081918081,2.2449939424651215
WLOG002,validation,0.37,16582,0.06700582368297744,0.14805210469183452,2455,0.8175158175158175,2.2095408511401757
WLOG002,validation,0.38,17030,0.06700582368297744,0.14544920728126834,2477,0.8248418248418249,2.1706950125623052
WLOG002,validation,0.39,17478,0.06700582368297744,0.14303696075065797,2500,0.8325008325008325,2.1346944621918875
WLOG002,validation,0.4,17926,0.06700582368297744,0.1400200825616423,2510,0.8358308358308358,2.089670343045329
WLOG002,validation,0.41,18374,0.06700582368297744,0.13747686948949603,2526,0.8411588411588412,2.0517152380655155
WLOG002,validation,0.42,18823,0.06700582368297744,0.13483504223556286,2538,0.8451548451548452,2.012288407549524
WLOG002,validation,0.43,19271,0.06700582368297744,0.13237507135073426,2551,0.8494838494838495,1.9755756152933257
WLOG002,validation,0.44,19719,0.06700582368297744,0.13012830265226433,2566,0.8544788544788545,1.942044668653523
WLOG002,validation,0.45,20167,0.06700582368297744,0.1279813556800714,2581,0.8594738594738595,1.9100034690355512
WLOG002,validation,0.46,20615,0.06700582368297744,0.1261217560029105,2600,0.8658008658008658,1.8822506622652149
WLOG002,validation,0.47,21063,0.06700582368297744,0.12391397236860846,2610,0.8691308691308691,1.8493015316829589
WLOG002,validation,0.48,21512,0.06700582368297744,0.12179248791372257,2620,0.8724608724608724,1.817640336606495
WLOG002,validation,0.49,21960,0.06700582368297744,0.1198087431693989,2631,0.8761238761238761,1.7880347794282219
WLOG002,validation,0.5,22408,0.06700582368297744,0.11785969296679757,2641,0.8794538794538794,1.758947006224764
WLOG003,validation,0.01,448,0.06700582368297744,0.6361607142857143,285,0.09490509490509491,9.49411079991437
WLOG003,validation,0.02,896,0.06700582368297744,0.5792410714285714,519,0.17282717282717283,8.644637728343085
WLOG003,validation,0.03,1344,0.06700582368297744,0.5386904761904762,724,0.2410922410922411,8.03945756624328
WLOG003,validation,0.04,1792,0.06700582368297744,0.49497767857142855,887,0.29537129537129536,7.387084455722848
WLOG003,validation,0.05,2240,0.06700582368297744,0.4700892857142857,1053,0.35064935064935066,7.015648191094619
WLOG003,validation,0.06,2689,0.06700582368297744,0.43845295648940125,1179,0.3926073926073926,6.543505211783382
WLOG003,validation,0.07,3137,0.06700582368297744,0.41759642970991395,1310,0.4362304362304362,6.23224082261379
WLOG003,validation,0.08,3585,0.06700582368297744,0.3896792189679219,1397,0.4652014652014652,5.815602249911874
WLOG003,validation,0.09,4033,0.06700582368297744,0.36722043144061495,1481,0.4931734931734932,5.480425599691655
WLOG003,validation,0.1,4481,0.06700582368297744,0.34791341218478017,1559,0.5191475191475191,5.19228617844998
WLOG003,validation,0.11,4929,0.06700582368297744,0.33394197606005277,1646,0.5481185481185481,4.983775404956172
WLOG003,validation,0.12,5378,0.06700582368297744,0.3183339531424321,1712,0.5700965700965701,4.750840085908885
WLOG003,validation,0.13,5826,0.06700582368297744,0.3044970820460007,1774,0.5907425907425907,4.54433757111409
WLOG003,validation,0.14,6274,0.06700582368297744,0.291361173095314,1828,0.6087246087246088,4.348296268602294
WLOG003,validation,0.15,6722,0.06700582368297744,0.2778934840821184,1868,0.6220446220446221,4.147303455247519
WLOG003,validation,0.16,7170,0.06700582368297744,0.2659693165969317,1907,0.6350316350316351,3.969346274367195
WLOG003,validation,0.17,7618,0.06700582368297744,0.2550538199002363,1943,0.647019647019647,3.806442572916713
WLOG003,validation,0.18,8067,0.06700582368297744,0.24606421222263541,1985,0.661005661005661,3.6722809854085416
WLOG003,validation,0.19,8515,0.06700582368297744,0.2380504991192014,2027,0.674991674991675,3.5526837226191303
WLOG003,validation,0.2,8963,0.06700582368297744,0.22983376101751646,2060,0.685980685980686,3.4300564993413367
WLOG003,validation,0.21,9411,0.06700582368297744,0.22335564764637128,2102,0.6999666999666999,3.333376643545595
WLOG003,validation,0.22,9859,0.06700582368297744,0.21716198397403388,2141,0.7129537129537129,3.2409419366514407
WLOG003,validation,0.23,10307,0.06700582368297744,0.21170078587367808,2182,0.7266067266067266,3.1594386015653115
WLOG003,validation,0.24,10756,0.06700582368297744,0.20714020081814802,2228,0.7419247419247419,3.091376083938375
WLOG003,validation,0.25,11204,0.06700582368297744,0.20287397358086398,2273,0.7569097569097569,3.027706584739787
WLOG003,validation,0.26,11652,0.06700582368297744,0.1972193614830072,2298,0.7652347652347652,2.9433167244701743
WLOG003,validation,0.27,12100,0.06700582368297744,0.19247933884297522,2329,0.7755577755577756,2.872576266708498
WLOG003,validation,0.28,12548,0.06700582368297744,0.18751992349378388,2353,0.7835497835497836,2.798561575498139
WLOG003,validation,0.29,12996,0.06700582368297744,0.18305632502308403,2379,0.7922077922077922,2.7319464930268254
WLOG003,validation,0.3,13445,0.06700582368297744,0.1788769059129788,2405,0.8008658008658008,2.669572524909081
WLOG003,validation,0.31,13893,0.06700582368297744,0.17433239761030736,2422,0.8065268065268065,2.601749937962419
WLOG003,validation,0.32,14341,0.06700582368297744,0.17042047277037864,2444,0.8138528138528138,2.543368074642044
WLOG003,validation,0.33,14789,0.06700582368297744,0.16769220366488607,2480,0.8258408258408259,2.5026511793703627
WLOG003,validation,0.34,15237,0.06700582368297744,0.16512436831397256,2516,0.8378288378288379,2.4643286096328034
WLOG003,validation,0.35,15685,0.06700582368297744,0.1618744022951865,2539,0.8454878454878455,2.4158258700177733
WLOG003,validation,0.36,16134,0.06700582368297744,0.15829924383289948,2554,0.8504828504828504,2.362469933685999
WLOG003,validation,0.37,16582,0.06700582368297744,0.15480641659630925,2567,0.8548118548118548,2.3103427148174465
WLOG003,validation,0.38,17030,0.06700582368297744,0.15167351732237228,2583,0.8601398601398601,2.2635870881907287
WLOG003,validation,0.39,17478,0.06700582368297744,0.1484151504748827,2594,0.8638028638028638,2.2149589739703024
WLOG003,validation,0.4,17926,0.06700582368297744,0.1454312172263751,2607,0.8681318681318682,2.1704265276172
WLOG003,validation,0.41,18374,0.06700582368297744,0.14302819201044956,2628,0.8751248751248751,2.1345635968472587
WLOG003,validation,0.42,18823,0.06700582368297744,0.14020081814801041,2639,0.8787878787878788,2.092367654658469
WLOG003,validation,0.43,19271,0.06700582368297744,0.13803123864874683,2660,0.8857808857808858,2.0599886854881406
WLOG003,validation,0.44,19719,0.06700582368297744,0.1353516912622344,2669,0.8887778887778888,2.0199989168496697
WLOG003,validation,0.45,20167,0.06700582368297744,0.1329399514057619,2681,0.8927738927738927,1.9840059281225544
WLOG003,validation,0.46,20615,0.06700582368297744,0.13063303419839922,2693,0.8967698967698968,1.9495773205693165
WLOG003,validation,0.47,21063,0.06700582368297744,0.1280919147319945,2698,0.8984348984348984,1.911653460720545
WLOG003,validation,0.48,21512,0.06700582368297744,0.12588322796578655,2708,0.9017649017649018,1.878690851729156
WLOG003,validation,0.49,21960,0.06700582368297744,0.12372495446265938,2717,0.9047619047619048,1.8464806141035648
WLOG003,validation,0.5,22408,0.06700582368297744,0.12187611567297393,2731,0.9094239094239094,1.8188884036349227
WLOG004,validation,0.01,448,0.06700582368297744,0.6607142857142857,296,0.09856809856809857,9.860550164121593
WLOG004,validation,0.02,896,0.06700582368297744,0.6082589285714286,545,0.18148518148518147,9.077702431497075
WLOG004,validation,0.03,1344,0.06700582368297744,0.5654761904761905,760,0.25308025308025306,8.439209599923885
WLOG004,validation,0.04,1792,0.06700582368297744,0.5184151785714286,929,0.3093573093573094,7.736867485193378
WLOG004,validation,0.05,2240,0.06700582368297744,0.47767857142857145,1070,0.3563103563103563,7.128911267304124
WLOG004,validation,0.06,2689,0.06700582368297744,0.4477500929713648,1204,0.40093240093240096,6.682256382516702
WLOG004,validation,0.07,3137,0.06700582368297744,0.42269684411858466,1326,0.44155844155844154,6.308359794493043
WLOG004,validation,0.08,3585,0.06700582368297744,0.40502092050209204,1452,0.4835164835164835,6.0445629684123405
WLOG004,validation,0.09,4033,0.06700582368297744,0.3796181502603521,1531,0.5098235098235098,5.665450096642758
WLOG004,validation,0.1,4481,0.06700582368297744,0.35884847132336534,1608,0.5354645354645354,5.355481831268486
WLOG004,validation,0.11,4929,0.06700582368297744,0.34063704605396633,1679,0.5591075591075592,5.0836931378623404
WLOG004,validation,0.12,5378,0.06700582368297744,0.3280029750836742,1764,0.5874125874125874,4.895141303471537
WLOG004,validation,0.13,5826,0.06700582368297744,0.31290765533813936,1823,0.607059607059607,4.669857605490972
WLOG004,validation,0.14,6274,0.06700582368297744,0.299330570608862,1878,0.6253746253746254,4.467232162163625
WLOG004,validation,0.15,6722,0.06700582368297744,0.2862243379946445,1924,0.6406926406926406,4.271633751550443
WLOG004,validation,0.16,7170,0.06700582368297744,0.27405857740585776,1965,0.6543456543456544,4.09007101684926
WLOG004,validation,0.17,7618,0.06700582368297744,0.26214229456550275,1997,0.665001665001665,3.9122315070070384
WLOG004,validation,0.18,8067,0.06700582368297744,0.2511466468327755,2026,0.6746586746586747,3.7481316254094232
WLOG004,validation,0.19,8515,0.06700582368297744,0.24345273047563123,2073,0.6903096903096904,3.633307033541913
WLOG004,validation,0.2,8963,0.06700582368297744,0.2351891107887984,2108,0.701964701964702,3.509980145927931
WLOG004,validation,0.21,9411,0.06700582368297744,0.22781851025395813,2144,0.713952713952714,3.3999807439399405
WLOG004,validation,0.22,9859,0.06700582368297744,0.22091490009128714,2178,0.7252747252747253,3.2969507417220165
WLOG004,validation,0.23,10307,0.06700582368297744,0.21470845056757543,2213,0.736929736929737,3.204325217811198
WLOG004,validation,0.24,10756,0.06700582368297744,0.21039419858683525,2263,0.7535797535797536,3.139938993695037
WLOG004,validation,0.25,11204,0.06700582368297744,0.20492681185290967,2296,0.7645687645687645,3.058343298971646
WLOG004,validation,0.26,11652,0.06700582368297744,0.20005149330587024,2331,0.7762237762237763,2.985583674821574
WLOG004,validation,0.27,12100,0.06700582368297744,0.1943801652892562,2352,0.7832167832167832,2.900944344911287
WLOG004,validation,0.28,12548,0.06700582368297744,0.18943257889703538,2377,0.7915417915417915,2.8271061899528585
WLOG004,validation,0.29,12996,0.06700582368297744,0.1847491535857187,2401,0.7995337995337995,2.7572103950220295
WLOG004,validation,0.3,13445,0.06700582368297744,0.1796950539233916,2416,0.8045288045288045,2.6817826279336137
WLOG004,validation,0.31,13893,0.06700582368297744,0.1754840567192111,2438,0.8118548118548119,2.618937385942352
WLOG004,validation,0.32,14341,0.06700582368297744,0.171884805801548,2465,0.8208458208458208,2.565221891977348
WLOG004,validation,0.33,14789,0.06700582368297744,0.1684359997295287,2491,0.8295038295038295,2.5137516483111177
WLOG004,validation,0.34,15237,0.06700582368297744,0.16551814661678807,2522,0.8398268398268398,2.4702053869212754
WLOG004,validation,0.35,15685,0.06700582368297744,0.16295824035702902,2556,0.8511488511488512,2.4320011515421145
WLOG004,validation,0.36,16134,0.06700582368297744,0.15966282385025413,2576,0.8578088578088578,2.3828201053935527
WLOG004,validation,0.37,16582,0.06700582368297744,0.15613315643468823,2589,0.8621378621378621,2.3301430808969106
WLOG004,validation,0.38,17030,0.06700582368297744,0.15273047563123898,2601,0.8661338661338661,2.279361214240838
WLOG004,validation,0.39,17478,0.06700582368297744,0.1496738757294885,2616,0.8711288711288712,2.233744285237591
WLOG004,validation,0.4,17926,0.06700582368297744,0.14649113020194132,2626,0.8744588744588745,2.186244749337464
WLOG004,validation,0.41,18374,0.06700582368297744,0.14357243931642538,2638,0.8784548784548785,2.1426859849631157
WLOG004,validation,0.42,18823,0.06700582368297744,0.1409445890665675,2653,0.8834498834498834,2.1034677483171347
WLOG004,validation,0.43,19271,0.06700582368297744,0.13860204452285818,2671,0.8894438894438894,2.068507435691287
WLOG004,validation,0.44,19719,0.06700582368297744,0.13636594147776257,2689,0.8954378954378954,2.035135664072223
WLOG004,validation,0.45,20167,0.06700582368297744,0.1339812565081569,2702,0.8997668997668997,1.999546444530825
WLOG004,validation,0.46,20615,0.06700582368297744,0.13136065971380062,2708,0.9017649017649018,1.960436459005462
WLOG004,validation,0.47,21063,0.06700582368297744,0.12908892370507524,2719,0.9054279054279054,1.926532898331787
WLOG004,validation,0.48,21512,0.06700582368297744,0.1268129416139829,2728,0.9084249084249084,1.892565968802488
WLOG004,validation,0.49,21960,0.06700582368297744,0.12459016393442623,2736,0.9110889110889111,1.859393065950443
WLOG004,validation,0.5,22408,0.06700582368297744,0.12259014637629419,2747,0.9147519147519148,1.8295446520633953
WLOG005,validation,0.01,448,0.06700582368297744,0.6540178571428571,293,0.09756909756909757,9.760612155701441
WLOG005,validation,0.02,896,0.06700582368297744,0.6071428571428571,544,0.18115218115218115,9.061046096760382
WLOG005,validation,0.03,1344,0.06700582368297744,0.5587797619047619,751,0.2500832500832501,8.339271591503733
WLOG005,validation,0.04,1792,0.06700582368297744,0.5189732142857143,930,0.3096903096903097,7.745195652561724
WLOG005,validation,0.05,2240,0.06700582368297744,0.4830357142857143,1082,0.3603063603063603,7.208861674040246
WLOG005,validation,0.06,2689,0.06700582368297744,0.45295648940126443,1218,0.40559440559440557,6.759957038127362
WLOG005,validation,0.07,3137,0.06700582368297744,0.42301562001912657,1327,0.4418914418914419,6.313117230235496
WLOG005,validation,0.08,3585,0.06700582368297744,0.402231520223152,1442,0.4801864801864802,6.002933746866801
WLOG005,validation,0.09,4033,0.06700582368297744,0.3823456484006943,1542,0.5134865134865135,5.706155485971999
WLOG005,validation,0.1,4481,0.06700582368297744,0.3617496094621736,1621,0.5397935397935398,5.398778637118293
WLOG005,validation,0.11,4929,0.06700582368297744,0.34530330695881517,1702,0.5667665667665668,5.153332769887852
WLOG005,validation,0.12,5378,0.06700582368297744,0.3298624023800669,1774,0.5907425907425907,4.922891537618201
WLOG005,validation,0.13,5826,0.06700582368297744,0.3137658771026433,1828,0.6087246087246088,4.682665772264124
WLOG005,validation,0.14,6274,0.06700582368297744,0.3001275103602168,1883,0.627039627039627,4.479125751519758
WLOG005,validation,0.15,6722,0.06700582368297744,0.2862243379946445,1924,0.6406926406926406,4.271633751550443
WLOG005,validation,0.16,7170,0.06700582368297744,0.27461645746164576,1969,0.6556776556776557,4.098396861158367
WLOG005,validation,0.17,7618,0.06700582368297744,0.26332370700971386,2006,0.667998667998668,3.929862996022093
WLOG005,validation,0.18,8067,0.06700582368297744,0.25511342506507995,2058,0.6853146853146853,3.807332124922307
WLOG005,validation,0.19,8515,0.06700582368297744,0.24627128596594244,2097,0.6983016983016983,3.6753713696755383
WLOG005,validation,0.2,8963,0.06700582368297744,0.24076760013388374,2158,0.7186147186147186,3.5932339444556334
WLOG005,validation,0.21,9411,0.06700582368297744,0.23217511422803103,2185,0.7276057276057276,3.464999032420135
WLOG005,validation,0.22,9859,0.06700582368297744,0.22527639720052745,2221,0.7395937395937396,3.3620420557229562
WLOG005,validation,0.23,10307,0.06700582368297744,0.21878335112059766,2255,0.7509157509157509,3.2651393430475606
WLOG005,validation,0.24,10756,0.06700582368297744,0.21197471178876906,2280,0.7592407592407593,3.163526692719701
WLOG005,validation,0.25,11204,0.06700582368297744,0.20635487325955015,2312,0.7698967698967699,3.079655795828591
WLOG005,validation,0.26,11652,0.06700582368297744,0.20005149330587024,2331,0.7762237762237763,2.985583674821574
WLOG005,validation,0.27,12100,0.06700582368297744,0.19512396694214876,2361,0.7862137862137862,2.9120448972515085
WLOG005,validation,0.28,12548,0.06700582368297744,0.18959196684730634,2379,0.7922077922077922,2.829484907824085
WLOG005,validation,0.29,12996,0.06700582368297744,0.18544167436134196,2410,0.8025308025308026,2.767545627656431
WLOG005,validation,0.3,13445,0.06700582368297744,0.18073633320937152,2430,0.8091908091908092,2.697322759055745
WLOG005,validation,0.31,13893,0.06700582368297744,0.17663571582811488,2454,0.8171828171828172,2.636124833922286
WLOG005,validation,0.32,14341,0.06700582368297744,0.17293075796666899,2480,0.8258408258408259,2.5808317615025653
WLOG005,validation,0.33,14789,0.06700582368297744,0.16945026709040503,2506,0.8344988344988346,2.5288886514121485
WLOG005,validation,0.34,15237,0.06700582368297744,0.16551814661678807,2522,0.8398268398268398,2.4702053869212754
WLOG005,validation,0.35,15685,0.06700582368297744,0.16232068855594517,2546,0.8478188478188479,2.422486280057208
WLOG005,validation,0.36,16134,0.06700582368297744,0.15848518656253874,2557,0.8514818514818515,2.3652449571006655
WLOG005,validation,0.37,16582,0.06700582368297744,0.15534917380291882,2576,0.8578088578088578,2.318442864577227
WLOG005,validation,0.38,17030,0.06700582368297744,0.15196711685261305,2588,0.8618048618048618,2.267968789871315
WLOG005,validation,0.39,17478,0.06700582368297744,0.1492161574550864,2608,0.8684648684648685,2.2269132629585773
WLOG005,validation,0.4,17926,0.06700582368297744,0.146602699988843,2628,0.8751248751248751,2.187909825308018
WLOG005,validation,0.41,18374,0.06700582368297744,0.14379013823881573,2642,0.8797868797868797,2.1459349402094587
WLOG005,validation,0.42,18823,0.06700582368297744,0.1410508420549328,2655,0.8841158841158842,2.105053475982658
WLOG005,validation,0.43,19271,0.06700582368297744,0.13844637019355507,2668,0.8884448884448884,2.066184140181338
WLOG005,validation,0.44,19719,0.06700582368297744,0.13580810385922207,2678,0.8917748917748918,2.0268104530998188
WLOG005,validation,0.45,20167,0.06700582368297744,0.1340804284226707,2704,0.9004329004329005,2.001026493712565
WLOG005,validation,0.46,20615,0.06700582368297744,0.13179723502304147,2717,0.9047619047619048,1.9669519420671493
WLOG005,validation,0.47,21063,0.06700582368297744,0.12956368988273276,2729,0.9087579087579087,1.9336183448133313
WLOG005,validation,0.48,21512,0.06700582368297744,0.12727779843808107,2738,0.9117549117549117,1.8995035273391538
WLOG005,validation,0.49,21960,0.06700582368297744,0.12518214936247724,2749,0.9154179154179154,1.8682279014246228
WLOG005,validation,0.5,22408,0.06700582368297744,0.12299178864691182,2756,0.9177489177489178,1.8355387918044113
XGB001,validation,0.01,448,0.06700582368297744,0.6674107142857143,299,0.09956709956709957,9.960488172541744
XGB001,validation,0.02,896,0.06700582368297744,0.6272321428571429,562,0.18714618714618714,9.360860122020837
XGB001,validation,0.03,1344,0.06700582368297744,0.5669642857142857,762,0.25374625374625376,8.461418046239475
XGB001,validation,0.04,1792,0.06700582368297744,0.5228794642857143,937,0.312021312021312,7.803492824140146
XGB001,validation,0.05,2240,0.06700582368297744,0.49464285714285716,1108,0.36896436896436896,7.382087555301841
XGB001,validation,0.06,2689,0.06700582368297744,0.4618817404239494,1242,0.41358641358641357,6.893158162031349
XGB001,validation,0.07,3137,0.06700582368297744,0.43512910423971946,1365,0.45454545454545453,6.4938997884487195
XGB001,validation,0.08,3585,0.06700582368297744,0.41143654114365413,1475,0.4911754911754912,6.1403101779670815
XGB001,validation,0.09,4033,0.06700582368297744,0.39226382345648403,1582,0.5268065268065268,5.854175083532882
XGB001,validation,0.1,4481,0.06700582368297744,0.374693148850703,1679,0.5591075591075592,5.591949001678973
XGB001,validation,0.11,4929,0.06700582368297744,0.3564617569486711,1757,0.585081585081585,5.319862324731466
XGB001,validation,0.12,5378,0.06700582368297744,0.33674228337671996,1811,0.6030636030636031,5.025567403960858
XGB001,validation,0.13,5826,0.06700582368297744,0.3220048060418812,1876,0.6247086247086248,4.805624173286376
XGB001,validation,0.14,6274,0.06700582368297744,0.3066624163213261,1924,0.6406926406926406,4.576653184240051
XGB001,validation,0.15,6722,0.06700582368297744,0.2945551919071705,1980,0.6593406593406593,4.395964047853367
XGB001,validation,0.16,7170,0.06700582368297744,0.28270571827057184,2027,0.674991674991675,4.219121603640432
XGB001,validation,0.17,7618,0.06700582368297744,0.2727750065634025,2078,0.691974691974692,4.070914908142527
XGB001,validation,0.18,8067,0.06700582368297744,0.26317094334944835,2123,0.706959706959707,3.927583139557851
XGB001,validation,0.19,8515,0.06700582368297744,0.2543746330005872,2166,0.7212787212787213,3.7963063360597125
XGB001,validation,0.2,8963,0.06700582368297744,0.24690393841347763,2213,0.736929736929737,3.684813122836106
XGB001,validation,0.21,9411,0.06700582368297744,0.23865689087238337,2246,0.7479187479187479,3.561733559183352
XGB001,validation,0.22,9859,0.06700582368297744,0.23217364844304697,2289,0.7622377622377622,3.464977156933745
XGB001,validation,0.23,10307,0.06700582368297744,0.2252837877170855,2322,0.7732267732267732,3.3621523523531867
XGB001,validation,0.24,10756,0.06700582368297744,0.2183897359613239,2349,0.7822177822177823,3.259265000525692
XGB001,validation,0.25,11204,0.06700582368297744,0.21224562656194215,2378,0.7918747918747919,3.16756984536349
XGB001,validation,0.26,11652,0.06700582368297744,0.2072605561277034,2415,0.8041958041958042,3.0931722757160447
XGB001,validation,0.27,12100,0.06700582368297744,0.2022314049586777,2447,0.8148518148518149,3.01811684183585
XGB001,validation,0.28,12548,0.06700582368297744,0.196844118584635,2470,0.8225108225108225,2.937716570964897
XGB001,validation,0.29,12996,0.06700582368297744,0.1917513080947984,2492,0.8298368298368298,2.8617110805476456
XGB001,validation,0.3,13445,0.06700582368297744,0.18713276310896243,2516,0.8378288378288379,2.792783564520269
XGB001,validation,0.31,13893,0.06700582368297744,0.18260994745555315,2537,0.8448218448218449,2.7252847203181902
XGB001,validation,0.32,14341,0.06700582368297744,0.1784394393696395,2559,0.8521478521478522,2.663043741002042
XGB001,validation,0.33,14789,0.06700582368297744,0.17411589695043614,2575,0.8574758574758575,2.5985188656768883
XGB001,validation,0.34,15237,0.06700582368297744,0.1703747456848461,2596,0.8644688644688645,2.54268564014577
XGB001,validation,0.35,15685,0.06700582368297744,0.16640102008288174,2610,0.8691308691308691,2.4833814575606095
XGB001,validation,0.36,16134,0.06700582368297744,0.16263790752448246,2624,0.8737928737928738,2.427220480028215
XGB001,validation,0.37,16582,0.06700582368297744,0.15890724882402604,2635,0.8774558774558775,2.371543846335789
XGB001,validation,0.38,17030,0.06700582368297744,0.15537287140340575,2646,0.8811188811188811,2.318796529366112
XGB001,validation,0.39,17478,0.06700582368297744,0.1521341114543998,2659,0.8854478854478854,2.2704610299872914
XGB001,validation,0.4,17926,0.06700582368297744,0.1493919446613857,2678,0.8917748917748918,2.229536724571869
XGB001,validation,0.41,18374,0.06700582368297744,0.1464569500380973,2691,0.8961038961038961,2.1857346419771586
XGB001,validation,0.42,18823,0.06700582368297744,0.1435477872815173,2702,0.8997668997668997,2.1423180761224643
XGB001,validation,0.43,19271,0.06700582368297744,0.14052202791759638,2708,0.9017649017649018,2.097161413647325
XGB001,validation,0.44,19719,0.06700582368297744,0.13793802931183122,2720,0.9057609057609057,2.0585976222671794
XGB001,validation,0.45,20167,0.06700582368297744,0.13551842118312094,2733,0.9100899100899101,2.0224872068477957
XGB001,validation,0.46,20615,0.06700582368297744,0.13305845258307059,2743,0.9134199134199135,1.9857744486898017
XGB001,validation,0.47,21063,0.06700582368297744,0.13065565209134503,2752,0.9164169164169165,1.9499148717208823
XGB001,validation,0.48,21512,0.06700582368297744,0.12839345481591669,2762,0.9197469197469198,1.916153667827152
XGB001,validation,0.49,21960,0.06700582368297744,0.12645719489981785,2777,0.9247419247419247,1.8872567778305482
XGB001,validation,0.5,22408,0.06700582368297744,0.12450910389146733,2790,0.929070929070929,1.8581833197149153
XGB002,validation,0.01,448,0.06700582368297744,0.6785714285714286,304,0.10123210123210123,10.127051519908663
XGB002,validation,0.02,896,0.06700582368297744,0.6238839285714286,559,0.18614718614718614,9.31089111781076
XGB002,validation,0.03,1344,0.06700582368297744,0.5677083333333334,763,0.2540792540792541,8.47252226939727
XGB002,validation,0.04,1792,0.06700582368297744,0.5239955357142857,939,0.3126873126873127,7.820149158876837
XGB002,validation,0.05,2240,0.06700582368297744,0.490625,1099,0.36596736596736595,7.32212475024975
XGB002,validation,0.06,2689,0.06700582368297744,0.4615098549646709,1241,0.41325341325341325,6.887608115202016
XGB002,validation,0.07,3137,0.06700582368297744,0.437041759642971,1371,0.4565434565434565,6.52244440290344
XGB002,validation,0.08,3585,0.06700582368297744,0.41478382147838216,1487,0.49517149517149517,6.190265243821729
XGB002,validation,0.09,4033,0.06700582368297744,0.39399950409124723,1589,0.5291375291375291,5.880078513106036
XGB002,validation,0.1,4481,0.06700582368297744,0.375139477795135,1681,0.5597735597735598,5.598610048732789
XGB002,validation,0.11,4929,0.06700582368297744,0.35544735240413877,1752,0.5834165834165834,5.304723274291137
XGB002,validation,0.12,5378,0.06700582368297744,0.3384157679434734,1820,0.6060606060606061,5.050542614692856
XGB002,validation,0.13,5826,0.06700582368297744,0.32269138345348436,1880,0.626040626040626,4.815870706704898
XGB002,validation,0.14,6274,0.06700582368297744,0.30729996812240995,1928,0.642024642024642,4.586168055724957
XGB002,validation,0.15,6722,0.06700582368297744,0.29559654864623625,1987,0.6616716616716617,4.411505334891232
XGB002,validation,0.16,7170,0.06700582368297744,0.28326359832635983,2031,0.6763236763236763,4.227447447949539
XGB002,validation,0.17,7618,0.06700582368297744,0.27303754266211605,2080,0.6926406926406926,4.074833016812539
XGB002,validation,0.18,8067,0.06700582368297744,0.26317094334944835,2123,0.706959706959707,3.927583139557851
XGB002,validation,0.19,8515,0.06700582368297744,0.2547269524368761,2169,0.7222777222777222,3.8015643780764155
XGB002,validation,0.2,8963,0.06700582368297744,0.24723864777418275,2216,0.7379287379287379,3.6898083507477684
XGB002,validation,0.21,9411,0.06700582368297744,0.23961321857400913,2255,0.7509157509157509,3.5760058664107115
XGB002,validation,0.22,9859,0.06700582368297744,0.2320722182777158,2288,0.7619047619047619,3.4634634054453506
XGB002,validation,0.23,10307,0.06700582368297744,0.22489570195013098,2318,0.7718947718947718,3.3563605309021045
XGB002,validation,0.24,10756,0.06700582368297744,0.21904053551506136,2356,0.7845487845487845,3.2689775824770244
XGB002,validation,0.25,11204,0.06700582368297744,0.21313816494109247,2388,0.7952047952047953,3.1808901558990814
XGB002,validation,0.26,11652,0.06700582368297744,0.20751802265705457,2418,0.8051948051948052,3.0970147257479903
XGB002,validation,0.27,12100,0.06700582368297744,0.20297520661157026,2456,0.8178488178488178,3.029217394176072
XGB002,validation,0.28,12548,0.06700582368297744,0.19700350653490595,2472,0.8231768231768232,2.940095288836124
XGB002,validation,0.29,12996,0.06700582368297744,0.1919821483533395,2495,0.8308358308358308,2.865156158092446
XGB002,validation,0.3,13445,0.06700582368297744,0.18713276310896243,2516,0.8378288378288379,2.792783564520269
XGB002,validation,0.31,13893,0.06700582368297744,0.18210609659540775,2530,0.8424908424908425,2.7177652118269693
XGB002,validation,0.32,14341,0.06700582368297744,0.1781605187922739,2555,0.8508158508158508,2.658881109128651
XGB002,validation,0.33,14789,0.06700582368297744,0.17411589695043614,2575,0.8574758574758575,2.5985188656768883
XGB002,validation,0.34,15237,0.06700582368297744,0.17011222681630242,2592,0.8631368631368631,2.5387677886201216
XGB002,validation,0.35,15685,0.06700582368297744,0.1658272234619063,2601,0.8661338661338661,2.474818073224194
XGB002,validation,0.36,16134,0.06700582368297744,0.16232800297508368,2619,0.8721278721278721,2.422595441003771
XGB002,validation,0.37,16582,0.06700582368297744,0.15878663611144614,2633,0.8767898767898767,2.369743813055838
XGB002,validation,0.38,17030,0.06700582368297744,0.15543159130945391,2647,0.8814518814518815,2.3196728697022295
XGB002,validation,0.39,17478,0.06700582368297744,0.15196246710149902,2656,0.8844488844488845,2.2678993966326613
XGB002,validation,0.4,17926,0.06700582368297744,0.14928037487448398,2676,0.8911088911088911,2.227871648601315
XGB002,validation,0.41,18374,0.06700582368297744,0.14629367584630457,2688,0.8951048951048951,2.1832979255424014
XGB002,validation,0.42,18823,0.06700582368297744,0.14328215481060405,2697,0.8981018981018981,2.1383537569586553
XGB002,validation,0.43,19271,0.06700582368297744,0.1405739193606974,2709,0.9020979020979021,2.0979358454839745
XGB002,validation,0.44,19719,0.06700582368297744,0.13773517926872558,2716,0.9044289044289044,2.055570272822669
XGB002,validation,0.45,20167,0.06700582368297744,0.1351217335250657,2725,0.9074259074259075,2.0165670101208355
XGB002,validation,0.46,20615,0.06700582368297744,0.13286441911229688,2739,0.9120879120879121,1.9828786784401629
XGB002,validation,0.47,21063,0.06700582368297744,0.13075060532687652,2754,0.9170829170829171,1.951331961017191
XGB002,validation,0.48,21512,0.06700582368297744,0.12853291186314614,2765,0.9207459207459208,1.9182349353881518
XGB002,validation,0.49,21960,0.06700582368297744,0.12650273224043715,2778,0.9250749250749251,1.8879363805593312
XGB002,validation,0.5,22408,0.06700582368297744,0.12450910389146733,2790,0.929070929070929,1.8581833197149153
XGB003,validation,0.01,448,0.06700582368297744,0.6607142857142857,296,0.09856809856809857,9.860550164121593
XGB003,validation,0.02,896,0.06700582368297744,0.6171875,553,0.18414918414918416,9.210953109390609
XGB003,validation,0.03,1344,0.06700582368297744,0.5691964285714286,765,0.2547452547452547,8.494730715712858
XGB003,validation,0.04,1792,0.06700582368297744,0.51953125,931,0.31002331002331,7.75352381993007
XGB003,validation,0.05,2240,0.06700582368297744,0.4924107142857143,1103,0.3672993672993673,7.348774885828457
XGB003,validation,0.06,2689,0.06700582368297744,0.46374116772034213,1247,0.41525141525141523,6.920908396178013
XGB003,validation,0.07,3137,0.06700582368297744,0.43608543194134525,1368,0.45554445554445555,6.5081720956760805
XGB003,validation,0.08,3585,0.06700582368297744,0.4103207810320781,1471,0.48984348984348985,6.123658489348865
XGB003,validation,0.09,4033,0.06700582368297744,0.3915199603272998,1579,0.5258075258075258,5.8430736137158155
XGB003,validation,0.1,4481,0.06700582368297744,0.374693148850703,1679,0.5591075591075592,5.591949001678973
XGB003,validation,0.11,4929,0.06700582368297744,0.35707039967539056,1760,0.5860805860805861,5.328945754995663
XGB003,validation,0.12,5378,0.06700582368297744,0.3386017106731127,1821,0.6063936063936064,5.053317638107522
XGB003,validation,0.13,5826,0.06700582368297744,0.32251973910058357,1879,0.6257076257076257,4.8133090733502675
XGB003,validation,0.14,6274,0.06700582368297744,0.30809690787376476,1933,0.6436896436896437,4.59806164508109
XGB003,validation,0.15,6722,0.06700582368297744,0.2941088961618566,1977,0.6583416583416584,4.389303496265709
XGB003,validation,0.16,7170,0.06700582368297744,0.2813110181311018,2017,0.6716616716616717,4.198306992867662
XGB003,validation,0.17,7618,0.06700582368297744,0.2717248621685482,2070,0.6893106893106893,4.055242473462479
XGB003,validation,0.18,8067,0.06700582368297744,0.2629230197099293,2121,0.7062937062937062,3.9238831083382957
XGB003,validation,0.19,8515,0.06700582368297744,0.2540223135642983,2163,0.7202797202797203,3.7910482940430086
XGB003,validation,0.2,8963,0.06700582368297744,0.24701550820037935,2214,0.7372627372627373,3.68647819880666
XGB003,validation,0.21,9411,0.06700582368297744,0.2385506322388694,2245,0.7475857475857476,3.560147747269201
XGB003,validation,0.22,9859,0.06700582368297744,0.23095648645907293,2277,0.7582417582417582,3.4468121390730175
XGB003,validation,0.23,10307,0.06700582368297744,0.22314931599883575,2300,0.765900765900766,3.330297334372235
XGB003,validation,0.24,10756,0.06700582368297744,0.21764596504276681,2341,0.7795537795537796,3.2481649068670264
XGB003,validation,0.25,11204,0.06700582368297744,0.2126918957515173,2383,0.7935397935397935,3.174230000631286
XGB003,validation,0.26,11652,0.06700582368297744,0.2070030895983522,2412,0.8031968031968032,3.0893298256840995
XGB003,validation,0.27,12100,0.06700582368297744,0.20148760330578513,2438,0.8118548118548119,3.0070162894956285
XGB003,validation,0.28,12548,0.06700582368297744,0.19660503665922857,2467,0.8215118215118216,2.9341484941580576
XGB003,validation,0.29,12996,0.06700582368297744,0.19144352108341028,2488,0.8285048285048285,2.857117643821245
XGB003,validation,0.3,13445,0.06700582368297744,0.1867608776496839,2511,0.8361638361638362,2.787233517690937
XGB003,validation,0.31,13893,0.06700582368297744,0.18232203267832722,2533,0.8434898434898435,2.720987858323207
XGB003,validation,0.32,14341,0.06700582368297744,0.1779513283592497,2552,0.8498168498168498,2.6557591352236076
XGB003,validation,0.33,14789,0.06700582368297744,0.1737101900060856,2569,0.8554778554778555,2.5924640644364763
XGB003,validation,0.34,15237,0.06700582368297744,0.169652818796351,2585,0.8608058608058609,2.5319115484502372
XGB003,validation,0.35,15685,0.06700582368297744,0.1657634682817979,2600,0.8658008658008658,2.4738665860757028
XGB003,validation,0.36,16134,0.06700582368297744,0.16201809842568488,2614,0.8704628704628704,2.417970401979327
XGB003,validation,0.37,16582,0.06700582368297744,0.15836449161741648,2626,0.8744588744588745,2.3634436965760086
XGB003,validation,0.38,17030,0.06700582368297744,0.155079271873165,2641,0.8794538794538794,2.3144148276855265
XGB003,validation,0.39,17478,0.06700582368297744,0.1518480375328985,2654,0.8837828837828838,2.2661916410629077
XGB003,validation,0.4,17926,0.06700582368297744,0.14905723530068057,2672,0.8897768897768897,2.2245414966602066
XGB003,validation,0.41,18374,0.06700582368297744,0.14629367584630457,2688,0.8951048951048951,2.1832979255424014
XGB003,validation,0.42,18823,0.06700582368297744,0.14370716676406525,2705,0.9007659007659008,2.14469666762075
XGB003,validation,0.43,19271,0.06700582368297744,0.14072959369000052,2712,0.903096903096903,2.1002591409939235
XGB003,validation,0.44,19719,0.06700582368297744,0.13809016684416045,2723,0.9067599067599068,2.0608681343505624
XGB003,validation,0.45,20167,0.06700582368297744,0.13536966331135022,2730,0.9090909090909091,2.0202671330751856
XGB003,validation,0.46,20615,0.06700582368297744,0.13286441911229688,2739,0.9120879120879121,1.9828786784401629
XGB003,validation,0.47,21063,0.06700582368297744,0.13051322223804776,2749,0.9154179154179154,1.947789237776419
XGB003,validation,0.48,21512,0.06700582368297744,0.12834696913350688,2761,0.9194139194139194,1.9154599119734856
XGB003,validation,0.49,21960,0.06700582368297744,0.1261384335154827,2770,0.9224109224109224,1.882499558729067
XGB003,validation,0.5,22408,0.06700582368297744,0.12428596929667976,2785,0.9274059274059274,1.8548532420810178
XGB004,validation,0.01,448,0.06700582368297744,0.65625,294,0.0979020979020979,9.793924825174825
XGB004,validation,0.02,896,0.06700582368297744,0.6149553571428571,551,0.1834831834831835,9.177640439917225
XGB004,validation,0.03,1344,0.06700582368297744,0.5662202380952381,761,0.25341325341325344,8.45031382308168
XGB004,validation,0.04,1792,0.06700582368297744,0.5184151785714286,929,0.3093573093573094,7.736867485193378
XGB004,validation,0.05,2240,0.06700582368297744,0.48660714285714285,1090,0.36297036297036295,7.262161945197659
XGB004,validation,0.06,2689,0.06700582368297744,0.4626255113425065,1244,0.41425241425241427,6.9042582556900145
XGB004,validation,0.07,3137,0.06700582368297744,0.437041759642971,1371,0.4565434565434565,6.52244440290344
XGB004,validation,0.08,3585,0.06700582368297744,0.4117154811715481,1476,0.4915084915084915,6.144473100121635
XGB004,validation,0.09,4033,0.06700582368297744,0.39127200595090506,1578,0.5254745254745254,5.839373123776793
XGB004,validation,0.1,4481,0.06700582368297744,0.37536264226735105,1682,0.5601065601065601,5.601940572259697
XGB004,validation,0.11,4929,0.06700582368297744,0.35565023331304524,1753,0.5837495837495837,5.307751084379204
XGB004,validation,0.12,5378,0.06700582368297744,0.3386017106731127,1821,0.6063936063936064,5.053317638107522
XGB004,validation,0.13,5826,0.06700582368297744,0.32286302780638515,1881,0.6263736263736264,4.818432340059528
XGB004,validation,0.14,6274,0.06700582368297744,0.30761874402295186,1930,0.6426906426906427,4.59092549146741
XGB004,validation,0.15,6722,0.06700582368297744,0.2936626004165427,1974,0.6573426573426573,4.382642944678053
XGB004,validation,0.16,7170,0.06700582368297744,0.2808926080892608,2014,0.6706626706626707,4.1920626096358315
XGB004,validation,0.17,7618,0.06700582368297744,0.27093725387240747,2064,0.6873126873126874,4.043488147452442
XGB004,validation,0.18,8067,0.06700582368297744,0.26279905789016983,2120,0.7059607059607059,3.9220330927285185
XGB004,validation,0.19,8515,0.06700582368297744,0.2541397533763946,2164,0.7206127206127206,3.792800974715244
XGB004,validation,0.2,8963,0.06700582368297744,0.24601138011826398,2205,0.7342657342657343,3.671492515071674
XGB004,validation,0.21,9411,0.06700582368297744,0.2385506322388694,2245,0.7475857475857476,3.560147747269201
XGB004,validation,0.22,9859,0.06700582368297744,0.23024647530175474,2270,0.755910755910756,3.43621587865426
XGB004,validation,0.23,10307,0.06700582368297744,0.22392548753274474,2308,0.7685647685647685,3.3418809772743994
XGB004,validation,0.24,10756,0.06700582368297744,0.21764596504276681,2341,0.7795537795537796,3.2481649068670264
XGB004,validation,0.25,11204,0.06700582368297744,0.21215637272402713,2377,0.7915417915417915,3.1662378143099312
XGB004,validation,0.26,11652,0.06700582368297744,0.20648815653964986,2406,0.8011988011988012,3.0816449256202088
XGB004,validation,0.27,12100,0.06700582368297744,0.20132231404958678,2436,0.8111888111888111,3.00454950008669
XGB004,validation,0.28,12548,0.06700582368297744,0.19636595473382212,2464,0.8205128205128205,2.9305804173512175
XGB004,validation,0.29,12996,0.06700582368297744,0.19113573407202217,2484,0.8271728271728271,2.852524207094844
XGB004,validation,0.3,13445,0.06700582368297744,0.18653774637411677,2508,0.8351648351648352,2.783903489593337
XGB004,validation,0.31,13893,0.06700582368297744,0.18210609659540775,2530,0.8424908424908425,2.7177652118269693
XGB004,validation,0.32,14341,0.06700582368297744,0.17767240778188412,2548,0.8484848484848485,2.6515965033502167
XGB004,validation,0.33,14789,0.06700582368297744,0.1736425721820272,2568,0.8551448551448552,2.5914549308964077
XGB004,validation,0.34,15237,0.06700582368297744,0.16984970794775875,2588,0.8618048618048618,2.5348499370944735
XGB004,validation,0.35,15685,0.06700582368297744,0.16563595792158112,2598,0.8651348651348651,2.4719636117787216
XGB004,validation,0.36,16134,0.06700582368297744,0.16195611751580513,2613,0.8701298701298701,2.4170453941744383
XGB004,validation,0.37,16582,0.06700582368297744,0.15842479797370643,2627,0.8747918747918748,2.3643437132159844
XGB004,validation,0.38,17030,0.06700582368297744,0.15490311215502056,2638,0.8784548784548785,2.311785806677175
XGB004,validation,0.39,17478,0.06700582368297744,0.15196246710149902,2656,0.8844488844488845,2.2678993966326613
XGB004,validation,0.4,17926,0.06700582368297744,0.14922458998103313,2675,0.8907758907758908,2.2270391106160377
XGB004,validation,0.41,18374,0.06700582368297744,0.146239251115707,2687,0.8947718947718948,2.1824856867308156
XGB004,validation,0.42,18823,0.06700582368297744,0.14344153429315198,2700,0.8991008991008991,2.1407323484569405
XGB004,validation,0.43,19271,0.06700582368297744,0.14072959369000052,2712,0.903096903096903,2.1002591409939235
XGB004,validation,0.44,19719,0.06700582368297744,0.13809016684416045,2723,0.9067599067599068,2.0608681343505624
XGB004,validation,0.45,20167,0.06700582368297744,0.13532007735409332,2729,0.9087579087579087,2.019527108484316
XGB004,validation,0.46,20615,0.06700582368297744,0.13286441911229688,2739,0.9120879120879121,1.9828786784401629
XGB004,validation,0.47,21063,0.06700582368297744,0.1305606988558135,2750,0.9157509157509157,1.9484977824245733
XGB004,validation,0.48,21512,0.06700582368297744,0.12839345481591669,2762,0.9197469197469198,1.916153667827152
XGB004,validation,0.49,21960,0.06700582368297744,0.1260473588342441,2768,0.9217449217449217,1.8811403532715008
XGB004,validation,0.5,22408,0.06700582368297744,0.1241520885398072,2782,0.9264069264069265,1.8528551955006791
XGBSTACK001,validation,0.01,448,0.06700582368297744,0.6674107142857143,299,0.09956709956709957,9.960488172541744
XGBSTACK001,validation,0.02,896,0.06700582368297744,0.6104910714285714,547,0.18215118215118214,9.111015100970457
XGBSTACK001,validation,0.03,1344,0.06700582368297744,0.5617559523809523,755,0.2514152514152514,8.383688484134911
XGBSTACK001,validation,0.04,1792,0.06700582368297744,0.5228794642857143,937,0.312021312021312,7.803492824140146
XGBSTACK001,validation,0.05,2240,0.06700582368297744,0.484375,1085,0.3613053613053613,7.228849275724276
XGBSTACK001,validation,0.06,2689,0.06700582368297744,0.46411305317962065,1248,0.4155844155844156,6.926458443007345
XGBSTACK001,validation,0.07,3137,0.06700582368297744,0.4376793114440548,1373,0.4572094572094572,6.531959274388346
XGBSTACK001,validation,0.08,3585,0.06700582368297744,0.4125523012552301,1479,0.4925074925074925,6.156961866585298
XGBSTACK001,validation,0.09,4033,0.06700582368297744,0.39077609719811557,1576,0.5248085248085248,5.831972143898749
XGBSTACK001,validation,0.1,4481,0.06700582368297744,0.37536264226735105,1682,0.5601065601065601,5.601940572259697
XGBSTACK001,validation,0.11,4929,0.06700582368297744,0.357273280584297,1761,0.5864135864135864,5.33197356508373
XGBSTACK001,validation,0.12,5378,0.06700582368297744,0.3402751952398661,1830,0.6093906093906094,5.07829284883952
XGBSTACK001,validation,0.13,5826,0.06700582368297744,0.32492276004119464,1893,0.6303696303696303,4.849171940315092
XGBSTACK001,validation,0.14,6274,0.06700582368297744,0.3087344596748486,1937,0.645021645021645,4.607576516565997
XGBSTACK001,validation,0.15,6722,0.06700582368297744,0.2963403748884261,1992,0.6633366633366633,4.422606254203993
XGBSTACK001,validation,0.16,7170,0.06700582368297744,0.2839609483960948,2036,0.677988677988678,4.237854753335925
XGBSTACK001,validation,0.17,7618,0.06700582368297744,0.27303754266211605,2080,0.6926406926406926,4.074833016812539
XGBSTACK001,validation,0.18,8067,0.06700582368297744,0.2635428288087269,2126,0.707958707958708,3.933133186387184
XGBSTACK001,validation,0.19,8515,0.06700582368297744,0.2559013505578391,2179,0.7256077256077256,3.819091184798759
XGBSTACK001,validation,0.2,8963,0.06700582368297744,0.24668079883967423,2211,0.7362637362637363,3.681482970894998
XGBSTACK001,validation,0.21,9411,0.06700582368297744,0.23982573584103709,2257,0.7515817515817516,3.579177490239014
XGBSTACK001,validation,0.22,9859,0.06700582368297744,0.2330865199310275,2298,0.7652347652347652,3.4786009203292902
XGBSTACK001,validation,0.23,10307,0.06700582368297744,0.22635102357621034,2333,0.7768897768897769,3.3780798613436627
XGBSTACK001,validation,0.24,10756,0.06700582368297744,0.21950539233915953,2361,0.7862137862137862,3.2759151410136904
XGBSTACK001,validation,0.25,11204,0.06700582368297744,0.21394144948232774,2397,0.7982017982017982,3.192878435381113
XGBSTACK001,validation,0.26,11652,0.06700582368297744,0.20820460006865774,2426,0.8078588078588078,3.107261259166511
XGBSTACK001,validation,0.27,12100,0.06700582368297744,0.20239669421487602,2449,0.8155178155178155,3.020583631244788
XGBSTACK001,validation,0.28,12548,0.06700582368297744,0.19700350653490595,2472,0.8231768231768232,2.940095288836124
XGBSTACK001,validation,0.29,12996,0.06700582368297744,0.19244382887042166,2501,0.8328338328338328,2.872046313182047
XGBSTACK001,validation,0.3,13445,0.06700582368297744,0.18757902566009668,2522,0.8398268398268398,2.799443620715469
XGBSTACK001,validation,0.31,13893,0.06700582368297744,0.18275390484416612,2539,0.8454878454878455,2.7274331513156818
XGBSTACK001,validation,0.32,14341,0.06700582368297744,0.1782999790809567,2557,0.8514818514818515,2.660962425065347
XGBSTACK001,validation,0.33,14789,0.06700582368297744,0.1743187504226114,2578,0.8584748584748585,2.6015462662970945
XGBSTACK001,validation,0.34,15237,0.06700582368297744,0.17024348625057426,2594,0.8638028638028638,2.540726714382946
XGBSTACK001,validation,0.35,15685,0.06700582368297744,0.16640102008288174,2610,0.8691308691308691,2.4833814575606095
XGBSTACK001,validation,0.36,16134,0.06700582368297744,0.16276186934424197,2626,0.8744588744588745,2.4290704956379927
XGBSTACK001,validation,0.37,16582,0.06700582368297744,0.1593896996743457,2643,0.8801198801198801,2.3787439794555945
XGBSTACK001,validation,0.38,17030,0.06700582368297744,0.15596007046388727,2656,0.8844488844488845,2.3275599327272847
XGBSTACK001,validation,0.39,17478,0.06700582368297744,0.15253461494450166,2666,0.8877788877788878,2.2764381744814286
XGBSTACK001,validation,0.4,17926,0.06700582368297744,0.14900145040722973,2671,0.8894438894438894,2.22370895867493
XGBSTACK001,validation,0.41,18374,0.06700582368297744,0.14602155219331664,2683,0.8934398934398934,2.1792367314844725
XGBSTACK001,validation,0.42,18823,0.06700582368297744,0.1432290283164214,2696,0.8977688977688978,2.1375608931258934
XGBSTACK001,validation,0.43,19271,0.06700582368297744,0.14041824503139433,2706,0.9010989010989011,2.095612549974026
XGBSTACK001,validation,0.44,19719,0.06700582368297744,0.137785891779502,2717,0.9047619047619048,2.0563271101837968
XGBSTACK001,validation,0.45,20167,0.06700582368297744,0.13522090543957951,2727,0.9080919080919081,2.018047059302576
XGBSTACK001,validation,0.46,20615,0.06700582368297744,0.1329129274799903,2740,0.9124209124209124,1.9836026210025726
XGBSTACK001,validation,0.47,21063,0.06700582368297744,0.13051322223804776,2749,0.9154179154179154,1.947789237776419
XGBSTACK001,validation,0.48,21512,0.06700582368297744,0.12853291186314614,2765,0.9207459207459208,1.9182349353881518
XGBSTACK001,validation,0.49,21960,0.06700582368297744,0.12627504553734062,2773,0.9234099234099234,1.884538366915416
XGBSTACK001,validation,0.5,22408,0.06700582368297744,0.1241074616208497,2781,0.926073926073926,1.8521891799738996
