model_id,split,risk_band,applicant_count,default_count,actual_default_rate,min_pd,mean_pd,max_pd,min_percentile,max_percentile,total_applicants,applicant_pct
BLOG001,train,Low Risk,25911,363,0.014009494037281463,0.0140094940372817,0.014009494037281701,0.0140094940372817,0.1238943130636015,0.1238943130636015,104573,0.2477790634293747
BLOG001,train,Medium Risk,25898,626,0.024171750714340877,0.0221018418201516,0.024171750714340783,0.0293089540198977,0.33604754573360235,0.4598749199124057,104573,0.24765474835760665
BLOG001,train,High Risk,33769,2097,0.062098374248571175,0.0347959969207082,0.062098374248571134,0.1048278713946035,0.5575483155307775,0.7721113480535129,104573,0.32292274296424506
BLOG001,train,Very High Risk,16674,3078,0.18459877653832313,0.184598776538323,0.184598776538323,0.184598776538323,0.898085547894772,0.898085547894772,104573,0.159448423589263
BLOG001,train,Extreme Risk,2321,842,0.36277466609220166,0.3627746660922017,0.3627746660922017,0.3627746660922017,0.9889072705191588,0.9889072705191588,104573,0.02219502165951058
BLOG001,validation,Low Risk,11290,167,0.01479185119574845,0.0140094940372817,0.0140094940372817,0.0140094940372817,0.12596782470937368,0.12596782470937368,44817,0.251913336457148
BLOG001,validation,Medium Risk,10914,266,0.0243723657687374,0.0221018418201516,0.02416941267386289,0.0293089540198977,0.3387553830019859,0.4605172144498739,44817,0.24352366289577615
BLOG001,validation,High Risk,14385,862,0.05992353145637817,0.0347959969207082,0.06194396582958536,0.1048278713946035,0.5575897538880336,0.7707789454894348,44817,0.3209719526072696
BLOG001,validation,Very High Risk,7228,1313,0.18165467625899281,0.184598776538323,0.184598776538323,0.184598776538323,0.8970591516612,0.8970591516612,44817,0.16127808644041325
BLOG001,validation,Extreme Risk,1000,395,0.395,0.3627746660922017,0.3627746660922017,0.3627746660922017,0.9888546756811032,0.9888546756811032,44817,0.022312961599393086
BLOG002,train,Low Risk,25642,306,0.011933546525232042,0.0133531493778671,0.0133531493778671,0.0133531493778671,0.12260813020569362,0.12260813020569362,104573,0.24520669771355894
BLOG002,train,Medium Risk,25384,502,0.01977623699968484,0.0206886082839079,0.02208172790793918,0.0255967205027018,0.3321316209729089,0.4535013818098362,104573,0.24273952167385462
BLOG002,train,High Risk,32699,1702,0.052050521422673475,0.031541492355901,0.05278671194141035,0.0856711535822705,0.5486167557591348,0.7573226358620294,104573,0.31269065628795195
BLOG002,train,Very High Risk,16074,2291,0.14252830658205798,0.1040875510962569,0.12878089969378828,0.2221058587952178,0.8018035248104195,0.9466497088158511,104573,0.1537108048922762
BLOG002,train,Extreme Risk,4774,2205,0.46187683284457476,0.2224253747668911,0.4832381832818329,0.7795412609570519,0.9545245904774655,0.9990819810084821,104573,0.04565231943235826
BLOG002,validation,Low Risk,11169,131,0.0117288924702301,0.0133531493778671,0.0133531493778671,0.0133531493778671,0.1246178905326104,0.1246178905326104,44817,0.24921346810362138
BLOG002,validation,Medium Risk,10692,209,0.01954732510288066,0.0206886082839079,0.02207630218938994,0.0255967205027018,0.3347836758372939,0.4540687685476493,44817,0.2385701854207109
BLOG002,validation,High Risk,14018,715,0.05100584962191468,0.031541492355901,0.05301324022043238,0.1040875510962569,0.5486199433250776,0.7995068835486534,44817,0.3127830957002923
BLOG002,validation,Very High Risk,6853,1015,0.1481103166496425,0.1062390943241355,0.12914901906071216,0.2221058587952178,0.8007452529174197,0.9457125644286766,44817,0.15291072584064083
BLOG002,validation,Extreme Risk,2085,933,0.4474820143884892,0.2224253747668911,0.4788469280600038,0.7795412609570519,0.9537787000468572,0.9991855769016221,44817,0.046522524934734584
BLOG003,train,Low Risk,23881,207,0.008667978727858967,0.0119841202090803,0.0119841202090803,0.0119841202090803,0.11418817476786551,0.11418817476786551,104573,0.2283667868379027
BLOG003,train,Medium Risk,22979,333,0.014491492232037948,0.0179221596504773,0.019022698054943075,0.0218008823492839,0.3070677899649049,0.41693840666328785,104573,0.2197412333967659
BLOG003,train,High Risk,34439,1580,0.04587821946049537,0.0256193382592646,0.04306990296863287,0.0869565539893443,0.500583324567527,0.7769118223633251,104573,0.32932975050921365
BLOG003,train,Very High Risk,18035,2444,0.13551427779317993,0.0874272859909712,0.1261875974874334,0.2827084425916109,0.82657569353466,0.9481223642814111,104573,0.17246325533359472
BLOG003,train,Extreme Risk,5239,2442,0.46611948845199463,0.2858983449525352,0.48169630419160164,0.8689601267021568,0.9502261578036396,0.999813527392348,104573,0.05009897392252302
BLOG003,validation,Low Risk,10417,93,0.00892771431314198,0.0119841202090803,0.0119841202090803,0.0119841202090803,0.1162282169712386,0.1162282169712386,44817,0.2324341209808778
BLOG003,validation,Medium Risk,9721,133,0.013681719987655591,0.0179221596504773,0.01901822499906507,0.0218008823492839,0.3102505745587612,0.4187027244126113,44817,0.2169042997077002
BLOG003,validation,High Risk,14578,626,0.04294141857593634,0.0256193382592646,0.043062820644861326,0.0869565539893443,0.5017738804471518,0.7740924202869447,44817,0.3252783541959524
BLOG003,validation,Very High Risk,7860,1124,0.1430025445292621,0.0874272859909712,0.12617985755136069,0.2890498240314496,0.8248990338487627,0.949929714170962,44817,0.17537987817122966
BLOG003,validation,Extreme Risk,2241,1027,0.45827755466309683,0.2904762018013412,0.48480999135987884,0.8689601267021568,0.9543142111252426,0.9998103398264051,44817,0.050003346944239906
BLOG004,train,Low Risk,23664,192,0.008113590263691683,0.0118636747292065,0.011863674729206498,0.0118636747292065,0.11315062205349373,0.11315062205349373,104573,0.22629168140915915
BLOG004,train,Medium Risk,24108,347,0.014393562302969969,0.0177327175179894,0.019068087103224645,0.0250468849929873,0.30411769768487085,0.4501305308253564,104573,0.23053751924492938
BLOG004,train,High Risk,32687,1419,0.04341175390828158,0.0251241132045973,0.041489920317928614,0.0776055283372745,0.5084295181356564,0.7635288267526035,104573,0.31257590391401224
BLOG004,train,Very High Risk,18970,2595,0.13679493937796522,0.0819866129324633,0.12212381438158688,0.2518608864990668,0.816133227506144,0.9472473774301206,104573,0.1814043778030658
BLOG004,train,Extreme Risk,5144,2453,0.47686625194401244,0.253245472117343,0.5040230896331023,0.910621754375722,0.9508381704646515,0.9999856559532575,104573,0.04919051762883345
BLOG004,validation,Low Risk,10318,86,0.008334948633456097,0.0118636747292065,0.0118636747292065,0.0118636747292065,0.11512372537206864,0.11512372537206864,44817,0.23022513778253786
BLOG004,validation,Medium Risk,10172,133,0.013075108139992134,0.0177327175179894,0.019055160545290176,0.0250468849929873,0.30709329049244705,0.45076645023093914,44817,0.2269674453890265
BLOG004,validation,High Risk,13844,556,0.04016180294712511,0.0251241132045973,0.041390294801115675,0.0776055283372745,0.5088917151973581,0.7602360711337216,44817,0.3089006403819979
BLOG004,validation,Very High Risk,8247,1170,0.14186977082575483,0.0819866129324633,0.12105482275546033,0.2518608864990668,0.8144230983778477,0.9464712051230559,44817,0.1840149943101948
BLOG004,validation,Extreme Risk,2236,1058,0.4731663685152057,0.253245472117343,0.5052934135611102,0.910621754375722,0.9501305308253565,0.9999665305576009,44817,0.04989178213624294
BLOG005,train,Low Risk,23362,165,0.007062751476757127,0.0090336928028422,0.011025306285489618,0.013187289495457,0.028951067675212532,0.19885630133973398,104573,0.22340374666500915
BLOG005,train,Medium Risk,28601,416,0.014544945980909758,0.0147878958105241,0.019356386040803603,0.0258250435427776,0.22845763246727166,0.49394681227467896,104573,0.27350272058753217
BLOG005,train,High Risk,31769,1551,0.048821177877805405,0.0262846838554488,0.046811563772681745,0.0783353551113828,0.503901580713951,0.7911315540340241,104573,0.3037973473076224
BLOG005,train,Very High Risk,15612,2380,0.15244683576735843,0.0790566353475836,0.13346633690828802,0.2762662090364542,0.8007181586069062,0.949991871706846,104573,0.14929283849559638
BLOG005,train,Extreme Risk,5229,2494,0.4769554408108625,0.2763578687375402,0.5018133058135099,0.9201844113180492,0.9500205598003308,1.0,104573,0.050003346944239906
BLOG005,validation,Low Risk,7832,52,0.006639427987742594,0.0090336928028422,0.010375246555945607,0.0130398675403894,0.029642769484793715,0.1572282839101234,44817,0.17475511524644666
BLOG005,validation,Medium Risk,14505,193,0.013305756635642882,0.013187289495457,0.01838067687491143,0.0259828530090201,0.20032576923935114,0.4984046232456434,44817,0.32364950799919673
BLOG005,validation,High Risk,13567,608,0.044814623719318936,0.0262846838554488,0.047143580356532995,0.0783353551113828,0.5047415043398711,0.7911506794296806,44817,0.302719950018966
BLOG005,validation,Very High Risk,6656,1074,0.16135817307692307,0.0795367611453018,0.13362952815573148,0.2769094781416846,0.8011915121494075,0.9496396456701698,44817,0.1485150724055604
BLOG005,validation,Extreme Risk,2257,1076,0.4767390341160833,0.2796538254141835,0.5032479368152822,0.9201844113180492,0.9512684918669255,1.0,44817,0.0503603543298302
BNB001,train,Low Risk,20927,132,0.006307640846752998,4.2189458228834704e-05,0.00032562847994348394,0.0006358580510042,0.0004398841001023209,0.19902842990064357,104573,0.20011857745307107
BNB001,train,Medium Risk,31344,468,0.014931087289433384,0.0006366589826898,0.0017564020623372805,0.0039773345695163,0.20016160959329846,0.4998230900901762,104573,0.2997332007305901
BNB001,train,High Risk,31388,1471,0.04686504396584682,0.0039795834222446,0.017831395303780258,0.0634019732814557,0.5000430321402274,0.7999961749208687,104573,0.3001539594350358
BNB001,train,Very High Risk,15684,2480,0.15812292782453455,0.0634987952720627,0.3434029865768601,0.9324096674818416,0.8000487697589244,0.9499870903579318,104573,0.1499813527392348
BNB001,train,Extreme Risk,5230,2455,0.4694072657743786,0.93253681990772,0.986425282579688,0.999999,0.9500014344046742,0.9999139357195452,104573,0.05001290964206822
BNB001,validation,Low Risk,8963,58,0.006471047640299007,4.2189458228834704e-05,0.00032404545756249263,0.0006368320542946,0.0005578240399848271,0.19992413593056207,44817,0.19999107481536024
BNB001,validation,Medium Risk,13444,187,0.013909550728949718,0.0006378504728694,0.001772839549032052,0.0039813431496423,0.20004685721935872,0.49995537407680124,44817,0.29997545574224066
BNB001,validation,High Risk,13445,621,0.04618817404239494,0.0039887486376174,0.017807212799386254,0.0618285917556683,0.5000111564807997,0.799964299261441,44817,0.29999776870384004
BNB001,validation,Very High Risk,6724,1077,0.16017251635930993,0.0618313172846522,0.3439722514359539,0.9356908611816468,0.8000200816654395,0.9499966530557601,44817,0.15003235379431912
BNB001,validation,Extreme Risk,2241,1060,0.47300312360553326,0.9359916431892604,0.9873379203451155,0.999999,0.9500970613829574,0.9998661222304036,44817,0.050003346944239906
BNB002,train,Low Risk,20927,132,0.006307640846752998,0.0005872188513389,0.004511093418238309,0.0087829015668102,0.0004398841001023209,0.19902842990064357,104573,0.20011857745307107
BNB002,train,Medium Risk,31344,468,0.014931087289433384,0.0087938742762453,0.023779951309308996,0.0526807655523801,0.20016160959329846,0.4998230900901762,104573,0.2997332007305901
BNB002,train,High Risk,31388,1471,0.04686504396584682,0.0527090948687849,0.1834018928368197,0.4852575723966895,0.5000430321402274,0.7999961749208687,104573,0.3001539594350358
BNB002,train,Very High Risk,15684,2480,0.15812292782453455,0.4856645604518049,0.7832476979425319,0.9948216639468488,0.8000487697589244,0.9499870903579318,104573,0.1499813527392348
BNB002,train,Extreme Risk,5230,2455,0.4694072657743786,0.9948320563044116,0.998988018448346,0.999999,0.9500014344046742,0.9978579556864583,104573,0.05001290964206822
BNB002,validation,Low Risk,8963,58,0.006471047640299007,0.0005872188513389,0.004489228999292641,0.0087962453158116,0.0005578240399848271,0.19992413593056207,44817,0.19999107481536024
BNB002,validation,Medium Risk,13444,187,0.013909550728949718,0.0088101971934349,0.02399611849783812,0.0527312614681907,0.20004685721935872,0.49995537407680124,44817,0.29997545574224066
BNB002,validation,High Risk,13445,621,0.04618817404239494,0.0528245350010645,0.18357979797286786,0.4785645550744431,0.5000111564807997,0.799964299261441,44817,0.29999776870384004
BNB002,validation,Very High Risk,6724,1077,0.16017251635930993,0.4785762800469058,0.7825673650337693,0.9950890058634264,0.8000200816654395,0.9499966530557601,44817,0.15003235379431912
BNB002,validation,Extreme Risk,2241,1060,0.47300312360553326,0.9951134260619408,0.9990590241410789,0.999999,0.9500970613829574,0.9977240779168619,44817,0.050003346944239906
BNB003,train,Low Risk,20927,132,0.006307640846752998,4.220828927492383e-05,0.0003256516279564794,0.0006358358363701,0.0004398841001023209,0.19902842990064357,104573,0.20011857745307107
BNB003,train,Medium Risk,31344,468,0.014931087289433384,0.0006366864796488,0.0017564359888936733,0.0039772231539915,0.20016160959329846,0.4998230900901762,104573,0.2997332007305901
BNB003,train,High Risk,31388,1471,0.04686504396584682,0.0039792913810665,0.01783079301319633,0.0634000595402116,0.5000430321402274,0.7999961749208687,104573,0.3001539594350358
BNB003,train,Very High Risk,15684,2480,0.15812292782453455,0.0634931247395071,0.34339559368056094,0.9324151106587528,0.8000487697589244,0.9499870903579318,104573,0.1499813527392348
BNB003,train,Extreme Risk,5230,2455,0.4694072657743786,0.9325367251648684,0.9864244599578208,0.999999,0.9500014344046742,0.9999139357195452,104573,0.05001290964206822
BNB003,validation,Low Risk,8963,58,0.006471047640299007,4.220828927492383e-05,0.00032406834157181554,0.0006368649158789,0.0005578240399848271,0.19992413593056207,44817,0.19999107481536024
BNB003,validation,Medium Risk,13444,187,0.013909550728949718,0.0006378744513406,0.001772871540851365,0.0039810768514526,0.20004685721935872,0.49995537407680124,44817,0.29997545574224066
BNB003,validation,High Risk,13448,621,0.04617787031528852,0.0039888195369891,0.01781640163866383,0.0618259279509622,0.5000111564807997,0.7999977687038401,44817,0.30006470758863824
BNB003,validation,Very High Risk,6721,1077,0.1602440113078411,0.0618276297020451,0.34409092933976215,0.9356899220126664,0.8000535511078385,0.9499966530557601,44817,0.14996541490952095
BNB003,validation,Extreme Risk,2241,1060,0.47300312360553326,0.9359837043597032,0.9873371778016503,0.999999,0.9500970613829574,0.9998661222304036,44817,0.050003346944239906
BNB004,train,Low Risk,20927,132,0.006307640846752998,0.0005874808105076,0.004511412874166102,0.0087825972246279,0.0004398841001023209,0.19902842990064357,104573,0.20011857745307107
BNB004,train,Medium Risk,31344,468,0.014931087289433384,0.0087942509787061,0.02378040408258718,0.0526793619845949,0.20016160959329846,0.4998230900901762,104573,0.2997332007305901
BNB004,train,High Risk,31388,1471,0.04686504396584682,0.0527054160472211,0.18339786846684783,0.4852495224056755,0.5000430321402274,0.7999961749208687,104573,0.3001539594350358
BNB004,train,Very High Risk,15684,2480,0.15812292782453455,0.4856407399794681,0.7832400460712663,0.9948221088794412,0.8000487697589244,0.9499870903579318,104573,0.1499813527392348
BNB004,train,Extreme Risk,5230,2455,0.4694072657743786,0.9948320485619122,0.9989879548173509,0.999999,0.9500014344046742,0.9978579556864583,104573,0.05001290964206822
BNB004,validation,Low Risk,8963,58,0.006471047640299007,0.0005874808105076,0.004489544848086424,0.0087966955104642,0.0005578240399848271,0.19992413593056207,44817,0.19999107481536024
BNB004,validation,Medium Risk,13444,187,0.013909550728949718,0.0088105256833431,0.02399654590104213,0.0527279070753877,0.20004685721935872,0.49995537407680124,44817,0.29997545574224066
BNB004,validation,High Risk,13448,621,0.04617787031528852,0.0528254279100993,0.1836413860893029,0.478553095190379,0.5000111564807997,0.7999977687038401,44817,0.30006470758863824
BNB004,validation,Very High Risk,6721,1077,0.1602440113078411,0.4785604162994912,0.782695761942659,0.9950889295905004,0.8000535511078385,0.9499966530557601,44817,0.14996541490952095
BNB004,validation,Extreme Risk,2241,1060,0.47300312360553326,0.995112781702358,0.9990589668942251,0.999999,0.9500970613829574,0.9977240779168619,44817,0.050003346944239906
BNB005,train,Low Risk,20927,132,0.006307640846752998,4.223183195381917e-05,0.0003256805582331929,0.0006358080623274,0.0004398841001023209,0.19902842990064357,104573,0.20011857745307107
BNB005,train,Medium Risk,31344,468,0.014931087289433384,0.0006367208394592,0.0017564783708636789,0.0039770838152074,0.20016160959329846,0.4998230900901762,104573,0.2997332007305901
BNB005,train,High Risk,31388,1471,0.04686504396584682,0.0039789263484024,0.017830040107546748,0.0633976670306911,0.5000430321402274,0.7999961749208687,104573,0.3001539594350358
BNB005,train,Very High Risk,15684,2480,0.15812292782453455,0.0634860372406089,0.34338635168408915,0.9324219109800804,0.8000487697589244,0.9499870903579318,104573,0.1499813527392348
BNB005,train,Extreme Risk,5230,2455,0.4694072657743786,0.9325366061353086,0.9864234314355826,0.999999,0.9500014344046742,0.9999139357195452,104573,0.05001290964206822
BNB005,validation,Low Risk,8963,58,0.006471047640299007,4.223183195381917e-05,0.00032409694189343516,0.0006369059829745,0.0005578240399848271,0.19992413593056207,44817,0.19999107481536024
BNB005,validation,Medium Risk,13444,187,0.013909550728949718,0.000637904412011,0.0017729115044207379,0.0039807439921973,0.20004685721935872,0.49995537407680124,44817,0.29997545574224066
BNB005,validation,High Risk,13448,621,0.04617787031528852,0.0039889080929622,0.017815611194907793,0.0618191918707174,0.5000111564807997,0.7999977687038401,44817,0.30006470758863824
BNB005,validation,Very High Risk,6721,1077,0.1602440113078411,0.061826426573156,0.34408185503399275,0.935688747518612,0.8000535511078385,0.9499966530557601,44817,0.14996541490952095
BNB005,validation,Extreme Risk,2241,1060,0.47300312360553326,0.93597377965867,0.9873362493871156,0.999999,0.9500970613829574,0.9998661222304036,44817,0.050003346944239906
BNB006,train,Low Risk,20927,132,0.006307640846752998,0.0005878083131428,0.0045118121281001325,0.0087822167178794,0.0004398841001023209,0.19902842990064357,104573,0.20011857745307107
BNB006,train,Medium Risk,31344,468,0.014931087289433384,0.008794721700391,0.023780969695534903,0.0526776066454546,0.20016160959329846,0.4998230900901762,104573,0.2997332007305901
BNB006,train,High Risk,31388,1471,0.04686504396584682,0.0527008177200536,0.18339283690931252,0.4852394582084356,0.5000430321402274,0.7999961749208687,104573,0.3001539594350358
BNB006,train,Very High Risk,15684,2480,0.15812292782453455,0.4856109644932746,0.7832304795628217,0.994822664740107,0.8000487697589244,0.9499870903579318,104573,0.1499813527392348
BNB006,train,Extreme Risk,5230,2455,0.4694072657743786,0.9948320388346718,0.9989878752586417,0.999999,0.9500014344046742,0.9978579556864583,104573,0.05001290964206822
BNB006,validation,Low Risk,8963,58,0.006471047640299007,0.0005878083131428,0.004489939593796926,0.0087972581178268,0.0005578240399848271,0.19992413593056207,44817,0.19999107481536024
BNB006,validation,Medium Risk,13444,187,0.013909550728949718,0.008810936125319,0.023997079801717995,0.0527237142233219,0.20004685721935872,0.49995537407680124,44817,0.29997545574224066
BNB006,validation,High Risk,13448,621,0.04617787031528852,0.0528265431847702,0.18363610876510078,0.4785241141198247,0.5000111564807997,0.7999977687038401,44817,0.30006470758863824
BNB006,validation,Very High Risk,6721,1077,0.1602440113078411,0.4785552403331565,0.7826866458844238,0.9950888342058734,0.8000535511078385,0.9499966530557601,44817,0.14996541490952095
BNB006,validation,Extreme Risk,2241,1060,0.47300312360553326,0.9951119761441968,0.9990588953167137,0.999999,0.9500970613829574,0.9977240779168619,44817,0.050003346944239906
BNB007,train,Low Risk,20927,132,0.006307640846752998,4.230248578737262e-05,0.0003257673174678197,0.0006357247018968,0.0004398841001023209,0.19902842990064357,104573,0.20011857745307107
BNB007,train,Medium Risk,31344,468,0.014931087289433384,0.0006368238429841,0.0017566053419963816,0.0039766653367087,0.20016160959329846,0.4998230900901762,104573,0.2997332007305901
BNB007,train,High Risk,31387,1471,0.046866537101347694,0.0039778313758421,0.01782632895132064,0.0633904872836715,0.5000430321402274,0.7999866122230403,104573,0.3001443967372075
BNB007,train,Very High Risk,15685,2480,0.15811284666879183,0.0634066242410378,0.34334077146841796,0.9324422876364936,0.800005737618697,0.9499870903579318,104573,0.1499909154370631
BNB007,train,Extreme Risk,5230,2455,0.4694072657743786,0.9325362450410436,0.9864203442367657,0.999999,0.9500014344046742,0.9999139357195452,104573,0.05001290964206822
BNB007,validation,Low Risk,8963,58,0.006471047640299007,4.230248578737262e-05,0.0003241827115927987,0.0006370291183674,0.0005578240399848271,0.19992413593056207,44817,0.19999107481536024
BNB007,validation,Medium Risk,13444,187,0.013909550728949718,0.0006379942112528,0.0017730312204903957,0.0039797455043496,0.20004685721935872,0.49995537407680124,44817,0.29997545574224066
BNB007,validation,High Risk,13448,621,0.04617787031528852,0.0039891733060793,0.017813239627333964,0.0617989875421845,0.5000111564807997,0.7999977687038401,44817,0.30006470758863824
BNB007,validation,Very High Risk,6721,1077,0.1602440113078411,0.0618228134426627,0.3440546261175306,0.9356852204849364,0.8000535511078385,0.9499966530557601,44817,0.14996541490952095
BNB007,validation,Extreme Risk,2241,1060,0.47300312360553326,0.9359439977939764,0.9873334625761477,0.999999,0.9500970613829574,0.9998661222304036,44817,0.050003346944239906
BNB008,train,Low Risk,20927,132,0.006307640846752998,0.0005887911787128,0.004513009450083681,0.0087810746712566,0.0004398841001023209,0.19902842990064357,104573,0.20011857745307107
BNB008,train,Medium Risk,31344,468,0.014931087289433384,0.0087961328230614,0.023782664177514234,0.0526723347699287,0.20016160959329846,0.4998230900901762,104573,0.2997332007305901
BNB008,train,High Risk,31387,1471,0.046866537101347694,0.0526870240710334,0.1833681163278679,0.4852092542307082,0.5000430321402274,0.7999866122230403,104573,0.3001443967372075
BNB008,train,Very High Risk,15685,2480,0.15811284666879183,0.4852771353532521,0.7831827746760422,0.9948243302903628,0.800005737618697,0.9499870903579318,104573,0.1499909154370631
BNB008,train,Extreme Risk,5230,2455,0.4694072657743786,0.9948320093255888,0.9989876364494559,0.999999,0.9500014344046742,0.9978579556864583,104573,0.05001290964206822
BNB008,validation,Low Risk,8963,58,0.006471047640299007,0.0005887911787128,0.004491123395736962,0.0087989450336366,0.0005578240399848271,0.19992413593056207,44817,0.19999107481536024
BNB008,validation,Medium Risk,13444,187,0.013909550728949718,0.0088121663154683,0.023998679149031425,0.0527111365939194,0.20004685721935872,0.49995537407680124,44817,0.29997545574224066
BNB008,validation,High Risk,13448,621,0.04617787031528852,0.0528298832664771,0.1836202697429437,0.4784371709116777,0.5000111564807997,0.7999977687038401,44817,0.30006470758863824
BNB008,validation,Very High Risk,6721,1077,0.1602440113078411,0.4785396957900015,0.7826592861648927,0.9950885477622264,0.8000535511078385,0.9499966530557601,44817,0.14996541490952095
BNB008,validation,Extreme Risk,2241,1060,0.47300312360553326,0.995109558745006,0.9990586804579322,0.999999,0.9500970613829574,0.9977240779168619,44817,0.050003346944239906
BNB009,train,Low Risk,20927,132,0.006307640846752998,4.242032809304844e-05,0.0003259118108824606,0.0006355856403651,0.0004398841001023209,0.19902842990064357,104573,0.20011857745307107
BNB009,train,Medium Risk,31377,468,0.014915383879912038,0.0006369952626036,0.0017591502035102203,0.0039760068399287,0.20016160959329846,0.49998565595325756,104573,0.30004876975892436
BNB009,train,High Risk,31354,1471,0.04691586400459272,0.0039768155937465,0.017837135854484272,0.0633785136519045,0.5002008166543945,0.7999866122230403,104573,0.2998288277088732
BNB009,train,Very High Risk,15685,2480,0.15811284666879183,0.06342715604595,0.3432945365879918,0.9324761678582968,0.800005737618697,0.9499870903579318,104573,0.1499909154370631
BNB009,train,Extreme Risk,5230,2455,0.4694072657743786,0.9325356298717916,0.9864151934687351,0.999999,0.9500014344046742,0.9999139357195452,104573,0.05001290964206822
BNB009,validation,Low Risk,8963,58,0.006471047640299007,4.242032809304844e-05,0.00032432555688231585,0.0006372341244088,0.0005578240399848271,0.19992413593056207,44817,0.19999107481536024
BNB009,validation,Medium Risk,13444,187,0.013909550728949718,0.000638143600885,0.0017732301655187148,0.0039780816579121,0.20004685721935872,0.49995537407680124,44817,0.29997545574224066
BNB009,validation,High Risk,13448,621,0.04617787031528852,0.0039896138128212,0.017809286228500688,0.0617653267003781,0.5000111564807997,0.7999977687038401,44817,0.30006470758863824
BNB009,validation,Very High Risk,6721,1077,0.1602440113078411,0.0617925940698318,0.3440092246190708,0.9356793302613488,0.8000535511078385,0.9499966530557601,44817,0.14996541490952095
BNB009,validation,Extreme Risk,2241,1060,0.47300312360553326,0.935894335474106,0.9873288126707273,0.999999,0.9500970613829574,0.9998661222304036,44817,0.050003346944239906
BNB010,train,Low Risk,20927,132,0.006307640846752998,0.0005904304791875,0.004515003520782854,0.0087791695082878,0.0004398841001023209,0.19902842990064357,104573,0.20011857745307107
BNB010,train,Medium Risk,31377,468,0.014915383879912038,0.008798481220947,0.0238158508394508,0.0526640391011322,0.20016160959329846,0.49998565595325756,104573,0.30004876975892436
BNB010,train,High Risk,31354,1471,0.04691586400459272,0.0526742276724672,0.18348045965015597,0.4851588763381101,0.5002008166543945,0.7999866122230403,104573,0.2998288277088732
BNB010,train,Very High Risk,15685,2480,0.15811284666879183,0.4853634811827078,0.7831348951173934,0.9948270994483231,0.800005737618697,0.9499870903579318,104573,0.1499909154370631
BNB010,train,Extreme Risk,5230,2455,0.4694072657743786,0.9948319590531328,0.9989872379908956,0.999999,0.9500014344046742,0.9978579556864583,104573,0.05001290964206822
BNB010,validation,Low Risk,8963,58,0.006471047640299007,0.0005904304791875,0.004493094948456969,0.0088017535395377,0.0005578240399848271,0.19992413593056207,44817,0.19999107481536024
BNB010,validation,Medium Risk,13444,187,0.013909550728949718,0.0088142128482309,0.02400133688391713,0.0526901769709378,0.20004685721935872,0.49995537407680124,44817,0.29997545574224066
BNB010,validation,High Risk,13448,621,0.04617787031528852,0.0528354309398458,0.18359384790138714,0.4782922655941038,0.5000111564807997,0.7999977687038401,44817,0.30006470758863824
BNB010,validation,Very High Risk,6721,1077,0.1602440113078411,0.4784096532812621,0.7826136481916689,0.995088069390608,0.8000535511078385,0.9499966530557601,44817,0.14996541490952095
BNB010,validation,Extreme Risk,2241,1060,0.47300312360553326,0.995105527329715,0.9990583219394471,0.999999,0.9500970613829574,0.9977240779168619,44817,0.050003346944239906
BNB011,train,Low Risk,20926,132,0.006307942272770716,4.265633434222952e-05,0.0003261855237264892,0.0006353070407097,0.0004398841001023209,0.19901886720281525,104573,0.20010901475524276
BNB011,train,Medium Risk,31363,467,0.014890157191595192,0.0006373371541277,0.0017584691833990632,0.0039745625791784,0.20015204689547014,0.49999521865108587,104573,0.299914891989328
BNB011,train,High Risk,31368,1472,0.04692680438663606,0.0039747550917994,0.01782151799092245,0.0633545387490478,0.5000860642804548,0.7999770495252121,104573,0.2999627054784696
BNB011,train,Very High Risk,15687,2480,0.15809268821317013,0.0633585888983644,0.343221725542152,0.9325343495364848,0.8000296443632677,0.949991871706846,104573,0.15001004083271974
BNB011,train,Extreme Risk,5229,2455,0.469497035762096,0.9325436261737142,0.9864151756074809,0.999999,0.9500062157535885,0.9999139357195452,104573,0.050003346944239906
BNB011,validation,Low Risk,8963,58,0.006471047640299007,4.265633434222952e-05,0.0003246108567427444,0.0006376433131889,0.0005578240399848271,0.19992413593056207,44817,0.19999107481536024
BNB011,validation,Medium Risk,13444,187,0.013909550728949718,0.0006384413469668,0.0017736258767982686,0.0039778454487365,0.20004685721935872,0.49988843519200304,44817,0.29997545574224066
BNB011,validation,High Risk,13446,621,0.04618473895582329,0.0039904891512545,0.01779483970783529,0.0616980539013796,0.5000111564807997,0.7999531427806412,44817,0.3000200816654395
BNB011,validation,Very High Risk,6723,1077,0.1601963409192325,0.0617156785639693,0.3438344051863715,0.9356675054681148,0.8000089251846397,0.9499966530557601,44817,0.15001004083271974
BNB011,validation,Extreme Risk,2241,1060,0.47300312360553326,0.9357949137390644,0.9873194933134656,0.999999,0.9500970613829574,0.9998661222304036,44817,0.050003346944239906
BNB012,train,Low Risk,20926,132,0.006307942272770716,0.000593713539422,0.004518781289165552,0.0087753526325338,0.0004398841001023209,0.19901886720281525,104573,0.20010901475524276
BNB012,train,Medium Risk,31363,467,0.014890157191595192,0.0088031650024818,0.02380711635014489,0.0526458439953313,0.20015204689547014,0.49999521865108587,104573,0.299914891989328
BNB012,train,High Risk,31368,1472,0.04692680438663606,0.0526482693478257,0.1833578244325978,0.4850579784936282,0.5000860642804548,0.7999770495252121,104573,0.2999627054784696
BNB012,train,Very High Risk,15687,2480,0.15809268821317013,0.4850750258701928,0.7830335166125227,0.9948318544222124,0.8000296443632677,0.949991871706846,104573,0.15001004083271974
BNB012,train,Extreme Risk,5229,2455,0.469497035762096,0.9948326125169036,0.9989872340862564,0.999999,0.9500062157535885,0.9978579556864583,104573,0.050003346944239906
BNB012,validation,Low Risk,8963,58,0.006471047640299007,0.000593713539422,0.004497032615412138,0.0088073592282584,0.0005578240399848271,0.19992413593056207,44817,0.19999107481536024
BNB012,validation,Medium Risk,13444,187,0.013909550728949718,0.0088182917365005,0.02400662297685238,0.0526872013532351,0.20004685721935872,0.49988843519200304,44817,0.29997545574224066
BNB012,validation,High Risk,13446,621,0.04618473895582329,0.0528464546375732,0.1834970851494318,0.4780024552010185,0.5000111564807997,0.7999531427806412,44817,0.3000200816654395
BNB012,validation,Very High Risk,6723,1077,0.1601963409192325,0.4780784091357331,0.7824317022187266,0.9950871090290376,0.8000089251846397,0.9499966530557601,44817,0.15001004083271974
BNB012,validation,Extreme Risk,2241,1060,0.47300312360553326,0.9950974554296846,0.9990576033278215,0.999999,0.9500970613829574,0.9977240779168619,44817,0.050003346944239906
BNB013,train,Low Risk,20926,132,0.006307942272770716,4.312962912031431e-05,0.00032676092329871206,0.0006362491457914,0.0004398841001023209,0.19968347470188288,104573,0.20010901475524276
BNB013,train,Medium Risk,31359,466,0.014860167734940527,0.0006380171520963,0.0017590020172621422,0.0039702826236609,0.20015204689547014,0.49998565595325756,104573,0.29987664119801477
BNB013,train,High Risk,31375,1473,0.04694820717131474,0.0039717322019746,0.017808994799574276,0.0632172608113861,0.5000239067445708,0.7999818308741262,104573,0.3000296443632678
BNB013,train,Very High Risk,15684,2480,0.15812292782453455,0.0633064788590471,0.3430899286881652,0.9326256124123156,0.800034425712182,0.9499966530557601,104573,0.1499813527392348
BNB013,train,Extreme Risk,5229,2455,0.469497035762096,0.9326452483795634,0.9863944770043392,0.999999,0.9500062157535885,0.9999139357195452,104573,0.050003346944239906
BNB013,validation,Low Risk,8962,58,0.006471769694264673,4.312962912031431e-05,0.00032514449380025934,0.0006384583994738,0.0005578240399848271,0.19990182296896267,44817,0.19996876185376086
BNB013,validation,Medium Risk,13445,187,0.013908516177017478,0.0006390327138523,0.0017743244132922456,0.0039835033357177,0.20002454425775934,0.49996653055760093,44817,0.29999776870384004
BNB013,validation,High Risk,13447,621,0.04618130438015915,0.0039897063056265,0.017782245648900408,0.0616077903951629,0.5000223129615994,0.7999866122230403,44817,0.30004239462703886
BNB013,validation,Very High Risk,6721,1077,0.1602440113078411,0.0617727239850125,0.3436063304422643,0.9352077741438304,0.8000312381462391,0.9499743400941607,44817,0.14996541490952095
BNB013,validation,Extreme Risk,2242,1060,0.4727921498661909,0.9355956814977976,0.9872777360136817,0.999999,0.950074748421358,0.9998661222304036,44817,0.0500256599058393
BNB014,train,Low Risk,20926,132,0.006307942272770716,0.0006002974372291,0.004526721788520221,0.0087882595668594,0.0004398841001023209,0.19968347470188288,104573,0.20010901475524276
BNB014,train,Medium Risk,31359,466,0.014860167734940527,0.0088124805893789,0.023814330473619656,0.0525919204055127,0.20015204689547014,0.49998565595325756,104573,0.29987664119801477
BNB014,train,High Risk,31375,1473,0.04694820717131474,0.0526101844239653,0.18326868692855056,0.4844795846604785,0.5000239067445708,0.7999818308741262,104573,0.3000296443632678
BNB014,train,Very High Risk,15684,2480,0.15812292782453455,0.4848556159429413,0.7828984327341539,0.9948393118967066,0.800034425712182,0.9499966530557601,104573,0.1499813527392348
BNB014,train,Extreme Risk,5229,2455,0.469497035762096,0.9948409162582312,0.9989856324828573,0.999999,0.9500062157535885,0.9978627370353724,104573,0.050003346944239906
BNB014,validation,Low Risk,8962,58,0.006471769694264673,0.0006002974372291,0.004504398795190797,0.0088185253415559,0.0005578240399848271,0.19990182296896267,44817,0.19996876185376086
BNB014,validation,Medium Risk,13445,187,0.013908516177017478,0.008826392907615,0.02401595158085938,0.0527584711780534,0.20002454425775934,0.49996653055760093,44817,0.29999776870384004
BNB014,validation,High Risk,13447,621,0.04618130438015915,0.0528365957722127,0.18341265098567525,0.4776131603184733,0.5000223129615994,0.7999866122230403,44817,0.30004239462703886
BNB014,validation,Very High Risk,6721,1077,0.1602440113078411,0.4783241159031857,0.7822621744771668,0.9950497541341498,0.8000312381462391,0.9499743400941607,44817,0.14996541490952095
BNB014,validation,Extreme Risk,2242,1060,0.4727921498661909,0.9950812752968412,0.9990543886432388,0.999999,0.950074748421358,0.9977240779168619,44817,0.0500256599058393
BNB015,train,Low Risk,20951,132,0.0063004152546417835,4.45596836407537e-05,0.00032884693722193574,0.0006441872328403,0.0004398841001023209,0.19992254214759067,104573,0.20034808220095054
BNB015,train,Medium Risk,31333,466,0.014872498643602591,0.0006455551322138,0.0017621940067580547,0.0039783659861733,0.20047717862163272,0.49996653055760093,104573,0.29962801105447867
BNB015,train,High Risk,31373,1473,0.0469512000764989,0.0039809230491659,0.017758598563142776,0.0634695298436091,0.5000430321402274,0.7999866122230403,104573,0.30001051896761116
BNB015,train,Very High Risk,15687,2480,0.15809268821317013,0.0635496498164263,0.34247843855039795,0.9324659814415658,0.800005737618697,0.949991871706846,104573,0.15001004083271974
BNB015,train,Extreme Risk,5229,2455,0.469497035762096,0.9325217192356616,0.9863321967144997,0.999999,0.9500109971025026,0.9999139357195452,104573,0.050003346944239906
BNB015,validation,Low Risk,8966,59,0.006580414900736114,4.45596836407537e-05,0.00032697773713710694,0.0006441872328403,0.0005578240399848271,0.19970100631456814,44817,0.2000580137001584
BNB015,validation,Medium Risk,13430,185,0.013775130305286671,0.0006447714078102,0.001775108874473818,0.0039859119924948,0.20008032666175782,0.4996429926144097,44817,0.2996630742798492
BNB015,validation,High Risk,13457,622,0.04622129746600282,0.0039885737557534,0.01772002854882252,0.0617901064753795,0.5000669388847981,0.7999866122230403,44817,0.30026552424303277
BNB015,validation,Very High Risk,6721,1077,0.1602440113078411,0.061888797969505,0.3429281430120259,0.9348228850061976,0.8000089251846397,0.9499520271325613,44817,0.14996541490952095
BNB015,validation,Extreme Risk,2243,1060,0.4725813642443156,0.9349948665879164,0.9871978330904614,0.999999,0.9500524354597586,0.9998772787112034,44817,0.05004797286743869
BNB016,train,Low Risk,20951,132,0.0063004152546417835,0.0006201901166842,0.0045554954877158995,0.0088969997770934,0.0004398841001023209,0.19992254214759067,104573,0.20034808220095054
BNB016,train,Medium Risk,31333,466,0.014872498643602591,0.0089157357672416,0.023857010317027267,0.0526937587403208,0.20047717862163272,0.49996653055760093,104573,0.29962801105447867
BNB016,train,High Risk,31373,1473,0.0469512000764989,0.0527259697135575,0.18292825574376692,0.4855416031957422,0.5000430321402274,0.7999866122230403,104573,0.30001051896761116
BNB016,train,Very High Risk,15687,2480,0.15809268821317013,0.4858781018300146,0.7822623152133579,0.9948262668937023,0.800005737618697,0.949991871706846,104573,0.15001004083271974
BNB016,train,Extreme Risk,5229,2455,0.469497035762096,0.9948308222408848,0.9989808126383395,0.999999,0.9500109971025026,0.9978770810821149,104573,0.050003346944239906
BNB016,validation,Low Risk,8966,59,0.006580414900736114,0.0006201901166842,0.0045296944624791426,0.0088969997770934,0.0005578240399848271,0.19970100631456814,44817,0.2000580137001584
BNB016,validation,Medium Risk,13430,185,0.013775130305286671,0.008905001247565,0.024027076005681373,0.0527888089215849,0.20008032666175782,0.4996429926144097,44817,0.2996630742798492
BNB016,validation,High Risk,13457,622,0.04622129746600282,0.0528223325264229,0.18296246864354015,0.4783989459426195,0.5000669388847981,0.7999866122230403,44817,0.30026552424303277
BNB016,validation,Very High Risk,6721,1077,0.1602440113078411,0.4788234497008282,0.7816317406965368,0.995018454351308,0.8000089251846397,0.9499520271325613,44817,0.14996541490952095
BNB016,validation,Extreme Risk,2243,1060,0.4725813642443156,0.9950324431021554,0.9990482291712186,0.999999,0.9500524354597586,0.9977240779168619,44817,0.05004797286743869
BNB017,train,Low Risk,20905,132,0.0063142788806505624,4.697641922286147e-05,0.00033093136896575966,0.0006519824855328,0.0004398841001023209,0.1997886643779943,104573,0.1999081981008482
BNB017,train,Medium Risk,31367,468,0.014920138999585551,0.0006538887480822,0.0017633680175690271,0.0039629586593562,0.20055368020425923,0.4998135273923479,104573,0.2999531427806413
BNB017,train,High Risk,31379,1472,0.046910354058446735,0.003966556880624,0.017667899814865953,0.0633143077593371,0.5000765015826265,0.7999244546871563,104573,0.300067895154581
BNB017,train,Very High Risk,15693,2480,0.15803224367552413,0.0633253337443825,0.34143547156569903,0.9321033284626,0.8000583324567527,0.9499966530557601,104573,0.1500674170196896
BNB017,train,Extreme Risk,5229,2454,0.46930579460699945,0.9321626375497408,0.9862266407600369,0.999999,0.9500062157535885,0.9999139357195452,104573,0.050003346944239906
BNB017,validation,Low Risk,8955,59,0.006588498045784478,4.697641922286147e-05,0.0003293399016066673,0.0006519824855328,0.0005578240399848271,0.19964522391056966,44817,0.1998125711225651
BNB017,validation,Medium Risk,13462,187,0.013890952310206508,0.0006538887480822,0.0017810333800235276,0.003974404368403,0.20052658589374567,0.49986612223040366,44817,0.3003770890510297
BNB017,validation,High Risk,13436,619,0.04607025900565644,0.0039755323312977,0.017661268836946915,0.0616157909235415,0.5002231296159939,0.7999866122230403,44817,0.2997969520494455
BNB017,validation,Very High Risk,6723,1081,0.16079131340175518,0.0616331125991135,0.3421836396457156,0.9340028700293832,0.8000089251846397,0.9499966530557601,44817,0.15001004083271974
BNB017,validation,Extreme Risk,2241,1057,0.4716644355198572,0.9340969052018236,0.9871495451951593,0.999999,0.9500189660173595,0.9998772787112034,44817,0.050003346944239906
BNB018,train,Low Risk,20905,132,0.0063142788806505624,0.0006538062876123,0.004584279529048272,0.0090037618297113,0.0004398841001023209,0.1997886643779943,104573,0.1999081981008482
BNB018,train,Medium Risk,31367,468,0.014920138999585551,0.009029866332388,0.023872984318089346,0.0524996318766265,0.20055368020425923,0.4998135273923479,104573,0.2999531427806413
BNB018,train,High Risk,31379,1472,0.046910354058446735,0.0525449747737548,0.18229826578549613,0.484888589994829,0.5000765015826265,0.7999244546871563,104573,0.300067895154581
BNB018,train,Very High Risk,15693,2480,0.15803224367552413,0.4849350234227529,0.7811732766483497,0.9947966156497442,0.8000583324567527,0.9499966530557601,104573,0.1500674170196896
BNB018,train,Extreme Risk,5229,2454,0.46930579460699945,0.9948014663382466,0.9989726360296536,0.999999,0.9500062157535885,0.9978866437799432,104573,0.050003346944239906
BNB018,validation,Low Risk,8955,59,0.006588498045784478,0.0006538062876123,0.004562305353059663,0.0090037618297113,0.0005578240399848271,0.19964522391056966,44817,0.1998125711225651
BNB018,validation,Medium Risk,13462,187,0.013890952310206508,0.009029866332388,0.024105101524084713,0.0526438507828777,0.20052658589374567,0.49986612223040366,44817,0.3003770890510297
BNB018,validation,High Risk,13436,619,0.04607025900565644,0.0526580612111927,0.18261996658074917,0.4776476859915751,0.5002231296159939,0.7999866122230403,44817,0.2997969520494455
BNB018,validation,Very High Risk,6723,1081,0.16079131340175518,0.4777224227500201,0.7807623885557994,0.9949516900129892,0.8000089251846397,0.9499966530557601,44817,0.15001004083271974
BNB018,validation,Extreme Risk,2241,1057,0.4716644355198572,0.994959351705096,0.9990444925201619,0.999999,0.9500189660173595,0.997757547359261,44817,0.050003346944239906
CAT001,train,Low Risk,20914,100,0.0047814860858754905,0.0050509810896722,0.008107980354152567,0.0103049752904949,9.562697828311323e-06,0.19999426238130302,104573,0.19999426238130302
CAT001,train,Medium Risk,31372,385,0.012272089761570827,0.0103049957753313,0.014762967468095243,0.0212614701636629,0.20000382507913134,0.49999521865108587,104573,0.30000095626978285
CAT001,train,High Risk,31372,1392,0.04437077648858855,0.0212628224279559,0.04399119701863465,0.0830767965065428,0.5000047813489141,0.7999961749208687,104573,0.30000095626978285
CAT001,train,Very High Risk,15686,2504,0.15963279357388754,0.0830803621815579,0.15222388065325496,0.3197116041215281,0.800005737618697,0.9499966530557601,104573,0.15000047813489142
CAT001,train,Extreme Risk,5229,2625,0.5020080321285141,0.3197729477271257,0.497352776104647,0.9286719834320796,0.9500062157535885,1.0,104573,0.050003346944239906
CAT001,validation,Low Risk,8963,43,0.004797500836773402,0.0052726172864317,0.008110601939044813,0.0103083900296123,2.2312961599393088e-05,0.19999107481536024,44817,0.19999107481536024
CAT001,validation,Medium Risk,13445,173,0.01286723689103756,0.0103092631463827,0.01471837749431082,0.0212561851243539,0.20001338777695962,0.4999888435192003,44817,0.29999776870384004
CAT001,validation,High Risk,13445,575,0.04276682781703235,0.0212574961812202,0.04427630761682294,0.0832217591671416,0.5000111564807997,0.7999866122230403,44817,0.29999776870384004
CAT001,validation,Very High Risk,6723,1118,0.16629480886509,0.0832324920859629,0.1525899550487447,0.3220389541716757,0.8000089251846397,0.9499966530557601,44817,0.15001004083271974
CAT001,validation,Extreme Risk,2241,1094,0.48817492190986167,0.3221055920954935,0.4980591023809775,0.8936616367923026,0.9500189660173595,1.0,44817,0.050003346944239906
CAT002,train,Low Risk,20914,99,0.004733671225016735,0.0038110229121379,0.007378206175099376,0.0096535937507232,9.562697828311323e-06,0.19999426238130302,104573,0.19999426238130302
CAT002,train,Medium Risk,31372,381,0.01214458753028178,0.0096541411643839,0.014395072370400606,0.0214665545475924,0.20000382507913134,0.49999521865108587,104573,0.30000095626978285
CAT002,train,High Risk,31372,1365,0.04351013642738748,0.0214665640273962,0.044039521014097686,0.082645577233779,0.5000047813489141,0.7999961749208687,104573,0.30000095626978285
CAT002,train,Very High Risk,15686,2484,0.15835777126099707,0.0826552447225883,0.15376939045523672,0.3241742223261394,0.800005737618697,0.9499966530557601,104573,0.15000047813489142
CAT002,train,Extreme Risk,5229,2677,0.5119525721935361,0.3241751398836897,0.49734956125996915,0.9273091713581582,0.9500062157535885,1.0,104573,0.050003346944239906
CAT002,validation,Low Risk,8963,43,0.004797500836773402,0.0039107210056367,0.007377824440612816,0.0096499402843495,2.2312961599393088e-05,0.19999107481536024,44817,0.19999107481536024
CAT002,validation,Medium Risk,13445,178,0.013239122350316103,0.0096504806773232,0.01436399387698722,0.0213806675449008,0.20001338777695962,0.4999888435192003,44817,0.29999776870384004
CAT002,validation,High Risk,13445,570,0.04239494235775381,0.0213832952182766,0.04429458414451238,0.0825486172265793,0.5000111564807997,0.7999866122230403,44817,0.29999776870384004
CAT002,validation,Very High Risk,6723,1117,0.1661460657444593,0.0825595306886394,0.15423894581123562,0.3258300387381348,0.8000089251846397,0.9499966530557601,44817,0.15001004083271974
CAT002,validation,Extreme Risk,2241,1095,0.4886211512717537,0.3258441130630329,0.49820866798131797,0.9273956974963912,0.9500189660173595,1.0,44817,0.050003346944239906
CAT003,train,Low Risk,20914,100,0.0047814860858754905,0.0049546106347867,0.00805064033959206,0.010291088479366,9.562697828311323e-06,0.19999426238130302,104573,0.19999426238130302
CAT003,train,Medium Risk,31372,388,0.012367716435037613,0.0102917285541034,0.014793683758258671,0.0213531478124916,0.20000382507913134,0.49999521865108587,104573,0.30000095626978285
CAT003,train,High Risk,31372,1386,0.04417952314165498,0.0213547932774836,0.04410207691931163,0.0826007607561918,0.5000047813489141,0.7999961749208687,104573,0.30000095626978285
CAT003,train,Very High Risk,15686,2507,0.1598240469208211,0.0826023339479106,0.15248501229521963,0.3214675758082294,0.800005737618697,0.9499966530557601,104573,0.15000047813489142
CAT003,train,Extreme Risk,5229,2625,0.5020080321285141,0.3214897923678088,0.4958538396276029,0.9183888586594596,0.9500062157535885,1.0,104573,0.050003346944239906
CAT003,validation,Low Risk,8963,44,0.004909070623675109,0.0052143689361996,0.008053334682073181,0.010277172020063,2.2312961599393088e-05,0.19999107481536024,44817,0.19999107481536024
CAT003,validation,Medium Risk,13445,174,0.01294161398289327,0.0102781111354719,0.014766471326016835,0.0213735073263384,0.20001338777695962,0.4999888435192003,44817,0.29999776870384004
CAT003,validation,High Risk,13445,567,0.042171811082186685,0.0213756839304831,0.044389290949459884,0.0827809481485183,0.5000111564807997,0.7999866122230403,44817,0.29999776870384004
CAT003,validation,Very High Risk,6723,1121,0.166741038226982,0.0827947581640061,0.15289873341025828,0.3231953638995251,0.8000089251846397,0.9499966530557601,44817,0.15001004083271974
CAT003,validation,Extreme Risk,2241,1097,0.4895136099955377,0.3232008572973404,0.49730448288505297,0.8979680515962231,0.9500189660173595,1.0,44817,0.050003346944239906
CAT004,train,Low Risk,20914,102,0.004877115807593,0.0052915475938915,0.008229838074317816,0.0104946596162787,9.562697828311323e-06,0.19999426238130302,104573,0.19999426238130302
CAT004,train,Medium Risk,31372,387,0.012335840877215351,0.0104950109933771,0.01496853504680598,0.0214219102238298,0.20000382507913134,0.49999521865108587,104573,0.30000095626978285
CAT004,train,High Risk,31372,1399,0.04459390539334438,0.0214221545675498,0.04422121228102409,0.0827158385623028,0.5000047813489141,0.7999961749208687,104573,0.30000095626978285
CAT004,train,Very High Risk,15686,2499,0.15931403799566493,0.0827244803305916,0.15210311608305535,0.3202978692287494,0.800005737618697,0.9499966530557601,104573,0.15000047813489142
CAT004,train,Extreme Risk,5229,2619,0.5008605851979346,0.3203461506467118,0.4943026202671069,0.891228053428703,0.9500062157535885,1.0,104573,0.050003346944239906
CAT004,validation,Low Risk,8963,46,0.005132210197478523,0.0053177986726391,0.00822654540532774,0.0104609818239936,2.2312961599393088e-05,0.19999107481536024,44817,0.19999107481536024
CAT004,validation,Medium Risk,13445,172,0.012792859799181853,0.0104618035535219,0.014927940311700928,0.0213879005983941,0.20001338777695962,0.4999888435192003,44817,0.29999776870384004
CAT004,validation,High Risk,13445,564,0.04194867980661956,0.0213889469856136,0.04447903575479131,0.0827659457144396,0.5000111564807997,0.7999866122230403,44817,0.29999776870384004
CAT004,validation,Very High Risk,6723,1121,0.166741038226982,0.0827971239334405,0.15248754351686125,0.3218544444873799,0.8000089251846397,0.9499966530557601,44817,0.15001004083271974
CAT004,validation,Extreme Risk,2241,1100,0.4908522980812137,0.3218696877344521,0.49559442344793947,0.8833099510107412,0.9500189660173595,1.0,44817,0.050003346944239906
EASTACK001,train,Low Risk,20914,108,0.005164004972745529,0.003579664449841,0.0072880137915804135,0.0095500536342245,9.562697828311323e-06,0.19999426238130302,104573,0.19999426238130302
EASTACK001,train,Medium Risk,31372,428,0.013642738747928089,0.0095503970233552,0.015107962853382036,0.0237980721954127,0.20000382507913134,0.49999521865108587,104573,0.30000095626978285
EASTACK001,train,High Risk,31372,1463,0.04663394109396914,0.0238000531399235,0.05820892294891005,0.1297648195649857,0.5000047813489141,0.7999961749208687,104573,0.30000095626978285
EASTACK001,train,Very High Risk,15686,2447,0.15599897998214968,0.1297754816726111,0.23912946870712376,0.4275325817960156,0.800005737618697,0.9499966530557601,104573,0.15000047813489142
EASTACK001,train,Extreme Risk,5229,2560,0.48957735704723654,0.4275915518233552,0.5524075874841351,0.8971987007564111,0.9500062157535885,1.0,104573,0.050003346944239906
EASTACK001,validation,Low Risk,8963,48,0.0053553497712819365,0.003529930612903,0.007265388045191259,0.0095770361512382,2.2312961599393088e-05,0.19999107481536024,44817,0.19999107481536024
EASTACK001,validation,Medium Risk,13445,175,0.013015991074748977,0.0095775453515334,0.015096545027120505,0.0236928269220952,0.20001338777695962,0.4999888435192003,44817,0.29999776870384004
EASTACK001,validation,High Risk,13445,610,0.04537002603198215,0.0236930828104084,0.058537936167912634,0.1296735964404438,0.5000111564807997,0.7999866122230403,44817,0.29999776870384004
EASTACK001,validation,Very High Risk,6723,1085,0.16138628588427786,0.1296741188007849,0.23948322484789805,0.428140676290873,0.8000089251846397,0.9499966530557601,44817,0.15001004083271974
EASTACK001,validation,Extreme Risk,2241,1085,0.48415885765283356,0.4281487864132731,0.5525835020530386,0.8929250605397054,0.9500189660173595,1.0,44817,0.050003346944239906
ET001,train,Low Risk,20914,122,0.005833413024768098,0.0165861199176716,0.024849937145837556,0.0294439084916362,9.562697828311323e-06,0.19999426238130302,104573,0.19999426238130302
ET001,train,Medium Risk,31372,476,0.015172765523396659,0.0294439834004858,0.03585836602865261,0.0435047132935984,0.20000382507913134,0.49999521865108587,104573,0.30000095626978285
ET001,train,High Risk,31372,1844,0.058778528624250925,0.0435061633554862,0.06707344940038872,0.1066777960009545,0.5000047813489141,0.7999961749208687,104573,0.30000095626978285
ET001,train,Very High Risk,15686,2195,0.1399336988397297,0.1066784150048396,0.13702843136394266,0.1668309883640292,0.800005737618697,0.9499966530557601,104573,0.15000047813489142
ET001,train,Extreme Risk,5229,2369,0.4530502964237904,0.1668342795249037,0.21183467709261047,0.5531896329680657,0.9500062157535885,0.9999904373021717,104573,0.050003346944239906
ET001,validation,Low Risk,8963,56,0.006247908066495593,0.0166085697494206,0.0248372691371651,0.0294479884402556,2.2312961599393088e-05,0.19999107481536024,44817,0.19999107481536024
ET001,validation,Medium Risk,13445,204,0.015172926738564522,0.0294483949100142,0.03579977159683811,0.0435172535924817,0.20001338777695962,0.4999888435192003,44817,0.29999776870384004
ET001,validation,High Risk,13445,770,0.0572703607288955,0.0435181319586023,0.06749269963758049,0.1072261656931884,0.5000111564807997,0.7999866122230403,44817,0.29999776870384004
ET001,validation,Very High Risk,6723,938,0.13952104715156924,0.1072273111106051,0.136772989657963,0.1662471143376346,0.8000089251846397,0.9499966530557601,44817,0.15001004083271974
ET001,validation,Extreme Risk,2241,1035,0.46184738955823296,0.1662487233673593,0.21286664927264273,0.5528796030005872,0.9500189660173595,1.0,44817,0.050003346944239906
ET002,train,Low Risk,20914,112,0.0053552644161805486,0.0107271813053371,0.01874119378209777,0.0228571900504988,9.562697828311323e-06,0.19999426238130302,104573,0.19999426238130302
ET002,train,Medium Risk,31372,455,0.01450337880912916,0.0228572721894681,0.02931610134998249,0.0381393156829864,0.20000382507913134,0.49999521865108587,104573,0.30000095626978285
ET002,train,High Risk,31372,1756,0.05597347953589188,0.0381411857618643,0.06612784004269262,0.1140876647608359,0.5000047813489141,0.7999961749208687,104573,0.30000095626978285
ET002,train,Very High Risk,15686,2217,0.14133622338390922,0.114089925941883,0.14767834201883265,0.1912310905515399,0.800005737618697,0.9499966530557601,104573,0.15000047813489142
ET002,train,Extreme Risk,5229,2466,0.47160068846815834,0.191233087798047,0.249243999036678,0.559837608106895,0.9500062157535885,1.0,104573,0.050003346944239906
ET002,validation,Low Risk,8963,52,0.005801628918888765,0.0107638895527791,0.01873659640015298,0.0228704492132697,2.2312961599393088e-05,0.19999107481536024,44817,0.19999107481536024
ET002,validation,Medium Risk,13445,192,0.014280401636296021,0.0228705303319344,0.02925891432498464,0.0381257443146198,0.20001338777695962,0.4999888435192003,44817,0.29999776870384004
ET002,validation,High Risk,13445,727,0.054072145779100037,0.0381265026712706,0.06669372986698376,0.114924863404398,0.5000111564807997,0.7999866122230403,44817,0.29999776870384004
ET002,validation,Very High Risk,6723,964,0.1433883682879667,0.114937588301001,0.14743642257056538,0.1906300036595627,0.8000089251846397,0.9499966530557601,44817,0.15001004083271974
ET002,validation,Extreme Risk,2241,1068,0.47657295850066933,0.190642946659611,0.2500109238099208,0.5592277303676243,0.9500189660173595,1.0,44817,0.050003346944239906
ET003,train,Low Risk,20914,104,0.00497274552931051,0.007180404818914,0.0154515618255182,0.0195536087969751,9.562697828311323e-06,0.19999426238130302,104573,0.19999426238130302
ET003,train,Medium Risk,31372,425,0.013547112074461303,0.0195541449138917,0.026260162002166337,0.0359129539190403,0.20000382507913134,0.49999521865108587,104573,0.30000095626978285
ET003,train,High Risk,31372,1683,0.05364656381486676,0.0359132722883384,0.06452177228675589,0.1128457254140096,0.5000047813489141,0.7999961749208687,104573,0.30000095626978285
ET003,train,Very High Risk,15686,2303,0.14681881932933827,0.1128481856860674,0.1511070981553888,0.2109877734514342,0.800005737618697,0.9499966530557601,104573,0.15000047813489142
ET003,train,Extreme Risk,5229,2491,0.4763817173455728,0.2110052978121905,0.28008591543385186,0.5610481644893733,0.9500062157535885,1.0,104573,0.050003346944239906
ET003,validation,Low Risk,8963,49,0.005466919558183644,0.0072833794105546,0.015455150106304945,0.0195653803957717,2.2312961599393088e-05,0.19999107481536024,44817,0.19999107481536024
ET003,validation,Medium Risk,13445,188,0.013982893268873187,0.0195671693310059,0.026194433767600934,0.0358840399984432,0.20001338777695962,0.4999888435192003,44817,0.29999776870384004
ET003,validation,High Risk,13445,665,0.049460766084046114,0.0358848963431117,0.06506845155015495,0.1133357683004015,0.5000111564807997,0.7999866122230403,44817,0.29999776870384004
ET003,validation,Very High Risk,6723,1030,0.15320541424959094,0.1133577823354574,0.15076082396750815,0.2102752836419089,0.8000089251846397,0.9499966530557601,44817,0.15001004083271974
ET003,validation,Extreme Risk,2241,1071,0.4779116465863454,0.2103049251064501,0.2798760565465793,0.5617018565666346,0.9500189660173595,1.0,44817,0.050003346944239906
ET004,train,Low Risk,20914,113,0.005403079277039304,0.0156704238239494,0.022176608006078027,0.0267501031308892,9.562697828311323e-06,0.19999426238130302,104573,0.19999426238130302
ET004,train,Medium Risk,31372,475,0.015140889965574398,0.0267501308210969,0.033657401464155544,0.0427533249139229,0.20000382507913134,0.49999521865108587,104573,0.30000095626978285
ET004,train,High Risk,31372,1937,0.06174295550172128,0.0427537051834673,0.06852525858097838,0.1126498044659582,0.5000047813489141,0.7999961749208687,104573,0.30000095626978285
ET004,train,Very High Risk,15686,2265,0.14439627693484636,0.1126541966009791,0.14640575537279,0.1757176130480303,0.800005737618697,0.9499966530557601,104573,0.15000047813489142
ET004,train,Extreme Risk,5229,2216,0.42379039969401416,0.1757233952283031,0.19889143821903887,0.2868499231990819,0.9500062157535885,1.0,104573,0.050003346944239906
ET004,validation,Low Risk,8963,53,0.005913198705790472,0.0157627581890399,0.02216960418853005,0.02674577199912,2.2312961599393088e-05,0.19999107481536024,44817,0.19999107481536024
ET004,validation,Medium Risk,13445,212,0.01576794347341019,0.0267494089825571,0.03359735692404923,0.0427605592103671,0.20001338777695962,0.4999888435192003,44817,0.29999776870384004
ET004,validation,High Risk,13445,819,0.06091483822982521,0.0427651762397405,0.06901449927058623,0.1137622714827318,0.5000111564807997,0.7999866122230403,44817,0.29999776870384004
ET004,validation,Very High Risk,6723,944,0.14041350587535326,0.1137791923500394,0.1462046452478573,0.1752848228383358,0.8000089251846397,0.9499966530557601,44817,0.15001004083271974
ET004,validation,Extreme Risk,2241,975,0.4350736278447122,0.1752988865973582,0.19811582817628529,0.2881217554419928,0.9500189660173595,1.0,44817,0.050003346944239906
ET005,train,Low Risk,20914,108,0.005164004972745529,0.0848904883258977,0.1387954013602511,0.1720704741058037,9.562697828311323e-06,0.19999426238130302,104573,0.19999426238130302
ET005,train,Medium Risk,31372,461,0.014694632156062731,0.1720749620827549,0.21853564067748169,0.2889745113711967,0.20000382507913134,0.49999521865108587,104573,0.30000095626978285
ET005,train,High Risk,31372,1835,0.05849164860385057,0.2889793926765866,0.4351895486558931,0.6216600971837982,0.5000047813489141,0.7999961749208687,104573,0.30000095626978285
ET005,train,Very High Risk,15686,2193,0.13980619660844065,0.621743357793231,0.7027120651670049,0.7718563460954628,0.800005737618697,0.9499966530557601,104573,0.15000047813489142
ET005,train,Extreme Risk,5229,2409,0.46069994262765346,0.7718598468712418,0.8199767840121749,0.9410906821863264,0.9500062157535885,1.0,104573,0.050003346944239906
ET005,validation,Low Risk,8963,51,0.0056900591319870575,0.0861096319974385,0.138767305986462,0.1719874680573326,2.2312961599393088e-05,0.19999107481536024,44817,0.19999107481536024
ET005,validation,Medium Risk,13445,206,0.015321680922275939,0.1719876442299932,0.21823402832211833,0.2884226238366696,0.20001338777695962,0.4999888435192003,44817,0.29999776870384004
ET005,validation,High Risk,13445,756,0.05622908144291558,0.2884242609793672,0.43696232913419053,0.624406391975673,0.5000111564807997,0.7999866122230403,44817,0.29999776870384004
ET005,validation,Very High Risk,6723,964,0.1433883682879667,0.6244095874737249,0.7021964498892709,0.7696726341482837,0.8000089251846397,0.9499966530557601,44817,0.15001004083271974
ET005,validation,Extreme Risk,2241,1026,0.4578313253012048,0.7697271046051958,0.8198572843229652,0.941020298631916,0.9500189660173595,1.0,44817,0.050003346944239906
GB001,train,Low Risk,20914,75,0.0035861145644066174,0.0043003209314669,0.007169246321383748,0.0091787902587367,9.562697828311323e-06,0.19998948103238887,104573,0.19999426238130302
GB001,train,Medium Risk,31372,382,0.012176463088104042,0.0091788008202428,0.013850735946804997,0.0220656031700511,0.20000382507913134,0.49999521865108587,104573,0.30000095626978285
GB001,train,High Risk,31372,1347,0.04293637638658677,0.022065898949044,0.04509458919540604,0.0836734283888726,0.5000047813489141,0.7999961749208687,104573,0.30000095626978285
GB001,train,Very High Risk,15686,2577,0.16428662501593777,0.0836753753767001,0.15706100773671228,0.3328607746638512,0.800005737618697,0.9499966530557601,104573,0.15000047813489142
GB001,train,Extreme Risk,5229,2625,0.5020080321285141,0.3329537403993816,0.4905388178291627,0.8353821287155775,0.9500062157535885,1.0,104573,0.050003346944239906
GB001,validation,Low Risk,8963,48,0.0053553497712819365,0.0043345331375898,0.007167993411013657,0.0091704232989526,2.2312961599393088e-05,0.19999107481536024,44817,0.19999107481536024
GB001,validation,Medium Risk,13445,174,0.01294161398289327,0.0091705693992021,0.013850912819608865,0.0220092665231497,0.20001338777695962,0.4999776870384006,44817,0.29999776870384004
GB001,validation,High Risk,13445,572,0.042543696541465226,0.0220098324931056,0.04520369899560103,0.0840112231970923,0.5000111564807997,0.7999866122230403,44817,0.29999776870384004
GB001,validation,Very High Risk,6723,1121,0.166741038226982,0.0840295081804266,0.15756598468105726,0.3350219510862463,0.8000089251846397,0.9499966530557601,44817,0.15001004083271974
GB001,validation,Extreme Risk,2241,1088,0.4854975457385096,0.3350331839880364,0.4908947385089637,0.8347908676857076,0.9500189660173595,1.0,44817,0.050003346944239906
GB002,train,Low Risk,20914,59,0.0028210767906665392,0.0036863036696935,0.00653909387074127,0.0086026537827298,1.4344046742466985e-05,0.19999426238130302,104573,0.19999426238130302
GB002,train,Medium Risk,31372,338,0.010773938543924519,0.0086031350257912,0.013593307117296446,0.0221789340871221,0.20000382507913134,0.49999521865108587,104573,0.30000095626978285
GB002,train,High Risk,31372,1307,0.04166135407369629,0.0221808819488376,0.044310379634103926,0.0830644950776058,0.5000047813489141,0.7999961749208687,104573,0.30000095626978285
GB002,train,Very High Risk,15686,2629,0.16760168302945302,0.0830668549734744,0.15976239648837948,0.330347850485332,0.800005737618697,0.9499966530557601,104573,0.15000047813489142
GB002,train,Extreme Risk,5229,2673,0.5111876075731497,0.3303709676915268,0.49134934973809696,0.8105866372507373,0.9500062157535885,1.0,104573,0.050003346944239906
GB002,validation,Low Risk,8963,49,0.005466919558183644,0.0035419032672324,0.006539439026863768,0.0085962992167222,2.2312961599393088e-05,0.19999107481536024,44817,0.19999107481536024
GB002,validation,Medium Risk,13445,172,0.012792859799181853,0.008596302283993,0.013582759218680763,0.0221531988825884,0.20001338777695962,0.4999888435192003,44817,0.29999776870384004
GB002,validation,High Risk,13445,582,0.043287467460022315,0.0221580019786666,0.04445005364460035,0.0829378961230678,0.5000111564807997,0.7999866122230403,44817,0.29999776870384004
GB002,validation,Very High Risk,6723,1118,0.16629480886509,0.0829517729533559,0.16012870878128121,0.3323903597275244,0.8000089251846397,0.9499966530557601,44817,0.15001004083271974
GB002,validation,Extreme Risk,2241,1082,0.4828201695671575,0.3325203478609472,0.49198721179713056,0.8268499027097891,0.9500189660173595,1.0,44817,0.050003346944239906
GB003,train,Low Risk,20914,72,0.003442669981830353,0.0033678546102475,0.006776580814743224,0.0088271687917114,9.562697828311323e-06,0.19999426238130302,104573,0.19999426238130302
GB003,train,Medium Risk,31373,370,0.011793580467280783,0.0088275774146947,0.013721873816141915,0.0220475375446846,0.20000382507913134,0.5,104573,0.30001051896761116
GB003,train,High Risk,31371,1357,0.04325651079022027,0.0220516459422243,0.04494176790375905,0.0834745048370255,0.5000143440467425,0.7999961749208687,104573,0.29999139357195453
GB003,train,Very High Risk,15686,2578,0.1643503761315823,0.0834746278373295,0.15743421963934845,0.3354794857328328,0.800005737618697,0.9499966530557601,104573,0.15000047813489142
GB003,train,Extreme Risk,5229,2629,0.5027729967489004,0.3354983897974666,0.492594506196882,0.8219129104357238,0.9500062157535885,1.0,104573,0.050003346944239906
GB003,validation,Low Risk,8963,47,0.00524377998438023,0.0033754656303799,0.006778575658603124,0.0088423016619984,2.2312961599393088e-05,0.19999107481536024,44817,0.19999107481536024
GB003,validation,Medium Risk,13445,174,0.01294161398289327,0.0088424245417353,0.013751351654934806,0.0220789747037749,0.20001338777695962,0.4999888435192003,44817,0.29999776870384004
GB003,validation,High Risk,13445,580,0.04313871327631089,0.0220797309622424,0.04506399468786778,0.0838831173040137,0.5000111564807997,0.7999866122230403,44817,0.29999776870384004
GB003,validation,Very High Risk,6723,1113,0.16555109326193662,0.0838870035063865,0.1578145618065293,0.3369855910478562,0.8000089251846397,0.9499966530557601,44817,0.15001004083271974
GB003,validation,Extreme Risk,2241,1089,0.4859437751004016,0.337277443355116,0.4933387486501924,0.8056665606550193,0.9500189660173595,1.0,44817,0.050003346944239906
GB004,train,Low Risk,20914,75,0.0035861145644066174,0.004388548297807,0.00725777285694816,0.0092006535703121,5.2594838055712275e-05,0.19999426238130302,104573,0.19999426238130302
GB004,train,Medium Risk,31372,380,0.012112711972459517,0.0092008345952878,0.01386865424746704,0.0221175710953809,0.20000382507913134,0.49999521865108587,104573,0.30000095626978285
GB004,train,High Risk,31372,1369,0.04363763865867653,0.0221175909007029,0.045247266857325885,0.0837422487300453,0.5000047813489141,0.7999961749208687,104573,0.30000095626978285
GB004,train,Very High Risk,15686,2554,0.16282034935611372,0.0837429301078973,0.15688266605607812,0.3351265831610754,0.800005737618697,0.9499966530557601,104573,0.15000047813489142
GB004,train,Extreme Risk,5229,2628,0.5025817555938038,0.3351583541840681,0.4892688984727314,0.7886631976237263,0.9500062157535885,1.0,104573,0.050003346944239906
GB004,validation,Low Risk,8963,38,0.004239651902264867,0.004388548297807,0.0072641582632968285,0.0092200260847582,6.693888479817926e-05,0.19999107481536024,44817,0.19999107481536024
GB004,validation,Medium Risk,13445,186,0.01383413908516177,0.0092201219638227,0.013892725759650946,0.0221767611842814,0.20001338777695962,0.4999888435192003,44817,0.29999776870384004
GB004,validation,High Risk,13445,578,0.04298995909259948,0.0221791369366956,0.04540128207453557,0.0839296392135997,0.5000111564807997,0.7999866122230403,44817,0.29999776870384004
GB004,validation,Very High Risk,6723,1116,0.16599732262382866,0.0839389978560083,0.1574706505026433,0.3363144745332221,0.8000089251846397,0.9499966530557601,44817,0.15001004083271974
GB004,validation,Extreme Risk,2241,1085,0.48415885765283356,0.3367993332082147,0.48984534305797794,0.782100368786025,0.9500189660173595,1.0,44817,0.050003346944239906
GNB001,train,Low Risk,20914,353,0.01687864588314048,1e-06,4.928280768686551e-06,1.692946736668307e-05,0.03424402092318285,0.19999426238130302,104573,0.19999426238130302
GNB001,train,Medium Risk,31372,673,0.021452250414382253,1.692985665151636e-05,0.00010894403490087264,0.0002789527690892,0.20000382507913134,0.49999521865108587,104573,0.30000095626978285
GNB001,train,High Risk,31372,1755,0.05594160397806962,0.0002789615461309,0.001630828294786168,0.0071917121434256,0.5000047813489141,0.7999961749208687,104573,0.30000095626978285
GNB001,train,Very High Risk,15686,2467,0.15727400229504016,0.0071934542386017,0.045057476681523954,0.1364073501171476,0.800005737618697,0.9499966530557601,104573,0.15000047813489142
GNB001,train,Extreme Risk,5229,1758,0.336201950659782,0.1364330666218558,0.3624714476168904,0.999999,0.9500062157535885,0.9979153318734282,104573,0.050003346944239906
GNB001,validation,Low Risk,8963,143,0.015954479526944104,1e-06,4.983846862123029e-06,1.685665438876374e-05,0.034004953477475064,0.19999107481536024,44817,0.19999107481536024
GNB001,validation,Medium Risk,13445,314,0.02335440684269245,1.6860744041700363e-05,0.00011124942711282891,0.0002826657319686,0.20001338777695962,0.4999888435192003,44817,0.29999776870384004
GNB001,validation,High Risk,13445,733,0.05451840833023429,0.0002826791947347,0.001680902474715778,0.0073942299333707,0.5000111564807997,0.7999866122230403,44817,0.29999776870384004
GNB001,validation,Very High Risk,6723,1066,0.1585601665922951,0.0073954633506986,0.04243853071194339,0.129232142576925,0.8000089251846397,0.9499966530557601,44817,0.15001004083271974
GNB001,validation,Extreme Risk,2241,747,0.3333333333333333,0.1292354390078442,0.3628278383976583,0.999999,0.9500189660173595,0.9977352343976617,44817,0.050003346944239906
GNB007,train,Low Risk,20914,244,0.011666826049536196,1e-06,7.009360737977542e-05,0.0001535881737642,0.0012814015089937173,0.19999426238130302,104573,0.19999426238130302
GNB007,train,Medium Risk,31372,677,0.0215797526456713,0.0001535924965266,0.0002836009513809139,0.0004790838055237,0.20000382507913134,0.49999521865108587,104573,0.30000095626978285
GNB007,train,High Risk,31372,1785,0.056897870712737476,0.0004791209259976,0.003135039695217274,0.0144504715852162,0.5000047813489141,0.7999961749208687,104573,0.30000095626978285
GNB007,train,Very High Risk,15681,2376,0.15152094891907403,0.0144507930431337,0.06297171137412531,0.1244055868704559,0.800005737618697,0.9499488395666186,104573,0.14995266464574986
GNB007,train,Extreme Risk,5234,1924,0.3675964845242644,0.1244121493150862,0.30851864307294763,0.999999,0.9500301224981592,0.9992588909183059,104573,0.05005116043338147
GNB007,validation,Low Risk,8963,105,0.011714827624679236,1e-06,6.967990909649116e-05,0.0001548011744564,0.0011937434455675303,0.19999107481536024,44817,0.19999107481536024
GNB007,validation,Medium Risk,13445,283,0.02104871699516549,0.0001548141876023,0.0002839662265106864,0.0004797324695773,0.20001338777695962,0.4999888435192003,44817,0.29999776870384004
GNB007,validation,High Risk,13445,771,0.05734473782075121,0.0004797843775643,0.0032231219696883255,0.0149170585326324,0.5000111564807997,0.7999866122230403,44817,0.29999776870384004
GNB007,validation,Very High Risk,6702,987,0.14726947179946284,0.0149178047944029,0.06235083646446837,0.1237557721777905,0.8000089251846397,0.9495280808621729,44817,0.14954146863913248
GNB007,validation,Extreme Risk,2262,857,0.378868258178603,0.1237584755421542,0.3112739044308014,0.999999,0.9500301224981592,0.9991855769016221,44817,0.05047191913782716
GNB008,train,Low Risk,20914,350,0.016735201300564214,1e-06,0.00011683775836692757,0.0003153653868719,0.013932850735849598,0.19999426238130302,104573,0.19999426238130302
GNB008,train,Medium Risk,31372,626,0.019954099196735943,0.0003153942350642,0.0006908826529840344,0.0012050711165476,0.20000382507913134,0.49999521865108587,104573,0.30000095626978285
GNB008,train,High Risk,31372,1736,0.05533596837944664,0.0012051086576325,0.007791607915020083,0.0357868497531306,0.5000047813489141,0.7999961749208687,104573,0.30000095626978285
GNB008,train,Very High Risk,15686,2386,0.15211016192783375,0.0357872378409822,0.14797551803259745,0.2905948859252461,0.800005737618697,0.9499966530557601,104573,0.15000047813489142
GNB008,train,Extreme Risk,5229,1908,0.3648881239242685,0.2906309975882225,0.5044058082789958,0.999999,0.9500062157535885,0.9990867623573962,104573,0.050003346944239906
GNB008,validation,Low Risk,8963,139,0.015508200379337275,1e-06,0.00011783971382828409,0.0003163572541736,0.013510498248432515,0.19999107481536024,44817,0.19999107481536024
GNB008,validation,Medium Risk,13445,272,0.020230568984752697,0.0003164245547671,0.0006934909754347021,0.0012143120242753,0.20001338777695962,0.4999888435192003,44817,0.29999776870384004
GNB008,validation,High Risk,13445,751,0.05585719598363704,0.0012144524770758,0.007996541397325007,0.0370891902686359,0.5000111564807997,0.7999866122230403,44817,0.29999776870384004
GNB008,validation,Very High Risk,6723,993,0.14770191878625613,0.037111152846831,0.1449363473389555,0.2858088008332752,0.8000089251846397,0.9499966530557601,44817,0.15001004083271974
GNB008,validation,Extreme Risk,2241,848,0.3784024988844266,0.2858660611887904,0.5071133602852387,0.999999,0.9500189660173595,0.9990628556128255,44817,0.050003346944239906
GNB009,train,Low Risk,20914,356,0.017022090465716743,1e-06,1.2023831050549588e-05,4.022558994064416e-05,0.025312461151540074,0.19999426238130302,104573,0.19999426238130302
GNB009,train,Medium Risk,31372,625,0.01992222363891368,4.0241337319181976e-05,0.000155644898729907,0.0003169154992964,0.20000382507913134,0.49999521865108587,104573,0.30000095626978285
GNB009,train,High Risk,31372,1713,0.05460283054953462,0.0003169582141963,0.001918999597758205,0.0088658406961862,0.5000047813489141,0.7999961749208687,104573,0.30000095626978285
GNB009,train,Very High Risk,15686,2456,0.1565727400229504,0.0088659691305844,0.04879127304329378,0.123100687621027,0.800005737618697,0.9499966530557601,104573,0.15000047813489142
GNB009,train,Extreme Risk,5229,1856,0.3549435838592465,0.1231301858604839,0.32809953931892116,0.999999,0.9500062157535885,0.9991202317997954,104573,0.050003346944239906
GNB009,validation,Low Risk,8963,147,0.01640075867455093,1e-06,1.2237430325518935e-05,4.070958240274723e-05,0.02507976883771783,0.19999107481536024,44817,0.19999107481536024
GNB009,validation,Medium Risk,13445,281,0.02089996281145407,4.076969036018256e-05,0.0001556510674968208,0.0003176009884724,0.20001338777695962,0.4999888435192003,44817,0.29999776870384004
GNB009,validation,High Risk,13445,729,0.05422089996281145,0.000317611196781,0.0019803703186107935,0.0092279147849148,0.5000111564807997,0.7999866122230403,44817,0.29999776870384004
GNB009,validation,Very High Risk,6723,1014,0.15082552431950022,0.0092290512389351,0.046841984908460164,0.1196776118645034,0.8000089251846397,0.9499966530557601,44817,0.15001004083271974
GNB009,validation,Extreme Risk,2241,832,0.3712628290941544,0.1196832970760274,0.3338280437692418,0.999999,0.9500189660173595,0.9990851685744249,44817,0.050003346944239906
GNB010,train,Low Risk,20914,362,0.017308979630869276,1e-06,8.416450922059725e-06,2.7597782493059985e-05,0.0279947978923814,0.19999426238130302,104573,0.19999426238130302
GNB010,train,Medium Risk,31372,626,0.019954099196735943,2.760303289679809e-05,0.00010783753959428709,0.0002230252292165,0.20000382507913134,0.49999521865108587,104573,0.30000095626978285
GNB010,train,High Risk,31372,1701,0.054220323855667475,0.0002230333753421,0.0013385885421423865,0.006245004213205,0.5000047813489141,0.7999961749208687,104573,0.30000095626978285
GNB010,train,Very High Risk,15686,2490,0.1587402779548642,0.0062450910148893,0.036924137825123195,0.1012037630183846,0.800005737618697,0.9499966530557601,104573,0.15000047813489142
GNB010,train,Extreme Risk,5229,1827,0.3493975903614458,0.1012130132790812,0.3032759401617538,0.999999,0.9500062157535885,0.9979153318734282,104573,0.050003346944239906
GNB010,validation,Low Risk,8963,143,0.015954479526944104,1e-06,8.554238359469706e-06,2.831539594616392e-05,0.027980453845638933,0.19999107481536024,44817,0.19999107481536024
GNB010,validation,Medium Risk,13445,283,0.02104871699516549,2.8320742376886086e-05,0.00010781558542240647,0.0002207876905157,0.20001338777695962,0.4999888435192003,44817,0.29999776870384004
GNB010,validation,High Risk,13445,728,0.05414652287095575,0.0002208513038772,0.0013798115926300578,0.0065002398243296,0.5000111564807997,0.7999866122230403,44817,0.29999776870384004
GNB010,validation,Very High Risk,6723,1046,0.1555853041796817,0.0065046590370862,0.03517429095089368,0.097553016996889,0.8000089251846397,0.9499854965749603,44817,0.15001004083271974
GNB010,validation,Extreme Risk,2241,803,0.35832217759928603,0.0976074658289321,0.30995268730713155,0.999999,0.9500189660173595,0.997757547359261,44817,0.050003346944239906
LASSOSTACK001,train,Low Risk,20914,91,0.004351152338146696,0.0168166568075494,0.01763565650098746,0.0180303706196231,9.562697828311323e-06,0.19999426238130302,104573,0.19999426238130302
LASSOSTACK001,train,Medium Risk,31372,416,0.013260232054060945,0.0180304715876258,0.019187925890796265,0.0211913788749252,0.20000382507913134,0.49999521865108587,104573,0.30000095626978285
LASSOSTACK001,train,High Risk,31372,1427,0.04548642101236772,0.0211917657034344,0.032126089754150704,0.0626830422743356,0.5000047813489141,0.7999961749208687,104573,0.30000095626978285
LASSOSTACK001,train,Very High Risk,15686,2346,0.1495601173020528,0.0626874786798641,0.14285024206588656,0.3231096786052095,0.800005737618697,0.9499966530557601,104573,0.15000047813489142
LASSOSTACK001,train,Extreme Risk,5229,2726,0.5213233887932683,0.3231545350545466,0.5348242294006413,0.973705845656322,0.9500062157535885,1.0,104573,0.050003346944239906
LASSOSTACK001,validation,Low Risk,8963,40,0.004462791476068281,0.0168687815310085,0.017638932896229146,0.0180386245620148,2.2312961599393088e-05,0.19999107481536024,44817,0.19999107481536024
LASSOSTACK001,validation,Medium Risk,13445,184,0.013685384901450354,0.0180386629575786,0.019185486951540053,0.0211813852955727,0.20001338777695962,0.4999888435192003,44817,0.29999776870384004
LASSOSTACK001,validation,High Risk,13445,600,0.044626255113425065,0.0211836786056708,0.0321533685612586,0.0621245179483722,0.5000111564807997,0.7999866122230403,44817,0.29999776870384004
LASSOSTACK001,validation,Very High Risk,6723,1105,0.16436114829689127,0.0621258267762812,0.14325168895868073,0.3233379803855808,0.8000089251846397,0.9499966530557601,44817,0.15001004083271974
LASSOSTACK001,validation,Extreme Risk,2241,1074,0.47925033467202144,0.3233478834197578,0.5364402526938321,0.9529354858008762,0.9500189660173595,1.0,44817,0.050003346944239906
LGB001,train,Low Risk,20914,48,0.0022951133212202354,0.0015490902388095,0.005885232290234186,0.0082042499657154,9.562697828311323e-06,0.19999426238130302,104573,0.19999426238130302
LGB001,train,Medium Risk,31372,354,0.011283947469080709,0.0082042754351625,0.013297087819797219,0.0216609654459429,0.20000382507913134,0.49999521865108587,104573,0.30000095626978285
LGB001,train,High Risk,31372,1302,0.041501976284584984,0.0216614858814828,0.0441506078929892,0.082153582691786,0.5000095626978283,0.7999961749208687,104573,0.30000095626978285
LGB001,train,Very High Risk,15686,2606,0.16613540736962898,0.0821624599375955,0.1582729289470417,0.3325475987014672,0.800005737618697,0.9499966530557601,104573,0.15000047813489142
LGB001,train,Extreme Risk,5229,2696,0.515586154140371,0.3325792554286931,0.49673052737513174,0.9017082056311976,0.9500062157535885,1.0,104573,0.050003346944239906
LGB001,validation,Low Risk,8963,49,0.005466919558183644,0.0016991110872193,0.0058913455744306915,0.0082033258362703,2.2312961599393088e-05,0.19999107481536024,44817,0.19999107481536024
LGB001,validation,Medium Risk,13445,170,0.012644105615470434,0.0082034099586529,0.0133290053244406,0.0217294883219121,0.20001338777695962,0.4999888435192003,44817,0.29999776870384004
LGB001,validation,High Risk,13445,578,0.04298995909259948,0.0217303451232069,0.044201502557387494,0.082411238192059,0.5000111564807997,0.7999866122230403,44817,0.29999776870384004
LGB001,validation,Very High Risk,6723,1128,0.1677822400713967,0.082411534528603,0.15880723294335458,0.3345881554567103,0.8000089251846397,0.9499966530557601,44817,0.15001004083271974
LGB001,validation,Extreme Risk,2241,1078,0.4810352521195895,0.3348963900433569,0.4978633896913666,0.8694645996273666,0.9500189660173595,1.0,44817,0.050003346944239906
LGB002,train,Low Risk,20914,22,0.0010519269388926079,0.0009253612874504,0.004878041040809043,0.0072597212862044,9.562697828311323e-06,0.19999426238130302,104573,0.19999426238130302
LGB002,train,Medium Risk,31372,263,0.008383271707254877,0.0072597509666787,0.012524052986909034,0.021102460132194,0.20000382507913134,0.49999521865108587,104573,0.30000095626978285
LGB002,train,High Risk,31372,1219,0.038856304985337244,0.0211067385506741,0.04339354545913754,0.0828844921728789,0.5000047813489141,0.7999961749208687,104573,0.30000095626978285
LGB002,train,Very High Risk,15686,2627,0.16747418079816398,0.0828848445913658,0.16110316396740756,0.3336421892700608,0.800005737618697,0.9499966530557601,104573,0.15000047813489142
LGB002,train,Extreme Risk,5229,2875,0.5498183209026583,0.333797366164543,0.5011852430892452,0.8839955716570381,0.9500062157535885,1.0,104573,0.050003346944239906
LGB002,validation,Low Risk,8963,51,0.0056900591319870575,0.0009543687177111,0.0048893313237138615,0.0072822624443082,2.2312961599393088e-05,0.19999107481536024,44817,0.19999107481536024
LGB002,validation,Medium Risk,13445,167,0.01242097433990331,0.0072824084072846,0.012603461040731694,0.0212838937367245,0.20001338777695962,0.4999888435192003,44817,0.29999776870384004
LGB002,validation,High Risk,13445,581,0.043213090368166604,0.0212851017307282,0.04357390828332396,0.0829178432752851,0.5000111564807997,0.7999866122230403,44817,0.29999776870384004
LGB002,validation,Very High Risk,6723,1128,0.1677822400713967,0.0829213885529377,0.16111570271211043,0.3357619510270602,0.8000089251846397,0.9499966530557601,44817,0.15001004083271974
LGB002,validation,Extreme Risk,2241,1076,0.48014279339580546,0.3359137861110601,0.4992357806573201,0.8574754808300165,0.9500189660173595,1.0,44817,0.050003346944239906
LGB003,train,Low Risk,20914,52,0.002486372764655255,0.0017203566865335,0.005685463620942141,0.0080215910980371,9.562697828311323e-06,0.19999426238130302,104573,0.19999426238130302
LGB003,train,Medium Risk,31372,352,0.011220196353436185,0.0080217830771847,0.01313816485792267,0.0215397089397313,0.20000382507913134,0.49999521865108587,104573,0.30000095626978285
LGB003,train,High Risk,31372,1325,0.042235114114497006,0.0215401794418713,0.044197144251857896,0.0828944365010226,0.5000047813489141,0.7999961749208687,104573,0.30000095626978285
LGB003,train,Very High Risk,15685,2586,0.16487089576028052,0.0828983596610361,0.1586718653977312,0.3325321602010637,0.800005737618697,0.9499870903579318,104573,0.1499909154370631
LGB003,train,Extreme Risk,5230,2691,0.5145315487571702,0.3325505332400452,0.49667352801406195,0.9212258939248388,0.9500014344046742,1.0,104573,0.05001290964206822
LGB003,validation,Low Risk,8963,48,0.0053553497712819365,0.0015698930019503,0.005700392987146695,0.0080242775695768,2.2312961599393088e-05,0.19999107481536024,44817,0.19999107481536024
LGB003,validation,Medium Risk,13445,171,0.012718482707326144,0.0080248045406734,0.013190437757311718,0.0216330045605863,0.20001338777695962,0.4999888435192003,44817,0.29999776870384004
LGB003,validation,High Risk,13445,589,0.04380810710301227,0.0216344551746397,0.04427089569235065,0.0832151593964388,0.5000111564807997,0.7999866122230403,44817,0.29999776870384004
LGB003,validation,Very High Risk,6723,1108,0.16480737765878328,0.0832174760982651,0.15946809570578416,0.3325828422967749,0.8000089251846397,0.9499966530557601,44817,0.15001004083271974
LGB003,validation,Extreme Risk,2241,1087,0.4850513163766176,0.332587808145537,0.4975141953445557,0.8545782262882609,0.9500189660173595,1.0,44817,0.050003346944239906
LGB004,train,Low Risk,20913,60,0.002869028833739779,0.0016530725671694,0.005579691046129611,0.0079214218024447,9.562697828311323e-06,0.1999846996834747,104573,0.1999846996834747
LGB004,train,Medium Risk,31373,359,0.011442960507442706,0.0079215826755261,0.01305545196942405,0.0215790197302751,0.2000086064280455,0.49999521865108587,104573,0.30001051896761116
LGB004,train,High Risk,31372,1332,0.042458243019252835,0.0215800063763704,0.04444363754251757,0.0836075427390828,0.5000047813489141,0.7999961749208687,104573,0.30000095626978285
LGB004,train,Very High Risk,15686,2580,0.16447787836287134,0.0836086370124057,0.15906623038039552,0.331352779090816,0.800005737618697,0.9499966530557601,104573,0.15000047813489142
LGB004,train,Extreme Risk,5229,2675,0.5115700898833428,0.3313555370931179,0.49462872147889775,0.9093676087585952,0.9500062157535885,1.0,104573,0.050003346944239906
LGB004,validation,Low Risk,8963,47,0.00524377998438023,0.0016256947577207,0.0056003925240566,0.0079468854738713,2.2312961599393088e-05,0.19999107481536024,44817,0.19999107481536024
LGB004,validation,Medium Risk,13445,168,0.012495351431759017,0.007947001892633,0.013082797635044382,0.0216204169468037,0.20001338777695962,0.4999888435192003,44817,0.29999776870384004
LGB004,validation,High Risk,13445,594,0.04417999256229081,0.0216207774113512,0.04456116376734231,0.0839377589875303,0.5000111564807997,0.7999866122230403,44817,0.29999776870384004
LGB004,validation,Very High Risk,6723,1104,0.1642124051762606,0.0839498130853189,0.15972984855439795,0.3327779874006829,0.8000089251846397,0.9499966530557601,44817,0.15001004083271974
LGB004,validation,Extreme Risk,2241,1090,0.48639000446229363,0.3328292259868839,0.49627238105943416,0.8327443432318923,0.9500189660173595,1.0,44817,0.050003346944239906
LRSTACK001,train,Low Risk,20914,92,0.004398967199005451,0.0131094588006307,0.01713678801879301,0.0175700100271279,9.562697828311323e-06,0.19999426238130302,104573,0.19999426238130302
LRSTACK001,train,Medium Risk,31372,404,0.012877725360193803,0.0175701127547921,0.018780932843012035,0.0208519628516532,0.20000382507913134,0.49999521865108587,104573,0.30000095626978285
LRSTACK001,train,High Risk,31372,1430,0.0455820476858345,0.0208520050644441,0.03206023438656595,0.062908227751991,0.5000047813489141,0.7999961749208687,104573,0.30000095626978285
LRSTACK001,train,Very High Risk,15686,2356,0.15019762845849802,0.0629125102403738,0.14379872227507207,0.3249426965553604,0.800005737618697,0.9499966530557601,104573,0.15000047813489142
LRSTACK001,train,Extreme Risk,5229,2724,0.5209409064830751,0.3249651951652376,0.5356923462430012,0.9809348005668828,0.9500062157535885,1.0,104573,0.050003346944239906
LRSTACK001,validation,Low Risk,8963,39,0.004351221689166573,0.0129761641988436,0.017141558563256037,0.01757844353302,2.2312961599393088e-05,0.19999107481536024,44817,0.19999107481536024
LRSTACK001,validation,Medium Risk,13445,179,0.01331349944217181,0.0175788479945901,0.018777572289244503,0.0208362487136917,0.20001338777695962,0.4999888435192003,44817,0.29999776870384004
LRSTACK001,validation,High Risk,13445,607,0.04514689475641502,0.0208367082985577,0.032094490052209865,0.0625174961458806,0.5000111564807997,0.7999866122230403,44817,0.29999776870384004
LRSTACK001,validation,Very High Risk,6723,1112,0.16540235014130597,0.0625284136459142,0.14421394786593694,0.3257912595879275,0.8000089251846397,0.9499966530557601,44817,0.15001004083271974
LRSTACK001,validation,Extreme Risk,2241,1066,0.4756804997768853,0.3258791001674531,0.5372303434272253,0.9606299558835768,0.9500189660173595,1.0,44817,0.050003346944239906
NN001,train,Low Risk,20914,114,0.005450894137898059,1e-06,0.007698211079845577,0.0095703581272585,4.7813489141556616e-05,0.19999426238130302,104573,0.19999426238130302
NN001,train,Medium Risk,31372,414,0.013196480938416423,0.0095703770506116,0.01388003966702891,0.0204596312650354,0.20000382507913134,0.49999521865108587,104573,0.30000095626978285
NN001,train,High Risk,31372,1463,0.04663394109396914,0.02045998503801,0.04107721616416672,0.0786760046126561,0.5000047813489141,0.7999961749208687,104573,0.30000095626978285
NN001,train,Very High Risk,15686,2470,0.15746525564197372,0.0786782018367915,0.14166804583379222,0.2985586122963296,0.800005737618697,0.9499966530557601,104573,0.15000047813489142
NN001,train,Extreme Risk,5229,2545,0.48670873972078793,0.2985744265731633,0.48418881106899603,0.9923912194276784,0.9500062157535885,1.0,104573,0.050003346944239906
NN001,validation,Low Risk,8963,46,0.005132210197478523,1e-06,0.007691475287699726,0.009511940374573,4.4625923198786177e-05,0.19999107481536024,44817,0.19999107481536024
NN001,validation,Medium Risk,13445,186,0.01383413908516177,0.0095123866311955,0.013761108372954394,0.0203991001683318,0.20001338777695962,0.4999888435192003,44817,0.29999776870384004
NN001,validation,High Risk,13445,593,0.04410561547043511,0.0203998264892418,0.04135075826644693,0.0787904198265388,0.5000111564807997,0.7999866122230403,44817,0.29999776870384004
NN001,validation,Very High Risk,6723,1108,0.16480737765878328,0.0787920510659126,0.14252410776467542,0.3025921006526718,0.8000089251846397,0.9499966530557601,44817,0.15001004083271974
NN001,validation,Extreme Risk,2241,1070,0.47746541722445335,0.302811621565336,0.48608531958445317,0.9292261910824384,0.9500189660173595,1.0,44817,0.050003346944239906
NN002,train,Low Risk,20914,125,0.005976857607344363,1e-06,0.008243061866055792,0.0114381774300564,4.7813489141556616e-05,0.19999426238130302,104573,0.19999426238130302
NN002,train,Medium Risk,31372,407,0.012973352033660589,0.0114385813703928,0.01663352132184627,0.0239580365223842,0.20000382507913134,0.49999521865108587,104573,0.30000095626978285
NN002,train,High Risk,31372,1503,0.04790896340685962,0.0239604858535373,0.04549927860870477,0.0842914779241209,0.5000047813489141,0.7999961749208687,104573,0.30000095626978285
NN002,train,Very High Risk,15686,2454,0.15644523779166136,0.0842943206854583,0.145716672825396,0.2965776394655057,0.800005737618697,0.9499966530557601,104573,0.15000047813489142
NN002,train,Extreme Risk,5229,2517,0.48135398737808377,0.2965852591731626,0.46937823051554056,0.8602210989347095,0.9500062157535885,1.0,104573,0.050003346944239906
NN002,validation,Low Risk,8963,46,0.005132210197478523,1e-06,0.008265083944562527,0.0114437495974254,4.4625923198786177e-05,0.19999107481536024,44817,0.19999107481536024
NN002,validation,Medium Risk,13445,197,0.014652287095574564,0.0114437967272708,0.016602998107552957,0.0239840444146471,0.20001338777695962,0.4999888435192003,44817,0.29999776870384004
NN002,validation,High Risk,13445,589,0.04380810710301227,0.0239842391314772,0.045937123186724056,0.0845843768005756,0.5000111564807997,0.7999866122230403,44817,0.29999776870384004
NN002,validation,Very High Risk,6723,1110,0.1651048639000446,0.0845859853766028,0.14675073939730607,0.3008005767277243,0.8000089251846397,0.9499966530557601,44817,0.15001004083271974
NN002,validation,Extreme Risk,2241,1061,0.47344935296742524,0.3011040234469818,0.46863403442874424,0.7832887592152559,0.9500189660173595,1.0,44817,0.050003346944239906
NN003,train,Low Risk,20914,124,0.0059290427464856075,1e-06,0.006489241893418082,0.0081464032416903,1.9125395656622646e-05,0.19999426238130302,104573,0.19999426238130302
NN003,train,Medium Risk,31372,379,0.012080836414637256,0.0081470593943859,0.012269663560045097,0.0194065417082544,0.20000382507913134,0.49999521865108587,104573,0.30000095626978285
NN003,train,High Risk,31372,1410,0.04494453652938926,0.0194066819833767,0.042909878312282435,0.0854194987546773,0.5000047813489141,0.7999961749208687,104573,0.30000095626978285
NN003,train,Very High Risk,15686,2497,0.15918653576437589,0.0854195350938519,0.1628020438253334,0.3527136276851048,0.800005737618697,0.9499966530557601,104573,0.15000047813489142
NN003,train,Extreme Risk,5229,2596,0.4964620386307133,0.352800458042324,0.518056143565141,0.8962679124164419,0.9500062157535885,1.0,104573,0.050003346944239906
NN003,validation,Low Risk,8963,49,0.005466919558183644,0.0002641593089667,0.006484013853755678,0.0081300893156883,2.2312961599393088e-05,0.19999107481536024,44817,0.19999107481536024
NN003,validation,Medium Risk,13445,188,0.013982893268873187,0.0081314720305082,0.012218754075939134,0.0192932104689655,0.20001338777695962,0.4999888435192003,44817,0.29999776870384004
NN003,validation,High Risk,13445,565,0.04202305689847527,0.0192960492424454,0.043141191279336494,0.0849571391831857,0.5000111564807997,0.7999866122230403,44817,0.29999776870384004
NN003,validation,Very High Risk,6723,1122,0.16688978134761268,0.0849582051897927,0.1633560495714841,0.3589365339828765,0.8000089251846397,0.9499966530557601,44817,0.15001004083271974
NN003,validation,Extreme Risk,2241,1079,0.48148148148148145,0.3589908619970353,0.5187750102866218,0.8966500106937058,0.9500189660173595,1.0,44817,0.050003346944239906
NN004,train,Low Risk,20914,128,0.006120302189920627,0.001546407472321,0.0075362235112784596,0.0101283026342263,9.562697828311323e-06,0.19999426238130302,104573,0.19999426238130302
NN004,train,Medium Risk,31372,419,0.013355858727527732,0.0101283086452932,0.014947669111235403,0.0223457987737356,0.20000382507913134,0.49999521865108587,104573,0.30000095626978285
NN004,train,High Risk,31372,1482,0.04723957669259212,0.0223458346876703,0.0461012969870095,0.0870707385223687,0.5000047813489141,0.7999961749208687,104573,0.30000095626978285
NN004,train,Very High Risk,15686,2466,0.15721025117939563,0.0870744334533821,0.15120898994692109,0.3166013606110021,0.800005737618697,0.9499966530557601,104573,0.15000047813489142
NN004,train,Extreme Risk,5229,2511,0.4802065404475043,0.3166689704308463,0.4874761863685029,0.835777172973087,0.9500062157535885,1.0,104573,0.050003346944239906
NN004,validation,Low Risk,8963,55,0.006136338279593886,0.0014440416207742,0.007528022897192953,0.0100807723456196,2.2312961599393088e-05,0.19999107481536024,44817,0.19999107481536024
NN004,validation,Medium Risk,13445,180,0.01338787653402752,0.0100815967847916,0.014871293249300655,0.0222018948198378,0.20001338777695962,0.4999888435192003,44817,0.29999776870384004
NN004,validation,High Risk,13445,607,0.04514689475641502,0.0222044474838878,0.04642855246261077,0.0871312061921535,0.5000111564807997,0.7999085168574425,44817,0.29999776870384004
NN004,validation,Very High Risk,6723,1094,0.1627249739699539,0.0871341927264537,0.1522139276244675,0.3213688915559369,0.8000089251846397,0.9499966530557601,44817,0.15001004083271974
NN004,validation,Extreme Risk,2241,1067,0.47612672913877735,0.32145489448823,0.48819714375148565,0.80094396634847,0.9500189660173595,1.0,44817,0.050003346944239906
NN005,train,Low Risk,20914,171,0.008176341206847088,1e-06,0.007476957830784307,0.0116566048975953,6.693888479817926e-05,0.19999426238130302,104573,0.19999426238130302
NN005,train,Medium Risk,31372,513,0.016352161162820348,0.0116568791642783,0.018369432072437394,0.0277543123822129,0.20000382507913134,0.49999521865108587,104573,0.30000095626978285
NN005,train,High Risk,31373,1634,0.05208300130685621,0.0277548709752306,0.05612793765632574,0.105201196625367,0.5000047813489141,0.7999913935719545,104573,0.30001051896761116
NN005,train,Very High Risk,15685,2257,0.14389544150462225,0.1052028459848322,0.1522636662196834,0.249022765222288,0.8000153003165253,0.9499966530557601,104573,0.1499909154370631
NN005,train,Extreme Risk,5229,2431,0.4649072480397782,0.249027253585673,0.4145129913257447,0.9840812094551188,0.9500062157535885,1.0,104573,0.050003346944239906
NN005,validation,Low Risk,8963,66,0.0073636059355126635,1e-06,0.007462719601110288,0.011643290827951,7.80953655978758e-05,0.19999107481536024,44817,0.19999107481536024
NN005,validation,Medium Risk,13445,225,0.0167348456675344,0.0116433569569206,0.0184268606230951,0.0281557175748783,0.20001338777695962,0.4999888435192003,44817,0.29999776870384004
NN005,validation,High Risk,13445,679,0.05050204537002603,0.0281607742489371,0.05683507473242645,0.1066824689209949,0.5000111564807997,0.7999866122230403,44817,0.29999776870384004
NN005,validation,Very High Risk,6723,989,0.14710694630373344,0.1067060646756997,0.15268181877318043,0.2490520035293325,0.8000089251846397,0.9499966530557601,44817,0.15001004083271974
NN005,validation,Extreme Risk,2241,1044,0.46586345381526106,0.249080304293173,0.41569059531184654,0.9841235346392752,0.9500189660173595,1.0,44817,0.050003346944239906
NN006,train,Low Risk,20914,120,0.005737783303050588,1e-06,0.007631074041232157,0.0101696115265566,4.7813489141556616e-05,0.19999426238130302,104573,0.19999426238130302
NN006,train,Medium Risk,31372,403,0.012845849802371542,0.010170141584351,0.014768626540735458,0.0218027837108103,0.20000382507913134,0.49999521865108587,104573,0.30000095626978285
NN006,train,High Risk,31372,1468,0.046793318883080456,0.0218062283624534,0.04348819939536705,0.0826390726168316,0.5000047813489141,0.7999961749208687,104573,0.30000095626978285
NN006,train,Very High Risk,15686,2482,0.15823026902970802,0.0826424847750092,0.14585404086472703,0.302164438173379,0.800005737618697,0.9499966530557601,104573,0.15000047813489142
NN006,train,Extreme Risk,5229,2533,0.484413845859629,0.3021807418722576,0.48637290720968246,0.9945728240098566,0.9500062157535885,1.0,104573,0.050003346944239906
NN006,validation,Low Risk,8963,47,0.00524377998438023,1e-06,0.007627567428529888,0.0101292479929645,4.4625923198786177e-05,0.19999107481536024,44817,0.19999107481536024
NN006,validation,Medium Risk,13445,182,0.013536630717738937,0.0101305051802687,0.014665791413791778,0.0216621895280224,0.20001338777695962,0.4999888435192003,44817,0.29999776870384004
NN006,validation,High Risk,13445,601,0.044700632205280776,0.0216623272152702,0.04375721235863047,0.0829334926369563,0.5000111564807997,0.7999866122230403,44817,0.29999776870384004
NN006,validation,Very High Risk,6723,1107,0.1646586345381526,0.0829421962348428,0.14682775377582344,0.3050772767982407,0.8000089251846397,0.9499966530557601,44817,0.15001004083271974
NN006,validation,Extreme Risk,2241,1066,0.4756804997768853,0.3051074556413305,0.48809778723201025,0.9339881627308628,0.9500189660173595,1.0,44817,0.050003346944239906
NN007,train,Low Risk,20914,102,0.004877115807593,1e-06,0.006664419377578657,0.0085636403305506,1.9125395656622646e-05,0.19999426238130302,104573,0.19999426238130302
NN007,train,Medium Risk,31372,386,0.01230396531939309,0.0085638707172314,0.013094748370059842,0.0200121073533757,0.20000382507913134,0.49999521865108587,104573,0.30000095626978285
NN007,train,High Risk,31372,1431,0.04561392324365676,0.0200124204249349,0.04270092308621345,0.0839982658829666,0.5000047813489141,0.7999961749208687,104573,0.30000095626978285
NN007,train,Very High Risk,15686,2507,0.1598240469208211,0.0839991189709634,0.15539008969009532,0.323629166875605,0.800005737618697,0.9499966530557601,104573,0.15000047813489142
NN007,train,Extreme Risk,5229,2580,0.4934021801491681,0.3236473173851583,0.48181237182266434,0.995616871281314,0.9500062157535885,1.0,104573,0.050003346944239906
NN007,validation,Low Risk,8963,47,0.00524377998438023,0.000134373912191,0.006675497763142539,0.0085812552493557,2.2312961599393088e-05,0.19999107481536024,44817,0.19999107481536024
NN007,validation,Medium Risk,13445,195,0.014503532911863145,0.0085813819246776,0.013069319075886661,0.0199747834803012,0.20001338777695962,0.4999888435192003,44817,0.29999776870384004
NN007,validation,High Risk,13445,568,0.042246188174042396,0.0199766786443951,0.04297616444883445,0.0840520571184967,0.5000111564807997,0.7999866122230403,44817,0.29999776870384004
NN007,validation,Very High Risk,6723,1094,0.1627249739699539,0.0840604179321675,0.15542199156023392,0.3247909369922624,0.8000089251846397,0.9499966530557601,44817,0.15001004083271974
NN007,validation,Extreme Risk,2241,1099,0.49040606871932174,0.3248115363812822,0.4815767936390135,0.9320945496233234,0.9500189660173595,1.0,44817,0.050003346944239906
NN008,train,Low Risk,20914,107,0.005116190111886775,1e-06,0.0056185948531622286,0.0071233818353144,2.868809348493397e-05,0.19999426238130302,104573,0.19999426238130302
NN008,train,Medium Risk,31372,391,0.012463343108504398,0.007123387742477,0.010556462873652382,0.0162891358219007,0.20000382507913134,0.49999521865108587,104573,0.30000095626978285
NN008,train,High Risk,31372,1422,0.045327043223256404,0.0162901150924742,0.036595748998786995,0.0733122089587684,0.5000047813489141,0.7999961749208687,104573,0.30000095626978285
NN008,train,Very High Risk,15686,2519,0.1605890603085554,0.0733144112174638,0.13683541216041484,0.2903482645482886,0.800005737618697,0.9499966530557601,104573,0.15000047813489142
NN008,train,Extreme Risk,5229,2567,0.4909160451329126,0.2903844145885395,0.4556158990481893,0.9817993068643937,0.9500062157535885,1.0,104573,0.050003346944239906
NN008,validation,Low Risk,8963,46,0.005132210197478523,2.624029691862605e-06,0.005618827945145665,0.0071168032713293,2.2312961599393088e-05,0.19999107481536024,44817,0.19999107481536024
NN008,validation,Medium Risk,13445,180,0.01338787653402752,0.0071169419863367,0.010533982164906296,0.0163223284100967,0.20001338777695962,0.4999888435192003,44817,0.29999776870384004
NN008,validation,High Risk,13445,581,0.043213090368166604,0.0163231684045773,0.03691309901072341,0.0734949513503093,0.5000111564807997,0.7999866122230403,44817,0.29999776870384004
NN008,validation,Very High Risk,6723,1119,0.16644355198572067,0.0735080198754778,0.13727605153147857,0.2936132175687993,0.8000089251846397,0.9499966530557601,44817,0.15001004083271974
NN008,validation,Extreme Risk,2241,1077,0.48058902275769744,0.2936244514940129,0.4546266180146951,0.948504818801413,0.9500189660173595,1.0,44817,0.050003346944239906
NN009,train,Low Risk,20914,95,0.004542411781581716,1e-06,0.0049669786118582545,0.0072019578917701,1.9125395656622646e-05,0.19999426238130302,104573,0.19999426238130302
NN009,train,Medium Risk,31372,377,0.012017085298992732,0.0072022216512085,0.012884904767782222,0.0216656787169621,0.20000382507913134,0.49999521865108587,104573,0.30000095626978285
NN009,train,High Risk,31372,1389,0.04427514981512176,0.0216664153047337,0.04717721881625441,0.0873315700941013,0.5000047813489141,0.7999961749208687,104573,0.30000095626978285
NN009,train,Very High Risk,15686,2540,0.1619278337370904,0.0873396661168096,0.1586305886950609,0.3229050562671168,0.800005737618697,0.9499966530557601,104573,0.15000047813489142
NN009,train,Extreme Risk,5229,2605,0.49818320902658253,0.3229098757109234,0.48390753226306904,0.9520989490174384,0.9500062157535885,1.0,104573,0.050003346944239906
NN009,validation,Low Risk,8963,47,0.00524377998438023,9.537847346286114e-05,0.004969312935809951,0.0072292418453771,2.2312961599393088e-05,0.19999107481536024,44817,0.19999107481536024
NN009,validation,Medium Risk,13445,189,0.014057270360728895,0.0072300432017807,0.012872720332648583,0.0216475528934079,0.20001338777695962,0.4999888435192003,44817,0.29999776870384004
NN009,validation,High Risk,13445,567,0.042171811082186685,0.0216510633053351,0.0476417585941376,0.0874654356448765,0.5000111564807997,0.7999866122230403,44817,0.29999776870384004
NN009,validation,Very High Risk,6723,1108,0.16480737765878328,0.0874654807824971,0.15965835217007693,0.3253753443840245,0.8000089251846397,0.9499966530557601,44817,0.15001004083271974
NN009,validation,Extreme Risk,2241,1092,0.48728246318607765,0.3255885281419309,0.48522529450885676,0.8786601201524186,0.9500189660173595,1.0,44817,0.050003346944239906
NN010,train,Low Risk,20914,125,0.005976857607344363,0.0046073838314483,0.010484281089257684,0.0133752133232278,9.562697828311323e-06,0.19999426238130302,104573,0.19999426238130302
NN010,train,Medium Risk,31372,399,0.012718347571082493,0.0133752766132625,0.019548248886357294,0.0287673857741104,0.20000382507913134,0.49999521865108587,104573,0.30000095626978285
NN010,train,High Risk,31372,1508,0.04806834119597093,0.0287693647110393,0.05285219846545713,0.0940352034439538,0.5000047813489141,0.7999961749208687,104573,0.30000095626978285
NN010,train,Very High Risk,15686,2433,0.15510646436312636,0.094035634502209,0.1760583232876178,0.35858818094728,0.800005737618697,0.9499966530557601,104573,0.15000047813489142
NN010,train,Extreme Risk,5229,2541,0.4859437751004016,0.3586001729005208,0.5068110988316618,0.7668195106345183,0.9500062157535885,1.0,104573,0.050003346944239906
NN010,validation,Low Risk,8963,47,0.00524377998438023,0.0048468503314611,0.010462696693582654,0.0132880786183432,2.2312961599393088e-05,0.19999107481536024,44817,0.19999107481536024
NN010,validation,Medium Risk,13445,198,0.014726664187430271,0.0132887541496763,0.01942131109800942,0.0287913879588557,0.20001338777695962,0.4999888435192003,44817,0.29999776870384004
NN010,validation,High Risk,13445,575,0.04276682781703235,0.028791560340442,0.05320957031496939,0.094808653970939,0.5000111564807997,0.7999866122230403,44817,0.29999776870384004
NN010,validation,Very High Risk,6723,1103,0.16406366205562992,0.0948090646803805,0.17844356910549328,0.364242251976291,0.8000089251846397,0.9499966530557601,44817,0.15001004083271974
NN010,validation,Extreme Risk,2241,1080,0.4819277108433735,0.3643894530966886,0.5097403553552559,0.6973491195270901,0.9500189660173595,1.0,44817,0.050003346944239906
NN011,train,Low Risk,20914,129,0.006168117050779382,1e-06,0.008365812483339891,0.0116829302648045,4.7813489141556616e-05,0.19999426238130302,104573,0.19999426238130302
NN011,train,Medium Risk,31372,399,0.012718347571082493,0.0116834075952347,0.017003192404581417,0.0244491451014276,0.20000382507913134,0.49999521865108587,104573,0.30000095626978285
NN011,train,High Risk,31372,1513,0.04822771898508224,0.0244496013987989,0.046071569307132985,0.0854525540459412,0.5000047813489141,0.7999961749208687,104573,0.30000095626978285
NN011,train,Very High Risk,15686,2455,0.15650898890730588,0.0854562570500744,0.14693158057540037,0.2970016607351406,0.800005737618697,0.9499966530557601,104573,0.15000047813489142
NN011,train,Extreme Risk,5229,2510,0.4800152992924077,0.2970203195622984,0.46876916897786713,0.8491690096377222,0.9500062157535885,1.0,104573,0.050003346944239906
NN011,validation,Low Risk,8963,47,0.00524377998438023,1e-06,0.008382773417148437,0.011697987725864,4.4625923198786177e-05,0.19999107481536024,44817,0.19999107481536024
NN011,validation,Medium Risk,13445,199,0.01480104127928598,0.0116983940653374,0.016973837707144356,0.0244589913528331,0.20001338777695962,0.4999888435192003,44817,0.29999776870384004
NN011,validation,High Risk,13445,586,0.043584975827445145,0.0244605326025581,0.04651588888778717,0.0858942786210791,0.5000111564807997,0.7999866122230403,44817,0.29999776870384004
NN011,validation,Very High Risk,6723,1111,0.1652536070206753,0.0858986721173687,0.14789780496902186,0.3005538573737993,0.8000089251846397,0.9499966530557601,44817,0.15001004083271974
NN011,validation,Extreme Risk,2241,1060,0.47300312360553326,0.3006489655818663,0.46783558180010615,0.7820728973471879,0.9500189660173595,1.0,44817,0.050003346944239906
NN012,train,Low Risk,20914,116,0.005546523859615568,1e-06,0.008029581806973038,0.0107993902326259,4.7813489141556616e-05,0.19999426238130302,104573,0.19999426238130302
NN012,train,Medium Risk,31372,408,0.013005227591482852,0.010799916838657,0.016611644371565558,0.024798110140996,0.20000382507913134,0.49999521865108587,104573,0.30000095626978285
NN012,train,High Risk,31372,1535,0.048928981257172,0.0248000314546874,0.04929350096341371,0.0941393623988875,0.5000047813489141,0.7999961749208687,104573,0.30000095626978285
NN012,train,Very High Risk,15686,2467,0.15727400229504016,0.0941474764433354,0.1629201315043597,0.3240457415939108,0.800005737618697,0.9499966530557601,104573,0.15000047813489142
NN012,train,Extreme Risk,5229,2480,0.47427806463951044,0.3240962654145118,0.5100967341140497,0.8986612769071702,0.9500062157535885,1.0,104573,0.050003346944239906
NN012,validation,Low Risk,8963,47,0.00524377998438023,1e-06,0.008028659331533189,0.0107677861164037,4.4625923198786177e-05,0.19999107481536024,44817,0.19999107481536024
NN012,validation,Medium Risk,13445,197,0.014652287095574564,0.0107691093623758,0.01655132968013193,0.0247403172759196,0.20001338777695962,0.4999888435192003,44817,0.29999776870384004
NN012,validation,High Risk,13445,585,0.04351059873558944,0.0247415219909048,0.049762068936668735,0.0944908498539879,0.5000111564807997,0.7999866122230403,44817,0.29999776870384004
NN012,validation,Very High Risk,6723,1123,0.16703852446824335,0.0945064670600882,0.16409976721581607,0.3270243345088641,0.8000089251846397,0.9499966530557601,44817,0.15001004083271974
NN012,validation,Extreme Risk,2241,1051,0.46898705934850515,0.3270741143567137,0.509519074116789,0.8945373752848558,0.9500189660173595,1.0,44817,0.050003346944239906
NN013,train,Low Risk,20914,110,0.005259634694463039,1e-06,0.008424768003859351,0.0108269756023816,3.825079131324529e-05,0.19999426238130302,104573,0.19999426238130302
NN013,train,Medium Risk,31372,404,0.012877725360193803,0.010827179344697,0.015574272720763366,0.0225091264389738,0.20000382507913134,0.49999521865108587,104573,0.30000095626978285
NN013,train,High Risk,31372,1493,0.047590207828637,0.0225093357073581,0.04354273296528681,0.0814348615940729,0.5000047813489141,0.7999961749208687,104573,0.30000095626978285
NN013,train,Very High Risk,15686,2480,0.15810276679841898,0.0814383091317672,0.14390659545085005,0.2989544085697579,0.800005737618697,0.9499966530557601,104573,0.15000047813489142
NN013,train,Extreme Risk,5229,2519,0.48173646968827694,0.2992432594177652,0.4780609066845008,0.9184275375439572,0.9500062157535885,1.0,104573,0.050003346944239906
NN013,validation,Low Risk,8963,41,0.004574361262969988,1e-06,0.008429223083427228,0.0108142400215471,3.346944239908963e-05,0.19999107481536024,44817,0.19999107481536024
NN013,validation,Medium Risk,13445,200,0.014875418371141688,0.0108149336915366,0.015521929711411513,0.022447454559098,0.20001338777695962,0.4999888435192003,44817,0.29999776870384004
NN013,validation,High Risk,13445,576,0.04284120490888806,0.0224488313422189,0.04394352050863599,0.0817765882499163,0.5000111564807997,0.7999866122230403,44817,0.29999776870384004
NN013,validation,Very High Risk,6723,1127,0.16763349695076601,0.0817870842662779,0.1453086694073892,0.303570731212589,0.8000089251846397,0.9499966530557601,44817,0.15001004083271974
NN013,validation,Extreme Risk,2241,1059,0.4725568942436412,0.303711019163,0.47705502513213655,0.8783370538210115,0.9500189660173595,1.0,44817,0.050003346944239906
NN014,train,Low Risk,20914,137,0.006550635937649422,0.0058596838832648,0.008137224345856868,0.0099907857468665,9.562697828311323e-06,0.19999426238130302,104573,0.19999426238130302
NN014,train,Medium Risk,31372,447,0.014248374346551065,0.0099910070180007,0.014891770306406487,0.0215754998934655,0.20000382507913134,0.49999521865108587,104573,0.30000095626978285
NN014,train,High Risk,31372,1458,0.04647456330485784,0.0215755096174763,0.04448749018102244,0.0850980364174913,0.5000047813489141,0.7999961749208687,104573,0.30000095626978285
NN014,train,Very High Risk,15685,2453,0.15639145680586547,0.0850987821051308,0.14994412899426585,0.3145304313877466,0.800005737618697,0.9499870903579318,104573,0.1499909154370631
NN014,train,Extreme Risk,5230,2511,0.4801147227533461,0.3145480141861843,0.4784731600158979,0.8898823195325609,0.9500014344046742,1.0,104573,0.05001290964206822
NN014,validation,Low Risk,8963,65,0.007252036148610956,0.0057565726819741,0.008133139202858701,0.0100195046980246,2.2312961599393088e-05,0.19999107481536024,44817,0.19999107481536024
NN014,validation,Medium Risk,13445,188,0.013982893268873187,0.0100198087956818,0.01479479350943829,0.0214971882430128,0.20001338777695962,0.4999888435192003,44817,0.29999776870384004
NN014,validation,High Risk,13445,598,0.04447750092971365,0.0214981141292693,0.044712106002583504,0.0847766149115422,0.5000111564807997,0.7999866122230403,44817,0.29999776870384004
NN014,validation,Very High Risk,6723,1085,0.16138628588427786,0.0847855072899651,0.15080933363389984,0.3191549032110021,0.8000089251846397,0.9499966530557601,44817,0.15001004083271974
NN014,validation,Extreme Risk,2241,1067,0.47612672913877735,0.3193454165851072,0.4782221140684357,0.8535634497219386,0.9500412789789588,1.0,44817,0.050003346944239906
NN015,train,Low Risk,20914,137,0.006550635937649422,0.0066222747789186,0.008067769623494982,0.0102149015547782,0.000296443632677651,0.19999426238130302,104573,0.19999426238130302
NN015,train,Medium Risk,31372,440,0.014025245441795231,0.010215520884729,0.015731338636866248,0.0237577522037157,0.20000382507913134,0.49999521865108587,104573,0.30000095626978285
NN015,train,High Risk,31372,1465,0.046697692209613666,0.0237583953779056,0.050808578436936556,0.0960139036084427,0.5000047813489141,0.7999961749208687,104573,0.30000095626978285
NN015,train,Very High Risk,15688,2450,0.15617032126466088,0.0960192621126305,0.16792714103487766,0.3553499330881585,0.800005737618697,0.949963183613361,104573,0.15001960353054805
NN015,train,Extreme Risk,5227,2514,0.4809642242203941,0.3553810141984381,0.5041636934113507,0.8713677496267526,0.950025341149245,1.0,104573,0.049984221548583285
NN015,validation,Low Risk,8963,63,0.0070288965748075425,0.0066222747789186,0.00806754813522554,0.0102337936021049,0.00021197313519423432,0.19999107481536024,44817,0.19999107481536024
NN015,validation,Medium Risk,13445,187,0.013908516177017478,0.0102341827957105,0.01563559559509314,0.0236827859875439,0.20001338777695962,0.4999888435192003,44817,0.29999776870384004
NN015,validation,High Risk,13445,594,0.04417999256229081,0.0236847934214222,0.051092513471222435,0.0964275771972609,0.5000111564807997,0.7999866122230403,44817,0.29999776870384004
NN015,validation,Very High Risk,6723,1091,0.16227874460806188,0.0964333560090129,0.16897748919076633,0.3598128792486138,0.8000089251846397,0.9499966530557601,44817,0.15001004083271974
NN015,validation,Extreme Risk,2241,1068,0.47657295850066933,0.3598800883586714,0.503941888978457,0.8291388716325863,0.9500189660173595,1.0,44817,0.050003346944239906
NN016,train,Low Risk,20914,124,0.0059290427464856075,0.0028616791517946,0.00969940533324242,0.012615593228016,9.562697828311323e-06,0.19999426238130302,104573,0.19999426238130302
NN016,train,Medium Risk,31372,440,0.014025245441795231,0.0126159941123869,0.017693776158325052,0.0250556273440133,0.20000382507913134,0.49999521865108587,104573,0.30000095626978285
NN016,train,High Risk,31372,1506,0.048004590080326405,0.0250560028320656,0.05001089215910113,0.0943119654748725,0.5000047813489141,0.7999961749208687,104573,0.30000095626978285
NN016,train,Very High Risk,15686,2427,0.1547239576692592,0.0943202987562696,0.15896128705308496,0.3157962144931237,0.800005737618697,0.9499966530557601,104573,0.15000047813489142
NN016,train,Extreme Risk,5229,2509,0.47982405813731116,0.3158506550338313,0.505005397160543,0.8878446352800935,0.9500062157535885,1.0,104573,0.050003346944239906
NN016,validation,Low Risk,8963,62,0.006917326787905835,0.0025273740445707,0.00968268187064556,0.0125736450012378,2.2312961599393088e-05,0.19999107481536024,44817,0.19999107481536024
NN016,validation,Medium Risk,13445,173,0.01286723689103756,0.0125737589918736,0.017610823274440933,0.0250729919146743,0.20001338777695962,0.4999888435192003,44817,0.29999776870384004
NN016,validation,High Risk,13445,630,0.04685756786909632,0.0250747641461273,0.05038616724564252,0.094534398453224,0.5000111564807997,0.7999866122230403,44817,0.29999776870384004
NN016,validation,Very High Risk,6723,1075,0.15989885467797113,0.0945505713159068,0.1604085694812255,0.3212282647503491,0.8000089251846397,0.9499966530557601,44817,0.15001004083271974
NN016,validation,Extreme Risk,2241,1063,0.47434181169120926,0.3214089565146267,0.5060523919806411,0.870713212520268,0.9500189660173595,1.0,44817,0.050003346944239906
NN017,train,Low Risk,20914,119,0.005689968442191834,0.0019855080516518,0.005553100403829882,0.0084955298778961,9.562697828311323e-06,0.19999426238130302,104573,0.19999426238130302
NN017,train,Medium Risk,31372,432,0.013770240979217136,0.0084955848959261,0.014714559619972057,0.0233972369565496,0.20000382507913134,0.49999521865108587,104573,0.30000095626978285
NN017,train,High Risk,31372,1486,0.047367078923881166,0.0233984786601999,0.04791410394694808,0.0891849575905493,0.5000047813489141,0.7999961749208687,104573,0.30000095626978285
NN017,train,Very High Risk,15686,2435,0.1552339665944154,0.0891910100220939,0.1499486892595598,0.2985568762104195,0.800005737618697,0.9499966530557601,104573,0.15000047813489142
NN017,train,Extreme Risk,5229,2534,0.48460508701472554,0.2985954507085083,0.46836644160099433,0.9372700669071968,0.9500062157535885,1.0,104573,0.050003346944239906
NN017,validation,Low Risk,8963,52,0.005801628918888765,0.001866354467595,0.00555900625781027,0.0085135321479594,2.2312961599393088e-05,0.19999107481536024,44817,0.19999107481536024
NN017,validation,Medium Risk,13445,186,0.01383413908516177,0.0085152010185129,0.014672730228538945,0.0233048365218213,0.20001338777695962,0.4999888435192003,44817,0.29999776870384004
NN017,validation,High Risk,13445,609,0.04529564894012644,0.0233077552377209,0.04826474706255018,0.0894416384199918,0.5000111564807997,0.7999866122230403,44817,0.29999776870384004
NN017,validation,Very High Risk,6723,1083,0.1610887996430165,0.0894428116960353,0.15083382305675808,0.3022167175421455,0.8000089251846397,0.9499966530557601,44817,0.15001004083271974
NN017,validation,Extreme Risk,2241,1073,0.4788041053101294,0.3022422746665303,0.47043768020182625,0.936474486793672,0.9500189660173595,1.0,44817,0.050003346944239906
NN018,train,Low Risk,20914,106,0.0050683752510280195,0.0016023797687757,0.005901841585100173,0.0080217249367722,9.562697828311323e-06,0.19999426238130302,104573,0.19999426238130302
NN018,train,Medium Risk,31372,399,0.012718347571082493,0.0080217631748109,0.012699067216804994,0.0201408359557472,0.20000382507913134,0.49999521865108587,104573,0.30000095626978285
NN018,train,High Risk,31372,1478,0.047112074461303076,0.0201416508505517,0.042501115557569434,0.077555573095715,0.5000047813489141,0.7999961749208687,104573,0.30000095626978285
NN018,train,Very High Risk,15686,2487,0.15854902460793063,0.0775564907481973,0.1495295129813064,0.3131949845091481,0.800005737618697,0.9499966530557601,104573,0.15000047813489142
NN018,train,Extreme Risk,5229,2536,0.4849875693249187,0.3132259227488938,0.4838655562538466,0.9853106733712216,0.9500062157535885,1.0,104573,0.050003346944239906
NN018,validation,Low Risk,8963,45,0.005020640410576815,0.0015838392445349,0.005905788567171411,0.0080068979609688,2.2312961599393088e-05,0.19999107481536024,44817,0.19999107481536024
NN018,validation,Medium Risk,13445,181,0.013462253625883228,0.0080072318607413,0.012645080751074879,0.0199753907705481,0.20001338777695962,0.4999888435192003,44817,0.29999776870384004
NN018,validation,High Risk,13445,578,0.04298995909259948,0.0199755194393719,0.04275706213892274,0.0778592320273877,0.5000111564807997,0.7999866122230403,44817,0.29999776870384004
NN018,validation,Very High Risk,6723,1123,0.16703852446824335,0.0778677014097255,0.15083501536865118,0.3193325793700173,0.8000089251846397,0.9499966530557601,44817,0.15001004083271974
NN018,validation,Extreme Risk,2241,1076,0.48014279339580546,0.3194985111268072,0.48290026241340217,0.8654137773634578,0.9500189660173595,1.0,44817,0.050003346944239906
NN019,train,Low Risk,20914,115,0.005498708998756814,0.0026281546556544,0.008117735159702768,0.0101660956578566,9.562697828311323e-06,0.19999426238130302,104573,0.19999426238130302
NN019,train,Medium Risk,31372,396,0.012622720897615708,0.0101661060863825,0.014949121060216338,0.0230434934643786,0.20000382507913134,0.49999521865108587,104573,0.30000095626978285
NN019,train,High Risk,31372,1430,0.0455820476858345,0.0230444836466721,0.04857651324471211,0.0947225899289046,0.5000047813489141,0.7999961749208687,104573,0.30000095626978285
NN019,train,Very High Risk,15686,2511,0.1600790513833992,0.0947232932383751,0.1698981339424301,0.3394538693499536,0.800005737618697,0.9499966530557601,104573,0.15000047813489142
NN019,train,Extreme Risk,5229,2554,0.4884299101166571,0.3394638277559758,0.5010919094487352,0.944736813635538,0.9500062157535885,1.0,104573,0.050003346944239906
NN019,validation,Low Risk,8963,51,0.0056900591319870575,0.002071711224644,0.008096718953213788,0.010125248945617,2.2312961599393088e-05,0.19999107481536024,44817,0.19999107481536024
NN019,validation,Medium Risk,13445,179,0.01331349944217181,0.0101258973642075,0.01488454608131301,0.0229813299875878,0.20001338777695962,0.4999888435192003,44817,0.29999776870384004
NN019,validation,High Risk,13445,567,0.042171811082186685,0.0229832958200459,0.04899300774054017,0.0948020133564174,0.5000111564807997,0.7999866122230403,44817,0.29999776870384004
NN019,validation,Very High Risk,6723,1115,0.16584857950319798,0.0948062452664013,0.17107443238957912,0.3438362566737995,0.8000089251846397,0.9499966530557601,44817,0.15001004083271974
NN019,validation,Extreme Risk,2241,1091,0.4868362338241856,0.3438748437324849,0.5027411263519462,0.9420368533788684,0.9500189660173595,1.0,44817,0.050003346944239906
NNSTACK001,train,Low Risk,20914,92,0.004398967199005451,0.0092179692904726,0.015479305438728195,0.0159542579127746,9.562697828311323e-06,0.19999426238130302,104573,0.19999426238130302
NNSTACK001,train,Medium Risk,31372,403,0.012845849802371542,0.0159543211580785,0.017229535819959094,0.0193568042820119,0.20000382507913134,0.49999521865108587,104573,0.30000095626978285
NNSTACK001,train,High Risk,31372,1429,0.04555017212801224,0.0193568126615472,0.0314199906318157,0.0643673086500561,0.5000047813489141,0.7999961749208687,104573,0.30000095626978285
NNSTACK001,train,Very High Risk,15686,2384,0.1519826596965447,0.0643822758655478,0.1424058894385414,0.3011964756965568,0.800005737618697,0.9499966530557601,104573,0.15000047813489142
NNSTACK001,train,Extreme Risk,5229,2698,0.5159686364505641,0.3012186893594868,0.5233995372150383,0.9682400782013872,0.9500062157535885,1.0,104573,0.050003346944239906
NNSTACK001,validation,Low Risk,8963,43,0.004797500836773402,0.0092763966574753,0.015481777099351616,0.015958730948901,2.2312961599393088e-05,0.19999107481536024,44817,0.19999107481536024
NNSTACK001,validation,Medium Risk,13445,180,0.01338787653402752,0.0159588326878772,0.01722197833090859,0.0193481163768993,0.20001338777695962,0.4999888435192003,44817,0.29999776870384004
NNSTACK001,validation,High Risk,13445,596,0.044328746746002234,0.0193487310484608,0.031497609650531076,0.0639772303357613,0.5000111564807997,0.7999866122230403,44817,0.29999776870384004
NNSTACK001,validation,Very High Risk,6723,1113,0.16555109326193662,0.0639940973922774,0.14277367818336842,0.3020838569285481,0.8000089251846397,0.9499966530557601,44817,0.15001004083271974
NNSTACK001,validation,Extreme Risk,2241,1071,0.4779116465863454,0.3021019541690705,0.5234334125619536,0.9634262446362786,0.9500189660173595,1.0,44817,0.050003346944239906
RASTACK001,train,Low Risk,20914,115,0.005498708998756814,0.0098657158157459,0.11998489615795825,0.2124096325055224,9.562697828311323e-06,0.19999426238130302,104573,0.19999426238130302
RASTACK001,train,Medium Risk,31372,426,0.013578987632283565,0.2124120231799795,0.35463258906651707,0.488936556281258,0.20000382507913134,0.49999521865108587,104573,0.30000095626978285
RASTACK001,train,High Risk,31372,1564,0.04985337243401759,0.4889371539498723,0.6418507684522952,0.7909157956642727,0.5000047813489141,0.7999961749208687,104573,0.30000095626978285
RASTACK001,train,Very High Risk,15686,2454,0.15644523779166136,0.7909211746818012,0.8593505470436212,0.932970867241066,0.800005737618697,0.9499966530557601,104573,0.15000047813489142
RASTACK001,train,Extreme Risk,5229,2447,0.4679671065213234,0.9329810276075088,0.9631262782073138,0.9969022835722414,0.9500062157535885,1.0,104573,0.050003346944239906
RASTACK001,validation,Low Risk,8963,49,0.005466919558183644,0.0128745788428498,0.11977721092241946,0.2137023897181873,2.2312961599393088e-05,0.19999107481536024,44817,0.19999107481536024
RASTACK001,validation,Medium Risk,13445,174,0.01294161398289327,0.213712151638887,0.3544850268452145,0.4898699154338755,0.20001338777695962,0.4999888435192003,44817,0.29999776870384004
RASTACK001,validation,High Risk,13445,636,0.04730383042023057,0.4899312760782738,0.6424654718328815,0.7912343530356785,0.5000111564807997,0.7999866122230403,44817,0.29999776870384004
RASTACK001,validation,Very High Risk,6723,1080,0.1606425702811245,0.7913375504830755,0.8587675791031743,0.9323596514715398,0.8000089251846397,0.9499966530557601,44817,0.15001004083271974
RASTACK001,validation,Extreme Risk,2241,1064,0.4747880410531013,0.9323666242720396,0.962937514263593,0.9968943146573844,0.9500189660173595,1.0,44817,0.050003346944239906
RF001,train,Low Risk,20914,98,0.00468585636415798,0.0119967769260094,0.013629751995242434,0.0152360907661982,0.0004924789381580331,0.19999426238130302,104573,0.19999426238130302
RF001,train,Medium Risk,31372,415,0.013228356496238684,0.0152361324575545,0.02152374418877482,0.0254312683434739,0.20000382507913134,0.49999521865108587,104573,0.30000095626978285
RF001,train,High Risk,31372,1539,0.04905648348846105,0.0254313060935597,0.05158363978596719,0.1016610419981389,0.5000047813489141,0.7999961749208687,104573,0.30000095626978285
RF001,train,Very High Risk,15686,2432,0.15504271324748184,0.1016615385603288,0.1480161999765841,0.2872569300238801,0.800005737618697,0.9499966530557601,104573,0.15000047813489142
RF001,train,Extreme Risk,5229,2522,0.48231019315356666,0.287291642487736,0.40291634405924714,0.662281498396256,0.9500062157535885,1.0,104573,0.050003346944239906
RF001,validation,Low Risk,8963,52,0.005801628918888765,0.0119967769260094,0.013631116504681086,0.015250462702556,0.0005466675591851306,0.19997991833456055,44817,0.19999107481536024
RF001,validation,Medium Risk,13445,184,0.013685384901450354,0.0152519722296112,0.021486596271303633,0.0254329427216135,0.20001338777695962,0.4999888435192003,44817,0.29999776870384004
RF001,validation,High Risk,13445,625,0.04648568240981778,0.0254329846954207,0.05215432398034539,0.1018479348121017,0.5000111564807997,0.7999866122230403,44817,0.29999776870384004
RF001,validation,Very High Risk,6723,1082,0.16094005652238583,0.1018487994550012,0.14805873112523968,0.2890762674547882,0.8000089251846397,0.9499966530557601,44817,0.15001004083271974
RF001,validation,Extreme Risk,2241,1060,0.47300312360553326,0.2891221505978805,0.40428574717231813,0.6543804103222854,0.9500189660173595,1.0,44817,0.050003346944239906
RF002,train,Low Risk,20914,97,0.004638041503299225,0.0071428068067317,0.009672982541673024,0.0123129335514213,9.562697828311323e-06,0.19999426238130302,104573,0.19999426238130302
RF002,train,Medium Risk,31372,396,0.012622720897615708,0.0123130918499231,0.017816163112867302,0.0237987598832482,0.20000382507913134,0.49999521865108587,104573,0.30000095626978285
RF002,train,High Risk,31372,1429,0.04555017212801224,0.0237988161609761,0.05074067783041729,0.0950726192928861,0.5000047813489141,0.7999961749208687,104573,0.30000095626978285
RF002,train,Very High Risk,15686,2521,0.16071656253984445,0.0950743934095342,0.1538269843364363,0.3027279491204427,0.800005737618697,0.9499966530557601,104573,0.15000047813489142
RF002,train,Extreme Risk,5229,2563,0.4901510805125263,0.3027545674317227,0.4278134657255186,0.6951387117796544,0.9500062157535885,1.0,104573,0.050003346944239906
RF002,validation,Low Risk,8963,55,0.006136338279593886,0.0071556266536567,0.009677588270514901,0.0123185339202745,2.2312961599393088e-05,0.19999107481536024,44817,0.19999107481536024
RF002,validation,Medium Risk,13445,174,0.01294161398289327,0.012318909573246,0.017768355018414853,0.0238484111757066,0.20001338777695962,0.4999888435192003,44817,0.29999776870384004
RF002,validation,High Risk,13445,582,0.043287467460022315,0.023848888566968,0.05129110838060641,0.0953484564198021,0.5000111564807997,0.7999866122230403,44817,0.29999776870384004
RF002,validation,Very High Risk,6723,1116,0.16599732262382866,0.095359019192957,0.1538119638689676,0.3059863613268448,0.8000089251846397,0.9499966530557601,44817,0.15001004083271974
RF002,validation,Extreme Risk,2241,1076,0.48014279339580546,0.3060286033983884,0.4283473597009278,0.6845009651195159,0.9500189660173595,1.0,44817,0.050003346944239906
RF003,train,Low Risk,20914,56,0.0026776322080902743,0.0036414989767769,0.006875463772051423,0.0100567350469776,9.562697828311323e-06,0.19999426238130302,104573,0.19999426238130302
RF003,train,Medium Risk,31372,366,0.011666454162947851,0.0100571033542045,0.015279496148515875,0.0237141888959824,0.20000382507913134,0.49999521865108587,104573,0.30000095626978285
RF003,train,High Risk,31372,1364,0.043478260869565216,0.0237145842739609,0.050547725386215374,0.0931597521348095,0.5000047813489141,0.7999961749208687,104573,0.30000095626978285
RF003,train,Very High Risk,15686,2624,0.16728292745123038,0.0931604330157222,0.16015865874099716,0.3109310457726773,0.800005737618697,0.9499966530557601,104573,0.15000047813489142
RF003,train,Extreme Risk,5229,2596,0.4964620386307133,0.3109458712224008,0.43616735774559884,0.6997892766039832,0.9500062157535885,1.0,104573,0.050003346944239906
RF003,validation,Low Risk,8963,51,0.0056900591319870575,0.0035727347134302,0.006883358116557244,0.0100364765330818,2.2312961599393088e-05,0.19999107481536024,44817,0.19999107481536024
RF003,validation,Medium Risk,13445,170,0.012644105615470434,0.0100391777827685,0.01524805021321349,0.0237817717776604,0.20001338777695962,0.4999888435192003,44817,0.29999776870384004
RF003,validation,High Risk,13445,583,0.04336184455187802,0.0237824089831262,0.051075906874778663,0.0936452101473947,0.5000111564807997,0.7999866122230403,44817,0.29999776870384004
RF003,validation,Very High Risk,6723,1126,0.16748475383013536,0.0936472410008569,0.1602554754011074,0.3128280637312449,0.8000089251846397,0.9499966530557601,44817,0.15001004083271974
RF003,validation,Extreme Risk,2241,1073,0.4788041053101294,0.3128339919356013,0.4359226863503758,0.692006313302646,0.9500189660173595,1.0,44817,0.050003346944239906
RF004,train,Low Risk,20914,96,0.004590226642440471,0.0069237915152571,0.009627087163932976,0.0125800800189967,9.562697828311323e-06,0.19998948103238887,104573,0.19999426238130302
RF004,train,Medium Risk,31372,388,0.012367716435037613,0.0125811981173457,0.01821805411844428,0.0246013082870067,0.20000382507913134,0.49999521865108587,104573,0.30000095626978285
RF004,train,High Risk,31372,1455,0.046378936631391046,0.0246027420295823,0.05265066894453942,0.0974764241199306,0.5000047813489141,0.7999961749208687,104573,0.30000095626978285
RF004,train,Very High Risk,15686,2547,0.16237409154660207,0.0974767166854617,0.1546789957297527,0.2912607183436764,0.800005737618697,0.9499966530557601,104573,0.15000047813489142
RF004,train,Extreme Risk,5229,2520,0.4819277108433735,0.2913003295159383,0.4118362068270117,0.6180979778803518,0.9500062157535885,1.0,104573,0.050003346944239906
RF004,validation,Low Risk,8963,51,0.0056900591319870575,0.0069140892062733,0.009634198445222368,0.0125840970868203,2.2312961599393088e-05,0.19999107481536024,44817,0.19999107481536024
RF004,validation,Medium Risk,13445,180,0.01338787653402752,0.0125841289970501,0.01817532003353588,0.0246061752157748,0.20001338777695962,0.4999888435192003,44817,0.29999776870384004
RF004,validation,High Risk,13445,582,0.043287467460022315,0.0246070720150996,0.053181771853405564,0.0975999732801314,0.5000111564807997,0.7999866122230403,44817,0.29999776870384004
RF004,validation,Very High Risk,6723,1125,0.16733601070950468,0.0976155281301263,0.15461558584602375,0.2913824059444684,0.8000089251846397,0.9499966530557601,44817,0.15001004083271974
RF004,validation,Extreme Risk,2241,1065,0.47523427041499333,0.2916290502881945,0.4124011418715274,0.6124580990834176,0.9500189660173595,1.0,44817,0.050003346944239906
RF005,train,Low Risk,20914,105,0.005020560390169264,0.0739063243222762,0.09121484642219693,0.1149435675205099,9.562697828311323e-06,0.19999426238130302,104573,0.19999426238130302
RF005,train,Medium Risk,31372,402,0.012813974244549279,0.1149474270291706,0.15960271467698717,0.2242951724814059,0.20000382507913134,0.49999521865108587,104573,0.30000095626978285
RF005,train,High Risk,31372,1426,0.045454545454545456,0.2242978581734006,0.38979542199040795,0.571229157824376,0.5000047813489141,0.7999961749208687,104573,0.30000095626978285
RF005,train,Very High Risk,15686,2512,0.16014280249904372,0.5712620289548582,0.6754195042165666,0.8496173790787029,0.800005737618697,0.9499966530557601,104573,0.15000047813489142
RF005,train,Extreme Risk,5229,2561,0.48976859820233315,0.8496252569882686,0.9079147965016119,0.9746871248393806,0.9500062157535885,1.0,104573,0.050003346944239906
RF005,validation,Low Risk,8963,54,0.006024768492692179,0.0736417314974496,0.0913314161968374,0.114881855477897,2.2312961599393088e-05,0.19999107481536024,44817,0.19999107481536024
RF005,validation,Medium Risk,13445,183,0.013611007809594644,0.1148825414755439,0.15915724084930258,0.2248139785591508,0.20001338777695962,0.4999888435192003,44817,0.29999776870384004
RF005,validation,High Risk,13445,576,0.04284120490888806,0.2248560701428703,0.3913105904766173,0.5718589944475082,0.5000111564807997,0.7999866122230403,44817,0.29999776870384004
RF005,validation,Very High Risk,6723,1124,0.167187267588874,0.5718752642811423,0.6742125767937747,0.8496974814895879,0.8000089251846397,0.9499966530557601,44817,0.15001004083271974
RF005,validation,Extreme Risk,2241,1066,0.4756804997768853,0.8498048354697466,0.9081305423456816,0.9731008448149708,0.9500189660173595,1.0,44817,0.050003346944239906
RFSTACK001,train,Low Risk,33210,212,0.006383619391749473,0.0127161897910119,0.0127161897910119,0.0127161897910119,0.1587933787880237,0.1587933787880237,104573,0.31757719487821906
RFSTACK001,train,Medium Risk,19076,291,0.015254770392115747,0.0127761338761727,0.013790900459107986,0.0167984457124672,0.31926979239383013,0.49999521865108587,104573,0.1824180237728668
RFSTACK001,train,High Risk,31372,1370,0.04366951421649879,0.0167985923022365,0.04388560256821495,0.0869818595717466,0.5000047813489141,0.7999961749208687,104573,0.30000095626978285
RFSTACK001,train,Very High Risk,15685,2525,0.16098182977366912,0.086984725293833,0.15564369539008038,0.3224403731012139,0.800005737618697,0.9499870903579318,104573,0.1499909154370631
RFSTACK001,train,Extreme Risk,5230,2608,0.49866156787762905,0.3224938945711957,0.47902186711382905,0.6971303514781942,0.9500014344046742,1.0,104573,0.05001290964206822
RFSTACK001,validation,Low Risk,14259,98,0.006872852233676976,0.0127161897910119,0.0127161897910119,0.0127161897910119,0.1590914162036727,0.1590914162036727,44817,0.318160519445746
RFSTACK001,validation,Medium Risk,8149,124,0.015216590992759849,0.0127761338761727,0.013794948688751505,0.0168115569942665,0.31966664435370507,0.4999888435192003,44817,0.18182832407345426
RFSTACK001,validation,High Risk,13445,580,0.04313871327631089,0.0168135492315118,0.04419165320145139,0.0863909771714174,0.5000111564807997,0.7999866122230403,44817,0.29999776870384004
RFSTACK001,validation,Very High Risk,6723,1112,0.16540235014130597,0.0863977814497437,0.1560398930669694,0.3251926636589056,0.8000089251846397,0.9499966530557601,44817,0.15001004083271974
RFSTACK001,validation,Extreme Risk,2241,1089,0.4859437751004016,0.3252240683918282,0.479732012235408,0.6966835293086553,0.9500189660173595,0.9999665305576009,44817,0.050003346944239906
RIDGESTACK001,train,Low Risk,20914,90,0.004303337477287941,0.015730400611987,0.01821432243629911,0.0186044333084942,9.562697828311323e-06,0.19999426238130302,104573,0.19999426238130302
RIDGESTACK001,train,Medium Risk,31372,422,0.013451485400994518,0.0186044693619576,0.019769976710096424,0.0217756542547564,0.20000382507913134,0.49999521865108587,104573,0.30000095626978285
RIDGESTACK001,train,High Risk,31372,1438,0.0458370521484126,0.0217759505928953,0.03297540147726062,0.0644657329977048,0.5000047813489141,0.7999961749208687,104573,0.30000095626978285
RIDGESTACK001,train,Very High Risk,15686,2368,0.15096264184623231,0.0644675256406134,0.14883523974239105,0.3257589989037952,0.800005737618697,0.9499966530557601,104573,0.15000047813489142
RIDGESTACK001,train,Extreme Risk,5229,2688,0.5140562248995983,0.3257771675759693,0.5118194342381787,0.9098519318487526,0.9500062157535885,1.0,104573,0.050003346944239906
RIDGESTACK001,validation,Low Risk,8963,46,0.005132210197478523,0.0157747715780453,0.018214953897830052,0.0186111667013117,2.2312961599393088e-05,0.19999107481536024,44817,0.19999107481536024
RIDGESTACK001,validation,Medium Risk,13445,175,0.013015991074748977,0.0186112072192209,0.01976878807648363,0.0217368251804925,0.20001338777695962,0.4999888435192003,44817,0.29999776870384004
RIDGESTACK001,validation,High Risk,13445,611,0.04544440312383786,0.0217372355761455,0.03300111442162428,0.0640291021847745,0.5000111564807997,0.7999866122230403,44817,0.29999776870384004
RIDGESTACK001,validation,Very High Risk,6723,1082,0.16094005652238583,0.0640424222205739,0.14934961760525603,0.3278956735129103,0.8000089251846397,0.9499966530557601,44817,0.15001004083271974
RIDGESTACK001,validation,Extreme Risk,2241,1089,0.4859437751004016,0.327962320258837,0.5117574516185123,0.8956610300437653,0.9500189660173595,1.0,44817,0.050003346944239906
RLOG001,train,Low Risk,20914,227,0.010853973414937363,1e-06,0.01412634647422222,0.0181870599778422,1.9125395656622646e-05,0.19999426238130302,104573,0.19999426238130302
RLOG001,train,Medium Risk,31372,646,0.020591610353181182,0.018187204764612,0.02371857759212713,0.0312010590911766,0.20000382507913134,0.49999521865108587,104573,0.30000095626978285
RLOG001,train,High Risk,31372,1826,0.05820476858345021,0.0312015056985676,0.058770796560831805,0.1148007227089383,0.5000047813489141,0.7999961749208687,104573,0.30000095626978285
RLOG001,train,Very High Risk,15686,2422,0.1544052020910366,0.1148017832273447,0.16788641893665493,0.2225245599760201,0.800005737618697,0.9499966530557601,104573,0.15000047813489142
RLOG001,train,Extreme Risk,5229,1885,0.36048957735704723,0.2225283789816409,0.30392766234151813,0.9101717734028216,0.9500062157535885,1.0,104573,0.050003346944239906
RLOG001,validation,Low Risk,8963,99,0.011045408903268994,2.6105522857526767e-05,0.014079563175405008,0.0180725677407414,2.2312961599393088e-05,0.19999107481536024,44817,0.19999107481536024
RLOG001,validation,Medium Risk,13445,263,0.01956117515805132,0.0180734706577259,0.02366653950465119,0.0312652044434781,0.20001338777695962,0.4999888435192003,44817,0.29999776870384004
RLOG001,validation,High Risk,13445,790,0.05875790256600967,0.0312669568958204,0.05911391863396795,0.1155666666052606,0.5000111564807997,0.7999866122230403,44817,0.29999776870384004
RLOG001,validation,Very High Risk,6723,1025,0.1524616986464376,0.115567090401324,0.16826269407009387,0.222293083587814,0.8000089251846397,0.9499966530557601,44817,0.15001004083271974
RLOG001,validation,Extreme Risk,2241,826,0.3685854529228023,0.2223178698941182,0.30328118524134345,0.7997261819604549,0.9500189660173595,1.0,44817,0.050003346944239906
RLOG002,train,Low Risk,20914,244,0.011666826049536196,1e-06,0.012095140537180221,0.0160987845903798,4.303214022740096e-05,0.19999426238130302,104573,0.19999426238130302
RLOG002,train,Medium Risk,31372,596,0.018997832462068088,0.0160994189862788,0.021847060763089413,0.0295534400178281,0.20000382507913134,0.49999521865108587,104573,0.30000095626978285
RLOG002,train,High Risk,31372,1935,0.061679204386076755,0.0295550723761441,0.05575370092042881,0.1079885511529579,0.5000047813489141,0.7999961749208687,104573,0.30000095626978285
RLOG002,train,Very High Risk,15686,2240,0.14280249904373327,0.1080017360258077,0.16124765269571245,0.2290106187835765,0.800005737618697,0.9499966530557601,104573,0.15000047813489142
RLOG002,train,Extreme Risk,5229,1991,0.3807611397972844,0.22904449007865,0.3440900082573011,0.9880892671115944,0.9500062157535885,1.0,104573,0.050003346944239906
RLOG002,validation,Low Risk,8963,111,0.01238424634608948,1e-06,0.01206060379928262,0.01601987156696,4.4625923198786177e-05,0.19999107481536024,44817,0.19999107481536024
RLOG002,validation,Medium Risk,13445,246,0.018296764596504277,0.0160198931653636,0.021790742808718417,0.0296261208186677,0.20001338777695962,0.4999888435192003,44817,0.29999776870384004
RLOG002,validation,High Risk,13445,802,0.05965042766827817,0.0296272817012165,0.056195965127342325,0.1095737037948564,0.5000111564807997,0.7999866122230403,44817,0.29999776870384004
RLOG002,validation,Very High Risk,6723,978,0.14547077197679606,0.1095960818742899,0.16204005331825402,0.2282110468955124,0.8000089251846397,0.9499966530557601,44817,0.15001004083271974
RLOG002,validation,Extreme Risk,2241,866,0.38643462739848283,0.2282975523727607,0.34246407247979266,0.8639135436032547,0.9500189660173595,1.0,44817,0.050003346944239906
RLOG003,train,Low Risk,20914,251,0.01200153007554748,1e-06,0.011728173238573317,0.0158815447617606,4.7813489141556616e-05,0.19999426238130302,104573,0.19999426238130302
RLOG003,train,Medium Risk,31372,589,0.018774703557312252,0.0158818484271725,0.021679666032405752,0.0294142782898221,0.20000382507913134,0.49999521865108587,104573,0.30000095626978285
RLOG003,train,High Risk,31372,1931,0.06155170215478771,0.029414615023788,0.05540017415963514,0.1070620409510812,0.5000047813489141,0.7999961749208687,104573,0.30000095626978285
RLOG003,train,Very High Risk,15686,2234,0.14241999234986613,0.1070635430418963,0.16052119446924326,0.2295975924381846,0.800005737618697,0.9499966530557601,104573,0.15000047813489142
RLOG003,train,Extreme Risk,5229,2001,0.38267355134825015,0.229600048158049,0.34913137162638286,0.9904896787035136,0.9500062157535885,1.0,104573,0.050003346944239906
RLOG003,validation,Low Risk,8963,112,0.012495816132991186,1e-06,0.011686140097561809,0.0158032471843253,4.4625923198786177e-05,0.19999107481536024,44817,0.19999107481536024
RLOG003,validation,Medium Risk,13445,247,0.018371141688359984,0.0158039079340951,0.021634269494477835,0.0294994382555689,0.20001338777695962,0.4999888435192003,44817,0.29999776870384004
RLOG003,validation,High Risk,13445,802,0.05965042766827817,0.0295000732694055,0.05586173543192271,0.1085435141912461,0.5000111564807997,0.7999866122230403,44817,0.29999776870384004
RLOG003,validation,Very High Risk,6723,978,0.14547077197679606,0.1085483745733662,0.16144262846719315,0.2297179066491172,0.8000089251846397,0.9499966530557601,44817,0.15001004083271974
RLOG003,validation,Extreme Risk,2241,864,0.3855421686746988,0.2298436887362626,0.34743554559418527,0.8850370195586597,0.9500189660173595,1.0,44817,0.050003346944239906
RLOG004,train,Low Risk,20914,253,0.01209715979726499,1e-06,0.011681562069184566,0.0158590575011827,4.7813489141556616e-05,0.19999426238130302,104573,0.19999426238130302
RLOG004,train,Medium Risk,31372,586,0.01867907688384547,0.0158592307569726,0.021668110679833565,0.0294113996463661,0.20000382507913134,0.49999521865108587,104573,0.30000095626978285
RLOG004,train,High Risk,31372,1931,0.06155170215478771,0.0294124089443724,0.05536252892366054,0.10700768560446,0.5000047813489141,0.7999961749208687,104573,0.30000095626978285
RLOG004,train,Very High Risk,15686,2235,0.14248374346551065,0.1070110362482452,0.16045181563397737,0.2296623963683904,0.800005737618697,0.9499966530557601,104573,0.15000047813489142
RLOG004,train,Extreme Risk,5229,2001,0.38267355134825015,0.2296653136911836,0.3496525228665081,0.9907076211771672,0.9500062157535885,1.0,104573,0.050003346944239906
RLOG004,validation,Low Risk,8963,111,0.01238424634608948,1e-06,0.011638606371756855,0.0157798617212867,4.4625923198786177e-05,0.19999107481536024,44817,0.19999107481536024
RLOG004,validation,Medium Risk,13445,248,0.018445518780215695,0.0157803849425955,0.021624280043539546,0.0294950430782225,0.20001338777695962,0.4999888435192003,44817,0.29999776870384004
RLOG004,validation,High Risk,13445,802,0.05965042766827817,0.029495043247799,0.055826308447647695,0.108445413760886,0.5000111564807997,0.7999866122230403,44817,0.29999776870384004
RLOG004,validation,Very High Risk,6723,977,0.1453220288561654,0.1084682457587504,0.16139232394037437,0.2299835390105541,0.8000089251846397,0.9499966530557601,44817,0.15001004083271974
RLOG004,validation,Extreme Risk,2241,865,0.3859883980365908,0.2300149461367664,0.347944494396995,0.8870023775334692,0.9500189660173595,1.0,44817,0.050003346944239906
RLOG005,train,Low Risk,20914,222,0.010614899110643589,1e-06,0.01440609382571102,0.0186560599837077,4.303214022740096e-05,0.19999426238130302,104573,0.19999426238130302
RLOG005,train,Medium Risk,31372,631,0.020113476985847253,0.0186565094007158,0.02477267653428536,0.0330675496964007,0.20000382507913134,0.49999521865108587,104573,0.30000095626978285
RLOG005,train,High Risk,31372,1869,0.05957541756980747,0.0330687600542557,0.06181716916328965,0.1181964140226783,0.5000047813489141,0.7999961749208687,104573,0.30000095626978285
RLOG005,train,Very High Risk,15686,2382,0.15185515746525563,0.1181997564157702,0.1699049780430061,0.2276869788720489,0.800005737618697,0.9499966530557601,104573,0.15000047813489142
RLOG005,train,Extreme Risk,5229,1902,0.36374067699368906,0.2276928991554929,0.3118329741654597,0.92771099297705,0.9500062157535885,1.0,104573,0.050003346944239906
RLOG005,validation,Low Risk,8963,98,0.010933839116367288,1e-06,0.014368991706815576,0.018538874961535,3.346944239908963e-05,0.19999107481536024,44817,0.19999107481536024
RLOG005,validation,Medium Risk,13445,257,0.01911491260691707,0.0185395276005118,0.024721442138723515,0.0330904654205062,0.20001338777695962,0.4999888435192003,44817,0.29999776870384004
RLOG005,validation,High Risk,13445,805,0.059873558943845294,0.0330936514607257,0.062226234380782015,0.1193062643275389,0.5000111564807997,0.7999866122230403,44817,0.29999776870384004
RLOG005,validation,Very High Risk,6723,1020,0.15171798304328424,0.119312397640925,0.17057585808519787,0.227470793510679,0.8000089251846397,0.9499966530557601,44817,0.15001004083271974
RLOG005,validation,Extreme Risk,2241,823,0.36724676483712626,0.2274907467624461,0.3104767960373399,0.845829566125211,0.9500189660173595,1.0,44817,0.050003346944239906
RLOG006,train,Low Risk,20914,242,0.011571196327818686,1e-06,0.012002883536133784,0.016152264534216,4.7813489141556616e-05,0.19999426238130302,104573,0.19999426238130302
RLOG006,train,Medium Risk,31372,595,0.018965956904245823,0.0161528488151739,0.021966911083215846,0.0297947632912251,0.20000382507913134,0.49999521865108587,104573,0.30000095626978285
RLOG006,train,High Risk,31372,1936,0.061711079943899017,0.0297949226566373,0.05628754215376011,0.108837706608093,0.5000047813489141,0.7999961749208687,104573,0.30000095626978285
RLOG006,train,Very High Risk,15686,2245,0.14312125462195588,0.1088470930974825,0.16207877182609023,0.2292027292407493,0.800005737618697,0.9499966530557601,104573,0.15000047813489142
RLOG006,train,Extreme Risk,5229,1988,0.38018741633199465,0.2292290799780426,0.34221601267107193,0.9860491319598148,0.9500062157535885,1.0,104573,0.050003346944239906
RLOG006,validation,Low Risk,8963,111,0.01238424634608948,1e-06,0.011963666091631167,0.016080584066326,4.4625923198786177e-05,0.19999107481536024,44817,0.19999107481536024
RLOG006,validation,Medium Risk,13445,244,0.018148010412792858,0.0160810907755674,0.021922412961730805,0.0298272760051414,0.20001338777695962,0.4999888435192003,44817,0.29999776870384004
RLOG006,validation,High Risk,13445,810,0.060245444403123835,0.0298299019524189,0.05673719035978282,0.1104580947871271,0.5000111564807997,0.7999866122230403,44817,0.29999776870384004
RLOG006,validation,Very High Risk,6723,974,0.1448757994942734,0.1104773849925559,0.16295585421246248,0.2286802187816667,0.8000089251846397,0.9499966530557601,44817,0.15001004083271974
RLOG006,validation,Extreme Risk,2241,864,0.3855421686746988,0.2287074251885303,0.3405249308113105,0.8541658771401438,0.9500189660173595,1.0,44817,0.050003346944239906
RLOG007,train,Low Risk,20914,252,0.012049344936406236,1e-06,0.011711909905291085,0.0158902564489714,4.7813489141556616e-05,0.19999426238130302,104573,0.19999426238130302
RLOG007,train,Medium Risk,31372,586,0.01867907688384547,0.0158903477507228,0.02169620714534867,0.0294430602733489,0.20000382507913134,0.49999521865108587,104573,0.30000095626978285
RLOG007,train,High Risk,31372,1933,0.06161545327043223,0.0294440166237437,0.055458531508911744,0.1072473083396919,0.5000047813489141,0.7999961749208687,104573,0.30000095626978285
RLOG007,train,Very High Risk,15686,2234,0.14241999234986613,0.1072487926630007,0.16062951645836748,0.2297473615337758,0.800005737618697,0.9499966530557601,104573,0.15000047813489142
RLOG007,train,Extreme Risk,5229,2001,0.38267355134825015,0.2297803542682905,0.3488472658129537,0.9902942136332044,0.9500062157535885,1.0,104573,0.050003346944239906
RLOG007,validation,Low Risk,8963,111,0.01238424634608948,1e-06,0.011669294199306388,0.0158138118897819,4.4625923198786177e-05,0.19999107481536024,44817,0.19999107481536024
RLOG007,validation,Medium Risk,13445,248,0.018445518780215695,0.0158161308008178,0.02165250614084574,0.0295183440888995,0.20001338777695962,0.4999888435192003,44817,0.29999776870384004
RLOG007,validation,High Risk,13445,802,0.05965042766827817,0.0295184040123836,0.05592113905024863,0.108659549264636,0.5000111564807997,0.7999866122230403,44817,0.29999776870384004
RLOG007,validation,Very High Risk,6723,975,0.14502454261490405,0.1086737400758792,0.1615608900859071,0.2297723137666608,0.8000089251846397,0.9499966530557601,44817,0.15001004083271974
RLOG007,validation,Extreme Risk,2241,867,0.3868808567603748,0.2298468610004139,0.3471466869840438,0.8839114596385632,0.9500189660173595,1.0,44817,0.050003346944239906
RLOG008,train,Low Risk,20914,253,0.01209715979726499,1e-06,0.011679777738059614,0.0158608000741322,4.7813489141556616e-05,0.19999426238130302,104573,0.19999426238130302
RLOG008,train,Medium Risk,31372,586,0.01867907688384547,0.015861080504863,0.021671618447249026,0.029413984733591,0.20000382507913134,0.49999521865108587,104573,0.30000095626978285
RLOG008,train,High Risk,31372,1931,0.06155170215478771,0.0294141163696558,0.055365315393656925,0.1070128338986963,0.5000047813489141,0.7999961749208687,104573,0.30000095626978285
RLOG008,train,Very High Risk,15686,2236,0.14254749458115518,0.1070337330226335,0.16045830869959293,0.2296839985012624,0.800005737618697,0.9499966530557601,104573,0.15000047813489142
RLOG008,train,Extreme Risk,5229,2000,0.38248231019315354,0.2296895801732167,0.349645604597773,0.9906986284314931,0.9500062157535885,1.0,104573,0.050003346944239906
RLOG008,validation,Low Risk,8963,112,0.012495816132991186,1e-06,0.011636756801263434,0.01577995064462,4.4625923198786177e-05,0.19999107481536024,44817,0.19999107481536024
RLOG008,validation,Medium Risk,13445,247,0.018371141688359984,0.0157813558810249,0.021627903041607586,0.0294934221078663,0.20001338777695962,0.4999888435192003,44817,0.29999776870384004
RLOG008,validation,High Risk,13445,802,0.05965042766827817,0.0294979756725301,0.055829135289093085,0.1084425933174253,0.5000111564807997,0.7999866122230403,44817,0.29999776870384004
RLOG008,validation,Very High Risk,6723,977,0.1453220288561654,0.1084499944269032,0.16140080506830728,0.2299801283426796,0.8000089251846397,0.9499966530557601,44817,0.15001004083271974
RLOG008,validation,Extreme Risk,2241,865,0.3859883980365908,0.2300038310394123,0.3479362346672738,0.8869083184709119,0.9500189660173595,1.0,44817,0.050003346944239906
T001,train,Medium Risk,77115,1725,0.02236918887375997,0.0223691888737599,0.0223691888737599,0.0223691888737599,0.368718502864028,0.368718502864028,104573,0.7374274430302277
T001,train,Very High Risk,22861,3092,0.13525217619526705,0.1086944641783704,0.13525217619526705,0.3471223021582734,0.8249261281592762,0.9480697694433554,104573,0.21861283505302517
T001,train,Extreme Risk,4597,2189,0.47618011746791383,0.4052631578947368,0.47618011746791383,0.6098514464425332,0.9678549912501315,0.9938894360877091,104573,0.04395972191674715
T001,validation,Medium Risk,32933,742,0.022530592414902986,0.0223691888737599,0.0223691888737599,0.0223691888737599,0.36742753865720595,0.36742753865720595,44817,0.7348327643528125
T001,validation,Very High Risk,9873,1337,0.13541983186468146,0.1086944641783704,0.13422291805473557,0.3471223021582734,0.8235267867104,0.9475310707990272,44817,0.22029586987080796
T001,validation,Extreme Risk,2011,924,0.4594728990551964,0.4052631578947368,0.47583913444512876,0.6098514464425332,0.9672668853336903,0.9937858401945691,44817,0.0448713657763795
T002,train,Medium Risk,58466,727,0.012434577361201382,0.0124345773612013,0.0124345773612013,0.0124345773612013,0.2795511269639391,0.2795511269639391,104573,0.5590926912300498
T002,train,High Risk,20288,944,0.04652996845425868,0.0407898396217669,0.04652996845425864,0.0560038734667527,0.6106738833159611,0.7234802482476356,104573,0.19400801354078012
T002,train,Very High Risk,20293,2769,0.1364509929532351,0.0908752674169844,0.13645099295323507,0.3282051282051282,0.8045097682958317,0.9462289501114054,104573,0.1940558270299217
T002,train,Extreme Risk,5526,2566,0.4643503438291712,0.3337637185280826,0.4643503438291712,0.6917510853835022,0.9545676226176929,0.9967008692492326,104573,0.05284346819924837
T002,validation,Medium Risk,25100,319,0.012709163346613546,0.0124345773612013,0.0124345773612013,0.0124345773612013,0.28003882455318296,0.28003882455318296,44817,0.5600553361447665
T002,validation,High Risk,8541,379,0.04437419505912656,0.0407898396217669,0.04646730285837123,0.0560038734667527,0.6106388200905907,0.722315192895553,44817,0.19057500502041635
T002,validation,Very High Risk,8773,1223,0.13940499259090391,0.0908752674169844,0.13560791343777445,0.3282051282051282,0.8027645759421648,0.9452328357542896,44817,0.19575161211147554
T002,validation,Extreme Risk,2403,1082,0.45027049521431545,0.3337637185280826,0.46532627512681096,0.6917510853835022,0.9540910815092487,0.9966865252024901,44817,0.05361804672334159
T003,train,Low Risk,30119,223,0.007403964275042332,0.0074039642750423,0.0074039642750423,0.0074039642750423,0.14401422929436852,0.14401422929436852,104573,0.28801889589090873
T003,train,Medium Risk,27032,432,0.01598105948505475,0.0159810594850547,0.0159810594850547,0.0159810594850547,0.4172731010872787,0.4172731010872787,104573,0.2584988476949117
T003,train,High Risk,28545,1497,0.05244351024697846,0.0217687074829931,0.052443510246978416,0.0756946247727863,0.550036816386639,0.7826637851070544,104573,0.2729672095091467
T003,train,Very High Risk,13811,2355,0.1705162551589313,0.0788381742738589,0.17051625515893126,0.3259911894273127,0.8206420395321928,0.9493894217436624,104573,0.1320704197068077
T003,train,Extreme Risk,5066,2499,0.49328859060402686,0.3282051282051282,0.49328859060402686,0.8,0.9524925171889493,0.9993353925009324,104573,0.04844462719822516
T003,validation,Low Risk,12960,120,0.009259259259259259,0.0074039642750423,0.0074039642750423,0.0074039642750423,0.1445991476448669,0.1445991476448669,44817,0.2891759823281344
T003,validation,Medium Risk,11574,176,0.015206497321582859,0.0159810594850547,0.0159810594850547,0.0159810594850547,0.41831224758462193,0.41831224758462193,44817,0.2582502175513756
T003,validation,High Risk,12119,607,0.05008664081194818,0.0217687074829931,0.052801603059651855,0.0756946247727863,0.5510074302162126,0.780440457861972,44817,0.2704107816230448
T003,validation,Very High Risk,5923,1040,0.17558669593111598,0.0788381742738589,0.16743363779163706,0.3259911894273127,0.8188745342169266,0.9480331124350135,44817,0.13215967155320527
T003,validation,Extreme Risk,2241,1060,0.47300312360553326,0.3282051282051282,0.4928677001247803,0.8,0.9511680835397283,0.999375237075217,44817,0.050003346944239906
T004,train,Medium Risk,58466,727,0.012434577361201382,0.0124345773612013,0.0124345773612013,0.0124345773612013,0.2795511269639391,0.2795511269639391,104573,0.5590926912300498
T004,train,High Risk,20623,972,0.047131843087814575,0.0407898396217669,0.04713184308781454,0.0835820895522388,0.6106738833159611,0.7547072380059863,104573,0.19721151731326442
T004,train,Very High Risk,19958,2741,0.13733841066239103,0.0908752674169844,0.13733841066239097,0.2823529411764706,0.8077132720683159,0.9459420691765561,104573,0.1908523232574374
T004,train,Extreme Risk,5526,2566,0.4643503438291712,0.3259943181818182,0.4643503438291712,0.7086419753086419,0.9538934524207969,0.9980683350386811,104573,0.05284346819924837
T004,validation,Medium Risk,25100,319,0.012709163346613546,0.0124345773612013,0.0124345773612013,0.0124345773612013,0.28003882455318296,0.28003882455318296,44817,0.5600553361447665
T004,validation,High Risk,8686,390,0.044899838821091415,0.0407898396217669,0.04708687965673766,0.0835820895522388,0.6106388200905907,0.7522591873619385,44817,0.19381038445232837
T004,validation,Very High Risk,8628,1212,0.1404728789986092,0.0908752674169844,0.13589900710889946,0.2823529411764706,0.8059999553740768,0.9452328357542896,44817,0.19251623267956355
T004,validation,Extreme Risk,2403,1082,0.45027049521431545,0.3259943181818182,0.4648785091495709,0.7086419753086419,0.9533547537764687,0.9980699288216525,44817,0.05361804672334159
T005,train,Low Risk,30119,223,0.007403964275042332,0.0074039642750423,0.0074039642750423,0.0074039642750423,0.14401422929436852,0.14401422929436852,104573,0.28801889589090873
T005,train,Medium Risk,27032,432,0.01598105948505475,0.0159810594850547,0.0159810594850547,0.0159810594850547,0.4172731010872787,0.4172731010872787,104573,0.2584988476949117
T005,train,High Risk,27474,1434,0.05219480235859358,0.0193050193050193,0.052194802358593535,0.0756946247727863,0.547760894303501,0.772422135732933,104573,0.2627255601350253
T005,train,Very High Risk,14612,2360,0.1615110867779907,0.0835820895522388,0.16151108677799067,0.3226600985221675,0.810849836956002,0.9470369980778978,104573,0.13973014066728506
T005,train,Extreme Risk,5336,2557,0.47919790104947524,0.3272727272727272,0.47919790104947524,0.7086419753086419,0.9505560708787163,0.9980683350386811,104573,0.05102655561186922
T005,validation,Low Risk,12960,120,0.009259259259259259,0.0074039642750423,0.0074039642750423,0.0074039642750423,0.1445991476448669,0.1445991476448669,44817,0.2891759823281344
T005,validation,Medium Risk,11574,176,0.015206497321582859,0.0159810594850547,0.0159810594850547,0.0159810594850547,0.41831224758462193,0.41831224758462193,44817,0.2582502175513756
T005,validation,High Risk,11704,580,0.04955570745044429,0.0193050193050193,0.05267580894910522,0.0756946247727863,0.5484414396322824,0.7711805787982239,44817,0.2611509025592967
T005,validation,Very High Risk,6398,1100,0.17192872772741483,0.0835820895522388,0.16332677598044673,0.3272727272727272,0.8102059486355624,0.9499743400941607,44817,0.14275832831291696
T005,validation,Extreme Risk,2181,1027,0.47088491517652453,0.3280757097791798,0.49028330729298897,0.7086419753086419,0.9543142111252426,0.9980699288216525,44817,0.04866456924827632
T006,train,Medium Risk,52678,590,0.011200121492843312,0.1362496469705791,0.1362496469705791,0.1362496469705791,0.2518766794488061,0.2518766794488061,104573,0.5037437961997839
T006,train,High Risk,36755,2055,0.05591076044075636,0.3045732057290033,0.4324936340574317,0.5621130030654401,0.5656909527315847,0.7912654318036204,104573,0.3514769586795827
T006,train,Very High Risk,10094,1946,0.1927877947295423,0.6453621660279227,0.7508605251044129,0.859587140060036,0.8621345854092356,0.9470226540311553,104573,0.09652587187897449
T006,train,Extreme Risk,5046,2415,0.47859690844233055,0.8675039605392666,0.9214168255250832,0.9664640203642804,0.9526933338433439,0.9964092069654691,104573,0.04825337324165894
T006,validation,Medium Risk,22654,267,0.011785998057738148,0.1362496469705791,0.1362496469705791,0.1362496469705791,0.2527500725171252,0.2527500725171252,44817,0.505477832072651
T006,validation,High Risk,15667,847,0.05406267951745707,0.3045732057290033,0.433823110036224,0.5621130030654401,0.5664591561237923,0.7903697257737019,44817,0.3495771693776915
T006,validation,Very High Risk,4338,866,0.1996311664361457,0.6453621660279227,0.7501552050066447,0.859587140060036,0.862462904701341,0.9471629069326372,44817,0.09679362741816722
T006,validation,Extreme Risk,2158,1023,0.47405004633920295,0.8675039605392666,0.9226156301673628,0.9664640203642804,0.9526742084476872,0.9964299261440971,44817,0.04815137113149028
T007,train,Low Risk,24433,152,0.006221094421479147,0.080187919653264,0.080187919653264,0.080187919653264,0.11682747936847944,0.11682747936847944,104573,0.23364539603913057
T007,train,Medium Risk,27778,392,0.01411188710490316,0.1097189188581328,0.16617459193282338,0.1830731905154668,0.2347403249404722,0.4971694414428198,104573,0.2656326202748319
T007,train,High Risk,31500,1484,0.04711111111111111,0.2061871205531314,0.388263244929902,0.5771005418820788,0.5026775553919272,0.7963288803037113,104573,0.30122498159180666
T007,train,Very High Risk,15602,2421,0.15517241379310345,0.5893878489254897,0.6903702740434297,0.8671977231625422,0.8279861914643359,0.9482371166553508,104573,0.14919721151731327
T007,train,Extreme Risk,5260,2557,0.48612167300380227,0.867503960539266,0.9228219614698521,0.9823648162225568,0.9506469165080853,0.9993353925009324,104573,0.05029979057691756
T007,validation,Low Risk,10491,90,0.008578781812982557,0.080187919653264,0.080187919653264,0.080187919653264,0.11705379655041613,0.11705379655041613,44817,0.23408528013923288
T007,validation,Medium Risk,11932,171,0.014331210191082803,0.1097189188581328,0.16623451443206388,0.1830731905154668,0.2350224245264074,0.4983042149184461,44817,0.2662382578039583
T007,validation,High Risk,13429,608,0.0452751507930598,0.2061871205531314,0.3904929320800703,0.5771005418820788,0.5037039516254993,0.7954236115759645,44817,0.2996407613182498
T007,validation,Very High Risk,6706,1087,0.16209364747986876,0.5893878489254897,0.6907298530938362,0.8671977231625422,0.8275208068366914,0.9478880781846174,44817,0.14963072048553006
T007,validation,Extreme Risk,2259,1047,0.4634794156706507,0.867503960539266,0.9235940914475524,0.9823648162225568,0.9504205993261485,0.999375237075217,44817,0.05040498025302898
WASTACK001,train,Low Risk,20914,106,0.0050683752510280195,0.0036759411221824,0.007283149407162108,0.0095652236757523,9.562697828311323e-06,0.19999426238130302,104573,0.19999426238130302
WASTACK001,train,Medium Risk,31372,429,0.01367461430575035,0.0095665218362612,0.015182690883553847,0.0240332425339013,0.20000382507913134,0.49999521865108587,104573,0.30000095626978285
WASTACK001,train,High Risk,31372,1466,0.04672956776743593,0.024033429771234,0.058795560634819596,0.1308448320594372,0.5000047813489141,0.7999961749208687,104573,0.30000095626978285
WASTACK001,train,Very High Risk,15686,2444,0.1558077266352161,0.1308479026204955,0.24379900641877914,0.4378886361900693,0.800005737618697,0.9499966530557601,104573,0.15000047813489142
WASTACK001,train,Extreme Risk,5229,2561,0.48976859820233315,0.4378910135152695,0.5634343995873606,0.8948643596858133,0.9500062157535885,1.0,104573,0.050003346944239906
WASTACK001,validation,Low Risk,8963,48,0.0053553497712819365,0.0036528152140372,0.00726013885180382,0.009591359240044,2.2312961599393088e-05,0.19999107481536024,44817,0.19999107481536024
WASTACK001,validation,Medium Risk,13445,178,0.013239122350316103,0.0095926294045578,0.015172706351939824,0.0239130472260523,0.20001338777695962,0.4999888435192003,44817,0.29999776870384004
WASTACK001,validation,High Risk,13445,605,0.044998140572703606,0.0239132012143872,0.059107234893525235,0.1304446740105437,0.5000111564807997,0.7999866122230403,44817,0.29999776870384004
WASTACK001,validation,Very High Risk,6723,1086,0.16153502900490851,0.1304662450169521,0.24416790665915775,0.4382612419922538,0.8000089251846397,0.9499966530557601,44817,0.15001004083271974
WASTACK001,validation,Extreme Risk,2241,1086,0.48460508701472554,0.4383404844774105,0.5636551629884587,0.8921165374280126,0.9500189660173595,1.0,44817,0.050003346944239906
WASTACK002,train,Low Risk,20914,106,0.0050683752510280195,0.0036707356189949,0.007251966524686754,0.0095263421552796,9.562697828311323e-06,0.19999426238130302,104573,0.19999426238130302
WASTACK002,train,Medium Risk,31372,428,0.013642738747928089,0.0095263556197795,0.015134170403009373,0.0239780828682454,0.20000382507913134,0.49999521865108587,104573,0.30000095626978285
WASTACK002,train,High Risk,31372,1467,0.046761443325258195,0.023978944867656,0.05869298901820225,0.1306341051511566,0.5000047813489141,0.7999961749208687,104573,0.30000095626978285
WASTACK002,train,Very High Risk,15686,2444,0.1558077266352161,0.1306506291160352,0.24470620643248264,0.4406219546181235,0.800005737618697,0.9499966530557601,104573,0.15000047813489142
WASTACK002,train,Extreme Risk,5229,2561,0.48976859820233315,0.4406391245632612,0.5657778355026654,0.8948725776778572,0.9500062157535885,1.0,104573,0.050003346944239906
WASTACK002,validation,Low Risk,8963,48,0.0053553497712819365,0.003651410875834,0.00722902965898601,0.0095535563308744,2.2312961599393088e-05,0.19999107481536024,44817,0.19999107481536024
WASTACK002,validation,Medium Risk,13445,178,0.013239122350316103,0.0095537769188966,0.015124469660784425,0.0238552589637518,0.20001338777695962,0.4999888435192003,44817,0.29999776870384004
WASTACK002,validation,High Risk,13445,605,0.044998140572703606,0.0238555800298922,0.059001641710006755,0.1301770822487952,0.5000111564807997,0.7999866122230403,44817,0.29999776870384004
WASTACK002,validation,Very High Risk,6723,1085,0.16138628588427786,0.1302504331021633,0.24507935951186385,0.4408245002348858,0.8000089251846397,0.9499966530557601,44817,0.15001004083271974
WASTACK002,validation,Extreme Risk,2241,1087,0.4850513163766176,0.4409118099847501,0.5660012152301542,0.892480454639246,0.9500189660173595,1.0,44817,0.050003346944239906
WASTACK003,train,Low Risk,20914,106,0.0050683752510280195,0.0045466995974107,0.00869590871523385,0.011148267512018,9.562697828311323e-06,0.19999426238130302,104573,0.19999426238130302
WASTACK003,train,Medium Risk,31372,403,0.012845849802371542,0.01114828965833,0.016345461798777706,0.023753499281369,0.20000382507913134,0.49999521865108587,104573,0.30000095626978285
WASTACK003,train,High Risk,31372,1473,0.04695269667219176,0.0237536280906446,0.052029940341936094,0.1056657016135657,0.5000047813489141,0.7999961749208687,104573,0.30000095626978285
WASTACK003,train,Very High Risk,15686,2455,0.15650898890730588,0.1056681405639776,0.17496282902863483,0.3213464318383408,0.800005737618697,0.949991871706846,104573,0.15000047813489142
WASTACK003,train,Extreme Risk,5229,2569,0.49129852744310576,0.3213498747359011,0.47244902487502777,0.8645443411765319,0.9500062157535885,1.0,104573,0.050003346944239906
WASTACK003,validation,Low Risk,8963,53,0.005913198705790472,0.0042634299076727,0.008672249744445326,0.0111325389690268,2.2312961599393088e-05,0.19999107481536024,44817,0.19999107481536024
WASTACK003,validation,Medium Risk,13445,168,0.012495351431759017,0.0111336048341836,0.01630795414253376,0.0237985289183866,0.20001338777695962,0.4999888435192003,44817,0.29999776870384004
WASTACK003,validation,High Risk,13445,604,0.0449237634808479,0.0238020960130495,0.05239179449493095,0.1062575679172413,0.5000111564807997,0.7999866122230403,44817,0.29999776870384004
WASTACK003,validation,Very High Risk,6723,1088,0.16183251524616987,0.1062639010972009,0.1752782110303003,0.3219788340400895,0.8000089251846397,0.9499966530557601,44817,0.15001004083271974
WASTACK003,validation,Extreme Risk,2241,1090,0.48639000446229363,0.322122174407232,0.4729772782342908,0.8607437315105746,0.9500189660173595,1.0,44817,0.050003346944239906
WASTACK004,train,Low Risk,20914,99,0.004733671225016735,0.0038110229121379,0.007378206175099376,0.0096535937507232,9.562697828311323e-06,0.19999426238130302,104573,0.19999426238130302
WASTACK004,train,Medium Risk,31372,381,0.01214458753028178,0.0096541411643839,0.014395072370400604,0.0214665545475924,0.20000382507913134,0.49999521865108587,104573,0.30000095626978285
WASTACK004,train,High Risk,31372,1365,0.04351013642738748,0.0214665640273962,0.044039521014097686,0.082645577233779,0.5000047813489141,0.7999961749208687,104573,0.30000095626978285
WASTACK004,train,Very High Risk,15686,2484,0.15835777126099707,0.0826552447225883,0.15376939045523672,0.3241742223261394,0.800005737618697,0.9499966530557601,104573,0.15000047813489142
WASTACK004,train,Extreme Risk,5229,2677,0.5119525721935361,0.3241751398836896,0.49734956125996915,0.9273091713581582,0.9500062157535885,1.0,104573,0.050003346944239906
WASTACK004,validation,Low Risk,8963,43,0.004797500836773402,0.0039107210056367,0.007377824440612816,0.0096499402843495,2.2312961599393088e-05,0.19999107481536024,44817,0.19999107481536024
WASTACK004,validation,Medium Risk,13445,178,0.013239122350316103,0.0096504806773232,0.01436399387698722,0.0213806675449008,0.20001338777695962,0.4999888435192003,44817,0.29999776870384004
WASTACK004,validation,High Risk,13445,570,0.04239494235775381,0.0213832952182766,0.04429458414451238,0.0825486172265793,0.5000111564807997,0.7999866122230403,44817,0.29999776870384004
WASTACK004,validation,Very High Risk,6723,1117,0.1661460657444593,0.0825595306886394,0.15423894581123562,0.3258300387381348,0.8000089251846397,0.9499966530557601,44817,0.15001004083271974
WASTACK004,validation,Extreme Risk,2241,1095,0.4886211512717537,0.3258441130630329,0.49820866798131797,0.9273956974963912,0.9500189660173595,1.0,44817,0.050003346944239906
WGNB001,train,Low Risk,20929,170,0.00812270055903292,1e-06,8.572868434676181e-05,0.0002121320059735,0.011656928652711503,0.19933921758006368,104573,0.20013770284872767
WGNB001,train,Medium Risk,31362,479,0.015273260633888145,0.0002128922707413,0.0007650904275419742,0.0016761255272418,0.2018589884578237,0.49998565595325756,104573,0.2999053292914997
WGNB001,train,High Risk,31368,1426,0.045460341749553684,0.0016785515050625,0.007385779779254105,0.0250287896418382,0.5003251317261626,0.7999722681762979,104573,0.2999627054784696
WGNB001,train,Very High Risk,15685,2477,0.1579215811284667,0.025039682478421,0.4002563275681051,0.9997940074418816,0.8000200816654395,0.9499966530557601,104573,0.1499909154370631
WGNB001,train,Extreme Risk,5229,2454,0.46930579460699945,0.999794903411721,0.9999828496681696,0.999999,0.9500062157535885,0.9828397387470953,104573,0.050003346944239906
WGNB001,validation,Low Risk,8928,71,0.007952508960573477,1e-06,8.53511499972837e-05,0.0002121320059735,0.011725461320481068,0.19840685454180335,44817,0.1992101211593815
WGNB001,validation,Medium Risk,13474,186,0.013804363960219682,0.0002128922707413,0.0007703539051779509,0.0016859050900649,0.20100631456813262,0.4998549657496039,44817,0.30064484459022245
WGNB001,validation,High Risk,13424,609,0.045366507747318235,0.0016891156814546,0.007438963619205501,0.0254162570488569,0.5000111564807997,0.7993841622598568,44817,0.2995291965102528
WGNB001,validation,Very High Risk,6750,1080,0.16,0.0255065435803575,0.40111888912022065,0.9998650647510074,0.8021955954213803,0.9499854965749603,44817,0.15061249079590333
WGNB001,validation,Extreme Risk,2241,1057,0.4716644355198572,0.9998657043204124,0.9999882948512723,0.999999,0.9500189660173595,0.9827297677220698,44817,0.050003346944239906
WGNB002,train,Low Risk,20929,170,0.00812270055903292,1e-06,8.572867985670198e-05,0.0002121319589032,0.011656928652711503,0.19933921758006368,104573,0.20013770284872767
WGNB002,train,Medium Risk,31362,479,0.015273260633888145,0.0002128922858675,0.0007650904595802259,0.0016761257417452,0.2018589884578237,0.49998565595325756,104573,0.2999053292914997
WGNB002,train,High Risk,31368,1426,0.045460341749553684,0.0016785516615469,0.007385780249460076,0.025028792892492,0.5003251317261626,0.7999722681762979,104573,0.2999627054784696
WGNB002,train,Very High Risk,15685,2477,0.1579215811284667,0.0250396848943606,0.40025633255370385,0.9997940074750368,0.8000200816654395,0.9499966530557601,104573,0.1499909154370631
WGNB002,train,Extreme Risk,5229,2454,0.46930579460699945,0.9997949034471448,0.999982849669722,0.999999,0.9500062157535885,0.9828397387470953,104573,0.050003346944239906
WGNB002,validation,Low Risk,8928,71,0.007952508960573477,1e-06,8.535114518261379e-05,0.0002121319589032,0.011725461320481068,0.19840685454180335,44817,0.1992101211593815
WGNB002,validation,Medium Risk,13474,186,0.013804363960219682,0.0002128922858675,0.0007703539359910686,0.0016859052364075,0.20100631456813262,0.4998549657496039,44817,0.30064484459022245
WGNB002,validation,High Risk,13424,609,0.045366507747318235,0.0016891158629268,0.007438964113385826,0.0254162597332771,0.5000111564807997,0.7993841622598568,44817,0.2995291965102528
WGNB002,validation,Very High Risk,6750,1080,0.16,0.0255065457674126,0.40111889421597835,0.999865064730623,0.8021955954213803,0.9499854965749603,44817,0.15061249079590333
WGNB002,validation,Extreme Risk,2241,1057,0.4716644355198572,0.9998657043023244,0.9999882948527015,0.999999,0.9500189660173595,0.9827297677220698,44817,0.050003346944239906
WGNB003,train,Low Risk,20929,170,0.00812270055903292,1e-06,8.572867989715273e-05,0.0002121319593273,0.011656928652711503,0.19933921758006368,104573,0.20013770284872767
WGNB003,train,Medium Risk,31362,479,0.015273260633888145,0.0002128922857312,0.0007650904592915956,0.0016761257398127,0.2018589884578237,0.49998565595325756,104573,0.2999053292914997
WGNB003,train,High Risk,31368,1426,0.045460341749553684,0.0016785516601372,0.007385780245223977,0.0250287928632068,0.5003251317261626,0.7999722681762979,104573,0.2999627054784696
WGNB003,train,Very High Risk,15685,2477,0.1579215811284667,0.0250396848725954,0.40025633250878845,0.9997940074747372,0.8000200816654395,0.9499966530557601,104573,0.1499909154370631
WGNB003,train,Extreme Risk,5229,2454,0.46930579460699945,0.999794903446826,0.9999828496697081,0.999999,0.9500062157535885,0.9828397387470953,104573,0.050003346944239906
WGNB003,validation,Low Risk,8928,71,0.007952508960573477,1e-06,8.535114522598901e-05,0.0002121319593273,0.011725461320481068,0.19840685454180335,44817,0.1992101211593815
WGNB003,validation,Medium Risk,13474,186,0.013804363960219682,0.0002128922857312,0.0007703539357134758,0.0016859052350891,0.20100631456813262,0.4998549657496039,44817,0.30064484459022245
WGNB003,validation,High Risk,13424,609,0.045366507747318235,0.0016891158612919,0.007438964108933742,0.025416259709093,0.5000111564807997,0.7993841622598568,44817,0.2995291965102528
WGNB003,validation,Very High Risk,6750,1080,0.16,0.0255065457477093,0.4011188941700705,0.9998650647308076,0.8021955954213803,0.9499854965749603,44817,0.15061249079590333
WGNB003,validation,Extreme Risk,2241,1057,0.4716644355198572,0.999865704302488,0.9999882948526885,0.999999,0.9500189660173595,0.9827297677220698,44817,0.050003346944239906
WGNB004,train,Low Risk,20929,170,0.00812270055903292,1e-06,8.572868030166139e-05,0.0002121319635678,0.011656928652711503,0.19933921758006368,104573,0.20013770284872767
WGNB004,train,Medium Risk,31362,479,0.015273260633888145,0.0002128922843685,0.0007650904564052635,0.0016761257204881,0.2018589884578237,0.49998565595325756,104573,0.2999053292914997
WGNB004,train,High Risk,31368,1426,0.045460341749553684,0.0016785516460395,0.00738578020286304,0.0250287925703551,0.5003251317261626,0.7999722681762979,104573,0.2999627054784696
WGNB004,train,Very High Risk,15685,2477,0.1579215811284667,0.0250396846549432,0.4002563320596353,0.9997940074717512,0.8000200816654395,0.9499966530557601,104573,0.1499909154370631
WGNB004,train,Extreme Risk,5229,2454,0.46930579460699945,0.9997949034436346,0.9999828496695681,0.999999,0.9500062157535885,0.9828397387470953,104573,0.050003346944239906
WGNB004,validation,Low Risk,8928,71,0.007952508960573477,1e-06,8.535114565974169e-05,0.0002121319635678,0.011725461320481068,0.19840685454180335,44817,0.1992101211593815
WGNB004,validation,Medium Risk,13474,186,0.013804363960219682,0.0002128922843685,0.0007703539329375152,0.001685905221905,0.20100631456813262,0.4998549657496039,44817,0.30064484459022245
WGNB004,validation,High Risk,13424,609,0.045366507747318235,0.0016891158449431,0.007438964064412955,0.0254162594672533,0.5000111564807997,0.7993841622598568,44817,0.2995291965102528
WGNB004,validation,Very High Risk,6750,1080,0.16,0.0255065455506773,0.40111889371099313,0.999865064732644,0.8021955954213803,0.9499854965749603,44817,0.15061249079590333
WGNB004,validation,Extreme Risk,2241,1057,0.4716644355198572,0.9998657043041184,0.9999882948525598,0.999999,0.9500189660173595,0.9827297677220698,44817,0.050003346944239906
WGNB005,train,Low Risk,20929,170,0.00812270055903292,1e-06,8.572868434676181e-05,0.0002121320059735,0.011656928652711503,0.19933921758006368,104573,0.20013770284872767
WGNB005,train,Medium Risk,31362,479,0.015273260633888145,0.0002128922707413,0.0007650904275419742,0.0016761255272418,0.2018589884578237,0.49998565595325756,104573,0.2999053292914997
WGNB005,train,High Risk,31368,1426,0.045460341749553684,0.0016785515050625,0.007385779779254105,0.0250287896418382,0.5003251317261626,0.7999722681762979,104573,0.2999627054784696
WGNB005,train,Very High Risk,15685,2477,0.1579215811284667,0.025039682478421,0.4002563275681051,0.9997940074418816,0.8000200816654395,0.9499966530557601,104573,0.1499909154370631
WGNB005,train,Extreme Risk,5229,2454,0.46930579460699945,0.999794903411721,0.9999828496681696,0.999999,0.9500062157535885,0.9828397387470953,104573,0.050003346944239906
WGNB005,validation,Low Risk,8928,71,0.007952508960573477,1e-06,8.53511499972837e-05,0.0002121320059735,0.011725461320481068,0.19840685454180335,44817,0.1992101211593815
WGNB005,validation,Medium Risk,13474,186,0.013804363960219682,0.0002128922707413,0.0007703539051779509,0.0016859050900649,0.20100631456813262,0.4998549657496039,44817,0.30064484459022245
WGNB005,validation,High Risk,13424,609,0.045366507747318235,0.0016891156814546,0.007438963619205501,0.0254162570488569,0.5000111564807997,0.7993841622598568,44817,0.2995291965102528
WGNB005,validation,Very High Risk,6750,1080,0.16,0.0255065435803575,0.40111888912022065,0.9998650647510074,0.8021955954213803,0.9499854965749603,44817,0.15061249079590333
WGNB005,validation,Extreme Risk,2241,1057,0.4716644355198572,0.9998657043204124,0.9999882948512723,0.999999,0.9500189660173595,0.9827297677220698,44817,0.050003346944239906
WGNB006,train,Low Risk,20929,170,0.00812270055903292,1e-06,8.572872479794885e-05,0.0002121324300303,0.011656928652711503,0.19933921758006368,104573,0.20013770284872767
WGNB006,train,Medium Risk,31362,479,0.015273260633888145,0.0002128921344706,0.0007650901389111639,0.0016761235947832,0.2018589884578237,0.49998565595325756,104573,0.2999053292914997
WGNB006,train,High Risk,31368,1426,0.045460341749553684,0.0016785500952972,0.007385775543206279,0.0250287603567437,0.5003251317261626,0.7999722681762979,104573,0.2999627054784696
WGNB006,train,Very High Risk,15685,2477,0.1579215811284667,0.0250396607132621,0.40025628265292584,0.9997940071431928,0.8000200816654395,0.9499966530557601,104573,0.1499909154370631
WGNB006,train,Extreme Risk,5229,2454,0.46930579460699945,0.9997949030925868,0.9999828496541849,0.999999,0.9500062157535885,0.9828397387470953,104573,0.050003346944239906
WGNB006,validation,Low Risk,8928,71,0.007952508960573477,1e-06,8.535119337296448e-05,0.0002121324300303,0.011725461320481068,0.19840685454180335,44817,0.1992101211593815
WGNB006,validation,Medium Risk,13474,186,0.013804363960219682,0.0002128921344706,0.0007703536275848712,0.0016859037716673,0.20100631456813262,0.4998549657496039,44817,0.30064484459022245
WGNB006,validation,High Risk,13424,609,0.045366507747318235,0.0016891140465749,0.007438959167170661,0.0254162328649587,0.5000111564807997,0.7993841622598568,44817,0.2995291965102528
WGNB006,validation,Very High Risk,6750,1080,0.16,0.0255065238772194,0.4011188432126126,0.9998650649346384,0.8021955954213803,0.9499854965749603,44817,0.15061249079590333
WGNB006,validation,Extreme Risk,2241,1057,0.4716644355198572,0.9998657044833552,0.9999882948383976,0.999999,0.9500189660173595,0.9827297677220698,44817,0.050003346944239906
WGNB007,train,Low Risk,20929,170,0.00812270055903292,1e-06,8.572912932677625e-05,0.0002121366705818,0.011656928652711503,0.19933921758006368,104573,0.20013770284872767
WGNB007,train,Medium Risk,31362,479,0.015273260633888145,0.0002128907718128,0.0007650872528127908,0.0016761042706957,0.2018589884578237,0.49998565595325756,104573,0.2999053292914997
WGNB007,train,High Risk,31368,1426,0.045460341749553684,0.0016785359980776,0.007385733186891084,0.0250284675131772,0.5003251317261626,0.7999722681762979,104573,0.2999627054784696
WGNB007,train,Very High Risk,15685,2477,0.1579215811284667,0.0250394430679342,0.4002558335135493,0.9997940041563232,0.8000200816654395,0.9499966530557601,104573,0.1499909154370631
WGNB007,train,Extreme Risk,5229,2454,0.46930579460699945,0.999794899901264,0.9999828495143147,0.999999,0.9500062157535885,0.9828397387470953,104573,0.050003346944239906
WGNB007,validation,Low Risk,8928,71,0.007952508960573477,1e-06,8.53516271542752e-05,0.0002121762861594,0.011725461320481068,0.1992101211593815,44817,0.1992101211593815
WGNB007,validation,Medium Risk,13474,186,0.013804363960219682,0.0002128907718128,0.0007703508519117439,0.0016858905881085,0.20100631456813262,0.4998549657496039,44817,0.30064484459022245
WGNB007,validation,High Risk,13424,609,0.045366507747318235,0.001689097698238,0.007438914650803636,0.0254159910325839,0.5000111564807997,0.7993841622598568,44817,0.2995291965102528
WGNB007,validation,Very High Risk,6750,1080,0.16,0.0255063268519401,0.40111838414830336,0.9998650667709092,0.8021955954213803,0.9499854965749603,44817,0.15061249079590333
WGNB007,validation,Extreme Risk,2241,1057,0.4716644355198572,0.9998657061127378,0.9999882947096476,0.999999,0.9500189660173595,0.9827297677220698,44817,0.050003346944239906
WGNB008,train,Low Risk,20929,170,0.00812270055903292,1e-06,8.57331763172076e-05,0.0002121790744587,0.011656928652711503,0.19933921758006368,104573,0.20013770284872767
WGNB008,train,Medium Risk,31362,479,0.015273260633888145,0.0002128771502104,0.0007650584128053742,0.0016759110796285,0.2018589884578237,0.49998565595325756,104573,0.2999053292914997
WGNB008,train,High Risk,31368,1426,0.045460341749553684,0.0016783950691405,0.007385310040277923,0.0250255398151424,0.5003251317261626,0.7999722681762979,104573,0.2999627054784696
WGNB008,train,Very High Risk,15685,2477,0.1579215811284667,0.0250372672405646,0.4002513433625286,0.999793974289852,0.8000200816654395,0.9499966530557601,104573,0.1499909154370631
WGNB008,train,Extreme Risk,5229,2454,0.46930579460699945,0.9997948679898484,0.9999828481134166,0.999999,0.9500062157535885,0.9828397387470953,104573,0.050003346944239906
WGNB008,validation,Low Risk,8927,71,0.007953399798364512,1e-06,8.534162703834132e-05,0.0002121790744587,0.011725461320481068,0.19838454158020394,44817,0.1991878081977821
WGNB008,validation,Medium Risk,13475,186,0.013803339517625232,0.0002128771502104,0.0007702817888224458,0.0016857587941696,0.20098400160653324,0.4998549657496039,44817,0.30066715755182183
WGNB008,validation,High Risk,13424,609,0.045366507747318235,0.001688934260963,0.007438469885477377,0.0254135733693981,0.5000111564807997,0.7993841622598568,44817,0.2995291965102528
WGNB008,validation,Very High Risk,6750,1080,0.16,0.0255043572089977,0.401113794681134,0.9998650851282735,0.8021955954213803,0.9499854965749603,44817,0.15061249079590333
WGNB008,validation,Extreme Risk,2241,1057,0.4716644355198572,0.9998657224015668,0.999988293422028,0.999999,0.9500189660173595,0.9827297677220698,44817,0.050003346944239906
WGNB009,train,Low Risk,20929,170,0.00812270055903292,1e-06,8.577381927999411e-05,0.0002126029489968,0.011652147303797347,0.19933921758006368,104573,0.20013770284872767
WGNB009,train,Medium Risk,31362,479,0.015273260633888145,0.0002127414300777,0.0007647721126068637,0.0016739841337182,0.2018589884578237,0.49998565595325756,104573,0.2999053292914997
WGNB009,train,High Risk,31367,1423,0.045366149137628715,0.0016769900913963,0.007380433530843541,0.0250191673631804,0.5003251317261626,0.7999961749208687,104573,0.2999531427806413
WGNB009,train,Very High Risk,15686,2480,0.15810276679841898,0.0250334969947229,0.40018289787149475,0.9997936758467132,0.8000248630143536,0.9499966530557601,104573,0.15000047813489142
WGNB009,train,Extreme Risk,5229,2454,0.46930579460699945,0.9997945490561766,0.9999828338900548,0.999999,0.9500062157535885,0.9828540827938378,104573,0.050003346944239906
WGNB009,validation,Low Risk,8927,71,0.007953399798364512,1e-06,8.538391227169327e-05,0.0002126029489968,0.011714304839681371,0.19838454158020394,44817,0.1991878081977821
WGNB009,validation,Medium Risk,13487,186,0.013791058055905686,0.0002127414300777,0.0007708231315228818,0.0016873044824197,0.20098400160653324,0.4999888435192003,44817,0.30093491309101456
WGNB009,validation,High Risk,13410,607,0.04526472781506338,0.001689901841827,0.007436399603587603,0.0254843388464781,0.5001561907311958,0.799339536336658,44817,0.2992168150478613
WGNB009,validation,Very High Risk,6752,1082,0.16024881516587677,0.0254847215597032,0.4009569919449261,0.9998652681702735,0.8021509694981815,0.9499854965749603,44817,0.15065711671910212
WGNB009,validation,Extreme Risk,2241,1057,0.4716644355198572,0.9998658847905126,0.9999882805342618,0.999999,0.9500189660173595,0.9827297677220698,44817,0.050003346944239906
WGNB010,train,Low Risk,21041,169,0.008031937645549166,1e-06,8.681066209589043e-05,0.0002114321868443,0.01140829850917541,0.19949700209423082,104573,0.20120872500549855
WGNB010,train,Medium Risk,31237,478,0.015302365784166213,0.0002118210513237,0.0007635982589363967,0.0016630264787135,0.20149082459143375,0.49985655953257535,104573,0.2987099920629608
WGNB010,train,High Risk,31379,1425,0.0454125370470697,0.0016633575964562,0.007332025345138007,0.0249076444037198,0.5002008166543945,0.7999866122230403,104573,0.300067895154581
WGNB010,train,Very High Risk,15687,2478,0.15796519410977242,0.0249153946677185,0.39974097446273915,0.9997926406174856,0.800005737618697,0.9499966530557601,104573,0.15001004083271974
WGNB010,train,Extreme Risk,5229,2456,0.46968827691719256,0.9997934556475774,0.9999827053017862,0.999999,0.9500062157535885,0.9828636454916662,104573,0.050003346944239906
WGNB010,validation,Low Risk,8976,69,0.00768716577540107,1e-06,8.645756462340511e-05,0.0002114321868443,0.011379610415690475,0.1985072628690006,44817,0.20028114331615235
WGNB010,validation,Medium Risk,13431,187,0.013923013923013924,0.0002118210513237,0.000769753109115682,0.0016787056404579,0.20059352477854386,0.49995537407680124,44817,0.29968538724144855
WGNB010,validation,High Risk,13412,605,0.045108857739337906,0.0016793895131856,0.007379560775725071,0.025232595404494,0.5000446259231988,0.7992168150478614,44817,0.2992614409710601
WGNB010,validation,Very High Risk,6757,1085,0.1605742193281042,0.0252942451682979,0.40024697072496734,0.9998659147153222,0.8020394046901845,0.9499966530557601,44817,0.1507686815270991
WGNB010,validation,Extreme Risk,2241,1057,0.4716644355198572,0.9998661597067072,0.999988152615047,0.999999,0.9500189660173595,0.9827409242028694,44817,0.050003346944239906
WGNB011,train,Low Risk,23881,207,0.008667978727858967,0.0014073069205565,0.0014073069205564998,0.0014073069205565,0.11418817476786551,0.11418817476786551,104573,0.2283667868379027
WGNB011,train,Medium Risk,22979,333,0.014491492232037948,0.0021917325603189,0.0024567599630544207,0.003125791561463,0.3070677899649049,0.41693840666328785,104573,0.2197412333967659
WGNB011,train,High Risk,40613,2124,0.052298525102799594,0.0036028505675384,0.013555707149764552,0.0291941633916562,0.500583324567527,0.7873495070429269,104573,0.3883698469012078
WGNB011,train,Very High Risk,11879,2001,0.1684485226029127,0.031592726673695,0.34995054708375867,0.9955727239191028,0.8427270901666778,0.9493559523012632,104573,0.1135952875025102
WGNB011,train,Extreme Risk,5221,2341,0.4483815361041946,0.9971085933455082,0.9996874895510678,0.999999,0.9508859839537931,0.9889359586126438,104573,0.04992684536161342
WGNB011,validation,Low Risk,10417,93,0.00892771431314198,0.0014073069205565,0.0014073069205565,0.0014073069205565,0.1162282169712386,0.1162282169712386,44817,0.2324341209808778
WGNB011,validation,Medium Risk,9721,133,0.013681719987655591,0.0021917325603189,0.002455682779035374,0.003125791561463,0.3102505745587612,0.4187027244126113,44817,0.2169042997077002
WGNB011,validation,High Risk,17307,842,0.04865083492228578,0.0036028505675384,0.013658376056225673,0.0291941633916562,0.5017738804471518,0.7852489010866412,44817,0.38617042640069615
WGNB011,validation,Very High Risk,5107,937,0.1834736635989818,0.031592726673695,0.35170940346363944,0.9955727239191028,0.8415891291251087,0.9487248142445946,44817,0.11395229488810049
WGNB011,validation,Extreme Risk,2265,998,0.4406181015452539,0.9971085933455082,0.9996920781502752,0.999999,0.9502086261909544,0.988899301604302,44817,0.050538858022625345
WGNB012,train,Low Risk,20899,154,0.0073687736255323225,5.3162405868618326e-05,0.00015355923751386117,0.0002980368388825,0.028951067675212532,0.18187294999665304,104573,0.19985082191387835
WGNB012,train,Medium Risk,32196,480,0.014908684308609765,0.0004253963995522,0.0008472823553787109,0.0013907856721832,0.205860977498972,0.49466879596071645,104573,0.30788061928031135
WGNB012,train,High Risk,30446,1428,0.04690271300006569,0.0015310567722122,0.005315195323824732,0.0147571788316577,0.5139328507358496,0.798222294473717,104573,0.2911458980807665
WGNB012,train,Very High Risk,15818,2503,0.15823745100518397,0.0156721486181735,0.3693884132585917,0.999702247423832,0.8151243628852571,0.9499966530557601,104573,0.15126275424822852
WGNB012,train,Extreme Risk,5214,2441,0.468162639048715,0.999703245740476,0.9999779975385482,0.999999,0.9501687816166697,0.983475658152678,104573,0.04985990647681524
WGNB012,validation,Low Risk,8855,64,0.00722755505364201,5.3162405868618326e-05,0.00015239171527274109,0.0002980368388825,0.029642769484793715,0.18005444362630252,44817,0.19758127496262579
WGNB012,validation,Medium Risk,13924,199,0.014291870152255099,0.0004253963995522,0.0008454765610811288,0.0013907856721832,0.20366155699846042,0.4948457058705402,44817,0.31068567730994934
WGNB012,validation,High Risk,13096,586,0.04474648747709224,0.0015310567722122,0.005407941590591408,0.0147571788316577,0.5146038333668028,0.799964299261441,44817,0.29221054510565186
WGNB012,validation,Very High Risk,6700,1098,0.16388059701492538,0.0156721486181735,0.37351797836026346,0.9998217755383187,0.8159292232858067,0.949963183613361,44817,0.1494968427159337
WGNB012,validation,Extreme Risk,2242,1056,0.47100802854594115,0.9998344816685344,0.9999832973917431,0.999999,0.9501528437869559,0.9832318093580561,44817,0.0500256599058393
WGNB013,train,Low Risk,21023,177,0.008419350235456405,1e-06,0.00012574424664009914,0.0003491615223393,0.010863224732961663,0.19959262907251393,104573,0.20103659644458896
WGNB013,train,Medium Risk,31491,420,0.013337143945889302,0.0003491900243287,0.0008057058451054005,0.0013912283791452,0.20156254482514607,0.498465186998556,104573,0.3011389173113519
WGNB013,train,High Risk,31288,1469,0.04695090769624137,0.0014054539834987,0.006467806357816586,0.0183136795077223,0.5021946391515975,0.7988964646706129,104573,0.29919768965220467
WGNB013,train,Very High Risk,15541,2493,0.16041438774853614,0.0183485645137358,0.39034000686352927,0.9997676005007892,0.8014401422929437,0.9499870903579318,104573,0.14861388694978628
WGNB013,train,Extreme Risk,5230,2447,0.4678776290630975,0.9997697949511584,0.9999798111591972,0.999999,0.9500014344046742,0.9829305843764643,104573,0.05001290964206822
WGNB013,validation,Low Risk,8968,78,0.008697591436217662,1e-06,0.00012561024032623993,0.0003527355364941,0.010866412298904433,0.19990182296896267,44817,0.2001026396233572
WGNB013,validation,Medium Risk,13490,179,0.013269088213491475,0.0003527643301265,0.0008020491692199258,0.0013912283791452,0.20057121181694446,0.49784679920565855,44817,0.30100185197581275
WGNB013,validation,High Risk,13466,600,0.044556661220852514,0.0014054539834987,0.006494603581145894,0.0183136795077223,0.5011268045607693,0.799339536336658,44817,0.3004663408974273
WGNB013,validation,Very High Risk,6652,1088,0.1635598316295851,0.0183485645137358,0.3918905328136737,0.999835264296554,0.8016266149005957,0.9499966530557601,44817,0.1484258205591628
WGNB013,validation,Extreme Risk,2241,1058,0.47211066488174924,0.9998387387073284,0.9999857488440677,0.999999,0.9500189660173595,0.9826293593948725,44817,0.050003346944239906
WGNB014,train,Low Risk,20902,171,0.008181035307626065,1e-06,0.00010431972386471436,0.0002606056435414,0.011059260038442046,0.1998795100073633,104573,0.1998795100073633
WGNB014,train,Medium Risk,31382,452,0.01440316104773437,0.0002610608441873,0.0007485173265687029,0.0015019800420981,0.20008988935958613,0.49995218651085843,104573,0.30009658324806593
WGNB014,train,High Risk,31654,1459,0.04609212105894989,0.0015025459116966,0.006671893456023756,0.0203562019669054,0.5000047813489141,0.7993889436087709,104573,0.30269763705736663
WGNB014,train,Very High Risk,15405,2468,0.16020772476468678,0.0203683102665409,0.39896117972782785,0.9997842012669276,0.8027597945932506,0.9499870903579318,104573,0.14731336004513593
WGNB014,train,Extreme Risk,5230,2456,0.4695984703632887,0.9997843255782484,0.9999815121921259,0.999999,0.9500109971025026,0.9828253947003529,104573,0.05001290964206822
WGNB014,validation,Low Risk,8962,74,0.008257085471992859,1e-06,0.00010476406108744069,0.0002630729308461,0.011111854876497757,0.19990182296896267,44817,0.19996876185376086
WGNB014,validation,Medium Risk,13447,182,0.01353461738677772,0.0002630866500463,0.0007510700097754052,0.0015102902791036,0.20008032666175782,0.49987727871120335,44817,0.30004239462703886
WGNB014,validation,High Risk,13497,599,0.04438023264429133,0.0015122692176709,0.0066741339689998435,0.0203562019669054,0.5000334694423991,0.7983800789878841,44817,0.3011580427070085
WGNB014,validation,Very High Risk,6670,1088,0.16311844077961019,0.0203616788234216,0.3965855521306663,0.9998444827406464,0.8011915121494075,0.9499854965749603,44817,0.1488274538679519
WGNB014,validation,Extreme Risk,2241,1060,0.47300312360553326,0.9998446268143734,0.9999870054288826,0.999999,0.9500189660173595,0.9826182029140728,44817,0.050003346944239906
WLOG001,train,Low Risk,25911,363,0.014009494037281463,0.014299185639474,0.014299185639474,0.014299185639474,0.1238943130636015,0.1238943130636015,104573,0.2477790634293747
WLOG001,train,Medium Risk,25898,626,0.024171750714340877,0.0218628077521917,0.02430181940843519,0.0303550803891094,0.33604754573360235,0.4598749199124057,104573,0.24765474835760665
WLOG001,train,High Risk,33769,2097,0.062098374248571175,0.0345109062160399,0.061578206469145545,0.1013581206184899,0.5575483155307775,0.7721113480535129,104573,0.32292274296424506
WLOG001,train,Very High Risk,16674,3078,0.18459877653832313,0.1836957508367603,0.1836957508367603,0.1836957508367603,0.898085547894772,0.898085547894772,104573,0.159448423589263
WLOG001,train,Extreme Risk,2321,842,0.36277466609220166,0.3721447126872954,0.3721447126872954,0.3721447126872954,0.9889072705191588,0.9889072705191588,104573,0.02219502165951058
WLOG001,validation,Low Risk,11290,167,0.01479185119574845,0.014299185639474,0.014299185639474,0.014299185639474,0.12596782470937368,0.12596782470937368,44817,0.251913336457148
WLOG001,validation,Medium Risk,10914,266,0.0243723657687374,0.0218628077521917,0.02429906445241062,0.0303550803891094,0.3387553830019859,0.4605172144498739,44817,0.24352366289577615
WLOG001,validation,High Risk,14385,862,0.05992353145637817,0.0345109062160399,0.061429338851249286,0.1013581206184899,0.5575897538880336,0.7707789454894348,44817,0.3209719526072696
WLOG001,validation,Very High Risk,7228,1313,0.18165467625899281,0.1836957508367603,0.18369575083676026,0.1836957508367603,0.8970591516612,0.8970591516612,44817,0.16127808644041325
WLOG001,validation,Extreme Risk,1000,395,0.395,0.3721447126872954,0.3721447126872954,0.3721447126872954,0.9888546756811032,0.9888546756811032,44817,0.022312961599393086
WLOG002,train,Low Risk,25642,306,0.011933546525232042,0.0150733763094629,0.0150733763094629,0.0150733763094629,0.12260813020569362,0.12260813020569362,104573,0.24520669771355894
WLOG002,train,Medium Risk,25384,502,0.01977623699968484,0.0212164140515634,0.02304132488193401,0.0276457737348566,0.3321316209729089,0.4535013818098362,104573,0.24273952167385462
WLOG002,train,High Risk,32699,1702,0.052050521422673475,0.030665691037261,0.048360335649431825,0.0761142949088826,0.5486167557591348,0.7995419467740239,104573,0.31269065628795195
WLOG002,train,Very High Risk,16406,2376,0.14482506400097525,0.1044948116958294,0.13534115033487304,0.2328942831578498,0.8018035248104195,0.9498245244948504,104573,0.15688562057127556
WLOG002,train,Extreme Risk,4442,2120,0.47726249437190454,0.2580397000069942,0.5026713115882566,0.7878518175274137,0.9576181232249242,0.9990819810084821,104573,0.042477503753358896
WLOG002,validation,Low Risk,11169,131,0.0117288924702301,0.0150733763094629,0.0150733763094629,0.0150733763094629,0.1246178905326104,0.1246178905326104,44817,0.24921346810362138
WLOG002,validation,Medium Risk,10692,209,0.01954732510288066,0.0212164140515634,0.02303421748614957,0.0276457737348566,0.3347836758372939,0.4540687685476493,44817,0.2385701854207109
WLOG002,validation,High Risk,14018,715,0.05100584962191468,0.030665691037261,0.048641590260420337,0.1044948116958294,0.5486199433250776,0.7995068835486534,44817,0.3127830957002923
WLOG002,validation,Very High Risk,7017,1065,0.15177426250534418,0.1177171460606708,0.13605558704996912,0.2328942831578498,0.8007452529174197,0.9493718901309771,44817,0.1565700515429413
WLOG002,validation,Extreme Risk,1921,883,0.4596564289432587,0.2580397000069942,0.5008049056262288,0.7878518175274137,0.9572818350179619,0.9991855769016221,44817,0.04286319923243412
WLOG003,train,Low Risk,23881,207,0.008667978727858967,0.0135172290380615,0.0135172290380615,0.0135172290380615,0.11418817476786551,0.11418817476786551,104573,0.2283667868379027
WLOG003,train,Medium Risk,22979,333,0.014491492232037948,0.0183187059274531,0.01970032501433506,0.0231880655896403,0.3070677899649049,0.41693840666328785,104573,0.2197412333967659
WLOG003,train,High Risk,34328,1565,0.045589606152412025,0.0254336642014213,0.041007804645731165,0.0844023355194789,0.500583324567527,0.7759029577424383,104573,0.3282682910502711
WLOG003,train,Very High Risk,17881,2366,0.1323192215200492,0.088548973802293,0.12282705199868861,0.2883901913413698,0.8255142340757174,0.9473573484551462,104573,0.17099059986803478
WLOG003,train,Extreme Risk,5504,2535,0.46057412790697677,0.2900847110156322,0.477201099231547,0.8903914731693036,0.9517370640605127,1.0,104573,0.05263308884702552
WLOG003,validation,Low Risk,10417,93,0.00892771431314198,0.0135172290380615,0.0135172290380615,0.0135172290380615,0.1162282169712386,0.1162282169712386,44817,0.2324341209808778
WLOG003,validation,Medium Risk,9721,133,0.013681719987655591,0.0183187059274531,0.019694709527085675,0.0231880655896403,0.3102505745587612,0.4187027244126113,44817,0.2169042997077002
WLOG003,validation,High Risk,14530,618,0.04253269098417068,0.0254336642014213,0.041008382095074014,0.0844023355194789,0.5017738804471518,0.773121806457371,44817,0.32420733203918156
WLOG003,validation,Very High Risk,7757,1066,0.13742426195694213,0.088548973802293,0.12199845131596865,0.2883901913413698,0.8238280116919918,0.9466162393734521,44817,0.17308164312649219
WLOG003,validation,Extreme Risk,2392,1093,0.4569397993311037,0.2900847110156322,0.47758348874117196,0.8903914731693033,0.9509449539237343,0.9998103398264051,44817,0.053372604145748265
WLOG004,train,Low Risk,23664,192,0.008113590263691683,0.0137176691598944,0.013717669159894398,0.0137176691598944,0.11315062205349373,0.11315062205349373,104573,0.22629168140915915
WLOG004,train,Medium Risk,33496,505,0.015076427036064008,0.0183895296648143,0.021496045867391365,0.0252359397212404,0.30411769768487085,0.4950130530825356,104573,0.3203121264571161
WLOG004,train,High Risk,23525,1297,0.055132837407013816,0.0275543236529668,0.045776559541419674,0.0810145317880476,0.5533120403928357,0.7714515219033594,104573,0.22496246641102388
WLOG004,train,Very High Risk,18629,2505,0.1344677653121477,0.0842255227947877,0.12080168680663814,0.2674911151786087,0.8182943972153424,0.9482801487955782,104573,0.17814349784361164
WLOG004,train,Extreme Risk,5259,2507,0.47670659821258793,0.2678819896285719,0.5008642969943629,0.9413463280958548,0.9514167136832643,0.9999856559532575,104573,0.050290227879089246
WLOG004,validation,Low Risk,10318,86,0.008334948633456097,0.0137176691598944,0.0137176691598944,0.0137176691598944,0.11512372537206864,0.11512372537206864,44817,0.23022513778253786
WLOG004,validation,Medium Risk,14228,214,0.015040764689344954,0.0183895296648143,0.021511596222137584,0.0252359397212404,0.30709329049244705,0.49601713635450834,44817,0.31746881763616486
WLOG004,validation,High Risk,9888,485,0.04904935275080906,0.0275543236529668,0.045843938109557614,0.0810145317880476,0.5541424013209273,0.7682241113863043,44817,0.22063056429479885
WLOG004,validation,Very High Risk,8116,1143,0.14083292262198127,0.0842255227947877,0.12006983764202732,0.2674911151786087,0.816654394537787,0.9480331124350135,44817,0.1810919963406743
WLOG004,validation,Extreme Risk,2267,1075,0.4741949713277459,0.2678819896285719,0.5039693800473767,0.9413463280958548,0.9511792400205279,0.9999776870384006,44817,0.050583483945824126
WLOG005,train,Low Risk,19601,131,0.00668333248303658,0.0090958841671132,0.011461829895715791,0.0144265690966713,0.028951067675212532,0.1628909948074551,104573,0.18743844013273026
WLOG005,train,Medium Risk,32548,461,0.01416369669411331,0.0146217446512449,0.019753908936846584,0.0264807793335706,0.20542587474778384,0.4924932822047756,104573,0.3112466889158769
WLOG005,train,High Risk,31649,1540,0.048658725394167275,0.0279082243401105,0.045914400967791515,0.0789139570845408,0.5057567440926434,0.7917626920906926,104573,0.30264982356822506
WLOG005,train,Very High Risk,15411,2333,0.15138537408344688,0.0791763915735922,0.13071676593233456,0.2765314762169928,0.8014210168972871,0.948705688848938,104573,0.1473707362321058
WLOG005,train,Extreme Risk,5364,2541,0.47371364653243847,0.2768452520474921,0.4979055719844793,0.9464498475708816,0.950331347479751,1.0,104573,0.051294311151061936
WLOG005,validation,Low Risk,8551,63,0.007367559349783651,0.0090958841671132,0.011472285006159424,0.0144265690966713,0.029642769484793715,0.1652497936051052,44817,0.1907981346364103
WLOG005,validation,Medium Risk,13864,184,0.013271783035199077,0.0146217446512449,0.019777394166606628,0.0264807793335706,0.20834727893433294,0.4938304661177678,44817,0.30934689961398576
WLOG005,validation,High Risk,13508,608,0.04501036422860527,0.0279082243401105,0.04626379058057308,0.0789139570845408,0.5070062699422094,0.7915746257000692,44817,0.3014034852846018
WLOG005,validation,Very High Risk,6700,1083,0.1616417910447761,0.0791763915735922,0.13337285883704264,0.2768452520474921,0.8016712408237946,0.9494388290157753,44817,0.1494968427159337
WLOG005,validation,Extreme Risk,2194,1065,0.4854147675478578,0.2774468937113578,0.5114226706663083,0.9403849709379812,0.9511234576165294,1.0,44817,0.048954637749068435
XGB001,train,Low Risk,20914,94,0.0044945969207229606,0.0033139670267701,0.0070777827032143985,0.0094651579856872,9.562697828311323e-06,0.19999426238130302,104573,0.19999426238130302
XGB001,train,Medium Risk,31372,362,0.011538951931658804,0.0094654699787497,0.014169755293811304,0.0218070335686206,0.20000382507913134,0.49998565595325756,104573,0.30000095626978285
XGB001,train,High Risk,31372,1391,0.04433890093076629,0.0218076538294553,0.04549640658639636,0.0834409222006797,0.5000047813489141,0.7999961749208687,104573,0.30000095626978285
XGB001,train,Very High Risk,15686,2533,0.16148157592757872,0.0834411159157753,0.15184490386566213,0.3237298727035522,0.800005737618697,0.9499966530557601,104573,0.15000047813489142
XGB001,train,Extreme Risk,5229,2626,0.5021992732836106,0.323794275522232,0.4980791843423061,0.9455889463424684,0.9500062157535885,1.0,104573,0.050003346944239906
XGB001,validation,Low Risk,8963,48,0.0053553497712819365,0.0035860757343471,0.007080837801878288,0.0094875143840909,2.2312961599393088e-05,0.19999107481536024,44817,0.19999107481536024
XGB001,validation,Medium Risk,13445,165,0.012272220156191893,0.009487603791058,0.01417672712994508,0.0218329764902591,0.20001338777695962,0.4999888435192003,44817,0.29999776870384004
XGB001,validation,High Risk,13445,577,0.042915582000743774,0.0218333415687084,0.04570223061363016,0.0837822332978248,0.5000111564807997,0.7999866122230403,44817,0.29999776870384004
XGB001,validation,Very High Risk,6723,1105,0.16436114829689127,0.0837968587875366,0.15257633852139477,0.326224148273468,0.8000089251846397,0.9499966530557601,44817,0.15001004083271974
XGB001,validation,Extreme Risk,2241,1108,0.49442213297634985,0.3263084292411804,0.5015904260687081,0.9100266098976136,0.9500189660173595,1.0,44817,0.050003346944239906
XGB002,train,Low Risk,20915,90,0.004303131723643318,0.00328004010953,0.006986141566197336,0.0094334557652473,9.562697828311323e-06,0.19999904373021718,104573,0.20000382507913134
XGB002,train,Medium Risk,31371,366,0.011666826049536196,0.0094334771856665,0.014138477726863986,0.0218232180923223,0.20001338777695962,0.49999521865108587,104573,0.29999139357195453
XGB002,train,High Risk,31372,1396,0.0444982787198776,0.0218234919011592,0.045474662893038115,0.0833652839064598,0.5000047813489141,0.7999961749208687,104573,0.30000095626978285
XGB002,train,Very High Risk,15686,2527,0.1610990692337116,0.083372913300991,0.15224385943943466,0.3256053030490875,0.800005737618697,0.9499966530557601,104573,0.15000047813489142
XGB002,train,Extreme Risk,5229,2627,0.5023905144387072,0.3256352841854095,0.4972992102316493,0.9453607201576232,0.9500062157535885,1.0,104573,0.050003346944239906
XGB002,validation,Low Risk,8963,42,0.004685931049871694,0.0031635316554456,0.006989323825531824,0.0094292014837265,2.2312961599393088e-05,0.19999107481536024,44817,0.19999107481536024
XGB002,validation,Medium Risk,13446,171,0.012717536813922356,0.009430474601686,0.014141263671731298,0.0219560451805591,0.20001338777695962,0.4999888435192003,44817,0.3000200816654395
XGB002,validation,High Risk,13444,574,0.042695626301695926,0.0219561476260423,0.04565156228234613,0.083760991692543,0.5000334694423991,0.7999866122230403,44817,0.29997545574224066
XGB002,validation,Very High Risk,6723,1117,0.1661460657444593,0.0837676897644996,0.1528290826109713,0.3277978897094726,0.8000089251846397,0.9499966530557601,44817,0.15001004083271974
XGB002,validation,Extreme Risk,2241,1099,0.49040606871932174,0.3279385864734649,0.5004140145807381,0.9108295440673828,0.9500189660173595,1.0,44817,0.050003346944239906
XGB003,train,Low Risk,20912,98,0.004686304514154553,0.0047610392794013,0.008384578407325361,0.0106873782351613,1.9125395656622646e-05,0.19996557428781808,104573,0.1999751369856464
XGB003,train,Medium Risk,31374,386,0.012303180977879772,0.0106876902282238,0.015389027318015884,0.0224287807941436,0.20000382507913134,0.49999521865108587,104573,0.3000200816654395
XGB003,train,High Risk,31372,1453,0.046315185515746524,0.0224288292229175,0.04633763518813059,0.0838305130600929,0.5000047813489141,0.7999961749208687,104573,0.30000095626978285
XGB003,train,Very High Risk,15686,2511,0.1600790513833992,0.0838311687111854,0.14730590784379097,0.3090075552463531,0.800005737618697,0.9499966530557601,104573,0.15000047813489142
XGB003,train,Extreme Risk,5229,2558,0.48919487473704343,0.3090502023696899,0.4932183682872953,0.940643310546875,0.9500062157535885,1.0,104573,0.050003346944239906
XGB003,validation,Low Risk,8963,49,0.005466919558183644,0.0047116740606725,0.008393032860555705,0.0107004893943667,2.2312961599393088e-05,0.19999107481536024,44817,0.19999107481536024
XGB003,validation,Medium Risk,13445,169,0.012569728523614727,0.0107005555182695,0.015370691792298906,0.0225538797676563,0.20001338777695962,0.4999888435192003,44817,0.29999776870384004
XGB003,validation,High Risk,13445,571,0.04246931944960952,0.0225555822253227,0.04657259953203761,0.0839074999094009,0.5000111564807997,0.7999754557422407,44817,0.29999776870384004
XGB003,validation,Very High Risk,6723,1111,0.1652536070206753,0.0839084908366203,0.14777991147281047,0.3092190623283386,0.8000089251846397,0.9499966530557601,44817,0.15001004083271974
XGB003,validation,Extreme Risk,2241,1103,0.4921909861668898,0.3093296587467193,0.4965366658250544,0.907414436340332,0.9500189660173595,1.0,44817,0.050003346944239906
XGB004,train,Low Risk,20914,100,0.0047814860858754905,0.0054256566800177,0.00874633558377358,0.0110058709979057,2.3906744570778308e-05,0.19999426238130302,104573,0.19999426238130302
XGB004,train,Medium Risk,31374,388,0.012366928029578632,0.011006411164999,0.015652984812157017,0.0227583553642034,0.20000382507913134,0.5,104573,0.3000200816654395
XGB004,train,High Risk,31370,1462,0.04660503665922856,0.0227586515247821,0.04643788113560705,0.0841625183820724,0.5000239067445708,0.7999961749208687,104573,0.2999818308741262
XGB004,train,Very High Risk,15686,2511,0.1600790513833992,0.0841626301407814,0.14649312575915918,0.3083377778530121,0.800005737618697,0.9499966530557601,104573,0.15000047813489142
XGB004,train,Extreme Risk,5229,2545,0.48670873972078793,0.3083470463752746,0.4931086501397647,0.9351652264595032,0.9500062157535885,1.0,104573,0.050003346944239906
XGB004,validation,Low Risk,8963,48,0.0053553497712819365,0.0054256566800177,0.008750927068916906,0.0110173467546701,3.346944239908963e-05,0.19999107481536024,44817,0.19999107481536024
XGB004,validation,Medium Risk,13445,173,0.01286723689103756,0.0110175553709268,0.015638593871142237,0.0228502806276083,0.20001338777695962,0.4999888435192003,44817,0.29999776870384004
XGB004,validation,High Risk,13445,577,0.042915582000743774,0.0228508226573467,0.04670096606018925,0.0843608900904655,0.5000111564807997,0.7999308298190418,44817,0.29999776870384004
XGB004,validation,Very High Risk,6723,1115,0.16584857950319798,0.0843645557761192,0.1470831747924698,0.309931606054306,0.8000089251846397,0.9499966530557601,44817,0.15001004083271974
XGB004,validation,Extreme Risk,2241,1090,0.48639000446229363,0.3103636801242828,0.4962311106061148,0.9000802040100098,0.9500189660173595,1.0,44817,0.050003346944239906
XGBSTACK001,train,Low Risk,20928,93,0.0044438073394495415,0.0045749782584607,0.005632217508009611,0.0075116688385605,9.562697828311323e-06,0.19999426238130302,104573,0.20012814015089936
XGBSTACK001,train,Medium Risk,31123,374,0.012016836423223983,0.0075119598768651,0.012776043233500678,0.0234787724912166,0.20223671502204202,0.4977192965679477,104573,0.2976198445105333
XGBSTACK001,train,High Risk,31607,1377,0.043566298604739456,0.0234812479466199,0.044733276213072375,0.0850873365998268,0.5016639094221261,0.7999961749208687,104573,0.302248190259436
XGBSTACK001,train,Very High Risk,15685,2483,0.158304112209117,0.0850979313254356,0.15835745821181169,0.323368489742279,0.800005737618697,0.9499823090090176,104573,0.1499909154370631
XGBSTACK001,train,Extreme Risk,5230,2679,0.5122370936902486,0.3237093091011047,0.4950933252819182,0.8835611343383789,0.9500444665449016,1.0,104573,0.05001290964206822
XGBSTACK001,validation,Low Risk,8963,40,0.004462791476068281,0.0045749782584607,0.005628807010671654,0.0075090774334967,3.346944239908963e-05,0.19999107481536024,44817,0.19999107481536024
XGBSTACK001,validation,Medium Risk,13384,177,0.01322474596533174,0.0075116688385605,0.01277720904745545,0.0234787724912166,0.2001361090657563,0.49862775286163735,44817,0.2986366780462771
XGBSTACK001,validation,High Risk,13506,574,0.04249962979416556,0.0234812479466199,0.04504686884949436,0.084239937365055,0.5028560590847223,0.7999866122230403,44817,0.30135885936140305
XGBSTACK001,validation,Very High Risk,6723,1127,0.16763349695076601,0.0842575579881668,0.15872707509172646,0.3253000676631927,0.8000089251846397,0.9499966530557601,44817,0.15001004083271974
XGBSTACK001,validation,Extreme Risk,2241,1085,0.48415885765283356,0.3255214095115661,0.4945283608078052,0.8767716884613037,0.9500301224981592,1.0,44817,0.050003346944239906
