split,model_id,reference_risk_band,risk_band,applicant_count,total_applicants,applicant_pct
train,BLOG001,Low Risk,Low Risk,13031,104573,0.12461151540072485
train,BLOG001,Low Risk,Medium Risk,7340,104573,0.07019020205980511
train,BLOG001,Low Risk,High Risk,557,104573,0.005326422690369407
train,BLOG001,Medium Risk,Low Risk,9810,104573,0.09381006569573408
train,BLOG001,Medium Risk,Medium Risk,13218,104573,0.12639973989461906
train,BLOG001,Medium Risk,High Risk,8088,104573,0.07734310003538199
train,BLOG001,Medium Risk,Very High Risk,5,104573,4.7813489141556616e-05
train,BLOG001,Medium Risk,Extreme Risk,2,104573,1.9125395656622646e-05
train,BLOG001,High Risk,Low Risk,2485,104573,0.023763304103353637
train,BLOG001,High Risk,Medium Risk,4192,104573,0.04008682929628107
train,BLOG001,High Risk,High Risk,19257,104573,0.18414887207979114
train,BLOG001,High Risk,Very High Risk,5485,104573,0.05245139758828761
train,BLOG001,High Risk,Extreme Risk,188,104573,0.0017977871917225288
train,BLOG001,Very High Risk,Low Risk,542,104573,0.005182982222944737
train,BLOG001,Very High Risk,Medium Risk,1019,104573,0.009744389087049238
train,BLOG001,Very High Risk,High Risk,5036,104573,0.04815774626337582
train,BLOG001,Very High Risk,Very High Risk,8058,104573,0.07705621910053265
train,BLOG001,Very High Risk,Extreme Risk,1030,104573,0.009849578763160663
train,BLOG001,Extreme Risk,Low Risk,43,104573,0.0004111960066173869
train,BLOG001,Extreme Risk,Medium Risk,129,104573,0.0012335880198521606
train,BLOG001,Extreme Risk,High Risk,831,104573,0.00794660189532671
train,BLOG001,Extreme Risk,Very High Risk,3126,104573,0.029892993411301198
train,BLOG001,Extreme Risk,Extreme Risk,1101,104573,0.010528530308970767
train,BLOG002,Low Risk,Low Risk,13031,104573,0.12461151540072485
train,BLOG002,Low Risk,Medium Risk,7340,104573,0.07019020205980511
train,BLOG002,Low Risk,High Risk,557,104573,0.005326422690369407
train,BLOG002,Medium Risk,Low Risk,9810,104573,0.09381006569573408
train,BLOG002,Medium Risk,Medium Risk,13218,104573,0.12639973989461906
train,BLOG002,Medium Risk,High Risk,8088,104573,0.07734310003538199
train,BLOG002,Medium Risk,Very High Risk,7,104573,6.693888479817926e-05
train,BLOG002,High Risk,Low Risk,2443,104573,0.02336167079456456
train,BLOG002,High Risk,Medium Risk,4141,104573,0.03959913170703719
train,BLOG002,High Risk,High Risk,19292,104573,0.18448356650378206
train,BLOG002,High Risk,Very High Risk,5731,104573,0.05480382125405219
train,BLOG002,Very High Risk,Low Risk,354,104573,0.0033851950312222085
train,BLOG002,Very High Risk,Medium Risk,670,104573,0.006407007544968587
train,BLOG002,Very High Risk,High Risk,4548,104573,0.0434911497231599
train,BLOG002,Very High Risk,Very High Risk,9038,104573,0.08642766297227773
train,BLOG002,Very High Risk,Extreme Risk,1075,104573,0.010279900165434673
train,BLOG002,Extreme Risk,Low Risk,4,104573,3.825079131324529e-05
train,BLOG002,Extreme Risk,Medium Risk,15,104573,0.00014344046742466985
train,BLOG002,Extreme Risk,High Risk,214,104573,0.002046417335258623
train,BLOG002,Extreme Risk,Very High Risk,1298,104573,0.012412381781148098
train,BLOG002,Extreme Risk,Extreme Risk,3699,104573,0.03537241926692358
train,BLOG003,Low Risk,Low Risk,13031,104573,0.12461151540072485
train,BLOG003,Low Risk,Medium Risk,7340,104573,0.07019020205980511
train,BLOG003,Low Risk,High Risk,557,104573,0.005326422690369407
train,BLOG003,Medium Risk,Low Risk,9786,104573,0.09358056094785461
train,BLOG003,Medium Risk,Medium Risk,13203,104573,0.1262562994271944
train,BLOG003,Medium Risk,High Risk,8127,104573,0.07771604525068612
train,BLOG003,Medium Risk,Very High Risk,7,104573,6.693888479817926e-05
train,BLOG003,High Risk,Low Risk,968,104573,0.00925669149780536
train,BLOG003,High Risk,Medium Risk,2239,104573,0.021410880437589052
train,BLOG003,High Risk,High Risk,22446,104573,0.21464431545427595
train,BLOG003,High Risk,Very High Risk,5954,104573,0.056936302869765615
train,BLOG003,Very High Risk,Low Risk,95,104573,0.0009084562936895757
train,BLOG003,Very High Risk,Medium Risk,194,104573,0.0018551633786923966
train,BLOG003,Very High Risk,High Risk,3257,104573,0.03114570682680998
train,BLOG003,Very High Risk,Very High Risk,11090,104573,0.10605031891597258
train,BLOG003,Very High Risk,Extreme Risk,1049,104573,0.010031270021898579
train,BLOG003,Extreme Risk,Low Risk,1,104573,9.562697828311323e-06
train,BLOG003,Extreme Risk,Medium Risk,3,104573,2.868809348493397e-05
train,BLOG003,Extreme Risk,High Risk,52,104573,0.0004972602870721888
train,BLOG003,Extreme Risk,Very High Risk,984,104573,0.009409694663058342
train,BLOG003,Extreme Risk,Extreme Risk,4190,104573,0.040067703900624446
train,BLOG004,Low Risk,Low Risk,13031,104573,0.12461151540072485
train,BLOG004,Low Risk,Medium Risk,7340,104573,0.07019020205980511
train,BLOG004,Low Risk,High Risk,557,104573,0.005326422690369407
train,BLOG004,Medium Risk,Low Risk,9786,104573,0.09358056094785461
train,BLOG004,Medium Risk,Medium Risk,13227,104573,0.12648580417507388
train,BLOG004,Medium Risk,High Risk,8103,104573,0.07748654050280665
train,BLOG004,Medium Risk,Very High Risk,7,104573,6.693888479817926e-05
train,BLOG004,High Risk,Low Risk,830,104573,0.007937039197498398
train,BLOG004,High Risk,Medium Risk,3478,104573,0.03325906304686678
train,BLOG004,High Risk,High Risk,21347,104573,0.2041349105409618
train,BLOG004,High Risk,Very High Risk,5952,104573,0.056917177474108994
train,BLOG004,Very High Risk,Low Risk,17,104573,0.00016256586308129248
train,BLOG004,Very High Risk,Medium Risk,61,104573,0.0005833245675269908
train,BLOG004,Very High Risk,High Risk,2660,104573,0.02543677622330812
train,BLOG004,Very High Risk,Very High Risk,12204,104573,0.11670316429671139
train,BLOG004,Very High Risk,Extreme Risk,743,104573,0.007105084486435313
train,BLOG004,Extreme Risk,Medium Risk,2,104573,1.9125395656622646e-05
train,BLOG004,Extreme Risk,High Risk,20,104573,0.00019125395656622646
train,BLOG004,Extreme Risk,Very High Risk,807,104573,0.007717097147447238
train,BLOG004,Extreme Risk,Extreme Risk,4401,104573,0.04208543314239813
train,BLOG005,Low Risk,Low Risk,16452,104573,0.1573255046713779
train,BLOG005,Low Risk,Medium Risk,4474,104573,0.04278351008386486
train,BLOG005,Low Risk,High Risk,2,104573,1.9125395656622646e-05
train,BLOG005,Medium Risk,Low Risk,6506,104573,0.062214912070993465
train,BLOG005,Medium Risk,Medium Risk,19635,104573,0.18776357185889284
train,BLOG005,Medium Risk,High Risk,4980,104573,0.04762223518499039
train,BLOG005,Medium Risk,Very High Risk,2,104573,1.9125395656622646e-05
train,BLOG005,High Risk,Low Risk,402,104573,0.003844204526981152
train,BLOG005,High Risk,Medium Risk,4414,104573,0.04220974821416618
train,BLOG005,High Risk,High Risk,23723,104573,0.2268558805810295
train,BLOG005,High Risk,Very High Risk,3068,104573,0.029338356937259138
train,BLOG005,Very High Risk,Low Risk,2,104573,1.9125395656622646e-05
train,BLOG005,Very High Risk,Medium Risk,76,104573,0.0007267650349516606
train,BLOG005,Very High Risk,High Risk,3044,104573,0.02910885218937967
train,BLOG005,Very High Risk,Very High Risk,11823,104573,0.11305977642412478
train,BLOG005,Very High Risk,Extreme Risk,740,104573,0.007076396392950379
train,BLOG005,Extreme Risk,Medium Risk,2,104573,1.9125395656622646e-05
train,BLOG005,Extreme Risk,High Risk,20,104573,0.00019125395656622646
train,BLOG005,Extreme Risk,Very High Risk,719,104573,0.006875579738555841
train,BLOG005,Extreme Risk,Extreme Risk,4489,104573,0.042926950551289526
train,BNB001,Low Risk,Low Risk,14933,104573,0.142799766670173
train,BNB001,Low Risk,Medium Risk,5983,104573,0.05721362110678665
train,BNB001,Low Risk,High Risk,12,104573,0.00011475237393973588
train,BNB001,Medium Risk,Low Risk,5861,104573,0.05604697197173267
train,BNB001,Medium Risk,Medium Risk,19475,104573,0.186233540206363
train,BNB001,Medium Risk,High Risk,5787,104573,0.055339332332437624
train,BNB001,High Risk,Low Risk,131,104573,0.0012527134155087833
train,BNB001,High Risk,Medium Risk,5857,104573,0.05600872118041942
train,BNB001,High Risk,High Risk,22557,104573,0.21570577491321852
train,BNB001,High Risk,Very High Risk,3062,104573,0.029280980750289273
train,BNB001,Very High Risk,Low Risk,2,104573,1.9125395656622646e-05
train,BNB001,Very High Risk,Medium Risk,28,104573,0.00026775553919271706
train,BNB001,Very High Risk,High Risk,3025,104573,0.02892716093064175
train,BNB001,Very High Risk,Very High Risk,11683,104573,0.11172099872816119
train,BNB001,Very High Risk,Extreme Risk,947,104573,0.009055874843410822
train,BNB001,Extreme Risk,Medium Risk,1,104573,9.562697828311323e-06
train,BNB001,Extreme Risk,High Risk,7,104573,6.693888479817926e-05
train,BNB001,Extreme Risk,Very High Risk,939,104573,0.008979373260784332
train,BNB001,Extreme Risk,Extreme Risk,4283,104573,0.0409570347986574
train,BNB002,Low Risk,Low Risk,14933,104573,0.142799766670173
train,BNB002,Low Risk,Medium Risk,5983,104573,0.05721362110678665
train,BNB002,Low Risk,High Risk,12,104573,0.00011475237393973588
train,BNB002,Medium Risk,Low Risk,5861,104573,0.05604697197173267
train,BNB002,Medium Risk,Medium Risk,19475,104573,0.186233540206363
train,BNB002,Medium Risk,High Risk,5787,104573,0.055339332332437624
train,BNB002,High Risk,Low Risk,131,104573,0.0012527134155087833
train,BNB002,High Risk,Medium Risk,5857,104573,0.05600872118041942
train,BNB002,High Risk,High Risk,22557,104573,0.21570577491321852
train,BNB002,High Risk,Very High Risk,3062,104573,0.029280980750289273
train,BNB002,Very High Risk,Low Risk,2,104573,1.9125395656622646e-05
train,BNB002,Very High Risk,Medium Risk,28,104573,0.00026775553919271706
train,BNB002,Very High Risk,High Risk,3025,104573,0.02892716093064175
train,BNB002,Very High Risk,Very High Risk,11683,104573,0.11172099872816119
train,BNB002,Very High Risk,Extreme Risk,947,104573,0.009055874843410822
train,BNB002,Extreme Risk,Medium Risk,1,104573,9.562697828311323e-06
train,BNB002,Extreme Risk,High Risk,7,104573,6.693888479817926e-05
train,BNB002,Extreme Risk,Very High Risk,939,104573,0.008979373260784332
train,BNB002,Extreme Risk,Extreme Risk,4283,104573,0.0409570347986574
train,BNB003,Low Risk,Low Risk,14933,104573,0.142799766670173
train,BNB003,Low Risk,Medium Risk,5983,104573,0.05721362110678665
train,BNB003,Low Risk,High Risk,12,104573,0.00011475237393973588
train,BNB003,Medium Risk,Low Risk,5861,104573,0.05604697197173267
train,BNB003,Medium Risk,Medium Risk,19475,104573,0.186233540206363
train,BNB003,Medium Risk,High Risk,5787,104573,0.055339332332437624
train,BNB003,High Risk,Low Risk,131,104573,0.0012527134155087833
train,BNB003,High Risk,Medium Risk,5857,104573,0.05600872118041942
train,BNB003,High Risk,High Risk,22557,104573,0.21570577491321852
train,BNB003,High Risk,Very High Risk,3062,104573,0.029280980750289273
train,BNB003,Very High Risk,Low Risk,2,104573,1.9125395656622646e-05
train,BNB003,Very High Risk,Medium Risk,28,104573,0.00026775553919271706
train,BNB003,Very High Risk,High Risk,3025,104573,0.02892716093064175
train,BNB003,Very High Risk,Very High Risk,11683,104573,0.11172099872816119
train,BNB003,Very High Risk,Extreme Risk,947,104573,0.009055874843410822
train,BNB003,Extreme Risk,Medium Risk,1,104573,9.562697828311323e-06
train,BNB003,Extreme Risk,High Risk,7,104573,6.693888479817926e-05
train,BNB003,Extreme Risk,Very High Risk,939,104573,0.008979373260784332
train,BNB003,Extreme Risk,Extreme Risk,4283,104573,0.0409570347986574
train,BNB004,Low Risk,Low Risk,14933,104573,0.142799766670173
train,BNB004,Low Risk,Medium Risk,5983,104573,0.05721362110678665
train,BNB004,Low Risk,High Risk,12,104573,0.00011475237393973588
train,BNB004,Medium Risk,Low Risk,5861,104573,0.05604697197173267
train,BNB004,Medium Risk,Medium Risk,19475,104573,0.186233540206363
train,BNB004,Medium Risk,High Risk,5787,104573,0.055339332332437624
train,BNB004,High Risk,Low Risk,131,104573,0.0012527134155087833
train,BNB004,High Risk,Medium Risk,5857,104573,0.05600872118041942
train,BNB004,High Risk,High Risk,22557,104573,0.21570577491321852
train,BNB004,High Risk,Very High Risk,3062,104573,0.029280980750289273
train,BNB004,Very High Risk,Low Risk,2,104573,1.9125395656622646e-05
train,BNB004,Very High Risk,Medium Risk,28,104573,0.00026775553919271706
train,BNB004,Very High Risk,High Risk,3025,104573,0.02892716093064175
train,BNB004,Very High Risk,Very High Risk,11683,104573,0.11172099872816119
train,BNB004,Very High Risk,Extreme Risk,947,104573,0.009055874843410822
train,BNB004,Extreme Risk,Medium Risk,1,104573,9.562697828311323e-06
train,BNB004,Extreme Risk,High Risk,7,104573,6.693888479817926e-05
train,BNB004,Extreme Risk,Very High Risk,939,104573,0.008979373260784332
train,BNB004,Extreme Risk,Extreme Risk,4283,104573,0.0409570347986574
train,BNB005,Low Risk,Low Risk,14933,104573,0.142799766670173
train,BNB005,Low Risk,Medium Risk,5983,104573,0.05721362110678665
train,BNB005,Low Risk,High Risk,12,104573,0.00011475237393973588
train,BNB005,Medium Risk,Low Risk,5861,104573,0.05604697197173267
train,BNB005,Medium Risk,Medium Risk,19475,104573,0.186233540206363
train,BNB005,Medium Risk,High Risk,5787,104573,0.055339332332437624
train,BNB005,High Risk,Low Risk,131,104573,0.0012527134155087833
train,BNB005,High Risk,Medium Risk,5857,104573,0.05600872118041942
train,BNB005,High Risk,High Risk,22557,104573,0.21570577491321852
train,BNB005,High Risk,Very High Risk,3062,104573,0.029280980750289273
train,BNB005,Very High Risk,Low Risk,2,104573,1.9125395656622646e-05
train,BNB005,Very High Risk,Medium Risk,28,104573,0.00026775553919271706
train,BNB005,Very High Risk,High Risk,3025,104573,0.02892716093064175
train,BNB005,Very High Risk,Very High Risk,11683,104573,0.11172099872816119
train,BNB005,Very High Risk,Extreme Risk,947,104573,0.009055874843410822
train,BNB005,Extreme Risk,Medium Risk,1,104573,9.562697828311323e-06
train,BNB005,Extreme Risk,High Risk,7,104573,6.693888479817926e-05
train,BNB005,Extreme Risk,Very High Risk,939,104573,0.008979373260784332
train,BNB005,Extreme Risk,Extreme Risk,4283,104573,0.0409570347986574
train,BNB006,Low Risk,Low Risk,14933,104573,0.142799766670173
train,BNB006,Low Risk,Medium Risk,5983,104573,0.05721362110678665
train,BNB006,Low Risk,High Risk,12,104573,0.00011475237393973588
train,BNB006,Medium Risk,Low Risk,5861,104573,0.05604697197173267
train,BNB006,Medium Risk,Medium Risk,19475,104573,0.186233540206363
train,BNB006,Medium Risk,High Risk,5787,104573,0.055339332332437624
train,BNB006,High Risk,Low Risk,131,104573,0.0012527134155087833
train,BNB006,High Risk,Medium Risk,5857,104573,0.05600872118041942
train,BNB006,High Risk,High Risk,22557,104573,0.21570577491321852
train,BNB006,High Risk,Very High Risk,3062,104573,0.029280980750289273
train,BNB006,Very High Risk,Low Risk,2,104573,1.9125395656622646e-05
train,BNB006,Very High Risk,Medium Risk,28,104573,0.00026775553919271706
train,BNB006,Very High Risk,High Risk,3025,104573,0.02892716093064175
train,BNB006,Very High Risk,Very High Risk,11683,104573,0.11172099872816119
train,BNB006,Very High Risk,Extreme Risk,947,104573,0.009055874843410822
train,BNB006,Extreme Risk,Medium Risk,1,104573,9.562697828311323e-06
train,BNB006,Extreme Risk,High Risk,7,104573,6.693888479817926e-05
train,BNB006,Extreme Risk,Very High Risk,939,104573,0.008979373260784332
train,BNB006,Extreme Risk,Extreme Risk,4283,104573,0.0409570347986574
train,BNB007,Low Risk,Low Risk,14933,104573,0.142799766670173
train,BNB007,Low Risk,Medium Risk,5983,104573,0.05721362110678665
train,BNB007,Low Risk,High Risk,12,104573,0.00011475237393973588
train,BNB007,Medium Risk,Low Risk,5861,104573,0.05604697197173267
train,BNB007,Medium Risk,Medium Risk,19475,104573,0.186233540206363
train,BNB007,Medium Risk,High Risk,5787,104573,0.055339332332437624
train,BNB007,High Risk,Low Risk,131,104573,0.0012527134155087833
train,BNB007,High Risk,Medium Risk,5857,104573,0.05600872118041942
train,BNB007,High Risk,High Risk,22557,104573,0.21570577491321852
train,BNB007,High Risk,Very High Risk,3062,104573,0.029280980750289273
train,BNB007,Very High Risk,Low Risk,2,104573,1.9125395656622646e-05
train,BNB007,Very High Risk,Medium Risk,28,104573,0.00026775553919271706
train,BNB007,Very High Risk,High Risk,3024,104573,0.02891759823281344
train,BNB007,Very High Risk,Very High Risk,11684,104573,0.1117305614259895
train,BNB007,Very High Risk,Extreme Risk,947,104573,0.009055874843410822
train,BNB007,Extreme Risk,Medium Risk,1,104573,9.562697828311323e-06
train,BNB007,Extreme Risk,High Risk,7,104573,6.693888479817926e-05
train,BNB007,Extreme Risk,Very High Risk,939,104573,0.008979373260784332
train,BNB007,Extreme Risk,Extreme Risk,4283,104573,0.0409570347986574
train,BNB008,Low Risk,Low Risk,14933,104573,0.142799766670173
train,BNB008,Low Risk,Medium Risk,5983,104573,0.05721362110678665
train,BNB008,Low Risk,High Risk,12,104573,0.00011475237393973588
train,BNB008,Medium Risk,Low Risk,5861,104573,0.05604697197173267
train,BNB008,Medium Risk,Medium Risk,19475,104573,0.186233540206363
train,BNB008,Medium Risk,High Risk,5787,104573,0.055339332332437624
train,BNB008,High Risk,Low Risk,131,104573,0.0012527134155087833
train,BNB008,High Risk,Medium Risk,5857,104573,0.05600872118041942
train,BNB008,High Risk,High Risk,22557,104573,0.21570577491321852
train,BNB008,High Risk,Very High Risk,3062,104573,0.029280980750289273
train,BNB008,Very High Risk,Low Risk,2,104573,1.9125395656622646e-05
train,BNB008,Very High Risk,Medium Risk,28,104573,0.00026775553919271706
train,BNB008,Very High Risk,High Risk,3024,104573,0.02891759823281344
train,BNB008,Very High Risk,Very High Risk,11684,104573,0.1117305614259895
train,BNB008,Very High Risk,Extreme Risk,947,104573,0.009055874843410822
train,BNB008,Extreme Risk,Medium Risk,1,104573,9.562697828311323e-06
train,BNB008,Extreme Risk,High Risk,7,104573,6.693888479817926e-05
train,BNB008,Extreme Risk,Very High Risk,939,104573,0.008979373260784332
train,BNB008,Extreme Risk,Extreme Risk,4283,104573,0.0409570347986574
train,BNB009,Low Risk,Low Risk,14933,104573,0.142799766670173
train,BNB009,Low Risk,Medium Risk,5983,104573,0.05721362110678665
train,BNB009,Low Risk,High Risk,12,104573,0.00011475237393973588
train,BNB009,Medium Risk,Low Risk,5861,104573,0.05604697197173267
train,BNB009,Medium Risk,Medium Risk,19485,104573,0.18632916718464612
train,BNB009,Medium Risk,High Risk,5777,104573,0.055243705354154515
train,BNB009,High Risk,Low Risk,131,104573,0.0012527134155087833
train,BNB009,High Risk,Medium Risk,5880,104573,0.05622866323047058
train,BNB009,High Risk,High Risk,22534,104573,0.21548583286316736
train,BNB009,High Risk,Very High Risk,3062,104573,0.029280980750289273
train,BNB009,Very High Risk,Low Risk,2,104573,1.9125395656622646e-05
train,BNB009,Very High Risk,Medium Risk,28,104573,0.00026775553919271706
train,BNB009,Very High Risk,High Risk,3024,104573,0.02891759823281344
train,BNB009,Very High Risk,Very High Risk,11684,104573,0.1117305614259895
train,BNB009,Very High Risk,Extreme Risk,947,104573,0.009055874843410822
train,BNB009,Extreme Risk,Medium Risk,1,104573,9.562697828311323e-06
train,BNB009,Extreme Risk,High Risk,7,104573,6.693888479817926e-05
train,BNB009,Extreme Risk,Very High Risk,939,104573,0.008979373260784332
train,BNB009,Extreme Risk,Extreme Risk,4283,104573,0.0409570347986574
train,BNB010,Low Risk,Low Risk,14933,104573,0.142799766670173
train,BNB010,Low Risk,Medium Risk,5983,104573,0.05721362110678665
train,BNB010,Low Risk,High Risk,12,104573,0.00011475237393973588
train,BNB010,Medium Risk,Low Risk,5861,104573,0.05604697197173267
train,BNB010,Medium Risk,Medium Risk,19485,104573,0.18632916718464612
train,BNB010,Medium Risk,High Risk,5777,104573,0.055243705354154515
train,BNB010,High Risk,Low Risk,131,104573,0.0012527134155087833
train,BNB010,High Risk,Medium Risk,5880,104573,0.05622866323047058
train,BNB010,High Risk,High Risk,22534,104573,0.21548583286316736
train,BNB010,High Risk,Very High Risk,3062,104573,0.029280980750289273
train,BNB010,Very High Risk,Low Risk,2,104573,1.9125395656622646e-05
train,BNB010,Very High Risk,Medium Risk,28,104573,0.00026775553919271706
train,BNB010,Very High Risk,High Risk,3024,104573,0.02891759823281344
train,BNB010,Very High Risk,Very High Risk,11684,104573,0.1117305614259895
train,BNB010,Very High Risk,Extreme Risk,947,104573,0.009055874843410822
train,BNB010,Extreme Risk,Medium Risk,1,104573,9.562697828311323e-06
train,BNB010,Extreme Risk,High Risk,7,104573,6.693888479817926e-05
train,BNB010,Extreme Risk,Very High Risk,939,104573,0.008979373260784332
train,BNB010,Extreme Risk,Extreme Risk,4283,104573,0.0409570347986574
train,BNB011,Low Risk,Low Risk,14933,104573,0.142799766670173
train,BNB011,Low Risk,Medium Risk,5983,104573,0.05721362110678665
train,BNB011,Low Risk,High Risk,12,104573,0.00011475237393973588
train,BNB011,Medium Risk,Low Risk,5860,104573,0.056037409273904354
train,BNB011,Medium Risk,Medium Risk,19483,104573,0.18631004178898952
train,BNB011,Medium Risk,High Risk,5780,104573,0.05527239344763945
train,BNB011,High Risk,Low Risk,131,104573,0.0012527134155087833
train,BNB011,High Risk,Medium Risk,5868,104573,0.05611391085653084
train,BNB011,High Risk,High Risk,22545,104573,0.21559102253927878
train,BNB011,High Risk,Very High Risk,3063,104573,0.029290543448117583
train,BNB011,Very High Risk,Low Risk,2,104573,1.9125395656622646e-05
train,BNB011,Very High Risk,Medium Risk,28,104573,0.00026775553919271706
train,BNB011,Very High Risk,High Risk,3024,104573,0.02891759823281344
train,BNB011,Very High Risk,Very High Risk,11685,104573,0.11174012412381781
train,BNB011,Very High Risk,Extreme Risk,946,104573,0.009046312145582512
train,BNB011,Extreme Risk,Medium Risk,1,104573,9.562697828311323e-06
train,BNB011,Extreme Risk,High Risk,7,104573,6.693888479817926e-05
train,BNB011,Extreme Risk,Very High Risk,939,104573,0.008979373260784332
train,BNB011,Extreme Risk,Extreme Risk,4283,104573,0.0409570347986574
train,BNB012,Low Risk,Low Risk,14933,104573,0.142799766670173
train,BNB012,Low Risk,Medium Risk,5983,104573,0.05721362110678665
train,BNB012,Low Risk,High Risk,12,104573,0.00011475237393973588
train,BNB012,Medium Risk,Low Risk,5860,104573,0.056037409273904354
train,BNB012,Medium Risk,Medium Risk,19483,104573,0.18631004178898952
train,BNB012,Medium Risk,High Risk,5780,104573,0.05527239344763945
train,BNB012,High Risk,Low Risk,131,104573,0.0012527134155087833
train,BNB012,High Risk,Medium Risk,5868,104573,0.05611391085653084
train,BNB012,High Risk,High Risk,22545,104573,0.21559102253927878
train,BNB012,High Risk,Very High Risk,3063,104573,0.029290543448117583
train,BNB012,Very High Risk,Low Risk,2,104573,1.9125395656622646e-05
train,BNB012,Very High Risk,Medium Risk,28,104573,0.00026775553919271706
train,BNB012,Very High Risk,High Risk,3024,104573,0.02891759823281344
train,BNB012,Very High Risk,Very High Risk,11685,104573,0.11174012412381781
train,BNB012,Very High Risk,Extreme Risk,946,104573,0.009046312145582512
train,BNB012,Extreme Risk,Medium Risk,1,104573,9.562697828311323e-06
train,BNB012,Extreme Risk,High Risk,7,104573,6.693888479817926e-05
train,BNB012,Extreme Risk,Very High Risk,939,104573,0.008979373260784332
train,BNB012,Extreme Risk,Extreme Risk,4283,104573,0.0409570347986574
train,BNB013,Low Risk,Low Risk,14933,104573,0.142799766670173
train,BNB013,Low Risk,Medium Risk,5983,104573,0.05721362110678665
train,BNB013,Low Risk,High Risk,12,104573,0.00011475237393973588
train,BNB013,Medium Risk,Low Risk,5860,104573,0.056037409273904354
train,BNB013,Medium Risk,Medium Risk,19482,104573,0.1863004790911612
train,BNB013,Medium Risk,High Risk,5781,104573,0.055281956145467756
train,BNB013,High Risk,Low Risk,131,104573,0.0012527134155087833
train,BNB013,High Risk,Medium Risk,5865,104573,0.05608522276304591
train,BNB013,High Risk,High Risk,22548,104573,0.21561971063276372
train,BNB013,High Risk,Very High Risk,3063,104573,0.029290543448117583
train,BNB013,Very High Risk,Low Risk,2,104573,1.9125395656622646e-05
train,BNB013,Very High Risk,Medium Risk,28,104573,0.00026775553919271706
train,BNB013,Very High Risk,High Risk,3027,104573,0.028946286326298375
train,BNB013,Very High Risk,Very High Risk,11682,104573,0.11171143603033287
train,BNB013,Very High Risk,Extreme Risk,946,104573,0.009046312145582512
train,BNB013,Extreme Risk,Medium Risk,1,104573,9.562697828311323e-06
train,BNB013,Extreme Risk,High Risk,7,104573,6.693888479817926e-05
train,BNB013,Extreme Risk,Very High Risk,939,104573,0.008979373260784332
train,BNB013,Extreme Risk,Extreme Risk,4283,104573,0.0409570347986574
train,BNB014,Low Risk,Low Risk,14933,104573,0.142799766670173
train,BNB014,Low Risk,Medium Risk,5983,104573,0.05721362110678665
train,BNB014,Low Risk,High Risk,12,104573,0.00011475237393973588
train,BNB014,Medium Risk,Low Risk,5860,104573,0.056037409273904354
train,BNB014,Medium Risk,Medium Risk,19482,104573,0.1863004790911612
train,BNB014,Medium Risk,High Risk,5781,104573,0.055281956145467756
train,BNB014,High Risk,Low Risk,131,104573,0.0012527134155087833
train,BNB014,High Risk,Medium Risk,5865,104573,0.05608522276304591
train,BNB014,High Risk,High Risk,22548,104573,0.21561971063276372
train,BNB014,High Risk,Very High Risk,3063,104573,0.029290543448117583
train,BNB014,Very High Risk,Low Risk,2,104573,1.9125395656622646e-05
train,BNB014,Very High Risk,Medium Risk,28,104573,0.00026775553919271706
train,BNB014,Very High Risk,High Risk,3027,104573,0.028946286326298375
train,BNB014,Very High Risk,Very High Risk,11682,104573,0.11171143603033287
train,BNB014,Very High Risk,Extreme Risk,946,104573,0.009046312145582512
train,BNB014,Extreme Risk,Medium Risk,1,104573,9.562697828311323e-06
train,BNB014,Extreme Risk,High Risk,7,104573,6.693888479817926e-05
train,BNB014,Extreme Risk,Very High Risk,939,104573,0.008979373260784332
train,BNB014,Extreme Risk,Extreme Risk,4283,104573,0.0409570347986574
train,BNB015,Low Risk,Low Risk,14934,104573,0.1428093293680013
train,BNB015,Low Risk,Medium Risk,5982,104573,0.057204058408958335
train,BNB015,Low Risk,High Risk,12,104573,0.00011475237393973588
train,BNB015,Medium Risk,Low Risk,5884,104573,0.056266914021783826
train,BNB015,Medium Risk,Medium Risk,19455,104573,0.1860422862497968
train,BNB015,Medium Risk,High Risk,5784,104573,0.05531064423895269
train,BNB015,High Risk,Low Risk,131,104573,0.0012527134155087833
train,BNB015,High Risk,Medium Risk,5867,104573,0.056104348158702536
train,BNB015,High Risk,High Risk,22547,104573,0.2156101479349354
train,BNB015,High Risk,Very High Risk,3062,104573,0.029280980750289273
train,BNB015,Very High Risk,Low Risk,2,104573,1.9125395656622646e-05
train,BNB015,Very High Risk,Medium Risk,28,104573,0.00026775553919271706
train,BNB015,Very High Risk,High Risk,3023,104573,0.02890803553498513
train,BNB015,Very High Risk,Very High Risk,11686,104573,0.11174968682164613
train,BNB015,Very High Risk,Extreme Risk,946,104573,0.009046312145582512
train,BNB015,Extreme Risk,Medium Risk,1,104573,9.562697828311323e-06
train,BNB015,Extreme Risk,High Risk,7,104573,6.693888479817926e-05
train,BNB015,Extreme Risk,Very High Risk,939,104573,0.008979373260784332
train,BNB015,Extreme Risk,Extreme Risk,4283,104573,0.0409570347986574
train,BNB016,Low Risk,Low Risk,14934,104573,0.1428093293680013
train,BNB016,Low Risk,Medium Risk,5982,104573,0.057204058408958335
train,BNB016,Low Risk,High Risk,12,104573,0.00011475237393973588
train,BNB016,Medium Risk,Low Risk,5884,104573,0.056266914021783826
train,BNB016,Medium Risk,Medium Risk,19455,104573,0.1860422862497968
train,BNB016,Medium Risk,High Risk,5784,104573,0.05531064423895269
train,BNB016,High Risk,Low Risk,131,104573,0.0012527134155087833
train,BNB016,High Risk,Medium Risk,5867,104573,0.056104348158702536
train,BNB016,High Risk,High Risk,22547,104573,0.2156101479349354
train,BNB016,High Risk,Very High Risk,3062,104573,0.029280980750289273
train,BNB016,Very High Risk,Low Risk,2,104573,1.9125395656622646e-05
train,BNB016,Very High Risk,Medium Risk,28,104573,0.00026775553919271706
train,BNB016,Very High Risk,High Risk,3023,104573,0.02890803553498513
train,BNB016,Very High Risk,Very High Risk,11686,104573,0.11174968682164613
train,BNB016,Very High Risk,Extreme Risk,946,104573,0.009046312145582512
train,BNB016,Extreme Risk,Medium Risk,1,104573,9.562697828311323e-06
train,BNB016,Extreme Risk,High Risk,7,104573,6.693888479817926e-05
train,BNB016,Extreme Risk,Very High Risk,939,104573,0.008979373260784332
train,BNB016,Extreme Risk,Extreme Risk,4283,104573,0.0409570347986574
train,BNB017,Low Risk,Low Risk,14876,104573,0.14225469289395926
train,BNB017,Low Risk,Medium Risk,6040,104573,0.057758694883000394
train,BNB017,Low Risk,High Risk,12,104573,0.00011475237393973588
train,BNB017,Medium Risk,Low Risk,5896,104573,0.05638166639572356
train,BNB017,Medium Risk,Medium Risk,19395,104573,0.18546852438009812
train,BNB017,Medium Risk,High Risk,5832,104573,0.055769653734711634
train,BNB017,High Risk,Low Risk,131,104573,0.0012527134155087833
train,BNB017,High Risk,Medium Risk,5905,104573,0.056467730676178364
train,BNB017,High Risk,High Risk,22497,104573,0.21513201304351984
train,BNB017,High Risk,Very High Risk,3074,104573,0.029395733124229006
train,BNB017,Very High Risk,Low Risk,2,104573,1.9125395656622646e-05
train,BNB017,Very High Risk,Medium Risk,26,104573,0.0002486301435360944
train,BNB017,Very High Risk,High Risk,3031,104573,0.02898453711761162
train,BNB017,Very High Risk,Very High Risk,11679,104573,0.11168274793684795
train,BNB017,Very High Risk,Extreme Risk,947,104573,0.009055874843410822
train,BNB017,Extreme Risk,Medium Risk,1,104573,9.562697828311323e-06
train,BNB017,Extreme Risk,High Risk,7,104573,6.693888479817926e-05
train,BNB017,Extreme Risk,Very High Risk,940,104573,0.008988935958612644
train,BNB017,Extreme Risk,Extreme Risk,4282,104573,0.04094747210082909
train,BNB018,Low Risk,Low Risk,14876,104573,0.14225469289395926
train,BNB018,Low Risk,Medium Risk,6040,104573,0.057758694883000394
train,BNB018,Low Risk,High Risk,12,104573,0.00011475237393973588
train,BNB018,Medium Risk,Low Risk,5896,104573,0.05638166639572356
train,BNB018,Medium Risk,Medium Risk,19395,104573,0.18546852438009812
train,BNB018,Medium Risk,High Risk,5832,104573,0.055769653734711634
train,BNB018,High Risk,Low Risk,131,104573,0.0012527134155087833
train,BNB018,High Risk,Medium Risk,5905,104573,0.056467730676178364
train,BNB018,High Risk,High Risk,22497,104573,0.21513201304351984
train,BNB018,High Risk,Very High Risk,3074,104573,0.029395733124229006
train,BNB018,Very High Risk,Low Risk,2,104573,1.9125395656622646e-05
train,BNB018,Very High Risk,Medium Risk,26,104573,0.0002486301435360944
train,BNB018,Very High Risk,High Risk,3031,104573,0.02898453711761162
train,BNB018,Very High Risk,Very High Risk,11679,104573,0.11168274793684795
train,BNB018,Very High Risk,Extreme Risk,947,104573,0.009055874843410822
train,BNB018,Extreme Risk,Medium Risk,1,104573,9.562697828311323e-06
train,BNB018,Extreme Risk,High Risk,7,104573,6.693888479817926e-05
train,BNB018,Extreme Risk,Very High Risk,940,104573,0.008988935958612644
train,BNB018,Extreme Risk,Extreme Risk,4282,104573,0.04094747210082909
train,CAT001,Low Risk,Low Risk,18938,104573,0.18109837147255983
train,CAT001,Low Risk,Medium Risk,1990,104573,0.019029768678339533
train,CAT001,Medium Risk,Low Risk,1976,104573,0.018895890908743173
train,CAT001,Medium Risk,Medium Risk,27781,104573,0.26566130836831686
train,CAT001,Medium Risk,High Risk,1366,104573,0.013062645233473268
train,CAT001,High Risk,Medium Risk,1601,104573,0.015309879223126429
train,CAT001,High Risk,High Risk,29359,104573,0.28075124554139214
train,CAT001,High Risk,Very High Risk,647,104573,0.006187065494917426
train,CAT001,Very High Risk,High Risk,647,104573,0.006187065494917426
train,CAT001,Very High Risk,Very High Risk,14784,104573,0.1413749246937546
train,CAT001,Very High Risk,Extreme Risk,254,104573,0.002428925248391076
train,CAT001,Extreme Risk,Very High Risk,255,104573,0.0024384879462193876
train,CAT001,Extreme Risk,Extreme Risk,4975,104573,0.047574421695848836
train,CAT002,Low Risk,Low Risk,19537,104573,0.18682642747171832
train,CAT002,Low Risk,Medium Risk,1391,104573,0.01330171267918105
train,CAT002,Medium Risk,Low Risk,1377,104573,0.013167834909584692
train,CAT002,Medium Risk,Medium Risk,28673,104573,0.2741912348311706
train,CAT002,Medium Risk,High Risk,1073,104573,0.01026077476977805
train,CAT002,High Risk,Medium Risk,1308,104573,0.01250800875943121
train,CAT002,High Risk,High Risk,30145,104573,0.28826752603444483
train,CAT002,High Risk,Very High Risk,154,104573,0.0014726554655599437
train,CAT002,Very High Risk,High Risk,154,104573,0.0014726554655599437
train,CAT002,Very High Risk,Very High Risk,15372,104573,0.14699779101680166
train,CAT002,Very High Risk,Extreme Risk,159,104573,0.0015204689547015004
train,CAT002,Extreme Risk,Very High Risk,160,104573,0.0015300316525298117
train,CAT002,Extreme Risk,Extreme Risk,5070,104573,0.04848287798953841
train,CAT003,Low Risk,Low Risk,19124,104573,0.18287703326862575
train,CAT003,Low Risk,Medium Risk,1804,104573,0.017251106882273628
train,CAT003,Medium Risk,Low Risk,1790,104573,0.017117229112677268
train,CAT003,Medium Risk,Medium Risk,28024,104573,0.2679850439405965
train,CAT003,Medium Risk,High Risk,1309,104573,0.012517571457259522
train,CAT003,High Risk,Medium Risk,1544,104573,0.014764805446912683
train,CAT003,High Risk,High Risk,29385,104573,0.28099987568492824
train,CAT003,High Risk,Very High Risk,678,104573,0.006483509127595077
train,CAT003,Very High Risk,High Risk,678,104573,0.006483509127595077
train,CAT003,Very High Risk,Very High Risk,14743,104573,0.14098285408279385
train,CAT003,Very High Risk,Extreme Risk,264,104573,0.002524552226674189
train,CAT003,Extreme Risk,Very High Risk,265,104573,0.0025341149245025007
train,CAT003,Extreme Risk,Extreme Risk,4965,104573,0.04747879471756572
train,CAT004,Low Risk,Low Risk,18975,104573,0.18145219129220735
train,CAT004,Low Risk,Medium Risk,1953,104573,0.018675948858692015
train,CAT004,Medium Risk,Low Risk,1939,104573,0.018542071089095655
train,CAT004,Medium Risk,Medium Risk,27905,104573,0.2668470828990275
train,CAT004,Medium Risk,High Risk,1279,104573,0.012230690522410182
train,CAT004,High Risk,Medium Risk,1514,104573,0.014477924512063343
train,CAT004,High Risk,High Risk,29379,104573,0.28094249949795835
train,CAT004,High Risk,Very High Risk,714,104573,0.006827766249414285
train,CAT004,Very High Risk,High Risk,714,104573,0.006827766249414285
train,CAT004,Very High Risk,Very High Risk,14717,104573,0.14073422393925775
train,CAT004,Very High Risk,Extreme Risk,254,104573,0.002428925248391076
train,CAT004,Extreme Risk,Very High Risk,255,104573,0.0024384879462193876
train,CAT004,Extreme Risk,Extreme Risk,4975,104573,0.047574421695848836
train,EASTACK001,Low Risk,Low Risk,17932,104573,0.17147829745727866
train,EASTACK001,Low Risk,Medium Risk,2996,104573,0.028649842693620725
train,EASTACK001,Medium Risk,Low Risk,2982,104573,0.028515964924024365
train,EASTACK001,Medium Risk,Medium Risk,24854,104573,0.23767129182484964
train,EASTACK001,Medium Risk,High Risk,3285,104573,0.0314134623660027
train,EASTACK001,Medium Risk,Very High Risk,2,104573,1.9125395656622646e-05
train,EASTACK001,High Risk,Medium Risk,3522,104573,0.03367982175131248
train,EASTACK001,High Risk,High Risk,25860,104573,0.2472913658401308
train,EASTACK001,High Risk,Very High Risk,2225,104573,0.021277002667992696
train,EASTACK001,Very High Risk,High Risk,2222,104573,0.02124831457450776
train,EASTACK001,Very High Risk,Very High Risk,12918,104573,0.12353093054612567
train,EASTACK001,Very High Risk,Extreme Risk,545,104573,0.005211670316429671
train,EASTACK001,Extreme Risk,High Risk,5,104573,4.7813489141556616e-05
train,EASTACK001,Extreme Risk,Very High Risk,541,104573,0.0051734195251164255
train,EASTACK001,Extreme Risk,Extreme Risk,4684,104573,0.04479167662781024
train,ET001,Low Risk,Low Risk,16654,104573,0.1592571696326968
train,ET001,Low Risk,Medium Risk,4270,104573,0.04083271972688935
train,ET001,Low Risk,High Risk,4,104573,3.825079131324529e-05
train,ET001,Medium Risk,Low Risk,4096,104573,0.03916881030476318
train,ET001,Medium Risk,Medium Risk,22096,104573,0.211297371214367
train,ET001,Medium Risk,High Risk,4929,104573,0.04713453759574651
train,ET001,Medium Risk,Very High Risk,2,104573,1.9125395656622646e-05
train,ET001,High Risk,Low Risk,164,104573,0.001568282443843057
train,ET001,High Risk,Medium Risk,4922,104573,0.04706759871094833
train,ET001,High Risk,High Risk,21206,104573,0.20278657014716991
train,ET001,High Risk,Very High Risk,5239,104573,0.05009897392252302
train,ET001,High Risk,Extreme Risk,76,104573,0.0007267650349516606
train,ET001,Very High Risk,Medium Risk,82,104573,0.0007841412219215285
train,ET001,Very High Risk,High Risk,5043,104573,0.048224685148174004
train,ET001,Very High Risk,Very High Risk,9339,104573,0.08930603501859945
train,ET001,Very High Risk,Extreme Risk,1221,104573,0.011676054048368125
train,ET001,Extreme Risk,Medium Risk,2,104573,1.9125395656622646e-05
train,ET001,Extreme Risk,High Risk,190,104573,0.0018169125873791513
train,ET001,Extreme Risk,Very High Risk,1106,104573,0.010576343798112323
train,ET001,Extreme Risk,Extreme Risk,3932,104573,0.03760052786092012
train,ET002,Low Risk,Low Risk,16935,104573,0.16194428772245226
train,ET002,Low Risk,Medium Risk,3990,104573,0.03815516433496218
train,ET002,Low Risk,High Risk,3,104573,2.868809348493397e-05
train,ET002,Medium Risk,Low Risk,3932,104573,0.03760052786092012
train,ET002,Medium Risk,Medium Risk,22884,104573,0.21883277710307633
train,ET002,Medium Risk,High Risk,4305,104573,0.041167414150880245
train,ET002,Medium Risk,Very High Risk,2,104573,1.9125395656622646e-05
train,ET002,High Risk,Low Risk,47,104573,0.0004494467979306322
train,ET002,High Risk,Medium Risk,4478,104573,0.042821760875178104
train,ET002,High Risk,High Risk,22183,104573,0.21212932592543007
train,ET002,High Risk,Very High Risk,4899,104573,0.04684765666089717
train,ET002,Very High Risk,Medium Risk,19,104573,0.00018169125873791515
train,ET002,Very High Risk,High Risk,4808,104573,0.045977451158520845
train,ET002,Very High Risk,Very High Risk,9910,104573,0.09476633547856521
train,ET002,Very High Risk,Extreme Risk,948,104573,0.009065437541239134
train,ET002,Extreme Risk,Medium Risk,1,104573,9.562697828311323e-06
train,ET002,Extreme Risk,High Risk,73,104573,0.0006980769414667266
train,ET002,Extreme Risk,Very High Risk,875,104573,0.008367360599772408
train,ET002,Extreme Risk,Extreme Risk,4281,104573,0.04093790940300077
train,ET003,Low Risk,Low Risk,16958,104573,0.16216422977250342
train,ET003,Low Risk,Medium Risk,3970,104573,0.03796391037839595
train,ET003,Medium Risk,Low Risk,3915,104573,0.03743796199783883
train,ET003,Medium Risk,Medium Risk,23504,104573,0.22476164975662935
train,ET003,Medium Risk,High Risk,3702,104573,0.03540110736040852
train,ET003,Medium Risk,Very High Risk,2,104573,1.9125395656622646e-05
train,ET003,High Risk,Low Risk,41,104573,0.00039207061096076424
train,ET003,High Risk,Medium Risk,3893,104573,0.03722758264561598
train,ET003,High Risk,High Risk,23394,104573,0.2237097529955151
train,ET003,High Risk,Very High Risk,4279,104573,0.04091878400734415
train,ET003,Very High Risk,Medium Risk,4,104573,3.825079131324529e-05
train,ET003,Very High Risk,High Risk,4240,104573,0.04054583879204001
train,ET003,Very High Risk,Very High Risk,10574,104573,0.10111596683656393
train,ET003,Very High Risk,Extreme Risk,867,104573,0.008290859017145918
train,ET003,Extreme Risk,Medium Risk,1,104573,9.562697828311323e-06
train,ET003,Extreme Risk,High Risk,36,104573,0.00034425712181920766
train,ET003,Extreme Risk,Very High Risk,831,104573,0.00794660189532671
train,ET003,Extreme Risk,Extreme Risk,4362,104573,0.04171248792709399
train,ET004,Low Risk,Low Risk,16925,104573,0.16184866074416915
train,ET004,Low Risk,Medium Risk,3998,104573,0.03823166591758867
train,ET004,Low Risk,High Risk,5,104573,4.7813489141556616e-05
train,ET004,Medium Risk,Low Risk,3869,104573,0.03699807789773651
train,ET004,Medium Risk,Medium Risk,22310,104573,0.21334378854962563
train,ET004,Medium Risk,High Risk,4942,104573,0.04725885266751456
train,ET004,Medium Risk,Very High Risk,2,104573,1.9125395656622646e-05
train,ET004,High Risk,Low Risk,120,104573,0.0011475237393973588
train,ET004,High Risk,Medium Risk,4966,104573,0.047488357415394034
train,ET004,High Risk,High Risk,20862,104573,0.19949700209423082
train,ET004,High Risk,Very High Risk,5545,104573,0.05302515945798629
train,ET004,High Risk,Extreme Risk,114,104573,0.0010901475524274908
train,ET004,Very High Risk,Medium Risk,96,104573,0.000918018991517887
train,ET004,Very High Risk,High Risk,5236,104573,0.05007028582903809
train,ET004,Very High Risk,Very High Risk,8729,104573,0.08347278934332954
train,ET004,Very High Risk,Extreme Risk,1624,104573,0.01552982127317759
train,ET004,Extreme Risk,Medium Risk,2,104573,1.9125395656622646e-05
train,ET004,Extreme Risk,High Risk,327,104573,0.0031270021898578025
train,ET004,Extreme Risk,Very High Risk,1410,104573,0.013483403937918966
train,ET004,Extreme Risk,Extreme Risk,3491,104573,0.03338337811863483
train,ET005,Low Risk,Low Risk,16468,104573,0.15747850783663087
train,ET005,Low Risk,Medium Risk,4453,104573,0.042582693429470325
train,ET005,Low Risk,High Risk,7,104573,6.693888479817926e-05
train,ET005,Medium Risk,Low Risk,4393,104573,0.042008931559771645
train,ET005,Medium Risk,Medium Risk,22714,104573,0.2172071184722634
train,ET005,Medium Risk,High Risk,4015,104573,0.03839423178066996
train,ET005,Medium Risk,Very High Risk,1,104573,9.562697828311323e-06
train,ET005,High Risk,Low Risk,53,104573,0.0005068229849005001
train,ET005,High Risk,Medium Risk,4147,104573,0.039656507894007056
train,ET005,High Risk,High Risk,22296,104573,0.21320991078002927
train,ET005,High Risk,Very High Risk,5111,104573,0.04887494860049917
train,ET005,Very High Risk,Medium Risk,57,104573,0.0005450737762137454
train,ET005,Very High Risk,High Risk,4843,104573,0.04631214558251174
train,ET005,Very High Risk,Very High Risk,9575,104573,0.09156283170608091
train,ET005,Very High Risk,Extreme Risk,1210,104573,0.011570864372256701
train,ET005,Extreme Risk,Medium Risk,1,104573,9.562697828311323e-06
train,ET005,Extreme Risk,High Risk,211,104573,0.0020177292417736894
train,ET005,Extreme Risk,Very High Risk,999,104573,0.009553135130483012
train,ET005,Extreme Risk,Extreme Risk,4019,104573,0.03843248257198321
train,GB001,Low Risk,Low Risk,18313,104573,0.17512168532986527
train,GB001,Low Risk,Medium Risk,2612,104573,0.024977766727549176
train,GB001,Low Risk,High Risk,3,104573,2.868809348493397e-05
train,GB001,Medium Risk,Low Risk,2600,104573,0.02486301435360944
train,GB001,Medium Risk,Medium Risk,26657,104573,0.25491283600929493
train,GB001,Medium Risk,High Risk,1866,104573,0.01784399414762893
train,GB001,High Risk,Low Risk,1,104573,9.562697828311323e-06
train,GB001,High Risk,Medium Risk,2103,104573,0.02011035353293871
train,GB001,High Risk,High Risk,28215,104573,0.269811519225804
train,GB001,High Risk,Very High Risk,1288,104573,0.012316754802864984
train,GB001,Very High Risk,High Risk,1285,104573,0.01228806670938005
train,GB001,Very High Risk,Very High Risk,13976,104573,0.13364826484847905
train,GB001,Very High Risk,Extreme Risk,424,104573,0.004054583879204001
train,GB001,Extreme Risk,High Risk,3,104573,2.868809348493397e-05
train,GB001,Extreme Risk,Very High Risk,422,104573,0.004035458483547379
train,GB001,Extreme Risk,Extreme Risk,4805,104573,0.04594876306503591
train,GB002,Low Risk,Low Risk,17950,104573,0.17165042601818825
train,GB002,Low Risk,Medium Risk,2972,104573,0.028420337945741253
train,GB002,Low Risk,High Risk,6,104573,5.737618696986794e-05
train,GB002,Medium Risk,Low Risk,2961,104573,0.028315148269629827
train,GB002,Medium Risk,Medium Risk,26158,104573,0.2501410497929676
train,GB002,Medium Risk,High Risk,2004,104573,0.019163646447935893
train,GB002,High Risk,Low Risk,3,104573,2.868809348493397e-05
train,GB002,High Risk,Medium Risk,2242,104573,0.021439568531073986
train,GB002,High Risk,High Risk,27704,104573,0.2649249806355369
train,GB002,High Risk,Very High Risk,1658,104573,0.015854952999340175
train,GB002,Very High Risk,High Risk,1655,104573,0.01582626490585524
train,GB002,Very High Risk,Very High Risk,13541,104573,0.12948849129316362
train,GB002,Very High Risk,Extreme Risk,489,104573,0.004676159238044237
train,GB002,Extreme Risk,High Risk,3,104573,2.868809348493397e-05
train,GB002,Extreme Risk,Very High Risk,487,104573,0.004657033842387614
train,GB002,Extreme Risk,Extreme Risk,4740,104573,0.04532718770619567
train,GB003,Low Risk,Low Risk,17851,104573,0.17070371893318542
train,GB003,Low Risk,Medium Risk,3077,104573,0.02942442121771394
train,GB003,Medium Risk,Low Risk,3062,104573,0.029280980750289273
train,GB003,Medium Risk,Medium Risk,26121,104573,0.24978722997332006
train,GB003,Medium Risk,High Risk,1940,104573,0.01855163378692397
train,GB003,High Risk,Low Risk,1,104573,9.562697828311323e-06
train,GB003,High Risk,Medium Risk,2175,104573,0.020798867776577128
train,GB003,High Risk,High Risk,28096,104573,0.26867355818423494
train,GB003,High Risk,Very High Risk,1335,104573,0.012766201600795616
train,GB003,Very High Risk,High Risk,1331,104573,0.012727950809482372
train,GB003,Very High Risk,Very High Risk,13932,104573,0.13322750614403336
train,GB003,Very High Risk,Extreme Risk,422,104573,0.004035458483547379
train,GB003,Extreme Risk,High Risk,4,104573,3.825079131324529e-05
train,GB003,Extreme Risk,Very High Risk,419,104573,0.004006770390062445
train,GB003,Extreme Risk,Extreme Risk,4807,104573,0.04596788846069253
train,GB004,Low Risk,Low Risk,18018,104573,0.1723006894705134
train,GB004,Low Risk,Medium Risk,2910,104573,0.02782745068038595
train,GB004,Medium Risk,Low Risk,2896,104573,0.027693572910789593
train,GB004,Medium Risk,Medium Risk,26389,104573,0.2523500329913075
train,GB004,Medium Risk,High Risk,1838,104573,0.017576238608436212
train,GB004,High Risk,Medium Risk,2073,104573,0.01982347259808937
train,GB004,High Risk,High Risk,28224,104573,0.2698975835062588
train,GB004,High Risk,Very High Risk,1310,104573,0.012527134155087834
train,GB004,Very High Risk,High Risk,1306,104573,0.012488883363774588
train,GB004,Very High Risk,Very High Risk,13943,104573,0.1333326958201448
train,GB004,Very High Risk,Extreme Risk,436,104573,0.004169336253143737
train,GB004,Extreme Risk,High Risk,4,104573,3.825079131324529e-05
train,GB004,Extreme Risk,Very High Risk,433,104573,0.004140648159658803
train,GB004,Extreme Risk,Extreme Risk,4793,104573,0.045834010691096175
train,GNB001,Low Risk,Low Risk,13839,104573,0.1323381752460004
train,GNB001,Low Risk,Medium Risk,6993,104573,0.06687194591338108
train,GNB001,Low Risk,High Risk,93,104573,0.000889330898032953
train,GNB001,Low Risk,Very High Risk,3,104573,2.868809348493397e-05
train,GNB001,Medium Risk,Low Risk,4466,104573,0.04270700850123837
train,GNB001,Medium Risk,Medium Risk,17573,104573,0.1680452889369149
train,GNB001,Medium Risk,High Risk,9048,104573,0.08652328995056086
train,GNB001,Medium Risk,Very High Risk,32,104573,0.00030600633050596233
train,GNB001,Medium Risk,Extreme Risk,4,104573,3.825079131324529e-05
train,GNB001,High Risk,Low Risk,1976,104573,0.018895890908743173
train,GNB001,High Risk,Medium Risk,5591,104573,0.05346504355808861
train,GNB001,High Risk,High Risk,17548,104573,0.1678062214912071
train,GNB001,High Risk,Very High Risk,6114,104573,0.05846633452229543
train,GNB001,High Risk,Extreme Risk,378,104573,0.00361469977910168
train,GNB001,Very High Risk,Low Risk,518,104573,0.004953477475065265
train,GNB001,Very High Risk,Medium Risk,1139,104573,0.010891912826446597
train,GNB001,Very High Risk,High Risk,4087,104573,0.039082746024308376
train,GNB001,Very High Risk,Very High Risk,7476,104573,0.07149072896445545
train,GNB001,Very High Risk,Extreme Risk,2465,104573,0.023572050146787413
train,GNB001,Extreme Risk,Low Risk,115,104573,0.0010997102502558022
train,GNB001,Extreme Risk,Medium Risk,76,104573,0.0007267650349516606
train,GNB001,Extreme Risk,High Risk,596,104573,0.005699367905673549
train,GNB001,Extreme Risk,Very High Risk,2061,104573,0.019708720224149635
train,GNB001,Extreme Risk,Extreme Risk,2382,104573,0.02277834622703757
train,GNB007,Low Risk,Low Risk,15207,104573,0.1454199458751303
train,GNB007,Low Risk,Medium Risk,5682,104573,0.05433524906046494
train,GNB007,Low Risk,High Risk,39,104573,0.0003729452153041416
train,GNB007,Medium Risk,Low Risk,3941,104573,0.037686592141374924
train,GNB007,Medium Risk,Medium Risk,19559,104573,0.18703680682394117
train,GNB007,Medium Risk,High Risk,7621,104573,0.0728773201495606
train,GNB007,Medium Risk,Extreme Risk,2,104573,1.9125395656622646e-05
train,GNB007,High Risk,Low Risk,1460,104573,0.013961538829334532
train,GNB007,High Risk,Medium Risk,4998,104573,0.047794363745899994
train,GNB007,High Risk,High Risk,18832,104573,0.18008472550275884
train,GNB007,High Risk,Very High Risk,6016,104573,0.05752919013512092
train,GNB007,High Risk,Extreme Risk,301,104573,0.0028783720463217083
train,GNB007,Very High Risk,Low Risk,280,104573,0.0026775553919271707
train,GNB007,Very High Risk,Medium Risk,1058,104573,0.01011733430235338
train,GNB007,Very High Risk,High Risk,4366,104573,0.04175073871840724
train,GNB007,Very High Risk,Very High Risk,7895,104573,0.0754974993545179
train,GNB007,Very High Risk,Extreme Risk,2086,104573,0.01994778766985742
train,GNB007,Extreme Risk,Low Risk,26,104573,0.0002486301435360944
train,GNB007,Extreme Risk,Medium Risk,75,104573,0.0007172023371233492
train,GNB007,Extreme Risk,High Risk,514,104573,0.00491522668375202
train,GNB007,Extreme Risk,Very High Risk,1770,104573,0.016925975156111044
train,GNB007,Extreme Risk,Extreme Risk,2845,104573,0.027205875321545715
train,GNB008,Low Risk,Low Risk,13845,104573,0.13239555143297027
train,GNB008,Low Risk,Medium Risk,7062,104573,0.06753177206353457
train,GNB008,Low Risk,High Risk,21,104573,0.00020081665439453778
train,GNB008,Medium Risk,Low Risk,4412,104573,0.042190622818509556
train,GNB008,Medium Risk,Medium Risk,18935,104573,0.1810696833790749
train,GNB008,Medium Risk,High Risk,7774,104573,0.07434041291729222
train,GNB008,Medium Risk,Extreme Risk,2,104573,1.9125395656622646e-05
train,GNB008,High Risk,Low Risk,2009,104573,0.019211459937077447
train,GNB008,High Risk,Medium Risk,4357,104573,0.04166467443795244
train,GNB008,High Risk,High Risk,19001,104573,0.18170082143574345
train,GNB008,High Risk,Very High Risk,5940,104573,0.05680242510016926
train,GNB008,High Risk,Extreme Risk,300,104573,0.002868809348493397
train,GNB008,Very High Risk,Low Risk,533,104573,0.005096917942489935
train,GNB008,Very High Risk,Medium Risk,951,104573,0.009094125634724068
train,GNB008,Very High Risk,High Risk,4105,104573,0.03925487458521798
train,GNB008,Very High Risk,Very High Risk,7920,104573,0.07573656680022568
train,GNB008,Very High Risk,Extreme Risk,2176,104573,0.020808430474405438
train,GNB008,Extreme Risk,Low Risk,115,104573,0.0010997102502558022
train,GNB008,Extreme Risk,Medium Risk,67,104573,0.0006407007544968587
train,GNB008,Extreme Risk,High Risk,471,104573,0.004504030677134633
train,GNB008,Extreme Risk,Very High Risk,1826,104573,0.017461486234496476
train,GNB008,Extreme Risk,Extreme Risk,2751,104573,0.02630698172568445
train,GNB009,Low Risk,Low Risk,13764,104573,0.13162097290887706
train,GNB009,Low Risk,Medium Risk,7164,104573,0.06850716724202231
train,GNB009,Medium Risk,Low Risk,4386,104573,0.04194199267497346
train,GNB009,Medium Risk,Medium Risk,18348,104573,0.17545637975385617
train,GNB009,Medium Risk,High Risk,8387,104573,0.08020234668604707
train,GNB009,Medium Risk,Extreme Risk,2,104573,1.9125395656622646e-05
train,GNB009,High Risk,Low Risk,2104,104573,0.020119916230767025
train,GNB009,High Risk,Medium Risk,4826,104573,0.04614957971943045
train,GNB009,High Risk,High Risk,18483,104573,0.17674734396067818
train,GNB009,High Risk,Very High Risk,5910,104573,0.05651554416531992
train,GNB009,High Risk,Extreme Risk,284,104573,0.0027158061832404158
train,GNB009,Very High Risk,Low Risk,548,104573,0.005240358409914605
train,GNB009,Very High Risk,Medium Risk,972,104573,0.009294942289118606
train,GNB009,Very High Risk,High Risk,4020,104573,0.03844204526981152
train,GNB009,Very High Risk,Very High Risk,7821,104573,0.07478985971522285
train,GNB009,Very High Risk,Extreme Risk,2324,104573,0.022223709752995514
train,GNB009,Extreme Risk,Low Risk,112,104573,0.0010710221567708682
train,GNB009,Extreme Risk,Medium Risk,62,104573,0.000592887265355302
train,GNB009,Extreme Risk,High Risk,482,104573,0.004609220353246058
train,GNB009,Extreme Risk,Very High Risk,1955,104573,0.01869507425434864
train,GNB009,Extreme Risk,Extreme Risk,2619,104573,0.025044705612347354
train,GNB010,Low Risk,Low Risk,13748,104573,0.13146796974362407
train,GNB010,Low Risk,Medium Risk,7177,104573,0.06863148231379036
train,GNB010,Low Risk,High Risk,3,104573,2.868809348493397e-05
train,GNB010,Medium Risk,Low Risk,4404,104573,0.04211412123588307
train,GNB010,Medium Risk,Medium Risk,18224,104573,0.17427060522314555
train,GNB010,Medium Risk,High Risk,8491,104573,0.08119686726019144
train,GNB010,Medium Risk,Very High Risk,2,104573,1.9125395656622646e-05
train,GNB010,Medium Risk,Extreme Risk,2,104573,1.9125395656622646e-05
train,GNB010,High Risk,Low Risk,2099,104573,0.020072102741625467
train,GNB010,High Risk,Medium Risk,4926,104573,0.04710584950226158
train,GNB010,High Risk,High Risk,18363,104573,0.17559982022128082
train,GNB010,High Risk,Very High Risk,5924,104573,0.05664942193491628
train,GNB010,High Risk,Extreme Risk,295,104573,0.0028209958593518403
train,GNB010,Very High Risk,Low Risk,551,104573,0.005269046503399539
train,GNB010,Very High Risk,Medium Risk,979,104573,0.009361881173916786
train,GNB010,Very High Risk,High Risk,4044,104573,0.038671550017690993
train,GNB010,Very High Risk,Very High Risk,7709,104573,0.07371883755845199
train,GNB010,Very High Risk,Extreme Risk,2402,104573,0.0229696001836038
train,GNB010,Extreme Risk,Low Risk,112,104573,0.0010710221567708682
train,GNB010,Extreme Risk,Medium Risk,66,104573,0.0006311380566685473
train,GNB010,Extreme Risk,High Risk,471,104573,0.004504030677134633
train,GNB010,Extreme Risk,Very High Risk,2051,104573,0.019613093245866523
train,GNB010,Extreme Risk,Extreme Risk,2530,104573,0.024193625505627647
train,LASSOSTACK001,Low Risk,Low Risk,18954,104573,0.18125137463781282
train,LASSOSTACK001,Low Risk,Medium Risk,1974,104573,0.018876765513086553
train,LASSOSTACK001,Medium Risk,Low Risk,1960,104573,0.018742887743490193
train,LASSOSTACK001,Medium Risk,Medium Risk,26363,104573,0.25210140284777144
train,LASSOSTACK001,Medium Risk,High Risk,2800,104573,0.026775553919271704
train,LASSOSTACK001,High Risk,Medium Risk,3035,104573,0.029022787908924867
train,LASSOSTACK001,High Risk,High Risk,26566,104573,0.2540426305069186
train,LASSOSTACK001,High Risk,Very High Risk,2006,104573,0.019182771843592513
train,LASSOSTACK001,Very High Risk,High Risk,2006,104573,0.019182771843592513
train,LASSOSTACK001,Very High Risk,Very High Risk,13188,104573,0.12611285895976973
train,LASSOSTACK001,Very High Risk,Extreme Risk,491,104573,0.00469528463370086
train,LASSOSTACK001,Extreme Risk,Very High Risk,492,104573,0.004704847331529171
train,LASSOSTACK001,Extreme Risk,Extreme Risk,4738,104573,0.04530806231053905
train,LGB001,Low Risk,Low Risk,17855,104573,0.17074196972449868
train,LGB001,Low Risk,Medium Risk,3050,104573,0.029166228376349537
train,LGB001,Low Risk,High Risk,22,104573,0.0002103793522228491
train,LGB001,Low Risk,Very High Risk,1,104573,9.562697828311323e-06
train,LGB001,Medium Risk,Low Risk,3056,104573,0.029223604563319405
train,LGB001,Medium Risk,Medium Risk,25917,104573,0.24783643961634455
train,LGB001,Medium Risk,High Risk,2150,104573,0.020559800330869345
train,LGB001,High Risk,Low Risk,3,104573,2.868809348493397e-05
train,LGB001,High Risk,Medium Risk,2405,104573,0.022998288277088733
train,LGB001,High Risk,High Risk,27773,104573,0.26558480678569035
train,LGB001,High Risk,Very High Risk,1426,104573,0.013636407103171946
train,LGB001,Very High Risk,High Risk,1427,104573,0.013645969801000258
train,LGB001,Very High Risk,Very High Risk,13830,104573,0.1322521109655456
train,LGB001,Very High Risk,Extreme Risk,428,104573,0.004092834670517246
train,LGB001,Extreme Risk,Very High Risk,429,104573,0.004102397368345558
train,LGB001,Extreme Risk,Extreme Risk,4801,104573,0.04591051227372266
train,LGB002,Low Risk,Low Risk,17072,104573,0.16325437732493092
train,LGB002,Low Risk,Medium Risk,3801,104573,0.03634781444541134
train,LGB002,Low Risk,High Risk,53,104573,0.0005068229849005001
train,LGB002,Low Risk,Very High Risk,2,104573,1.9125395656622646e-05
train,LGB002,Medium Risk,Low Risk,3835,104573,0.03667294617157393
train,LGB002,Medium Risk,Medium Risk,24442,104573,0.23373146031958536
train,LGB002,Medium Risk,High Risk,2840,104573,0.027158061832404157
train,LGB002,Medium Risk,Very High Risk,6,104573,5.737618696986794e-05
train,LGB002,High Risk,Low Risk,7,104573,6.693888479817926e-05
train,LGB002,High Risk,Medium Risk,3129,104573,0.02992168150478613
train,LGB002,High Risk,High Risk,26576,104573,0.25413825748520175
train,LGB002,High Risk,Very High Risk,1892,104573,0.018092624291165024
train,LGB002,High Risk,Extreme Risk,3,104573,2.868809348493397e-05
train,LGB002,Very High Risk,High Risk,1903,104573,0.018197813967276447
train,LGB002,Very High Risk,Very High Risk,13258,104573,0.12678224780775152
train,LGB002,Very High Risk,Extreme Risk,524,104573,0.005010853662035133
train,LGB002,Extreme Risk,Very High Risk,528,104573,0.005049104453348378
train,LGB002,Extreme Risk,Extreme Risk,4702,104573,0.04496380518871984
train,LGB003,Low Risk,Low Risk,17621,104573,0.16850429843267384
train,LGB003,Low Risk,Medium Risk,3297,104573,0.03152821473994243
train,LGB003,Low Risk,High Risk,10,104573,9.562697828311323e-05
train,LGB003,Medium Risk,Low Risk,3293,104573,0.031489963948629185
train,LGB003,Medium Risk,Medium Risk,25709,104573,0.2458473984680558
train,LGB003,Medium Risk,High Risk,2121,104573,0.020282482093848316
train,LGB003,High Risk,Medium Risk,2366,104573,0.02262534306178459
train,LGB003,High Risk,High Risk,27802,104573,0.2658621250227114
train,LGB003,High Risk,Very High Risk,1439,104573,0.013760722174939994
train,LGB003,Very High Risk,High Risk,1438,104573,0.013751159477111682
train,LGB003,Very High Risk,Very High Risk,13817,104573,0.13212779589377754
train,LGB003,Very High Risk,Extreme Risk,430,104573,0.004111960066173869
train,LGB003,Extreme Risk,High Risk,1,104573,9.562697828311323e-06
train,LGB003,Extreme Risk,Very High Risk,429,104573,0.004102397368345558
train,LGB003,Extreme Risk,Extreme Risk,4800,104573,0.04590094957589435
train,LGB004,Low Risk,Low Risk,17685,104573,0.16911631109368574
train,LGB004,Low Risk,Medium Risk,3239,104573,0.030973578265900376
train,LGB004,Low Risk,High Risk,4,104573,3.825079131324529e-05
train,LGB004,Medium Risk,Low Risk,3228,104573,0.03086838858978895
train,LGB004,Medium Risk,Medium Risk,25863,104573,0.24732005393361575
train,LGB004,Medium Risk,High Risk,2032,104573,0.01943140198712861
train,LGB004,High Risk,Medium Risk,2270,104573,0.021707324070266702
train,LGB004,High Risk,High Risk,27929,104573,0.26707658764690695
train,LGB004,High Risk,Very High Risk,1408,104573,0.013464278542262342
train,LGB004,Very High Risk,Medium Risk,1,104573,9.562697828311323e-06
train,LGB004,Very High Risk,High Risk,1405,104573,0.013435590448777408
train,LGB004,Very High Risk,Very High Risk,13850,104573,0.13244336492211184
train,LGB004,Very High Risk,Extreme Risk,429,104573,0.004102397368345558
train,LGB004,Extreme Risk,High Risk,2,104573,1.9125395656622646e-05
train,LGB004,Extreme Risk,Very High Risk,428,104573,0.004092834670517246
train,LGB004,Extreme Risk,Extreme Risk,4800,104573,0.04590094957589435
train,LRSTACK001,Low Risk,Low Risk,19087,104573,0.18252321344897823
train,LRSTACK001,Low Risk,Medium Risk,1841,104573,0.017604926701921146
train,LRSTACK001,Medium Risk,Low Risk,1783,104573,0.01705029022787909
train,LRSTACK001,Medium Risk,Medium Risk,26700,104573,0.2553240320159123
train,LRSTACK001,Medium Risk,High Risk,2640,104573,0.025245522266741892
train,LRSTACK001,High Risk,Low Risk,44,104573,0.0004207587044456982
train,LRSTACK001,High Risk,Medium Risk,2831,104573,0.027071997551949355
train,LRSTACK001,High Risk,High Risk,26805,104573,0.256328115287885
train,LRSTACK001,High Risk,Very High Risk,1927,104573,0.01842731871515592
train,LRSTACK001,Very High Risk,High Risk,1925,104573,0.0184081933194993
train,LRSTACK001,Very High Risk,Very High Risk,13184,104573,0.12607460816845648
train,LRSTACK001,Very High Risk,Extreme Risk,576,104573,0.0055081139491073225
train,LRSTACK001,Extreme Risk,High Risk,2,104573,1.9125395656622646e-05
train,LRSTACK001,Extreme Risk,Very High Risk,575,104573,0.005498551251279011
train,LRSTACK001,Extreme Risk,Extreme Risk,4653,104573,0.04449523299513259
train,NN001,Low Risk,Low Risk,17488,104573,0.16723245962150843
train,NN001,Low Risk,Medium Risk,3412,104573,0.03262792499019823
train,NN001,Low Risk,High Risk,28,104573,0.00026775553919271706
train,NN001,Medium Risk,Low Risk,3393,104573,0.03244623373146032
train,NN001,Medium Risk,Medium Risk,25030,104573,0.23935432664263243
train,NN001,Medium Risk,High Risk,2700,104573,0.025819284136440572
train,NN001,High Risk,Low Risk,31,104573,0.000296443632677651
train,NN001,High Risk,Medium Risk,2925,104573,0.02797089114781062
train,NN001,High Risk,High Risk,26675,104573,0.2550849645702045
train,NN001,High Risk,Very High Risk,1976,104573,0.018895890908743173
train,NN001,Very High Risk,Low Risk,1,104573,9.562697828311323e-06
train,NN001,Very High Risk,Medium Risk,4,104573,3.825079131324529e-05
train,NN001,Very High Risk,High Risk,1964,104573,0.01878113853480344
train,NN001,Very High Risk,Very High Risk,13193,104573,0.1261606724489113
train,NN001,Very High Risk,Extreme Risk,523,104573,0.005001290964206822
train,NN001,Extreme Risk,Low Risk,1,104573,9.562697828311323e-06
train,NN001,Extreme Risk,Medium Risk,1,104573,9.562697828311323e-06
train,NN001,Extreme Risk,High Risk,5,104573,4.7813489141556616e-05
train,NN001,Extreme Risk,Very High Risk,517,104573,0.004943914777236954
train,NN001,Extreme Risk,Extreme Risk,4706,104573,0.04500205598003309
train,NN002,Low Risk,Low Risk,15938,104573,0.15241027798762588
train,NN002,Low Risk,Medium Risk,4983,104573,0.047650923278475324
train,NN002,Low Risk,High Risk,7,104573,6.693888479817926e-05
train,NN002,Medium Risk,Low Risk,4734,104573,0.0452698115192258
train,NN002,Medium Risk,Medium Risk,23365,104573,0.22343243475849406
train,NN002,Medium Risk,High Risk,3023,104573,0.02890803553498513
train,NN002,Medium Risk,Very High Risk,1,104573,9.562697828311323e-06
train,NN002,High Risk,Low Risk,240,104573,0.0022950474787947176
train,NN002,High Risk,Medium Risk,2965,104573,0.028353399060943075
train,NN002,High Risk,High Risk,25915,104573,0.24781731422068795
train,NN002,High Risk,Very High Risk,2486,104573,0.02377286680118195
train,NN002,High Risk,Extreme Risk,1,104573,9.562697828311323e-06
train,NN002,Very High Risk,Low Risk,1,104573,9.562697828311323e-06
train,NN002,Very High Risk,Medium Risk,58,104573,0.0005546364740420568
train,NN002,Very High Risk,High Risk,2414,104573,0.023084352557543535
train,NN002,Very High Risk,Very High Risk,12490,104573,0.11943809587560843
train,NN002,Very High Risk,Extreme Risk,722,104573,0.006904267832040775
train,NN002,Extreme Risk,Low Risk,1,104573,9.562697828311323e-06
train,NN002,Extreme Risk,Medium Risk,1,104573,9.562697828311323e-06
train,NN002,Extreme Risk,High Risk,13,104573,0.0001243150717680472
train,NN002,Extreme Risk,Very High Risk,709,104573,0.006779952760272728
train,NN002,Extreme Risk,Extreme Risk,4506,104573,0.043089516414370824
train,NN003,Low Risk,Low Risk,16482,104573,0.15761238560622723
train,NN003,Low Risk,Medium Risk,4439,104573,0.04244881565987396
train,NN003,Low Risk,High Risk,7,104573,6.693888479817926e-05
train,NN003,Medium Risk,Low Risk,4320,104573,0.041310854618304915
train,NN003,Medium Risk,Medium Risk,24333,104573,0.23268912625629942
train,NN003,Medium Risk,High Risk,2470,104573,0.023619863635928967
train,NN003,High Risk,Low Risk,99,104573,0.0009467070850028209
train,NN003,High Risk,Medium Risk,2580,104573,0.024671760397043215
train,NN003,High Risk,High Risk,27078,104573,0.25893873179501403
train,NN003,High Risk,Very High Risk,1850,104573,0.017690990982375948
train,NN003,Very High Risk,Low Risk,13,104573,0.0001243150717680472
train,NN003,Very High Risk,Medium Risk,19,104573,0.00018169125873791515
train,NN003,Very High Risk,High Risk,1812,104573,0.017327608464900116
train,NN003,Very High Risk,Very High Risk,13336,104573,0.12752813823835982
train,NN003,Very High Risk,Extreme Risk,505,104573,0.004829162403297218
train,NN003,Extreme Risk,Medium Risk,1,104573,9.562697828311323e-06
train,NN003,Extreme Risk,High Risk,5,104573,4.7813489141556616e-05
train,NN003,Extreme Risk,Very High Risk,500,104573,0.004781348914155661
train,NN003,Extreme Risk,Extreme Risk,4724,104573,0.04517418454094269
train,NN004,Low Risk,Low Risk,16620,104573,0.15893203790653418
train,NN004,Low Risk,Medium Risk,4298,104573,0.04110047526608207
train,NN004,Low Risk,High Risk,10,104573,9.562697828311323e-05
train,NN004,Medium Risk,Low Risk,4214,104573,0.04029720864850392
train,NN004,Medium Risk,Medium Risk,23708,104573,0.22671244011360486
train,NN004,Medium Risk,High Risk,3201,104573,0.030610195748424544
train,NN004,High Risk,Low Risk,80,104573,0.0007650158262649059
train,NN004,High Risk,Medium Risk,3354,104573,0.03207328851615618
train,NN004,High Risk,High Risk,25783,104573,0.24655503810735085
train,NN004,High Risk,Very High Risk,2390,104573,0.022854847809664063
train,NN004,Very High Risk,Medium Risk,11,104573,0.00010518967611142455
train,NN004,Very High Risk,High Risk,2371,104573,0.02267315655092615
train,NN004,Very High Risk,Very High Risk,12652,104573,0.12098725292379486
train,NN004,Very High Risk,Extreme Risk,651,104573,0.006225316286230672
train,NN004,Extreme Risk,Medium Risk,1,104573,9.562697828311323e-06
train,NN004,Extreme Risk,High Risk,7,104573,6.693888479817926e-05
train,NN004,Extreme Risk,Very High Risk,644,104573,0.006158377401432492
train,NN004,Extreme Risk,Extreme Risk,4578,104573,0.04377803065800924
train,NN005,Low Risk,Low Risk,15579,104573,0.1489772694672621
train,NN005,Low Risk,Medium Risk,5283,104573,0.05051973262696872
train,NN005,Low Risk,High Risk,66,104573,0.0006311380566685473
train,NN005,Medium Risk,Low Risk,4795,104573,0.045853136086752795
train,NN005,Medium Risk,Medium Risk,20847,104573,0.19935356162680615
train,NN005,Medium Risk,High Risk,5472,104573,0.05232708251651956
train,NN005,Medium Risk,Very High Risk,9,104573,8.606428045480191e-05
train,NN005,High Risk,Low Risk,476,104573,0.00455184416627619
train,NN005,High Risk,Medium Risk,4775,104573,0.04566188213018657
train,NN005,High Risk,High Risk,22029,104573,0.21065667045987013
train,NN005,High Risk,Very High Risk,4280,104573,0.040928346705172466
train,NN005,High Risk,Extreme Risk,47,104573,0.0004494467979306322
train,NN005,Very High Risk,Low Risk,56,104573,0.0005355110783854341
train,NN005,Very High Risk,Medium Risk,453,104573,0.004331902116225029
train,NN005,Very High Risk,High Risk,3661,104573,0.035009036749447754
train,NN005,Very High Risk,Very High Risk,10550,104573,0.10088646208868446
train,NN005,Very High Risk,Extreme Risk,965,104573,0.009228003404320426
train,NN005,Extreme Risk,Low Risk,8,104573,7.650158262649058e-05
train,NN005,Extreme Risk,Medium Risk,14,104573,0.00013387776959635853
train,NN005,Extreme Risk,High Risk,145,104573,0.0013865911851051419
train,NN005,Extreme Risk,Very High Risk,846,104573,0.00809004236275138
train,NN005,Extreme Risk,Extreme Risk,4217,104573,0.04032589674198885
train,NN006,Low Risk,Low Risk,17524,104573,0.16757671674332764
train,NN006,Low Risk,Medium Risk,3404,104573,0.03255142340757174
train,NN006,Medium Risk,Low Risk,3306,104573,0.031614279020397235
train,NN006,Medium Risk,Medium Risk,25415,104573,0.2430359653065323
train,NN006,Medium Risk,High Risk,2402,104573,0.0229696001836038
train,NN006,High Risk,Low Risk,82,104573,0.0007841412219215285
train,NN006,High Risk,Medium Risk,2544,104573,0.024327503275224007
train,NN006,High Risk,High Risk,26964,104573,0.2578485842425865
train,NN006,High Risk,Very High Risk,2017,104573,0.01928796151970394
train,NN006,Very High Risk,Low Risk,1,104573,9.562697828311323e-06
train,NN006,Very High Risk,Medium Risk,8,104573,7.650158262649058e-05
train,NN006,Very High Risk,High Risk,2000,104573,0.019125395656622645
train,NN006,Very High Risk,Very High Risk,13129,104573,0.12554865978789936
train,NN006,Very High Risk,Extreme Risk,547,104573,0.0052307957120862935
train,NN006,Extreme Risk,Low Risk,1,104573,9.562697828311323e-06
train,NN006,Extreme Risk,Medium Risk,1,104573,9.562697828311323e-06
train,NN006,Extreme Risk,High Risk,6,104573,5.737618696986794e-05
train,NN006,Extreme Risk,Very High Risk,540,104573,0.005163856827288114
train,NN006,Extreme Risk,Extreme Risk,4682,104573,0.044772551232153616
train,NN007,Low Risk,Low Risk,17410,104573,0.16648656919090013
train,NN007,Low Risk,Medium Risk,3514,104573,0.03360332016868599
train,NN007,Low Risk,High Risk,4,104573,3.825079131324529e-05
train,NN007,Medium Risk,Low Risk,3450,104573,0.03299130750767407
train,NN007,Medium Risk,Medium Risk,25453,104573,0.2433993478240081
train,NN007,Medium Risk,High Risk,2220,104573,0.021229189178851138
train,NN007,High Risk,Low Risk,54,104573,0.0005163856827288115
train,NN007,High Risk,Medium Risk,2401,104573,0.02296003748577549
train,NN007,High Risk,High Risk,27542,104573,0.26337582358735045
train,NN007,High Risk,Very High Risk,1610,104573,0.015395943503581231
train,NN007,Very High Risk,Medium Risk,3,104573,2.868809348493397e-05
train,NN007,Very High Risk,High Risk,1602,104573,0.01531944192095474
train,NN007,Very High Risk,Very High Risk,13560,104573,0.12967018255190155
train,NN007,Very High Risk,Extreme Risk,520,104573,0.004972602870721888
train,NN007,Extreme Risk,Medium Risk,1,104573,9.562697828311323e-06
train,NN007,Extreme Risk,High Risk,4,104573,3.825079131324529e-05
train,NN007,Extreme Risk,Very High Risk,516,104573,0.004934352079408642
train,NN007,Extreme Risk,Extreme Risk,4709,104573,0.04503074407351802
train,NN008,Low Risk,Low Risk,17683,104573,0.16909718569802912
train,NN008,Low Risk,Medium Risk,3245,104573,0.031030954452870244
train,NN008,Medium Risk,Low Risk,3218,104573,0.030772761611505838
train,NN008,Medium Risk,Medium Risk,26079,104573,0.249385596664531
train,NN008,Medium Risk,High Risk,1826,104573,0.017461486234496476
train,NN008,High Risk,Low Risk,12,104573,0.00011475237393973588
train,NN008,High Risk,Medium Risk,2044,104573,0.019546154361068345
train,NN008,High Risk,High Risk,28031,104573,0.2680519828253947
train,NN008,High Risk,Very High Risk,1520,104573,0.01453530069903321
train,NN008,Very High Risk,Low Risk,1,104573,9.562697828311323e-06
train,NN008,Very High Risk,Medium Risk,3,104573,2.868809348493397e-05
train,NN008,Very High Risk,High Risk,1509,104573,0.014430111022921787
train,NN008,Very High Risk,Very High Risk,13700,104573,0.13100896024786512
train,NN008,Very High Risk,Extreme Risk,472,104573,0.004513593374962944
train,NN008,Extreme Risk,Medium Risk,1,104573,9.562697828311323e-06
train,NN008,Extreme Risk,High Risk,6,104573,5.737618696986794e-05
train,NN008,Extreme Risk,Very High Risk,466,104573,0.004456217187993077
train,NN008,Extreme Risk,Extreme Risk,4757,104573,0.04548975356927697
train,NN009,Low Risk,Low Risk,17994,104573,0.17207118472263394
train,NN009,Low Risk,Medium Risk,2932,104573,0.0280378300326088
train,NN009,Low Risk,High Risk,2,104573,1.9125395656622646e-05
train,NN009,Medium Risk,Low Risk,2866,104573,0.027406691975940253
train,NN009,Medium Risk,Medium Risk,26102,104573,0.24960553871458216
train,NN009,Medium Risk,High Risk,2155,104573,0.0206076138200109
train,NN009,High Risk,Low Risk,54,104573,0.0005163856827288115
train,NN009,High Risk,Medium Risk,2336,104573,0.02233846212693525
train,NN009,High Risk,High Risk,27079,104573,0.25894829449284235
train,NN009,High Risk,Very High Risk,2138,104573,0.02044504795692961
train,NN009,Very High Risk,Medium Risk,1,104573,9.562697828311323e-06
train,NN009,Very High Risk,High Risk,2135,104573,0.020416359863444675
train,NN009,Very High Risk,Very High Risk,13036,104573,0.1246593288898664
train,NN009,Very High Risk,Extreme Risk,513,104573,0.004905663985923709
train,NN009,Extreme Risk,Medium Risk,1,104573,9.562697828311323e-06
train,NN009,Extreme Risk,High Risk,1,104573,9.562697828311323e-06
train,NN009,Extreme Risk,Very High Risk,512,104573,0.004896101288095397
train,NN009,Extreme Risk,Extreme Risk,4716,104573,0.0450976829583162
train,NN010,Low Risk,Low Risk,15483,104573,0.14805925047574423
train,NN010,Low Risk,Medium Risk,4988,104573,0.04769873676761688
train,NN010,Low Risk,High Risk,454,104573,0.004341464814053341
train,NN010,Low Risk,Very High Risk,3,104573,2.868809348493397e-05
train,NN010,Medium Risk,Low Risk,5428,104573,0.051906323812073864
train,NN010,Medium Risk,Medium Risk,21945,104573,0.20985340384229198
train,NN010,Medium Risk,High Risk,3692,104573,0.03530548038212541
train,NN010,Medium Risk,Very High Risk,58,104573,0.0005546364740420568
train,NN010,High Risk,Low Risk,3,104573,2.868809348493397e-05
train,NN010,High Risk,Medium Risk,4437,104573,0.04242969026421734
train,NN010,High Risk,High Risk,24141,104573,0.23085308827326365
train,NN010,High Risk,Very High Risk,3024,104573,0.02891759823281344
train,NN010,High Risk,Extreme Risk,2,104573,1.9125395656622646e-05
train,NN010,Very High Risk,Medium Risk,1,104573,9.562697828311323e-06
train,NN010,Very High Risk,High Risk,3080,104573,0.029453109311198874
train,NN010,Very High Risk,Very High Risk,11998,104573,0.11473324854407925
train,NN010,Very High Risk,Extreme Risk,606,104573,0.005794994883956662
train,NN010,Extreme Risk,Medium Risk,1,104573,9.562697828311323e-06
train,NN010,Extreme Risk,High Risk,5,104573,4.7813489141556616e-05
train,NN010,Extreme Risk,Very High Risk,603,104573,0.005766306790471728
train,NN010,Extreme Risk,Extreme Risk,4621,104573,0.04418922666462662
train,NN011,Low Risk,Low Risk,16001,104573,0.15301272795080947
train,NN011,Low Risk,Medium Risk,4922,104573,0.04706759871094833
train,NN011,Low Risk,High Risk,5,104573,4.7813489141556616e-05
train,NN011,Medium Risk,Low Risk,4638,104573,0.04435179252770792
train,NN011,Medium Risk,Medium Risk,23434,104573,0.22409226090864756
train,NN011,Medium Risk,High Risk,3049,104573,0.029156665678521224
train,NN011,Medium Risk,Very High Risk,2,104573,1.9125395656622646e-05
train,NN011,High Risk,Low Risk,272,104573,0.0026010538093006797
train,NN011,High Risk,Medium Risk,2949,104573,0.02820039589569009
train,NN011,High Risk,High Risk,25888,104573,0.24755912137932354
train,NN011,High Risk,Very High Risk,2496,104573,0.023868493779465063
train,NN011,High Risk,Extreme Risk,2,104573,1.9125395656622646e-05
train,NN011,Very High Risk,Low Risk,2,104573,1.9125395656622646e-05
train,NN011,Very High Risk,Medium Risk,66,104573,0.0006311380566685473
train,NN011,Very High Risk,High Risk,2416,104573,0.02310347795320016
train,NN011,Very High Risk,Very High Risk,12464,104573,0.11918946573207233
train,NN011,Very High Risk,Extreme Risk,737,104573,0.007047708299465445
train,NN011,Extreme Risk,Low Risk,1,104573,9.562697828311323e-06
train,NN011,Extreme Risk,Medium Risk,1,104573,9.562697828311323e-06
train,NN011,Extreme Risk,High Risk,14,104573,0.00013387776959635853
train,NN011,Extreme Risk,Very High Risk,724,104573,0.006923393227697398
train,NN011,Extreme Risk,Extreme Risk,4490,104573,0.04293651324911784
train,NN012,Low Risk,Low Risk,17972,104573,0.1718608053704111
train,NN012,Low Risk,Medium Risk,2948,104573,0.02819083319786178
train,NN012,Low Risk,High Risk,8,104573,7.650158262649058e-05
train,NN012,Medium Risk,Low Risk,2881,104573,0.027550132443364923
train,NN012,Medium Risk,Medium Risk,25100,104573,0.24002371549061421
train,NN012,Medium Risk,High Risk,3142,104573,0.030045996576554178
train,NN012,High Risk,Low Risk,59,104573,0.000564199171870368
train,NN012,High Risk,Medium Risk,3286,104573,0.03142302506383101
train,NN012,High Risk,High Risk,25735,104573,0.2460960286115919
train,NN012,High Risk,Very High Risk,2527,104573,0.024164937412142713
train,NN012,Very High Risk,Low Risk,1,104573,9.562697828311323e-06
train,NN012,Very High Risk,Medium Risk,37,104573,0.000353819819647519
train,NN012,Very High Risk,High Risk,2475,104573,0.023667677125070525
train,NN012,Very High Risk,Very High Risk,12370,104573,0.11829057213621107
train,NN012,Very High Risk,Extreme Risk,802,104573,0.0076692836583056815
train,NN012,Extreme Risk,Low Risk,1,104573,9.562697828311323e-06
train,NN012,Extreme Risk,Medium Risk,1,104573,9.562697828311323e-06
train,NN012,Extreme Risk,High Risk,12,104573,0.00011475237393973588
train,NN012,Extreme Risk,Very High Risk,789,104573,0.007544968586537634
train,NN012,Extreme Risk,Extreme Risk,4427,104573,0.042334063285934226
train,NN013,Low Risk,Low Risk,17413,104573,0.16651525728438507
train,NN013,Low Risk,Medium Risk,3503,104573,0.033498130492574565
train,NN013,Low Risk,High Risk,12,104573,0.00011475237393973588
train,NN013,Medium Risk,Low Risk,3471,104573,0.033192124162068605
train,NN013,Medium Risk,Medium Risk,24959,104573,0.23867537509682232
train,NN013,Medium Risk,High Risk,2693,104573,0.025752345251642394
train,NN013,High Risk,Low Risk,28,104573,0.00026775553919271706
train,NN013,High Risk,Medium Risk,2900,104573,0.027731823702102837
train,NN013,High Risk,High Risk,26407,104573,0.25252216155221713
train,NN013,High Risk,Very High Risk,2272,104573,0.021726449465923326
train,NN013,Very High Risk,Low Risk,1,104573,9.562697828311323e-06
train,NN013,Very High Risk,Medium Risk,9,104573,8.606428045480191e-05
train,NN013,Very High Risk,High Risk,2255,104573,0.021563883602842032
train,NN013,Very High Risk,Very High Risk,12748,104573,0.12190527191531275
train,NN013,Very High Risk,Extreme Risk,672,104573,0.006426132940625209
train,NN013,Extreme Risk,Low Risk,1,104573,9.562697828311323e-06
train,NN013,Extreme Risk,Medium Risk,1,104573,9.562697828311323e-06
train,NN013,Extreme Risk,High Risk,5,104573,4.7813489141556616e-05
train,NN013,Extreme Risk,Very High Risk,666,104573,0.006368756753655341
train,NN013,Extreme Risk,Extreme Risk,4557,104573,0.0435772140036147
train,NN014,Low Risk,Low Risk,16440,104573,0.15721075229743817
train,NN014,Low Risk,Medium Risk,4486,104573,0.0428982624578046
train,NN014,Low Risk,High Risk,2,104573,1.9125395656622646e-05
train,NN014,Medium Risk,Low Risk,4216,104573,0.04031633404416054
train,NN014,Medium Risk,Medium Risk,22687,104573,0.216948925630899
train,NN014,Medium Risk,High Risk,4220,104573,0.040354584835473786
train,NN014,High Risk,Low Risk,257,104573,0.00245761334187601
train,NN014,High Risk,Medium Risk,4144,104573,0.03962781980052212
train,NN014,High Risk,High Risk,24626,104573,0.23549099671999466
train,NN014,High Risk,Very High Risk,2580,104573,0.024671760397043215
train,NN014,Very High Risk,Low Risk,1,104573,9.562697828311323e-06
train,NN014,Very High Risk,Medium Risk,54,104573,0.0005163856827288115
train,NN014,Very High Risk,High Risk,2516,104573,0.02405974773603129
train,NN014,Very High Risk,Very High Risk,12428,104573,0.11884520861025312
train,NN014,Very High Risk,Extreme Risk,686,104573,0.006560010710221568
train,NN014,Extreme Risk,Medium Risk,1,104573,9.562697828311323e-06
train,NN014,Extreme Risk,High Risk,8,104573,7.650158262649058e-05
train,NN014,Extreme Risk,Very High Risk,677,104573,0.006473946429766766
train,NN014,Extreme Risk,Extreme Risk,4544,104573,0.04345289893184665
train,NN015,Low Risk,Low Risk,16424,104573,0.15705774913218518
train,NN015,Low Risk,Medium Risk,4504,104573,0.043070391018714196
train,NN015,Medium Risk,Low Risk,4227,104573,0.04042152372027196
train,NN015,Medium Risk,Medium Risk,23092,104573,0.22082181825136507
train,NN015,Medium Risk,High Risk,3804,104573,0.03637650253889627
train,NN015,High Risk,Low Risk,262,104573,0.0025054268310175667
train,NN015,High Risk,Medium Risk,3721,104573,0.035582798619146434
train,NN015,High Risk,High Risk,25084,104573,0.23987071232536122
train,NN015,High Risk,Very High Risk,2540,104573,0.02428925248391076
train,NN015,Very High Risk,Low Risk,1,104573,9.562697828311323e-06
train,NN015,Very High Risk,Medium Risk,54,104573,0.0005163856827288115
train,NN015,Very High Risk,High Risk,2477,104573,0.02368680252072715
train,NN015,Very High Risk,Very High Risk,12516,104573,0.11968672601914453
train,NN015,Very High Risk,Extreme Risk,637,104573,0.006091438516634313
train,NN015,Extreme Risk,Medium Risk,1,104573,9.562697828311323e-06
train,NN015,Extreme Risk,High Risk,7,104573,6.693888479817926e-05
train,NN015,Extreme Risk,Very High Risk,632,104573,0.006043625027492756
train,NN015,Extreme Risk,Extreme Risk,4590,104573,0.043892783031948976
train,NN016,Low Risk,Low Risk,16928,104573,0.1618773488376541
train,NN016,Low Risk,Medium Risk,3992,104573,0.0381742897306188
train,NN016,Low Risk,High Risk,8,104573,7.650158262649058e-05
train,NN016,Medium Risk,Low Risk,3914,104573,0.03742839930001052
train,NN016,Medium Risk,Medium Risk,23838,104573,0.22795559083128533
train,NN016,Medium Risk,High Risk,3369,104573,0.03221672898358085
train,NN016,Medium Risk,Very High Risk,2,104573,1.9125395656622646e-05
train,NN016,High Risk,Low Risk,72,104573,0.0006885142436384153
train,NN016,High Risk,Medium Risk,3517,104573,0.03363200826217092
train,NN016,High Risk,High Risk,25296,104573,0.24189800426496322
train,NN016,High Risk,Very High Risk,2722,104573,0.02602966348866342
train,NN016,Very High Risk,Medium Risk,22,104573,0.0002103793522228491
train,NN016,Very High Risk,High Risk,2694,104573,0.025761907949470704
train,NN016,Very High Risk,Very High Risk,12300,104573,0.11762118328822928
train,NN016,Very High Risk,Extreme Risk,669,104573,0.006397444847140275
train,NN016,Extreme Risk,Medium Risk,3,104573,2.868809348493397e-05
train,NN016,Extreme Risk,High Risk,5,104573,4.7813489141556616e-05
train,NN016,Extreme Risk,Very High Risk,662,104573,0.006330505962342096
train,NN016,Extreme Risk,Extreme Risk,4560,104573,0.043605902097099636
train,NN017,Low Risk,Low Risk,15808,104573,0.15116712726994538
train,NN017,Low Risk,Medium Risk,5118,104573,0.048941887485297354
train,NN017,Low Risk,High Risk,2,104573,1.9125395656622646e-05
train,NN017,Medium Risk,Low Risk,4972,104573,0.0475457336023639
train,NN017,Medium Risk,Medium Risk,22395,104573,0.2141566178650321
train,NN017,Medium Risk,High Risk,3756,104573,0.03591749304313733
train,NN017,High Risk,Low Risk,134,104573,0.0012814015089937173
train,NN017,High Risk,Medium Risk,3841,104573,0.036730322358543795
train,NN017,High Risk,High Risk,25163,104573,0.24062616545379784
train,NN017,High Risk,Very High Risk,2469,104573,0.023610300938100657
train,NN017,Very High Risk,Medium Risk,17,104573,0.00016256586308129248
train,NN017,Very High Risk,High Risk,2443,104573,0.02336167079456456
train,NN017,Very High Risk,Very High Risk,12619,104573,0.12067168389546058
train,NN017,Very High Risk,Extreme Risk,606,104573,0.005794994883956662
train,NN017,Extreme Risk,Medium Risk,1,104573,9.562697828311323e-06
train,NN017,Extreme Risk,High Risk,8,104573,7.650158262649058e-05
train,NN017,Extreme Risk,Very High Risk,598,104573,0.005718493301330172
train,NN017,Extreme Risk,Extreme Risk,4623,104573,0.04420835206028325
train,NN018,Low Risk,Low Risk,17664,104573,0.16891549443929121
train,NN018,Low Risk,Medium Risk,3261,104573,0.031183957618123224
train,NN018,Low Risk,High Risk,3,104573,2.868809348493397e-05
train,NN018,Medium Risk,Low Risk,3243,104573,0.03101182905721362
train,NN018,Medium Risk,Medium Risk,25330,104573,0.24222313599112583
train,NN018,Medium Risk,High Risk,2548,104573,0.02436575406653725
train,NN018,Medium Risk,Very High Risk,2,104573,1.9125395656622646e-05
train,NN018,High Risk,Low Risk,7,104573,6.693888479817926e-05
train,NN018,High Risk,Medium Risk,2780,104573,0.02658429996270548
train,NN018,High Risk,High Risk,26675,104573,0.2550849645702045
train,NN018,High Risk,Very High Risk,2144,104573,0.020502424143899477
train,NN018,High Risk,Extreme Risk,1,104573,9.562697828311323e-06
train,NN018,Very High Risk,High Risk,2145,104573,0.020511986841727788
train,NN018,Very High Risk,Very High Risk,12950,104573,0.12383693687663164
train,NN018,Very High Risk,Extreme Risk,590,104573,0.005641991718703681
train,NN018,Extreme Risk,Medium Risk,1,104573,9.562697828311323e-06
train,NN018,Extreme Risk,High Risk,1,104573,9.562697828311323e-06
train,NN018,Extreme Risk,Very High Risk,590,104573,0.005641991718703681
train,NN018,Extreme Risk,Extreme Risk,4638,104573,0.04435179252770792
train,NN019,Low Risk,Low Risk,17106,104573,0.1635795090510935
train,NN019,Low Risk,Medium Risk,3822,104573,0.03654863109980588
train,NN019,Medium Risk,Low Risk,3802,104573,0.03635737714323965
train,NN019,Medium Risk,Medium Risk,24804,104573,0.23719315693343407
train,NN019,Medium Risk,High Risk,2517,104573,0.0240693104338596
train,NN019,High Risk,Low Risk,6,104573,5.737618696986794e-05
train,NN019,High Risk,Medium Risk,2745,104573,0.026249605538714582
train,NN019,High Risk,High Risk,26779,104573,0.2560794851443489
train,NN019,High Risk,Very High Risk,2077,104573,0.01986172338940262
train,NN019,Very High Risk,Medium Risk,1,104573,9.562697828311323e-06
train,NN019,Very High Risk,High Risk,2071,104573,0.01980434720243275
train,NN019,Very High Risk,Very High Risk,13080,104573,0.1250800875943121
train,NN019,Very High Risk,Extreme Risk,533,104573,0.005096917942489935
train,NN019,Extreme Risk,High Risk,5,104573,4.7813489141556616e-05
train,NN019,Extreme Risk,Very High Risk,529,104573,0.00505866715117669
train,NN019,Extreme Risk,Extreme Risk,4696,104573,0.04490642900174997
train,NNSTACK001,Low Risk,Low Risk,19406,104573,0.18557371405620954
train,NNSTACK001,Low Risk,Medium Risk,1522,104573,0.014554426094689835
train,NNSTACK001,Medium Risk,Low Risk,1431,104573,0.013684220592313504
train,NNSTACK001,Medium Risk,Medium Risk,27465,104573,0.26263949585457047
train,NNSTACK001,Medium Risk,High Risk,2227,104573,0.021296128063649316
train,NNSTACK001,High Risk,Low Risk,77,104573,0.0007363277327799718
train,NNSTACK001,High Risk,Medium Risk,2385,104573,0.022807034320522505
train,NNSTACK001,High Risk,High Risk,27391,104573,0.2619318562152754
train,NNSTACK001,High Risk,Very High Risk,1754,104573,0.01677297199085806
train,NNSTACK001,Very High Risk,High Risk,1754,104573,0.01677297199085806
train,NNSTACK001,Very High Risk,Very High Risk,13353,104573,0.1276907041014411
train,NNSTACK001,Very High Risk,Extreme Risk,578,104573,0.005527239344763945
train,NNSTACK001,Extreme Risk,Very High Risk,579,104573,0.0055368020425922565
train,NNSTACK001,Extreme Risk,Extreme Risk,4651,104573,0.04447610759947596
train,RASTACK001,Low Risk,Low Risk,18062,104573,0.17272144817495913
train,RASTACK001,Low Risk,Medium Risk,2866,104573,0.027406691975940253
train,RASTACK001,Medium Risk,Low Risk,2840,104573,0.027158061832404157
train,RASTACK001,Medium Risk,Medium Risk,25308,104573,0.24201275663890295
train,RASTACK001,Medium Risk,High Risk,2975,104573,0.028449026039226187
train,RASTACK001,High Risk,Low Risk,12,104573,0.00011475237393973588
train,RASTACK001,High Risk,Medium Risk,3192,104573,0.030524131467969742
train,RASTACK001,High Risk,High Risk,25588,104573,0.24469031203083014
train,RASTACK001,High Risk,Very High Risk,2815,104573,0.026918994386696374
train,RASTACK001,Very High Risk,Medium Risk,5,104573,4.7813489141556616e-05
train,RASTACK001,Very High Risk,High Risk,2763,104573,0.026421734099624186
train,RASTACK001,Very High Risk,Very High Risk,11972,104573,0.11448461840054316
train,RASTACK001,Very High Risk,Extreme Risk,945,104573,0.0090367494477542
train,RASTACK001,Extreme Risk,Medium Risk,1,104573,9.562697828311323e-06
train,RASTACK001,Extreme Risk,High Risk,46,104573,0.0004398841001023209
train,RASTACK001,Extreme Risk,Very High Risk,899,104573,0.00859686534765188
train,RASTACK001,Extreme Risk,Extreme Risk,4284,104573,0.04096659749648571
train,RF001,Low Risk,Low Risk,17983,104573,0.17196599504652252
train,RF001,Low Risk,Medium Risk,2945,104573,0.028162145104376847
train,RF001,Medium Risk,Low Risk,2928,104573,0.027999579241295553
train,RF001,Medium Risk,Medium Risk,25328,104573,0.2422040105954692
train,RF001,Medium Risk,High Risk,2866,104573,0.027406691975940253
train,RF001,Medium Risk,Very High Risk,1,104573,9.562697828311323e-06
train,RF001,High Risk,Low Risk,3,104573,2.868809348493397e-05
train,RF001,High Risk,Medium Risk,3097,104573,0.029615675174280168
train,RF001,High Risk,High Risk,25580,104573,0.24461381044820366
train,RF001,High Risk,Very High Risk,2927,104573,0.027990016543467243
train,RF001,Very High Risk,Medium Risk,2,104573,1.9125395656622646e-05
train,RF001,Very High Risk,High Risk,2914,104573,0.027865701471699197
train,RF001,Very High Risk,Very High Risk,12015,104573,0.11489581440716055
train,RF001,Very High Risk,Extreme Risk,754,104573,0.007210274162546737
train,RF001,Extreme Risk,High Risk,12,104573,0.00011475237393973588
train,RF001,Extreme Risk,Very High Risk,743,104573,0.007105084486435313
train,RF001,Extreme Risk,Extreme Risk,4475,104573,0.04279307278169317
train,RF002,Low Risk,Low Risk,18105,104573,0.1731326441815765
train,RF002,Low Risk,Medium Risk,2823,104573,0.026995495969322866
train,RF002,Medium Risk,Low Risk,2806,104573,0.026832930106241572
train,RF002,Medium Risk,Medium Risk,25890,104573,0.24757824677498017
train,RF002,Medium Risk,High Risk,2427,104573,0.02320866762931158
train,RF002,High Risk,Low Risk,3,104573,2.868809348493397e-05
train,RF002,High Risk,Medium Risk,2657,104573,0.025408088129823186
train,RF002,High Risk,High Risk,26990,104573,0.2580972143861226
train,RF002,High Risk,Very High Risk,1957,104573,0.01871419965000526
train,RF002,Very High Risk,Medium Risk,2,104573,1.9125395656622646e-05
train,RF002,Very High Risk,High Risk,1949,104573,0.01863769806737877
train,RF002,Very High Risk,Very High Risk,13063,104573,0.12491752173123082
train,RF002,Very High Risk,Extreme Risk,671,104573,0.006416570242796898
train,RF002,Extreme Risk,High Risk,6,104573,5.737618696986794e-05
train,RF002,Extreme Risk,Very High Risk,666,104573,0.006368756753655341
train,RF002,Extreme Risk,Extreme Risk,4558,104573,0.04358677670144301
train,RF003,Low Risk,Low Risk,18399,104573,0.17594407734310002
train,RF003,Low Risk,Medium Risk,2529,104573,0.024184062807799337
train,RF003,Medium Risk,Low Risk,2515,104573,0.024050185038202977
train,RF003,Medium Risk,Medium Risk,26657,104573,0.25491283600929493
train,RF003,Medium Risk,High Risk,1951,104573,0.01865682346303539
train,RF003,High Risk,Medium Risk,2185,104573,0.02089449475486024
train,RF003,High Risk,High Risk,27923,104573,0.26701921145993707
train,RF003,High Risk,Very High Risk,1499,104573,0.014334484044638673
train,RF003,Very High Risk,Medium Risk,1,104573,9.562697828311323e-06
train,RF003,Very High Risk,High Risk,1493,104573,0.014277107857668805
train,RF003,Very High Risk,Very High Risk,13543,104573,0.12950761668882024
train,RF003,Very High Risk,Extreme Risk,648,104573,0.006196628192745738
train,RF003,Extreme Risk,High Risk,5,104573,4.7813489141556616e-05
train,RF003,Extreme Risk,Very High Risk,644,104573,0.006158377401432492
train,RF003,Extreme Risk,Extreme Risk,4581,104573,0.043806718751494174
train,RF004,Low Risk,Low Risk,18213,104573,0.17416541554703413
train,RF004,Low Risk,Medium Risk,2715,104573,0.025962724603865242
train,RF004,Medium Risk,Low Risk,2698,104573,0.02580015874078395
train,RF004,Medium Risk,Medium Risk,26135,104573,0.24992110774291643
train,RF004,Medium Risk,High Risk,2288,104573,0.021879452631176306
train,RF004,Medium Risk,Very High Risk,2,104573,1.9125395656622646e-05
train,RF004,High Risk,Low Risk,3,104573,2.868809348493397e-05
train,RF004,High Risk,Medium Risk,2520,104573,0.024097998527344535
train,RF004,High Risk,High Risk,27215,104573,0.26024882139749267
train,RF004,High Risk,Very High Risk,1869,104573,0.017872682241113862
train,RF004,Very High Risk,Medium Risk,2,104573,1.9125395656622646e-05
train,RF004,Very High Risk,High Risk,1861,104573,0.017796180658487374
train,RF004,Very High Risk,Very High Risk,13052,104573,0.1248123320551194
train,RF004,Very High Risk,Extreme Risk,770,104573,0.0073632773277997185
train,RF004,Extreme Risk,High Risk,8,104573,7.650158262649058e-05
train,RF004,Extreme Risk,Very High Risk,763,104573,0.007296338443001539
train,RF004,Extreme Risk,Extreme Risk,4459,104573,0.04264006961644019
train,RF005,Low Risk,Low Risk,17783,104573,0.17005345548086026
train,RF005,Low Risk,Medium Risk,3145,104573,0.030074684670039112
train,RF005,Medium Risk,Low Risk,3128,104573,0.029912118806957818
train,RF005,Medium Risk,Medium Risk,25025,104573,0.23930651315349086
train,RF005,Medium Risk,High Risk,2970,104573,0.02840121255008463
train,RF005,High Risk,Low Risk,3,104573,2.868809348493397e-05
train,RF005,High Risk,Medium Risk,3199,104573,0.030591070352767924
train,RF005,High Risk,High Risk,26449,104573,0.2529237948610062
train,RF005,High Risk,Very High Risk,1956,104573,0.01870463695217695
train,RF005,Very High Risk,Medium Risk,2,104573,1.9125395656622646e-05
train,RF005,Very High Risk,High Risk,1947,104573,0.018618572671722147
train,RF005,Very High Risk,Very High Risk,13013,104573,0.12443938683981524
train,RF005,Very High Risk,Extreme Risk,723,104573,0.006913830529869086
train,RF005,Extreme Risk,Medium Risk,1,104573,9.562697828311323e-06
train,RF005,Extreme Risk,High Risk,6,104573,5.737618696986794e-05
train,RF005,Extreme Risk,Very High Risk,717,104573,0.006856454342899219
train,RF005,Extreme Risk,Extreme Risk,4506,104573,0.043089516414370824
train,RFSTACK001,Low Risk,Low Risk,20191,104573,0.19308043185143392
train,RFSTACK001,Low Risk,Medium Risk,737,104573,0.007047708299465445
train,RFSTACK001,Medium Risk,Low Risk,13019,104573,0.12449676302678511
train,RFSTACK001,Medium Risk,Medium Risk,15589,104573,0.14907289644554522
train,RFSTACK001,Medium Risk,High Risk,2515,104573,0.024050185038202977
train,RFSTACK001,High Risk,Medium Risk,2750,104573,0.02629741902785614
train,RFSTACK001,High Risk,High Risk,27852,104573,0.26634025991412696
train,RFSTACK001,High Risk,Very High Risk,1005,104573,0.00961051131745288
train,RFSTACK001,Very High Risk,High Risk,1005,104573,0.00961051131745288
train,RFSTACK001,Very High Risk,Very High Risk,14385,104573,0.1375594082602584
train,RFSTACK001,Very High Risk,Extreme Risk,295,104573,0.0028209958593518403
train,RFSTACK001,Extreme Risk,Very High Risk,295,104573,0.0028209958593518403
train,RFSTACK001,Extreme Risk,Extreme Risk,4935,104573,0.04719191378271638
train,RIDGESTACK001,Low Risk,Low Risk,19020,104573,0.18188251269448136
train,RIDGESTACK001,Low Risk,Medium Risk,1908,104573,0.018245627456418004
train,RIDGESTACK001,Medium Risk,Low Risk,1873,104573,0.01791093303242711
train,RIDGESTACK001,Medium Risk,Medium Risk,26153,104573,0.250093236303826
train,RIDGESTACK001,Medium Risk,High Risk,3097,104573,0.029615675174280168
train,RIDGESTACK001,High Risk,Low Risk,21,104573,0.00020081665439453778
train,RIDGESTACK001,High Risk,Medium Risk,3311,104573,0.03166209250953879
train,RIDGESTACK001,High Risk,High Risk,26094,104573,0.24952903713195568
train,RIDGESTACK001,High Risk,Very High Risk,2181,104573,0.020856243963546996
train,RIDGESTACK001,Very High Risk,High Risk,2181,104573,0.020856243963546996
train,RIDGESTACK001,Very High Risk,Very High Risk,13271,104573,0.12690656287951957
train,RIDGESTACK001,Very High Risk,Extreme Risk,233,104573,0.0022281085939965385
train,RIDGESTACK001,Extreme Risk,Very High Risk,234,104573,0.0022376712918248495
train,RIDGESTACK001,Extreme Risk,Extreme Risk,4996,104573,0.047775238350243374
train,RLOG001,Low Risk,Low Risk,16597,104573,0.15871209585648302
train,RLOG001,Low Risk,Medium Risk,4327,104573,0.0413777935031031
train,RLOG001,Low Risk,High Risk,4,104573,3.825079131324529e-05
train,RLOG001,Medium Risk,Low Risk,3291,104573,0.031470838552972565
train,RLOG001,Medium Risk,Medium Risk,21741,104573,0.20790261348531647
train,RLOG001,Medium Risk,High Risk,6091,104573,0.05824639247224427
train,RLOG001,High Risk,Low Risk,698,104573,0.006674763084161304
train,RLOG001,High Risk,Medium Risk,4333,104573,0.041435169690072965
train,RLOG001,High Risk,High Risk,20713,104573,0.19807216011781242
train,RLOG001,High Risk,Very High Risk,5739,104573,0.05488032283667869
train,RLOG001,High Risk,Extreme Risk,124,104573,0.001185774530710604
train,RLOG001,Very High Risk,Low Risk,285,104573,0.0027253688810687272
train,RLOG001,Very High Risk,Medium Risk,886,104573,0.008472550275883832
train,RLOG001,Very High Risk,High Risk,3959,104573,0.03785872070228453
train,RLOG001,Very High Risk,Very High Risk,8023,104573,0.07672152467654175
train,RLOG001,Very High Risk,Extreme Risk,2532,104573,0.02421275090128427
train,RLOG001,Extreme Risk,Low Risk,43,104573,0.0004111960066173869
train,RLOG001,Extreme Risk,Medium Risk,85,104573,0.0008128293154064625
train,RLOG001,Extreme Risk,High Risk,605,104573,0.005785432186128351
train,RLOG001,Extreme Risk,Very High Risk,1924,104573,0.018398630621670985
train,RLOG001,Extreme Risk,Extreme Risk,2573,104573,0.024604821512245034
train,RLOG002,Low Risk,Low Risk,16764,104573,0.160309066393811
train,RLOG002,Low Risk,Medium Risk,4162,104573,0.039799948361431726
train,RLOG002,Low Risk,High Risk,2,104573,1.9125395656622646e-05
train,RLOG002,Medium Risk,Low Risk,3086,104573,0.029510485498168742
train,RLOG002,Medium Risk,Medium Risk,22698,104573,0.2170541153070104
train,RLOG002,Medium Risk,High Risk,5339,104573,0.05105524370535416
train,RLOG002,High Risk,Low Risk,609,104573,0.005823682977441596
train,RLOG002,High Risk,Medium Risk,3677,104573,0.03516203991470074
train,RLOG002,High Risk,High Risk,21675,104573,0.20727147542864793
train,RLOG002,High Risk,Very High Risk,5599,104573,0.053541545140715095
train,RLOG002,High Risk,Extreme Risk,47,104573,0.0004494467979306322
train,RLOG002,Very High Risk,Low Risk,395,104573,0.0037772656421829727
train,RLOG002,Very High Risk,Medium Risk,745,104573,0.007124209882091935
train,RLOG002,Very High Risk,High Risk,3670,104573,0.035095101029902556
train,RLOG002,Very High Risk,Very High Risk,8530,104573,0.08156981247549559
train,RLOG002,Very High Risk,Extreme Risk,2345,104573,0.022424526407390052
train,RLOG002,Extreme Risk,Low Risk,60,104573,0.0005737618696986794
train,RLOG002,Extreme Risk,Medium Risk,90,104573,0.0008606428045480191
train,RLOG002,Extreme Risk,High Risk,686,104573,0.006560010710221568
train,RLOG002,Extreme Risk,Very High Risk,1557,104573,0.01488912051868073
train,RLOG002,Extreme Risk,Extreme Risk,2837,104573,0.027129373738919223
train,RLOG003,Low Risk,Low Risk,16659,104573,0.15930498312183833
train,RLOG003,Low Risk,Medium Risk,4268,104573,0.04081359433123273
train,RLOG003,Low Risk,High Risk,1,104573,9.562697828311323e-06
train,RLOG003,Medium Risk,Low Risk,3159,104573,0.03020856243963547
train,RLOG003,Medium Risk,Medium Risk,22696,104573,0.21703498991135378
train,RLOG003,Medium Risk,High Risk,5268,104573,0.05037629215954405
train,RLOG003,High Risk,Low Risk,623,104573,0.005957560747037955
train,RLOG003,High Risk,Medium Risk,3579,104573,0.03422489552752622
train,RLOG003,High Risk,High Risk,21781,104573,0.20828512139844893
train,RLOG003,High Risk,Very High Risk,5584,104573,0.05339810467329043
train,RLOG003,High Risk,Extreme Risk,40,104573,0.0003825079131324529
train,RLOG003,Very High Risk,Low Risk,410,104573,0.003920706109607643
train,RLOG003,Very High Risk,Medium Risk,737,104573,0.007047708299465445
train,RLOG003,Very High Risk,High Risk,3642,104573,0.034827345490709836
train,RLOG003,Very High Risk,Very High Risk,8573,104573,0.08198100848211297
train,RLOG003,Very High Risk,Extreme Risk,2323,104573,0.022214147055167204
train,RLOG003,Extreme Risk,Low Risk,63,104573,0.0006024499631836134
train,RLOG003,Extreme Risk,Medium Risk,92,104573,0.0008797682002046418
train,RLOG003,Extreme Risk,High Risk,680,104573,0.0065026345232517
train,RLOG003,Extreme Risk,Very High Risk,1529,104573,0.014621364979488013
train,RLOG003,Extreme Risk,Extreme Risk,2866,104573,0.027406691975940253
train,RLOG004,Low Risk,Low Risk,16637,104573,0.15909460376961548
train,RLOG004,Low Risk,Medium Risk,4290,104573,0.041023973683455575
train,RLOG004,Low Risk,High Risk,1,104573,9.562697828311323e-06
train,RLOG004,Medium Risk,Low Risk,3173,104573,0.030342440209231828
train,RLOG004,Medium Risk,Medium Risk,22693,104573,0.21700630181786887
train,RLOG004,Medium Risk,High Risk,5257,104573,0.050271102483432625
train,RLOG004,High Risk,Low Risk,627,104573,0.0059958115383512
train,RLOG004,High Risk,Medium Risk,3567,104573,0.03411014315358649
train,RLOG004,High Risk,High Risk,21787,104573,0.2083424975854188
train,RLOG004,High Risk,Very High Risk,5586,104573,0.05341723006894705
train,RLOG004,High Risk,Extreme Risk,40,104573,0.0003825079131324529
train,RLOG004,Very High Risk,Low Risk,414,104573,0.003958956900920888
train,RLOG004,Very High Risk,Medium Risk,730,104573,0.006980769414667266
train,RLOG004,Very High Risk,High Risk,3646,104573,0.034865596282023084
train,RLOG004,Very High Risk,Very High Risk,8574,104573,0.08199057117994128
train,RLOG004,Very High Risk,Extreme Risk,2321,104573,0.02219502165951058
train,RLOG004,Extreme Risk,Low Risk,63,104573,0.0006024499631836134
train,RLOG004,Extreme Risk,Medium Risk,92,104573,0.0008797682002046418
train,RLOG004,Extreme Risk,High Risk,681,104573,0.006512197221080011
train,RLOG004,Extreme Risk,Very High Risk,1526,104573,0.014592676886003079
train,RLOG004,Extreme Risk,Extreme Risk,2868,104573,0.027425817371596876
train,RLOG005,Low Risk,Low Risk,16764,104573,0.160309066393811
train,RLOG005,Low Risk,Medium Risk,4162,104573,0.039799948361431726
train,RLOG005,Low Risk,High Risk,2,104573,1.9125395656622646e-05
train,RLOG005,Medium Risk,Low Risk,3111,104573,0.029749552943876528
train,RLOG005,Medium Risk,Medium Risk,22204,104573,0.21233014257982463
train,RLOG005,Medium Risk,High Risk,5808,104573,0.05554014898683216
train,RLOG005,High Risk,Low Risk,723,104573,0.006913830529869086
train,RLOG005,High Risk,Medium Risk,4041,104573,0.03864286192420606
train,RLOG005,High Risk,High Risk,21021,104573,0.20101747104893233
train,RLOG005,High Risk,Very High Risk,5710,104573,0.054603004599657654
train,RLOG005,High Risk,Extreme Risk,112,104573,0.0010710221567708682
train,RLOG005,Very High Risk,Low Risk,274,104573,0.0026201792049573027
train,RLOG005,Very High Risk,Medium Risk,889,104573,0.008501238369368766
train,RLOG005,Very High Risk,High Risk,3899,104573,0.03728495883258585
train,RLOG005,Very High Risk,Very High Risk,8111,104573,0.07756304208543315
train,RLOG005,Very High Risk,Extreme Risk,2512,104573,0.024021496944718043
train,RLOG005,Extreme Risk,Low Risk,42,104573,0.00040163330878907556
train,RLOG005,Extreme Risk,Medium Risk,76,104573,0.0007267650349516606
train,RLOG005,Extreme Risk,High Risk,642,104573,0.00613925200577587
train,RLOG005,Extreme Risk,Very High Risk,1865,104573,0.017834431449800618
train,RLOG005,Extreme Risk,Extreme Risk,2605,104573,0.024910827842750997
train,RLOG006,Low Risk,Low Risk,16685,104573,0.15955361326537443
train,RLOG006,Low Risk,Medium Risk,4242,104573,0.04056496418769663
train,RLOG006,Low Risk,High Risk,1,104573,9.562697828311323e-06
train,RLOG006,Medium Risk,Low Risk,3148,104573,0.030103372763524046
train,RLOG006,Medium Risk,Medium Risk,22597,104573,0.21608828282635098
train,RLOG006,Medium Risk,High Risk,5378,104573,0.0514281889206583
train,RLOG006,High Risk,Low Risk,637,104573,0.006091438516634313
train,RLOG006,High Risk,Medium Risk,3690,104573,0.03528635498646878
train,RLOG006,High Risk,High Risk,21633,104573,0.20686984211985884
train,RLOG006,High Risk,Very High Risk,5597,104573,0.053522419745058475
train,RLOG006,High Risk,Extreme Risk,50,104573,0.00047813489141556616
train,RLOG006,Very High Risk,Low Risk,384,104573,0.003672075966071548
train,RLOG006,Very High Risk,Medium Risk,757,104573,0.007238962256031671
train,RLOG006,Very High Risk,High Risk,3677,104573,0.03516203991470074
train,RLOG006,Very High Risk,Very High Risk,8518,104573,0.08145506010155586
train,RLOG006,Very High Risk,Extreme Risk,2349,104573,0.022462777198703297
train,RLOG006,Extreme Risk,Low Risk,60,104573,0.0005737618696986794
train,RLOG006,Extreme Risk,Medium Risk,86,104573,0.0008223920132347738
train,RLOG006,Extreme Risk,High Risk,683,104573,0.006531322616736634
train,RLOG006,Extreme Risk,Very High Risk,1571,104573,0.015022998288277089
train,RLOG006,Extreme Risk,Extreme Risk,2830,104573,0.027062434854121045
train,RLOG007,Low Risk,Low Risk,16644,104573,0.15916154265441365
train,RLOG007,Low Risk,Medium Risk,4283,104573,0.0409570347986574
train,RLOG007,Low Risk,High Risk,1,104573,9.562697828311323e-06
train,RLOG007,Medium Risk,Low Risk,3169,104573,0.030304189417918584
train,RLOG007,Medium Risk,Medium Risk,22680,104573,0.21688198674610082
train,RLOG007,Medium Risk,High Risk,5274,104573,0.050433668346513916
train,RLOG007,High Risk,Low Risk,629,104573,0.006014936934007823
train,RLOG007,High Risk,Medium Risk,3581,104573,0.03424402092318285
train,RLOG007,High Risk,High Risk,21775,104573,0.20822774521147908
train,RLOG007,High Risk,Very High Risk,5582,104573,0.053378979277633805
train,RLOG007,High Risk,Extreme Risk,40,104573,0.0003825079131324529
train,RLOG007,Very High Risk,Low Risk,409,104573,0.003911143411779331
train,RLOG007,Very High Risk,Medium Risk,739,104573,0.007066833695122068
train,RLOG007,Very High Risk,High Risk,3641,104573,0.03481778279288153
train,RLOG007,Very High Risk,Very High Risk,8575,104573,0.0820001338777696
train,RLOG007,Very High Risk,Extreme Risk,2321,104573,0.02219502165951058
train,RLOG007,Extreme Risk,Low Risk,63,104573,0.0006024499631836134
train,RLOG007,Extreme Risk,Medium Risk,89,104573,0.0008510801067197078
train,RLOG007,Extreme Risk,High Risk,681,104573,0.006512197221080011
train,RLOG007,Extreme Risk,Very High Risk,1529,104573,0.014621364979488013
train,RLOG007,Extreme Risk,Extreme Risk,2868,104573,0.027425817371596876
train,RLOG008,Low Risk,Low Risk,16636,104573,0.15908504107178717
train,RLOG008,Low Risk,Medium Risk,4291,104573,0.04103353638128389
train,RLOG008,Low Risk,High Risk,1,104573,9.562697828311323e-06
train,RLOG008,Medium Risk,Low Risk,3173,104573,0.030342440209231828
train,RLOG008,Medium Risk,Medium Risk,22694,104573,0.21701586451569718
train,RLOG008,Medium Risk,High Risk,5256,104573,0.05026153978560431
train,RLOG008,High Risk,Low Risk,628,104573,0.006005374236179511
train,RLOG008,High Risk,Medium Risk,3565,104573,0.034091017757929866
train,RLOG008,High Risk,High Risk,21788,104573,0.2083520602832471
train,RLOG008,High Risk,Very High Risk,5586,104573,0.05341723006894705
train,RLOG008,High Risk,Extreme Risk,40,104573,0.0003825079131324529
train,RLOG008,Very High Risk,Low Risk,414,104573,0.003958956900920888
train,RLOG008,Very High Risk,Medium Risk,731,104573,0.006990332112495577
train,RLOG008,Very High Risk,High Risk,3645,104573,0.03485603358419477
train,RLOG008,Very High Risk,Very High Risk,8575,104573,0.0820001338777696
train,RLOG008,Very High Risk,Extreme Risk,2320,104573,0.02218545896168227
train,RLOG008,Extreme Risk,Low Risk,63,104573,0.0006024499631836134
train,RLOG008,Extreme Risk,Medium Risk,91,104573,0.0008702055023763304
train,RLOG008,Extreme Risk,High Risk,682,104573,0.006521759918908322
train,RLOG008,Extreme Risk,Very High Risk,1525,104573,0.014583114188174769
train,RLOG008,Extreme Risk,Extreme Risk,2869,104573,0.027435380069425187
train,T001,Low Risk,Medium Risk,20928,104573,0.20012814015089936
train,T001,Medium Risk,Medium Risk,31106,104573,0.29745727864745203
train,T001,Medium Risk,Very High Risk,17,104573,0.00016256586308129248
train,T001,High Risk,Medium Risk,22527,104573,0.21541889397836916
train,T001,High Risk,Very High Risk,9080,104573,0.08682929628106681
train,T001,Very High Risk,Medium Risk,2531,104573,0.024203188203455957
train,T001,Very High Risk,Very High Risk,12256,104573,0.11720042458378357
train,T001,Very High Risk,Extreme Risk,898,104573,0.008587302649823568
train,T001,Extreme Risk,Medium Risk,23,104573,0.00021994205005116044
train,T001,Extreme Risk,Very High Risk,1508,104573,0.014420548325093475
train,T001,Extreme Risk,Extreme Risk,3699,104573,0.03537241926692358
train,T002,Low Risk,Medium Risk,20928,104573,0.20012814015089936
train,T002,Medium Risk,Medium Risk,29508,104573,0.28217608751781054
train,T002,Medium Risk,High Risk,1615,104573,0.015443756992722787
train,T002,High Risk,Medium Risk,7927,104573,0.07580350568502386
train,T002,High Risk,High Risk,17237,104573,0.16483222246660229
train,T002,High Risk,Very High Risk,6443,104573,0.06161246210780986
train,T002,Very High Risk,Medium Risk,101,104573,0.0009658324806594437
train,T002,Very High Risk,High Risk,1430,104573,0.013674657894485192
train,T002,Very High Risk,Very High Risk,12922,104573,0.12356918133743892
train,T002,Very High Risk,Extreme Risk,1232,104573,0.01178124372447955
train,T002,Extreme Risk,Medium Risk,2,104573,1.9125395656622646e-05
train,T002,Extreme Risk,High Risk,6,104573,5.737618696986794e-05
train,T002,Extreme Risk,Very High Risk,928,104573,0.008874183584672908
train,T002,Extreme Risk,Extreme Risk,4294,104573,0.04106222447476882
train,T003,Low Risk,Low Risk,19153,104573,0.18315435150564677
train,T003,Low Risk,Medium Risk,1774,104573,0.016964225947424288
train,T003,Low Risk,High Risk,1,104573,9.562697828311323e-06
train,T003,Medium Risk,Low Risk,10139,104573,0.0969561932812485
train,T003,Medium Risk,Medium Risk,19117,104573,0.18281009438382756
train,T003,Medium Risk,High Risk,1863,104573,0.017815306054143994
train,T003,Medium Risk,Very High Risk,4,104573,3.825079131324529e-05
train,T003,High Risk,Low Risk,827,104573,0.007908351104013464
train,T003,High Risk,Medium Risk,6136,104573,0.058676713874518276
train,T003,High Risk,High Risk,22303,104573,0.21327684966482743
train,T003,High Risk,Very High Risk,2337,104573,0.02234802482476356
train,T003,High Risk,Extreme Risk,4,104573,3.825079131324529e-05
train,T003,Very High Risk,Medium Risk,3,104573,2.868809348493397e-05
train,T003,Very High Risk,High Risk,4375,104573,0.04183680299886204
train,T003,Very High Risk,Very High Risk,10518,104573,0.10058045575817849
train,T003,Very High Risk,Extreme Risk,789,104573,0.007544968586537634
train,T003,Extreme Risk,Medium Risk,2,104573,1.9125395656622646e-05
train,T003,Extreme Risk,High Risk,3,104573,2.868809348493397e-05
train,T003,Extreme Risk,Very High Risk,952,104573,0.00910368833255238
train,T003,Extreme Risk,Extreme Risk,4273,104573,0.040861407820374285
train,T004,Low Risk,Medium Risk,20928,104573,0.20012814015089936
train,T004,Medium Risk,Medium Risk,29508,104573,0.28217608751781054
train,T004,Medium Risk,High Risk,1615,104573,0.015443756992722787
train,T004,High Risk,Medium Risk,7927,104573,0.07580350568502386
train,T004,High Risk,High Risk,17430,104573,0.16667782314746638
train,T004,High Risk,Very High Risk,6250,104573,0.05976686142694577
train,T004,Very High Risk,Medium Risk,101,104573,0.0009658324806594437
train,T004,Very High Risk,High Risk,1570,104573,0.015013435590448777
train,T004,Very High Risk,Very High Risk,12782,104573,0.12223040364147533
train,T004,Very High Risk,Extreme Risk,1232,104573,0.01178124372447955
train,T004,Extreme Risk,Medium Risk,2,104573,1.9125395656622646e-05
train,T004,Extreme Risk,High Risk,8,104573,7.650158262649058e-05
train,T004,Extreme Risk,Very High Risk,926,104573,0.008855058189016286
train,T004,Extreme Risk,Extreme Risk,4294,104573,0.04106222447476882
train,T005,Low Risk,Low Risk,19153,104573,0.18315435150564677
train,T005,Low Risk,Medium Risk,1774,104573,0.016964225947424288
train,T005,Low Risk,High Risk,1,104573,9.562697828311323e-06
train,T005,Medium Risk,Low Risk,10139,104573,0.0969561932812485
train,T005,Medium Risk,Medium Risk,19117,104573,0.18281009438382756
train,T005,Medium Risk,High Risk,1867,104573,0.017853556845457242
train,T005,High Risk,Low Risk,827,104573,0.007908351104013464
train,T005,High Risk,Medium Risk,6136,104573,0.058676713874518276
train,T005,High Risk,High Risk,21729,104573,0.20778786111137673
train,T005,High Risk,Very High Risk,2915,104573,0.027875264169527507
train,T005,Very High Risk,Medium Risk,3,104573,2.868809348493397e-05
train,T005,Very High Risk,High Risk,3873,104573,0.037036328689049755
train,T005,Very High Risk,Very High Risk,10793,104573,0.1032101976609641
train,T005,Very High Risk,Extreme Risk,1016,104573,0.009715700993564304
train,T005,Extreme Risk,Medium Risk,2,104573,1.9125395656622646e-05
train,T005,Extreme Risk,High Risk,4,104573,3.825079131324529e-05
train,T005,Extreme Risk,Very High Risk,904,104573,0.008644678836793436
train,T005,Extreme Risk,Extreme Risk,4320,104573,0.041310854618304915
train,T006,Low Risk,Medium Risk,20872,104573,0.19959262907251393
train,T006,Low Risk,High Risk,56,104573,0.0005355110783854341
train,T006,Medium Risk,Medium Risk,26909,104573,0.2573226358620294
train,T006,Medium Risk,High Risk,4214,104573,0.04029720864850392
train,T006,High Risk,Medium Risk,4822,104573,0.0461113289281172
train,T006,High Risk,High Risk,25939,104573,0.24804681896856742
train,T006,High Risk,Very High Risk,846,104573,0.00809004236275138
train,T006,Very High Risk,Medium Risk,74,104573,0.000707639639295038
train,T006,Very High Risk,High Risk,6527,104573,0.062415728725388
train,T006,Very High Risk,Very High Risk,8151,104573,0.0779455499985656
train,T006,Very High Risk,Extreme Risk,933,104573,0.008921997073814464
train,T006,Extreme Risk,Medium Risk,1,104573,9.562697828311323e-06
train,T006,Extreme Risk,High Risk,19,104573,0.00018169125873791515
train,T006,Extreme Risk,Very High Risk,1097,104573,0.010490279517657521
train,T006,Extreme Risk,Extreme Risk,4113,104573,0.039331376167844476
train,T007,Low Risk,Low Risk,17784,104573,0.17006301817868857
train,T007,Low Risk,Medium Risk,3087,104573,0.029520048195997056
train,T007,Low Risk,High Risk,57,104573,0.0005450737762137454
train,T007,Medium Risk,Low Risk,6432,104573,0.06150727243169843
train,T007,Medium Risk,Medium Risk,20348,104573,0.1945817754104788
train,T007,Medium Risk,High Risk,4340,104573,0.04150210857487114
train,T007,Medium Risk,Very High Risk,3,104573,2.868809348493397e-05
train,T007,High Risk,Low Risk,217,104573,0.002075105428743557
train,T007,High Risk,Medium Risk,4334,104573,0.04144473238790127
train,T007,High Risk,High Risk,24019,104573,0.22968643913820966
train,T007,High Risk,Very High Risk,3037,104573,0.029041913304581488
train,T007,Very High Risk,Medium Risk,8,104573,7.650158262649058e-05
train,T007,Very High Risk,High Risk,3067,104573,0.029328794239430828
train,T007,Very High Risk,Very High Risk,11601,104573,0.11093685750623966
train,T007,Very High Risk,Extreme Risk,1009,104573,0.009648762108766125
train,T007,Extreme Risk,Medium Risk,1,104573,9.562697828311323e-06
train,T007,Extreme Risk,High Risk,17,104573,0.00016256586308129248
train,T007,Extreme Risk,Very High Risk,961,104573,0.009189752613007182
train,T007,Extreme Risk,Extreme Risk,4251,104573,0.04065102846815143
train,WASTACK001,Low Risk,Low Risk,17884,104573,0.17101928796151972
train,WASTACK001,Low Risk,Medium Risk,3044,104573,0.02910885218937967
train,WASTACK001,Medium Risk,Low Risk,3030,104573,0.02897497441978331
train,WASTACK001,Medium Risk,Medium Risk,24785,104573,0.23701146567469614
train,WASTACK001,Medium Risk,High Risk,3306,104573,0.031614279020397235
train,WASTACK001,Medium Risk,Very High Risk,2,104573,1.9125395656622646e-05
train,WASTACK001,High Risk,Medium Risk,3543,104573,0.03388063840570702
train,WASTACK001,High Risk,High Risk,25810,104573,0.24681323094871524
train,WASTACK001,High Risk,Very High Risk,2254,104573,0.021554320905013722
train,WASTACK001,Very High Risk,High Risk,2251,104573,0.021525632811528788
train,WASTACK001,Very High Risk,Very High Risk,12916,104573,0.12351180515046906
train,WASTACK001,Very High Risk,Extreme Risk,518,104573,0.004953477475065265
train,WASTACK001,Extreme Risk,High Risk,5,104573,4.7813489141556616e-05
train,WASTACK001,Extreme Risk,Very High Risk,514,104573,0.00491522668375202
train,WASTACK001,Extreme Risk,Extreme Risk,4711,104573,0.04504986946917464
train,WASTACK002,Low Risk,Low Risk,17882,104573,0.1710001625658631
train,WASTACK002,Low Risk,Medium Risk,3046,104573,0.02912797758503629
train,WASTACK002,Medium Risk,Low Risk,3032,104573,0.028994099815439933
train,WASTACK002,Medium Risk,Medium Risk,24781,104573,0.2369732148833829
train,WASTACK002,Medium Risk,High Risk,3308,104573,0.031633404416053855
train,WASTACK002,Medium Risk,Very High Risk,2,104573,1.9125395656622646e-05
train,WASTACK002,High Risk,Medium Risk,3545,104573,0.03389976380136364
train,WASTACK002,High Risk,High Risk,25806,104573,0.246774980157402
train,WASTACK002,High Risk,Very High Risk,2256,104573,0.021573446300670346
train,WASTACK002,Very High Risk,High Risk,2253,104573,0.021544758207185412
train,WASTACK002,Very High Risk,Very High Risk,12917,104573,0.12352136784829736
train,WASTACK002,Very High Risk,Extreme Risk,515,104573,0.004924789381580331
train,WASTACK002,Extreme Risk,High Risk,5,104573,4.7813489141556616e-05
train,WASTACK002,Extreme Risk,Very High Risk,511,104573,0.004886538590267086
train,WASTACK002,Extreme Risk,Extreme Risk,4714,104573,0.04507855756265958
train,WASTACK003,Low Risk,Low Risk,18235,104573,0.17437579489925698
train,WASTACK003,Low Risk,Medium Risk,2693,104573,0.025752345251642394
train,WASTACK003,Medium Risk,Low Risk,2679,104573,0.025618467482046034
train,WASTACK003,Medium Risk,Medium Risk,25839,104573,0.24709054918573628
train,WASTACK003,Medium Risk,High Risk,2603,104573,0.024891702447094374
train,WASTACK003,Medium Risk,Very High Risk,2,104573,1.9125395656622646e-05
train,WASTACK003,High Risk,Medium Risk,2840,104573,0.027158061832404157
train,WASTACK003,High Risk,High Risk,26852,104573,0.25677756208581565
train,WASTACK003,High Risk,Very High Risk,1915,104573,0.018312566341216183
train,WASTACK003,Very High Risk,High Risk,1916,104573,0.018322129039044496
train,WASTACK003,Very High Risk,Very High Risk,13271,104573,0.12690656287951957
train,WASTACK003,Very High Risk,Extreme Risk,498,104573,0.004762223518499039
train,WASTACK003,Extreme Risk,High Risk,1,104573,9.562697828311323e-06
train,WASTACK003,Extreme Risk,Very High Risk,498,104573,0.004762223518499039
train,WASTACK003,Extreme Risk,Extreme Risk,4731,104573,0.04524112342574087
train,WASTACK004,Low Risk,Low Risk,19537,104573,0.18682642747171832
train,WASTACK004,Low Risk,Medium Risk,1391,104573,0.01330171267918105
train,WASTACK004,Medium Risk,Low Risk,1377,104573,0.013167834909584692
train,WASTACK004,Medium Risk,Medium Risk,28673,104573,0.2741912348311706
train,WASTACK004,Medium Risk,High Risk,1073,104573,0.01026077476977805
train,WASTACK004,High Risk,Medium Risk,1308,104573,0.01250800875943121
train,WASTACK004,High Risk,High Risk,30145,104573,0.28826752603444483
train,WASTACK004,High Risk,Very High Risk,154,104573,0.0014726554655599437
train,WASTACK004,Very High Risk,High Risk,154,104573,0.0014726554655599437
train,WASTACK004,Very High Risk,Very High Risk,15372,104573,0.14699779101680166
train,WASTACK004,Very High Risk,Extreme Risk,159,104573,0.0015204689547015004
train,WASTACK004,Extreme Risk,Very High Risk,160,104573,0.0015300316525298117
train,WASTACK004,Extreme Risk,Extreme Risk,5070,104573,0.04848287798953841
train,WGNB001,Low Risk,Low Risk,14988,104573,0.1433257150507301
train,WGNB001,Low Risk,Medium Risk,5930,104573,0.05670679812188615
train,WGNB001,Low Risk,High Risk,10,104573,9.562697828311323e-05
train,WGNB001,Medium Risk,Low Risk,5039,104573,0.048186434356860756
train,WGNB001,Medium Risk,Medium Risk,19953,104573,0.19080450976829583
train,WGNB001,Medium Risk,High Risk,6112,104573,0.05844720912663881
train,WGNB001,Medium Risk,Very High Risk,19,104573,0.00018169125873791515
train,WGNB001,High Risk,Low Risk,739,104573,0.007066833695122068
train,WGNB001,High Risk,Medium Risk,5429,104573,0.05191588650990217
train,WGNB001,High Risk,High Risk,22403,104573,0.21423311944765858
train,WGNB001,High Risk,Very High Risk,3036,104573,0.029032350606753177
train,WGNB001,Very High Risk,Low Risk,157,104573,0.0015013435590448777
train,WGNB001,Very High Risk,Medium Risk,49,104573,0.00046857219358725484
train,WGNB001,Very High Risk,High Risk,2820,104573,0.026966807875837932
train,WGNB001,Very High Risk,Very High Risk,11743,104573,0.11229476059785987
train,WGNB001,Very High Risk,Extreme Risk,916,104573,0.008759431210733172
train,WGNB001,Extreme Risk,Low Risk,6,104573,5.737618696986794e-05
train,WGNB001,Extreme Risk,Medium Risk,1,104573,9.562697828311323e-06
train,WGNB001,Extreme Risk,High Risk,23,104573,0.00021994205005116044
train,WGNB001,Extreme Risk,Very High Risk,887,104573,0.008482112973712144
train,WGNB001,Extreme Risk,Extreme Risk,4313,104573,0.041243915733506734
train,WGNB002,Low Risk,Low Risk,14988,104573,0.1433257150507301
train,WGNB002,Low Risk,Medium Risk,5930,104573,0.05670679812188615
train,WGNB002,Low Risk,High Risk,10,104573,9.562697828311323e-05
train,WGNB002,Medium Risk,Low Risk,5039,104573,0.048186434356860756
train,WGNB002,Medium Risk,Medium Risk,19953,104573,0.19080450976829583
train,WGNB002,Medium Risk,High Risk,6112,104573,0.05844720912663881
train,WGNB002,Medium Risk,Very High Risk,19,104573,0.00018169125873791515
train,WGNB002,High Risk,Low Risk,739,104573,0.007066833695122068
train,WGNB002,High Risk,Medium Risk,5429,104573,0.05191588650990217
train,WGNB002,High Risk,High Risk,22403,104573,0.21423311944765858
train,WGNB002,High Risk,Very High Risk,3036,104573,0.029032350606753177
train,WGNB002,Very High Risk,Low Risk,157,104573,0.0015013435590448777
train,WGNB002,Very High Risk,Medium Risk,49,104573,0.00046857219358725484
train,WGNB002,Very High Risk,High Risk,2820,104573,0.026966807875837932
train,WGNB002,Very High Risk,Very High Risk,11743,104573,0.11229476059785987
train,WGNB002,Very High Risk,Extreme Risk,916,104573,0.008759431210733172
train,WGNB002,Extreme Risk,Low Risk,6,104573,5.737618696986794e-05
train,WGNB002,Extreme Risk,Medium Risk,1,104573,9.562697828311323e-06
train,WGNB002,Extreme Risk,High Risk,23,104573,0.00021994205005116044
train,WGNB002,Extreme Risk,Very High Risk,887,104573,0.008482112973712144
train,WGNB002,Extreme Risk,Extreme Risk,4313,104573,0.041243915733506734
train,WGNB003,Low Risk,Low Risk,14988,104573,0.1433257150507301
train,WGNB003,Low Risk,Medium Risk,5930,104573,0.05670679812188615
train,WGNB003,Low Risk,High Risk,10,104573,9.562697828311323e-05
train,WGNB003,Medium Risk,Low Risk,5039,104573,0.048186434356860756
train,WGNB003,Medium Risk,Medium Risk,19953,104573,0.19080450976829583
train,WGNB003,Medium Risk,High Risk,6112,104573,0.05844720912663881
train,WGNB003,Medium Risk,Very High Risk,19,104573,0.00018169125873791515
train,WGNB003,High Risk,Low Risk,739,104573,0.007066833695122068
train,WGNB003,High Risk,Medium Risk,5429,104573,0.05191588650990217
train,WGNB003,High Risk,High Risk,22403,104573,0.21423311944765858
train,WGNB003,High Risk,Very High Risk,3036,104573,0.029032350606753177
train,WGNB003,Very High Risk,Low Risk,157,104573,0.0015013435590448777
train,WGNB003,Very High Risk,Medium Risk,49,104573,0.00046857219358725484
train,WGNB003,Very High Risk,High Risk,2820,104573,0.026966807875837932
train,WGNB003,Very High Risk,Very High Risk,11743,104573,0.11229476059785987
train,WGNB003,Very High Risk,Extreme Risk,916,104573,0.008759431210733172
train,WGNB003,Extreme Risk,Low Risk,6,104573,5.737618696986794e-05
train,WGNB003,Extreme Risk,Medium Risk,1,104573,9.562697828311323e-06
train,WGNB003,Extreme Risk,High Risk,23,104573,0.00021994205005116044
train,WGNB003,Extreme Risk,Very High Risk,887,104573,0.008482112973712144
train,WGNB003,Extreme Risk,Extreme Risk,4313,104573,0.041243915733506734
train,WGNB004,Low Risk,Low Risk,14988,104573,0.1433257150507301
train,WGNB004,Low Risk,Medium Risk,5930,104573,0.05670679812188615
train,WGNB004,Low Risk,High Risk,10,104573,9.562697828311323e-05
train,WGNB004,Medium Risk,Low Risk,5039,104573,0.048186434356860756
train,WGNB004,Medium Risk,Medium Risk,19953,104573,0.19080450976829583
train,WGNB004,Medium Risk,High Risk,6112,104573,0.05844720912663881
train,WGNB004,Medium Risk,Very High Risk,19,104573,0.00018169125873791515
train,WGNB004,High Risk,Low Risk,739,104573,0.007066833695122068
train,WGNB004,High Risk,Medium Risk,5429,104573,0.05191588650990217
train,WGNB004,High Risk,High Risk,22403,104573,0.21423311944765858
train,WGNB004,High Risk,Very High Risk,3036,104573,0.029032350606753177
train,WGNB004,Very High Risk,Low Risk,157,104573,0.0015013435590448777
train,WGNB004,Very High Risk,Medium Risk,49,104573,0.00046857219358725484
train,WGNB004,Very High Risk,High Risk,2820,104573,0.026966807875837932
train,WGNB004,Very High Risk,Very High Risk,11743,104573,0.11229476059785987
train,WGNB004,Very High Risk,Extreme Risk,916,104573,0.008759431210733172
train,WGNB004,Extreme Risk,Low Risk,6,104573,5.737618696986794e-05
train,WGNB004,Extreme Risk,Medium Risk,1,104573,9.562697828311323e-06
train,WGNB004,Extreme Risk,High Risk,23,104573,0.00021994205005116044
train,WGNB004,Extreme Risk,Very High Risk,887,104573,0.008482112973712144
train,WGNB004,Extreme Risk,Extreme Risk,4313,104573,0.041243915733506734
train,WGNB005,Low Risk,Low Risk,14988,104573,0.1433257150507301
train,WGNB005,Low Risk,Medium Risk,5930,104573,0.05670679812188615
train,WGNB005,Low Risk,High Risk,10,104573,9.562697828311323e-05
train,WGNB005,Medium Risk,Low Risk,5039,104573,0.048186434356860756
train,WGNB005,Medium Risk,Medium Risk,19953,104573,0.19080450976829583
train,WGNB005,Medium Risk,High Risk,6112,104573,0.05844720912663881
train,WGNB005,Medium Risk,Very High Risk,19,104573,0.00018169125873791515
train,WGNB005,High Risk,Low Risk,739,104573,0.007066833695122068
train,WGNB005,High Risk,Medium Risk,5429,104573,0.05191588650990217
train,WGNB005,High Risk,High Risk,22403,104573,0.21423311944765858
train,WGNB005,High Risk,Very High Risk,3036,104573,0.029032350606753177
train,WGNB005,Very High Risk,Low Risk,157,104573,0.0015013435590448777
train,WGNB005,Very High Risk,Medium Risk,49,104573,0.00046857219358725484
train,WGNB005,Very High Risk,High Risk,2820,104573,0.026966807875837932
train,WGNB005,Very High Risk,Very High Risk,11743,104573,0.11229476059785987
train,WGNB005,Very High Risk,Extreme Risk,916,104573,0.008759431210733172
train,WGNB005,Extreme Risk,Low Risk,6,104573,5.737618696986794e-05
train,WGNB005,Extreme Risk,Medium Risk,1,104573,9.562697828311323e-06
train,WGNB005,Extreme Risk,High Risk,23,104573,0.00021994205005116044
train,WGNB005,Extreme Risk,Very High Risk,887,104573,0.008482112973712144
train,WGNB005,Extreme Risk,Extreme Risk,4313,104573,0.041243915733506734
train,WGNB006,Low Risk,Low Risk,14988,104573,0.1433257150507301
train,WGNB006,Low Risk,Medium Risk,5930,104573,0.05670679812188615
train,WGNB006,Low Risk,High Risk,10,104573,9.562697828311323e-05
train,WGNB006,Medium Risk,Low Risk,5039,104573,0.048186434356860756
train,WGNB006,Medium Risk,Medium Risk,19953,104573,0.19080450976829583
train,WGNB006,Medium Risk,High Risk,6112,104573,0.05844720912663881
train,WGNB006,Medium Risk,Very High Risk,19,104573,0.00018169125873791515
train,WGNB006,High Risk,Low Risk,739,104573,0.007066833695122068
train,WGNB006,High Risk,Medium Risk,5429,104573,0.05191588650990217
train,WGNB006,High Risk,High Risk,22403,104573,0.21423311944765858
train,WGNB006,High Risk,Very High Risk,3036,104573,0.029032350606753177
train,WGNB006,Very High Risk,Low Risk,157,104573,0.0015013435590448777
train,WGNB006,Very High Risk,Medium Risk,49,104573,0.00046857219358725484
train,WGNB006,Very High Risk,High Risk,2820,104573,0.026966807875837932
train,WGNB006,Very High Risk,Very High Risk,11743,104573,0.11229476059785987
train,WGNB006,Very High Risk,Extreme Risk,916,104573,0.008759431210733172
train,WGNB006,Extreme Risk,Low Risk,6,104573,5.737618696986794e-05
train,WGNB006,Extreme Risk,Medium Risk,1,104573,9.562697828311323e-06
train,WGNB006,Extreme Risk,High Risk,23,104573,0.00021994205005116044
train,WGNB006,Extreme Risk,Very High Risk,887,104573,0.008482112973712144
train,WGNB006,Extreme Risk,Extreme Risk,4313,104573,0.041243915733506734
train,WGNB007,Low Risk,Low Risk,14988,104573,0.1433257150507301
train,WGNB007,Low Risk,Medium Risk,5930,104573,0.05670679812188615
train,WGNB007,Low Risk,High Risk,10,104573,9.562697828311323e-05
train,WGNB007,Medium Risk,Low Risk,5039,104573,0.048186434356860756
train,WGNB007,Medium Risk,Medium Risk,19953,104573,0.19080450976829583
train,WGNB007,Medium Risk,High Risk,6112,104573,0.05844720912663881
train,WGNB007,Medium Risk,Very High Risk,19,104573,0.00018169125873791515
train,WGNB007,High Risk,Low Risk,739,104573,0.007066833695122068
train,WGNB007,High Risk,Medium Risk,5429,104573,0.05191588650990217
train,WGNB007,High Risk,High Risk,22403,104573,0.21423311944765858
train,WGNB007,High Risk,Very High Risk,3036,104573,0.029032350606753177
train,WGNB007,Very High Risk,Low Risk,157,104573,0.0015013435590448777
train,WGNB007,Very High Risk,Medium Risk,49,104573,0.00046857219358725484
train,WGNB007,Very High Risk,High Risk,2820,104573,0.026966807875837932
train,WGNB007,Very High Risk,Very High Risk,11743,104573,0.11229476059785987
train,WGNB007,Very High Risk,Extreme Risk,916,104573,0.008759431210733172
train,WGNB007,Extreme Risk,Low Risk,6,104573,5.737618696986794e-05
train,WGNB007,Extreme Risk,Medium Risk,1,104573,9.562697828311323e-06
train,WGNB007,Extreme Risk,High Risk,23,104573,0.00021994205005116044
train,WGNB007,Extreme Risk,Very High Risk,887,104573,0.008482112973712144
train,WGNB007,Extreme Risk,Extreme Risk,4313,104573,0.041243915733506734
train,WGNB008,Low Risk,Low Risk,14988,104573,0.1433257150507301
train,WGNB008,Low Risk,Medium Risk,5930,104573,0.05670679812188615
train,WGNB008,Low Risk,High Risk,10,104573,9.562697828311323e-05
train,WGNB008,Medium Risk,Low Risk,5039,104573,0.048186434356860756
train,WGNB008,Medium Risk,Medium Risk,19953,104573,0.19080450976829583
train,WGNB008,Medium Risk,High Risk,6112,104573,0.05844720912663881
train,WGNB008,Medium Risk,Very High Risk,19,104573,0.00018169125873791515
train,WGNB008,High Risk,Low Risk,739,104573,0.007066833695122068
train,WGNB008,High Risk,Medium Risk,5429,104573,0.05191588650990217
train,WGNB008,High Risk,High Risk,22403,104573,0.21423311944765858
train,WGNB008,High Risk,Very High Risk,3036,104573,0.029032350606753177
train,WGNB008,Very High Risk,Low Risk,157,104573,0.0015013435590448777
train,WGNB008,Very High Risk,Medium Risk,49,104573,0.00046857219358725484
train,WGNB008,Very High Risk,High Risk,2820,104573,0.026966807875837932
train,WGNB008,Very High Risk,Very High Risk,11743,104573,0.11229476059785987
train,WGNB008,Very High Risk,Extreme Risk,916,104573,0.008759431210733172
train,WGNB008,Extreme Risk,Low Risk,6,104573,5.737618696986794e-05
train,WGNB008,Extreme Risk,Medium Risk,1,104573,9.562697828311323e-06
train,WGNB008,Extreme Risk,High Risk,23,104573,0.00021994205005116044
train,WGNB008,Extreme Risk,Very High Risk,887,104573,0.008482112973712144
train,WGNB008,Extreme Risk,Extreme Risk,4313,104573,0.041243915733506734
train,WGNB009,Low Risk,Low Risk,14988,104573,0.1433257150507301
train,WGNB009,Low Risk,Medium Risk,5930,104573,0.05670679812188615
train,WGNB009,Low Risk,High Risk,10,104573,9.562697828311323e-05
train,WGNB009,Medium Risk,Low Risk,5039,104573,0.048186434356860756
train,WGNB009,Medium Risk,Medium Risk,19953,104573,0.19080450976829583
train,WGNB009,Medium Risk,High Risk,6112,104573,0.05844720912663881
train,WGNB009,Medium Risk,Very High Risk,19,104573,0.00018169125873791515
train,WGNB009,High Risk,Low Risk,739,104573,0.007066833695122068
train,WGNB009,High Risk,Medium Risk,5429,104573,0.05191588650990217
train,WGNB009,High Risk,High Risk,22406,104573,0.21426180754114352
train,WGNB009,High Risk,Very High Risk,3033,104573,0.029003662513268243
train,WGNB009,Very High Risk,Low Risk,157,104573,0.0015013435590448777
train,WGNB009,Very High Risk,Medium Risk,49,104573,0.00046857219358725484
train,WGNB009,Very High Risk,High Risk,2820,104573,0.026966807875837932
train,WGNB009,Very High Risk,Very High Risk,11743,104573,0.11229476059785987
train,WGNB009,Very High Risk,Extreme Risk,916,104573,0.008759431210733172
train,WGNB009,Extreme Risk,Low Risk,6,104573,5.737618696986794e-05
train,WGNB009,Extreme Risk,Medium Risk,1,104573,9.562697828311323e-06
train,WGNB009,Extreme Risk,High Risk,19,104573,0.00018169125873791515
train,WGNB009,Extreme Risk,Very High Risk,891,104573,0.00852036376502539
train,WGNB009,Extreme Risk,Extreme Risk,4313,104573,0.041243915733506734
train,WGNB010,Low Risk,Low Risk,15336,104573,0.14665353389498245
train,WGNB010,Low Risk,Medium Risk,5582,104573,0.053378979277633805
train,WGNB010,Low Risk,High Risk,10,104573,9.562697828311323e-05
train,WGNB010,Medium Risk,Low Risk,4871,104573,0.04657990112170445
train,WGNB010,Medium Risk,Medium Risk,20128,104573,0.19247798188825033
train,WGNB010,Medium Risk,High Risk,6105,104573,0.05838027024184063
train,WGNB010,Medium Risk,Very High Risk,19,104573,0.00018169125873791515
train,WGNB010,High Risk,Low Risk,671,104573,0.006416570242796898
train,WGNB010,High Risk,Medium Risk,5481,104573,0.05241314679697436
train,WGNB010,High Risk,High Risk,22436,104573,0.21454868847599284
train,WGNB010,High Risk,Very High Risk,3019,104573,0.028869784743671884
train,WGNB010,Very High Risk,Low Risk,157,104573,0.0015013435590448777
train,WGNB010,Very High Risk,Medium Risk,46,104573,0.0004398841001023209
train,WGNB010,Very High Risk,High Risk,2816,104573,0.026928557084524685
train,WGNB010,Very High Risk,Very High Risk,11751,104573,0.11237126218048636
train,WGNB010,Very High Risk,Extreme Risk,915,104573,0.00874986851290486
train,WGNB010,Extreme Risk,Low Risk,6,104573,5.737618696986794e-05
train,WGNB010,Extreme Risk,High Risk,12,104573,0.00011475237393973588
train,WGNB010,Extreme Risk,Very High Risk,898,104573,0.008587302649823568
train,WGNB010,Extreme Risk,Extreme Risk,4314,104573,0.04125347843133505
train,WGNB011,Low Risk,Low Risk,13031,104573,0.12461151540072485
train,WGNB011,Low Risk,Medium Risk,7340,104573,0.07019020205980511
train,WGNB011,Low Risk,High Risk,557,104573,0.005326422690369407
train,WGNB011,Medium Risk,Low Risk,9786,104573,0.09358056094785461
train,WGNB011,Medium Risk,Medium Risk,13203,104573,0.1262562994271944
train,WGNB011,Medium Risk,High Risk,8131,104573,0.07775429604199936
train,WGNB011,Medium Risk,Very High Risk,3,104573,2.868809348493397e-05
train,WGNB011,High Risk,Low Risk,968,104573,0.00925669149780536
train,WGNB011,High Risk,Medium Risk,2239,104573,0.021410880437589052
train,WGNB011,High Risk,High Risk,25469,104573,0.2435523509892611
train,WGNB011,High Risk,Very High Risk,2931,104573,0.028028267334780487
train,WGNB011,Very High Risk,Low Risk,95,104573,0.0009084562936895757
train,WGNB011,Very High Risk,Medium Risk,194,104573,0.0018551633786923966
train,WGNB011,Very High Risk,High Risk,6307,104573,0.060311935203159514
train,WGNB011,Very High Risk,Very High Risk,7732,104573,0.07393877960850315
train,WGNB011,Very High Risk,Extreme Risk,1357,104573,0.012976580953018466
train,WGNB011,Extreme Risk,Low Risk,1,104573,9.562697828311323e-06
train,WGNB011,Extreme Risk,Medium Risk,3,104573,2.868809348493397e-05
train,WGNB011,Extreme Risk,High Risk,149,104573,0.0014248419764183872
train,WGNB011,Extreme Risk,Very High Risk,1213,104573,0.011599552465741635
train,WGNB011,Extreme Risk,Extreme Risk,3864,104573,0.03695026440859495
train,WGNB012,Low Risk,Low Risk,15351,104573,0.14679697436240713
train,WGNB012,Low Risk,Medium Risk,5496,104573,0.05255658726439903
train,WGNB012,Low Risk,High Risk,81,104573,0.0007745785240932172
train,WGNB012,Medium Risk,Low Risk,4941,104573,0.04724928996968625
train,WGNB012,Medium Risk,Medium Risk,20950,104573,0.20033851950312223
train,WGNB012,Medium Risk,High Risk,5232,104573,0.05003203503772484
train,WGNB012,High Risk,Low Risk,605,104573,0.005785432186128351
train,WGNB012,High Risk,Medium Risk,5660,104573,0.05412486970824209
train,WGNB012,High Risk,High Risk,22159,104573,0.2118998211775506
train,WGNB012,High Risk,Very High Risk,3183,104573,0.03043806718751494
train,WGNB012,Very High Risk,Low Risk,2,104573,1.9125395656622646e-05
train,WGNB012,Very High Risk,Medium Risk,88,104573,0.0008415174088913964
train,WGNB012,Very High Risk,High Risk,2968,104573,0.02838208715442801
train,WGNB012,Very High Risk,Very High Risk,11737,104573,0.11223738441089
train,WGNB012,Very High Risk,Extreme Risk,890,104573,0.008510801067197078
train,WGNB012,Extreme Risk,Medium Risk,2,104573,1.9125395656622646e-05
train,WGNB012,Extreme Risk,High Risk,6,104573,5.737618696986794e-05
train,WGNB012,Extreme Risk,Very High Risk,898,104573,0.008587302649823568
train,WGNB012,Extreme Risk,Extreme Risk,4324,104573,0.04134910540961816
train,WGNB013,Low Risk,Low Risk,15723,104573,0.15035429795453895
train,WGNB013,Low Risk,Medium Risk,5127,104573,0.049027951765752156
train,WGNB013,Low Risk,High Risk,78,104573,0.0007458904306082832
train,WGNB013,Medium Risk,Low Risk,4374,104573,0.04182724030103373
train,WGNB013,Medium Risk,Medium Risk,21868,104573,0.20911707610951202
train,WGNB013,Medium Risk,High Risk,4876,104573,0.04662771461084601
train,WGNB013,Medium Risk,Very High Risk,5,104573,4.7813489141556616e-05
train,WGNB013,High Risk,Low Risk,763,104573,0.007296338443001539
train,WGNB013,High Risk,Medium Risk,4476,104573,0.042802635479521484
train,WGNB013,High Risk,High Risk,23424,104573,0.22399663393036442
train,WGNB013,High Risk,Very High Risk,2944,104573,0.028152582406548537
train,WGNB013,Very High Risk,Low Risk,157,104573,0.0015013435590448777
train,WGNB013,Very High Risk,Medium Risk,19,104573,0.00018169125873791515
train,WGNB013,Very High Risk,High Risk,2905,104573,0.027779637191244395
train,WGNB013,Very High Risk,Very High Risk,11697,104573,0.11185487649775755
train,WGNB013,Very High Risk,Extreme Risk,907,104573,0.00867336693027837
train,WGNB013,Extreme Risk,Low Risk,6,104573,5.737618696986794e-05
train,WGNB013,Extreme Risk,Medium Risk,1,104573,9.562697828311323e-06
train,WGNB013,Extreme Risk,High Risk,5,104573,4.7813489141556616e-05
train,WGNB013,Extreme Risk,Very High Risk,895,104573,0.008558614556338634
train,WGNB013,Extreme Risk,Extreme Risk,4323,104573,0.04133954271178985
train,WGNB014,Low Risk,Low Risk,15723,104573,0.15035429795453895
train,WGNB014,Low Risk,Medium Risk,5177,104573,0.04950608665716772
train,WGNB014,Low Risk,High Risk,28,104573,0.00026775553919271706
train,WGNB014,Medium Risk,Low Risk,4320,104573,0.041310854618304915
train,WGNB014,Medium Risk,Medium Risk,21382,104573,0.2044696049649527
train,WGNB014,Medium Risk,High Risk,5402,104573,0.05165769366853777
train,WGNB014,Medium Risk,Very High Risk,19,104573,0.00018169125873791515
train,WGNB014,High Risk,Low Risk,696,104573,0.006655637688504681
train,WGNB014,High Risk,Medium Risk,4796,104573,0.04586269878458111
train,WGNB014,High Risk,High Risk,23124,104573,0.22112782458187102
train,WGNB014,High Risk,Very High Risk,2991,104573,0.028602029204479167
train,WGNB014,Very High Risk,Low Risk,157,104573,0.0015013435590448777
train,WGNB014,Very High Risk,Medium Risk,27,104573,0.00025819284136440574
train,WGNB014,Very High Risk,High Risk,3092,104573,0.02956786168513861
train,WGNB014,Very High Risk,Very High Risk,11520,104573,0.11016227898214645
train,WGNB014,Very High Risk,Extreme Risk,889,104573,0.008501238369368766
train,WGNB014,Extreme Risk,Low Risk,6,104573,5.737618696986794e-05
train,WGNB014,Extreme Risk,High Risk,8,104573,7.650158262649058e-05
train,WGNB014,Extreme Risk,Very High Risk,875,104573,0.008367360599772408
train,WGNB014,Extreme Risk,Extreme Risk,4341,104573,0.04151167127269945
train,WLOG001,Low Risk,Low Risk,13031,104573,0.12461151540072485
train,WLOG001,Low Risk,Medium Risk,7340,104573,0.07019020205980511
train,WLOG001,Low Risk,High Risk,557,104573,0.005326422690369407
train,WLOG001,Medium Risk,Low Risk,9810,104573,0.09381006569573408
train,WLOG001,Medium Risk,Medium Risk,13218,104573,0.12639973989461906
train,WLOG001,Medium Risk,High Risk,8088,104573,0.07734310003538199
train,WLOG001,Medium Risk,Very High Risk,5,104573,4.7813489141556616e-05
train,WLOG001,Medium Risk,Extreme Risk,2,104573,1.9125395656622646e-05
train,WLOG001,High Risk,Low Risk,2485,104573,0.023763304103353637
train,WLOG001,High Risk,Medium Risk,4192,104573,0.04008682929628107
train,WLOG001,High Risk,High Risk,19257,104573,0.18414887207979114
train,WLOG001,High Risk,Very High Risk,5485,104573,0.05245139758828761
train,WLOG001,High Risk,Extreme Risk,188,104573,0.0017977871917225288
train,WLOG001,Very High Risk,Low Risk,542,104573,0.005182982222944737
train,WLOG001,Very High Risk,Medium Risk,1019,104573,0.009744389087049238
train,WLOG001,Very High Risk,High Risk,5036,104573,0.04815774626337582
train,WLOG001,Very High Risk,Very High Risk,8058,104573,0.07705621910053265
train,WLOG001,Very High Risk,Extreme Risk,1030,104573,0.009849578763160663
train,WLOG001,Extreme Risk,Low Risk,43,104573,0.0004111960066173869
train,WLOG001,Extreme Risk,Medium Risk,129,104573,0.0012335880198521606
train,WLOG001,Extreme Risk,High Risk,831,104573,0.00794660189532671
train,WLOG001,Extreme Risk,Very High Risk,3126,104573,0.029892993411301198
train,WLOG001,Extreme Risk,Extreme Risk,1101,104573,0.010528530308970767
train,WLOG002,Low Risk,Low Risk,13031,104573,0.12461151540072485
train,WLOG002,Low Risk,Medium Risk,7340,104573,0.07019020205980511
train,WLOG002,Low Risk,High Risk,557,104573,0.005326422690369407
train,WLOG002,Medium Risk,Low Risk,9810,104573,0.09381006569573408
train,WLOG002,Medium Risk,Medium Risk,13218,104573,0.12639973989461906
train,WLOG002,Medium Risk,High Risk,8088,104573,0.07734310003538199
train,WLOG002,Medium Risk,Very High Risk,7,104573,6.693888479817926e-05
train,WLOG002,High Risk,Low Risk,2443,104573,0.02336167079456456
train,WLOG002,High Risk,Medium Risk,4141,104573,0.03959913170703719
train,WLOG002,High Risk,High Risk,19292,104573,0.18448356650378206
train,WLOG002,High Risk,Very High Risk,5731,104573,0.05480382125405219
train,WLOG002,Very High Risk,Low Risk,354,104573,0.0033851950312222085
train,WLOG002,Very High Risk,Medium Risk,670,104573,0.006407007544968587
train,WLOG002,Very High Risk,High Risk,4548,104573,0.0434911497231599
train,WLOG002,Very High Risk,Very High Risk,9278,104573,0.08872271045107245
train,WLOG002,Very High Risk,Extreme Risk,835,104573,0.007984852686639956
train,WLOG002,Extreme Risk,Low Risk,4,104573,3.825079131324529e-05
train,WLOG002,Extreme Risk,Medium Risk,15,104573,0.00014344046742466985
train,WLOG002,Extreme Risk,High Risk,214,104573,0.002046417335258623
train,WLOG002,Extreme Risk,Very High Risk,1390,104573,0.01329214998135274
train,WLOG002,Extreme Risk,Extreme Risk,3607,104573,0.03449265106671894
train,WLOG003,Low Risk,Low Risk,13031,104573,0.12461151540072485
train,WLOG003,Low Risk,Medium Risk,7340,104573,0.07019020205980511
train,WLOG003,Low Risk,High Risk,557,104573,0.005326422690369407
train,WLOG003,Medium Risk,Low Risk,9786,104573,0.09358056094785461
train,WLOG003,Medium Risk,Medium Risk,13203,104573,0.1262562994271944
train,WLOG003,Medium Risk,High Risk,8127,104573,0.07771604525068612
train,WLOG003,Medium Risk,Very High Risk,7,104573,6.693888479817926e-05
train,WLOG003,High Risk,Low Risk,968,104573,0.00925669149780536
train,WLOG003,High Risk,Medium Risk,2239,104573,0.021410880437589052
train,WLOG003,High Risk,High Risk,22429,104573,0.21448174959119468
train,WLOG003,High Risk,Very High Risk,5966,104573,0.05705105524370535
train,WLOG003,High Risk,Extreme Risk,5,104573,4.7813489141556616e-05
train,WLOG003,Very High Risk,Low Risk,95,104573,0.0009084562936895757
train,WLOG003,Very High Risk,Medium Risk,194,104573,0.0018551633786923966
train,WLOG003,Very High Risk,High Risk,3166,104573,0.03027550132443365
train,WLOG003,Very High Risk,Very High Risk,10970,104573,0.10490279517657522
train,WLOG003,Very High Risk,Extreme Risk,1260,104573,0.012048999263672268
train,WLOG003,Extreme Risk,Low Risk,1,104573,9.562697828311323e-06
train,WLOG003,Extreme Risk,Medium Risk,3,104573,2.868809348493397e-05
train,WLOG003,Extreme Risk,High Risk,49,104573,0.00046857219358725484
train,WLOG003,Extreme Risk,Very High Risk,938,104573,0.008969810562956022
train,WLOG003,Extreme Risk,Extreme Risk,4239,104573,0.0405362760942117
train,WLOG004,Low Risk,Low Risk,13031,104573,0.12461151540072485
train,WLOG004,Low Risk,Medium Risk,7897,104573,0.07551662475017452
train,WLOG004,Medium Risk,Low Risk,9786,104573,0.09358056094785461
train,WLOG004,Medium Risk,Medium Risk,19263,104573,0.18420624826676102
train,WLOG004,Medium Risk,High Risk,2067,104573,0.019766096411119503
train,WLOG004,Medium Risk,Very High Risk,7,104573,6.693888479817926e-05
train,WLOG004,High Risk,Low Risk,830,104573,0.007937039197498398
train,WLOG004,High Risk,Medium Risk,6260,104573,0.059862488405228884
train,WLOG004,High Risk,High Risk,18563,104573,0.1775123597869431
train,WLOG004,High Risk,Very High Risk,5954,104573,0.056936302869765615
train,WLOG004,Very High Risk,Low Risk,17,104573,0.00016256586308129248
train,WLOG004,Very High Risk,Medium Risk,74,104573,0.000707639639295038
train,WLOG004,Very High Risk,High Risk,2880,104573,0.027540569745536612
train,WLOG004,Very High Risk,Very High Risk,11929,104573,0.11407342239392577
train,WLOG004,Very High Risk,Extreme Risk,785,104573,0.0075067177952243885
train,WLOG004,Extreme Risk,Medium Risk,2,104573,1.9125395656622646e-05
train,WLOG004,Extreme Risk,High Risk,15,104573,0.00014344046742466985
train,WLOG004,Extreme Risk,Very High Risk,739,104573,0.007066833695122068
train,WLOG004,Extreme Risk,Extreme Risk,4474,104573,0.04278351008386486
train,WLOG005,Low Risk,Low Risk,14255,104573,0.13631625754257792
train,WLOG005,Low Risk,Medium Risk,6671,104573,0.06379275721266484
train,WLOG005,Low Risk,High Risk,2,104573,1.9125395656622646e-05
train,WLOG005,Medium Risk,Low Risk,5037,104573,0.048167308961204136
train,WLOG005,Medium Risk,Medium Risk,21106,104573,0.2018303003643388
train,WLOG005,Medium Risk,High Risk,4978,104573,0.04760310978933377
train,WLOG005,Medium Risk,Very High Risk,2,104573,1.9125395656622646e-05
train,WLOG005,High Risk,Low Risk,308,104573,0.0029453109311198874
train,WLOG005,High Risk,Medium Risk,4676,104573,0.04471517504518375
train,WLOG005,High Risk,High Risk,23569,104573,0.22538322511546957
train,WLOG005,High Risk,Very High Risk,3054,104573,0.02920447916766278
train,WLOG005,Very High Risk,Low Risk,1,104573,9.562697828311323e-06
train,WLOG005,Very High Risk,Medium Risk,93,104573,0.000889330898032953
train,WLOG005,Very High Risk,High Risk,3087,104573,0.029520048195997056
train,WLOG005,Very High Risk,Very High Risk,11674,104573,0.11163493444770639
train,WLOG005,Very High Risk,Extreme Risk,830,104573,0.007937039197498398
train,WLOG005,Extreme Risk,Medium Risk,2,104573,1.9125395656622646e-05
train,WLOG005,Extreme Risk,High Risk,13,104573,0.0001243150717680472
train,WLOG005,Extreme Risk,Very High Risk,681,104573,0.006512197221080011
train,WLOG005,Extreme Risk,Extreme Risk,4534,104573,0.043357271953563536
train,XGB001,Low Risk,Low Risk,18621,104573,0.17806699626098516
train,XGB001,Low Risk,Medium Risk,2304,104573,0.02203245579642929
train,XGB001,Low Risk,High Risk,3,104573,2.868809348493397e-05
train,XGB001,Medium Risk,Low Risk,2293,104573,0.021927266120317864
train,XGB001,Medium Risk,Medium Risk,27080,104573,0.25895785719067066
train,XGB001,Medium Risk,High Risk,1749,104573,0.016725158501716506
train,XGB001,Medium Risk,Very High Risk,1,104573,9.562697828311323e-06
train,XGB001,High Risk,Medium Risk,1988,104573,0.01901064328268291
train,XGB001,High Risk,High Risk,28487,104573,0.2724125730351047
train,XGB001,High Risk,Very High Risk,1132,104573,0.010824973941648417
train,XGB001,Very High Risk,High Risk,1133,104573,0.010834536639476729
train,XGB001,Very High Risk,Very High Risk,14167,104573,0.13547474013368652
train,XGB001,Very High Risk,Extreme Risk,385,104573,0.0036816386638998592
train,XGB001,Extreme Risk,Very High Risk,386,104573,0.0036912013617281707
train,XGB001,Extreme Risk,Extreme Risk,4844,104573,0.04632170828034005
train,XGB002,Low Risk,Low Risk,18744,104573,0.17924320809386743
train,XGB002,Low Risk,Medium Risk,2177,104573,0.02081799317223375
train,XGB002,Low Risk,High Risk,7,104573,6.693888479817926e-05
train,XGB002,Medium Risk,Low Risk,2171,104573,0.020760616985263883
train,XGB002,Medium Risk,Medium Risk,27211,104573,0.2602105706061794
train,XGB002,Medium Risk,High Risk,1741,104573,0.016648656919090014
train,XGB002,High Risk,Medium Risk,1983,104573,0.018962829793541355
train,XGB002,High Risk,High Risk,28572,104573,0.2732254023505111
train,XGB002,High Risk,Very High Risk,1052,104573,0.010059958115383513
train,XGB002,Very High Risk,High Risk,1052,104573,0.010059958115383513
train,XGB002,Very High Risk,Very High Risk,14248,104573,0.13624931865777973
train,XGB002,Very High Risk,Extreme Risk,385,104573,0.0036816386638998592
train,XGB002,Extreme Risk,Very High Risk,386,104573,0.0036912013617281707
train,XGB002,Extreme Risk,Extreme Risk,4844,104573,0.04632170828034005
train,XGB003,Low Risk,Low Risk,18473,104573,0.17665171698239507
train,XGB003,Low Risk,Medium Risk,2455,104573,0.023476423168504297
train,XGB003,Medium Risk,Low Risk,2439,104573,0.023323420003251317
train,XGB003,Medium Risk,Medium Risk,26867,104573,0.2569210025532403
train,XGB003,Medium Risk,High Risk,1817,104573,0.017375421954041674
train,XGB003,High Risk,Medium Risk,2052,104573,0.019622655943694837
train,XGB003,High Risk,High Risk,28237,104573,0.27002189857802683
train,XGB003,High Risk,Very High Risk,1318,104573,0.012603635737714324
train,XGB003,Very High Risk,High Risk,1311,104573,0.012536696852916144
train,XGB003,Very High Risk,Very High Risk,13886,104573,0.13278762204393105
train,XGB003,Very High Risk,Extreme Risk,488,104573,0.004666596540215926
train,XGB003,Extreme Risk,High Risk,7,104573,6.693888479817926e-05
train,XGB003,Extreme Risk,Very High Risk,482,104573,0.004609220353246058
train,XGB003,Extreme Risk,Extreme Risk,4741,104573,0.04533675040402398
train,XGB004,Low Risk,Low Risk,18460,104573,0.17652740191062702
train,XGB004,Low Risk,Medium Risk,2468,104573,0.023600738240272347
train,XGB004,Medium Risk,Low Risk,2452,104573,0.023447735075019363
train,XGB004,Medium Risk,Medium Risk,26887,104573,0.25711225650980657
train,XGB004,Medium Risk,High Risk,1784,104573,0.0170598529257074
train,XGB004,High Risk,Low Risk,2,104573,1.9125395656622646e-05
train,XGB004,High Risk,Medium Risk,2017,104573,0.01928796151970394
train,XGB004,High Risk,High Risk,28204,104573,0.26970632954969254
train,XGB004,High Risk,Very High Risk,1384,104573,0.013234773794382872
train,XGB004,Very High Risk,Medium Risk,2,104573,1.9125395656622646e-05
train,XGB004,Very High Risk,High Risk,1373,104573,0.013129584118271446
train,XGB004,Very High Risk,Very High Risk,13798,104573,0.13194610463503964
train,XGB004,Very High Risk,Extreme Risk,512,104573,0.004896101288095397
train,XGB004,Extreme Risk,High Risk,9,104573,8.606428045480191e-05
train,XGB004,Extreme Risk,Very High Risk,504,104573,0.004819599705468907
train,XGB004,Extreme Risk,Extreme Risk,4717,104573,0.04510724565614451
train,XGBSTACK001,Low Risk,Low Risk,20928,104573,0.20012814015089936
train,XGBSTACK001,Medium Risk,Medium Risk,31123,104573,0.2976198445105333
train,XGBSTACK001,High Risk,High Risk,31607,104573,0.302248190259436
train,XGBSTACK001,Very High Risk,Very High Risk,15685,104573,0.1499909154370631
train,XGBSTACK001,Extreme Risk,Extreme Risk,5230,104573,0.05001290964206822
validation,BLOG001,Low Risk,Low Risk,5733,44817,0.12792020884932057
validation,BLOG001,Low Risk,Medium Risk,3003,44817,0.06700582368297744
validation,BLOG001,Low Risk,High Risk,227,44817,0.005065042283062231
validation,BLOG001,Medium Risk,Low Risk,4211,44817,0.09395988129504429
validation,BLOG001,Medium Risk,Medium Risk,5717,44817,0.1275632014637303
validation,BLOG001,Medium Risk,High Risk,3455,44817,0.07709128232590312
validation,BLOG001,Medium Risk,Extreme Risk,1,44817,2.2312961599393088e-05
validation,BLOG001,High Risk,Low Risk,1076,44817,0.024008746680946963
validation,BLOG001,High Risk,Medium Risk,1702,44817,0.03797666064216704
validation,BLOG001,High Risk,High Risk,8155,44817,0.18196220184305062
validation,BLOG001,High Risk,Very High Risk,2478,44817,0.05529151884329607
validation,BLOG001,High Risk,Extreme Risk,95,44817,0.0021197313519423435
validation,BLOG001,Very High Risk,Low Risk,244,44817,0.0054443626302519135
validation,BLOG001,Very High Risk,Medium Risk,423,44817,0.009438382756543276
validation,BLOG001,Very High Risk,High Risk,2185,44817,0.048753821094673896
validation,BLOG001,Very High Risk,Very High Risk,3450,44817,0.07697971751790615
validation,BLOG001,Very High Risk,Extreme Risk,421,44817,0.00939375683334449
validation,BLOG001,Extreme Risk,Low Risk,26,44817,0.0005801370015842203
validation,BLOG001,Extreme Risk,Medium Risk,69,44817,0.001539594350358123
validation,BLOG001,Extreme Risk,High Risk,363,44817,0.008099605060579692
validation,BLOG001,Extreme Risk,Very High Risk,1300,44817,0.029006850079211013
validation,BLOG001,Extreme Risk,Extreme Risk,483,44817,0.010777160452506861
validation,BLOG002,Low Risk,Low Risk,5733,44817,0.12792020884932057
validation,BLOG002,Low Risk,Medium Risk,3003,44817,0.06700582368297744
validation,BLOG002,Low Risk,High Risk,227,44817,0.005065042283062231
validation,BLOG002,Medium Risk,Low Risk,4211,44817,0.09395988129504429
validation,BLOG002,Medium Risk,Medium Risk,5717,44817,0.1275632014637303
validation,BLOG002,Medium Risk,High Risk,3455,44817,0.07709128232590312
validation,BLOG002,Medium Risk,Very High Risk,1,44817,2.2312961599393088e-05
validation,BLOG002,High Risk,Low Risk,1055,44817,0.02354017448735971
validation,BLOG002,High Risk,Medium Risk,1680,44817,0.037485775486980386
validation,BLOG002,High Risk,High Risk,8180,44817,0.18252002588303545
validation,BLOG002,High Risk,Very High Risk,2589,44817,0.0577682575808287
validation,BLOG002,High Risk,Extreme Risk,2,44817,4.4625923198786177e-05
validation,BLOG002,Very High Risk,Low Risk,168,44817,0.0037485775486980387
validation,BLOG002,Very High Risk,Medium Risk,289,44817,0.006448445902224602
validation,BLOG002,Very High Risk,High Risk,2052,44817,0.04578619720195461
validation,BLOG002,Very High Risk,Very High Risk,3715,44817,0.08289265234174532
validation,BLOG002,Very High Risk,Extreme Risk,499,44817,0.011134167838097151
validation,BLOG002,Extreme Risk,Low Risk,2,44817,4.4625923198786177e-05
validation,BLOG002,Extreme Risk,Medium Risk,3,44817,6.693888479817926e-05
validation,BLOG002,Extreme Risk,High Risk,104,44817,0.002320548006336881
validation,BLOG002,Extreme Risk,Very High Risk,548,44817,0.012227502956467412
validation,BLOG002,Extreme Risk,Extreme Risk,1584,44817,0.03534373117343865
validation,BLOG003,Low Risk,Low Risk,5733,44817,0.12792020884932057
validation,BLOG003,Low Risk,Medium Risk,3003,44817,0.06700582368297744
validation,BLOG003,Low Risk,High Risk,227,44817,0.005065042283062231
validation,BLOG003,Medium Risk,Low Risk,4192,44817,0.09353593502465582
validation,BLOG003,Medium Risk,Medium Risk,5708,44817,0.12736238480933573
validation,BLOG003,Medium Risk,High Risk,3483,44817,0.07771604525068612
validation,BLOG003,Medium Risk,Very High Risk,1,44817,2.2312961599393088e-05
validation,BLOG003,High Risk,Low Risk,431,44817,0.00961688644933842
validation,BLOG003,High Risk,Medium Risk,913,44817,0.020371733940245888
validation,BLOG003,High Risk,High Risk,9479,44817,0.21150456300064707
validation,BLOG003,High Risk,Very High Risk,2683,44817,0.05986567597117165
validation,BLOG003,Very High Risk,Low Risk,61,44817,0.0013610906575629784
validation,BLOG003,Very High Risk,Medium Risk,96,44817,0.0021420443135417365
validation,BLOG003,Very High Risk,High Risk,1363,44817,0.03041256665997278
validation,BLOG003,Very High Risk,Very High Risk,4744,44817,0.1058526898275208
validation,BLOG003,Very High Risk,Extreme Risk,459,44817,0.010241649374121427
validation,BLOG003,Extreme Risk,Medium Risk,1,44817,2.2312961599393088e-05
validation,BLOG003,Extreme Risk,High Risk,26,44817,0.0005801370015842203
validation,BLOG003,Extreme Risk,Very High Risk,432,44817,0.009639199410937814
validation,BLOG003,Extreme Risk,Extreme Risk,1782,44817,0.03976169757011848
validation,BLOG004,Low Risk,Low Risk,5733,44817,0.12792020884932057
validation,BLOG004,Low Risk,Medium Risk,3003,44817,0.06700582368297744
validation,BLOG004,Low Risk,High Risk,227,44817,0.005065042283062231
validation,BLOG004,Medium Risk,Low Risk,4192,44817,0.09353593502465582
validation,BLOG004,Medium Risk,Medium Risk,5727,44817,0.1277863310797242
validation,BLOG004,Medium Risk,High Risk,3464,44817,0.07729209898029765
validation,BLOG004,Medium Risk,Very High Risk,1,44817,2.2312961599393088e-05
validation,BLOG004,High Risk,Low Risk,379,44817,0.00845661244616998
validation,BLOG004,High Risk,Medium Risk,1414,44817,0.031550527701541826
validation,BLOG004,High Risk,High Risk,9030,44817,0.2014860432425196
validation,BLOG004,High Risk,Very High Risk,2683,44817,0.05986567597117165
validation,BLOG004,Very High Risk,Low Risk,14,44817,0.0003123814623915032
validation,BLOG004,Very High Risk,Medium Risk,28,44817,0.0006247629247830064
validation,BLOG004,Very High Risk,High Risk,1116,44817,0.024901265144922687
validation,BLOG004,Very High Risk,Very High Risk,5248,44817,0.11709842247361492
validation,BLOG004,Very High Risk,Extreme Risk,317,44817,0.007073208827007608
validation,BLOG004,Extreme Risk,High Risk,7,44817,0.0001561907311957516
validation,BLOG004,Extreme Risk,Very High Risk,315,44817,0.007028582903808822
validation,BLOG004,Extreme Risk,Extreme Risk,1919,44817,0.04281857330923534
validation,BLOG005,Low Risk,Low Risk,6156,44817,0.13735859160586383
validation,BLOG005,Low Risk,Medium Risk,2807,44817,0.0626324832094964
validation,BLOG005,Medium Risk,Low Risk,1589,44817,0.03545529598143562
validation,BLOG005,Medium Risk,Medium Risk,9726,44817,0.21701586451569718
validation,BLOG005,Medium Risk,High Risk,2068,44817,0.0461432045875449
validation,BLOG005,Medium Risk,Very High Risk,1,44817,2.2312961599393088e-05
validation,BLOG005,High Risk,Low Risk,87,44817,0.0019412276591471986
validation,BLOG005,High Risk,Medium Risk,1927,44817,0.04299707700203048
validation,BLOG005,High Risk,High Risk,10178,44817,0.22710132315862283
validation,BLOG005,High Risk,Very High Risk,1314,44817,0.029319231541602517
validation,BLOG005,Very High Risk,Medium Risk,45,44817,0.001004083271972689
validation,BLOG005,Very High Risk,High Risk,1315,44817,0.02934154450320191
validation,BLOG005,Very High Risk,Very High Risk,5031,44817,0.11225650980654663
validation,BLOG005,Very High Risk,Extreme Risk,332,44817,0.007407903250998505
validation,BLOG005,Extreme Risk,High Risk,6,44817,0.00013387776959635853
validation,BLOG005,Extreme Risk,Very High Risk,310,44817,0.006917018095811857
validation,BLOG005,Extreme Risk,Extreme Risk,1925,44817,0.042952451078831694
validation,BNB001,Low Risk,Low Risk,6423,44817,0.1433161523529018
validation,BNB001,Low Risk,Medium Risk,2534,44817,0.056541044692862086
validation,BNB001,Low Risk,High Risk,6,44817,0.00013387776959635853
validation,BNB001,Medium Risk,Low Risk,2490,44817,0.05555927438248879
validation,BNB001,Medium Risk,Medium Risk,8434,44817,0.1881875181292813
validation,BNB001,Medium Risk,High Risk,2460,44817,0.054889885534506994
validation,BNB001,High Risk,Low Risk,50,44817,0.0011156480799696543
validation,BNB001,High Risk,Medium Risk,2465,44817,0.05500145034250396
validation,BNB001,High Risk,High Risk,9684,44817,0.21607872012852267
validation,BNB001,High Risk,Very High Risk,1307,44817,0.029163040810406764
validation,BNB001,Very High Risk,Medium Risk,11,44817,0.000245442577593324
validation,BNB001,Very High Risk,High Risk,1293,44817,0.028850659348015263
validation,BNB001,Very High Risk,Very High Risk,5022,44817,0.11205569315215208
validation,BNB001,Very High Risk,Extreme Risk,397,44817,0.008858245754959056
validation,BNB001,Extreme Risk,High Risk,2,44817,4.4625923198786177e-05
validation,BNB001,Extreme Risk,Very High Risk,395,44817,0.00881361983176027
validation,BNB001,Extreme Risk,Extreme Risk,1844,44817,0.04114510118928085
validation,BNB002,Low Risk,Low Risk,6423,44817,0.1433161523529018
validation,BNB002,Low Risk,Medium Risk,2534,44817,0.056541044692862086
validation,BNB002,Low Risk,High Risk,6,44817,0.00013387776959635853
validation,BNB002,Medium Risk,Low Risk,2490,44817,0.05555927438248879
validation,BNB002,Medium Risk,Medium Risk,8434,44817,0.1881875181292813
validation,BNB002,Medium Risk,High Risk,2460,44817,0.054889885534506994
validation,BNB002,High Risk,Low Risk,50,44817,0.0011156480799696543
validation,BNB002,High Risk,Medium Risk,2465,44817,0.05500145034250396
validation,BNB002,High Risk,High Risk,9684,44817,0.21607872012852267
validation,BNB002,High Risk,Very High Risk,1307,44817,0.029163040810406764
validation,BNB002,Very High Risk,Medium Risk,11,44817,0.000245442577593324
validation,BNB002,Very High Risk,High Risk,1293,44817,0.028850659348015263
validation,BNB002,Very High Risk,Very High Risk,5022,44817,0.11205569315215208
validation,BNB002,Very High Risk,Extreme Risk,397,44817,0.008858245754959056
validation,BNB002,Extreme Risk,High Risk,2,44817,4.4625923198786177e-05
validation,BNB002,Extreme Risk,Very High Risk,395,44817,0.00881361983176027
validation,BNB002,Extreme Risk,Extreme Risk,1844,44817,0.04114510118928085
validation,BNB003,Low Risk,Low Risk,6423,44817,0.1433161523529018
validation,BNB003,Low Risk,Medium Risk,2534,44817,0.056541044692862086
validation,BNB003,Low Risk,High Risk,6,44817,0.00013387776959635853
validation,BNB003,Medium Risk,Low Risk,2490,44817,0.05555927438248879
validation,BNB003,Medium Risk,Medium Risk,8434,44817,0.1881875181292813
validation,BNB003,Medium Risk,High Risk,2460,44817,0.054889885534506994
validation,BNB003,High Risk,Low Risk,50,44817,0.0011156480799696543
validation,BNB003,High Risk,Medium Risk,2465,44817,0.05500145034250396
validation,BNB003,High Risk,High Risk,9687,44817,0.21614565901332083
validation,BNB003,High Risk,Very High Risk,1304,44817,0.029096101925608586
validation,BNB003,Very High Risk,Medium Risk,11,44817,0.000245442577593324
validation,BNB003,Very High Risk,High Risk,1293,44817,0.028850659348015263
validation,BNB003,Very High Risk,Very High Risk,5022,44817,0.11205569315215208
validation,BNB003,Very High Risk,Extreme Risk,397,44817,0.008858245754959056
validation,BNB003,Extreme Risk,High Risk,2,44817,4.4625923198786177e-05
validation,BNB003,Extreme Risk,Very High Risk,395,44817,0.00881361983176027
validation,BNB003,Extreme Risk,Extreme Risk,1844,44817,0.04114510118928085
validation,BNB004,Low Risk,Low Risk,6423,44817,0.1433161523529018
validation,BNB004,Low Risk,Medium Risk,2534,44817,0.056541044692862086
validation,BNB004,Low Risk,High Risk,6,44817,0.00013387776959635853
validation,BNB004,Medium Risk,Low Risk,2490,44817,0.05555927438248879
validation,BNB004,Medium Risk,Medium Risk,8434,44817,0.1881875181292813
validation,BNB004,Medium Risk,High Risk,2460,44817,0.054889885534506994
validation,BNB004,High Risk,Low Risk,50,44817,0.0011156480799696543
validation,BNB004,High Risk,Medium Risk,2465,44817,0.05500145034250396
validation,BNB004,High Risk,High Risk,9687,44817,0.21614565901332083
validation,BNB004,High Risk,Very High Risk,1304,44817,0.029096101925608586
validation,BNB004,Very High Risk,Medium Risk,11,44817,0.000245442577593324
validation,BNB004,Very High Risk,High Risk,1293,44817,0.028850659348015263
validation,BNB004,Very High Risk,Very High Risk,5022,44817,0.11205569315215208
validation,BNB004,Very High Risk,Extreme Risk,397,44817,0.008858245754959056
validation,BNB004,Extreme Risk,High Risk,2,44817,4.4625923198786177e-05
validation,BNB004,Extreme Risk,Very High Risk,395,44817,0.00881361983176027
validation,BNB004,Extreme Risk,Extreme Risk,1844,44817,0.04114510118928085
validation,BNB005,Low Risk,Low Risk,6423,44817,0.1433161523529018
validation,BNB005,Low Risk,Medium Risk,2534,44817,0.056541044692862086
validation,BNB005,Low Risk,High Risk,6,44817,0.00013387776959635853
validation,BNB005,Medium Risk,Low Risk,2490,44817,0.05555927438248879
validation,BNB005,Medium Risk,Medium Risk,8434,44817,0.1881875181292813
validation,BNB005,Medium Risk,High Risk,2460,44817,0.054889885534506994
validation,BNB005,High Risk,Low Risk,50,44817,0.0011156480799696543
validation,BNB005,High Risk,Medium Risk,2465,44817,0.05500145034250396
validation,BNB005,High Risk,High Risk,9687,44817,0.21614565901332083
validation,BNB005,High Risk,Very High Risk,1304,44817,0.029096101925608586
validation,BNB005,Very High Risk,Medium Risk,11,44817,0.000245442577593324
validation,BNB005,Very High Risk,High Risk,1293,44817,0.028850659348015263
validation,BNB005,Very High Risk,Very High Risk,5022,44817,0.11205569315215208
validation,BNB005,Very High Risk,Extreme Risk,397,44817,0.008858245754959056
validation,BNB005,Extreme Risk,High Risk,2,44817,4.4625923198786177e-05
validation,BNB005,Extreme Risk,Very High Risk,395,44817,0.00881361983176027
validation,BNB005,Extreme Risk,Extreme Risk,1844,44817,0.04114510118928085
validation,BNB006,Low Risk,Low Risk,6423,44817,0.1433161523529018
validation,BNB006,Low Risk,Medium Risk,2534,44817,0.056541044692862086
validation,BNB006,Low Risk,High Risk,6,44817,0.00013387776959635853
validation,BNB006,Medium Risk,Low Risk,2490,44817,0.05555927438248879
validation,BNB006,Medium Risk,Medium Risk,8434,44817,0.1881875181292813
validation,BNB006,Medium Risk,High Risk,2460,44817,0.054889885534506994
validation,BNB006,High Risk,Low Risk,50,44817,0.0011156480799696543
validation,BNB006,High Risk,Medium Risk,2465,44817,0.05500145034250396
validation,BNB006,High Risk,High Risk,9687,44817,0.21614565901332083
validation,BNB006,High Risk,Very High Risk,1304,44817,0.029096101925608586
validation,BNB006,Very High Risk,Medium Risk,11,44817,0.000245442577593324
validation,BNB006,Very High Risk,High Risk,1293,44817,0.028850659348015263
validation,BNB006,Very High Risk,Very High Risk,5022,44817,0.11205569315215208
validation,BNB006,Very High Risk,Extreme Risk,397,44817,0.008858245754959056
validation,BNB006,Extreme Risk,High Risk,2,44817,4.4625923198786177e-05
validation,BNB006,Extreme Risk,Very High Risk,395,44817,0.00881361983176027
validation,BNB006,Extreme Risk,Extreme Risk,1844,44817,0.04114510118928085
validation,BNB007,Low Risk,Low Risk,6423,44817,0.1433161523529018
validation,BNB007,Low Risk,Medium Risk,2534,44817,0.056541044692862086
validation,BNB007,Low Risk,High Risk,6,44817,0.00013387776959635853
validation,BNB007,Medium Risk,Low Risk,2490,44817,0.05555927438248879
validation,BNB007,Medium Risk,Medium Risk,8434,44817,0.1881875181292813
validation,BNB007,Medium Risk,High Risk,2460,44817,0.054889885534506994
validation,BNB007,High Risk,Low Risk,50,44817,0.0011156480799696543
validation,BNB007,High Risk,Medium Risk,2465,44817,0.05500145034250396
validation,BNB007,High Risk,High Risk,9687,44817,0.21614565901332083
validation,BNB007,High Risk,Very High Risk,1304,44817,0.029096101925608586
validation,BNB007,Very High Risk,Medium Risk,11,44817,0.000245442577593324
validation,BNB007,Very High Risk,High Risk,1293,44817,0.028850659348015263
validation,BNB007,Very High Risk,Very High Risk,5022,44817,0.11205569315215208
validation,BNB007,Very High Risk,Extreme Risk,397,44817,0.008858245754959056
validation,BNB007,Extreme Risk,High Risk,2,44817,4.4625923198786177e-05
validation,BNB007,Extreme Risk,Very High Risk,395,44817,0.00881361983176027
validation,BNB007,Extreme Risk,Extreme Risk,1844,44817,0.04114510118928085
validation,BNB008,Low Risk,Low Risk,6423,44817,0.1433161523529018
validation,BNB008,Low Risk,Medium Risk,2534,44817,0.056541044692862086
validation,BNB008,Low Risk,High Risk,6,44817,0.00013387776959635853
validation,BNB008,Medium Risk,Low Risk,2490,44817,0.05555927438248879
validation,BNB008,Medium Risk,Medium Risk,8434,44817,0.1881875181292813
validation,BNB008,Medium Risk,High Risk,2460,44817,0.054889885534506994
validation,BNB008,High Risk,Low Risk,50,44817,0.0011156480799696543
validation,BNB008,High Risk,Medium Risk,2465,44817,0.05500145034250396
validation,BNB008,High Risk,High Risk,9687,44817,0.21614565901332083
validation,BNB008,High Risk,Very High Risk,1304,44817,0.029096101925608586
validation,BNB008,Very High Risk,Medium Risk,11,44817,0.000245442577593324
validation,BNB008,Very High Risk,High Risk,1293,44817,0.028850659348015263
validation,BNB008,Very High Risk,Very High Risk,5022,44817,0.11205569315215208
validation,BNB008,Very High Risk,Extreme Risk,397,44817,0.008858245754959056
validation,BNB008,Extreme Risk,High Risk,2,44817,4.4625923198786177e-05
validation,BNB008,Extreme Risk,Very High Risk,395,44817,0.00881361983176027
validation,BNB008,Extreme Risk,Extreme Risk,1844,44817,0.04114510118928085
validation,BNB009,Low Risk,Low Risk,6423,44817,0.1433161523529018
validation,BNB009,Low Risk,Medium Risk,2534,44817,0.056541044692862086
validation,BNB009,Low Risk,High Risk,6,44817,0.00013387776959635853
validation,BNB009,Medium Risk,Low Risk,2490,44817,0.05555927438248879
validation,BNB009,Medium Risk,Medium Risk,8434,44817,0.1881875181292813
validation,BNB009,Medium Risk,High Risk,2460,44817,0.054889885534506994
validation,BNB009,High Risk,Low Risk,50,44817,0.0011156480799696543
validation,BNB009,High Risk,Medium Risk,2465,44817,0.05500145034250396
validation,BNB009,High Risk,High Risk,9687,44817,0.21614565901332083
validation,BNB009,High Risk,Very High Risk,1304,44817,0.029096101925608586
validation,BNB009,Very High Risk,Medium Risk,11,44817,0.000245442577593324
validation,BNB009,Very High Risk,High Risk,1293,44817,0.028850659348015263
validation,BNB009,Very High Risk,Very High Risk,5022,44817,0.11205569315215208
validation,BNB009,Very High Risk,Extreme Risk,397,44817,0.008858245754959056
validation,BNB009,Extreme Risk,High Risk,2,44817,4.4625923198786177e-05
validation,BNB009,Extreme Risk,Very High Risk,395,44817,0.00881361983176027
validation,BNB009,Extreme Risk,Extreme Risk,1844,44817,0.04114510118928085
validation,BNB010,Low Risk,Low Risk,6423,44817,0.1433161523529018
validation,BNB010,Low Risk,Medium Risk,2534,44817,0.056541044692862086
validation,BNB010,Low Risk,High Risk,6,44817,0.00013387776959635853
validation,BNB010,Medium Risk,Low Risk,2490,44817,0.05555927438248879
validation,BNB010,Medium Risk,Medium Risk,8434,44817,0.1881875181292813
validation,BNB010,Medium Risk,High Risk,2460,44817,0.054889885534506994
validation,BNB010,High Risk,Low Risk,50,44817,0.0011156480799696543
validation,BNB010,High Risk,Medium Risk,2465,44817,0.05500145034250396
validation,BNB010,High Risk,High Risk,9687,44817,0.21614565901332083
validation,BNB010,High Risk,Very High Risk,1304,44817,0.029096101925608586
validation,BNB010,Very High Risk,Medium Risk,11,44817,0.000245442577593324
validation,BNB010,Very High Risk,High Risk,1293,44817,0.028850659348015263
validation,BNB010,Very High Risk,Very High Risk,5022,44817,0.11205569315215208
validation,BNB010,Very High Risk,Extreme Risk,397,44817,0.008858245754959056
validation,BNB010,Extreme Risk,High Risk,2,44817,4.4625923198786177e-05
validation,BNB010,Extreme Risk,Very High Risk,395,44817,0.00881361983176027
validation,BNB010,Extreme Risk,Extreme Risk,1844,44817,0.04114510118928085
validation,BNB011,Low Risk,Low Risk,6423,44817,0.1433161523529018
validation,BNB011,Low Risk,Medium Risk,2534,44817,0.056541044692862086
validation,BNB011,Low Risk,High Risk,6,44817,0.00013387776959635853
validation,BNB011,Medium Risk,Low Risk,2490,44817,0.05555927438248879
validation,BNB011,Medium Risk,Medium Risk,8434,44817,0.1881875181292813
validation,BNB011,Medium Risk,High Risk,2460,44817,0.054889885534506994
validation,BNB011,High Risk,Low Risk,50,44817,0.0011156480799696543
validation,BNB011,High Risk,Medium Risk,2465,44817,0.05500145034250396
validation,BNB011,High Risk,High Risk,9685,44817,0.21610103309012205
validation,BNB011,High Risk,Very High Risk,1306,44817,0.029140727848807373
validation,BNB011,Very High Risk,Medium Risk,11,44817,0.000245442577593324
validation,BNB011,Very High Risk,High Risk,1293,44817,0.028850659348015263
validation,BNB011,Very High Risk,Very High Risk,5022,44817,0.11205569315215208
validation,BNB011,Very High Risk,Extreme Risk,397,44817,0.008858245754959056
validation,BNB011,Extreme Risk,High Risk,2,44817,4.4625923198786177e-05
validation,BNB011,Extreme Risk,Very High Risk,395,44817,0.00881361983176027
validation,BNB011,Extreme Risk,Extreme Risk,1844,44817,0.04114510118928085
validation,BNB012,Low Risk,Low Risk,6423,44817,0.1433161523529018
validation,BNB012,Low Risk,Medium Risk,2534,44817,0.056541044692862086
validation,BNB012,Low Risk,High Risk,6,44817,0.00013387776959635853
validation,BNB012,Medium Risk,Low Risk,2490,44817,0.05555927438248879
validation,BNB012,Medium Risk,Medium Risk,8434,44817,0.1881875181292813
validation,BNB012,Medium Risk,High Risk,2460,44817,0.054889885534506994
validation,BNB012,High Risk,Low Risk,50,44817,0.0011156480799696543
validation,BNB012,High Risk,Medium Risk,2465,44817,0.05500145034250396
validation,BNB012,High Risk,High Risk,9685,44817,0.21610103309012205
validation,BNB012,High Risk,Very High Risk,1306,44817,0.029140727848807373
validation,BNB012,Very High Risk,Medium Risk,11,44817,0.000245442577593324
validation,BNB012,Very High Risk,High Risk,1293,44817,0.028850659348015263
validation,BNB012,Very High Risk,Very High Risk,5022,44817,0.11205569315215208
validation,BNB012,Very High Risk,Extreme Risk,397,44817,0.008858245754959056
validation,BNB012,Extreme Risk,High Risk,2,44817,4.4625923198786177e-05
validation,BNB012,Extreme Risk,Very High Risk,395,44817,0.00881361983176027
validation,BNB012,Extreme Risk,Extreme Risk,1844,44817,0.04114510118928085
validation,BNB013,Low Risk,Low Risk,6423,44817,0.1433161523529018
validation,BNB013,Low Risk,Medium Risk,2534,44817,0.056541044692862086
validation,BNB013,Low Risk,High Risk,6,44817,0.00013387776959635853
validation,BNB013,Medium Risk,Low Risk,2489,44817,0.055536961420889396
validation,BNB013,Medium Risk,Medium Risk,8435,44817,0.18820983109088069
validation,BNB013,Medium Risk,High Risk,2460,44817,0.054889885534506994
validation,BNB013,High Risk,Low Risk,50,44817,0.0011156480799696543
validation,BNB013,High Risk,Medium Risk,2465,44817,0.05500145034250396
validation,BNB013,High Risk,High Risk,9685,44817,0.21610103309012205
validation,BNB013,High Risk,Very High Risk,1306,44817,0.029140727848807373
validation,BNB013,Very High Risk,Medium Risk,11,44817,0.000245442577593324
validation,BNB013,Very High Risk,High Risk,1294,44817,0.028872972309614654
validation,BNB013,Very High Risk,Very High Risk,5020,44817,0.11201106722895329
validation,BNB013,Very High Risk,Extreme Risk,398,44817,0.008880558716558448
validation,BNB013,Extreme Risk,High Risk,2,44817,4.4625923198786177e-05
validation,BNB013,Extreme Risk,Very High Risk,395,44817,0.00881361983176027
validation,BNB013,Extreme Risk,Extreme Risk,1844,44817,0.04114510118928085
validation,BNB014,Low Risk,Low Risk,6423,44817,0.1433161523529018
validation,BNB014,Low Risk,Medium Risk,2534,44817,0.056541044692862086
validation,BNB014,Low Risk,High Risk,6,44817,0.00013387776959635853
validation,BNB014,Medium Risk,Low Risk,2489,44817,0.055536961420889396
validation,BNB014,Medium Risk,Medium Risk,8435,44817,0.18820983109088069
validation,BNB014,Medium Risk,High Risk,2460,44817,0.054889885534506994
validation,BNB014,High Risk,Low Risk,50,44817,0.0011156480799696543
validation,BNB014,High Risk,Medium Risk,2465,44817,0.05500145034250396
validation,BNB014,High Risk,High Risk,9685,44817,0.21610103309012205
validation,BNB014,High Risk,Very High Risk,1306,44817,0.029140727848807373
validation,BNB014,Very High Risk,Medium Risk,11,44817,0.000245442577593324
validation,BNB014,Very High Risk,High Risk,1294,44817,0.028872972309614654
validation,BNB014,Very High Risk,Very High Risk,5020,44817,0.11201106722895329
validation,BNB014,Very High Risk,Extreme Risk,398,44817,0.008880558716558448
validation,BNB014,Extreme Risk,High Risk,2,44817,4.4625923198786177e-05
validation,BNB014,Extreme Risk,Very High Risk,395,44817,0.00881361983176027
validation,BNB014,Extreme Risk,Extreme Risk,1844,44817,0.04114510118928085
validation,BNB015,Low Risk,Low Risk,6423,44817,0.1433161523529018
validation,BNB015,Low Risk,Medium Risk,2534,44817,0.056541044692862086
validation,BNB015,Low Risk,High Risk,6,44817,0.00013387776959635853
validation,BNB015,Medium Risk,Low Risk,2493,44817,0.055626213267286964
validation,BNB015,Medium Risk,Medium Risk,8430,44817,0.18809826628288373
validation,BNB015,Medium Risk,High Risk,2461,44817,0.05491219849610639
validation,BNB015,High Risk,Low Risk,50,44817,0.0011156480799696543
validation,BNB015,High Risk,Medium Risk,2457,44817,0.05482294664970882
validation,BNB015,High Risk,High Risk,9695,44817,0.21632416270611599
validation,BNB015,High Risk,Very High Risk,1304,44817,0.029096101925608586
validation,BNB015,Very High Risk,Medium Risk,9,44817,0.00020081665439453778
validation,BNB015,Very High Risk,High Risk,1293,44817,0.028850659348015263
validation,BNB015,Very High Risk,Very High Risk,5022,44817,0.11205569315215208
validation,BNB015,Very High Risk,Extreme Risk,399,44817,0.008902871678157842
validation,BNB015,Extreme Risk,High Risk,2,44817,4.4625923198786177e-05
validation,BNB015,Extreme Risk,Very High Risk,395,44817,0.00881361983176027
validation,BNB015,Extreme Risk,Extreme Risk,1844,44817,0.04114510118928085
validation,BNB016,Low Risk,Low Risk,6423,44817,0.1433161523529018
validation,BNB016,Low Risk,Medium Risk,2534,44817,0.056541044692862086
validation,BNB016,Low Risk,High Risk,6,44817,0.00013387776959635853
validation,BNB016,Medium Risk,Low Risk,2493,44817,0.055626213267286964
validation,BNB016,Medium Risk,Medium Risk,8430,44817,0.18809826628288373
validation,BNB016,Medium Risk,High Risk,2461,44817,0.05491219849610639
validation,BNB016,High Risk,Low Risk,50,44817,0.0011156480799696543
validation,BNB016,High Risk,Medium Risk,2457,44817,0.05482294664970882
validation,BNB016,High Risk,High Risk,9695,44817,0.21632416270611599
validation,BNB016,High Risk,Very High Risk,1304,44817,0.029096101925608586
validation,BNB016,Very High Risk,Medium Risk,9,44817,0.00020081665439453778
validation,BNB016,Very High Risk,High Risk,1293,44817,0.028850659348015263
validation,BNB016,Very High Risk,Very High Risk,5022,44817,0.11205569315215208
validation,BNB016,Very High Risk,Extreme Risk,399,44817,0.008902871678157842
validation,BNB016,Extreme Risk,High Risk,2,44817,4.4625923198786177e-05
validation,BNB016,Extreme Risk,Very High Risk,395,44817,0.00881361983176027
validation,BNB016,Extreme Risk,Extreme Risk,1844,44817,0.04114510118928085
validation,BNB017,Low Risk,Low Risk,6411,44817,0.1430483968137091
validation,BNB017,Low Risk,Medium Risk,2546,44817,0.0568088002320548
validation,BNB017,Low Risk,High Risk,6,44817,0.00013387776959635853
validation,BNB017,Medium Risk,Low Risk,2495,44817,0.05567083919048575
validation,BNB017,Medium Risk,Medium Risk,8436,44817,0.1882321440524801
validation,BNB017,Medium Risk,High Risk,2453,44817,0.05473369480331124
validation,BNB017,High Risk,Low Risk,49,44817,0.0010933351183702613
validation,BNB017,High Risk,Medium Risk,2471,44817,0.05513532811210032
validation,BNB017,High Risk,High Risk,9682,44817,0.21603409420532388
validation,BNB017,High Risk,Very High Risk,1304,44817,0.029096101925608586
validation,BNB017,Very High Risk,Medium Risk,9,44817,0.00020081665439453778
validation,BNB017,Very High Risk,High Risk,1293,44817,0.028850659348015263
validation,BNB017,Very High Risk,Very High Risk,5025,44817,0.11212263203695026
validation,BNB017,Very High Risk,Extreme Risk,396,44817,0.008835932793359662
validation,BNB017,Extreme Risk,High Risk,2,44817,4.4625923198786177e-05
validation,BNB017,Extreme Risk,Very High Risk,394,44817,0.008791306870160876
validation,BNB017,Extreme Risk,Extreme Risk,1845,44817,0.041167414150880245
validation,BNB018,Low Risk,Low Risk,6411,44817,0.1430483968137091
validation,BNB018,Low Risk,Medium Risk,2546,44817,0.0568088002320548
validation,BNB018,Low Risk,High Risk,6,44817,0.00013387776959635853
validation,BNB018,Medium Risk,Low Risk,2495,44817,0.05567083919048575
validation,BNB018,Medium Risk,Medium Risk,8436,44817,0.1882321440524801
validation,BNB018,Medium Risk,High Risk,2453,44817,0.05473369480331124
validation,BNB018,High Risk,Low Risk,49,44817,0.0010933351183702613
validation,BNB018,High Risk,Medium Risk,2471,44817,0.05513532811210032
validation,BNB018,High Risk,High Risk,9682,44817,0.21603409420532388
validation,BNB018,High Risk,Very High Risk,1304,44817,0.029096101925608586
validation,BNB018,Very High Risk,Medium Risk,9,44817,0.00020081665439453778
validation,BNB018,Very High Risk,High Risk,1293,44817,0.028850659348015263
validation,BNB018,Very High Risk,Very High Risk,5025,44817,0.11212263203695026
validation,BNB018,Very High Risk,Extreme Risk,396,44817,0.008835932793359662
validation,BNB018,Extreme Risk,High Risk,2,44817,4.4625923198786177e-05
validation,BNB018,Extreme Risk,Very High Risk,394,44817,0.008791306870160876
validation,BNB018,Extreme Risk,Extreme Risk,1845,44817,0.041167414150880245
validation,CAT001,Low Risk,Low Risk,8104,44817,0.18082424080148157
validation,CAT001,Low Risk,Medium Risk,859,44817,0.019166834013878663
validation,CAT001,Medium Risk,Low Risk,859,44817,0.019166834013878663
validation,CAT001,Medium Risk,Medium Risk,11926,44817,0.266104380034362
validation,CAT001,Medium Risk,High Risk,599,44817,0.01336546399803646
validation,CAT001,High Risk,Medium Risk,660,44817,0.014726554655599437
validation,CAT001,High Risk,High Risk,12575,44817,0.28058549211236805
validation,CAT001,High Risk,Very High Risk,271,44817,0.006046812593435527
validation,CAT001,Very High Risk,High Risk,271,44817,0.006046812593435527
validation,CAT001,Very High Risk,Very High Risk,6337,44817,0.141397237655354
validation,CAT001,Very High Risk,Extreme Risk,115,44817,0.002565990583930205
validation,CAT001,Extreme Risk,Very High Risk,115,44817,0.002565990583930205
validation,CAT001,Extreme Risk,Extreme Risk,2126,44817,0.047437356360309706
validation,CAT002,Low Risk,Low Risk,8354,44817,0.18640248120132985
validation,CAT002,Low Risk,Medium Risk,609,44817,0.01358859361403039
validation,CAT002,Medium Risk,Low Risk,609,44817,0.01358859361403039
validation,CAT002,Medium Risk,Medium Risk,12301,44817,0.2744717406341344
validation,CAT002,Medium Risk,High Risk,474,44817,0.010576343798112323
validation,CAT002,High Risk,Medium Risk,535,44817,0.011937434455675302
validation,CAT002,High Risk,High Risk,12891,44817,0.2876363879777763
validation,CAT002,High Risk,Very High Risk,80,44817,0.001785036927951447
validation,CAT002,Very High Risk,High Risk,80,44817,0.001785036927951447
validation,CAT002,Very High Risk,Very High Risk,6571,44817,0.14661847066961198
validation,CAT002,Very High Risk,Extreme Risk,72,44817,0.0016065332351563022
validation,CAT002,Extreme Risk,Very High Risk,72,44817,0.0016065332351563022
validation,CAT002,Extreme Risk,Extreme Risk,2169,44817,0.04839681370908361
validation,CAT003,Low Risk,Low Risk,8189,44817,0.18272084253742998
validation,CAT003,Low Risk,Medium Risk,774,44817,0.017270232277930248
validation,CAT003,Medium Risk,Low Risk,774,44817,0.017270232277930248
validation,CAT003,Medium Risk,Medium Risk,12050,44817,0.2688711872726867
validation,CAT003,Medium Risk,High Risk,560,44817,0.01249525849566013
validation,CAT003,High Risk,Medium Risk,621,44817,0.013856349153223107
validation,CAT003,High Risk,High Risk,12610,44817,0.28136644576834685
validation,CAT003,High Risk,Very High Risk,275,44817,0.006136064439833099
validation,CAT003,Very High Risk,High Risk,275,44817,0.006136064439833099
validation,CAT003,Very High Risk,Very High Risk,6337,44817,0.141397237655354
validation,CAT003,Very High Risk,Extreme Risk,111,44817,0.0024767387375326327
validation,CAT003,Extreme Risk,Very High Risk,111,44817,0.0024767387375326327
validation,CAT003,Extreme Risk,Extreme Risk,2130,44817,0.047526608206707274
validation,CAT004,Low Risk,Low Risk,8119,44817,0.18115893522547247
validation,CAT004,Low Risk,Medium Risk,844,44817,0.018832139589887765
validation,CAT004,Medium Risk,Low Risk,844,44817,0.018832139589887765
validation,CAT004,Medium Risk,Medium Risk,11988,44817,0.2674877836535243
validation,CAT004,Medium Risk,High Risk,552,44817,0.012316754802864984
validation,CAT004,High Risk,Medium Risk,613,44817,0.013677845460427962
validation,CAT004,High Risk,High Risk,12602,44817,0.2811879420755517
validation,CAT004,High Risk,Very High Risk,291,44817,0.006493071825423388
validation,CAT004,Very High Risk,High Risk,291,44817,0.006493071825423388
validation,CAT004,Very High Risk,Very High Risk,6323,44817,0.1410848561929625
validation,CAT004,Very High Risk,Extreme Risk,109,44817,0.0024321128143338466
validation,CAT004,Extreme Risk,Very High Risk,109,44817,0.0024321128143338466
validation,CAT004,Extreme Risk,Extreme Risk,2132,44817,0.04757123412990606
validation,EASTACK001,Low Risk,Low Risk,7723,44817,0.17232300243211282
validation,EASTACK001,Low Risk,Medium Risk,1240,44817,0.02766807238324743
validation,EASTACK001,Medium Risk,Low Risk,1240,44817,0.02766807238324743
validation,EASTACK001,Medium Risk,Medium Risk,10762,44817,0.24013209273266842
validation,EASTACK001,Medium Risk,High Risk,1382,44817,0.030836512930361246
validation,EASTACK001,High Risk,Medium Risk,1443,44817,0.03219760358792423
validation,EASTACK001,High Risk,High Risk,11119,44817,0.24809782002365174
validation,EASTACK001,High Risk,Very High Risk,944,44817,0.021063435749827074
validation,EASTACK001,Very High Risk,High Risk,943,44817,0.02104112278822768
validation,EASTACK001,Very High Risk,Very High Risk,5542,44817,0.12365843318383649
validation,EASTACK001,Very High Risk,Extreme Risk,238,44817,0.0053104848606555545
validation,EASTACK001,Extreme Risk,High Risk,1,44817,2.2312961599393088e-05
validation,EASTACK001,Extreme Risk,Very High Risk,237,44817,0.0052881718990561615
validation,EASTACK001,Extreme Risk,Extreme Risk,2003,44817,0.044692862083584355
validation,ET001,Low Risk,Low Risk,7157,44817,0.15969386616685632
validation,ET001,Low Risk,Medium Risk,1801,44817,0.04018564384050695
validation,ET001,Low Risk,High Risk,5,44817,0.00011156480799696544
validation,ET001,Medium Risk,Low Risk,1751,44817,0.039069995760537296
validation,ET001,Medium Risk,Medium Risk,9586,44817,0.21389204989178215
validation,ET001,Medium Risk,High Risk,2046,44817,0.04565231943235826
validation,ET001,Medium Risk,Very High Risk,1,44817,2.2312961599393088e-05
validation,ET001,High Risk,Low Risk,55,44817,0.0012272128879666198
validation,ET001,High Risk,Medium Risk,2014,44817,0.04493830466117768
validation,ET001,High Risk,High Risk,9093,44817,0.20289175982328134
validation,ET001,High Risk,Very High Risk,2299,44817,0.05129749871700471
validation,ET001,High Risk,Extreme Risk,45,44817,0.001004083271972689
validation,ET001,Very High Risk,Medium Risk,44,44817,0.000981770310373296
validation,ET001,Very High Risk,High Risk,2200,44817,0.04908851551866479
validation,ET001,Very High Risk,Very High Risk,3972,44817,0.08862708347278934
validation,ET001,Very High Risk,Extreme Risk,507,44817,0.011312671530892295
validation,ET001,Extreme Risk,High Risk,101,44817,0.002253609121538702
validation,ET001,Extreme Risk,Very High Risk,451,44817,0.010063145681326283
validation,ET001,Extreme Risk,Extreme Risk,1689,44817,0.037686592141374924
validation,ET002,Low Risk,Low Risk,7283,44817,0.16250529932837984
validation,ET002,Low Risk,Medium Risk,1678,44817,0.0374411495637816
validation,ET002,Low Risk,High Risk,2,44817,4.4625923198786177e-05
validation,ET002,Medium Risk,Low Risk,1670,44817,0.037262645870986454
validation,ET002,Medium Risk,Medium Risk,9895,44817,0.2207867550259946
validation,ET002,Medium Risk,High Risk,1818,44817,0.04056496418769663
validation,ET002,Medium Risk,Very High Risk,1,44817,2.2312961599393088e-05
validation,ET002,High Risk,Low Risk,10,44817,0.00022312961599393088
validation,ET002,High Risk,Medium Risk,1860,44817,0.04150210857487114
validation,ET002,High Risk,High Risk,9489,44817,0.211727692616641
validation,ET002,High Risk,Very High Risk,2145,44817,0.047861302630698176
validation,ET002,High Risk,Extreme Risk,2,44817,4.4625923198786177e-05
validation,ET002,Very High Risk,Medium Risk,12,44817,0.00026775553919271706
validation,ET002,Very High Risk,High Risk,2093,44817,0.046701028627529735
validation,ET002,Very High Risk,Very High Risk,4201,44817,0.09373675167905036
validation,ET002,Very High Risk,Extreme Risk,417,44817,0.009304504986946918
validation,ET002,Extreme Risk,High Risk,43,44817,0.0009594573487739028
validation,ET002,Extreme Risk,Very High Risk,376,44817,0.008389673561371802
validation,ET002,Extreme Risk,Extreme Risk,1822,44817,0.04065421603409421
validation,ET003,Low Risk,Low Risk,7285,44817,0.16254992525157863
validation,ET003,Low Risk,Medium Risk,1678,44817,0.0374411495637816
validation,ET003,Medium Risk,Low Risk,1667,44817,0.03719570698618828
validation,ET003,Medium Risk,Medium Risk,10170,44817,0.2269228194658277
validation,ET003,Medium Risk,High Risk,1546,44817,0.034495838632661716
validation,ET003,Medium Risk,Very High Risk,1,44817,2.2312961599393088e-05
validation,ET003,High Risk,Low Risk,11,44817,0.000245442577593324
validation,ET003,High Risk,Medium Risk,1595,44817,0.035589173751031974
validation,ET003,High Risk,High Risk,10038,44817,0.22397750853470783
validation,ET003,High Risk,Very High Risk,1862,44817,0.04154673449806993
validation,ET003,Very High Risk,Medium Risk,2,44817,4.4625923198786177e-05
validation,ET003,Very High Risk,High Risk,1844,44817,0.04114510118928085
validation,ET003,Very High Risk,Very High Risk,4479,44817,0.09993975500368164
validation,ET003,Very High Risk,Extreme Risk,398,44817,0.008880558716558448
validation,ET003,Extreme Risk,High Risk,17,44817,0.0003793203471896825
validation,ET003,Extreme Risk,Very High Risk,381,44817,0.008501238369368766
validation,ET003,Extreme Risk,Extreme Risk,1843,44817,0.04112278822768146
validation,ET004,Low Risk,Low Risk,7282,44817,0.16248298636678046
validation,ET004,Low Risk,Medium Risk,1678,44817,0.0374411495637816
validation,ET004,Low Risk,High Risk,3,44817,6.693888479817926e-05
validation,ET004,Medium Risk,Low Risk,1640,44817,0.036593257023004665
validation,ET004,Medium Risk,Medium Risk,9669,44817,0.21574402570453177
validation,ET004,Medium Risk,High Risk,2074,44817,0.046277082357141265
validation,ET004,Medium Risk,Very High Risk,1,44817,2.2312961599393088e-05
validation,ET004,High Risk,Low Risk,41,44817,0.0009148314255751166
validation,ET004,High Risk,Medium Risk,2050,44817,0.04574157127875583
validation,ET004,High Risk,High Risk,8909,44817,0.19878617488899303
validation,ET004,High Risk,Very High Risk,2447,44817,0.05459981703371489
validation,ET004,High Risk,Extreme Risk,59,44817,0.0013164647343641921
validation,ET004,Very High Risk,Medium Risk,47,44817,0.0010487091951714752
validation,ET004,Very High Risk,High Risk,2287,44817,0.05102974317781199
validation,ET004,Very High Risk,Very High Risk,3675,44817,0.0820001338777696
validation,ET004,Very High Risk,Extreme Risk,714,44817,0.015931454581966664
validation,ET004,Extreme Risk,Medium Risk,1,44817,2.2312961599393088e-05
validation,ET004,Extreme Risk,High Risk,172,44817,0.0038378293950956112
validation,ET004,Extreme Risk,Very High Risk,600,44817,0.013387776959635852
validation,ET004,Extreme Risk,Extreme Risk,1468,44817,0.032755427627909055
validation,ET005,Low Risk,Low Risk,7081,44817,0.15799808108530244
validation,ET005,Low Risk,Medium Risk,1878,44817,0.041903741883660216
validation,ET005,Low Risk,High Risk,4,44817,8.925184639757235e-05
validation,ET005,Medium Risk,Low Risk,1864,44817,0.041591360421268715
validation,ET005,Medium Risk,Medium Risk,9806,44817,0.2188009014436486
validation,ET005,Medium Risk,High Risk,1714,44817,0.03824441618135975
validation,ET005,High Risk,Low Risk,18,44817,0.00040163330878907556
validation,ET005,High Risk,Medium Risk,1728,44817,0.03855679764375126
validation,ET005,High Risk,High Risk,9509,44817,0.21217395184862886
validation,ET005,High Risk,Very High Risk,2251,44817,0.05022647656023384
validation,ET005,Very High Risk,Medium Risk,33,44817,0.0007363277327799718
validation,ET005,Very High Risk,High Risk,2105,44817,0.04696878416672245
validation,ET005,Very High Risk,Very High Risk,4031,44817,0.08994354820715353
validation,ET005,Very High Risk,Extreme Risk,554,44817,0.01236138072606377
validation,ET005,Extreme Risk,High Risk,113,44817,0.0025213646607314187
validation,ET005,Extreme Risk,Very High Risk,441,44817,0.009840016065332352
validation,ET005,Extreme Risk,Extreme Risk,1687,44817,0.037641966218176136
validation,GB001,Low Risk,Low Risk,7857,44817,0.1753129392864315
validation,GB001,Low Risk,Medium Risk,1104,44817,0.024633509605729968
validation,GB001,Low Risk,High Risk,2,44817,4.4625923198786177e-05
validation,GB001,Medium Risk,Low Risk,1106,44817,0.024678135528928755
validation,GB001,Medium Risk,Medium Risk,11456,44817,0.2556172880826472
validation,GB001,Medium Risk,High Risk,822,44817,0.018341254434701117
validation,GB001,High Risk,Medium Risk,885,44817,0.019746971015462883
validation,GB001,High Risk,High Risk,12082,44817,0.26958520204386727
validation,GB001,High Risk,Very High Risk,539,44817,0.012026686302072874
validation,GB001,Very High Risk,High Risk,539,44817,0.012026686302072874
validation,GB001,Very High Risk,Very High Risk,5998,44817,0.13383314367315974
validation,GB001,Very High Risk,Extreme Risk,186,44817,0.004150210857487114
validation,GB001,Extreme Risk,Very High Risk,186,44817,0.004150210857487114
validation,GB001,Extreme Risk,Extreme Risk,2055,44817,0.045853136086752795
validation,GB002,Low Risk,Low Risk,7678,44817,0.17131891916014014
validation,GB002,Low Risk,Medium Risk,1280,44817,0.028560590847223153
validation,GB002,Low Risk,High Risk,5,44817,0.00011156480799696544
validation,GB002,Medium Risk,Low Risk,1285,44817,0.02867215565522012
validation,GB002,Medium Risk,Medium Risk,11228,44817,0.2505299328379856
validation,GB002,Medium Risk,High Risk,871,44817,0.01943458955307138
validation,GB002,High Risk,Medium Risk,937,44817,0.020907245018631324
validation,GB002,High Risk,High Risk,11846,44817,0.26431934310641053
validation,GB002,High Risk,Very High Risk,723,44817,0.0161322712363612
validation,GB002,Very High Risk,High Risk,723,44817,0.0161322712363612
validation,GB002,Very High Risk,Very High Risk,5800,44817,0.12941517727647991
validation,GB002,Very High Risk,Extreme Risk,200,44817,0.004462592319878617
validation,GB002,Extreme Risk,Very High Risk,200,44817,0.004462592319878617
validation,GB002,Extreme Risk,Extreme Risk,2041,44817,0.045540754624361295
validation,GB003,Low Risk,Low Risk,7653,44817,0.1707610951201553
validation,GB003,Low Risk,Medium Risk,1308,44817,0.029185353772006158
validation,GB003,Low Risk,High Risk,2,44817,4.4625923198786177e-05
validation,GB003,Medium Risk,Low Risk,1309,44817,0.02920766673360555
validation,GB003,Medium Risk,Medium Risk,11213,44817,0.2501952384139947
validation,GB003,Medium Risk,High Risk,862,44817,0.01923377289867684
validation,GB003,High Risk,Low Risk,1,44817,2.2312961599393088e-05
validation,GB003,High Risk,Medium Risk,924,44817,0.020617176517839213
validation,GB003,High Risk,High Risk,12020,44817,0.26820179842470493
validation,GB003,High Risk,Very High Risk,561,44817,0.012517571457259522
validation,GB003,Very High Risk,High Risk,561,44817,0.012517571457259522
validation,GB003,Very High Risk,Very High Risk,5979,44817,0.13340919740277127
validation,GB003,Very High Risk,Extreme Risk,183,44817,0.004083271972688935
validation,GB003,Extreme Risk,Very High Risk,183,44817,0.004083271972688935
validation,GB003,Extreme Risk,Extreme Risk,2058,44817,0.04592007497155098
validation,GB004,Low Risk,Low Risk,7730,44817,0.17247919316330856
validation,GB004,Low Risk,Medium Risk,1232,44817,0.027489568690452285
validation,GB004,Low Risk,High Risk,1,44817,2.2312961599393088e-05
validation,GB004,Medium Risk,Low Risk,1232,44817,0.027489568690452285
validation,GB004,Medium Risk,Medium Risk,11335,44817,0.25291741972912063
validation,GB004,Medium Risk,High Risk,817,44817,0.018229689626704154
validation,GB004,High Risk,Low Risk,1,44817,2.2312961599393088e-05
validation,GB004,High Risk,Medium Risk,878,44817,0.01959078028426713
validation,GB004,High Risk,High Risk,12073,44817,0.26938438538947274
validation,GB004,High Risk,Very High Risk,554,44817,0.01236138072606377
validation,GB004,Very High Risk,High Risk,554,44817,0.01236138072606377
validation,GB004,Very High Risk,Very High Risk,5989,44817,0.1336323270187652
validation,GB004,Very High Risk,Extreme Risk,180,44817,0.004016333087890756
validation,GB004,Extreme Risk,Very High Risk,180,44817,0.004016333087890756
validation,GB004,Extreme Risk,Extreme Risk,2061,44817,0.04598701385634915
validation,GNB001,Low Risk,Low Risk,5942,44817,0.13258361782359374
validation,GNB001,Low Risk,Medium Risk,2976,44817,0.06640337371979382
validation,GNB001,Low Risk,High Risk,42,44817,0.0009371443871745097
validation,GNB001,Low Risk,Very High Risk,3,44817,6.693888479817926e-05
validation,GNB001,Medium Risk,Low Risk,1891,44817,0.04219381038445233
validation,GNB001,Medium Risk,Medium Risk,7649,44817,0.17067184327375773
validation,GNB001,Medium Risk,High Risk,3837,44817,0.08561483365687128
validation,GNB001,Medium Risk,Very High Risk,6,44817,0.00013387776959635853
validation,GNB001,Medium Risk,Extreme Risk,1,44817,2.2312961599393088e-05
validation,GNB001,High Risk,Low Risk,848,44817,0.018921391436285337
validation,GNB001,High Risk,Medium Risk,2286,44817,0.051007430216212596
validation,GNB001,High Risk,High Risk,7543,44817,0.16830666934422206
validation,GNB001,High Risk,Very High Risk,2650,44817,0.05912934823839168
validation,GNB001,High Risk,Extreme Risk,179,44817,0.003994020126291363
validation,GNB001,Very High Risk,Low Risk,230,44817,0.00513198116786041
validation,GNB001,Very High Risk,Medium Risk,473,44817,0.01055403083651293
validation,GNB001,Very High Risk,High Risk,1742,44817,0.03886917910614276
validation,GNB001,Very High Risk,Very High Risk,3200,44817,0.07140147711805787
validation,GNB001,Very High Risk,Extreme Risk,1078,44817,0.024053372604145747
validation,GNB001,Extreme Risk,Low Risk,52,44817,0.0011602740031684405
validation,GNB001,Extreme Risk,Medium Risk,61,44817,0.0013610906575629784
validation,GNB001,Extreme Risk,High Risk,281,44817,0.006269942209429458
validation,GNB001,Extreme Risk,Very High Risk,864,44817,0.01927839882187563
validation,GNB001,Extreme Risk,Extreme Risk,983,44817,0.021933641252203404
validation,GNB007,Low Risk,Low Risk,6603,44817,0.14733248544079255
validation,GNB007,Low Risk,Medium Risk,2346,44817,0.05234620791217618
validation,GNB007,Low Risk,High Risk,14,44817,0.0003123814623915032
validation,GNB007,Medium Risk,Low Risk,1636,44817,0.03650400517660709
validation,GNB007,Medium Risk,Medium Risk,8525,44817,0.19021799763482608
validation,GNB007,Medium Risk,High Risk,3222,44817,0.07189236227324453
validation,GNB007,Medium Risk,Extreme Risk,1,44817,2.2312961599393088e-05
validation,GNB007,High Risk,Low Risk,590,44817,0.013164647343641922
validation,GNB007,High Risk,Medium Risk,2077,44817,0.04634402124193944
validation,GNB007,High Risk,High Risk,8057,44817,0.1797755316063101
validation,GNB007,High Risk,Very High Risk,2618,44817,0.0584153334672111
validation,GNB007,High Risk,Extreme Risk,164,44817,0.003659325702300466
validation,GNB007,Very High Risk,Low Risk,120,44817,0.0026775553919271707
validation,GNB007,Very High Risk,Medium Risk,452,44817,0.010085458642925675
validation,GNB007,Very High Risk,High Risk,1894,44817,0.04226074926925051
validation,GNB007,Very High Risk,Very High Risk,3354,44817,0.07483767320436442
validation,GNB007,Very High Risk,Extreme Risk,903,44817,0.02014860432425196
validation,GNB007,Extreme Risk,Low Risk,14,44817,0.0003123814623915032
validation,GNB007,Extreme Risk,Medium Risk,45,44817,0.001004083271972689
validation,GNB007,Extreme Risk,High Risk,258,44817,0.005756744092643417
validation,GNB007,Extreme Risk,Very High Risk,730,44817,0.016288461967556955
validation,GNB007,Extreme Risk,Extreme Risk,1194,44817,0.026641676149675348
validation,GNB008,Low Risk,Low Risk,6014,44817,0.13419015105875004
validation,GNB008,Low Risk,Medium Risk,2942,44817,0.06564473302541446
validation,GNB008,Low Risk,High Risk,7,44817,0.0001561907311957516
validation,GNB008,Medium Risk,Low Risk,1840,44817,0.04105584934288328
validation,GNB008,Medium Risk,Medium Risk,8240,44817,0.18385880357899903
validation,GNB008,Medium Risk,High Risk,3303,44817,0.07369971216279536
validation,GNB008,Medium Risk,Extreme Risk,1,44817,2.2312961599393088e-05
validation,GNB008,High Risk,Low Risk,832,44817,0.01856438405069505
validation,GNB008,High Risk,Medium Risk,1828,44817,0.04078809380369056
validation,GNB008,High Risk,High Risk,8096,44817,0.18064573710868645
validation,GNB008,High Risk,Very High Risk,2623,44817,0.058526898275208065
validation,GNB008,High Risk,Extreme Risk,127,44817,0.0028337461231229223
validation,GNB008,Very High Risk,Low Risk,225,44817,0.005020416359863444
validation,GNB008,Very High Risk,Medium Risk,395,44817,0.00881361983176027
validation,GNB008,Very High Risk,High Risk,1791,44817,0.03996251422451302
validation,GNB008,Very High Risk,Very High Risk,3355,44817,0.0748599861659638
validation,GNB008,Very High Risk,Extreme Risk,957,44817,0.021353504250619184
validation,GNB008,Extreme Risk,Low Risk,52,44817,0.0011602740031684405
validation,GNB008,Extreme Risk,Medium Risk,40,44817,0.0008925184639757235
validation,GNB008,Extreme Risk,High Risk,248,44817,0.005533614476649486
validation,GNB008,Extreme Risk,Very High Risk,745,44817,0.01662315639154785
validation,GNB008,Extreme Risk,Extreme Risk,1156,44817,0.025793783608898408
validation,GNB009,Low Risk,Low Risk,5978,44817,0.1333868844411719
validation,GNB009,Low Risk,Medium Risk,2985,44817,0.06660419037418837
validation,GNB009,Medium Risk,Low Risk,1828,44817,0.04078809380369056
validation,GNB009,Medium Risk,Medium Risk,8029,44817,0.1791507686815271
validation,GNB009,Medium Risk,High Risk,3526,44817,0.07867550259946003
validation,GNB009,Medium Risk,Very High Risk,1,44817,2.2312961599393088e-05
validation,GNB009,High Risk,Low Risk,869,44817,0.019389963629872595
validation,GNB009,High Risk,Medium Risk,1973,44817,0.04402347323560256
validation,GNB009,High Risk,High Risk,7934,44817,0.17703103732958475
validation,GNB009,High Risk,Very High Risk,2602,44817,0.058058326081620815
validation,GNB009,High Risk,Extreme Risk,128,44817,0.0028560590847223153
validation,GNB009,Very High Risk,Low Risk,241,44817,0.005377423745453734
validation,GNB009,Very High Risk,Medium Risk,415,44817,0.009259879063748132
validation,GNB009,Very High Risk,High Risk,1743,44817,0.03889149206774215
validation,GNB009,Very High Risk,Very High Risk,3315,44817,0.07396746770198809
validation,GNB009,Very High Risk,Extreme Risk,1009,44817,0.022513778253787625
validation,GNB009,Extreme Risk,Low Risk,47,44817,0.0010487091951714752
validation,GNB009,Extreme Risk,Medium Risk,43,44817,0.0009594573487739028
validation,GNB009,Extreme Risk,High Risk,242,44817,0.0053997367070531275
validation,GNB009,Extreme Risk,Very High Risk,805,44817,0.017961934087511434
validation,GNB009,Extreme Risk,Extreme Risk,1104,44817,0.024633509605729968
validation,GNB010,Low Risk,Low Risk,5967,44817,0.13314144186357854
validation,GNB010,Low Risk,Medium Risk,2994,44817,0.0668050070285829
validation,GNB010,Low Risk,High Risk,2,44817,4.4625923198786177e-05
validation,GNB010,Medium Risk,Low Risk,1845,44817,0.041167414150880245
validation,GNB010,Medium Risk,Medium Risk,7935,44817,0.17705335029118416
validation,GNB010,Medium Risk,High Risk,3603,44817,0.08039360064261329
validation,GNB010,Medium Risk,Extreme Risk,1,44817,2.2312961599393088e-05
validation,GNB010,High Risk,Low Risk,868,44817,0.0193676506682732
validation,GNB010,High Risk,Medium Risk,2045,44817,0.04563000647075886
validation,GNB010,High Risk,High Risk,7861,44817,0.17540219113282907
validation,GNB010,High Risk,Very High Risk,2592,44817,0.05783519646562688
validation,GNB010,High Risk,Extreme Risk,140,44817,0.0031238146239150324
validation,GNB010,Very High Risk,Low Risk,239,44817,0.0053327978222549475
validation,GNB010,Very High Risk,Medium Risk,424,44817,0.009460695718142668
validation,GNB010,Very High Risk,High Risk,1739,44817,0.038802240221344576
validation,GNB010,Very High Risk,Very High Risk,3290,44817,0.07340964366200325
validation,GNB010,Very High Risk,Extreme Risk,1031,44817,0.023004663408974273
validation,GNB010,Extreme Risk,Low Risk,44,44817,0.000981770310373296
validation,GNB010,Extreme Risk,Medium Risk,47,44817,0.0010487091951714752
validation,GNB010,Extreme Risk,High Risk,240,44817,0.005355110783854341
validation,GNB010,Extreme Risk,Very High Risk,841,44817,0.018765200705089587
validation,GNB010,Extreme Risk,Extreme Risk,1069,44817,0.02385255594975121
validation,LASSOSTACK001,Low Risk,Low Risk,8114,44817,0.1810473704174755
validation,LASSOSTACK001,Low Risk,Medium Risk,849,44817,0.01894370439788473
validation,LASSOSTACK001,Medium Risk,Low Risk,848,44817,0.018921391436285337
validation,LASSOSTACK001,Medium Risk,Medium Risk,11355,44817,0.2533636789611085
validation,LASSOSTACK001,Medium Risk,High Risk,1181,44817,0.026351607648883238
validation,LASSOSTACK001,High Risk,Low Risk,1,44817,2.2312961599393088e-05
validation,LASSOSTACK001,High Risk,Medium Risk,1241,44817,0.027690385344846823
validation,LASSOSTACK001,High Risk,High Risk,11413,44817,0.2546578307338733
validation,LASSOSTACK001,High Risk,Very High Risk,851,44817,0.01898833032108352
validation,LASSOSTACK001,Very High Risk,High Risk,851,44817,0.01898833032108352
validation,LASSOSTACK001,Very High Risk,Very High Risk,5666,44817,0.12642524042216124
validation,LASSOSTACK001,Very High Risk,Extreme Risk,206,44817,0.004596470089474976
validation,LASSOSTACK001,Extreme Risk,Very High Risk,206,44817,0.004596470089474976
validation,LASSOSTACK001,Extreme Risk,Extreme Risk,2035,44817,0.04540687685476493
validation,LGB001,Low Risk,Low Risk,7618,44817,0.16998014146417653
validation,LGB001,Low Risk,Medium Risk,1338,44817,0.02985474261998795
validation,LGB001,Low Risk,High Risk,7,44817,0.0001561907311957516
validation,LGB001,Medium Risk,Low Risk,1343,44817,0.029966307427984916
validation,LGB001,Medium Risk,Medium Risk,11124,44817,0.2482093848316487
validation,LGB001,Medium Risk,High Risk,917,44817,0.02046098578664346
validation,LGB001,High Risk,Low Risk,2,44817,4.4625923198786177e-05
validation,LGB001,High Risk,Medium Risk,983,44817,0.021933641252203404
validation,LGB001,High Risk,High Risk,11904,44817,0.2656134948791753
validation,LGB001,High Risk,Very High Risk,617,44817,0.013767097306825534
validation,LGB001,Very High Risk,High Risk,617,44817,0.013767097306825534
validation,LGB001,Very High Risk,Very High Risk,5922,44817,0.13213735859160586
validation,LGB001,Very High Risk,Extreme Risk,184,44817,0.004105584934288328
validation,LGB001,Extreme Risk,Very High Risk,184,44817,0.004105584934288328
validation,LGB001,Extreme Risk,Extreme Risk,2057,44817,0.04589776200995158
validation,LGB002,Low Risk,Low Risk,7260,44817,0.16199210121159383
validation,LGB002,Low Risk,Medium Risk,1678,44817,0.0374411495637816
validation,LGB002,Low Risk,High Risk,25,44817,0.0005578240399848271
validation,LGB002,Medium Risk,Low Risk,1700,44817,0.03793203471896825
validation,LGB002,Medium Risk,Medium Risk,10478,44817,0.23379521163844078
validation,LGB002,Medium Risk,High Risk,1202,44817,0.026820179842470492
validation,LGB002,Medium Risk,Very High Risk,4,44817,8.925184639757235e-05
validation,LGB002,High Risk,Low Risk,3,44817,6.693888479817926e-05
validation,LGB002,High Risk,Medium Risk,1289,44817,0.02876140750161769
validation,LGB002,High Risk,High Risk,11402,44817,0.25441238815628
validation,LGB002,High Risk,Very High Risk,811,44817,0.018095811857107794
validation,LGB002,High Risk,Extreme Risk,1,44817,2.2312961599393088e-05
validation,LGB002,Very High Risk,High Risk,816,44817,0.01820737666510476
validation,LGB002,Very High Risk,Very High Risk,5694,44817,0.12705000334694425
validation,LGB002,Very High Risk,Extreme Risk,213,44817,0.004752660820670727
validation,LGB002,Extreme Risk,Very High Risk,214,44817,0.004774973782270121
validation,LGB002,Extreme Risk,Extreme Risk,2027,44817,0.04522837316196979
validation,LGB003,Low Risk,Low Risk,7538,44817,0.1681951045362251
validation,LGB003,Low Risk,Medium Risk,1425,44817,0.03179597027913515
validation,LGB003,Medium Risk,Low Risk,1425,44817,0.03179597027913515
validation,LGB003,Medium Risk,Medium Risk,11052,44817,0.2466028515964924
validation,LGB003,Medium Risk,High Risk,906,44817,0.020215543209050137
validation,LGB003,Medium Risk,Very High Risk,1,44817,2.2312961599393088e-05
validation,LGB003,High Risk,Medium Risk,968,44817,0.02159894682821251
validation,LGB003,High Risk,High Risk,11932,44817,0.2662382578039583
validation,LGB003,High Risk,Very High Risk,606,44817,0.01352165472923221
validation,LGB003,Very High Risk,High Risk,607,44817,0.013543967690831604
validation,LGB003,Very High Risk,Very High Risk,5945,44817,0.1326505567083919
validation,LGB003,Very High Risk,Extreme Risk,171,44817,0.003815516433496218
validation,LGB003,Extreme Risk,Very High Risk,171,44817,0.003815516433496218
validation,LGB003,Extreme Risk,Extreme Risk,2070,44817,0.04618783051074369
validation,LGB004,Low Risk,Low Risk,7555,44817,0.1685744248834148
validation,LGB004,Low Risk,Medium Risk,1407,44817,0.031394336970346076
validation,LGB004,Low Risk,High Risk,1,44817,2.2312961599393088e-05
validation,LGB004,Medium Risk,Low Risk,1408,44817,0.03141664993194547
validation,LGB004,Medium Risk,Medium Risk,11107,44817,0.24783006448445902
validation,LGB004,Medium Risk,High Risk,869,44817,0.019389963629872595
validation,LGB004,High Risk,Medium Risk,931,44817,0.020773367249034964
validation,LGB004,High Risk,High Risk,11963,44817,0.2669299596135395
validation,LGB004,High Risk,Very High Risk,612,44817,0.01365553249882857
validation,LGB004,Very High Risk,High Risk,612,44817,0.01365553249882857
validation,LGB004,Very High Risk,Very High Risk,5940,44817,0.13253899190039495
validation,LGB004,Very High Risk,Extreme Risk,171,44817,0.003815516433496218
validation,LGB004,Extreme Risk,Very High Risk,171,44817,0.003815516433496218
validation,LGB004,Extreme Risk,Extreme Risk,2070,44817,0.04618783051074369
validation,LRSTACK001,Low Risk,Low Risk,8176,44817,0.18243077403663788
validation,LRSTACK001,Low Risk,Medium Risk,787,44817,0.01756030077872236
validation,LRSTACK001,Medium Risk,Low Risk,769,44817,0.017158667469933286
validation,LRSTACK001,Medium Risk,Medium Risk,11507,44817,0.25675524912421627
validation,LRSTACK001,Medium Risk,High Risk,1108,44817,0.02472276145212754
validation,LRSTACK001,High Risk,Low Risk,18,44817,0.00040163330878907556
validation,LRSTACK001,High Risk,Medium Risk,1151,44817,0.025682218800901442
validation,LRSTACK001,High Risk,High Risk,11525,44817,0.25715688243300533
validation,LRSTACK001,High Risk,Very High Risk,812,44817,0.018118124818707188
validation,LRSTACK001,Very High Risk,High Risk,812,44817,0.018118124818707188
validation,LRSTACK001,Very High Risk,Very High Risk,5661,44817,0.12631367561416426
validation,LRSTACK001,Very High Risk,Extreme Risk,250,44817,0.005578240399848272
validation,LRSTACK001,Extreme Risk,Very High Risk,250,44817,0.005578240399848272
validation,LRSTACK001,Extreme Risk,Extreme Risk,1991,44817,0.044425106544391635
validation,NN001,Low Risk,Low Risk,7466,44817,0.1665885713010688
validation,NN001,Low Risk,Medium Risk,1487,44817,0.03317937389829752
validation,NN001,Low Risk,High Risk,10,44817,0.00022312961599393088
validation,NN001,Medium Risk,Low Risk,1477,44817,0.03295624428230359
validation,NN001,Medium Risk,Medium Risk,10745,44817,0.23975277238547874
validation,NN001,Medium Risk,High Risk,1162,44817,0.025927661378494768
validation,NN001,High Risk,Low Risk,20,44817,0.00044625923198786177
validation,NN001,High Risk,Medium Risk,1207,44817,0.026931744650467458
validation,NN001,High Risk,High Risk,11415,44817,0.2547024566570721
validation,NN001,High Risk,Very High Risk,864,44817,0.01927839882187563
validation,NN001,Very High Risk,Medium Risk,6,44817,0.00013387776959635853
validation,NN001,Very High Risk,High Risk,857,44817,0.019122208090679875
validation,NN001,Very High Risk,Very High Risk,5622,44817,0.12544347011178794
validation,NN001,Very High Risk,Extreme Risk,238,44817,0.0053104848606555545
validation,NN001,Extreme Risk,High Risk,1,44817,2.2312961599393088e-05
validation,NN001,Extreme Risk,Very High Risk,237,44817,0.0052881718990561615
validation,NN001,Extreme Risk,Extreme Risk,2003,44817,0.044692862083584355
validation,NN002,Low Risk,Low Risk,6875,44817,0.15340161099582747
validation,NN002,Low Risk,Medium Risk,2084,44817,0.0465002119731352
validation,NN002,Low Risk,High Risk,4,44817,8.925184639757235e-05
validation,NN002,Medium Risk,Low Risk,1986,44817,0.04431354173639467
validation,NN002,Medium Risk,Medium Risk,10125,44817,0.22591873619385502
validation,NN002,Medium Risk,High Risk,1273,44817,0.0284044001160274
validation,NN002,High Risk,Low Risk,99,44817,0.0022089831983399155
validation,NN002,High Risk,Medium Risk,1219,44817,0.027199500189660174
validation,NN002,High Risk,High Risk,11125,44817,0.2482316977932481
validation,NN002,High Risk,Very High Risk,1063,44817,0.023718678180154853
validation,NN002,Very High Risk,Low Risk,3,44817,6.693888479817926e-05
validation,NN002,Very High Risk,Medium Risk,17,44817,0.0003793203471896825
validation,NN002,Very High Risk,High Risk,1037,44817,0.023138541178570633
validation,NN002,Very High Risk,Very High Risk,5344,44817,0.11924046678715666
validation,NN002,Very High Risk,Extreme Risk,322,44817,0.007184773635004574
validation,NN002,Extreme Risk,High Risk,6,44817,0.00013387776959635853
validation,NN002,Extreme Risk,Very High Risk,316,44817,0.007050895865408215
validation,NN002,Extreme Risk,Extreme Risk,1919,44817,0.04281857330923534
validation,NN003,Low Risk,Low Risk,7066,44817,0.15766338666131155
validation,NN003,Low Risk,Medium Risk,1893,44817,0.04223843630765112
validation,NN003,Low Risk,High Risk,4,44817,8.925184639757235e-05
validation,NN003,Medium Risk,Low Risk,1840,44817,0.04105584934288328
validation,NN003,Medium Risk,Medium Risk,10493,44817,0.23412990606243167
validation,NN003,Medium Risk,High Risk,1051,44817,0.023450922640962137
validation,NN003,High Risk,Low Risk,47,44817,0.0010487091951714752
validation,NN003,High Risk,Medium Risk,1052,44817,0.023473235602561527
validation,NN003,High Risk,High Risk,11614,44817,0.2591427360153513
validation,NN003,High Risk,Very High Risk,793,44817,0.017694178548318718
validation,NN003,Very High Risk,Low Risk,10,44817,0.00022312961599393088
validation,NN003,Very High Risk,Medium Risk,7,44817,0.0001561907311957516
validation,NN003,Very High Risk,High Risk,775,44817,0.017292545239529642
validation,NN003,Very High Risk,Very High Risk,5718,44817,0.12758551442532967
validation,NN003,Very High Risk,Extreme Risk,213,44817,0.004752660820670727
validation,NN003,Extreme Risk,High Risk,1,44817,2.2312961599393088e-05
validation,NN003,Extreme Risk,Very High Risk,212,44817,0.004730347859071334
validation,NN003,Extreme Risk,Extreme Risk,2028,44817,0.04525068612356918
validation,NN004,Low Risk,Low Risk,7099,44817,0.15839971439409153
validation,NN004,Low Risk,Medium Risk,1864,44817,0.041591360421268715
validation,NN004,Medium Risk,Low Risk,1839,44817,0.04103353638128389
validation,NN004,Medium Risk,Medium Risk,10188,44817,0.22732445277461677
validation,NN004,Medium Risk,High Risk,1357,44817,0.03027868889037642
validation,NN004,High Risk,Low Risk,25,44817,0.0005578240399848271
validation,NN004,High Risk,Medium Risk,1386,44817,0.03092576477675882
validation,NN004,High Risk,High Risk,11087,44817,0.24738380525247117
validation,NN004,High Risk,Very High Risk,1008,44817,0.02249146529218823
validation,NN004,Very High Risk,Medium Risk,7,44817,0.0001561907311957516
validation,NN004,Very High Risk,High Risk,999,44817,0.022290648637793696
validation,NN004,Very High Risk,Very High Risk,5450,44817,0.12160564071669233
validation,NN004,Very High Risk,Extreme Risk,267,44817,0.005957560747037955
validation,NN004,Extreme Risk,High Risk,2,44817,4.4625923198786177e-05
validation,NN004,Extreme Risk,Very High Risk,265,44817,0.005912934823839168
validation,NN004,Extreme Risk,Extreme Risk,1974,44817,0.04404578619720195
validation,NN005,Low Risk,Low Risk,6683,44817,0.149117522368744
validation,NN005,Low Risk,Medium Risk,2254,44817,0.05029341544503202
validation,NN005,Low Risk,High Risk,26,44817,0.0005801370015842203
validation,NN005,Medium Risk,Low Risk,2027,44817,0.04522837316196979
validation,NN005,Medium Risk,Medium Risk,9049,44817,0.20190998951290806
validation,NN005,Medium Risk,High Risk,2304,44817,0.05140906352500167
validation,NN005,Medium Risk,Very High Risk,4,44817,8.925184639757235e-05
validation,NN005,High Risk,Low Risk,217,44817,0.0048419126670683
validation,NN005,High Risk,Medium Risk,1941,44817,0.04330945846442198
validation,NN005,High Risk,High Risk,9432,44817,0.2104558538054756
validation,NN005,High Risk,Very High Risk,1897,44817,0.042327688154048686
validation,NN005,High Risk,Extreme Risk,19,44817,0.00042394627038846864
validation,NN005,Very High Risk,Low Risk,34,44817,0.000758640694379365
validation,NN005,Very High Risk,Medium Risk,190,44817,0.004239462703884687
validation,NN005,Very High Risk,High Risk,1602,44817,0.035745364482227725
validation,NN005,Very High Risk,Very High Risk,4449,44817,0.09927036615569984
validation,NN005,Very High Risk,Extreme Risk,448,44817,0.009996206796528103
validation,NN005,Extreme Risk,Low Risk,2,44817,4.4625923198786177e-05
validation,NN005,Extreme Risk,Medium Risk,11,44817,0.000245442577593324
validation,NN005,Extreme Risk,High Risk,81,44817,0.00180734988955084
validation,NN005,Extreme Risk,Very High Risk,373,44817,0.008322734676573622
validation,NN005,Extreme Risk,Extreme Risk,1774,44817,0.039583193877323335
validation,NN006,Low Risk,Low Risk,7464,44817,0.16654394537787
validation,NN006,Low Risk,Medium Risk,1498,44817,0.033424816475890844
validation,NN006,Low Risk,High Risk,1,44817,2.2312961599393088e-05
validation,NN006,Medium Risk,Low Risk,1463,44817,0.032643862819912085
validation,NN006,Medium Risk,Medium Risk,10886,44817,0.24289889997099315
validation,NN006,Medium Risk,High Risk,1035,44817,0.023093915255371845
validation,NN006,High Risk,Low Risk,36,44817,0.0008032666175781511
validation,NN006,High Risk,Medium Risk,1057,44817,0.023584800410558493
validation,NN006,High Risk,High Risk,11538,44817,0.25744695093379744
validation,NN006,High Risk,Very High Risk,875,44817,0.01952384139946895
validation,NN006,Very High Risk,Medium Risk,4,44817,8.925184639757235e-05
validation,NN006,Very High Risk,High Risk,870,44817,0.019412276591471985
validation,NN006,Very High Risk,Very High Risk,5613,44817,0.1252426534573934
validation,NN006,Very High Risk,Extreme Risk,236,44817,0.0052658589374567685
validation,NN006,Extreme Risk,High Risk,1,44817,2.2312961599393088e-05
validation,NN006,Extreme Risk,Very High Risk,235,44817,0.0052435459758573754
validation,NN006,Extreme Risk,Extreme Risk,2005,44817,0.04473748800678314
validation,NN007,Low Risk,Low Risk,7458,44817,0.16641006760827365
validation,NN007,Low Risk,Medium Risk,1505,44817,0.033581007207086594
validation,NN007,Medium Risk,Low Risk,1482,44817,0.033067809090300555
validation,NN007,Medium Risk,Medium Risk,10969,44817,0.24475087578374277
validation,NN007,Medium Risk,High Risk,933,44817,0.02081799317223375
validation,NN007,High Risk,Low Risk,23,44817,0.000513198116786041
validation,NN007,High Risk,Medium Risk,969,44817,0.0216212597898119
validation,NN007,High Risk,High Risk,11811,44817,0.26353838945043173
validation,NN007,High Risk,Very High Risk,703,44817,0.01568601200437334
validation,NN007,Very High Risk,Medium Risk,2,44817,4.4625923198786177e-05
validation,NN007,Very High Risk,High Risk,701,44817,0.015641386081174553
validation,NN007,Very High Risk,Very High Risk,5802,44817,0.1294598031996787
validation,NN007,Very High Risk,Extreme Risk,218,44817,0.004864225628667693
validation,NN007,Extreme Risk,Very High Risk,218,44817,0.004864225628667693
validation,NN007,Extreme Risk,Extreme Risk,2023,44817,0.04513912131557222
validation,NN008,Low Risk,Low Risk,7581,44817,0.169154561884999
validation,NN008,Low Risk,Medium Risk,1382,44817,0.030836512930361246
validation,NN008,Medium Risk,Low Risk,1376,44817,0.03070263516076489
validation,NN008,Medium Risk,Medium Risk,11236,44817,0.25070843653078073
validation,NN008,Medium Risk,High Risk,772,44817,0.017225606354731464
validation,NN008,High Risk,Low Risk,6,44817,0.00013387776959635853
validation,NN008,High Risk,Medium Risk,827,44817,0.018452819242698083
validation,NN008,High Risk,High Risk,12014,44817,0.26806792065510854
validation,NN008,High Risk,Very High Risk,659,44817,0.014704241694000045
validation,NN008,Very High Risk,High Risk,659,44817,0.014704241694000045
validation,NN008,Very High Risk,Very High Risk,5867,44817,0.13091014570363924
validation,NN008,Very High Risk,Extreme Risk,197,44817,0.004395653435080438
validation,NN008,Extreme Risk,Very High Risk,197,44817,0.004395653435080438
validation,NN008,Extreme Risk,Extreme Risk,2044,44817,0.04560769350915947
validation,NN009,Low Risk,Low Risk,7664,44817,0.17100653769774862
validation,NN009,Low Risk,Medium Risk,1297,44817,0.028939911194412835
validation,NN009,Low Risk,High Risk,2,44817,4.4625923198786177e-05
validation,NN009,Medium Risk,Low Risk,1278,44817,0.028515964924024365
validation,NN009,Medium Risk,Medium Risk,11160,44817,0.24901265144922685
validation,NN009,Medium Risk,High Risk,946,44817,0.02110806167302586
validation,NN009,High Risk,Low Risk,21,44817,0.00046857219358725484
validation,NN009,High Risk,Medium Risk,986,44817,0.022000580137001586
validation,NN009,High Risk,High Risk,11590,44817,0.25860722493696586
validation,NN009,High Risk,Very High Risk,909,44817,0.020282482093848316
validation,NN009,Very High Risk,Medium Risk,2,44817,4.4625923198786177e-05
validation,NN009,Very High Risk,High Risk,907,44817,0.02023785617064953
validation,NN009,Very High Risk,Very High Risk,5597,44817,0.12488564607180311
validation,NN009,Very High Risk,Extreme Risk,217,44817,0.0048419126670683
validation,NN009,Extreme Risk,Very High Risk,217,44817,0.0048419126670683
validation,NN009,Extreme Risk,Extreme Risk,2024,44817,0.04516143427717161
validation,NN010,Low Risk,Low Risk,6591,44817,0.14706472990159983
validation,NN010,Low Risk,Medium Risk,2173,44817,0.04848606555548118
validation,NN010,Low Risk,High Risk,198,44817,0.004417966396679831
validation,NN010,Low Risk,Very High Risk,1,44817,2.2312961599393088e-05
validation,NN010,Medium Risk,Low Risk,2369,44817,0.052859406028962226
validation,NN010,Medium Risk,Medium Risk,9440,44817,0.21063435749827075
validation,NN010,Medium Risk,High Risk,1560,44817,0.034808220095053216
validation,NN010,Medium Risk,Very High Risk,15,44817,0.00033469442399089634
validation,NN010,High Risk,Low Risk,3,44817,6.693888479817926e-05
validation,NN010,High Risk,Medium Risk,1829,44817,0.04081040676528996
validation,NN010,High Risk,High Risk,10373,44817,0.2314523506705045
validation,NN010,High Risk,Very High Risk,1296,44817,0.02891759823281344
validation,NN010,High Risk,Extreme Risk,5,44817,0.00011156480799696544
validation,NN010,Very High Risk,Medium Risk,3,44817,6.693888479817926e-05
validation,NN010,Very High Risk,High Risk,1313,44817,0.029296918580003124
validation,NN010,Very High Risk,Very High Risk,5136,44817,0.1145993707744829
validation,NN010,Very High Risk,Extreme Risk,271,44817,0.006046812593435527
validation,NN010,Extreme Risk,High Risk,1,44817,2.2312961599393088e-05
validation,NN010,Extreme Risk,Very High Risk,275,44817,0.006136064439833099
validation,NN010,Extreme Risk,Extreme Risk,1965,44817,0.043844969542807415
validation,NN011,Low Risk,Low Risk,6912,44817,0.15422719057500503
validation,NN011,Low Risk,Medium Risk,2044,44817,0.04560769350915947
validation,NN011,Low Risk,High Risk,7,44817,0.0001561907311957516
validation,NN011,Medium Risk,Low Risk,1941,44817,0.04330945846442198
validation,NN011,Medium Risk,Medium Risk,10145,44817,0.22636499542584287
validation,NN011,Medium Risk,High Risk,1297,44817,0.028939911194412835
validation,NN011,Medium Risk,Very High Risk,1,44817,2.2312961599393088e-05
validation,NN011,High Risk,Low Risk,107,44817,0.0023874868911350606
validation,NN011,High Risk,Medium Risk,1235,44817,0.027556507575250463
validation,NN011,High Risk,High Risk,11096,44817,0.2475846219068657
validation,NN011,High Risk,Very High Risk,1068,44817,0.02383024298815182
validation,NN011,Very High Risk,Low Risk,3,44817,6.693888479817926e-05
validation,NN011,Very High Risk,Medium Risk,21,44817,0.00046857219358725484
validation,NN011,Very High Risk,High Risk,1036,44817,0.02311622821697124
validation,NN011,Very High Risk,Very High Risk,5335,44817,0.11903965013276212
validation,NN011,Very High Risk,Extreme Risk,328,44817,0.007318651404600932
validation,NN011,Extreme Risk,High Risk,9,44817,0.00020081665439453778
validation,NN011,Extreme Risk,Very High Risk,319,44817,0.007117834750206395
validation,NN011,Extreme Risk,Extreme Risk,1913,44817,0.042684695539638974
validation,NN012,Low Risk,Low Risk,7730,44817,0.17247919316330856
validation,NN012,Low Risk,Medium Risk,1228,44817,0.027400316844054712
validation,NN012,Low Risk,High Risk,5,44817,0.00011156480799696544
validation,NN012,Medium Risk,Low Risk,1212,44817,0.02704330945846442
validation,NN012,Medium Risk,Medium Risk,10855,44817,0.24220719816141195
validation,NN012,Medium Risk,High Risk,1317,44817,0.029386170426400696
validation,NN012,High Risk,Low Risk,18,44817,0.00040163330878907556
validation,NN012,High Risk,Medium Risk,1346,44817,0.030033246312783094
validation,NN012,High Risk,High Risk,11048,44817,0.24651359975009482
validation,NN012,High Risk,Very High Risk,1094,44817,0.02441037998973604
validation,NN012,Very High Risk,Low Risk,3,44817,6.693888479817926e-05
validation,NN012,Very High Risk,Medium Risk,14,44817,0.0003123814623915032
validation,NN012,Very High Risk,High Risk,1070,44817,0.023874868911350603
validation,NN012,Very High Risk,Very High Risk,5270,44817,0.11758930762880157
validation,NN012,Very High Risk,Extreme Risk,366,44817,0.00816654394537787
validation,NN012,Extreme Risk,Medium Risk,2,44817,4.4625923198786177e-05
validation,NN012,Extreme Risk,High Risk,5,44817,0.00011156480799696544
validation,NN012,Extreme Risk,Very High Risk,359,44817,0.008010353214182118
validation,NN012,Extreme Risk,Extreme Risk,1875,44817,0.04183680299886204
validation,NN013,Low Risk,Low Risk,7473,44817,0.16674476203226454
validation,NN013,Low Risk,Medium Risk,1483,44817,0.03309012205189995
validation,NN013,Low Risk,High Risk,7,44817,0.0001561907311957516
validation,NN013,Medium Risk,Low Risk,1481,44817,0.03304549612870116
validation,NN013,Medium Risk,Medium Risk,10772,44817,0.24035522234866233
validation,NN013,Medium Risk,High Risk,1131,44817,0.02523595956891358
validation,NN013,High Risk,Low Risk,7,44817,0.0001561907311957516
validation,NN013,High Risk,Medium Risk,1187,44817,0.026485485418479594
validation,NN013,High Risk,High Risk,11334,44817,0.25289510676752125
validation,NN013,High Risk,Very High Risk,978,44817,0.02182207644420644
validation,NN013,Very High Risk,Low Risk,2,44817,4.4625923198786177e-05
validation,NN013,Very High Risk,Medium Risk,3,44817,6.693888479817926e-05
validation,NN013,Very High Risk,High Risk,968,44817,0.02159894682821251
validation,NN013,Very High Risk,Very High Risk,5448,44817,0.12156101479349354
validation,NN013,Very High Risk,Extreme Risk,302,44817,0.006738514403016712
validation,NN013,Extreme Risk,High Risk,5,44817,0.00011156480799696544
validation,NN013,Extreme Risk,Very High Risk,297,44817,0.006626949595019747
validation,NN013,Extreme Risk,Extreme Risk,1939,44817,0.043264832541223194
validation,NN014,Low Risk,Low Risk,7050,44817,0.15730637927572128
validation,NN014,Low Risk,Medium Risk,1913,44817,0.042684695539638974
validation,NN014,Medium Risk,Low Risk,1822,44817,0.04065421603409421
validation,NN014,Medium Risk,Medium Risk,9789,44817,0.21842158109645893
validation,NN014,Medium Risk,High Risk,1773,44817,0.03956088091572394
validation,NN014,High Risk,Low Risk,91,44817,0.002030479505544771
validation,NN014,High Risk,Medium Risk,1706,44817,0.038065912488564606
validation,NN014,High Risk,High Risk,10589,44817,0.2362719503759734
validation,NN014,High Risk,Very High Risk,1120,44817,0.02499051699132026
validation,NN014,Very High Risk,Medium Risk,37,44817,0.0008255795791775443
validation,NN014,Very High Risk,High Risk,1080,44817,0.024097998527344535
validation,NN014,Very High Risk,Very High Risk,5314,44817,0.11857107793917486
validation,NN014,Very High Risk,Extreme Risk,292,44817,0.006515384787022782
validation,NN014,Extreme Risk,High Risk,3,44817,6.693888479817926e-05
validation,NN014,Extreme Risk,Very High Risk,289,44817,0.006448445902224602
validation,NN014,Extreme Risk,Extreme Risk,1949,44817,0.043487962157217126
validation,NN015,Low Risk,Low Risk,7067,44817,0.15768569962291096
validation,NN015,Low Risk,Medium Risk,1896,44817,0.04230537519244929
validation,NN015,Medium Risk,Low Risk,1806,44817,0.04029720864850392
validation,NN015,Medium Risk,Medium Risk,9966,44817,0.22237097529955152
validation,NN015,Medium Risk,High Risk,1612,44817,0.03596849409822166
validation,NN015,High Risk,Low Risk,90,44817,0.002008166543945378
validation,NN015,High Risk,Medium Risk,1548,44817,0.034540464555860496
validation,NN015,High Risk,High Risk,10749,44817,0.2398420242318763
validation,NN015,High Risk,Very High Risk,1119,44817,0.024968204029720865
validation,NN015,Very High Risk,Medium Risk,35,44817,0.0007809536559787581
validation,NN015,Very High Risk,High Risk,1081,44817,0.02412031148894393
validation,NN015,Very High Risk,Very High Risk,5345,44817,0.11926277974875606
validation,NN015,Very High Risk,Extreme Risk,262,44817,0.005845995939040989
validation,NN015,Extreme Risk,High Risk,3,44817,6.693888479817926e-05
validation,NN015,Extreme Risk,Very High Risk,259,44817,0.00577905705424281
validation,NN015,Extreme Risk,Extreme Risk,1979,44817,0.04415735100519892
validation,NN016,Low Risk,Low Risk,7241,44817,0.16156815494120536
validation,NN016,Low Risk,Medium Risk,1720,44817,0.03837829395095611
validation,NN016,Low Risk,High Risk,2,44817,4.4625923198786177e-05
validation,NN016,Medium Risk,Low Risk,1703,44817,0.03799897360376643
validation,NN016,Medium Risk,Medium Risk,10275,44817,0.22926568043376397
validation,NN016,Medium Risk,High Risk,1405,44817,0.03134971104714729
validation,NN016,Medium Risk,Very High Risk,1,44817,2.2312961599393088e-05
validation,NN016,High Risk,Low Risk,19,44817,0.00042394627038846864
validation,NN016,High Risk,Medium Risk,1437,44817,0.032063725818327865
validation,NN016,High Risk,High Risk,10859,44817,0.24229645000780953
validation,NN016,High Risk,Very High Risk,1191,44817,0.026574737264877166
validation,NN016,Very High Risk,Medium Risk,13,44817,0.00029006850079211013
validation,NN016,Very High Risk,High Risk,1177,44817,0.026262355802485662
validation,NN016,Very High Risk,Very High Risk,5244,44817,0.11700917062721736
validation,NN016,Very High Risk,Extreme Risk,289,44817,0.006448445902224602
validation,NN016,Extreme Risk,High Risk,2,44817,4.4625923198786177e-05
validation,NN016,Extreme Risk,Very High Risk,287,44817,0.006403819979025816
validation,NN016,Extreme Risk,Extreme Risk,1952,44817,0.04355490104201531
validation,NN017,Low Risk,Low Risk,6805,44817,0.15183970368386995
validation,NN017,Low Risk,Medium Risk,2158,44817,0.04815137113149028
validation,NN017,Medium Risk,Low Risk,2122,44817,0.04734810451391213
validation,NN017,Medium Risk,Medium Risk,9671,44817,0.21578865162773056
validation,NN017,Medium Risk,High Risk,1591,44817,0.0354999219046344
validation,NN017,High Risk,Low Risk,36,44817,0.0008032666175781511
validation,NN017,High Risk,Medium Risk,1605,44817,0.035812303367025906
validation,NN017,High Risk,High Risk,10813,44817,0.24127005377423746
validation,NN017,High Risk,Very High Risk,1052,44817,0.023473235602561527
validation,NN017,Very High Risk,Medium Risk,11,44817,0.000245442577593324
validation,NN017,Very High Risk,High Risk,1040,44817,0.02320548006336881
validation,NN017,Very High Risk,Very High Risk,5419,44817,0.12091393890711113
validation,NN017,Very High Risk,Extreme Risk,253,44817,0.0056451792846464515
validation,NN017,Extreme Risk,High Risk,1,44817,2.2312961599393088e-05
validation,NN017,Extreme Risk,Very High Risk,252,44817,0.005622866323047058
validation,NN017,Extreme Risk,Extreme Risk,1988,44817,0.04435816765959346
validation,NN018,Low Risk,Low Risk,7519,44817,0.16777115826583663
validation,NN018,Low Risk,Medium Risk,1443,44817,0.03219760358792423
validation,NN018,Low Risk,High Risk,1,44817,2.2312961599393088e-05
validation,NN018,Medium Risk,Low Risk,1441,44817,0.03215297766472544
validation,NN018,Medium Risk,Medium Risk,10855,44817,0.24220719816141195
validation,NN018,Medium Risk,High Risk,1088,44817,0.02427650222013968
validation,NN018,High Risk,Low Risk,3,44817,6.693888479817926e-05
validation,NN018,High Risk,Medium Risk,1147,44817,0.02559296695450387
validation,NN018,High Risk,High Risk,11466,44817,0.25584041769864113
validation,NN018,High Risk,Very High Risk,890,44817,0.01985853582345985
validation,NN018,Very High Risk,High Risk,890,44817,0.01985853582345985
validation,NN018,Very High Risk,Very High Risk,5584,44817,0.124595577571011
validation,NN018,Very High Risk,Extreme Risk,249,44817,0.005555927438248879
validation,NN018,Extreme Risk,Very High Risk,249,44817,0.005555927438248879
validation,NN018,Extreme Risk,Extreme Risk,1992,44817,0.04444741950599103
validation,NN019,Low Risk,Low Risk,7309,44817,0.16308543632996408
validation,NN019,Low Risk,Medium Risk,1654,44817,0.036905638485396165
validation,NN019,Medium Risk,Low Risk,1653,44817,0.03688332552379677
validation,NN019,Medium Risk,Medium Risk,10644,44817,0.23749916326394002
validation,NN019,Medium Risk,High Risk,1087,44817,0.024254189258540285
validation,NN019,High Risk,Low Risk,1,44817,2.2312961599393088e-05
validation,NN019,High Risk,Medium Risk,1147,44817,0.02559296695450387
validation,NN019,High Risk,High Risk,11445,44817,0.2553718455050539
validation,NN019,High Risk,Very High Risk,913,44817,0.020371733940245888
validation,NN019,Very High Risk,High Risk,913,44817,0.020371733940245888
validation,NN019,Very High Risk,Very High Risk,5583,44817,0.12457326460941161
validation,NN019,Very High Risk,Extreme Risk,227,44817,0.005065042283062231
validation,NN019,Extreme Risk,Very High Risk,227,44817,0.005065042283062231
validation,NN019,Extreme Risk,Extreme Risk,2014,44817,0.04493830466117768
validation,NNSTACK001,Low Risk,Low Risk,8299,44817,0.18517526831336323
validation,NNSTACK001,Low Risk,Medium Risk,664,44817,0.01481580650199701
validation,NNSTACK001,Medium Risk,Low Risk,628,44817,0.014012539884418859
validation,NNSTACK001,Medium Risk,Medium Risk,11833,44817,0.2640292746056184
validation,NNSTACK001,Medium Risk,High Risk,923,44817,0.02059486355623982
validation,NNSTACK001,High Risk,Low Risk,36,44817,0.0008032666175781511
validation,NNSTACK001,High Risk,Medium Risk,948,44817,0.021152687596224646
validation,NNSTACK001,High Risk,High Risk,11765,44817,0.2625119932168597
validation,NNSTACK001,High Risk,Very High Risk,757,44817,0.016890911930740566
validation,NNSTACK001,Very High Risk,High Risk,757,44817,0.016890911930740566
validation,NNSTACK001,Very High Risk,Very High Risk,5713,44817,0.12747394961733272
validation,NNSTACK001,Very High Risk,Extreme Risk,253,44817,0.0056451792846464515
validation,NNSTACK001,Extreme Risk,Very High Risk,253,44817,0.0056451792846464515
validation,NNSTACK001,Extreme Risk,Extreme Risk,1988,44817,0.04435816765959346
validation,RASTACK001,Low Risk,Low Risk,7767,44817,0.17330477274248612
validation,RASTACK001,Low Risk,Medium Risk,1196,44817,0.026686302072874132
validation,RASTACK001,Medium Risk,Low Risk,1193,44817,0.026619363188075954
validation,RASTACK001,Medium Risk,Medium Risk,10905,44817,0.24332284624138162
validation,RASTACK001,Medium Risk,High Risk,1286,44817,0.02869446861681951
validation,RASTACK001,High Risk,Low Risk,3,44817,6.693888479817926e-05
validation,RASTACK001,High Risk,Medium Risk,1343,44817,0.029966307427984916
validation,RASTACK001,High Risk,High Risk,10927,44817,0.24381373139656826
validation,RASTACK001,High Risk,Very High Risk,1233,44817,0.02751188165205168
validation,RASTACK001,Very High Risk,Medium Risk,1,44817,2.2312961599393088e-05
validation,RASTACK001,Very High Risk,High Risk,1206,44817,0.026909431688868064
validation,RASTACK001,Very High Risk,Very High Risk,5091,44817,0.1135952875025102
validation,RASTACK001,Very High Risk,Extreme Risk,425,44817,0.009483008679742062
validation,RASTACK001,Extreme Risk,High Risk,26,44817,0.0005801370015842203
validation,RASTACK001,Extreme Risk,Very High Risk,399,44817,0.008902871678157842
validation,RASTACK001,Extreme Risk,Extreme Risk,1816,44817,0.04052033826449785
validation,RF001,Low Risk,Low Risk,7697,44817,0.1717428654305286
validation,RF001,Low Risk,Medium Risk,1266,44817,0.02824820938483165
validation,RF001,Medium Risk,Low Risk,1265,44817,0.028225896423232255
validation,RF001,Medium Risk,Medium Risk,10903,44817,0.24327822031818283
validation,RF001,Medium Risk,High Risk,1215,44817,0.027110248343262602
validation,RF001,Medium Risk,Very High Risk,1,44817,2.2312961599393088e-05
validation,RF001,High Risk,Low Risk,1,44817,2.2312961599393088e-05
validation,RF001,High Risk,Medium Risk,1276,44817,0.02847133900082558
validation,RF001,High Risk,High Risk,10952,44817,0.2443715554365531
validation,RF001,High Risk,Very High Risk,1277,44817,0.02849365196242497
validation,RF001,Very High Risk,High Risk,1274,44817,0.028426713077626793
validation,RF001,Very High Risk,Very High Risk,5124,44817,0.11433161523529017
validation,RF001,Very High Risk,Extreme Risk,325,44817,0.007251712519802753
validation,RF001,Extreme Risk,High Risk,4,44817,8.925184639757235e-05
validation,RF001,Extreme Risk,Very High Risk,321,44817,0.007162460673405181
validation,RF001,Extreme Risk,Extreme Risk,1916,44817,0.042751634424437156
validation,RF002,Low Risk,Low Risk,7755,44817,0.1730370172032934
validation,RF002,Low Risk,Medium Risk,1208,44817,0.02695405761206685
validation,RF002,Medium Risk,Low Risk,1207,44817,0.026931744650467458
validation,RF002,Medium Risk,Medium Risk,11129,44817,0.24832094963964568
validation,RF002,Medium Risk,High Risk,1048,44817,0.023383983756163955
validation,RF002,High Risk,Low Risk,1,44817,2.2312961599393088e-05
validation,RF002,High Risk,Medium Risk,1108,44817,0.02472276145212754
validation,RF002,High Risk,High Risk,11537,44817,0.25742463797219806
validation,RF002,High Risk,Very High Risk,860,44817,0.019189146975478057
validation,RF002,Very High Risk,High Risk,859,44817,0.019166834013878663
validation,RF002,Very High Risk,Very High Risk,5580,44817,0.12450632572461343
validation,RF002,Very High Risk,Extreme Risk,284,44817,0.006336881094227637
validation,RF002,Extreme Risk,High Risk,1,44817,2.2312961599393088e-05
validation,RF002,Extreme Risk,Very High Risk,283,44817,0.006314568132628244
validation,RF002,Extreme Risk,Extreme Risk,1957,44817,0.04366646585001227
validation,RF003,Low Risk,Low Risk,7886,44817,0.1759600151728139
validation,RF003,Low Risk,Medium Risk,1077,44817,0.024031059642546357
validation,RF003,Medium Risk,Low Risk,1077,44817,0.024031059642546357
validation,RF003,Medium Risk,Medium Risk,11482,44817,0.25619742508423143
validation,RF003,Medium Risk,High Risk,825,44817,0.0184081933194993
validation,RF003,High Risk,Medium Risk,886,44817,0.019769283977062277
validation,RF003,High Risk,High Risk,11932,44817,0.2662382578039583
validation,RF003,High Risk,Very High Risk,688,44817,0.015351317580382445
validation,RF003,Very High Risk,High Risk,688,44817,0.015351317580382445
validation,RF003,Very High Risk,Very High Risk,5758,44817,0.1284780328893054
validation,RF003,Very High Risk,Extreme Risk,277,44817,0.006180690363031885
validation,RF003,Extreme Risk,Very High Risk,277,44817,0.006180690363031885
validation,RF003,Extreme Risk,Extreme Risk,1964,44817,0.04382265658120802
validation,RF004,Low Risk,Low Risk,7793,44817,0.17388490974407034
validation,RF004,Low Risk,Medium Risk,1170,44817,0.026106165071289912
validation,RF004,Medium Risk,Low Risk,1169,44817,0.026083852109690518
validation,RF004,Medium Risk,Medium Risk,11234,44817,0.25066381060758197
validation,RF004,Medium Risk,High Risk,980,44817,0.021866702367405226
validation,RF004,Medium Risk,Very High Risk,1,44817,2.2312961599393088e-05
validation,RF004,High Risk,Low Risk,1,44817,2.2312961599393088e-05
validation,RF004,High Risk,Medium Risk,1041,44817,0.023227793024968205
validation,RF004,High Risk,High Risk,11642,44817,0.25976749894013434
validation,RF004,High Risk,Very High Risk,822,44817,0.018341254434701117
validation,RF004,Very High Risk,High Risk,822,44817,0.018341254434701117
validation,RF004,Very High Risk,Very High Risk,5563,44817,0.12412700537742374
validation,RF004,Very High Risk,Extreme Risk,338,44817,0.0075417810205948635
validation,RF004,Extreme Risk,High Risk,1,44817,2.2312961599393088e-05
validation,RF004,Extreme Risk,Very High Risk,337,44817,0.0075194680589954705
validation,RF004,Extreme Risk,Extreme Risk,1903,44817,0.04246156592364504
validation,RF005,Low Risk,Low Risk,7616,44817,0.16993551554097774
validation,RF005,Low Risk,Medium Risk,1347,44817,0.030055559274382488
validation,RF005,Medium Risk,Low Risk,1346,44817,0.030033246312783094
validation,RF005,Medium Risk,Medium Risk,10768,44817,0.24026597050226475
validation,RF005,Medium Risk,High Risk,1270,44817,0.02833746123122922
validation,RF005,High Risk,Low Risk,1,44817,2.2312961599393088e-05
validation,RF005,High Risk,Medium Risk,1330,44817,0.029676238927192806
validation,RF005,High Risk,High Risk,11344,44817,0.25311823638351516
validation,RF005,High Risk,Very High Risk,831,44817,0.018542071089095655
validation,RF005,Very High Risk,High Risk,830,44817,0.018519758127496264
validation,RF005,Very High Risk,Very High Risk,5572,44817,0.12432782203181829
validation,RF005,Very High Risk,Extreme Risk,321,44817,0.007162460673405181
validation,RF005,Extreme Risk,High Risk,1,44817,2.2312961599393088e-05
validation,RF005,Extreme Risk,Very High Risk,320,44817,0.007140147711805788
validation,RF005,Extreme Risk,Extreme Risk,1920,44817,0.04284088627083473
validation,RFSTACK001,Low Risk,Low Risk,8642,44817,0.19282861414195507
validation,RFSTACK001,Low Risk,Medium Risk,320,44817,0.007140147711805788
validation,RFSTACK001,Low Risk,High Risk,1,44817,2.2312961599393088e-05
validation,RFSTACK001,Medium Risk,Low Risk,5617,44817,0.12533190530379099
validation,RFSTACK001,Medium Risk,Medium Risk,6687,44817,0.14920677421514159
validation,RFSTACK001,Medium Risk,High Risk,1080,44817,0.024097998527344535
validation,RFSTACK001,High Risk,Medium Risk,1142,44817,0.025481402146506908
validation,RFSTACK001,High Risk,High Risk,11930,44817,0.2661936318807595
validation,RFSTACK001,High Risk,Very High Risk,434,44817,0.0096838253341366
validation,RFSTACK001,Very High Risk,High Risk,434,44817,0.0096838253341366
validation,RFSTACK001,Very High Risk,Very High Risk,6174,44817,0.13776022491465292
validation,RFSTACK001,Very High Risk,Extreme Risk,115,44817,0.002565990583930205
validation,RFSTACK001,Extreme Risk,Very High Risk,115,44817,0.002565990583930205
validation,RFSTACK001,Extreme Risk,Extreme Risk,2126,44817,0.047437356360309706
validation,RIDGESTACK001,Low Risk,Low Risk,8128,44817,0.18135975187986703
validation,RIDGESTACK001,Low Risk,Medium Risk,835,44817,0.018631322935493227
validation,RIDGESTACK001,Medium Risk,Low Risk,830,44817,0.018519758127496264
validation,RIDGESTACK001,Medium Risk,Medium Risk,11269,44817,0.2514447642635607
validation,RIDGESTACK001,Medium Risk,High Risk,1285,44817,0.02867215565522012
validation,RIDGESTACK001,High Risk,Low Risk,5,44817,0.00011156480799696544
validation,RIDGESTACK001,High Risk,Medium Risk,1341,44817,0.02992168150478613
validation,RIDGESTACK001,High Risk,High Risk,11229,44817,0.25055224579958496
validation,RIDGESTACK001,High Risk,Very High Risk,931,44817,0.020773367249034964
validation,RIDGESTACK001,Very High Risk,High Risk,931,44817,0.020773367249034964
validation,RIDGESTACK001,Very High Risk,Very High Risk,5686,44817,0.1268714996541491
validation,RIDGESTACK001,Very High Risk,Extreme Risk,106,44817,0.002365173929535667
validation,RIDGESTACK001,Extreme Risk,Very High Risk,106,44817,0.002365173929535667
validation,RIDGESTACK001,Extreme Risk,Extreme Risk,2135,44817,0.047638173014704244
validation,RLOG001,Low Risk,Low Risk,7103,44817,0.1584889662404891
validation,RLOG001,Low Risk,Medium Risk,1860,44817,0.04150210857487114
validation,RLOG001,Medium Risk,Low Risk,1419,44817,0.03166209250953879
validation,RLOG001,Medium Risk,Medium Risk,9401,44817,0.2097641519958944
validation,RLOG001,Medium Risk,High Risk,2564,44817,0.057210433540843875
validation,RLOG001,High Risk,Low Risk,297,44817,0.006626949595019747
validation,RLOG001,High Risk,Medium Risk,1739,44817,0.038802240221344576
validation,RLOG001,High Risk,High Risk,8880,44817,0.19813909900261062
validation,RLOG001,High Risk,Very High Risk,2537,44817,0.05660798357766026
validation,RLOG001,High Risk,Extreme Risk,53,44817,0.0011825869647678336
validation,RLOG001,Very High Risk,Low Risk,123,44817,0.0027444942767253498
validation,RLOG001,Very High Risk,Medium Risk,392,44817,0.00874668094696209
validation,RLOG001,Very High Risk,High Risk,1710,44817,0.03815516433496218
validation,RLOG001,Very High Risk,Very High Risk,3412,44817,0.07613182497712921
validation,RLOG001,Very High Risk,Extreme Risk,1086,44817,0.02423187629694089
validation,RLOG001,Extreme Risk,Low Risk,21,44817,0.00046857219358725484
validation,RLOG001,Extreme Risk,Medium Risk,53,44817,0.0011825869647678336
validation,RLOG001,Extreme Risk,High Risk,291,44817,0.006493071825423388
validation,RLOG001,Extreme Risk,Very High Risk,774,44817,0.017270232277930248
validation,RLOG001,Extreme Risk,Extreme Risk,1102,44817,0.024588883682531183
validation,RLOG002,Low Risk,Low Risk,7202,44817,0.160697949438829
validation,RLOG002,Low Risk,Medium Risk,1761,44817,0.03929312537653123
validation,RLOG002,Medium Risk,Low Risk,1299,44817,0.02898453711761162
validation,RLOG002,Medium Risk,Medium Risk,9849,44817,0.2197603587924225
validation,RLOG002,Medium Risk,High Risk,2236,44817,0.04989178213624294
validation,RLOG002,High Risk,Low Risk,251,44817,0.005600553361447665
validation,RLOG002,High Risk,Medium Risk,1444,44817,0.032219916549523615
validation,RLOG002,High Risk,High Risk,9325,44817,0.20806836691434055
validation,RLOG002,High Risk,Very High Risk,2465,44817,0.05500145034250396
validation,RLOG002,High Risk,Extreme Risk,21,44817,0.00046857219358725484
validation,RLOG002,Very High Risk,Low Risk,179,44817,0.003994020126291363
validation,RLOG002,Very High Risk,Medium Risk,343,44817,0.007653345828591829
validation,RLOG002,Very High Risk,High Risk,1564,44817,0.03489747194145079
validation,RLOG002,Very High Risk,Very High Risk,3617,44817,0.08070598210500479
validation,RLOG002,Very High Risk,Extreme Risk,1020,44817,0.02275922083138095
validation,RLOG002,Extreme Risk,Low Risk,32,44817,0.0007140147711805788
validation,RLOG002,Extreme Risk,Medium Risk,48,44817,0.0010710221567708682
validation,RLOG002,Extreme Risk,High Risk,320,44817,0.007140147711805788
validation,RLOG002,Extreme Risk,Very High Risk,641,44817,0.014302608385210969
validation,RLOG002,Extreme Risk,Extreme Risk,1200,44817,0.026775553919271704
validation,RLOG003,Low Risk,Low Risk,7157,44817,0.15969386616685632
validation,RLOG003,Low Risk,Medium Risk,1806,44817,0.04029720864850392
validation,RLOG003,Medium Risk,Low Risk,1329,44817,0.029653925965593412
validation,RLOG003,Medium Risk,Medium Risk,9846,44817,0.21969341990762434
validation,RLOG003,Medium Risk,High Risk,2209,44817,0.04928933217305933
validation,RLOG003,High Risk,Low Risk,260,44817,0.005801370015842203
validation,RLOG003,High Risk,Medium Risk,1400,44817,0.031238146239150322
validation,RLOG003,High Risk,High Risk,9376,44817,0.2092063279559096
validation,RLOG003,High Risk,Very High Risk,2452,44817,0.05471138184171185
validation,RLOG003,High Risk,Extreme Risk,18,44817,0.00040163330878907556
validation,RLOG003,Very High Risk,Low Risk,185,44817,0.004127897895887721
validation,RLOG003,Very High Risk,Medium Risk,342,44817,0.007631032866992436
validation,RLOG003,Very High Risk,High Risk,1538,44817,0.03431733493986657
validation,RLOG003,Very High Risk,Very High Risk,3638,44817,0.08117455429859205
validation,RLOG003,Very High Risk,Extreme Risk,1020,44817,0.02275922083138095
validation,RLOG003,Extreme Risk,Low Risk,32,44817,0.0007140147711805788
validation,RLOG003,Extreme Risk,Medium Risk,51,44817,0.0011379610415690475
validation,RLOG003,Extreme Risk,High Risk,322,44817,0.007184773635004574
validation,RLOG003,Extreme Risk,Very High Risk,633,44817,0.014124104692415825
validation,RLOG003,Extreme Risk,Extreme Risk,1203,44817,0.026842492804069883
validation,RLOG004,Low Risk,Low Risk,7146,44817,0.159448423589263
validation,RLOG004,Low Risk,Medium Risk,1817,44817,0.04054265122609724
validation,RLOG004,Medium Risk,Low Risk,1335,44817,0.029787803735189772
validation,RLOG004,Medium Risk,Medium Risk,9841,44817,0.21958185509962738
validation,RLOG004,Medium Risk,High Risk,2208,44817,0.049267019211459935
validation,RLOG004,High Risk,Low Risk,262,44817,0.005845995939040989
validation,RLOG004,High Risk,Medium Risk,1396,44817,0.03114889439275275
validation,RLOG004,High Risk,High Risk,9381,44817,0.20931789276390655
validation,RLOG004,High Risk,Very High Risk,2452,44817,0.05471138184171185
validation,RLOG004,High Risk,Extreme Risk,15,44817,0.00033469442399089634
validation,RLOG004,Very High Risk,Low Risk,188,44817,0.004194836780685901
validation,RLOG004,Very High Risk,Medium Risk,340,44817,0.0075864069437936495
validation,RLOG004,Very High Risk,High Risk,1534,44817,0.034228083093468996
validation,RLOG004,Very High Risk,Very High Risk,3639,44817,0.08119686726019144
validation,RLOG004,Very High Risk,Extreme Risk,1022,44817,0.022803846754579735
validation,RLOG004,Extreme Risk,Low Risk,32,44817,0.0007140147711805788
validation,RLOG004,Extreme Risk,Medium Risk,51,44817,0.0011379610415690475
validation,RLOG004,Extreme Risk,High Risk,322,44817,0.007184773635004574
validation,RLOG004,Extreme Risk,Very High Risk,632,44817,0.01410179173081643
validation,RLOG004,Extreme Risk,Extreme Risk,1204,44817,0.026864805765669277
validation,RLOG005,Low Risk,Low Risk,7203,44817,0.16072026240042842
validation,RLOG005,Low Risk,Medium Risk,1760,44817,0.039270812414931834
validation,RLOG005,Medium Risk,Low Risk,1320,44817,0.029453109311198874
validation,RLOG005,Medium Risk,Medium Risk,9619,44817,0.2146283776245621
validation,RLOG005,Medium Risk,High Risk,2445,44817,0.0545551911105161
validation,RLOG005,High Risk,Low Risk,297,44817,0.006626949595019747
validation,RLOG005,High Risk,Medium Risk,1636,44817,0.03650400517660709
validation,RLOG005,High Risk,High Risk,8981,44817,0.2003927081241493
validation,RLOG005,High Risk,Very High Risk,2548,44817,0.056853426155253586
validation,RLOG005,High Risk,Extreme Risk,44,44817,0.000981770310373296
validation,RLOG005,Very High Risk,Low Risk,124,44817,0.002766807238324743
validation,RLOG005,Very High Risk,Medium Risk,379,44817,0.00845661244616998
validation,RLOG005,Very High Risk,High Risk,1709,44817,0.03813285137336279
validation,RLOG005,Very High Risk,Very High Risk,3424,44817,0.07639958051632194
validation,RLOG005,Very High Risk,Extreme Risk,1087,44817,0.024254189258540285
validation,RLOG005,Extreme Risk,Low Risk,19,44817,0.00042394627038846864
validation,RLOG005,Extreme Risk,Medium Risk,51,44817,0.0011379610415690475
validation,RLOG005,Extreme Risk,High Risk,310,44817,0.006917018095811857
validation,RLOG005,Extreme Risk,Very High Risk,751,44817,0.01675703416114421
validation,RLOG005,Extreme Risk,Extreme Risk,1110,44817,0.024767387375326327
validation,RLOG006,Low Risk,Low Risk,7166,44817,0.15989468282125086
validation,RLOG006,Low Risk,Medium Risk,1797,44817,0.04009639199410938
validation,RLOG006,Medium Risk,Low Risk,1323,44817,0.029520048195997056
validation,RLOG006,Medium Risk,Medium Risk,9805,44817,0.21877858848204923
validation,RLOG006,Medium Risk,High Risk,2256,44817,0.05033804136823081
validation,RLOG006,High Risk,Low Risk,268,44817,0.005979873708637348
validation,RLOG006,High Risk,Medium Risk,1446,44817,0.0322645424727224
validation,RLOG006,High Risk,High Risk,9303,44817,0.2075774817591539
validation,RLOG006,High Risk,Very High Risk,2467,44817,0.055046076265702744
validation,RLOG006,High Risk,Extreme Risk,22,44817,0.000490885155186648
validation,RLOG006,Very High Risk,Low Risk,175,44817,0.0039047682798937903
validation,RLOG006,Very High Risk,Medium Risk,351,44817,0.007831849521386974
validation,RLOG006,Very High Risk,High Risk,1566,44817,0.03494209786464957
validation,RLOG006,Very High Risk,Very High Risk,3609,44817,0.08052747841220965
validation,RLOG006,Very High Risk,Extreme Risk,1022,44817,0.022803846754579735
validation,RLOG006,Extreme Risk,Low Risk,31,44817,0.0006917018095811857
validation,RLOG006,Extreme Risk,Medium Risk,46,44817,0.001026396233572082
validation,RLOG006,Extreme Risk,High Risk,320,44817,0.007140147711805788
validation,RLOG006,Extreme Risk,Very High Risk,647,44817,0.014436486154807327
validation,RLOG006,Extreme Risk,Extreme Risk,1197,44817,0.026708615034473526
validation,RLOG007,Low Risk,Low Risk,7155,44817,0.15964924024365754
validation,RLOG007,Low Risk,Medium Risk,1808,44817,0.0403418345717027
validation,RLOG007,Medium Risk,Low Risk,1329,44817,0.029653925965593412
validation,RLOG007,Medium Risk,Medium Risk,9843,44817,0.21962648102282617
validation,RLOG007,Medium Risk,High Risk,2212,44817,0.04935627105785751
validation,RLOG007,High Risk,Low Risk,264,44817,0.005890621862239775
validation,RLOG007,High Risk,Medium Risk,1399,44817,0.03121583327755093
validation,RLOG007,High Risk,High Risk,9374,44817,0.2091617020327108
validation,RLOG007,High Risk,Very High Risk,2452,44817,0.05471138184171185
validation,RLOG007,High Risk,Extreme Risk,17,44817,0.0003793203471896825
validation,RLOG007,Very High Risk,Low Risk,184,44817,0.004105584934288328
validation,RLOG007,Very High Risk,Medium Risk,343,44817,0.007653345828591829
validation,RLOG007,Very High Risk,High Risk,1538,44817,0.03431733493986657
validation,RLOG007,Very High Risk,Very High Risk,3638,44817,0.08117455429859205
validation,RLOG007,Very High Risk,Extreme Risk,1020,44817,0.02275922083138095
validation,RLOG007,Extreme Risk,Low Risk,31,44817,0.0006917018095811857
validation,RLOG007,Extreme Risk,Medium Risk,52,44817,0.0011602740031684405
validation,RLOG007,Extreme Risk,High Risk,321,44817,0.007162460673405181
validation,RLOG007,Extreme Risk,Very High Risk,633,44817,0.014124104692415825
validation,RLOG007,Extreme Risk,Extreme Risk,1204,44817,0.026864805765669277
validation,RLOG008,Low Risk,Low Risk,7146,44817,0.159448423589263
validation,RLOG008,Low Risk,Medium Risk,1817,44817,0.04054265122609724
validation,RLOG008,Medium Risk,Low Risk,1334,44817,0.029765490773590378
validation,RLOG008,Medium Risk,Medium Risk,9843,44817,0.21962648102282617
validation,RLOG008,Medium Risk,High Risk,2207,44817,0.04924470624986054
validation,RLOG008,High Risk,Low Risk,263,44817,0.005868308900640382
validation,RLOG008,High Risk,Medium Risk,1394,44817,0.031104268469553963
validation,RLOG008,High Risk,High Risk,9383,44817,0.20936251868710534
validation,RLOG008,High Risk,Very High Risk,2451,44817,0.054689068880112456
validation,RLOG008,High Risk,Extreme Risk,15,44817,0.00033469442399089634
validation,RLOG008,Very High Risk,Low Risk,188,44817,0.004194836780685901
validation,RLOG008,Very High Risk,Medium Risk,340,44817,0.0075864069437936495
validation,RLOG008,Very High Risk,High Risk,1533,44817,0.0342057701318696
validation,RLOG008,Very High Risk,Very High Risk,3640,44817,0.08121918022179084
validation,RLOG008,Very High Risk,Extreme Risk,1022,44817,0.022803846754579735
validation,RLOG008,Extreme Risk,Low Risk,32,44817,0.0007140147711805788
validation,RLOG008,Extreme Risk,Medium Risk,51,44817,0.0011379610415690475
validation,RLOG008,Extreme Risk,High Risk,322,44817,0.007184773635004574
validation,RLOG008,Extreme Risk,Very High Risk,632,44817,0.01410179173081643
validation,RLOG008,Extreme Risk,Extreme Risk,1204,44817,0.026864805765669277
validation,T001,Low Risk,Medium Risk,8963,44817,0.19999107481536024
validation,T001,Medium Risk,Medium Risk,13379,44817,0.2985251132382801
validation,T001,Medium Risk,Very High Risk,5,44817,0.00011156480799696544
validation,T001,High Risk,Medium Risk,9481,44817,0.21154918892384586
validation,T001,High Risk,Very High Risk,4025,44817,0.08980967043755718
validation,T001,Very High Risk,Medium Risk,1102,44817,0.024588883682531183
validation,T001,Very High Risk,Very High Risk,5202,44817,0.11607202624004284
validation,T001,Very High Risk,Extreme Risk,419,44817,0.009349130910145704
validation,T001,Extreme Risk,Medium Risk,8,44817,0.0001785036927951447
validation,T001,Extreme Risk,Very High Risk,641,44817,0.014302608385210969
validation,T001,Extreme Risk,Extreme Risk,1592,44817,0.03552223486623379
validation,T002,Low Risk,Medium Risk,8963,44817,0.19999107481536024
validation,T002,Medium Risk,Medium Risk,12710,44817,0.28359774192828613
validation,T002,Medium Risk,High Risk,674,44817,0.015038936117990941
validation,T002,High Risk,Medium Risk,3366,44817,0.07510542874355713
validation,T002,High Risk,High Risk,7244,44817,0.16163509382600352
validation,T002,High Risk,Very High Risk,2896,44817,0.06461833679184238
validation,T002,Very High Risk,Medium Risk,61,44817,0.0013610906575629784
validation,T002,Very High Risk,High Risk,621,44817,0.013856349153223107
validation,T002,Very High Risk,Very High Risk,5498,44817,0.1226766628734632
validation,T002,Very High Risk,Extreme Risk,543,44817,0.012115938148470446
validation,T002,Extreme Risk,High Risk,2,44817,4.4625923198786177e-05
validation,T002,Extreme Risk,Very High Risk,379,44817,0.00845661244616998
validation,T002,Extreme Risk,Extreme Risk,1860,44817,0.04150210857487114
validation,T003,Low Risk,Low Risk,8197,44817,0.18289934623022513
validation,T003,Low Risk,Medium Risk,766,44817,0.017091728585135104
validation,T003,Medium Risk,Low Risk,4443,44817,0.09913648838610349
validation,T003,Medium Risk,Medium Risk,8167,44817,0.18222995738224335
validation,T003,Medium Risk,High Risk,773,44817,0.017247919316330858
validation,T003,Medium Risk,Very High Risk,1,44817,2.2312961599393088e-05
validation,T003,High Risk,Low Risk,320,44817,0.007140147711805788
validation,T003,High Risk,Medium Risk,2640,44817,0.05890621862239775
validation,T003,High Risk,High Risk,9487,44817,0.21168306669344222
validation,T003,High Risk,Very High Risk,1057,44817,0.023584800410558493
validation,T003,High Risk,Extreme Risk,2,44817,4.4625923198786177e-05
validation,T003,Very High Risk,Medium Risk,1,44817,2.2312961599393088e-05
validation,T003,Very High Risk,High Risk,1858,44817,0.04145748265167236
validation,T003,Very High Risk,Very High Risk,4490,44817,0.10018519758127496
validation,T003,Very High Risk,Extreme Risk,374,44817,0.008345047638173014
validation,T003,Extreme Risk,High Risk,1,44817,2.2312961599393088e-05
validation,T003,Extreme Risk,Very High Risk,375,44817,0.008367360599772408
validation,T003,Extreme Risk,Extreme Risk,1865,44817,0.04161367338286811
validation,T004,Low Risk,Medium Risk,8963,44817,0.19999107481536024
validation,T004,Medium Risk,Medium Risk,12710,44817,0.28359774192828613
validation,T004,Medium Risk,High Risk,674,44817,0.015038936117990941
validation,T004,High Risk,Medium Risk,3366,44817,0.07510542874355713
validation,T004,High Risk,High Risk,7316,44817,0.16324162706115983
validation,T004,High Risk,Very High Risk,2824,44817,0.06301180355668608
validation,T004,Very High Risk,Medium Risk,61,44817,0.0013610906575629784
validation,T004,Very High Risk,High Risk,694,44817,0.015485195349978803
validation,T004,Very High Risk,Very High Risk,5425,44817,0.1210478166767075
validation,T004,Very High Risk,Extreme Risk,543,44817,0.012115938148470446
validation,T004,Extreme Risk,High Risk,2,44817,4.4625923198786177e-05
validation,T004,Extreme Risk,Very High Risk,379,44817,0.00845661244616998
validation,T004,Extreme Risk,Extreme Risk,1860,44817,0.04150210857487114
validation,T005,Low Risk,Low Risk,8197,44817,0.18289934623022513
validation,T005,Low Risk,Medium Risk,766,44817,0.017091728585135104
validation,T005,Medium Risk,Low Risk,4443,44817,0.09913648838610349
validation,T005,Medium Risk,Medium Risk,8167,44817,0.18222995738224335
validation,T005,Medium Risk,High Risk,774,44817,0.017270232277930248
validation,T005,High Risk,Low Risk,320,44817,0.007140147711805788
validation,T005,High Risk,Medium Risk,2640,44817,0.05890621862239775
validation,T005,High Risk,High Risk,9297,44817,0.20744360398955752
validation,T005,High Risk,Very High Risk,1249,44817,0.027868889037641967
validation,T005,Very High Risk,Medium Risk,1,44817,2.2312961599393088e-05
validation,T005,Very High Risk,High Risk,1632,44817,0.03641475333020952
validation,T005,Very High Risk,Very High Risk,4737,44817,0.10569649909632506
validation,T005,Very High Risk,Extreme Risk,353,44817,0.00787647544458576
validation,T005,Extreme Risk,High Risk,1,44817,2.2312961599393088e-05
validation,T005,Extreme Risk,Very High Risk,412,44817,0.009192940178949952
validation,T005,Extreme Risk,Extreme Risk,1828,44817,0.04078809380369056
validation,T006,Low Risk,Medium Risk,8942,44817,0.19952250262177298
validation,T006,Low Risk,High Risk,21,44817,0.00046857219358725484
validation,T006,Medium Risk,Medium Risk,11627,44817,0.2594328045161434
validation,T006,Medium Risk,High Risk,1757,44817,0.03920387353013365
validation,T006,High Risk,Medium Risk,2040,44817,0.0455184416627619
validation,T006,High Risk,High Risk,11082,44817,0.24727224044447418
validation,T006,High Risk,Very High Risk,384,44817,0.008568177254166946
validation,T006,Very High Risk,Medium Risk,45,44817,0.001004083271972689
validation,T006,Very High Risk,High Risk,2793,44817,0.062320101747104895
validation,T006,Very High Risk,Very High Risk,3530,44817,0.0787647544458576
validation,T006,Very High Risk,Extreme Risk,355,44817,0.007921101367784546
validation,T006,Extreme Risk,High Risk,14,44817,0.0003123814623915032
validation,T006,Extreme Risk,Very High Risk,424,44817,0.009460695718142668
validation,T006,Extreme Risk,Extreme Risk,1803,44817,0.04023026976370574
validation,T007,Low Risk,Low Risk,7619,44817,0.17000245442577594
validation,T007,Low Risk,Medium Risk,1323,44817,0.029520048195997056
validation,T007,Low Risk,High Risk,21,44817,0.00046857219358725484
validation,T007,Medium Risk,Low Risk,2790,44817,0.06225316286230671
validation,T007,Medium Risk,Medium Risk,8786,44817,0.19604168061226768
validation,T007,Medium Risk,High Risk,1807,44817,0.04031952161010331
validation,T007,Medium Risk,Very High Risk,1,44817,2.2312961599393088e-05
validation,T007,High Risk,Low Risk,82,44817,0.001829662851150233
validation,T007,High Risk,Medium Risk,1818,44817,0.04056496418769663
validation,T007,High Risk,High Risk,10276,44817,0.22928799339536338
validation,T007,High Risk,Very High Risk,1330,44817,0.029676238927192806
validation,T007,Very High Risk,Medium Risk,5,44817,0.00011156480799696544
validation,T007,Very High Risk,High Risk,1317,44817,0.029386170426400696
validation,T007,Very High Risk,Very High Risk,4980,44817,0.11111854876497758
validation,T007,Very High Risk,Extreme Risk,421,44817,0.00939375683334449
validation,T007,Extreme Risk,High Risk,8,44817,0.0001785036927951447
validation,T007,Extreme Risk,Very High Risk,395,44817,0.00881361983176027
validation,T007,Extreme Risk,Extreme Risk,1838,44817,0.041011223419684495
validation,WASTACK001,Low Risk,Low Risk,7705,44817,0.17192136912332373
validation,WASTACK001,Low Risk,Medium Risk,1258,44817,0.028069705692036505
validation,WASTACK001,Medium Risk,Low Risk,1258,44817,0.028069705692036505
validation,WASTACK001,Medium Risk,Medium Risk,10732,44817,0.2394627038846866
validation,WASTACK001,Medium Risk,High Risk,1394,44817,0.031104268469553963
validation,WASTACK001,High Risk,Medium Risk,1455,44817,0.03246535912711694
validation,WASTACK001,High Risk,High Risk,11098,44817,0.2476292478300645
validation,WASTACK001,High Risk,Very High Risk,953,44817,0.021264252404221612
validation,WASTACK001,Very High Risk,High Risk,952,44817,0.021241939442622218
validation,WASTACK001,Very High Risk,Very High Risk,5546,44817,0.12374768503023406
validation,WASTACK001,Very High Risk,Extreme Risk,225,44817,0.005020416359863444
validation,WASTACK001,Extreme Risk,High Risk,1,44817,2.2312961599393088e-05
validation,WASTACK001,Extreme Risk,Very High Risk,224,44817,0.004998103398264051
validation,WASTACK001,Extreme Risk,Extreme Risk,2016,44817,0.04498293058437646
validation,WASTACK002,Low Risk,Low Risk,7703,44817,0.17187674320012494
validation,WASTACK002,Low Risk,Medium Risk,1260,44817,0.02811433161523529
validation,WASTACK002,Medium Risk,Low Risk,1260,44817,0.02811433161523529
validation,WASTACK002,Medium Risk,Medium Risk,10731,44817,0.23944039092308722
validation,WASTACK002,Medium Risk,High Risk,1393,44817,0.031081955507954572
validation,WASTACK002,High Risk,Medium Risk,1454,44817,0.03244304616551755
validation,WASTACK002,High Risk,High Risk,11096,44817,0.2475846219068657
validation,WASTACK002,High Risk,Very High Risk,956,44817,0.02133119128901979
validation,WASTACK002,Very High Risk,High Risk,955,44817,0.0213088783274204
validation,WASTACK002,Very High Risk,Very High Risk,5543,44817,0.12368074614543588
validation,WASTACK002,Very High Risk,Extreme Risk,225,44817,0.005020416359863444
validation,WASTACK002,Extreme Risk,High Risk,1,44817,2.2312961599393088e-05
validation,WASTACK002,Extreme Risk,Very High Risk,224,44817,0.004998103398264051
validation,WASTACK002,Extreme Risk,Extreme Risk,2016,44817,0.04498293058437646
validation,WASTACK003,Low Risk,Low Risk,7846,44817,0.17506749670883817
validation,WASTACK003,Low Risk,Medium Risk,1117,44817,0.024923578106522078
validation,WASTACK003,Medium Risk,Low Risk,1117,44817,0.024923578106522078
validation,WASTACK003,Medium Risk,Medium Risk,11148,44817,0.24874489591003413
validation,WASTACK003,Medium Risk,High Risk,1119,44817,0.024968204029720865
validation,WASTACK003,High Risk,Medium Risk,1180,44817,0.026329294687283844
validation,WASTACK003,High Risk,High Risk,11520,44817,0.2570453176250084
validation,WASTACK003,High Risk,Very High Risk,806,44817,0.01798424704911083
validation,WASTACK003,Very High Risk,High Risk,806,44817,0.01798424704911083
validation,WASTACK003,Very High Risk,Very High Risk,5701,44817,0.12720619407814
validation,WASTACK003,Very High Risk,Extreme Risk,216,44817,0.004819599705468907
validation,WASTACK003,Extreme Risk,Very High Risk,216,44817,0.004819599705468907
validation,WASTACK003,Extreme Risk,Extreme Risk,2025,44817,0.045183747238771
validation,WASTACK004,Low Risk,Low Risk,8354,44817,0.18640248120132985
validation,WASTACK004,Low Risk,Medium Risk,609,44817,0.01358859361403039
validation,WASTACK004,Medium Risk,Low Risk,609,44817,0.01358859361403039
validation,WASTACK004,Medium Risk,Medium Risk,12301,44817,0.2744717406341344
validation,WASTACK004,Medium Risk,High Risk,474,44817,0.010576343798112323
validation,WASTACK004,High Risk,Medium Risk,535,44817,0.011937434455675302
validation,WASTACK004,High Risk,High Risk,12891,44817,0.2876363879777763
validation,WASTACK004,High Risk,Very High Risk,80,44817,0.001785036927951447
validation,WASTACK004,Very High Risk,High Risk,80,44817,0.001785036927951447
validation,WASTACK004,Very High Risk,Very High Risk,6571,44817,0.14661847066961198
validation,WASTACK004,Very High Risk,Extreme Risk,72,44817,0.0016065332351563022
validation,WASTACK004,Extreme Risk,Very High Risk,72,44817,0.0016065332351563022
validation,WASTACK004,Extreme Risk,Extreme Risk,2169,44817,0.04839681370908361
validation,WGNB001,Low Risk,Low Risk,6413,44817,0.14309302273690788
validation,WGNB001,Low Risk,Medium Risk,2545,44817,0.056786487270455405
validation,WGNB001,Low Risk,High Risk,5,44817,0.00011156480799696544
validation,WGNB001,Medium Risk,Low Risk,2126,44817,0.047437356360309706
validation,WGNB001,Medium Risk,Medium Risk,8603,44817,0.19195840863957872
validation,WGNB001,Medium Risk,High Risk,2648,44817,0.0590847223151929
validation,WGNB001,Medium Risk,Very High Risk,7,44817,0.0001561907311957516
validation,WGNB001,High Risk,Low Risk,311,44817,0.00693933105741125
validation,WGNB001,High Risk,Medium Risk,2298,44817,0.051275185755405316
validation,WGNB001,High Risk,High Risk,9593,44817,0.2140482406229779
validation,WGNB001,High Risk,Very High Risk,1304,44817,0.029096101925608586
validation,WGNB001,Very High Risk,Low Risk,77,44817,0.0017180980431532678
validation,WGNB001,Very High Risk,Medium Risk,26,44817,0.0005801370015842203
validation,WGNB001,Very High Risk,High Risk,1173,44817,0.02617310395608809
validation,WGNB001,Very High Risk,Very High Risk,5080,44817,0.11334984492491688
validation,WGNB001,Very High Risk,Extreme Risk,367,44817,0.008188856906977264
validation,WGNB001,Extreme Risk,Low Risk,1,44817,2.2312961599393088e-05
validation,WGNB001,Extreme Risk,Medium Risk,2,44817,4.4625923198786177e-05
validation,WGNB001,Extreme Risk,High Risk,5,44817,0.00011156480799696544
validation,WGNB001,Extreme Risk,Very High Risk,359,44817,0.008010353214182118
validation,WGNB001,Extreme Risk,Extreme Risk,1874,44817,0.04181449003726265
validation,WGNB002,Low Risk,Low Risk,6413,44817,0.14309302273690788
validation,WGNB002,Low Risk,Medium Risk,2545,44817,0.056786487270455405
validation,WGNB002,Low Risk,High Risk,5,44817,0.00011156480799696544
validation,WGNB002,Medium Risk,Low Risk,2126,44817,0.047437356360309706
validation,WGNB002,Medium Risk,Medium Risk,8603,44817,0.19195840863957872
validation,WGNB002,Medium Risk,High Risk,2648,44817,0.0590847223151929
validation,WGNB002,Medium Risk,Very High Risk,7,44817,0.0001561907311957516
validation,WGNB002,High Risk,Low Risk,311,44817,0.00693933105741125
validation,WGNB002,High Risk,Medium Risk,2298,44817,0.051275185755405316
validation,WGNB002,High Risk,High Risk,9593,44817,0.2140482406229779
validation,WGNB002,High Risk,Very High Risk,1304,44817,0.029096101925608586
validation,WGNB002,Very High Risk,Low Risk,77,44817,0.0017180980431532678
validation,WGNB002,Very High Risk,Medium Risk,26,44817,0.0005801370015842203
validation,WGNB002,Very High Risk,High Risk,1173,44817,0.02617310395608809
validation,WGNB002,Very High Risk,Very High Risk,5080,44817,0.11334984492491688
validation,WGNB002,Very High Risk,Extreme Risk,367,44817,0.008188856906977264
validation,WGNB002,Extreme Risk,Low Risk,1,44817,2.2312961599393088e-05
validation,WGNB002,Extreme Risk,Medium Risk,2,44817,4.4625923198786177e-05
validation,WGNB002,Extreme Risk,High Risk,5,44817,0.00011156480799696544
validation,WGNB002,Extreme Risk,Very High Risk,359,44817,0.008010353214182118
validation,WGNB002,Extreme Risk,Extreme Risk,1874,44817,0.04181449003726265
validation,WGNB003,Low Risk,Low Risk,6413,44817,0.14309302273690788
validation,WGNB003,Low Risk,Medium Risk,2545,44817,0.056786487270455405
validation,WGNB003,Low Risk,High Risk,5,44817,0.00011156480799696544
validation,WGNB003,Medium Risk,Low Risk,2126,44817,0.047437356360309706
validation,WGNB003,Medium Risk,Medium Risk,8603,44817,0.19195840863957872
validation,WGNB003,Medium Risk,High Risk,2648,44817,0.0590847223151929
validation,WGNB003,Medium Risk,Very High Risk,7,44817,0.0001561907311957516
validation,WGNB003,High Risk,Low Risk,311,44817,0.00693933105741125
validation,WGNB003,High Risk,Medium Risk,2298,44817,0.051275185755405316
validation,WGNB003,High Risk,High Risk,9593,44817,0.2140482406229779
validation,WGNB003,High Risk,Very High Risk,1304,44817,0.029096101925608586
validation,WGNB003,Very High Risk,Low Risk,77,44817,0.0017180980431532678
validation,WGNB003,Very High Risk,Medium Risk,26,44817,0.0005801370015842203
validation,WGNB003,Very High Risk,High Risk,1173,44817,0.02617310395608809
validation,WGNB003,Very High Risk,Very High Risk,5080,44817,0.11334984492491688
validation,WGNB003,Very High Risk,Extreme Risk,367,44817,0.008188856906977264
validation,WGNB003,Extreme Risk,Low Risk,1,44817,2.2312961599393088e-05
validation,WGNB003,Extreme Risk,Medium Risk,2,44817,4.4625923198786177e-05
validation,WGNB003,Extreme Risk,High Risk,5,44817,0.00011156480799696544
validation,WGNB003,Extreme Risk,Very High Risk,359,44817,0.008010353214182118
validation,WGNB003,Extreme Risk,Extreme Risk,1874,44817,0.04181449003726265
validation,WGNB004,Low Risk,Low Risk,6413,44817,0.14309302273690788
validation,WGNB004,Low Risk,Medium Risk,2545,44817,0.056786487270455405
validation,WGNB004,Low Risk,High Risk,5,44817,0.00011156480799696544
validation,WGNB004,Medium Risk,Low Risk,2126,44817,0.047437356360309706
validation,WGNB004,Medium Risk,Medium Risk,8603,44817,0.19195840863957872
validation,WGNB004,Medium Risk,High Risk,2648,44817,0.0590847223151929
validation,WGNB004,Medium Risk,Very High Risk,7,44817,0.0001561907311957516
validation,WGNB004,High Risk,Low Risk,311,44817,0.00693933105741125
validation,WGNB004,High Risk,Medium Risk,2298,44817,0.051275185755405316
validation,WGNB004,High Risk,High Risk,9593,44817,0.2140482406229779
validation,WGNB004,High Risk,Very High Risk,1304,44817,0.029096101925608586
validation,WGNB004,Very High Risk,Low Risk,77,44817,0.0017180980431532678
validation,WGNB004,Very High Risk,Medium Risk,26,44817,0.0005801370015842203
validation,WGNB004,Very High Risk,High Risk,1173,44817,0.02617310395608809
validation,WGNB004,Very High Risk,Very High Risk,5080,44817,0.11334984492491688
validation,WGNB004,Very High Risk,Extreme Risk,367,44817,0.008188856906977264
validation,WGNB004,Extreme Risk,Low Risk,1,44817,2.2312961599393088e-05
validation,WGNB004,Extreme Risk,Medium Risk,2,44817,4.4625923198786177e-05
validation,WGNB004,Extreme Risk,High Risk,5,44817,0.00011156480799696544
validation,WGNB004,Extreme Risk,Very High Risk,359,44817,0.008010353214182118
validation,WGNB004,Extreme Risk,Extreme Risk,1874,44817,0.04181449003726265
validation,WGNB005,Low Risk,Low Risk,6413,44817,0.14309302273690788
validation,WGNB005,Low Risk,Medium Risk,2545,44817,0.056786487270455405
validation,WGNB005,Low Risk,High Risk,5,44817,0.00011156480799696544
validation,WGNB005,Medium Risk,Low Risk,2126,44817,0.047437356360309706
validation,WGNB005,Medium Risk,Medium Risk,8603,44817,0.19195840863957872
validation,WGNB005,Medium Risk,High Risk,2648,44817,0.0590847223151929
validation,WGNB005,Medium Risk,Very High Risk,7,44817,0.0001561907311957516
validation,WGNB005,High Risk,Low Risk,311,44817,0.00693933105741125
validation,WGNB005,High Risk,Medium Risk,2298,44817,0.051275185755405316
validation,WGNB005,High Risk,High Risk,9593,44817,0.2140482406229779
validation,WGNB005,High Risk,Very High Risk,1304,44817,0.029096101925608586
validation,WGNB005,Very High Risk,Low Risk,77,44817,0.0017180980431532678
validation,WGNB005,Very High Risk,Medium Risk,26,44817,0.0005801370015842203
validation,WGNB005,Very High Risk,High Risk,1173,44817,0.02617310395608809
validation,WGNB005,Very High Risk,Very High Risk,5080,44817,0.11334984492491688
validation,WGNB005,Very High Risk,Extreme Risk,367,44817,0.008188856906977264
validation,WGNB005,Extreme Risk,Low Risk,1,44817,2.2312961599393088e-05
validation,WGNB005,Extreme Risk,Medium Risk,2,44817,4.4625923198786177e-05
validation,WGNB005,Extreme Risk,High Risk,5,44817,0.00011156480799696544
validation,WGNB005,Extreme Risk,Very High Risk,359,44817,0.008010353214182118
validation,WGNB005,Extreme Risk,Extreme Risk,1874,44817,0.04181449003726265
validation,WGNB006,Low Risk,Low Risk,6413,44817,0.14309302273690788
validation,WGNB006,Low Risk,Medium Risk,2545,44817,0.056786487270455405
validation,WGNB006,Low Risk,High Risk,5,44817,0.00011156480799696544
validation,WGNB006,Medium Risk,Low Risk,2126,44817,0.047437356360309706
validation,WGNB006,Medium Risk,Medium Risk,8603,44817,0.19195840863957872
validation,WGNB006,Medium Risk,High Risk,2648,44817,0.0590847223151929
validation,WGNB006,Medium Risk,Very High Risk,7,44817,0.0001561907311957516
validation,WGNB006,High Risk,Low Risk,311,44817,0.00693933105741125
validation,WGNB006,High Risk,Medium Risk,2298,44817,0.051275185755405316
validation,WGNB006,High Risk,High Risk,9593,44817,0.2140482406229779
validation,WGNB006,High Risk,Very High Risk,1304,44817,0.029096101925608586
validation,WGNB006,Very High Risk,Low Risk,77,44817,0.0017180980431532678
validation,WGNB006,Very High Risk,Medium Risk,26,44817,0.0005801370015842203
validation,WGNB006,Very High Risk,High Risk,1173,44817,0.02617310395608809
validation,WGNB006,Very High Risk,Very High Risk,5080,44817,0.11334984492491688
validation,WGNB006,Very High Risk,Extreme Risk,367,44817,0.008188856906977264
validation,WGNB006,Extreme Risk,Low Risk,1,44817,2.2312961599393088e-05
validation,WGNB006,Extreme Risk,Medium Risk,2,44817,4.4625923198786177e-05
validation,WGNB006,Extreme Risk,High Risk,5,44817,0.00011156480799696544
validation,WGNB006,Extreme Risk,Very High Risk,359,44817,0.008010353214182118
validation,WGNB006,Extreme Risk,Extreme Risk,1874,44817,0.04181449003726265
validation,WGNB007,Low Risk,Low Risk,6413,44817,0.14309302273690788
validation,WGNB007,Low Risk,Medium Risk,2545,44817,0.056786487270455405
validation,WGNB007,Low Risk,High Risk,5,44817,0.00011156480799696544
validation,WGNB007,Medium Risk,Low Risk,2126,44817,0.047437356360309706
validation,WGNB007,Medium Risk,Medium Risk,8603,44817,0.19195840863957872
validation,WGNB007,Medium Risk,High Risk,2648,44817,0.0590847223151929
validation,WGNB007,Medium Risk,Very High Risk,7,44817,0.0001561907311957516
validation,WGNB007,High Risk,Low Risk,311,44817,0.00693933105741125
validation,WGNB007,High Risk,Medium Risk,2298,44817,0.051275185755405316
validation,WGNB007,High Risk,High Risk,9593,44817,0.2140482406229779
validation,WGNB007,High Risk,Very High Risk,1304,44817,0.029096101925608586
validation,WGNB007,Very High Risk,Low Risk,77,44817,0.0017180980431532678
validation,WGNB007,Very High Risk,Medium Risk,26,44817,0.0005801370015842203
validation,WGNB007,Very High Risk,High Risk,1173,44817,0.02617310395608809
validation,WGNB007,Very High Risk,Very High Risk,5080,44817,0.11334984492491688
validation,WGNB007,Very High Risk,Extreme Risk,367,44817,0.008188856906977264
validation,WGNB007,Extreme Risk,Low Risk,1,44817,2.2312961599393088e-05
validation,WGNB007,Extreme Risk,Medium Risk,2,44817,4.4625923198786177e-05
validation,WGNB007,Extreme Risk,High Risk,5,44817,0.00011156480799696544
validation,WGNB007,Extreme Risk,Very High Risk,359,44817,0.008010353214182118
validation,WGNB007,Extreme Risk,Extreme Risk,1874,44817,0.04181449003726265
validation,WGNB008,Low Risk,Low Risk,6413,44817,0.14309302273690788
validation,WGNB008,Low Risk,Medium Risk,2545,44817,0.056786487270455405
validation,WGNB008,Low Risk,High Risk,5,44817,0.00011156480799696544
validation,WGNB008,Medium Risk,Low Risk,2126,44817,0.047437356360309706
validation,WGNB008,Medium Risk,Medium Risk,8603,44817,0.19195840863957872
validation,WGNB008,Medium Risk,High Risk,2648,44817,0.0590847223151929
validation,WGNB008,Medium Risk,Very High Risk,7,44817,0.0001561907311957516
validation,WGNB008,High Risk,Low Risk,311,44817,0.00693933105741125
validation,WGNB008,High Risk,Medium Risk,2298,44817,0.051275185755405316
validation,WGNB008,High Risk,High Risk,9593,44817,0.2140482406229779
validation,WGNB008,High Risk,Very High Risk,1304,44817,0.029096101925608586
validation,WGNB008,Very High Risk,Low Risk,76,44817,0.0016957850815538745
validation,WGNB008,Very High Risk,Medium Risk,27,44817,0.0006024499631836134
validation,WGNB008,Very High Risk,High Risk,1173,44817,0.02617310395608809
validation,WGNB008,Very High Risk,Very High Risk,5080,44817,0.11334984492491688
validation,WGNB008,Very High Risk,Extreme Risk,367,44817,0.008188856906977264
validation,WGNB008,Extreme Risk,Low Risk,1,44817,2.2312961599393088e-05
validation,WGNB008,Extreme Risk,Medium Risk,2,44817,4.4625923198786177e-05
validation,WGNB008,Extreme Risk,High Risk,5,44817,0.00011156480799696544
validation,WGNB008,Extreme Risk,Very High Risk,359,44817,0.008010353214182118
validation,WGNB008,Extreme Risk,Extreme Risk,1874,44817,0.04181449003726265
validation,WGNB009,Low Risk,Low Risk,6413,44817,0.14309302273690788
validation,WGNB009,Low Risk,Medium Risk,2545,44817,0.056786487270455405
validation,WGNB009,Low Risk,High Risk,5,44817,0.00011156480799696544
validation,WGNB009,Medium Risk,Low Risk,2126,44817,0.047437356360309706
validation,WGNB009,Medium Risk,Medium Risk,8616,44817,0.19224847714037085
validation,WGNB009,Medium Risk,High Risk,2635,44817,0.058794653814400785
validation,WGNB009,Medium Risk,Very High Risk,7,44817,0.0001561907311957516
validation,WGNB009,High Risk,Low Risk,311,44817,0.00693933105741125
validation,WGNB009,High Risk,Medium Risk,2298,44817,0.051275185755405316
validation,WGNB009,High Risk,High Risk,9594,44817,0.21407055358457727
validation,WGNB009,High Risk,Very High Risk,1303,44817,0.02907378896400919
validation,WGNB009,Very High Risk,Low Risk,76,44817,0.0016957850815538745
validation,WGNB009,Very High Risk,Medium Risk,26,44817,0.0005801370015842203
validation,WGNB009,Very High Risk,High Risk,1173,44817,0.02617310395608809
validation,WGNB009,Very High Risk,Very High Risk,5081,44817,0.11337215788651628
validation,WGNB009,Very High Risk,Extreme Risk,367,44817,0.008188856906977264
validation,WGNB009,Extreme Risk,Low Risk,1,44817,2.2312961599393088e-05
validation,WGNB009,Extreme Risk,Medium Risk,2,44817,4.4625923198786177e-05
validation,WGNB009,Extreme Risk,High Risk,3,44817,6.693888479817926e-05
validation,WGNB009,Extreme Risk,Very High Risk,361,44817,0.008054979137380904
validation,WGNB009,Extreme Risk,Extreme Risk,1874,44817,0.04181449003726265
validation,WGNB010,Low Risk,Low Risk,6568,44817,0.1465515317848138
validation,WGNB010,Low Risk,Medium Risk,2390,44817,0.05332797822254948
validation,WGNB010,Low Risk,High Risk,5,44817,0.00011156480799696544
validation,WGNB010,Medium Risk,Low Risk,2050,44817,0.04574157127875583
validation,WGNB010,Medium Risk,Medium Risk,8692,44817,0.1939442622219247
validation,WGNB010,Medium Risk,High Risk,2635,44817,0.058794653814400785
validation,WGNB010,Medium Risk,Very High Risk,7,44817,0.0001561907311957516
validation,WGNB010,High Risk,Low Risk,282,44817,0.006292255171028851
validation,WGNB010,High Risk,Medium Risk,2323,44817,0.05183300979539014
validation,WGNB010,High Risk,High Risk,9597,44817,0.21413749246937547
validation,WGNB010,High Risk,Very High Risk,1304,44817,0.029096101925608586
validation,WGNB010,Very High Risk,Low Risk,76,44817,0.0016957850815538745
validation,WGNB010,Very High Risk,Medium Risk,24,44817,0.0005355110783854341
validation,WGNB010,Very High Risk,High Risk,1172,44817,0.0261507909944887
validation,WGNB010,Very High Risk,Very High Risk,5084,44817,0.11343909677131446
validation,WGNB010,Very High Risk,Extreme Risk,367,44817,0.008188856906977264
validation,WGNB010,Extreme Risk,Medium Risk,2,44817,4.4625923198786177e-05
validation,WGNB010,Extreme Risk,High Risk,3,44817,6.693888479817926e-05
validation,WGNB010,Extreme Risk,Very High Risk,362,44817,0.008077292098980298
validation,WGNB010,Extreme Risk,Extreme Risk,1874,44817,0.04181449003726265
validation,WGNB011,Low Risk,Low Risk,5733,44817,0.12792020884932057
validation,WGNB011,Low Risk,Medium Risk,3003,44817,0.06700582368297744
validation,WGNB011,Low Risk,High Risk,227,44817,0.005065042283062231
validation,WGNB011,Medium Risk,Low Risk,4192,44817,0.09353593502465582
validation,WGNB011,Medium Risk,Medium Risk,5708,44817,0.12736238480933573
validation,WGNB011,Medium Risk,High Risk,3483,44817,0.07771604525068612
validation,WGNB011,Medium Risk,Very High Risk,1,44817,2.2312961599393088e-05
validation,WGNB011,High Risk,Low Risk,431,44817,0.00961688644933842
validation,WGNB011,High Risk,Medium Risk,913,44817,0.020371733940245888
validation,WGNB011,High Risk,High Risk,10882,44817,0.24280964812459557
validation,WGNB011,High Risk,Very High Risk,1278,44817,0.028515964924024365
validation,WGNB011,High Risk,Extreme Risk,2,44817,4.4625923198786177e-05
validation,WGNB011,Very High Risk,Low Risk,61,44817,0.0013610906575629784
validation,WGNB011,Very High Risk,Medium Risk,96,44817,0.0021420443135417365
validation,WGNB011,Very High Risk,High Risk,2659,44817,0.05933016489278622
validation,WGNB011,Very High Risk,Very High Risk,3314,44817,0.0739451547403887
validation,WGNB011,Very High Risk,Extreme Risk,593,44817,0.0132315862284401
validation,WGNB011,Extreme Risk,Medium Risk,1,44817,2.2312961599393088e-05
validation,WGNB011,Extreme Risk,High Risk,56,44817,0.0012495258495660128
validation,WGNB011,Extreme Risk,Very High Risk,514,44817,0.011468862262088047
validation,WGNB011,Extreme Risk,Extreme Risk,1670,44817,0.037262645870986454
validation,WGNB012,Low Risk,Low Risk,6615,44817,0.14760024097998528
validation,WGNB012,Low Risk,Medium Risk,2317,44817,0.051699132025793786
validation,WGNB012,Low Risk,High Risk,31,44817,0.0006917018095811857
validation,WGNB012,Medium Risk,Low Risk,2032,44817,0.045339937969966757
validation,WGNB012,Medium Risk,Medium Risk,9135,44817,0.20382890421045585
validation,WGNB012,Medium Risk,High Risk,2217,44817,0.04946783586585447
validation,WGNB012,High Risk,Low Risk,207,44817,0.004618783051074369
validation,WGNB012,High Risk,Medium Risk,2420,44817,0.05399736707053127
validation,WGNB012,High Risk,High Risk,9535,44817,0.2127540888502131
validation,WGNB012,High Risk,Very High Risk,1344,44817,0.02998862038958431
validation,WGNB012,Very High Risk,Low Risk,1,44817,2.2312961599393088e-05
validation,WGNB012,Very High Risk,Medium Risk,52,44817,0.0011602740031684405
validation,WGNB012,Very High Risk,High Risk,1311,44817,0.02925229265680434
validation,WGNB012,Very High Risk,Very High Risk,4992,44817,0.11138630430417029
validation,WGNB012,Very High Risk,Extreme Risk,367,44817,0.008188856906977264
validation,WGNB012,Extreme Risk,High Risk,2,44817,4.4625923198786177e-05
validation,WGNB012,Extreme Risk,Very High Risk,364,44817,0.008121918022179084
validation,WGNB012,Extreme Risk,Extreme Risk,1875,44817,0.04183680299886204
validation,WGNB013,Low Risk,Low Risk,6745,44817,0.15050092598790638
validation,WGNB013,Low Risk,Medium Risk,2183,44817,0.04870919517147511
validation,WGNB013,Low Risk,High Risk,35,44817,0.0007809536559787581
validation,WGNB013,Medium Risk,Low Risk,1850,44817,0.041278978958877215
validation,WGNB013,Medium Risk,Medium Risk,9395,44817,0.20963027422629807
validation,WGNB013,Medium Risk,High Risk,2137,44817,0.047682798937903025
validation,WGNB013,Medium Risk,Very High Risk,2,44817,4.4625923198786177e-05
validation,WGNB013,High Risk,Low Risk,298,44817,0.00664926255661914
validation,WGNB013,High Risk,Medium Risk,1901,44817,0.04241694000044626
validation,WGNB013,High Risk,High Risk,10067,44817,0.2246245844210902
validation,WGNB013,High Risk,Very High Risk,1240,44817,0.02766807238324743
validation,WGNB013,Very High Risk,Low Risk,75,44817,0.0016734721199544815
validation,WGNB013,Very High Risk,Medium Risk,10,44817,0.00022312961599393088
validation,WGNB013,Very High Risk,High Risk,1224,44817,0.02731106499765714
validation,WGNB013,Very High Risk,Very High Risk,5054,44817,0.11276970792333266
validation,WGNB013,Very High Risk,Extreme Risk,360,44817,0.008032666175781512
validation,WGNB013,Extreme Risk,Medium Risk,1,44817,2.2312961599393088e-05
validation,WGNB013,Extreme Risk,High Risk,3,44817,6.693888479817926e-05
validation,WGNB013,Extreme Risk,Very High Risk,356,44817,0.00794341432938394
validation,WGNB013,Extreme Risk,Extreme Risk,1881,44817,0.0419706807684584
validation,WGNB014,Low Risk,Low Risk,6804,44817,0.15181739072227057
validation,WGNB014,Low Risk,Medium Risk,2144,44817,0.04783898966909878
validation,WGNB014,Low Risk,High Risk,15,44817,0.00033469442399089634
validation,WGNB014,Medium Risk,Low Risk,1800,44817,0.040163330878907555
validation,WGNB014,Medium Risk,Medium Risk,9248,44817,0.20635026887118726
validation,WGNB014,Medium Risk,High Risk,2329,44817,0.0519668875649865
validation,WGNB014,Medium Risk,Very High Risk,7,44817,0.0001561907311957516
validation,WGNB014,High Risk,Low Risk,283,44817,0.006314568132628244
validation,WGNB014,High Risk,Medium Risk,2041,44817,0.045540754624361295
validation,WGNB014,High Risk,High Risk,9860,44817,0.22000580137001585
validation,WGNB014,High Risk,Very High Risk,1322,44817,0.02949773523439766
validation,WGNB014,Very High Risk,Low Risk,75,44817,0.0016734721199544815
validation,WGNB014,Very High Risk,Medium Risk,13,44817,0.00029006850079211013
validation,WGNB014,Very High Risk,High Risk,1289,44817,0.02876140750161769
validation,WGNB014,Very High Risk,Very High Risk,4984,44817,0.11120780061137515
validation,WGNB014,Very High Risk,Extreme Risk,362,44817,0.008077292098980298
validation,WGNB014,Extreme Risk,Medium Risk,1,44817,2.2312961599393088e-05
validation,WGNB014,Extreme Risk,High Risk,4,44817,8.925184639757235e-05
validation,WGNB014,Extreme Risk,Very High Risk,357,44817,0.007965727290983332
validation,WGNB014,Extreme Risk,Extreme Risk,1879,44817,0.04192605484525961
validation,WLOG001,Low Risk,Low Risk,5733,44817,0.12792020884932057
validation,WLOG001,Low Risk,Medium Risk,3003,44817,0.06700582368297744
validation,WLOG001,Low Risk,High Risk,227,44817,0.005065042283062231
validation,WLOG001,Medium Risk,Low Risk,4211,44817,0.09395988129504429
validation,WLOG001,Medium Risk,Medium Risk,5717,44817,0.1275632014637303
validation,WLOG001,Medium Risk,High Risk,3455,44817,0.07709128232590312
validation,WLOG001,Medium Risk,Extreme Risk,1,44817,2.2312961599393088e-05
validation,WLOG001,High Risk,Low Risk,1076,44817,0.024008746680946963
validation,WLOG001,High Risk,Medium Risk,1702,44817,0.03797666064216704
validation,WLOG001,High Risk,High Risk,8155,44817,0.18196220184305062
validation,WLOG001,High Risk,Very High Risk,2478,44817,0.05529151884329607
validation,WLOG001,High Risk,Extreme Risk,95,44817,0.0021197313519423435
validation,WLOG001,Very High Risk,Low Risk,244,44817,0.0054443626302519135
validation,WLOG001,Very High Risk,Medium Risk,423,44817,0.009438382756543276
validation,WLOG001,Very High Risk,High Risk,2185,44817,0.048753821094673896
validation,WLOG001,Very High Risk,Very High Risk,3450,44817,0.07697971751790615
validation,WLOG001,Very High Risk,Extreme Risk,421,44817,0.00939375683334449
validation,WLOG001,Extreme Risk,Low Risk,26,44817,0.0005801370015842203
validation,WLOG001,Extreme Risk,Medium Risk,69,44817,0.001539594350358123
validation,WLOG001,Extreme Risk,High Risk,363,44817,0.008099605060579692
validation,WLOG001,Extreme Risk,Very High Risk,1300,44817,0.029006850079211013
validation,WLOG001,Extreme Risk,Extreme Risk,483,44817,0.010777160452506861
validation,WLOG002,Low Risk,Low Risk,5733,44817,0.12792020884932057
validation,WLOG002,Low Risk,Medium Risk,3003,44817,0.06700582368297744
validation,WLOG002,Low Risk,High Risk,227,44817,0.005065042283062231
validation,WLOG002,Medium Risk,Low Risk,4211,44817,0.09395988129504429
validation,WLOG002,Medium Risk,Medium Risk,5717,44817,0.1275632014637303
validation,WLOG002,Medium Risk,High Risk,3455,44817,0.07709128232590312
validation,WLOG002,Medium Risk,Very High Risk,1,44817,2.2312961599393088e-05
validation,WLOG002,High Risk,Low Risk,1055,44817,0.02354017448735971
validation,WLOG002,High Risk,Medium Risk,1680,44817,0.037485775486980386
validation,WLOG002,High Risk,High Risk,8180,44817,0.18252002588303545
validation,WLOG002,High Risk,Very High Risk,2591,44817,0.05781288350402749
validation,WLOG002,Very High Risk,Low Risk,168,44817,0.0037485775486980387
validation,WLOG002,Very High Risk,Medium Risk,289,44817,0.006448445902224602
validation,WLOG002,Very High Risk,High Risk,2052,44817,0.04578619720195461
validation,WLOG002,Very High Risk,Very High Risk,3822,44817,0.08528013923288039
validation,WLOG002,Very High Risk,Extreme Risk,392,44817,0.00874668094696209
validation,WLOG002,Extreme Risk,Low Risk,2,44817,4.4625923198786177e-05
validation,WLOG002,Extreme Risk,Medium Risk,3,44817,6.693888479817926e-05
validation,WLOG002,Extreme Risk,High Risk,104,44817,0.002320548006336881
validation,WLOG002,Extreme Risk,Very High Risk,603,44817,0.013454715844434032
validation,WLOG002,Extreme Risk,Extreme Risk,1529,44817,0.03411651828547203
validation,WLOG003,Low Risk,Low Risk,5733,44817,0.12792020884932057
validation,WLOG003,Low Risk,Medium Risk,3003,44817,0.06700582368297744
validation,WLOG003,Low Risk,High Risk,227,44817,0.005065042283062231
validation,WLOG003,Medium Risk,Low Risk,4192,44817,0.09353593502465582
validation,WLOG003,Medium Risk,Medium Risk,5708,44817,0.12736238480933573
validation,WLOG003,Medium Risk,High Risk,3483,44817,0.07771604525068612
validation,WLOG003,Medium Risk,Very High Risk,1,44817,2.2312961599393088e-05
validation,WLOG003,High Risk,Low Risk,431,44817,0.00961688644933842
validation,WLOG003,High Risk,Medium Risk,913,44817,0.020371733940245888
validation,WLOG003,High Risk,High Risk,9468,44817,0.21125912042305375
validation,WLOG003,High Risk,Very High Risk,2692,44817,0.06006649262556619
validation,WLOG003,High Risk,Extreme Risk,2,44817,4.4625923198786177e-05
validation,WLOG003,Very High Risk,Low Risk,61,44817,0.0013610906575629784
validation,WLOG003,Very High Risk,Medium Risk,96,44817,0.0021420443135417365
validation,WLOG003,Very High Risk,High Risk,1328,44817,0.02963161300399402
validation,WLOG003,Very High Risk,Very High Risk,4660,44817,0.10397840105317178
validation,WLOG003,Very High Risk,Extreme Risk,578,44817,0.012896891804449204
validation,WLOG003,Extreme Risk,Medium Risk,1,44817,2.2312961599393088e-05
validation,WLOG003,Extreme Risk,High Risk,24,44817,0.0005355110783854341
validation,WLOG003,Extreme Risk,Very High Risk,404,44817,0.009014436486154808
validation,WLOG003,Extreme Risk,Extreme Risk,1812,44817,0.040431086418100275
validation,WLOG004,Low Risk,Low Risk,5733,44817,0.12792020884932057
validation,WLOG004,Low Risk,Medium Risk,3230,44817,0.07207086596603968
validation,WLOG004,Medium Risk,Low Risk,4192,44817,0.09353593502465582
validation,WLOG004,Medium Risk,Medium Risk,8326,44817,0.18577771827654685
validation,WLOG004,Medium Risk,High Risk,865,44817,0.01930071178347502
validation,WLOG004,Medium Risk,Very High Risk,1,44817,2.2312961599393088e-05
validation,WLOG004,High Risk,Low Risk,379,44817,0.00845661244616998
validation,WLOG004,High Risk,Medium Risk,2629,44817,0.05866077604480443
validation,WLOG004,High Risk,High Risk,7815,44817,0.17437579489925698
validation,WLOG004,High Risk,Very High Risk,2683,44817,0.05986567597117165
validation,WLOG004,Very High Risk,Low Risk,14,44817,0.0003123814623915032
validation,WLOG004,Very High Risk,Medium Risk,43,44817,0.0009594573487739028
validation,WLOG004,Very High Risk,High Risk,1201,44817,0.0267978668808711
validation,WLOG004,Very High Risk,Very High Risk,5135,44817,0.1145770578128835
validation,WLOG004,Very High Risk,Extreme Risk,330,44817,0.0073632773277997185
validation,WLOG004,Extreme Risk,High Risk,7,44817,0.0001561907311957516
validation,WLOG004,Extreme Risk,Very High Risk,297,44817,0.006626949595019747
validation,WLOG004,Extreme Risk,Extreme Risk,1937,44817,0.043220206618024413
validation,WLOG005,Low Risk,Low Risk,6211,44817,0.13858580449383046
validation,WLOG005,Low Risk,Medium Risk,2752,44817,0.06140527032152978
validation,WLOG005,Medium Risk,Low Risk,2213,44817,0.049378584019456905
validation,WLOG005,Medium Risk,Medium Risk,9104,44817,0.20313720240087466
validation,WLOG005,Medium Risk,High Risk,2066,44817,0.04609857866434612
validation,WLOG005,Medium Risk,Very High Risk,1,44817,2.2312961599393088e-05
validation,WLOG005,High Risk,Low Risk,126,44817,0.002811433161523529
validation,WLOG005,High Risk,Medium Risk,1959,44817,0.04371109177321106
validation,WLOG005,High Risk,High Risk,10115,44817,0.22569560657786109
validation,WLOG005,High Risk,Very High Risk,1306,44817,0.029140727848807373
validation,WLOG005,Very High Risk,Low Risk,1,44817,2.2312961599393088e-05
validation,WLOG005,Very High Risk,Medium Risk,49,44817,0.0010933351183702613
validation,WLOG005,Very High Risk,High Risk,1323,44817,0.029520048195997056
validation,WLOG005,Very High Risk,Very High Risk,5065,44817,0.11301515050092599
validation,WLOG005,Very High Risk,Extreme Risk,285,44817,0.00635919405582703
validation,WLOG005,Extreme Risk,High Risk,4,44817,8.925184639757235e-05
validation,WLOG005,Extreme Risk,Very High Risk,328,44817,0.007318651404600932
validation,WLOG005,Extreme Risk,Extreme Risk,1909,44817,0.042595443693241405
validation,XGB001,Low Risk,Low Risk,7973,44817,0.1779012428319611
validation,XGB001,Low Risk,Medium Risk,990,44817,0.022089831983399158
validation,XGB001,Medium Risk,Low Risk,990,44817,0.022089831983399158
validation,XGB001,Medium Risk,Medium Risk,11644,44817,0.2598121248633331
validation,XGB001,Medium Risk,High Risk,750,44817,0.016734721199544816
validation,XGB001,High Risk,Medium Risk,811,44817,0.018095811857107794
validation,XGB001,High Risk,High Risk,12212,44817,0.2724858870517884
validation,XGB001,High Risk,Very High Risk,483,44817,0.010777160452506861
validation,XGB001,Very High Risk,High Risk,483,44817,0.010777160452506861
validation,XGB001,Very High Risk,Very High Risk,6086,44817,0.13579668429390632
validation,XGB001,Very High Risk,Extreme Risk,154,44817,0.0034361960863065356
validation,XGB001,Extreme Risk,Very High Risk,154,44817,0.0034361960863065356
validation,XGB001,Extreme Risk,Extreme Risk,2087,44817,0.04656715085793337
validation,XGB002,Low Risk,Low Risk,8027,44817,0.1791061427583283
validation,XGB002,Low Risk,Medium Risk,936,44817,0.02088493205703193
validation,XGB002,Medium Risk,Low Risk,936,44817,0.02088493205703193
validation,XGB002,Medium Risk,Medium Risk,11686,44817,0.2607492692505076
validation,XGB002,Medium Risk,High Risk,762,44817,0.017002476738737532
validation,XGB002,High Risk,Medium Risk,824,44817,0.018385880357899904
validation,XGB002,High Risk,High Risk,12232,44817,0.27293214628377627
validation,XGB002,High Risk,Very High Risk,450,44817,0.010040832719726889
validation,XGB002,Very High Risk,High Risk,450,44817,0.010040832719726889
validation,XGB002,Very High Risk,Very High Risk,6116,44817,0.13646607314188813
validation,XGB002,Very High Risk,Extreme Risk,157,44817,0.0035031349711047146
validation,XGB002,Extreme Risk,Very High Risk,157,44817,0.0035031349711047146
validation,XGB002,Extreme Risk,Extreme Risk,2084,44817,0.0465002119731352
validation,XGB003,Low Risk,Low Risk,7937,44817,0.17709797621438295
validation,XGB003,Low Risk,Medium Risk,1026,44817,0.022893098600977307
validation,XGB003,Medium Risk,Low Risk,1026,44817,0.022893098600977307
validation,XGB003,Medium Risk,Medium Risk,11559,44817,0.2579155231273847
validation,XGB003,Medium Risk,High Risk,799,44817,0.017828056317915078
validation,XGB003,High Risk,Medium Risk,860,44817,0.019189146975478057
validation,XGB003,High Risk,High Risk,12078,44817,0.2694959501974697
validation,XGB003,High Risk,Very High Risk,568,44817,0.012673762188455274
validation,XGB003,Very High Risk,High Risk,567,44817,0.01265144922685588
validation,XGB003,Very High Risk,Very High Risk,5962,44817,0.13302987705558159
validation,XGB003,Very High Risk,Extreme Risk,194,44817,0.004328714550282259
validation,XGB003,Extreme Risk,High Risk,1,44817,2.2312961599393088e-05
validation,XGB003,Extreme Risk,Very High Risk,193,44817,0.004306401588682866
validation,XGB003,Extreme Risk,Extreme Risk,2047,44817,0.04567463239395765
validation,XGB004,Low Risk,Low Risk,7939,44817,0.17714260213758173
validation,XGB004,Low Risk,Medium Risk,1024,44817,0.022848472677778522
validation,XGB004,Medium Risk,Low Risk,1023,44817,0.02282615971617913
validation,XGB004,Medium Risk,Medium Risk,11567,44817,0.25809402682017984
validation,XGB004,Medium Risk,High Risk,794,44817,0.017716491509918112
validation,XGB004,High Risk,Low Risk,1,44817,2.2312961599393088e-05
validation,XGB004,High Risk,Medium Risk,854,44817,0.019055269205881697
validation,XGB004,High Risk,High Risk,12054,44817,0.2689604391190843
validation,XGB004,High Risk,Very High Risk,597,44817,0.013320838074837674
validation,XGB004,Very High Risk,High Risk,595,44817,0.013276212151638886
validation,XGB004,Very High Risk,Very High Risk,5921,44817,0.13211504563000648
validation,XGB004,Very High Risk,Extreme Risk,207,44817,0.004618783051074369
validation,XGB004,Extreme Risk,High Risk,2,44817,4.4625923198786177e-05
validation,XGB004,Extreme Risk,Very High Risk,205,44817,0.004574157127875583
validation,XGB004,Extreme Risk,Extreme Risk,2034,44817,0.04538456389316554
validation,XGBSTACK001,Low Risk,Low Risk,8963,44817,0.19999107481536024
validation,XGBSTACK001,Medium Risk,Medium Risk,13384,44817,0.2986366780462771
validation,XGBSTACK001,High Risk,High Risk,13506,44817,0.30135885936140305
validation,XGBSTACK001,Very High Risk,Very High Risk,6723,44817,0.15001004083271974
validation,XGBSTACK001,Extreme Risk,Extreme Risk,2241,44817,0.050003346944239906
