model_id,model_family,model_name,dataset_type,feature_count,features,params,selected_flag,notes,train_auc,train_gini,train_ks,train_pr_auc,train_log_loss,train_brier_score,train_accuracy,train_precision,train_recall,train_f1,train_true_negative,train_false_positive,train_false_negative,train_true_positive,train_threshold,validation_auc,validation_gini,validation_ks,validation_pr_auc,validation_log_loss,validation_brier_score,validation_accuracy,validation_precision,validation_recall,validation_f1,validation_true_negative,validation_false_positive,validation_false_negative,validation_true_positive,validation_threshold,validation_auc_increment,validation_max_vif,validation_vif_flag,validation_num_features_above_vif_threshold,validation_auc_train_validation_gap
WLOG001,logistic,WOE staged logistic,woe,1,RevolvingUtilization_final_bin_woe,"{'auc_stop_threshold': 0.005, 'vif_threshold': 3.0}",False,,0.78083705399062,0.56167410798124,0.4613659250489327,0.19073987738508688,0.21018930643017933,0.05693977714691186,0.9330037390148509,0.0,0.0,0.0,97567,0,7006,0,0.5,0.7805340973657805,0.561068194731561,0.4526678181434962,0.19684987413100258,0.20977811007279917,0.05667851198106224,0.9329941763170225,0.0,0.0,0.0,41814,0,3003,0,0.5,,1.0,single_feature,0.0,
WLOG002,logistic,WOE staged logistic,woe,2,"RevolvingUtilization_final_bin_woe, NumberOfTimes90DaysLate_final_bin_woe","{'auc_stop_threshold': 0.005, 'vif_threshold': 3.0}",False,,0.8167884858416873,0.6335769716833746,0.503266006324395,0.30766763586666046,0.1947477655666206,0.05236045189592476,0.9359490499459707,0.5767696909272183,0.16514416214673136,0.256768752774079,96718,849,5849,1157,0.5,0.8187563301639926,0.6375126603279853,0.5013715179449144,0.3092813902992462,0.19458257940563828,0.052442594266043974,0.93529241136176,0.560233918128655,0.15950715950715952,0.248315189217211,41438,376,2524,479,0.5,0.03822223279821213,1.1818733516751918,preferred,0.0,
WLOG003,logistic,WOE staged logistic,woe,3,"RevolvingUtilization_final_bin_woe, NumberOfTimes90DaysLate_final_bin_woe, NumberOfTime30-59DaysPastDueNotWorse_final_bin_woe","{'auc_stop_threshold': 0.005, 'vif_threshold': 3.0}",False,,0.8400904724186093,0.6801809448372187,0.5258400676644315,0.3521810367979896,0.18797864823691512,0.051068884309121244,0.9359490499459707,0.5803757828810021,0.15872109620325436,0.24927146379735485,96763,804,5894,1112,0.5,0.8453578595636281,0.6907157191272562,0.5441305000065224,0.3598802470156913,0.186090140950424,0.05077732399067291,0.9360510520561394,0.5826296743063932,0.16083916083916083,0.2520876826722338,41468,346,2520,483,0.5,0.02660152939963545,1.280643118834025,preferred,0.0,
WLOG004,logistic,WOE staged logistic,woe,4,"RevolvingUtilization_final_bin_woe, NumberOfTimes90DaysLate_final_bin_woe, NumberOfTime30-59DaysPastDueNotWorse_final_bin_woe, NumberOfTime60-89DaysPastDueNotWorse_final_bin_woe","{'auc_stop_threshold': 0.005, 'vif_threshold': 3.0}",False,,0.8477526365194851,0.6955052730389701,0.5365851085543883,0.36772748537470457,0.1858142078598702,0.05059804907456362,0.9368861943331452,0.5919384057971014,0.18655438195832144,0.2836987193401346,96666,901,5699,1307,0.5,0.8521826223074608,0.7043652446149216,0.554981776247381,0.37855482093917514,0.18381946269439997,0.05009982994214576,0.9375013945601,0.6060924369747899,0.19214119214119213,0.2917825537294564,41439,375,2426,577,0.5,0.006824762743832702,1.3704681118188409,preferred,0.0,
WLOG005,logistic,WOE staged logistic,woe,5,"RevolvingUtilization_final_bin_woe, NumberOfTimes90DaysLate_final_bin_woe, NumberOfTime30-59DaysPastDueNotWorse_final_bin_woe, NumberOfTime60-89DaysPastDueNotWorse_final_bin_woe, age_final_bin_v2_woe","{'auc_stop_threshold': 0.005, 'vif_threshold': 3.0}",False,validation_auc_increment_below_threshold,0.8512462545738971,0.7024925091477943,0.5445743205088744,0.3756311705426289,0.18485637355032744,0.050466283425827305,0.9368383808440037,0.5894689870593485,0.1885526691407365,0.2857142857142857,96647,920,5685,1321,0.5,0.8553948761654314,0.7107897523308628,0.5599068029115382,0.3877618572426714,0.18286780199857572,0.0499583963343481,0.9372113260593079,0.5989528795811518,0.19047619047619047,0.2890348660939869,41431,383,2431,572,0.5,0.0032122538579706372,1.409875747688125,preferred,0.0,
BLOG001,logistic,Binned staged logistic,binned_logit,1,RevolvingUtilization_final_bin,"{'auc_stop_threshold': 0.005, 'vif_threshold': 3.0, 'encoding': 'one_hot_drop_first'}",False,,0.7808348113015298,0.5616696226030595,0.46138222514145993,0.1907458260505146,0.21017311206799263,0.05693613182692626,0.9330037390148509,0.0,0.0,0.0,97567,0,7006,0,0.5,0.7805363312250957,0.5610726624501914,0.4526678181434962,0.1968498741310026,0.2098697503079558,0.05669963964194954,0.9329941763170225,0.0,0.0,0.0,41814,0,3003,0,0.5,,1.0,preferred,0.0,
BLOG002,logistic,Binned staged logistic,binned_logit,2,"RevolvingUtilization_final_bin, NumberOfTimes90DaysLate_final_bin","{'auc_stop_threshold': 0.005, 'vif_threshold': 3.0, 'encoding': 'one_hot_drop_first'}",False,,0.8164912673622136,0.6329825347244271,0.5031547759676339,0.307765940378841,0.1945753745577614,0.05232776069541428,0.9358821110611726,0.5715644317641465,0.17156722809020838,0.26391480952903723,96666,901,5804,1202,0.5,0.8182930970274922,0.6365861940549844,0.5015831253455016,0.30909410326062703,0.19462150716166035,0.05245332611808753,0.935515540977754,0.5635545556805399,0.16683316683316685,0.2574511819116136,41426,388,2502,501,0.5,0.03775676580239651,1.110345383869631,preferred,0.0,
BLOG003,logistic,Binned staged logistic,binned_logit,3,"RevolvingUtilization_final_bin, NumberOfTimes90DaysLate_final_bin, NumberOfTime30-59DaysPastDueNotWorse_final_bin","{'auc_stop_threshold': 0.005, 'vif_threshold': 3.0, 'encoding': 'one_hot_drop_first'}",False,,0.8397310752743862,0.6794621505487723,0.5230184561081943,0.35122118631331534,0.18783279438508765,0.05106460139051175,0.9360064261329406,0.5811789038262668,0.16043391378818156,0.25145413870246086,96757,810,5882,1124,0.5,0.8447574212748556,0.6895148425497113,0.541438639802824,0.35782716937693937,0.18618698487317337,0.05083793759865252,0.9359841131713412,0.5799522673031027,0.16183816183816183,0.2530590991929185,41462,352,2517,486,0.5,0.026464324247363447,1.1884962687482925,preferred,0.0,
BLOG004,logistic,Binned staged logistic,binned_logit,4,"RevolvingUtilization_final_bin, NumberOfTimes90DaysLate_final_bin, NumberOfTime30-59DaysPastDueNotWorse_final_bin, NumberOfTime60-89DaysPastDueNotWorse_final_bin","{'auc_stop_threshold': 0.005, 'vif_threshold': 3.0, 'encoding': 'one_hot_drop_first'}",False,,0.8468896876477141,0.6937793752954282,0.5353807157546475,0.36621309803262503,0.18542179431464376,0.05059235435451987,0.9365132491178412,0.5787891799055389,0.19240650870682272,0.2888055704338511,96586,981,5658,1348,0.5,0.851238161720297,0.702476323440594,0.5539461495122279,0.37746062534607694,0.1836562149962112,0.050173766576792594,0.9367873797889193,0.5836614173228346,0.19746919746919747,0.2950982831550137,41391,423,2410,593,0.5,0.006480740445441335,1.201902433287446,preferred,0.0,
BLOG005,logistic,Binned staged logistic,binned_logit,5,"RevolvingUtilization_final_bin, NumberOfTimes90DaysLate_final_bin, NumberOfTime30-59DaysPastDueNotWorse_final_bin, NumberOfTime60-89DaysPastDueNotWorse_final_bin, age_final_bin_v2","{'auc_stop_threshold': 0.005, 'vif_threshold': 3.0, 'encoding': 'one_hot_drop_first'}",False,validation_auc_increment_below_threshold,0.8515094121213779,0.7030188242427557,0.5469097118037431,0.37506103104175026,0.18447266256732042,0.050456953641010126,0.9366662522830941,0.5853006681514477,0.18755352554952898,0.28407739703815804,96636,931,5692,1314,0.5,0.8552253537186814,0.7104507074373627,0.5594212311818855,0.3858441564535692,0.1827497323964531,0.05005326005641051,0.9369435705201151,0.5928646379853095,0.18814518814518816,0.2856420626895854,41426,388,2438,565,0.5,0.003987191998384376,1.4701429018008427,preferred,0.0,
RLOG001,logistic,Regularized logistic,scaled,17,"RevolvingUtilization_capped_scaled, age_scaled, age_sq_scaled, NumberOfTime30-59DaysPastDueNotWorse_scaled, DebtRatio_capped_scaled, MonthlyIncome_median_scaled, NumberOfOpenCreditLinesAndLoans_scaled, NumberOfTimes90DaysLate_scaled, NumberRealEstateLoansOrLines_scaled, NumberOfTime60-89DaysPastDueNotWorse_scaled, NumberOfDependents_median_scaled, RevolvingUtilization_log_scaled, DebtRatio_log_scaled, MonthlyIncome_missing_flag_scaled, NumberOfDependents_missing_flag_scaled, DebtRatio_high_flag_scaled, RevolvingUtilization_high_flag_scaled","{'penalty': 'l1', 'C': 0.01, 'solver': 'liblinear'}",False,regularized_logistic_scaled_features,0.8037757322496184,0.6075514644992368,0.4742259812116607,0.27600001453503625,0.20403206252714212,0.05532975443854119,0.9334340604171248,0.565597667638484,0.02769055095632315,0.05279629881616547,97418,149,6812,194,0.5,0.806244735000654,0.6124894700013079,0.47780967776663,0.28175373170133444,0.20343738318511875,0.05519870941076537,0.9334181225874111,0.5620915032679739,0.02863802863802864,0.05449936628643853,41747,67,2917,86,0.5,,,,,
RLOG002,logistic,Regularized logistic,scaled,17,"RevolvingUtilization_capped_scaled, age_scaled, age_sq_scaled, NumberOfTime30-59DaysPastDueNotWorse_scaled, DebtRatio_capped_scaled, MonthlyIncome_median_scaled, NumberOfOpenCreditLinesAndLoans_scaled, NumberOfTimes90DaysLate_scaled, NumberRealEstateLoansOrLines_scaled, NumberOfTime60-89DaysPastDueNotWorse_scaled, NumberOfDependents_median_scaled, RevolvingUtilization_log_scaled, DebtRatio_log_scaled, MonthlyIncome_missing_flag_scaled, NumberOfDependents_missing_flag_scaled, DebtRatio_high_flag_scaled, RevolvingUtilization_high_flag_scaled","{'penalty': 'l1', 'C': 0.1, 'solver': 'liblinear'}",False,regularized_logistic_scaled_features,0.8045843211466877,0.6091686422933753,0.4749660978702906,0.29039959001495785,0.20256339207350726,0.0546494050359197,0.9341799508477332,0.5977742448330684,0.0536682843277191,0.09849377865094958,97314,253,6630,376,0.5,0.807548910648351,0.615097821296702,0.47920611459139223,0.29372877179149004,0.20176004123897534,0.054521668695544104,0.934042885512194,0.5842293906810035,0.05427905427905428,0.09932967702620353,41698,116,2840,163,0.5,,,,,
RLOG003,logistic,Regularized logistic,scaled,17,"RevolvingUtilization_capped_scaled, age_scaled, age_sq_scaled, NumberOfTime30-59DaysPastDueNotWorse_scaled, DebtRatio_capped_scaled, MonthlyIncome_median_scaled, NumberOfOpenCreditLinesAndLoans_scaled, NumberOfTimes90DaysLate_scaled, NumberRealEstateLoansOrLines_scaled, NumberOfTime60-89DaysPastDueNotWorse_scaled, NumberOfDependents_median_scaled, RevolvingUtilization_log_scaled, DebtRatio_log_scaled, MonthlyIncome_missing_flag_scaled, NumberOfDependents_missing_flag_scaled, DebtRatio_high_flag_scaled, RevolvingUtilization_high_flag_scaled","{'penalty': 'l1', 'C': 1.0, 'solver': 'liblinear'}",False,regularized_logistic_scaled_features,0.8043732113951042,0.6087464227902084,0.47489148200964987,0.2914571468964301,0.2025153400956794,0.054594599654194054,0.9342182016390465,0.5943536404160475,0.05709391949757351,0.10418023180101575,97294,273,6606,400,0.5,0.8073018442153181,0.6146036884306363,0.4778886393178257,0.2939942503265231,0.20171856200259944,0.05447257559513629,0.9340875114353928,0.584192439862543,0.05661005661005661,0.10321797207043108,41693,121,2833,170,0.5,,,,,
RLOG004,logistic,Regularized logistic,scaled,17,"RevolvingUtilization_capped_scaled, age_scaled, age_sq_scaled, NumberOfTime30-59DaysPastDueNotWorse_scaled, DebtRatio_capped_scaled, MonthlyIncome_median_scaled, NumberOfOpenCreditLinesAndLoans_scaled, NumberOfTimes90DaysLate_scaled, NumberRealEstateLoansOrLines_scaled, NumberOfTime60-89DaysPastDueNotWorse_scaled, NumberOfDependents_median_scaled, RevolvingUtilization_log_scaled, DebtRatio_log_scaled, MonthlyIncome_missing_flag_scaled, NumberOfDependents_missing_flag_scaled, DebtRatio_high_flag_scaled, RevolvingUtilization_high_flag_scaled","{'penalty': 'l1', 'C': 10.0, 'solver': 'liblinear'}",False,regularized_logistic_scaled_features,0.8043326806049885,0.608665361209977,0.4748515802843151,0.29155472850644937,0.20251464310521086,0.054589327268238674,0.9342086389412181,0.5931952662721893,0.05723665429631744,0.10439989586045301,97292,275,6605,401,0.5,0.807258759798579,0.614517519597158,0.47767884767454294,0.29398109517254417,0.20171979202957885,0.05446835630324921,0.9341098243969922,0.5856164383561644,0.056943056943056944,0.10379362670713202,41693,121,2832,171,0.5,,,,,
RLOG005,logistic,Regularized logistic,scaled,17,"RevolvingUtilization_capped_scaled, age_scaled, age_sq_scaled, NumberOfTime30-59DaysPastDueNotWorse_scaled, DebtRatio_capped_scaled, MonthlyIncome_median_scaled, NumberOfOpenCreditLinesAndLoans_scaled, NumberOfTimes90DaysLate_scaled, NumberRealEstateLoansOrLines_scaled, NumberOfTime60-89DaysPastDueNotWorse_scaled, NumberOfDependents_median_scaled, RevolvingUtilization_log_scaled, DebtRatio_log_scaled, MonthlyIncome_missing_flag_scaled, NumberOfDependents_missing_flag_scaled, DebtRatio_high_flag_scaled, RevolvingUtilization_high_flag_scaled","{'penalty': 'l2', 'C': 0.01, 'solver': 'liblinear'}",False,regularized_logistic_scaled_features,0.8049277129810656,0.6098554259621312,0.4750926101123989,0.2804740955705454,0.2036407080195369,0.05517213510258951,0.933558375488893,0.580110497237569,0.029974307736226093,0.057003257328990226,97415,152,6796,210,0.5,0.8076789642652751,0.6153579285305502,0.4768545655329986,0.2847490091460692,0.2030529299347145,0.05505599285121338,0.9334850614722092,0.56875,0.030303030303030304,0.05754030983243756,41745,69,2912,91,0.5,,,,,
RLOG006,logistic,Regularized logistic,scaled,17,"RevolvingUtilization_capped_scaled, age_scaled, age_sq_scaled, NumberOfTime30-59DaysPastDueNotWorse_scaled, DebtRatio_capped_scaled, MonthlyIncome_median_scaled, NumberOfOpenCreditLinesAndLoans_scaled, NumberOfTimes90DaysLate_scaled, NumberRealEstateLoansOrLines_scaled, NumberOfTime60-89DaysPastDueNotWorse_scaled, NumberOfDependents_median_scaled, RevolvingUtilization_log_scaled, DebtRatio_log_scaled, MonthlyIncome_missing_flag_scaled, NumberOfDependents_missing_flag_scaled, DebtRatio_high_flag_scaled, RevolvingUtilization_high_flag_scaled","{'penalty': 'l2', 'C': 0.1, 'solver': 'liblinear'}",False,regularized_logistic_scaled_features,0.8046944118721366,0.6093888237442733,0.4765480202408235,0.2902150697636064,0.20255782071776587,0.05466420769534766,0.9340938865672783,0.5943708609271523,0.05124179274907222,0.09434954007884362,97322,245,6647,359,0.5,0.8076700367918621,0.6153400735837242,0.47895575510728333,0.2933839735141989,0.2017977393652506,0.05454493502977246,0.9340875114353928,0.5924528301886792,0.05228105228105228,0.09608323133414932,41706,108,2846,157,0.5,,,,,
RLOG007,logistic,Regularized logistic,scaled,17,"RevolvingUtilization_capped_scaled, age_scaled, age_sq_scaled, NumberOfTime30-59DaysPastDueNotWorse_scaled, DebtRatio_capped_scaled, MonthlyIncome_median_scaled, NumberOfOpenCreditLinesAndLoans_scaled, NumberOfTimes90DaysLate_scaled, NumberRealEstateLoansOrLines_scaled, NumberOfTime60-89DaysPastDueNotWorse_scaled, NumberOfDependents_median_scaled, RevolvingUtilization_log_scaled, DebtRatio_log_scaled, MonthlyIncome_missing_flag_scaled, NumberOfDependents_missing_flag_scaled, DebtRatio_high_flag_scaled, RevolvingUtilization_high_flag_scaled","{'penalty': 'l2', 'C': 1.0, 'solver': 'liblinear'}",False,regularized_logistic_scaled_features,0.8043752785312326,0.6087505570624652,0.4749893601007049,0.29146759571936864,0.2025153442378004,0.05459606540642226,0.9342086389412181,0.5940298507462687,0.05680844990008564,0.10369984366857739,97295,272,6608,398,0.5,0.807308860365253,0.6146177207305059,0.47817925605269557,0.29393229076382504,0.20172425333785737,0.05447541044041566,0.9341098243969922,0.5862068965517241,0.05661005661005661,0.1032493167324628,41694,120,2833,170,0.5,,,,,
RLOG008,logistic,Regularized logistic,scaled,17,"RevolvingUtilization_capped_scaled, age_scaled, age_sq_scaled, NumberOfTime30-59DaysPastDueNotWorse_scaled, DebtRatio_capped_scaled, MonthlyIncome_median_scaled, NumberOfOpenCreditLinesAndLoans_scaled, NumberOfTimes90DaysLate_scaled, NumberRealEstateLoansOrLines_scaled, NumberOfTime60-89DaysPastDueNotWorse_scaled, NumberOfDependents_median_scaled, RevolvingUtilization_log_scaled, DebtRatio_log_scaled, MonthlyIncome_missing_flag_scaled, NumberOfDependents_missing_flag_scaled, DebtRatio_high_flag_scaled, RevolvingUtilization_high_flag_scaled","{'penalty': 'l2', 'C': 10.0, 'solver': 'liblinear'}",False,regularized_logistic_scaled_features,0.804334531225797,0.608669062451594,0.47495483029600916,0.2915601336660888,0.2025146260796574,0.054589512346346056,0.9342086389412181,0.5931952662721893,0.05723665429631744,0.10439989586045301,97292,275,6605,401,0.5,0.8072605994474269,0.6145211988948538,0.47770276310956467,0.29398459298125246,0.20172019663300889,0.054468564711812856,0.9341098243969922,0.5856164383561644,0.056943056943056944,0.10379362670713202,41693,121,2832,171,0.5,,,,,
GNB001,naive_bayes,GaussianNB baseline,scaled,17,"RevolvingUtilization_capped_scaled, age_scaled, age_sq_scaled, NumberOfTime30-59DaysPastDueNotWorse_scaled, DebtRatio_capped_scaled, MonthlyIncome_median_scaled, NumberOfOpenCreditLinesAndLoans_scaled, NumberOfTimes90DaysLate_scaled, NumberRealEstateLoansOrLines_scaled, NumberOfTime60-89DaysPastDueNotWorse_scaled, NumberOfDependents_median_scaled, RevolvingUtilization_log_scaled, DebtRatio_log_scaled, MonthlyIncome_missing_flag_scaled, NumberOfDependents_missing_flag_scaled, DebtRatio_high_flag_scaled, RevolvingUtilization_high_flag_scaled","{'priors': None, 'var_smoothing': 1e-09}",False,all_scaled_features,0.7862362248381805,0.5724724496763609,0.45973510240081816,0.2421572988471863,0.4415747491608605,0.06195836763626947,0.9315693343406042,0.4358974358974359,0.07279474735940622,0.12475538160469667,96907,660,6496,510,0.5,0.7839026138638708,0.5678052277277417,0.4539471147305844,0.24431200038973838,0.4427518603614709,0.06181463611192905,0.9322355356226432,0.4671814671814672,0.08058608058608059,0.1374609485941494,41538,276,2761,242,0.5,,,,,
GNB002,naive_bayes,GaussianNB PCA 0.7,scaled_pca,5,"PC1, PC2, PC3, PC4, PC5","{'pca_variance_threshold': 0.7, 'n_components': 5}",False,pca_variant,0.7491007241000842,0.49820144820016843,0.38659549295097656,0.19545735983806595,0.2894336681828267,0.06307007266462182,0.9310433859600471,0.3322422258592471,0.028975164145018554,0.053301824865432584,97159,408,6803,203,0.5,0.7481805116329439,0.4963610232658877,0.3914902240343481,0.20615462791542885,0.29046838561154553,0.06246656617858608,0.9316330856594596,0.3906810035842294,0.036297036297036296,0.06642291285801341,41644,170,2894,109,0.5,,,,,
GNB003,naive_bayes,GaussianNB PCA 0.8,scaled_pca,6,"PC1, PC2, PC3, PC4, PC5, PC6","{'pca_variance_threshold': 0.8, 'n_components': 6}",False,pca_variant,0.7330532274152483,0.4661064548304965,0.3663946019032439,0.1947243669714082,0.28142374612614024,0.06182860606866123,0.9311677010318151,0.3549848942598187,0.033542677704824435,0.061293688054251436,97140,427,6771,235,0.5,0.7287081710241416,0.4574163420482833,0.3645830899382341,0.20174998087635826,0.2855103398229579,0.061410771445534126,0.9315884597362608,0.3953488372093023,0.039627039627039624,0.07203389830508475,41632,182,2884,119,0.5,,,,,
GNB004,naive_bayes,GaussianNB PCA 0.9,scaled_pca,8,"PC1, PC2, PC3, PC4, PC5, PC6, PC7, PC8","{'pca_variance_threshold': 0.9, 'n_components': 8}",False,pca_variant,0.7374613008490288,0.47492260169805767,0.37639733464842795,0.1975430230790841,0.3387378914164628,0.06170233604796589,0.9311772637296434,0.36258992805755397,0.03596916928347131,0.0654460459680561,97124,443,6754,252,0.5,0.7328281442573307,0.46565628851466134,0.37304889112896,0.20322464435996945,0.3426969244039133,0.06135878202110378,0.9316777115826583,0.40752351097178685,0.04329004329004329,0.07826610475617098,41625,189,2873,130,0.5,,,,,
GNB005,naive_bayes,GaussianNB PCA 0.95,scaled_pca,9,"PC1, PC2, PC3, PC4, PC5, PC6, PC7, PC8, PC9","{'pca_variance_threshold': 0.95, 'n_components': 9}",False,pca_variant,0.7390585899555073,0.47811717991101466,0.37710451171960996,0.19718704470606996,0.33886431505063236,0.06182175744334024,0.9309573216795922,0.36455696202531646,0.041107622038252925,0.07388404309902515,97065,502,6718,288,0.5,0.7349559330833546,0.4699118661667092,0.37896145085124855,0.20205377065739238,0.34400800192849573,0.06162450736145561,0.9312314523506705,0.38935574229691877,0.04628704628704629,0.08273809523809524,41596,218,2864,139,0.5,,,,,
GNB006,naive_bayes,GaussianNB PCA 0.99,scaled_pca,11,"PC1, PC2, PC3, PC4, PC5, PC6, PC7, PC8, PC9, PC10, PC11","{'pca_variance_threshold': 0.99, 'n_components': 11}",False,pca_variant,0.7383955073995705,0.476791014799141,0.3734002622954362,0.19690715497257943,0.3390255137963222,0.0616852497379693,0.9307947558165109,0.3603385731559855,0.042534970025692266,0.07608834418485894,97038,529,6708,298,0.5,0.7333519743119399,0.46670394862387976,0.37431853553248295,0.2004146786975554,0.3448225005719047,0.0615605598634494,0.9311645134658724,0.3867403314917127,0.046620046620046623,0.08320950965824665,41592,222,2863,140,0.5,,,,,
GNB007,naive_bayes,GaussianNB top_5_permutation_features,scaled_pruned,5,"RevolvingUtilization_log_scaled, RevolvingUtilization_capped_scaled, NumberOfTime30-59DaysPastDueNotWorse_scaled, age_sq_scaled, NumberOfTimes90DaysLate_scaled","{'top_k': 5, 'ranking_method': 'validation_permutation_importance'}",False,feature_pruning_from_permutation_importance,0.8011560863300533,0.6023121726601066,0.4739605158741996,0.27105185489543193,0.31583038248189194,0.06047655185568085,0.9320379065341914,0.4486266531027467,0.06294604624607479,0.1104018024784078,97025,542,6565,441,0.5,0.8018421526815844,0.6036843053631689,0.4711139293575798,0.2792513876473453,0.31572983862170717,0.06002683641075946,0.9326371689314322,0.4817351598173516,0.07026307026307026,0.12263876780005813,41587,227,2792,211,0.5,,,,,
GNB008,naive_bayes,GaussianNB top_8_permutation_features,scaled_pruned,8,"RevolvingUtilization_log_scaled, RevolvingUtilization_capped_scaled, NumberOfTime30-59DaysPastDueNotWorse_scaled, age_sq_scaled, NumberOfTimes90DaysLate_scaled, NumberRealEstateLoansOrLines_scaled, MonthlyIncome_median_scaled, NumberOfDependents_missing_flag_scaled","{'top_k': 8, 'ranking_method': 'validation_permutation_importance'}",False,feature_pruning_from_permutation_importance,0.7931662423849039,0.5863324847698077,0.4695310439972853,0.26318795382651944,0.3084399703889326,0.059480767267962226,0.9314928327579777,0.455518018018018,0.11547245218384242,0.18424049191528125,96600,967,6197,809,0.5,0.7941222136228593,0.5882444272457186,0.46718240863742366,0.27462899965276855,0.30459828115442367,0.058659408776815976,0.9324140393154383,0.4830287206266319,0.12321012321012322,0.19633855133987796,41418,396,2633,370,0.5,,,,,
GNB009,naive_bayes,GaussianNB top_10_permutation_features,scaled_pruned,10,"RevolvingUtilization_log_scaled, RevolvingUtilization_capped_scaled, NumberOfTime30-59DaysPastDueNotWorse_scaled, age_sq_scaled, NumberOfTimes90DaysLate_scaled, NumberRealEstateLoansOrLines_scaled, MonthlyIncome_median_scaled, NumberOfDependents_missing_flag_scaled, NumberOfTime60-89DaysPastDueNotWorse_scaled, age_scaled","{'top_k': 10, 'ranking_method': 'validation_permutation_importance'}",False,feature_pruning_from_permutation_importance,0.7925396814283117,0.5850793628566233,0.469372396785472,0.26297669591341793,0.35615791677370645,0.06128913758407341,0.9317127748080288,0.43744207599629287,0.06737082500713674,0.11675943104514533,96960,607,6534,472,0.5,0.79337473482975,0.5867494696594999,0.4653687298973566,0.2751496486810548,0.3524777588535744,0.06051474605629127,0.9328826115090256,0.494949494949495,0.08158508158508158,0.1400800457404231,41564,250,2758,245,0.5,,,,,
GNB010,naive_bayes,GaussianNB top_12_permutation_features,scaled_pruned,12,"RevolvingUtilization_log_scaled, RevolvingUtilization_capped_scaled, NumberOfTime30-59DaysPastDueNotWorse_scaled, age_sq_scaled, NumberOfTimes90DaysLate_scaled, NumberRealEstateLoansOrLines_scaled, MonthlyIncome_median_scaled, NumberOfDependents_missing_flag_scaled, NumberOfTime60-89DaysPastDueNotWorse_scaled, age_scaled, RevolvingUtilization_high_flag_scaled, NumberOfOpenCreditLinesAndLoans_scaled","{'top_k': 12, 'ranking_method': 'validation_permutation_importance'}",False,feature_pruning_from_permutation_importance,0.7921325170545825,0.5842650341091651,0.469798749097954,0.25246464834395876,0.4405464269081551,0.06255353575814951,0.931320704197068,0.41164658634538154,0.058521267485012844,0.10247438140464883,96981,586,6596,410,0.5,0.7926794630410643,0.5853589260821286,0.4633831276104199,0.2624142345555394,0.43800943197638625,0.061779752022522824,0.9325702300466341,0.4793028322440087,0.07326007326007326,0.1270941652224148,41575,239,2783,220,0.5,,,,,
BNB001,naive_bayes,BernoulliNB binned one-hot,binned_ohe,44,"MonthlyIncome_missing_flag_bin, DebtRatio_high_flag_bin, NumberOfDependents_missing_flag_bin, RevolvingUtilization_final_bin_0-5%, RevolvingUtilization_final_bin_100%+, RevolvingUtilization_final_bin_15-30%, RevolvingUtilization_final_bin_30-50%, RevolvingUtilization_final_bin_5-15%, RevolvingUtilization_final_bin_50-75%, RevolvingUtilization_final_bin_75-100%, RevolvingUtilization_final_bin_=0, age_final_bin_v2_21-39, age_final_bin_v2_40-49, age_final_bin_v2_50-59, age_final_bin_v2_60-69, age_final_bin_v2_70+, MonthlyIncome_final_bin_0-5000, MonthlyIncome_final_bin_10000+, MonthlyIncome_final_bin_5000-10000, DebtRatio_explicit_bin_0-0.20, DebtRatio_explicit_bin_0.20-0.40, DebtRatio_explicit_bin_0.40-0.60, DebtRatio_explicit_bin_0.60-1.00, DebtRatio_explicit_bin_1.00-2.00, DebtRatio_explicit_bin_2.00+, NumberOfDependents_final_bin_0, NumberOfDependents_final_bin_1, NumberOfDependents_final_bin_2, NumberOfDependents_final_bin_3+, RealEstateLoans_final_bin_0, RealEstateLoans_final_bin_1-2, RealEstateLoans_final_bin_3+, NumberOfTime30-59DaysPastDueNotWorse_final_bin_0, NumberOfTime30-59DaysPastDueNotWorse_final_bin_1, NumberOfTime30-59DaysPastDueNotWorse_final_bin_2, NumberOfTime30-59DaysPastDueNotWorse_final_bin_3+, NumberOfTime60-89DaysPastDueNotWorse_final_bin_0, NumberOfTime60-89DaysPastDueNotWorse_final_bin_1, NumberOfTime60-89DaysPastDueNotWorse_final_bin_2, NumberOfTime60-89DaysPastDueNotWorse_final_bin_3+, NumberOfTimes90DaysLate_final_bin_0, NumberOfTimes90DaysLate_final_bin_1, NumberOfTimes90DaysLate_final_bin_2, NumberOfTimes90DaysLate_final_bin_3+","{'alpha': 0.01, 'fit_prior': True}",False,bernoulli_nb_alpha_fit_prior_grid,0.8534560165117626,0.7069120330235252,0.5498928788991984,0.37109583897727183,0.34521656977692006,0.07581222533491871,0.908896177789678,0.37030558699454674,0.5137025406794177,0.43037369207772797,91447,6120,3407,3599,0.5,0.8587046911411955,0.717409382282391,0.5678471334950026,0.38267977340044035,0.33962973132100044,0.0751062548403582,0.9093201240600665,0.37293413173652695,0.5184815184815185,0.43382557815547507,39196,2618,1446,1557,0.5,,,,,
BNB002,naive_bayes,BernoulliNB binned one-hot,binned_ohe,44,"MonthlyIncome_missing_flag_bin, DebtRatio_high_flag_bin, NumberOfDependents_missing_flag_bin, RevolvingUtilization_final_bin_0-5%, RevolvingUtilization_final_bin_100%+, RevolvingUtilization_final_bin_15-30%, RevolvingUtilization_final_bin_30-50%, RevolvingUtilization_final_bin_5-15%, RevolvingUtilization_final_bin_50-75%, RevolvingUtilization_final_bin_75-100%, RevolvingUtilization_final_bin_=0, age_final_bin_v2_21-39, age_final_bin_v2_40-49, age_final_bin_v2_50-59, age_final_bin_v2_60-69, age_final_bin_v2_70+, MonthlyIncome_final_bin_0-5000, MonthlyIncome_final_bin_10000+, MonthlyIncome_final_bin_5000-10000, DebtRatio_explicit_bin_0-0.20, DebtRatio_explicit_bin_0.20-0.40, DebtRatio_explicit_bin_0.40-0.60, DebtRatio_explicit_bin_0.60-1.00, DebtRatio_explicit_bin_1.00-2.00, DebtRatio_explicit_bin_2.00+, NumberOfDependents_final_bin_0, NumberOfDependents_final_bin_1, NumberOfDependents_final_bin_2, NumberOfDependents_final_bin_3+, RealEstateLoans_final_bin_0, RealEstateLoans_final_bin_1-2, RealEstateLoans_final_bin_3+, NumberOfTime30-59DaysPastDueNotWorse_final_bin_0, NumberOfTime30-59DaysPastDueNotWorse_final_bin_1, NumberOfTime30-59DaysPastDueNotWorse_final_bin_2, NumberOfTime30-59DaysPastDueNotWorse_final_bin_3+, NumberOfTime60-89DaysPastDueNotWorse_final_bin_0, NumberOfTime60-89DaysPastDueNotWorse_final_bin_1, NumberOfTime60-89DaysPastDueNotWorse_final_bin_2, NumberOfTime60-89DaysPastDueNotWorse_final_bin_3+, NumberOfTimes90DaysLate_final_bin_0, NumberOfTimes90DaysLate_final_bin_1, NumberOfTimes90DaysLate_final_bin_2, NumberOfTimes90DaysLate_final_bin_3+","{'alpha': 0.01, 'fit_prior': False}",False,bernoulli_nb_alpha_fit_prior_grid,0.8534560165117626,0.7069120330235252,0.5498928788991984,0.37109583897727183,0.5888785465532299,0.13361178661438608,0.8296787889799471,0.23818754543251758,0.7015415358264345,0.3556311276726602,81847,15720,2091,4915,0.5,0.8587046911411955,0.717409382282391,0.5678471334950026,0.38267977340044035,0.5833827669345046,0.13223089276170333,0.8312247584621907,0.24129325014180375,0.7082917082917083,0.3599593839905229,35126,6688,876,2127,0.5,,,,,
BNB003,naive_bayes,BernoulliNB binned one-hot,binned_ohe,44,"MonthlyIncome_missing_flag_bin, DebtRatio_high_flag_bin, NumberOfDependents_missing_flag_bin, RevolvingUtilization_final_bin_0-5%, RevolvingUtilization_final_bin_100%+, RevolvingUtilization_final_bin_15-30%, RevolvingUtilization_final_bin_30-50%, RevolvingUtilization_final_bin_5-15%, RevolvingUtilization_final_bin_50-75%, RevolvingUtilization_final_bin_75-100%, RevolvingUtilization_final_bin_=0, age_final_bin_v2_21-39, age_final_bin_v2_40-49, age_final_bin_v2_50-59, age_final_bin_v2_60-69, age_final_bin_v2_70+, MonthlyIncome_final_bin_0-5000, MonthlyIncome_final_bin_10000+, MonthlyIncome_final_bin_5000-10000, DebtRatio_explicit_bin_0-0.20, DebtRatio_explicit_bin_0.20-0.40, DebtRatio_explicit_bin_0.40-0.60, DebtRatio_explicit_bin_0.60-1.00, DebtRatio_explicit_bin_1.00-2.00, DebtRatio_explicit_bin_2.00+, NumberOfDependents_final_bin_0, NumberOfDependents_final_bin_1, NumberOfDependents_final_bin_2, NumberOfDependents_final_bin_3+, RealEstateLoans_final_bin_0, RealEstateLoans_final_bin_1-2, RealEstateLoans_final_bin_3+, NumberOfTime30-59DaysPastDueNotWorse_final_bin_0, NumberOfTime30-59DaysPastDueNotWorse_final_bin_1, NumberOfTime30-59DaysPastDueNotWorse_final_bin_2, NumberOfTime30-59DaysPastDueNotWorse_final_bin_3+, NumberOfTime60-89DaysPastDueNotWorse_final_bin_0, NumberOfTime60-89DaysPastDueNotWorse_final_bin_1, NumberOfTime60-89DaysPastDueNotWorse_final_bin_2, NumberOfTime60-89DaysPastDueNotWorse_final_bin_3+, NumberOfTimes90DaysLate_final_bin_0, NumberOfTimes90DaysLate_final_bin_1, NumberOfTimes90DaysLate_final_bin_2, NumberOfTimes90DaysLate_final_bin_3+","{'alpha': 0.05, 'fit_prior': True}",False,bernoulli_nb_alpha_fit_prior_grid,0.8534560618629444,0.7069121237258889,0.5500151149637391,0.3710951464567882,0.34521312918609615,0.07581166658062871,0.908896177789678,0.37030558699454674,0.5137025406794177,0.43037369207772797,91447,6120,3407,3599,0.5,0.8587046991050434,0.7174093982100869,0.5678471334950026,0.3826792807161465,0.3396263797845208,0.07510571574219214,0.9093201240600665,0.37293413173652695,0.5184815184815185,0.43382557815547507,39196,2618,1446,1557,0.5,,,,,
BNB004,naive_bayes,BernoulliNB binned one-hot,binned_ohe,44,"MonthlyIncome_missing_flag_bin, DebtRatio_high_flag_bin, NumberOfDependents_missing_flag_bin, RevolvingUtilization_final_bin_0-5%, RevolvingUtilization_final_bin_100%+, RevolvingUtilization_final_bin_15-30%, RevolvingUtilization_final_bin_30-50%, RevolvingUtilization_final_bin_5-15%, RevolvingUtilization_final_bin_50-75%, RevolvingUtilization_final_bin_75-100%, RevolvingUtilization_final_bin_=0, age_final_bin_v2_21-39, age_final_bin_v2_40-49, age_final_bin_v2_50-59, age_final_bin_v2_60-69, age_final_bin_v2_70+, MonthlyIncome_final_bin_0-5000, MonthlyIncome_final_bin_10000+, MonthlyIncome_final_bin_5000-10000, DebtRatio_explicit_bin_0-0.20, DebtRatio_explicit_bin_0.20-0.40, DebtRatio_explicit_bin_0.40-0.60, DebtRatio_explicit_bin_0.60-1.00, DebtRatio_explicit_bin_1.00-2.00, DebtRatio_explicit_bin_2.00+, NumberOfDependents_final_bin_0, NumberOfDependents_final_bin_1, NumberOfDependents_final_bin_2, NumberOfDependents_final_bin_3+, RealEstateLoans_final_bin_0, RealEstateLoans_final_bin_1-2, RealEstateLoans_final_bin_3+, NumberOfTime30-59DaysPastDueNotWorse_final_bin_0, NumberOfTime30-59DaysPastDueNotWorse_final_bin_1, NumberOfTime30-59DaysPastDueNotWorse_final_bin_2, NumberOfTime30-59DaysPastDueNotWorse_final_bin_3+, NumberOfTime60-89DaysPastDueNotWorse_final_bin_0, NumberOfTime60-89DaysPastDueNotWorse_final_bin_1, NumberOfTime60-89DaysPastDueNotWorse_final_bin_2, NumberOfTime60-89DaysPastDueNotWorse_final_bin_3+, NumberOfTimes90DaysLate_final_bin_0, NumberOfTimes90DaysLate_final_bin_1, NumberOfTimes90DaysLate_final_bin_2, NumberOfTimes90DaysLate_final_bin_3+","{'alpha': 0.05, 'fit_prior': False}",False,bernoulli_nb_alpha_fit_prior_grid,0.8534560618629444,0.7069121237258889,0.5500151149637391,0.3710951464567882,0.5888702774644591,0.1336098707791113,0.8296787889799471,0.23818754543251758,0.7015415358264345,0.3556311276726602,81847,15720,2091,4915,0.5,0.8587046991050434,0.7174093982100869,0.5678471334950026,0.3826792807161465,0.5833746193959687,0.13222900894736592,0.8312247584621907,0.24129325014180375,0.7082917082917083,0.3599593839905229,35126,6688,876,2127,0.5,,,,,
BNB005,naive_bayes,BernoulliNB binned one-hot,binned_ohe,44,"MonthlyIncome_missing_flag_bin, DebtRatio_high_flag_bin, NumberOfDependents_missing_flag_bin, RevolvingUtilization_final_bin_0-5%, RevolvingUtilization_final_bin_100%+, RevolvingUtilization_final_bin_15-30%, RevolvingUtilization_final_bin_30-50%, RevolvingUtilization_final_bin_5-15%, RevolvingUtilization_final_bin_50-75%, RevolvingUtilization_final_bin_75-100%, RevolvingUtilization_final_bin_=0, age_final_bin_v2_21-39, age_final_bin_v2_40-49, age_final_bin_v2_50-59, age_final_bin_v2_60-69, age_final_bin_v2_70+, MonthlyIncome_final_bin_0-5000, MonthlyIncome_final_bin_10000+, MonthlyIncome_final_bin_5000-10000, DebtRatio_explicit_bin_0-0.20, DebtRatio_explicit_bin_0.20-0.40, DebtRatio_explicit_bin_0.40-0.60, DebtRatio_explicit_bin_0.60-1.00, DebtRatio_explicit_bin_1.00-2.00, DebtRatio_explicit_bin_2.00+, NumberOfDependents_final_bin_0, NumberOfDependents_final_bin_1, NumberOfDependents_final_bin_2, NumberOfDependents_final_bin_3+, RealEstateLoans_final_bin_0, RealEstateLoans_final_bin_1-2, RealEstateLoans_final_bin_3+, NumberOfTime30-59DaysPastDueNotWorse_final_bin_0, NumberOfTime30-59DaysPastDueNotWorse_final_bin_1, NumberOfTime30-59DaysPastDueNotWorse_final_bin_2, NumberOfTime30-59DaysPastDueNotWorse_final_bin_3+, NumberOfTime60-89DaysPastDueNotWorse_final_bin_0, NumberOfTime60-89DaysPastDueNotWorse_final_bin_1, NumberOfTime60-89DaysPastDueNotWorse_final_bin_2, NumberOfTime60-89DaysPastDueNotWorse_final_bin_3+, NumberOfTimes90DaysLate_final_bin_0, NumberOfTimes90DaysLate_final_bin_1, NumberOfTimes90DaysLate_final_bin_2, NumberOfTimes90DaysLate_final_bin_3+","{'alpha': 0.1, 'fit_prior': True}",False,bernoulli_nb_alpha_fit_prior_grid,0.853456389561807,0.706912779123614,0.5499843668624345,0.3710959356642517,0.3452088286975677,0.07581096810201692,0.908896177789678,0.37030558699454674,0.5137025406794177,0.43037369207772797,91447,6120,3407,3599,0.5,0.8587052486105435,0.7174104972210871,0.5678471334950026,0.38268074924853634,0.33962219060046095,0.07510504183986967,0.9093201240600665,0.37293413173652695,0.5184815184815185,0.43382557815547507,39196,2618,1446,1557,0.5,,,,,
BNB006,naive_bayes,BernoulliNB binned one-hot,binned_ohe,44,"MonthlyIncome_missing_flag_bin, DebtRatio_high_flag_bin, NumberOfDependents_missing_flag_bin, RevolvingUtilization_final_bin_0-5%, RevolvingUtilization_final_bin_100%+, RevolvingUtilization_final_bin_15-30%, RevolvingUtilization_final_bin_30-50%, RevolvingUtilization_final_bin_5-15%, RevolvingUtilization_final_bin_50-75%, RevolvingUtilization_final_bin_75-100%, RevolvingUtilization_final_bin_=0, age_final_bin_v2_21-39, age_final_bin_v2_40-49, age_final_bin_v2_50-59, age_final_bin_v2_60-69, age_final_bin_v2_70+, MonthlyIncome_final_bin_0-5000, MonthlyIncome_final_bin_10000+, MonthlyIncome_final_bin_5000-10000, DebtRatio_explicit_bin_0-0.20, DebtRatio_explicit_bin_0.20-0.40, DebtRatio_explicit_bin_0.40-0.60, DebtRatio_explicit_bin_0.60-1.00, DebtRatio_explicit_bin_1.00-2.00, DebtRatio_explicit_bin_2.00+, NumberOfDependents_final_bin_0, NumberOfDependents_final_bin_1, NumberOfDependents_final_bin_2, NumberOfDependents_final_bin_3+, RealEstateLoans_final_bin_0, RealEstateLoans_final_bin_1-2, RealEstateLoans_final_bin_3+, NumberOfTime30-59DaysPastDueNotWorse_final_bin_0, NumberOfTime30-59DaysPastDueNotWorse_final_bin_1, NumberOfTime30-59DaysPastDueNotWorse_final_bin_2, NumberOfTime30-59DaysPastDueNotWorse_final_bin_3+, NumberOfTime60-89DaysPastDueNotWorse_final_bin_0, NumberOfTime60-89DaysPastDueNotWorse_final_bin_1, NumberOfTime60-89DaysPastDueNotWorse_final_bin_2, NumberOfTime60-89DaysPastDueNotWorse_final_bin_3+, NumberOfTimes90DaysLate_final_bin_0, NumberOfTimes90DaysLate_final_bin_1, NumberOfTimes90DaysLate_final_bin_2, NumberOfTimes90DaysLate_final_bin_3+","{'alpha': 0.1, 'fit_prior': False}",False,bernoulli_nb_alpha_fit_prior_grid,0.853456389561807,0.706912779123614,0.5499843668624345,0.3710959356642517,0.5888599404356818,0.13360747581713953,0.8296787889799471,0.23818754543251758,0.7015415358264345,0.3556311276726602,81847,15720,2091,4915,0.5,0.8587052486105435,0.7174104972210871,0.5678471334950026,0.38268074924853634,0.5833644342884237,0.13222665400819214,0.8312247584621907,0.24129325014180375,0.7082917082917083,0.3599593839905229,35126,6688,876,2127,0.5,,,,,
BNB007,naive_bayes,BernoulliNB binned one-hot,binned_ohe,44,"MonthlyIncome_missing_flag_bin, DebtRatio_high_flag_bin, NumberOfDependents_missing_flag_bin, RevolvingUtilization_final_bin_0-5%, RevolvingUtilization_final_bin_100%+, RevolvingUtilization_final_bin_15-30%, RevolvingUtilization_final_bin_30-50%, RevolvingUtilization_final_bin_5-15%, RevolvingUtilization_final_bin_50-75%, RevolvingUtilization_final_bin_75-100%, RevolvingUtilization_final_bin_=0, age_final_bin_v2_21-39, age_final_bin_v2_40-49, age_final_bin_v2_50-59, age_final_bin_v2_60-69, age_final_bin_v2_70+, MonthlyIncome_final_bin_0-5000, MonthlyIncome_final_bin_10000+, MonthlyIncome_final_bin_5000-10000, DebtRatio_explicit_bin_0-0.20, DebtRatio_explicit_bin_0.20-0.40, DebtRatio_explicit_bin_0.40-0.60, DebtRatio_explicit_bin_0.60-1.00, DebtRatio_explicit_bin_1.00-2.00, DebtRatio_explicit_bin_2.00+, NumberOfDependents_final_bin_0, NumberOfDependents_final_bin_1, NumberOfDependents_final_bin_2, NumberOfDependents_final_bin_3+, RealEstateLoans_final_bin_0, RealEstateLoans_final_bin_1-2, RealEstateLoans_final_bin_3+, NumberOfTime30-59DaysPastDueNotWorse_final_bin_0, NumberOfTime30-59DaysPastDueNotWorse_final_bin_1, NumberOfTime30-59DaysPastDueNotWorse_final_bin_2, NumberOfTime30-59DaysPastDueNotWorse_final_bin_3+, NumberOfTime60-89DaysPastDueNotWorse_final_bin_0, NumberOfTime60-89DaysPastDueNotWorse_final_bin_1, NumberOfTime60-89DaysPastDueNotWorse_final_bin_2, NumberOfTime60-89DaysPastDueNotWorse_final_bin_3+, NumberOfTimes90DaysLate_final_bin_0, NumberOfTimes90DaysLate_final_bin_1, NumberOfTimes90DaysLate_final_bin_2, NumberOfTimes90DaysLate_final_bin_3+","{'alpha': 0.25, 'fit_prior': True}",False,bernoulli_nb_alpha_fit_prior_grid,0.8534563485994492,0.7069126971988984,0.5499748738360111,0.3710934359190551,0.34519592890375456,0.07580887242802425,0.908896177789678,0.37030558699454674,0.5137025406794177,0.43037369207772797,91447,6120,3407,3599,0.5,0.858707096223239,0.7174141924464781,0.5678471334950026,0.3826791776442519,0.3396096246281849,0.0751030199355641,0.9093201240600665,0.37293413173652695,0.5184815184815185,0.43382557815547507,39196,2618,1446,1557,0.5,,,,,
BNB008,naive_bayes,BernoulliNB binned one-hot,binned_ohe,44,"MonthlyIncome_missing_flag_bin, DebtRatio_high_flag_bin, NumberOfDependents_missing_flag_bin, RevolvingUtilization_final_bin_0-5%, RevolvingUtilization_final_bin_100%+, RevolvingUtilization_final_bin_15-30%, RevolvingUtilization_final_bin_30-50%, RevolvingUtilization_final_bin_5-15%, RevolvingUtilization_final_bin_50-75%, RevolvingUtilization_final_bin_75-100%, RevolvingUtilization_final_bin_=0, age_final_bin_v2_21-39, age_final_bin_v2_40-49, age_final_bin_v2_50-59, age_final_bin_v2_60-69, age_final_bin_v2_70+, MonthlyIncome_final_bin_0-5000, MonthlyIncome_final_bin_10000+, MonthlyIncome_final_bin_5000-10000, DebtRatio_explicit_bin_0-0.20, DebtRatio_explicit_bin_0.20-0.40, DebtRatio_explicit_bin_0.40-0.60, DebtRatio_explicit_bin_0.60-1.00, DebtRatio_explicit_bin_1.00-2.00, DebtRatio_explicit_bin_2.00+, NumberOfDependents_final_bin_0, NumberOfDependents_final_bin_1, NumberOfDependents_final_bin_2, NumberOfDependents_final_bin_3+, RealEstateLoans_final_bin_0, RealEstateLoans_final_bin_1-2, RealEstateLoans_final_bin_3+, NumberOfTime30-59DaysPastDueNotWorse_final_bin_0, NumberOfTime30-59DaysPastDueNotWorse_final_bin_1, NumberOfTime30-59DaysPastDueNotWorse_final_bin_2, NumberOfTime30-59DaysPastDueNotWorse_final_bin_3+, NumberOfTime60-89DaysPastDueNotWorse_final_bin_0, NumberOfTime60-89DaysPastDueNotWorse_final_bin_1, NumberOfTime60-89DaysPastDueNotWorse_final_bin_2, NumberOfTime60-89DaysPastDueNotWorse_final_bin_3+, NumberOfTimes90DaysLate_final_bin_0, NumberOfTimes90DaysLate_final_bin_1, NumberOfTimes90DaysLate_final_bin_2, NumberOfTimes90DaysLate_final_bin_3+","{'alpha': 0.25, 'fit_prior': False}",False,bernoulli_nb_alpha_fit_prior_grid,0.8534563485994492,0.7069126971988984,0.5499748738360111,0.3710934359190551,0.5888289249715207,0.1336002898130083,0.8296787889799471,0.23818754543251758,0.7015415358264345,0.3556311276726602,81847,15720,2091,4915,0.5,0.858707096223239,0.7174141924464781,0.5678471334950026,0.3826791776442519,0.5833338744543448,0.13221958805003955,0.8312470714237901,0.24132062627637849,0.7082917082917083,0.35998984513835997,35127,6687,876,2127,0.5,,,,,
BNB009,naive_bayes,BernoulliNB binned one-hot,binned_ohe,44,"MonthlyIncome_missing_flag_bin, DebtRatio_high_flag_bin, NumberOfDependents_missing_flag_bin, RevolvingUtilization_final_bin_0-5%, RevolvingUtilization_final_bin_100%+, RevolvingUtilization_final_bin_15-30%, RevolvingUtilization_final_bin_30-50%, RevolvingUtilization_final_bin_5-15%, RevolvingUtilization_final_bin_50-75%, RevolvingUtilization_final_bin_75-100%, RevolvingUtilization_final_bin_=0, age_final_bin_v2_21-39, age_final_bin_v2_40-49, age_final_bin_v2_50-59, age_final_bin_v2_60-69, age_final_bin_v2_70+, MonthlyIncome_final_bin_0-5000, MonthlyIncome_final_bin_10000+, MonthlyIncome_final_bin_5000-10000, DebtRatio_explicit_bin_0-0.20, DebtRatio_explicit_bin_0.20-0.40, DebtRatio_explicit_bin_0.40-0.60, DebtRatio_explicit_bin_0.60-1.00, DebtRatio_explicit_bin_1.00-2.00, DebtRatio_explicit_bin_2.00+, NumberOfDependents_final_bin_0, NumberOfDependents_final_bin_1, NumberOfDependents_final_bin_2, NumberOfDependents_final_bin_3+, RealEstateLoans_final_bin_0, RealEstateLoans_final_bin_1-2, RealEstateLoans_final_bin_3+, NumberOfTime30-59DaysPastDueNotWorse_final_bin_0, NumberOfTime30-59DaysPastDueNotWorse_final_bin_1, NumberOfTime30-59DaysPastDueNotWorse_final_bin_2, NumberOfTime30-59DaysPastDueNotWorse_final_bin_3+, NumberOfTime60-89DaysPastDueNotWorse_final_bin_0, NumberOfTime60-89DaysPastDueNotWorse_final_bin_1, NumberOfTime60-89DaysPastDueNotWorse_final_bin_2, NumberOfTime60-89DaysPastDueNotWorse_final_bin_3+, NumberOfTimes90DaysLate_final_bin_0, NumberOfTimes90DaysLate_final_bin_1, NumberOfTimes90DaysLate_final_bin_2, NumberOfTimes90DaysLate_final_bin_3+","{'alpha': 0.5, 'fit_prior': True}",False,bernoulli_nb_alpha_fit_prior_grid,0.8534595597557135,0.706919119511427,0.5500876168741284,0.37109253356437477,0.34517443480909954,0.0758053788452414,0.908896177789678,0.37030558699454674,0.5137025406794177,0.43037369207772797,91447,6120,3407,3599,0.5,0.858707382921761,0.7174147658435219,0.5679188798000678,0.3826864692885153,0.33958868660087965,0.07509964943784458,0.9093201240600665,0.37293413173652695,0.5184815184815185,0.43382557815547507,39196,2618,1446,1557,0.5,,,,,
BNB010,naive_bayes,BernoulliNB binned one-hot,binned_ohe,44,"MonthlyIncome_missing_flag_bin, DebtRatio_high_flag_bin, NumberOfDependents_missing_flag_bin, RevolvingUtilization_final_bin_0-5%, RevolvingUtilization_final_bin_100%+, RevolvingUtilization_final_bin_15-30%, RevolvingUtilization_final_bin_30-50%, RevolvingUtilization_final_bin_5-15%, RevolvingUtilization_final_bin_50-75%, RevolvingUtilization_final_bin_75-100%, RevolvingUtilization_final_bin_=0, age_final_bin_v2_21-39, age_final_bin_v2_40-49, age_final_bin_v2_50-59, age_final_bin_v2_60-69, age_final_bin_v2_70+, MonthlyIncome_final_bin_0-5000, MonthlyIncome_final_bin_10000+, MonthlyIncome_final_bin_5000-10000, DebtRatio_explicit_bin_0-0.20, DebtRatio_explicit_bin_0.20-0.40, DebtRatio_explicit_bin_0.40-0.60, DebtRatio_explicit_bin_0.60-1.00, DebtRatio_explicit_bin_1.00-2.00, DebtRatio_explicit_bin_2.00+, NumberOfDependents_final_bin_0, NumberOfDependents_final_bin_1, NumberOfDependents_final_bin_2, NumberOfDependents_final_bin_3+, RealEstateLoans_final_bin_0, RealEstateLoans_final_bin_1-2, RealEstateLoans_final_bin_3+, NumberOfTime30-59DaysPastDueNotWorse_final_bin_0, NumberOfTime30-59DaysPastDueNotWorse_final_bin_1, NumberOfTime30-59DaysPastDueNotWorse_final_bin_2, NumberOfTime30-59DaysPastDueNotWorse_final_bin_3+, NumberOfTime60-89DaysPastDueNotWorse_final_bin_0, NumberOfTime60-89DaysPastDueNotWorse_final_bin_1, NumberOfTime60-89DaysPastDueNotWorse_final_bin_2, NumberOfTime60-89DaysPastDueNotWorse_final_bin_3+, NumberOfTimes90DaysLate_final_bin_0, NumberOfTimes90DaysLate_final_bin_1, NumberOfTimes90DaysLate_final_bin_2, NumberOfTimes90DaysLate_final_bin_3+","{'alpha': 0.5, 'fit_prior': False}",False,bernoulli_nb_alpha_fit_prior_grid,0.8534595597557135,0.706919119511427,0.5500876168741284,0.37109253356437477,0.5887772178946509,0.1335883094181332,0.8296787889799471,0.23818754543251758,0.7015415358264345,0.3556311276726602,81847,15720,2091,4915,0.5,0.858707382921761,0.7174147658435219,0.5679188798000678,0.3826864692885153,0.5832829263283386,0.13220780765755324,0.8312470714237901,0.24132062627637849,0.7082917082917083,0.35998984513835997,35127,6687,876,2127,0.5,,,,,
BNB011,naive_bayes,BernoulliNB binned one-hot,binned_ohe,44,"MonthlyIncome_missing_flag_bin, DebtRatio_high_flag_bin, NumberOfDependents_missing_flag_bin, RevolvingUtilization_final_bin_0-5%, RevolvingUtilization_final_bin_100%+, RevolvingUtilization_final_bin_15-30%, RevolvingUtilization_final_bin_30-50%, RevolvingUtilization_final_bin_5-15%, RevolvingUtilization_final_bin_50-75%, RevolvingUtilization_final_bin_75-100%, RevolvingUtilization_final_bin_=0, age_final_bin_v2_21-39, age_final_bin_v2_40-49, age_final_bin_v2_50-59, age_final_bin_v2_60-69, age_final_bin_v2_70+, MonthlyIncome_final_bin_0-5000, MonthlyIncome_final_bin_10000+, MonthlyIncome_final_bin_5000-10000, DebtRatio_explicit_bin_0-0.20, DebtRatio_explicit_bin_0.20-0.40, DebtRatio_explicit_bin_0.40-0.60, DebtRatio_explicit_bin_0.60-1.00, DebtRatio_explicit_bin_1.00-2.00, DebtRatio_explicit_bin_2.00+, NumberOfDependents_final_bin_0, NumberOfDependents_final_bin_1, NumberOfDependents_final_bin_2, NumberOfDependents_final_bin_3+, RealEstateLoans_final_bin_0, RealEstateLoans_final_bin_1-2, RealEstateLoans_final_bin_3+, NumberOfTime30-59DaysPastDueNotWorse_final_bin_0, NumberOfTime30-59DaysPastDueNotWorse_final_bin_1, NumberOfTime30-59DaysPastDueNotWorse_final_bin_2, NumberOfTime30-59DaysPastDueNotWorse_final_bin_3+, NumberOfTime60-89DaysPastDueNotWorse_final_bin_0, NumberOfTime60-89DaysPastDueNotWorse_final_bin_1, NumberOfTime60-89DaysPastDueNotWorse_final_bin_2, NumberOfTime60-89DaysPastDueNotWorse_final_bin_3+, NumberOfTimes90DaysLate_final_bin_0, NumberOfTimes90DaysLate_final_bin_1, NumberOfTimes90DaysLate_final_bin_2, NumberOfTimes90DaysLate_final_bin_3+","{'alpha': 1.0, 'fit_prior': True}",False,bernoulli_nb_alpha_fit_prior_grid,0.8534631585914356,0.7069263171828712,0.5498416320636905,0.37108880642347175,0.34513146743618295,0.07579838871465694,0.9089153031853346,0.3704084782385019,0.5138452754781616,0.4304932735426009,91448,6119,3406,3600,0.5,0.8587092225706088,0.7174184451412176,0.5679179480298723,0.3826821652098104,0.33954683023236293,0.07509290598226415,0.9093201240600665,0.37293413173652695,0.5184815184815185,0.43382557815547507,39196,2618,1446,1557,0.5,,,,,
BNB012,naive_bayes,BernoulliNB binned one-hot,binned_ohe,44,"MonthlyIncome_missing_flag_bin, DebtRatio_high_flag_bin, NumberOfDependents_missing_flag_bin, RevolvingUtilization_final_bin_0-5%, RevolvingUtilization_final_bin_100%+, RevolvingUtilization_final_bin_15-30%, RevolvingUtilization_final_bin_30-50%, RevolvingUtilization_final_bin_5-15%, RevolvingUtilization_final_bin_50-75%, RevolvingUtilization_final_bin_75-100%, RevolvingUtilization_final_bin_=0, age_final_bin_v2_21-39, age_final_bin_v2_40-49, age_final_bin_v2_50-59, age_final_bin_v2_60-69, age_final_bin_v2_70+, MonthlyIncome_final_bin_0-5000, MonthlyIncome_final_bin_10000+, MonthlyIncome_final_bin_5000-10000, DebtRatio_explicit_bin_0-0.20, DebtRatio_explicit_bin_0.20-0.40, DebtRatio_explicit_bin_0.40-0.60, DebtRatio_explicit_bin_0.60-1.00, DebtRatio_explicit_bin_1.00-2.00, DebtRatio_explicit_bin_2.00+, NumberOfDependents_final_bin_0, NumberOfDependents_final_bin_1, NumberOfDependents_final_bin_2, NumberOfDependents_final_bin_3+, RealEstateLoans_final_bin_0, RealEstateLoans_final_bin_1-2, RealEstateLoans_final_bin_3+, NumberOfTime30-59DaysPastDueNotWorse_final_bin_0, NumberOfTime30-59DaysPastDueNotWorse_final_bin_1, NumberOfTime30-59DaysPastDueNotWorse_final_bin_2, NumberOfTime30-59DaysPastDueNotWorse_final_bin_3+, NumberOfTime60-89DaysPastDueNotWorse_final_bin_0, NumberOfTime60-89DaysPastDueNotWorse_final_bin_1, NumberOfTime60-89DaysPastDueNotWorse_final_bin_2, NumberOfTime60-89DaysPastDueNotWorse_final_bin_3+, NumberOfTimes90DaysLate_final_bin_0, NumberOfTimes90DaysLate_final_bin_1, NumberOfTimes90DaysLate_final_bin_2, NumberOfTimes90DaysLate_final_bin_3+","{'alpha': 1.0, 'fit_prior': False}",False,bernoulli_nb_alpha_fit_prior_grid,0.8534631585914356,0.7069263171828712,0.5498416320636905,0.37108880642347175,0.5886737490242774,0.13356433471883342,0.8296692262821187,0.23817600310137624,0.7015415358264345,0.3556182620649736,81846,15721,2091,4915,0.5,0.8587092225706088,0.7174184451412176,0.5679179480298723,0.3826821652098104,0.5831809737385419,0.13218423268815802,0.8312247584621907,0.24129325014180375,0.7082917082917083,0.3599593839905229,35126,6688,876,2127,0.5,,,,,
BNB013,naive_bayes,BernoulliNB binned one-hot,binned_ohe,44,"MonthlyIncome_missing_flag_bin, DebtRatio_high_flag_bin, NumberOfDependents_missing_flag_bin, RevolvingUtilization_final_bin_0-5%, RevolvingUtilization_final_bin_100%+, RevolvingUtilization_final_bin_15-30%, RevolvingUtilization_final_bin_30-50%, RevolvingUtilization_final_bin_5-15%, RevolvingUtilization_final_bin_50-75%, RevolvingUtilization_final_bin_75-100%, RevolvingUtilization_final_bin_=0, age_final_bin_v2_21-39, age_final_bin_v2_40-49, age_final_bin_v2_50-59, age_final_bin_v2_60-69, age_final_bin_v2_70+, MonthlyIncome_final_bin_0-5000, MonthlyIncome_final_bin_10000+, MonthlyIncome_final_bin_5000-10000, DebtRatio_explicit_bin_0-0.20, DebtRatio_explicit_bin_0.20-0.40, DebtRatio_explicit_bin_0.40-0.60, DebtRatio_explicit_bin_0.60-1.00, DebtRatio_explicit_bin_1.00-2.00, DebtRatio_explicit_bin_2.00+, NumberOfDependents_final_bin_0, NumberOfDependents_final_bin_1, NumberOfDependents_final_bin_2, NumberOfDependents_final_bin_3+, RealEstateLoans_final_bin_0, RealEstateLoans_final_bin_1-2, RealEstateLoans_final_bin_3+, NumberOfTime30-59DaysPastDueNotWorse_final_bin_0, NumberOfTime30-59DaysPastDueNotWorse_final_bin_1, NumberOfTime30-59DaysPastDueNotWorse_final_bin_2, NumberOfTime30-59DaysPastDueNotWorse_final_bin_3+, NumberOfTime60-89DaysPastDueNotWorse_final_bin_0, NumberOfTime60-89DaysPastDueNotWorse_final_bin_1, NumberOfTime60-89DaysPastDueNotWorse_final_bin_2, NumberOfTime60-89DaysPastDueNotWorse_final_bin_3+, NumberOfTimes90DaysLate_final_bin_0, NumberOfTimes90DaysLate_final_bin_1, NumberOfTimes90DaysLate_final_bin_2, NumberOfTimes90DaysLate_final_bin_3+","{'alpha': 2.0, 'fit_prior': True}",False,bernoulli_nb_alpha_fit_prior_grid,0.8534698471592902,0.7069396943185804,0.5500451067243657,0.3710890693364827,0.34504561561880626,0.07578439665507913,0.908924865883163,0.3704465939493723,0.5138452754781616,0.43051901458981107,91449,6118,3406,3600,0.5,0.8587134991568914,0.7174269983137829,0.5678222862897851,0.38268649826947554,0.33946319593348245,0.07507940926486091,0.9093201240600665,0.37293413173652695,0.5184815184815185,0.43382557815547507,39196,2618,1446,1557,0.5,,,,,
BNB014,naive_bayes,BernoulliNB binned one-hot,binned_ohe,44,"MonthlyIncome_missing_flag_bin, DebtRatio_high_flag_bin, NumberOfDependents_missing_flag_bin, RevolvingUtilization_final_bin_0-5%, RevolvingUtilization_final_bin_100%+, RevolvingUtilization_final_bin_15-30%, RevolvingUtilization_final_bin_30-50%, RevolvingUtilization_final_bin_5-15%, RevolvingUtilization_final_bin_50-75%, RevolvingUtilization_final_bin_75-100%, RevolvingUtilization_final_bin_=0, age_final_bin_v2_21-39, age_final_bin_v2_40-49, age_final_bin_v2_50-59, age_final_bin_v2_60-69, age_final_bin_v2_70+, MonthlyIncome_final_bin_0-5000, MonthlyIncome_final_bin_10000+, MonthlyIncome_final_bin_5000-10000, DebtRatio_explicit_bin_0-0.20, DebtRatio_explicit_bin_0.20-0.40, DebtRatio_explicit_bin_0.40-0.60, DebtRatio_explicit_bin_0.60-1.00, DebtRatio_explicit_bin_1.00-2.00, DebtRatio_explicit_bin_2.00+, NumberOfDependents_final_bin_0, NumberOfDependents_final_bin_1, NumberOfDependents_final_bin_2, NumberOfDependents_final_bin_3+, RealEstateLoans_final_bin_0, RealEstateLoans_final_bin_1-2, RealEstateLoans_final_bin_3+, NumberOfTime30-59DaysPastDueNotWorse_final_bin_0, NumberOfTime30-59DaysPastDueNotWorse_final_bin_1, NumberOfTime30-59DaysPastDueNotWorse_final_bin_2, NumberOfTime30-59DaysPastDueNotWorse_final_bin_3+, NumberOfTime60-89DaysPastDueNotWorse_final_bin_0, NumberOfTime60-89DaysPastDueNotWorse_final_bin_1, NumberOfTime60-89DaysPastDueNotWorse_final_bin_2, NumberOfTime60-89DaysPastDueNotWorse_final_bin_3+, NumberOfTimes90DaysLate_final_bin_0, NumberOfTimes90DaysLate_final_bin_1, NumberOfTimes90DaysLate_final_bin_2, NumberOfTimes90DaysLate_final_bin_3+","{'alpha': 2.0, 'fit_prior': False}",False,bernoulli_nb_alpha_fit_prior_grid,0.8534698471592902,0.7069396943185804,0.5500451067243657,0.3710890693364827,0.5884665934139811,0.13351633003404986,0.8296405381886338,0.23814138281893502,0.7015415358264345,0.3555796708265509,81843,15724,2091,4915,0.5,0.8587134991568914,0.7174269983137829,0.5678222862897851,0.38268649826947554,0.582976844280006,0.13213702639073033,0.8312247584621907,0.24129325014180375,0.7082917082917083,0.3599593839905229,35126,6688,876,2127,0.5,,,,,
BNB015,naive_bayes,BernoulliNB binned one-hot,binned_ohe,44,"MonthlyIncome_missing_flag_bin, DebtRatio_high_flag_bin, NumberOfDependents_missing_flag_bin, RevolvingUtilization_final_bin_0-5%, RevolvingUtilization_final_bin_100%+, RevolvingUtilization_final_bin_15-30%, RevolvingUtilization_final_bin_30-50%, RevolvingUtilization_final_bin_5-15%, RevolvingUtilization_final_bin_50-75%, RevolvingUtilization_final_bin_75-100%, RevolvingUtilization_final_bin_=0, age_final_bin_v2_21-39, age_final_bin_v2_40-49, age_final_bin_v2_50-59, age_final_bin_v2_60-69, age_final_bin_v2_70+, MonthlyIncome_final_bin_0-5000, MonthlyIncome_final_bin_10000+, MonthlyIncome_final_bin_5000-10000, DebtRatio_explicit_bin_0-0.20, DebtRatio_explicit_bin_0.20-0.40, DebtRatio_explicit_bin_0.40-0.60, DebtRatio_explicit_bin_0.60-1.00, DebtRatio_explicit_bin_1.00-2.00, DebtRatio_explicit_bin_2.00+, NumberOfDependents_final_bin_0, NumberOfDependents_final_bin_1, NumberOfDependents_final_bin_2, NumberOfDependents_final_bin_3+, RealEstateLoans_final_bin_0, RealEstateLoans_final_bin_1-2, RealEstateLoans_final_bin_3+, NumberOfTime30-59DaysPastDueNotWorse_final_bin_0, NumberOfTime30-59DaysPastDueNotWorse_final_bin_1, NumberOfTime30-59DaysPastDueNotWorse_final_bin_2, NumberOfTime30-59DaysPastDueNotWorse_final_bin_3+, NumberOfTime60-89DaysPastDueNotWorse_final_bin_0, NumberOfTime60-89DaysPastDueNotWorse_final_bin_1, NumberOfTime60-89DaysPastDueNotWorse_final_bin_2, NumberOfTime60-89DaysPastDueNotWorse_final_bin_3+, NumberOfTimes90DaysLate_final_bin_0, NumberOfTimes90DaysLate_final_bin_1, NumberOfTimes90DaysLate_final_bin_2, NumberOfTimes90DaysLate_final_bin_3+","{'alpha': 5.0, 'fit_prior': True}",False,bernoulli_nb_alpha_fit_prior_grid,0.8534804739652602,0.7069609479305203,0.5499418567126717,0.37111125776729603,0.34478871694345614,0.07574232734493831,0.9089631166744762,0.3705991352686844,0.5138452754781616,0.430622009569378,91453,6114,3406,3600,0.5,0.8587268943489348,0.7174537886978696,0.5677284403070025,0.3827214214095096,0.3392129144889752,0.07503884137569573,0.9093201240600665,0.37293413173652695,0.5184815184815185,0.43382557815547507,39196,2618,1446,1557,0.5,,,,,
BNB016,naive_bayes,BernoulliNB binned one-hot,binned_ohe,44,"MonthlyIncome_missing_flag_bin, DebtRatio_high_flag_bin, NumberOfDependents_missing_flag_bin, RevolvingUtilization_final_bin_0-5%, RevolvingUtilization_final_bin_100%+, RevolvingUtilization_final_bin_15-30%, RevolvingUtilization_final_bin_30-50%, RevolvingUtilization_final_bin_5-15%, RevolvingUtilization_final_bin_50-75%, RevolvingUtilization_final_bin_75-100%, RevolvingUtilization_final_bin_=0, age_final_bin_v2_21-39, age_final_bin_v2_40-49, age_final_bin_v2_50-59, age_final_bin_v2_60-69, age_final_bin_v2_70+, MonthlyIncome_final_bin_0-5000, MonthlyIncome_final_bin_10000+, MonthlyIncome_final_bin_5000-10000, DebtRatio_explicit_bin_0-0.20, DebtRatio_explicit_bin_0.20-0.40, DebtRatio_explicit_bin_0.40-0.60, DebtRatio_explicit_bin_0.60-1.00, DebtRatio_explicit_bin_1.00-2.00, DebtRatio_explicit_bin_2.00+, NumberOfDependents_final_bin_0, NumberOfDependents_final_bin_1, NumberOfDependents_final_bin_2, NumberOfDependents_final_bin_3+, RealEstateLoans_final_bin_0, RealEstateLoans_final_bin_1-2, RealEstateLoans_final_bin_3+, NumberOfTime30-59DaysPastDueNotWorse_final_bin_0, NumberOfTime30-59DaysPastDueNotWorse_final_bin_1, NumberOfTime30-59DaysPastDueNotWorse_final_bin_2, NumberOfTime30-59DaysPastDueNotWorse_final_bin_3+, NumberOfTime60-89DaysPastDueNotWorse_final_bin_0, NumberOfTime60-89DaysPastDueNotWorse_final_bin_1, NumberOfTime60-89DaysPastDueNotWorse_final_bin_2, NumberOfTime60-89DaysPastDueNotWorse_final_bin_3+, NumberOfTimes90DaysLate_final_bin_0, NumberOfTimes90DaysLate_final_bin_1, NumberOfTimes90DaysLate_final_bin_2, NumberOfTimes90DaysLate_final_bin_3+","{'alpha': 5.0, 'fit_prior': False}",False,bernoulli_nb_alpha_fit_prior_grid,0.8534804739652602,0.7069609479305203,0.5499418567126717,0.37111125776729603,0.5878434052263548,0.13337188087257523,0.8303577405257572,0.2388575321136629,0.7006851270339709,0.3562667827853981,81924,15643,2097,4909,0.5,0.8587268943489348,0.7174537886978696,0.5677284403070025,0.3827214214095096,0.5823626842693899,0.13199496434483404,0.8316263917709797,0.24143426294820716,0.7062937062937062,0.35985748218527314,35150,6664,882,2121,0.5,,,,,
BNB017,naive_bayes,BernoulliNB binned one-hot,binned_ohe,44,"MonthlyIncome_missing_flag_bin, DebtRatio_high_flag_bin, NumberOfDependents_missing_flag_bin, RevolvingUtilization_final_bin_0-5%, RevolvingUtilization_final_bin_100%+, RevolvingUtilization_final_bin_15-30%, RevolvingUtilization_final_bin_30-50%, RevolvingUtilization_final_bin_5-15%, RevolvingUtilization_final_bin_50-75%, RevolvingUtilization_final_bin_75-100%, RevolvingUtilization_final_bin_=0, age_final_bin_v2_21-39, age_final_bin_v2_40-49, age_final_bin_v2_50-59, age_final_bin_v2_60-69, age_final_bin_v2_70+, MonthlyIncome_final_bin_0-5000, MonthlyIncome_final_bin_10000+, MonthlyIncome_final_bin_5000-10000, DebtRatio_explicit_bin_0-0.20, DebtRatio_explicit_bin_0.20-0.40, DebtRatio_explicit_bin_0.40-0.60, DebtRatio_explicit_bin_0.60-1.00, DebtRatio_explicit_bin_1.00-2.00, DebtRatio_explicit_bin_2.00+, NumberOfDependents_final_bin_0, NumberOfDependents_final_bin_1, NumberOfDependents_final_bin_2, NumberOfDependents_final_bin_3+, RealEstateLoans_final_bin_0, RealEstateLoans_final_bin_1-2, RealEstateLoans_final_bin_3+, NumberOfTime30-59DaysPastDueNotWorse_final_bin_0, NumberOfTime30-59DaysPastDueNotWorse_final_bin_1, NumberOfTime30-59DaysPastDueNotWorse_final_bin_2, NumberOfTime30-59DaysPastDueNotWorse_final_bin_3+, NumberOfTime60-89DaysPastDueNotWorse_final_bin_0, NumberOfTime60-89DaysPastDueNotWorse_final_bin_1, NumberOfTime60-89DaysPastDueNotWorse_final_bin_2, NumberOfTime60-89DaysPastDueNotWorse_final_bin_3+, NumberOfTimes90DaysLate_final_bin_0, NumberOfTimes90DaysLate_final_bin_1, NumberOfTimes90DaysLate_final_bin_2, NumberOfTimes90DaysLate_final_bin_3+","{'alpha': 10.0, 'fit_prior': True}",False,bernoulli_nb_alpha_fit_prior_grid,0.853507332105514,0.707014664211028,0.5500428377023311,0.37111565174143835,0.34436269989172247,0.07567190959880853,0.909049180954931,0.3708895990104113,0.5135598058806737,0.4307176632549231,91464,6103,3408,3598,0.5,0.8587562172366305,0.7175124344732611,0.5678222862897851,0.3828451098817318,0.3387978121239509,0.07497097393933332,0.9093647499832653,0.37311286843997127,0.5184815184815185,0.43394648829431437,39198,2616,1446,1557,0.5,,,,,
BNB018,naive_bayes,BernoulliNB binned one-hot,binned_ohe,44,"MonthlyIncome_missing_flag_bin, DebtRatio_high_flag_bin, NumberOfDependents_missing_flag_bin, RevolvingUtilization_final_bin_0-5%, RevolvingUtilization_final_bin_100%+, RevolvingUtilization_final_bin_15-30%, RevolvingUtilization_final_bin_30-50%, RevolvingUtilization_final_bin_5-15%, RevolvingUtilization_final_bin_50-75%, RevolvingUtilization_final_bin_75-100%, RevolvingUtilization_final_bin_=0, age_final_bin_v2_21-39, age_final_bin_v2_40-49, age_final_bin_v2_50-59, age_final_bin_v2_60-69, age_final_bin_v2_70+, MonthlyIncome_final_bin_0-5000, MonthlyIncome_final_bin_10000+, MonthlyIncome_final_bin_5000-10000, DebtRatio_explicit_bin_0-0.20, DebtRatio_explicit_bin_0.20-0.40, DebtRatio_explicit_bin_0.40-0.60, DebtRatio_explicit_bin_0.60-1.00, DebtRatio_explicit_bin_1.00-2.00, DebtRatio_explicit_bin_2.00+, NumberOfDependents_final_bin_0, NumberOfDependents_final_bin_1, NumberOfDependents_final_bin_2, NumberOfDependents_final_bin_3+, RealEstateLoans_final_bin_0, RealEstateLoans_final_bin_1-2, RealEstateLoans_final_bin_3+, NumberOfTime30-59DaysPastDueNotWorse_final_bin_0, NumberOfTime30-59DaysPastDueNotWorse_final_bin_1, NumberOfTime30-59DaysPastDueNotWorse_final_bin_2, NumberOfTime30-59DaysPastDueNotWorse_final_bin_3+, NumberOfTime60-89DaysPastDueNotWorse_final_bin_0, NumberOfTime60-89DaysPastDueNotWorse_final_bin_1, NumberOfTime60-89DaysPastDueNotWorse_final_bin_2, NumberOfTime60-89DaysPastDueNotWorse_final_bin_3+, NumberOfTimes90DaysLate_final_bin_0, NumberOfTimes90DaysLate_final_bin_1, NumberOfTimes90DaysLate_final_bin_2, NumberOfTimes90DaysLate_final_bin_3+","{'alpha': 10.0, 'fit_prior': False}",False,bernoulli_nb_alpha_fit_prior_grid,0.853507332105514,0.707014664211028,0.5500428377023311,0.37111565174143835,0.5867991622366691,0.13312972902202377,0.8306733095540914,0.2391908359736778,0.700399657436483,0.35660041422913413,81959,15608,2099,4907,0.5,0.8587562172366305,0.7175124344732611,0.5678222862897851,0.3828451098817318,0.5813333270831116,0.1317567674636969,0.8319610861949707,0.2417883211678832,0.7059607059607059,0.36020728910033134,35166,6648,883,2120,0.5,,,,,
WGNB001,naive_bayes,WOE GaussianNB baseline,woe,12,"RevolvingUtilization_final_bin_woe, age_final_bin_v2_woe, MonthlyIncome_final_bin_woe, MonthlyIncome_missing_flag_bin_woe, DebtRatio_high_flag_bin_woe, DebtRatio_explicit_bin_woe, NumberOfDependents_final_bin_woe, NumberOfDependents_missing_flag_bin_woe, RealEstateLoans_final_bin_woe, NumberOfTime30-59DaysPastDueNotWorse_final_bin_woe, NumberOfTime60-89DaysPastDueNotWorse_final_bin_woe, NumberOfTimes90DaysLate_final_bin_woe","{'priors': None, 'var_smoothing': 1e-09}",False,all_woe_features,0.8479575551032733,0.6959151102065466,0.5515161673993579,0.37029301001177717,0.8258248781309527,0.09310720211918529,0.9005766306790471,0.3439197275154193,0.5332572081073366,0.4181543455145783,90440,7127,3270,3736,0.5,0.8522612772505153,0.7045225545010305,0.5640505999954989,0.38258731562267956,0.8173821074723937,0.09283507991876272,0.9005288171899056,0.34425176621708414,0.5354645354645354,0.4190774042220485,38751,3063,1395,1608,0.5,,,,,
WGNB002,naive_bayes,WOE GaussianNB var_smoothing,woe,12,"RevolvingUtilization_final_bin_woe, age_final_bin_v2_woe, MonthlyIncome_final_bin_woe, MonthlyIncome_missing_flag_bin_woe, DebtRatio_high_flag_bin_woe, DebtRatio_explicit_bin_woe, NumberOfDependents_final_bin_woe, NumberOfDependents_missing_flag_bin_woe, RealEstateLoans_final_bin_woe, NumberOfTime30-59DaysPastDueNotWorse_final_bin_woe, NumberOfTime60-89DaysPastDueNotWorse_final_bin_woe, NumberOfTimes90DaysLate_final_bin_woe",{'var_smoothing': 1e-12},False,woe_gaussian_nb_var_smoothing_grid,0.8479575565662146,0.6959151131324293,0.5515161673993579,0.37029301038544793,0.8258248877888865,0.09310720240682122,0.9005766306790471,0.3439197275154193,0.5332572081073366,0.4181543455145783,90440,7127,3270,3736,0.5,0.8522612772505153,0.7045225545010305,0.5640505999954989,0.38258731562267956,0.8173821168327582,0.09283508022584269,0.9005288171899056,0.34425176621708414,0.5354645354645354,0.4190774042220485,38751,3063,1395,1608,0.5,,,,,
WGNB003,naive_bayes,WOE GaussianNB var_smoothing,woe,12,"RevolvingUtilization_final_bin_woe, age_final_bin_v2_woe, MonthlyIncome_final_bin_woe, MonthlyIncome_missing_flag_bin_woe, DebtRatio_high_flag_bin_woe, DebtRatio_explicit_bin_woe, NumberOfDependents_final_bin_woe, NumberOfDependents_missing_flag_bin_woe, RealEstateLoans_final_bin_woe, NumberOfTime30-59DaysPastDueNotWorse_final_bin_woe, NumberOfTime60-89DaysPastDueNotWorse_final_bin_woe, NumberOfTimes90DaysLate_final_bin_woe",{'var_smoothing': 1e-11},False,woe_gaussian_nb_var_smoothing_grid,0.8479575565662146,0.6959151131324293,0.5515161673993579,0.37029301038544793,0.8258248877068899,0.0931072024042299,0.9005766306790471,0.3439197275154193,0.5332572081073366,0.4181543455145783,90440,7127,3270,3736,0.5,0.8522612772505153,0.7045225545010305,0.5640505999954989,0.38258731562267956,0.8173821167530375,0.09283508022307622,0.9005288171899056,0.34425176621708414,0.5354645354645354,0.4190774042220485,38751,3063,1395,1608,0.5,,,,,
WGNB004,naive_bayes,WOE GaussianNB var_smoothing,woe,12,"RevolvingUtilization_final_bin_woe, age_final_bin_v2_woe, MonthlyIncome_final_bin_woe, MonthlyIncome_missing_flag_bin_woe, DebtRatio_high_flag_bin_woe, DebtRatio_explicit_bin_woe, NumberOfDependents_final_bin_woe, NumberOfDependents_missing_flag_bin_woe, RealEstateLoans_final_bin_woe, NumberOfTime30-59DaysPastDueNotWorse_final_bin_woe, NumberOfTime60-89DaysPastDueNotWorse_final_bin_woe, NumberOfTimes90DaysLate_final_bin_woe",{'var_smoothing': 1e-10},False,woe_gaussian_nb_var_smoothing_grid,0.8479575551032733,0.6959151102065466,0.5515161673993579,0.37029301001177717,0.8258248868371214,0.09310720237831677,0.9005766306790471,0.3439197275154193,0.5332572081073366,0.4181543455145783,90440,7127,3270,3736,0.5,0.8522612772505153,0.7045225545010305,0.5640505999954989,0.38258731562267956,0.817382115939336,0.09283508019541134,0.9005288171899056,0.34425176621708414,0.5354645354645354,0.4190774042220485,38751,3063,1395,1608,0.5,,,,,
WGNB005,naive_bayes,WOE GaussianNB var_smoothing,woe,12,"RevolvingUtilization_final_bin_woe, age_final_bin_v2_woe, MonthlyIncome_final_bin_woe, MonthlyIncome_missing_flag_bin_woe, DebtRatio_high_flag_bin_woe, DebtRatio_explicit_bin_woe, NumberOfDependents_final_bin_woe, NumberOfDependents_missing_flag_bin_woe, RealEstateLoans_final_bin_woe, NumberOfTime30-59DaysPastDueNotWorse_final_bin_woe, NumberOfTime60-89DaysPastDueNotWorse_final_bin_woe, NumberOfTimes90DaysLate_final_bin_woe",{'var_smoothing': 1e-09},False,woe_gaussian_nb_var_smoothing_grid,0.8479575551032733,0.6959151102065466,0.5515161673993579,0.37029301001177717,0.8258248781309527,0.09310720211918529,0.9005766306790471,0.3439197275154193,0.5332572081073366,0.4181543455145783,90440,7127,3270,3736,0.5,0.8522612772505153,0.7045225545010305,0.5640505999954989,0.38258731562267956,0.8173821074723937,0.09283507991876272,0.9005288171899056,0.34425176621708414,0.5354645354645354,0.4190774042220485,38751,3063,1395,1608,0.5,,,,,
WGNB006,naive_bayes,WOE GaussianNB var_smoothing,woe,12,"RevolvingUtilization_final_bin_woe, age_final_bin_v2_woe, MonthlyIncome_final_bin_woe, MonthlyIncome_missing_flag_bin_woe, DebtRatio_high_flag_bin_woe, DebtRatio_explicit_bin_woe, NumberOfDependents_final_bin_woe, NumberOfDependents_missing_flag_bin_woe, RealEstateLoans_final_bin_woe, NumberOfTime30-59DaysPastDueNotWorse_final_bin_woe, NumberOfTime60-89DaysPastDueNotWorse_final_bin_woe, NumberOfTimes90DaysLate_final_bin_woe",{'var_smoothing': 1e-08},False,woe_gaussian_nb_var_smoothing_grid,0.8479575551032733,0.6959151102065466,0.5515161673993579,0.37029301827919836,0.8258247886711702,0.09310719952785436,0.9005766306790471,0.3439197275154193,0.5332572081073366,0.4181543455145783,90440,7127,3270,3736,0.5,0.8522612772505153,0.7045225545010305,0.5640505999954989,0.38258731562267956,0.8173820212204657,0.09283507715228174,0.9005288171899056,0.34425176621708414,0.5354645354645354,0.4190774042220485,38751,3063,1395,1608,0.5,,,,,
WGNB007,naive_bayes,WOE GaussianNB var_smoothing,woe,12,"RevolvingUtilization_final_bin_woe, age_final_bin_v2_woe, MonthlyIncome_final_bin_woe, MonthlyIncome_missing_flag_bin_woe, DebtRatio_high_flag_bin_woe, DebtRatio_explicit_bin_woe, NumberOfDependents_final_bin_woe, NumberOfDependents_missing_flag_bin_woe, RealEstateLoans_final_bin_woe, NumberOfTime30-59DaysPastDueNotWorse_final_bin_woe, NumberOfTime60-89DaysPastDueNotWorse_final_bin_woe, NumberOfTimes90DaysLate_final_bin_woe",{'var_smoothing': 1e-07},False,woe_gaussian_nb_var_smoothing_grid,0.8479581044377503,0.6959162088755007,0.5515161673993579,0.3702933949492796,0.8258238871705146,0.09310717361295744,0.9005766306790471,0.3439197275154193,0.5332572081073366,0.4181543455145783,90440,7127,3270,3736,0.5,0.852261747117537,0.704523494235074,0.5640505999954989,0.3825877413001116,0.8173811316160339,0.0928350494879978,0.9005288171899056,0.34425176621708414,0.5354645354645354,0.4190774042220485,38751,3063,1395,1608,0.5,,,,,
WGNB008,naive_bayes,WOE GaussianNB var_smoothing,woe,12,"RevolvingUtilization_final_bin_woe, age_final_bin_v2_woe, MonthlyIncome_final_bin_woe, MonthlyIncome_missing_flag_bin_woe, DebtRatio_high_flag_bin_woe, DebtRatio_explicit_bin_woe, NumberOfDependents_final_bin_woe, NumberOfDependents_missing_flag_bin_woe, RealEstateLoans_final_bin_woe, NumberOfTime30-59DaysPastDueNotWorse_final_bin_woe, NumberOfTime60-89DaysPastDueNotWorse_final_bin_woe, NumberOfTimes90DaysLate_final_bin_woe",{'var_smoothing': 1e-06},False,woe_gaussian_nb_var_smoothing_grid,0.8479601328059327,0.6959202656118655,0.5515454028193063,0.37029434072798706,0.8258147551701207,0.0931069143054582,0.9005766306790471,0.3439197275154193,0.5332572081073366,0.4181543455145783,90440,7127,3270,3736,0.5,0.8522632841401675,0.704526568280335,0.5640266845604771,0.38258952810322366,0.8173724416908079,0.09283477289771305,0.9005288171899056,0.34425176621708414,0.5354645354645354,0.4190774042220485,38751,3063,1395,1608,0.5,,,,,
WGNB009,naive_bayes,WOE GaussianNB var_smoothing,woe,12,"RevolvingUtilization_final_bin_woe, age_final_bin_v2_woe, MonthlyIncome_final_bin_woe, MonthlyIncome_missing_flag_bin_woe, DebtRatio_high_flag_bin_woe, DebtRatio_explicit_bin_woe, NumberOfDependents_final_bin_woe, NumberOfDependents_missing_flag_bin_woe, RealEstateLoans_final_bin_woe, NumberOfTime30-59DaysPastDueNotWorse_final_bin_woe, NumberOfTime60-89DaysPastDueNotWorse_final_bin_woe, NumberOfTimes90DaysLate_final_bin_woe",{'var_smoothing': 1e-05},False,woe_gaussian_nb_var_smoothing_grid,0.8479872308685681,0.6959744617371362,0.5517431661569492,0.37031829386894194,0.825718000605004,0.09310430563226667,0.9005957560747038,0.3439830586502164,0.5332572081073366,0.41820115296356414,90442,7125,3270,3736,0.5,0.8522961270486022,0.7045922540972045,0.5640266845604771,0.38261578789575834,0.8172826473300456,0.0928320122072513,0.9005734431131044,0.3443992289569501,0.5354645354645354,0.4191866527632951,38753,3061,1395,1608,0.5,,,,,
WGNB010,naive_bayes,WOE GaussianNB var_smoothing,woe,12,"RevolvingUtilization_final_bin_woe, age_final_bin_v2_woe, MonthlyIncome_final_bin_woe, MonthlyIncome_missing_flag_bin_woe, DebtRatio_high_flag_bin_woe, DebtRatio_explicit_bin_woe, NumberOfDependents_final_bin_woe, NumberOfDependents_missing_flag_bin_woe, RealEstateLoans_final_bin_woe, NumberOfTime30-59DaysPastDueNotWorse_final_bin_woe, NumberOfTime60-89DaysPastDueNotWorse_final_bin_woe, NumberOfTimes90DaysLate_final_bin_woe",{'var_smoothing': 0.0001},False,woe_gaussian_nb_var_smoothing_grid,0.8482256500778119,0.6964513001556238,0.5520696332228433,0.37060367058955906,0.8247821669150652,0.0930769265491558,0.9005766306790471,0.3438909860970445,0.5331144733085926,0.4180892147534561,90441,7126,3271,3735,0.5,0.85254792002532,0.70509584005064,0.5640745154305207,0.3828045613637586,0.8164240898970668,0.09280487000512805,0.9005734431131044,0.3443992289569501,0.5354645354645354,0.4191866527632951,38753,3061,1395,1608,0.5,,,,,
WGNB011,naive_bayes,WOE GaussianNB top_3_permutation_features,woe_pruned,3,"NumberOfTimes90DaysLate_final_bin_woe, RevolvingUtilization_final_bin_woe, NumberOfTime30-59DaysPastDueNotWorse_final_bin_woe","{'top_k': 3, 'ranking_method': 'validation_permutation_importance'}",False,woe_feature_pruning_from_permutation_importance,0.8398537202310344,0.6797074404620689,0.5275686908677094,0.34921429382459435,0.5591210000920654,0.08030411383226076,0.9124343759861532,0.37369348209042863,0.45418212960319726,0.4100251272469557,92234,5333,3824,3182,0.5,0.8460581804318352,0.6921163608636705,0.5496786181245932,0.35697518015764057,0.5598474233750188,0.0793698312352022,0.9131579534551622,0.37937584803256447,0.46553446553446554,0.4180622009569378,39527,2287,1605,1398,0.5,,,,,
WGNB012,naive_bayes,WOE GaussianNB top_5_permutation_features,woe_pruned,5,"NumberOfTimes90DaysLate_final_bin_woe, RevolvingUtilization_final_bin_woe, NumberOfTime30-59DaysPastDueNotWorse_final_bin_woe, NumberOfTime60-89DaysPastDueNotWorse_final_bin_woe, age_final_bin_v2_woe","{'top_k': 5, 'ranking_method': 'validation_permutation_importance'}",False,woe_feature_pruning_from_permutation_importance,0.8510092083351106,0.7020184166702212,0.5519019391817186,0.3690451659412923,0.8146409994355052,0.09266759540524018,0.9011886433400591,0.3449529313076708,0.5282614901512989,0.41736678883563577,90539,7028,3305,3701,0.5,0.8548372714321918,0.7096745428643836,0.5689644215257645,0.38221377990095395,0.8091953426208764,0.09280193458077161,0.9009081375370953,0.3438314509122502,0.5271395271395272,0.41619560930721705,38793,3021,1420,1583,0.5,,,,,
WGNB013,naive_bayes,WOE GaussianNB top_8_permutation_features,woe_pruned,8,"NumberOfTimes90DaysLate_final_bin_woe, RevolvingUtilization_final_bin_woe, NumberOfTime30-59DaysPastDueNotWorse_final_bin_woe, NumberOfTime60-89DaysPastDueNotWorse_final_bin_woe, age_final_bin_v2_woe, DebtRatio_explicit_bin_woe, NumberOfDependents_missing_flag_bin_woe, RealEstateLoans_final_bin_woe","{'top_k': 8, 'ranking_method': 'validation_permutation_importance'}",False,woe_feature_pruning_from_permutation_importance,0.8517245734890315,0.703449146978063,0.5607495670842011,0.3717122841042051,0.819353789415007,0.09286335730264395,0.9008730743117248,0.34421364985163205,0.5298315729374822,0.41731309724564364,90495,7072,3294,3712,0.5,0.8554616848848446,0.7109233697696893,0.5740493781819653,0.3847737034400285,0.8120364355322364,0.0925648152346307,0.901175893076288,0.3459377700950735,0.5331335331335332,0.41960424583933953,38787,3027,1402,1601,0.5,,,,,
WGNB014,naive_bayes,WOE GaussianNB top_10_permutation_features,woe_pruned,10,"NumberOfTimes90DaysLate_final_bin_woe, RevolvingUtilization_final_bin_woe, NumberOfTime30-59DaysPastDueNotWorse_final_bin_woe, NumberOfTime60-89DaysPastDueNotWorse_final_bin_woe, age_final_bin_v2_woe, DebtRatio_explicit_bin_woe, NumberOfDependents_missing_flag_bin_woe, RealEstateLoans_final_bin_woe, MonthlyIncome_final_bin_woe, NumberOfDependents_final_bin_woe","{'top_k': 10, 'ranking_method': 'validation_permutation_importance'}",False,woe_feature_pruning_from_permutation_importance,0.8507533903643855,0.7015067807287709,0.5584890725347125,0.3718020047305215,0.822524577867906,0.0928973983777764,0.9008252608225833,0.3443138706394004,0.5311161861261776,0.4177847639364509,90481,7086,3285,3721,0.5,0.855342370516714,0.710684741033428,0.5741329508010524,0.3849945905507163,0.8140416568432034,0.09256103280984629,0.9007965727290983,0.3447385409941898,0.5334665334665335,0.4188235294117647,38769,3045,1401,1602,0.5,,,,,
NN001,neural_network,MLPClassifier,scaled,17,"RevolvingUtilization_capped_scaled, age_scaled, age_sq_scaled, NumberOfTime30-59DaysPastDueNotWorse_scaled, DebtRatio_capped_scaled, MonthlyIncome_median_scaled, NumberOfOpenCreditLinesAndLoans_scaled, NumberOfTimes90DaysLate_scaled, NumberRealEstateLoansOrLines_scaled, NumberOfTime60-89DaysPastDueNotWorse_scaled, NumberOfDependents_median_scaled, RevolvingUtilization_log_scaled, DebtRatio_log_scaled, MonthlyIncome_missing_flag_scaled, NumberOfDependents_missing_flag_scaled, DebtRatio_high_flag_scaled, RevolvingUtilization_high_flag_scaled","{'hidden_layer_sizes': (32,), 'activation': 'relu', 'solver': 'adam', 'alpha': 0.0001, 'learning_rate_init': 0.001, 'batch_size': 256, 'max_iter': 100, 'early_stopping': True, 'validation_fraction': 0.15, 'n_iter_no_change': 10, 'feature_set': 'all_features', 'n_layers': 1, 'n_iter_actual': 19, 'loss': np.float64(0.17814578711587695)}",False,mlp_classifier_scaled_features,0.8603744556091674,0.7207489112183347,0.5578840204733259,0.39034154056897397,0.18018736111789788,0.0494909572721554,0.9369435705201151,0.5897994768962511,0.1931201827005424,0.29096774193548386,96626,941,5653,1353,0.5,0.8631026066454394,0.7262052132908787,0.5706951966099619,0.4016529152107632,0.17874912596090772,0.04921223003017215,0.9377245241760939,0.6101871101871101,0.19547119547119546,0.2960907944514502,41439,375,2416,587,0.5,,,,,
NN002,neural_network,MLPClassifier,scaled,17,"RevolvingUtilization_capped_scaled, age_scaled, age_sq_scaled, NumberOfTime30-59DaysPastDueNotWorse_scaled, DebtRatio_capped_scaled, MonthlyIncome_median_scaled, NumberOfOpenCreditLinesAndLoans_scaled, NumberOfTimes90DaysLate_scaled, NumberRealEstateLoansOrLines_scaled, NumberOfTime60-89DaysPastDueNotWorse_scaled, NumberOfDependents_median_scaled, RevolvingUtilization_log_scaled, DebtRatio_log_scaled, MonthlyIncome_missing_flag_scaled, NumberOfDependents_missing_flag_scaled, DebtRatio_high_flag_scaled, RevolvingUtilization_high_flag_scaled","{'hidden_layer_sizes': (64, 32), 'activation': 'relu', 'solver': 'adam', 'alpha': 0.0001, 'learning_rate_init': 0.001, 'batch_size': 256, 'max_iter': 150, 'early_stopping': True, 'validation_fraction': 0.15, 'n_iter_no_change': 10, 'feature_set': 'all_features', 'n_layers': 2, 'n_iter_actual': 14, 'loss': np.float64(0.17794245835096784)}",False,mlp_classifier_scaled_features,0.8580077398141017,0.7160154796282034,0.5524114114329118,0.3838668711232004,0.1811855340166455,0.04973965469294015,0.9369626959157717,0.6022727272727273,0.17399371966885527,0.2699889258028793,96762,805,5787,1219,0.5,0.8599075746083925,0.719815149216785,0.5674417178937196,0.3938854388577221,0.1802495931470745,0.04955674500379781,0.9370551353281121,0.6073113207547169,0.1714951714951715,0.26746299662425344,41481,333,2488,515,0.5,,,,,
NN003,neural_network,MLPClassifier,scaled,17,"RevolvingUtilization_capped_scaled, age_scaled, age_sq_scaled, NumberOfTime30-59DaysPastDueNotWorse_scaled, DebtRatio_capped_scaled, MonthlyIncome_median_scaled, NumberOfOpenCreditLinesAndLoans_scaled, NumberOfTimes90DaysLate_scaled, NumberRealEstateLoansOrLines_scaled, NumberOfTime60-89DaysPastDueNotWorse_scaled, NumberOfDependents_median_scaled, RevolvingUtilization_log_scaled, DebtRatio_log_scaled, MonthlyIncome_missing_flag_scaled, NumberOfDependents_missing_flag_scaled, DebtRatio_high_flag_scaled, RevolvingUtilization_high_flag_scaled","{'hidden_layer_sizes': (32, 16), 'activation': 'relu', 'solver': 'adam', 'alpha': 0.001, 'learning_rate_init': 0.001, 'batch_size': 256, 'max_iter': 150, 'early_stopping': True, 'validation_fraction': 0.15, 'n_iter_no_change': 10, 'feature_set': 'all_features', 'n_layers': 2, 'n_iter_actual': 28, 'loss': np.float64(0.17722989008416393)}",False,mlp_classifier_scaled_features,0.8652111620809955,0.7304223241619909,0.5693414070062561,0.39923341808228524,0.17764047794676735,0.048957325943841355,0.9374121427137024,0.5839097196942119,0.22894661718526976,0.32892443350763867,96424,1143,5402,1604,0.5,0.8638150524719618,0.7276301049439236,0.5793117056569489,0.3964285748123043,0.178286842895166,0.04917862843708768,0.9364749983265279,0.5671256454388984,0.21944721944721945,0.3164465786314526,41311,503,2344,659,0.5,,,,,
NN004,neural_network,MLPClassifier,scaled,10,"RevolvingUtilization_capped_scaled, NumberOfTime30-59DaysPastDueNotWorse_scaled, NumberOfTimes90DaysLate_scaled, age_scaled, NumberOfTime60-89DaysPastDueNotWorse_scaled, DebtRatio_high_flag_scaled, MonthlyIncome_missing_flag_scaled, DebtRatio_log_scaled, RevolvingUtilization_log_scaled, DebtRatio_capped_scaled","{'hidden_layer_sizes': (32,), 'activation': 'relu', 'solver': 'adam', 'alpha': 0.0001, 'learning_rate_init': 0.001, 'batch_size': 256, 'max_iter': 150, 'early_stopping': True, 'validation_fraction': 0.15, 'n_iter_no_change': 10, 'feature_set': 'top_10_permutation_features', 'n_layers': 1, 'n_iter_actual': 14, 'loss': np.float64(0.18049479982886635)}",False,mlp_classifier_scaled_features,0.8577890096010237,0.7155780192020473,0.5578496749992402,0.38685693270603944,0.18075640416205713,0.04960787523076415,0.9369913840092567,0.5878634639696586,0.19911504424778761,0.29747307815332125,96589,978,5611,1395,0.5,0.8600319022187296,0.7200638044374592,0.5665438736898056,0.39796302571073594,0.17960770909265517,0.04937330158959893,0.9372559519825067,0.5963673057517659,0.1968031968031968,0.2959439158738107,41414,400,2412,591,0.5,,,,,
NN005,neural_network,MLPClassifier,scaled,17,"RevolvingUtilization_capped_scaled, age_scaled, age_sq_scaled, NumberOfTime30-59DaysPastDueNotWorse_scaled, DebtRatio_capped_scaled, MonthlyIncome_median_scaled, NumberOfOpenCreditLinesAndLoans_scaled, NumberOfTimes90DaysLate_scaled, NumberRealEstateLoansOrLines_scaled, NumberOfTime60-89DaysPastDueNotWorse_scaled, NumberOfDependents_median_scaled, RevolvingUtilization_log_scaled, DebtRatio_log_scaled, MonthlyIncome_missing_flag_scaled, NumberOfDependents_missing_flag_scaled, DebtRatio_high_flag_scaled, RevolvingUtilization_high_flag_scaled","{'hidden_layer_sizes': (16,), 'activation': 'relu', 'solver': 'adam', 'alpha': 0.001, 'learning_rate_init': 0.001, 'batch_size': 256, 'max_iter': 150, 'early_stopping': True, 'validation_fraction': 0.15, 'n_iter_no_change': 10, 'feature_set': 'all_features', 'n_layers': 1, 'n_iter_actual': 15, 'loss': np.float64(0.17976975457562464)}",False,mlp_classifier_scaled_features,0.8368762600697874,0.6737525201395749,0.5148539194104992,0.3582622982664985,0.18950045007236302,0.05135428135637192,0.9362359308808201,0.6302003081664098,0.11675706537253783,0.1970134874759152,97087,480,6188,818,0.5,0.8400924779530031,0.6801849559060063,0.5231124641370014,0.3669114971468081,0.18846513300738557,0.05111003432553433,0.93676506682732,0.651705565529623,0.12087912087912088,0.20393258426966293,41620,194,2640,363,0.5,,,,,
NN006,neural_network,MLPClassifier,scaled,17,"RevolvingUtilization_capped_scaled, age_scaled, age_sq_scaled, NumberOfTime30-59DaysPastDueNotWorse_scaled, DebtRatio_capped_scaled, MonthlyIncome_median_scaled, NumberOfOpenCreditLinesAndLoans_scaled, NumberOfTimes90DaysLate_scaled, NumberRealEstateLoansOrLines_scaled, NumberOfTime60-89DaysPastDueNotWorse_scaled, NumberOfDependents_median_scaled, RevolvingUtilization_log_scaled, DebtRatio_log_scaled, MonthlyIncome_missing_flag_scaled, NumberOfDependents_missing_flag_scaled, DebtRatio_high_flag_scaled, RevolvingUtilization_high_flag_scaled","{'hidden_layer_sizes': (32,), 'activation': 'relu', 'solver': 'adam', 'alpha': 0.0001, 'learning_rate_init': 0.0005, 'batch_size': 256, 'max_iter': 150, 'early_stopping': True, 'validation_fraction': 0.15, 'n_iter_no_change': 10, 'feature_set': 'all_features', 'n_layers': 1, 'n_iter_actual': 26, 'loss': np.float64(0.17834716551516971)}",False,mlp_classifier_scaled_features,0.8602647993772995,0.720529598754599,0.5580007295454443,0.39160857614601113,0.1800470979286592,0.049456761149730195,0.9370774482897115,0.5905612244897959,0.19825863545532402,0.2968583030562086,96604,963,5617,1389,0.5,0.8630927474018305,0.726185494803661,0.5721579324678765,0.40266973935426487,0.1786934004757243,0.04919820356326746,0.9375237075216993,0.6030456852791878,0.1978021978021978,0.2978936810431294,41423,391,2409,594,0.5,,,,,
NN007,neural_network,MLPClassifier,scaled,17,"RevolvingUtilization_capped_scaled, age_scaled, age_sq_scaled, NumberOfTime30-59DaysPastDueNotWorse_scaled, DebtRatio_capped_scaled, MonthlyIncome_median_scaled, NumberOfOpenCreditLinesAndLoans_scaled, NumberOfTimes90DaysLate_scaled, NumberRealEstateLoansOrLines_scaled, NumberOfTime60-89DaysPastDueNotWorse_scaled, NumberOfDependents_median_scaled, RevolvingUtilization_log_scaled, DebtRatio_log_scaled, MonthlyIncome_missing_flag_scaled, NumberOfDependents_missing_flag_scaled, DebtRatio_high_flag_scaled, RevolvingUtilization_high_flag_scaled","{'hidden_layer_sizes': (64,), 'activation': 'relu', 'solver': 'adam', 'alpha': 0.0001, 'learning_rate_init': 0.001, 'batch_size': 256, 'max_iter': 150, 'early_stopping': True, 'validation_fraction': 0.15, 'n_iter_no_change': 10, 'feature_set': 'all_features', 'n_layers': 1, 'n_iter_actual': 35, 'loss': np.float64(0.17767746450852226)}",False,mlp_classifier_scaled_features,0.8657235251042974,0.7314470502085948,0.5710316119067287,0.4016241709042286,0.17758346021469218,0.04895100280331067,0.93770858634638,0.6187258687258688,0.18298601198972309,0.2824410663141661,96777,790,5724,1282,0.5,0.864850583640941,0.7297011672818821,0.5759607494433151,0.4007512626565686,0.1777348013987298,0.04904369790194643,0.9368989445969164,0.6006904487917146,0.17382617382617382,0.26962809917355374,41467,347,2481,522,0.5,,,,,
NN008,neural_network,MLPClassifier,scaled,17,"RevolvingUtilization_capped_scaled, age_scaled, age_sq_scaled, NumberOfTime30-59DaysPastDueNotWorse_scaled, DebtRatio_capped_scaled, MonthlyIncome_median_scaled, NumberOfOpenCreditLinesAndLoans_scaled, NumberOfTimes90DaysLate_scaled, NumberRealEstateLoansOrLines_scaled, NumberOfTime60-89DaysPastDueNotWorse_scaled, NumberOfDependents_median_scaled, RevolvingUtilization_log_scaled, DebtRatio_log_scaled, MonthlyIncome_missing_flag_scaled, NumberOfDependents_missing_flag_scaled, DebtRatio_high_flag_scaled, RevolvingUtilization_high_flag_scaled","{'hidden_layer_sizes': (128,), 'activation': 'relu', 'solver': 'adam', 'alpha': 0.0001, 'learning_rate_init': 0.001, 'batch_size': 256, 'max_iter': 150, 'early_stopping': True, 'validation_fraction': 0.15, 'n_iter_no_change': 10, 'feature_set': 'all_features', 'n_layers': 1, 'n_iter_actual': 24, 'loss': np.float64(0.1778109351981357)}",False,mlp_classifier_scaled_features,0.8649689501963006,0.7299379003926012,0.570193200218759,0.3972272730760123,0.17880874366284633,0.04927088092278264,0.9370678855918831,0.6172090457804743,0.1597202397944619,0.25377026873795216,96873,694,5887,1119,0.5,0.8657406392016809,0.7314812784033617,0.5786644837441222,0.399701566587459,0.1784312682669342,0.04929249495133473,0.9371443871745097,0.6236702127659575,0.1561771561771562,0.24980026631158456,41531,283,2534,469,0.5,,,,,
NN009,neural_network,MLPClassifier,scaled,17,"RevolvingUtilization_capped_scaled, age_scaled, age_sq_scaled, NumberOfTime30-59DaysPastDueNotWorse_scaled, DebtRatio_capped_scaled, MonthlyIncome_median_scaled, NumberOfOpenCreditLinesAndLoans_scaled, NumberOfTimes90DaysLate_scaled, NumberRealEstateLoansOrLines_scaled, NumberOfTime60-89DaysPastDueNotWorse_scaled, NumberOfDependents_median_scaled, RevolvingUtilization_log_scaled, DebtRatio_log_scaled, MonthlyIncome_missing_flag_scaled, NumberOfDependents_missing_flag_scaled, DebtRatio_high_flag_scaled, RevolvingUtilization_high_flag_scaled","{'hidden_layer_sizes': (128, 64), 'activation': 'relu', 'solver': 'adam', 'alpha': 0.0001, 'learning_rate_init': 0.001, 'batch_size': 256, 'max_iter': 150, 'early_stopping': True, 'validation_fraction': 0.15, 'n_iter_no_change': 10, 'feature_set': 'all_features', 'n_layers': 2, 'n_iter_actual': 23, 'loss': np.float64(0.1757791629584853)}",False,mlp_classifier_scaled_features,0.8683031851794,0.7366063703588,0.5778002085048382,0.410644962065993,0.17625041499220884,0.04866413064457306,0.937737274439865,0.6131687242798354,0.19140736511561518,0.2917437180463396,96721,846,5665,1341,0.5,0.8656408362607243,0.7312816725214486,0.5805446765412328,0.4018313320807054,0.17753698484523395,0.0489939399365723,0.9370551353281121,0.5966029723991507,0.18714618714618714,0.28491761723700887,41434,380,2441,562,0.5,,,,,
NN010,neural_network,MLPClassifier,scaled,17,"RevolvingUtilization_capped_scaled, age_scaled, age_sq_scaled, NumberOfTime30-59DaysPastDueNotWorse_scaled, DebtRatio_capped_scaled, MonthlyIncome_median_scaled, NumberOfOpenCreditLinesAndLoans_scaled, NumberOfTimes90DaysLate_scaled, NumberRealEstateLoansOrLines_scaled, NumberOfTime60-89DaysPastDueNotWorse_scaled, NumberOfDependents_median_scaled, RevolvingUtilization_log_scaled, DebtRatio_log_scaled, MonthlyIncome_missing_flag_scaled, NumberOfDependents_missing_flag_scaled, DebtRatio_high_flag_scaled, RevolvingUtilization_high_flag_scaled","{'hidden_layer_sizes': (64, 32, 16), 'activation': 'relu', 'solver': 'adam', 'alpha': 0.001, 'learning_rate_init': 0.001, 'batch_size': 256, 'max_iter': 200, 'early_stopping': True, 'validation_fraction': 0.15, 'n_iter_no_change': 10, 'feature_set': 'all_features', 'n_layers': 3, 'n_iter_actual': 15, 'loss': np.float64(0.17688479038245603)}",False,mlp_classifier_scaled_features,0.8590745181098257,0.7181490362196514,0.5605063457699744,0.38914109452274903,0.1812400829359973,0.0496477674095086,0.9370487601962265,0.5738735592036326,0.2345132743362832,0.33296179957442495,96347,1220,5363,1643,0.5,0.8605750167308497,0.7211500334616994,0.5692995959892215,0.40253852234994586,0.1804332926920896,0.049460797537204074,0.937166700136109,0.5749799518845229,0.23876123876123875,0.33741176470588236,41284,530,2286,717,0.5,,,,,
NN011,neural_network,MLPClassifier,scaled,17,"RevolvingUtilization_capped_scaled, age_scaled, age_sq_scaled, NumberOfTime30-59DaysPastDueNotWorse_scaled, DebtRatio_capped_scaled, MonthlyIncome_median_scaled, NumberOfOpenCreditLinesAndLoans_scaled, NumberOfTimes90DaysLate_scaled, NumberRealEstateLoansOrLines_scaled, NumberOfTime60-89DaysPastDueNotWorse_scaled, NumberOfDependents_median_scaled, RevolvingUtilization_log_scaled, DebtRatio_log_scaled, MonthlyIncome_missing_flag_scaled, NumberOfDependents_missing_flag_scaled, DebtRatio_high_flag_scaled, RevolvingUtilization_high_flag_scaled","{'hidden_layer_sizes': (64, 32), 'activation': 'relu', 'solver': 'adam', 'alpha': 0.01, 'learning_rate_init': 0.001, 'batch_size': 256, 'max_iter': 200, 'early_stopping': True, 'validation_fraction': 0.15, 'n_iter_no_change': 10, 'feature_set': 'all_features', 'n_layers': 2, 'n_iter_actual': 14, 'loss': np.float64(0.17990752713673971)}",False,mlp_classifier_scaled_features,0.8575878024994418,0.7151756049988836,0.5522565459244896,0.38303062495097717,0.1813656871470764,0.04977112177976541,0.9369626959157717,0.6023738872403561,0.17385098487011133,0.26982720425343376,96763,804,5788,1218,0.5,0.8594999450574138,0.7189998901148276,0.5665287264512404,0.39300141081376605,0.18041492861085617,0.04958614469954651,0.9369435705201151,0.6057347670250897,0.16883116883116883,0.2640625,41484,330,2496,507,0.5,,,,,
NN012,neural_network,MLPClassifier,scaled,17,"RevolvingUtilization_capped_scaled, age_scaled, age_sq_scaled, NumberOfTime30-59DaysPastDueNotWorse_scaled, DebtRatio_capped_scaled, MonthlyIncome_median_scaled, NumberOfOpenCreditLinesAndLoans_scaled, NumberOfTimes90DaysLate_scaled, NumberRealEstateLoansOrLines_scaled, NumberOfTime60-89DaysPastDueNotWorse_scaled, NumberOfDependents_median_scaled, RevolvingUtilization_log_scaled, DebtRatio_log_scaled, MonthlyIncome_missing_flag_scaled, NumberOfDependents_missing_flag_scaled, DebtRatio_high_flag_scaled, RevolvingUtilization_high_flag_scaled","{'hidden_layer_sizes': (64, 32), 'activation': 'relu', 'solver': 'adam', 'alpha': 0.001, 'learning_rate_init': 0.0005, 'batch_size': 256, 'max_iter': 200, 'early_stopping': True, 'validation_fraction': 0.15, 'n_iter_no_change': 10, 'feature_set': 'all_features', 'n_layers': 2, 'n_iter_actual': 16, 'loss': np.float64(0.1784338592488183)}",False,mlp_classifier_scaled_features,0.8572443316662307,0.7144886633324614,0.5517701032960358,0.38232317099798335,0.1816817218771857,0.04989001637658406,0.9369053197288019,0.5801256873527101,0.2108192977447902,0.3092546063651591,96498,1069,5529,1477,0.5,0.8595680837394138,0.7191361674788277,0.5683301727210466,0.391680086272371,0.18040552469825377,0.0495931874741186,0.93676506682732,0.5788982259570495,0.20646020646020646,0.30436917034855177,41363,451,2383,620,0.5,,,,,
NN013,neural_network,MLPClassifier,scaled,17,"RevolvingUtilization_capped_scaled, age_scaled, age_sq_scaled, NumberOfTime30-59DaysPastDueNotWorse_scaled, DebtRatio_capped_scaled, MonthlyIncome_median_scaled, NumberOfOpenCreditLinesAndLoans_scaled, NumberOfTimes90DaysLate_scaled, NumberRealEstateLoansOrLines_scaled, NumberOfTime60-89DaysPastDueNotWorse_scaled, NumberOfDependents_median_scaled, RevolvingUtilization_log_scaled, DebtRatio_log_scaled, MonthlyIncome_missing_flag_scaled, NumberOfDependents_missing_flag_scaled, DebtRatio_high_flag_scaled, RevolvingUtilization_high_flag_scaled","{'hidden_layer_sizes': (64, 32), 'activation': 'relu', 'solver': 'adam', 'alpha': 0.001, 'learning_rate_init': 0.0001, 'batch_size': 256, 'max_iter': 200, 'early_stopping': True, 'validation_fraction': 0.15, 'n_iter_no_change': 10, 'feature_set': 'all_features', 'n_layers': 2, 'n_iter_actual': 38, 'loss': np.float64(0.17953789164692718)}",False,mlp_classifier_scaled_features,0.8604035959379279,0.7208071918758558,0.5578150383998259,0.3873156501987836,0.18037494928102898,0.04958869089306977,0.937125261778853,0.6014117647058823,0.18241507279474736,0.2799255284196693,96720,847,5728,1278,0.5,0.8620351165551338,0.7240702331102675,0.5709421396033536,0.399186778569187,0.17928101684664144,0.0493280096140628,0.9372336390209073,0.6050884955752213,0.18215118215118214,0.2800102380342974,41457,357,2456,547,0.5,,,,,
NN014,neural_network,MLPClassifier,scaled,5,"RevolvingUtilization_capped_scaled, NumberOfTime30-59DaysPastDueNotWorse_scaled, NumberOfTimes90DaysLate_scaled, age_scaled, NumberOfTime60-89DaysPastDueNotWorse_scaled","{'hidden_layer_sizes': (32,), 'activation': 'relu', 'solver': 'adam', 'alpha': 0.001, 'learning_rate_init': 0.001, 'batch_size': 256, 'max_iter': 150, 'early_stopping': True, 'validation_fraction': 0.15, 'n_iter_no_change': 10, 'feature_set': 'top_5_permutation_features', 'n_layers': 1, 'n_iter_actual': 29, 'loss': np.float64(0.18116930785864097)}",False,mlp_classifier_scaled_features,0.8546454280606037,0.7092908561212075,0.55358614163383,0.382779085024449,0.1817517617247965,0.04977061602462336,0.936847943541832,0.5967276227141483,0.17699115044247787,0.27300748568912375,96729,838,5766,1240,0.5,0.8572252869497812,0.7144505738995623,0.5664757111162622,0.38739782135554424,0.18059582597230311,0.04958835490678137,0.9372559519825067,0.608646188850967,0.17815517815517815,0.27563111798042245,41470,344,2468,535,0.5,,,,,
NN015,neural_network,MLPClassifier,scaled,5,"RevolvingUtilization_capped_scaled, NumberOfTime30-59DaysPastDueNotWorse_scaled, NumberOfTimes90DaysLate_scaled, age_scaled, NumberOfTime60-89DaysPastDueNotWorse_scaled","{'hidden_layer_sizes': (64, 32), 'activation': 'relu', 'solver': 'adam', 'alpha': 0.001, 'learning_rate_init': 0.001, 'batch_size': 256, 'max_iter': 150, 'early_stopping': True, 'validation_fraction': 0.15, 'n_iter_no_change': 10, 'feature_set': 'top_5_permutation_features', 'n_layers': 2, 'n_iter_actual': 19, 'loss': np.float64(0.18183431021289856)}",False,mlp_classifier_scaled_features,0.8554260272322847,0.7108520544645693,0.5537267917411495,0.3878653735867287,0.1814586674044895,0.049677817102971394,0.9368575062396604,0.5778292777134029,0.21353125892092492,0.31182907764460654,96474,1093,5510,1496,0.5,0.8576411192640208,0.7152822385280415,0.5649296654462388,0.3981378481539127,0.18040774196485299,0.049474092783999425,0.9369881964433139,0.5829471733086191,0.20945720945720947,0.3081822635962763,41364,450,2374,629,0.5,,,,,
NN016,neural_network,MLPClassifier,scaled,10,"RevolvingUtilization_capped_scaled, NumberOfTime30-59DaysPastDueNotWorse_scaled, NumberOfTimes90DaysLate_scaled, age_scaled, NumberOfTime60-89DaysPastDueNotWorse_scaled, DebtRatio_high_flag_scaled, MonthlyIncome_missing_flag_scaled, DebtRatio_log_scaled, RevolvingUtilization_log_scaled, DebtRatio_capped_scaled","{'hidden_layer_sizes': (32,), 'activation': 'relu', 'solver': 'adam', 'alpha': 0.001, 'learning_rate_init': 0.001, 'batch_size': 256, 'max_iter': 150, 'early_stopping': True, 'validation_fraction': 0.15, 'n_iter_no_change': 10, 'feature_set': 'top_10_permutation_features', 'n_layers': 1, 'n_iter_actual': 14, 'loss': np.float64(0.18062067907450324)}",False,mlp_classifier_scaled_features,0.855768618837744,0.711537237675488,0.551676132721328,0.37938638584931045,0.18214686310017902,0.049885820697929836,0.9370105094049133,0.5829702970297029,0.2101056237510705,0.30888679047319273,96514,1053,5534,1472,0.5,0.8585723678276412,0.7171447356552825,0.5617495337684748,0.3901947809493254,0.18070927877385287,0.04955731658836794,0.9372559519825067,0.5891690009337068,0.2101232101232101,0.30976926853215514,41374,440,2372,631,0.5,,,,,
NN017,neural_network,MLPClassifier,scaled,10,"RevolvingUtilization_capped_scaled, NumberOfTime30-59DaysPastDueNotWorse_scaled, NumberOfTimes90DaysLate_scaled, age_scaled, NumberOfTime60-89DaysPastDueNotWorse_scaled, DebtRatio_high_flag_scaled, MonthlyIncome_missing_flag_scaled, DebtRatio_log_scaled, RevolvingUtilization_log_scaled, DebtRatio_capped_scaled","{'hidden_layer_sizes': (64, 32), 'activation': 'relu', 'solver': 'adam', 'alpha': 0.001, 'learning_rate_init': 0.001, 'batch_size': 256, 'max_iter': 150, 'early_stopping': True, 'validation_fraction': 0.15, 'n_iter_no_change': 10, 'feature_set': 'top_10_permutation_features', 'n_layers': 2, 'n_iter_actual': 21, 'loss': np.float64(0.18011260635826726)}",False,mlp_classifier_scaled_features,0.8579310670579222,0.7158621341158444,0.558529206867722,0.39132319727329923,0.18038671121090627,0.04945578903647775,0.937278264944106,0.6147919876733436,0.17085355409648872,0.26739640344018767,96817,750,5809,1197,0.5,0.8590225163621632,0.7180450327243264,0.5656071818361961,0.39599392731226823,0.17990474126393696,0.049347184871828896,0.9374344556753018,0.6208991494532199,0.17016317016317017,0.2671197072660742,41502,312,2492,511,0.5,,,,,
NN018,neural_network,MLPClassifier,scaled,12,"RevolvingUtilization_capped_scaled, NumberOfTime30-59DaysPastDueNotWorse_scaled, NumberOfTimes90DaysLate_scaled, age_scaled, NumberOfTime60-89DaysPastDueNotWorse_scaled, DebtRatio_high_flag_scaled, MonthlyIncome_missing_flag_scaled, DebtRatio_log_scaled, RevolvingUtilization_log_scaled, DebtRatio_capped_scaled, NumberOfOpenCreditLinesAndLoans_scaled, NumberRealEstateLoansOrLines_scaled","{'hidden_layer_sizes': (32,), 'activation': 'relu', 'solver': 'adam', 'alpha': 0.001, 'learning_rate_init': 0.001, 'batch_size': 256, 'max_iter': 150, 'early_stopping': True, 'validation_fraction': 0.15, 'n_iter_no_change': 10, 'feature_set': 'top_12_permutation_features', 'n_layers': 1, 'n_iter_actual': 34, 'loss': np.float64(0.17797301883374722)}",False,mlp_classifier_scaled_features,0.8630831215099102,0.7261662430198204,0.5680334730694924,0.38992287475475645,0.17904329783702366,0.049364953013419546,0.9370774482897115,0.5980662983425414,0.18541250356836997,0.28306820658095444,96694,873,5707,1299,0.5,0.8654998920818981,0.7309997841637963,0.5780738131147085,0.3971165207467464,0.1779290892976151,0.04915761773370048,0.9373675167905036,0.608167770419426,0.1834831834831835,0.28191353287285753,41459,355,2452,551,0.5,,,,,
NN019,neural_network,MLPClassifier,scaled,12,"RevolvingUtilization_capped_scaled, NumberOfTime30-59DaysPastDueNotWorse_scaled, NumberOfTimes90DaysLate_scaled, age_scaled, NumberOfTime60-89DaysPastDueNotWorse_scaled, DebtRatio_high_flag_scaled, MonthlyIncome_missing_flag_scaled, DebtRatio_log_scaled, RevolvingUtilization_log_scaled, DebtRatio_capped_scaled, NumberOfOpenCreditLinesAndLoans_scaled, NumberRealEstateLoansOrLines_scaled","{'hidden_layer_sizes': (64, 32), 'activation': 'relu', 'solver': 'adam', 'alpha': 0.001, 'learning_rate_init': 0.001, 'batch_size': 256, 'max_iter': 150, 'early_stopping': True, 'validation_fraction': 0.15, 'n_iter_no_change': 10, 'feature_set': 'top_12_permutation_features', 'n_layers': 2, 'n_iter_actual': 18, 'loss': np.float64(0.1780608375169866)}",False,mlp_classifier_scaled_features,0.8634258257618534,0.7268516515237069,0.5676682482983995,0.396213087322259,0.17870667797341636,0.04919952945125705,0.9373260784332476,0.5926989335520919,0.2062517841849843,0.30601440067767893,96574,993,5561,1445,0.5,0.8653814139177893,0.7307628278355787,0.5791170612522313,0.4028736506213828,0.1777633092311294,0.04898871427743874,0.9371220742129103,0.5907752698724239,0.20046620046620048,0.2993535554450522,41397,417,2401,602,0.5,,,,,
T001,tree,DecisionTreeClassifier,tree,17,"RevolvingUtilization_capped, age, age_sq, NumberOfTime30-59DaysPastDueNotWorse, DebtRatio_capped, MonthlyIncome_median, NumberOfOpenCreditLinesAndLoans, NumberOfTimes90DaysLate, NumberRealEstateLoansOrLines, NumberOfTime60-89DaysPastDueNotWorse, NumberOfDependents_median, RevolvingUtilization_log, DebtRatio_log, MonthlyIncome_missing_flag, NumberOfDependents_missing_flag, DebtRatio_high_flag, RevolvingUtilization_high_flag","{'max_depth': 3, 'min_samples_leaf': 100, 'class_weight': None}",False,decision_tree_grid,0.7988994722324969,0.5977989444649938,0.5266872452969734,0.30443369658544106,0.19225826399734303,0.051418749365777526,0.9356908571046063,0.6098514464425332,0.11133314302026834,0.18829209414604708,97068,499,6226,780,0.5,0.7967323448382425,0.593464689676485,0.5234230542022191,0.2981636600299006,0.19347484695248468,0.05178370515765124,0.9356717317089497,0.6075268817204301,0.11288711288711288,0.19039595619208088,41595,219,2664,339,0.5,,,,,0.002167127394254398
T002,tree,DecisionTreeClassifier,tree,17,"RevolvingUtilization_capped, age, age_sq, NumberOfTime30-59DaysPastDueNotWorse, DebtRatio_capped, MonthlyIncome_median, NumberOfOpenCreditLinesAndLoans, NumberOfTimes90DaysLate, NumberRealEstateLoansOrLines, NumberOfTime60-89DaysPastDueNotWorse, NumberOfDependents_median, RevolvingUtilization_log, DebtRatio_log, MonthlyIncome_missing_flag, NumberOfDependents_missing_flag, DebtRatio_high_flag, RevolvingUtilization_high_flag","{'max_depth': 5, 'min_samples_leaf': 100, 'class_weight': None}",False,decision_tree_grid,0.844459031806513,0.6889180636130261,0.5517922990422055,0.365777111642074,0.1828053460052797,0.04981728137642219,0.9370870109875398,0.600850259801606,0.18155866400228377,0.2788556395922394,96722,845,5734,1272,0.5,0.8448140402509753,0.6896280805019506,0.5575467962467532,0.3552047538109061,0.18343134994514862,0.05019621773694933,0.9356494187473503,0.562303664921466,0.17882117882117882,0.2713491662455786,41396,418,2466,537,0.5,,,,,-0.0003550084444622348
T003,tree,DecisionTreeClassifier,tree,17,"RevolvingUtilization_capped, age, age_sq, NumberOfTime30-59DaysPastDueNotWorse, DebtRatio_capped, MonthlyIncome_median, NumberOfOpenCreditLinesAndLoans, NumberOfTimes90DaysLate, NumberRealEstateLoansOrLines, NumberOfTime60-89DaysPastDueNotWorse, NumberOfDependents_median, RevolvingUtilization_log, DebtRatio_log, MonthlyIncome_missing_flag, NumberOfDependents_missing_flag, DebtRatio_high_flag, RevolvingUtilization_high_flag","{'max_depth': 7, 'min_samples_leaf': 100, 'class_weight': None}",False,decision_tree_grid,0.857691932470358,0.715383864940716,0.5613814494899558,0.39210353160917544,0.17919035630469313,0.04908307865685895,0.9377563998355216,0.6034124011652101,0.20696545817870396,0.30821553831437987,96614,953,5556,1450,0.5,0.8534927867687231,0.7069855735374462,0.5712909561381365,0.3764846553970791,0.1816068165324206,0.04986976363703274,0.9359618002097418,0.5614035087719298,0.20246420246420246,0.2976015663240333,41339,475,2395,608,0.5,,,,,0.004199145701634932
T004,tree,DecisionTreeClassifier,tree,17,"RevolvingUtilization_capped, age, age_sq, NumberOfTime30-59DaysPastDueNotWorse, DebtRatio_capped, MonthlyIncome_median, NumberOfOpenCreditLinesAndLoans, NumberOfTimes90DaysLate, NumberRealEstateLoansOrLines, NumberOfTime60-89DaysPastDueNotWorse, NumberOfDependents_median, RevolvingUtilization_log, DebtRatio_log, MonthlyIncome_missing_flag, NumberOfDependents_missing_flag, DebtRatio_high_flag, RevolvingUtilization_high_flag","{'max_depth': 5, 'min_samples_leaf': 250, 'class_weight': None}",False,decision_tree_grid,0.8443317873622589,0.6886635747245178,0.5522546938407399,0.36283598186490024,0.1830485315041701,0.04992940931338553,0.9366184387939526,0.600531914893617,0.16114758778190122,0.25410758496511365,96816,751,5877,1129,0.5,0.844369936276953,0.688739872553906,0.5557921535106211,0.3535032158362628,0.18383249630147136,0.050315417021205414,0.9363188075953321,0.5894357743097239,0.1635031635031635,0.25599582898852974,41472,342,2512,491,0.5,,,,,-3.8148914694113856e-05
T005,tree,DecisionTreeClassifier,tree,17,"RevolvingUtilization_capped, age, age_sq, NumberOfTime30-59DaysPastDueNotWorse, DebtRatio_capped, MonthlyIncome_median, NumberOfOpenCreditLinesAndLoans, NumberOfTimes90DaysLate, NumberRealEstateLoansOrLines, NumberOfTime60-89DaysPastDueNotWorse, NumberOfDependents_median, RevolvingUtilization_log, DebtRatio_log, MonthlyIncome_missing_flag, NumberOfDependents_missing_flag, DebtRatio_high_flag, RevolvingUtilization_high_flag","{'max_depth': 7, 'min_samples_leaf': 250, 'class_weight': None}",False,decision_tree_grid,0.8568661335312416,0.7137322670624833,0.560051872798853,0.3790790875017325,0.18023793450784978,0.04950757360135626,0.9366184387939526,0.600531914893617,0.16114758778190122,0.25410758496511365,96816,751,5877,1129,0.5,0.8526086045457548,0.7052172090915096,0.5646724013060647,0.36671415702293514,0.18228458128278405,0.05004735468952311,0.9363188075953321,0.5894357743097239,0.1635031635031635,0.25599582898852974,41472,342,2512,491,0.5,,,,,0.004257528985486814
T006,tree,DecisionTreeClassifier,tree,17,"RevolvingUtilization_capped, age, age_sq, NumberOfTime30-59DaysPastDueNotWorse, DebtRatio_capped, MonthlyIncome_median, NumberOfOpenCreditLinesAndLoans, NumberOfTimes90DaysLate, NumberRealEstateLoansOrLines, NumberOfTime60-89DaysPastDueNotWorse, NumberOfDependents_median, RevolvingUtilization_log, DebtRatio_log, MonthlyIncome_missing_flag, NumberOfDependents_missing_flag, DebtRatio_high_flag, RevolvingUtilization_high_flag","{'max_depth': 5, 'min_samples_leaf': 100, 'class_weight': 'balanced'}",False,decision_tree_grid,0.8463791686619846,0.6927583373239692,0.548986784229648,0.3600993194769806,0.47253201991329025,0.1502611190354767,0.761458502672774,0.19069623090451396,0.7893234370539538,0.30717955839466743,74098,23469,1476,5530,0.5,0.8456012666085848,0.6912025332171696,0.5559771935148603,0.3508651953009611,0.4735275308891049,0.15042688241486638,0.7602918535377201,0.19099329287767486,0.7965367965367965,0.30810845623752176,31682,10132,611,2392,0.5,,,,,0.0007779020533997816
T007,tree,DecisionTreeClassifier,tree,17,"RevolvingUtilization_capped, age, age_sq, NumberOfTime30-59DaysPastDueNotWorse, DebtRatio_capped, MonthlyIncome_median, NumberOfOpenCreditLinesAndLoans, NumberOfTimes90DaysLate, NumberRealEstateLoansOrLines, NumberOfTime60-89DaysPastDueNotWorse, NumberOfDependents_median, RevolvingUtilization_log, DebtRatio_log, MonthlyIncome_missing_flag, NumberOfDependents_missing_flag, DebtRatio_high_flag, RevolvingUtilization_high_flag","{'max_depth': 7, 'min_samples_leaf': 100, 'class_weight': 'balanced'}",False,decision_tree_grid,0.8585685459458134,0.7171370918916269,0.5651322233749583,0.39072255625447905,0.46115088175629576,0.14706108162730663,0.7745498359997323,0.20042667052357535,0.7911789894376249,0.3198315157809705,75454,22113,1463,5543,0.5,0.8521979925337653,0.7043959850675305,0.5683320840445248,0.3751134925121934,0.4655948931818786,0.14837376309894398,0.7733895619965638,0.20013414940890417,0.7948717948717948,0.31975887474882786,32274,9540,616,2387,0.5,,,,,0.006370553412048174
RF001,tree,RandomForestClassifier,tree,17,"RevolvingUtilization_capped, age, age_sq, NumberOfTime30-59DaysPastDueNotWorse, DebtRatio_capped, MonthlyIncome_median, NumberOfOpenCreditLinesAndLoans, NumberOfTimes90DaysLate, NumberRealEstateLoansOrLines, NumberOfTime60-89DaysPastDueNotWorse, NumberOfDependents_median, RevolvingUtilization_log, DebtRatio_log, MonthlyIncome_missing_flag, NumberOfDependents_missing_flag, DebtRatio_high_flag, RevolvingUtilization_high_flag","{'n_estimators': 300, 'max_depth': 5, 'min_samples_leaf': 100, 'max_features': 'sqrt', 'class_weight': None}",False,random_forest_grid_plus_anti_overfit,0.8601652528016344,0.7203305056032687,0.5569704691917119,0.3956296263783149,0.1822952422515786,0.04993155144922606,0.9358056094785461,0.656350053361793,0.08778190122751926,0.15485332997607956,97245,322,6391,615,0.5,0.8592154047384353,0.7184308094768705,0.5603600015997778,0.3952597509665071,0.1823626757001077,0.049957281953069484,0.93602873909454,0.6642512077294686,0.09157509157509157,0.16095990635059995,41675,139,2728,275,0.5,,,,,0.000949848063199088
RF002,tree,RandomForestClassifier,tree,17,"RevolvingUtilization_capped, age, age_sq, NumberOfTime30-59DaysPastDueNotWorse, DebtRatio_capped, MonthlyIncome_median, NumberOfOpenCreditLinesAndLoans, NumberOfTimes90DaysLate, NumberRealEstateLoansOrLines, NumberOfTime60-89DaysPastDueNotWorse, NumberOfDependents_median, RevolvingUtilization_log, DebtRatio_log, MonthlyIncome_missing_flag, NumberOfDependents_missing_flag, DebtRatio_high_flag, RevolvingUtilization_high_flag","{'n_estimators': 500, 'max_depth': 7, 'min_samples_leaf': 100, 'max_features': 'sqrt', 'class_weight': None}",False,random_forest_grid_plus_anti_overfit,0.8657466169020444,0.7314932338040887,0.5686468258601017,0.40786824410173084,0.17858993282360272,0.04916574861368374,0.9367140657722357,0.6542130365659777,0.11747073936625749,0.19917715392061955,97132,435,6183,823,0.5,0.8626828202807542,0.7253656405615083,0.572938015253986,0.40029227730496786,0.17964106644388242,0.04944961278580521,0.9367873797889193,0.6574074074074074,0.11821511821511821,0.20039514535704206,41629,185,2648,355,0.5,,,,,0.0030637966212901935
RF003,tree,RandomForestClassifier,tree,17,"RevolvingUtilization_capped, age, age_sq, NumberOfTime30-59DaysPastDueNotWorse, DebtRatio_capped, MonthlyIncome_median, NumberOfOpenCreditLinesAndLoans, NumberOfTimes90DaysLate, NumberRealEstateLoansOrLines, NumberOfTime60-89DaysPastDueNotWorse, NumberOfDependents_median, RevolvingUtilization_log, DebtRatio_log, MonthlyIncome_missing_flag, NumberOfDependents_missing_flag, DebtRatio_high_flag, RevolvingUtilization_high_flag","{'n_estimators': 500, 'max_depth': 10, 'min_samples_leaf': 100, 'max_features': 'sqrt', 'class_weight': None}",False,random_forest_grid_plus_anti_overfit,0.8755302266343975,0.751060453268795,0.5886108081855348,0.4167229728650959,0.17490723694641228,0.04865562741063974,0.9370870109875398,0.65686994856723,0.12760491007707678,0.21369666547149516,97100,467,6112,894,0.5,0.8658102233220615,0.731620446644123,0.581533356393451,0.4021456457492704,0.17819456161326844,0.04926125942288869,0.9366535020193231,0.6362126245847176,0.12753912753912755,0.21248266296809987,41595,219,2620,383,0.5,,,,,0.009720003312336023
RF004,tree,RandomForestClassifier,tree,17,"RevolvingUtilization_capped, age, age_sq, NumberOfTime30-59DaysPastDueNotWorse, DebtRatio_capped, MonthlyIncome_median, NumberOfOpenCreditLinesAndLoans, NumberOfTimes90DaysLate, NumberRealEstateLoansOrLines, NumberOfTime60-89DaysPastDueNotWorse, NumberOfDependents_median, RevolvingUtilization_log, DebtRatio_log, MonthlyIncome_missing_flag, NumberOfDependents_missing_flag, DebtRatio_high_flag, RevolvingUtilization_high_flag","{'n_estimators': 500, 'max_depth': 7, 'min_samples_leaf': 250, 'max_features': 'sqrt', 'class_weight': None}",False,random_forest_grid_plus_anti_overfit,0.8645209002691784,0.7290418005383568,0.567052636726345,0.39537729769074687,0.18001786654150953,0.0496954955590847,0.9357673586872328,0.6509926854754441,0.08892377961747074,0.1564736908200427,97233,334,6383,623,0.5,0.8621708563594057,0.7243417127188114,0.5725911100426813,0.3947876827335773,0.18057865166031642,0.049800120756460495,0.9359171742865431,0.6593673965936739,0.09024309024309024,0.15875805506736965,41674,140,2732,271,0.5,,,,,0.00235004390977267
RF005,tree,RandomForestClassifier,tree,17,"RevolvingUtilization_capped, age, age_sq, NumberOfTime30-59DaysPastDueNotWorse, DebtRatio_capped, MonthlyIncome_median, NumberOfOpenCreditLinesAndLoans, NumberOfTimes90DaysLate, NumberRealEstateLoansOrLines, NumberOfTime60-89DaysPastDueNotWorse, NumberOfDependents_median, RevolvingUtilization_log, DebtRatio_log, MonthlyIncome_missing_flag, NumberOfDependents_missing_flag, DebtRatio_high_flag, RevolvingUtilization_high_flag","{'n_estimators': 500, 'max_depth': 7, 'min_samples_leaf': 100, 'max_features': 0.5, 'class_weight': 'balanced_subsample'}",False,random_forest_grid_plus_anti_overfit,0.8653374585392546,0.7306749170785092,0.5707241016348542,0.40777096176309197,0.45132948439296866,0.1437545604832966,0.779579815057424,0.2041380836468245,0.7900371110476734,0.32444314185228607,75988,21579,1471,5535,0.5,0.861833014006927,0.723666028013854,0.5762635508653589,0.3971560138963158,0.4530174580693693,0.14425156638736789,0.7792578708972042,0.2045961241639513,0.7945387945387945,0.32540061370610296,32538,9276,617,2386,0.5,,,,,0.0035044445323275664
ET001,tree,ExtraTreesClassifier,tree,17,"RevolvingUtilization_capped, age, age_sq, NumberOfTime30-59DaysPastDueNotWorse, DebtRatio_capped, MonthlyIncome_median, NumberOfOpenCreditLinesAndLoans, NumberOfTimes90DaysLate, NumberRealEstateLoansOrLines, NumberOfTime60-89DaysPastDueNotWorse, NumberOfDependents_median, RevolvingUtilization_log, DebtRatio_log, MonthlyIncome_missing_flag, NumberOfDependents_missing_flag, DebtRatio_high_flag, RevolvingUtilization_high_flag","{'n_estimators': 300, 'max_depth': 5, 'min_samples_leaf': 100, 'max_features': 'sqrt', 'class_weight': None}",False,extra_trees_grid_plus_anti_overfit,0.8383264891914192,0.6766529783828383,0.5156760792830064,0.3446289852060521,0.20240868679115065,0.05525064559449863,0.9332810572518719,0.6,0.012417927490722238,0.024332261222206684,97509,58,6919,87,0.5,0.8401772132938727,0.6803544265877455,0.5239708156195457,0.3556515098098233,0.20181679147176795,0.055094333303648775,0.9333065577794141,0.6,0.013986013986013986,0.02733485193621868,41786,28,2961,42,0.5,,,,,-0.0018507241024535714
ET002,tree,ExtraTreesClassifier,tree,17,"RevolvingUtilization_capped, age, age_sq, NumberOfTime30-59DaysPastDueNotWorse, DebtRatio_capped, MonthlyIncome_median, NumberOfOpenCreditLinesAndLoans, NumberOfTimes90DaysLate, NumberRealEstateLoansOrLines, NumberOfTime60-89DaysPastDueNotWorse, NumberOfDependents_median, RevolvingUtilization_log, DebtRatio_log, MonthlyIncome_missing_flag, NumberOfDependents_missing_flag, DebtRatio_high_flag, RevolvingUtilization_high_flag","{'n_estimators': 500, 'max_depth': 7, 'min_samples_leaf': 100, 'max_features': 'sqrt', 'class_weight': None}",False,extra_trees_grid_plus_anti_overfit,0.8466576827048216,0.6933153654096431,0.5304085701725902,0.36387201685564213,0.19551860362238468,0.05374925080995812,0.9332906199497002,0.6027397260273972,0.012560662289466172,0.024608501118568233,97509,58,6918,88,0.5,0.8476100118373041,0.6952200236746082,0.5334434064524465,0.3697191147408167,0.19510189914419349,0.05362726937227787,0.9333065577794141,0.5972222222222222,0.01431901431901432,0.02796747967479675,41785,29,2960,43,0.5,,,,,-0.0009523291324825545
ET003,tree,ExtraTreesClassifier,tree,17,"RevolvingUtilization_capped, age, age_sq, NumberOfTime30-59DaysPastDueNotWorse, DebtRatio_capped, MonthlyIncome_median, NumberOfOpenCreditLinesAndLoans, NumberOfTimes90DaysLate, NumberRealEstateLoansOrLines, NumberOfTime60-89DaysPastDueNotWorse, NumberOfDependents_median, RevolvingUtilization_log, DebtRatio_log, MonthlyIncome_missing_flag, NumberOfDependents_missing_flag, DebtRatio_high_flag, RevolvingUtilization_high_flag","{'n_estimators': 500, 'max_depth': 10, 'min_samples_leaf': 100, 'max_features': 'sqrt', 'class_weight': None}",False,extra_trees_grid_plus_anti_overfit,0.853241366442111,0.706482732884222,0.542933005645394,0.3738124705587506,0.1908845739519147,0.05264683616683183,0.9332810572518719,0.5986394557823129,0.012560662289466172,0.024605060813644625,97508,59,6918,88,0.5,0.8525473824655917,0.7050947649311834,0.5426929219438905,0.3754868509926077,0.1908896183391018,0.052609251006701684,0.9333065577794141,0.5972222222222222,0.01431901431901432,0.02796747967479675,41785,29,2960,43,0.5,,,,,0.000693983976519319
ET004,tree,ExtraTreesClassifier,tree,17,"RevolvingUtilization_capped, age, age_sq, NumberOfTime30-59DaysPastDueNotWorse, DebtRatio_capped, MonthlyIncome_median, NumberOfOpenCreditLinesAndLoans, NumberOfTimes90DaysLate, NumberRealEstateLoansOrLines, NumberOfTime60-89DaysPastDueNotWorse, NumberOfDependents_median, RevolvingUtilization_log, DebtRatio_log, MonthlyIncome_missing_flag, NumberOfDependents_missing_flag, DebtRatio_high_flag, RevolvingUtilization_high_flag","{'n_estimators': 500, 'max_depth': 7, 'min_samples_leaf': 250, 'max_features': 'sqrt', 'class_weight': None}",False,extra_trees_grid_plus_anti_overfit,0.8337567768307634,0.6675135536615269,0.5103356060312518,0.32213100926438265,0.20377332077739024,0.055895047058399955,0.9330037390148509,0.0,0.0,0.0,97567,0,7006,0,0.5,0.8336363059781055,0.6672726119562109,0.5161037842914726,0.32868849718473125,0.203760845516202,0.05587704373219935,0.9329941763170225,0.0,0.0,0.0,41814,0,3003,0,0.5,,,,,0.00012047085265798341
ET005,tree,ExtraTreesClassifier,tree,17,"RevolvingUtilization_capped, age, age_sq, NumberOfTime30-59DaysPastDueNotWorse, DebtRatio_capped, MonthlyIncome_median, NumberOfOpenCreditLinesAndLoans, NumberOfTimes90DaysLate, NumberRealEstateLoansOrLines, NumberOfTime60-89DaysPastDueNotWorse, NumberOfDependents_median, RevolvingUtilization_log, DebtRatio_log, MonthlyIncome_missing_flag, NumberOfDependents_missing_flag, DebtRatio_high_flag, RevolvingUtilization_high_flag","{'n_estimators': 500, 'max_depth': 7, 'min_samples_leaf': 100, 'max_features': 0.5, 'class_weight': 'balanced'}",False,extra_trees_grid_plus_anti_overfit,0.8432116307254797,0.6864232614509593,0.5246401251322788,0.35235831524072275,0.503455004092052,0.16609537037689798,0.7504805255658726,0.1807446559395176,0.7711961176134742,0.29285346486354646,73077,24490,1603,5403,0.5,0.8425065710902991,0.6850131421805983,0.5285023007795284,0.3561113009949313,0.5039809711475838,0.16637429304815782,0.7485775486980387,0.18051797448782372,0.7775557775557775,0.2930104153595181,31214,10600,668,2335,0.5,,,,,0.0007050596351805272
GB001,boosting,HistGradientBoostingClassifier,tree,17,"RevolvingUtilization_capped, age, age_sq, NumberOfTime30-59DaysPastDueNotWorse, DebtRatio_capped, MonthlyIncome_median, NumberOfOpenCreditLinesAndLoans, NumberOfTimes90DaysLate, NumberRealEstateLoansOrLines, NumberOfTime60-89DaysPastDueNotWorse, NumberOfDependents_median, RevolvingUtilization_log, DebtRatio_log, MonthlyIncome_missing_flag, NumberOfDependents_missing_flag, DebtRatio_high_flag, RevolvingUtilization_high_flag","{'learning_rate': 0.05, 'max_iter': 200, 'max_leaf_nodes': 15, 'min_samples_leaf': 100, 'l2_regularization': 0.0}",False,hist_gradient_boosting_grid_plus_anti_overfit,0.8741870782363859,0.7483741564727717,0.590000552728501,0.4258291773964773,0.17397755789603025,0.048124713944307604,0.938597917244413,0.6306386779812416,0.2015415358264345,0.3054624121146566,96740,827,5594,1412,0.5,0.8672193863756498,0.7344387727512995,0.5883792870448057,0.40855677006642377,0.1766747279519193,0.04874958682720502,0.9375013945601,0.604989604989605,0.1938061938061938,0.2935687263556116,41434,380,2421,582,0.5,,,,,0.006967691860736092
GB002,boosting,HistGradientBoostingClassifier,tree,17,"RevolvingUtilization_capped, age, age_sq, NumberOfTime30-59DaysPastDueNotWorse, DebtRatio_capped, MonthlyIncome_median, NumberOfOpenCreditLinesAndLoans, NumberOfTimes90DaysLate, NumberRealEstateLoansOrLines, NumberOfTime60-89DaysPastDueNotWorse, NumberOfDependents_median, RevolvingUtilization_log, DebtRatio_log, MonthlyIncome_missing_flag, NumberOfDependents_missing_flag, DebtRatio_high_flag, RevolvingUtilization_high_flag","{'learning_rate': 0.05, 'max_iter': 300, 'max_leaf_nodes': 31, 'min_samples_leaf': 100, 'l2_regularization': 0.0}",False,hist_gradient_boosting_grid_plus_anti_overfit,0.8825637231431362,0.7651274462862725,0.6031570359194323,0.44469028799177523,0.17017129906962652,0.04726983941065456,0.9394298719554761,0.6459600347523893,0.2122466457322295,0.31951009883970777,96752,815,5519,1487,0.5,0.8673757445819434,0.7347514891638869,0.587450527183631,0.40887487862808913,0.1765828997775184,0.048756916018175334,0.937278264944106,0.5983606557377049,0.19447219447219447,0.2935410907263131,41422,392,2419,584,0.5,,,,,0.015187978561192805
GB003,boosting,HistGradientBoostingClassifier,tree,17,"RevolvingUtilization_capped, age, age_sq, NumberOfTime30-59DaysPastDueNotWorse, DebtRatio_capped, MonthlyIncome_median, NumberOfOpenCreditLinesAndLoans, NumberOfTimes90DaysLate, NumberRealEstateLoansOrLines, NumberOfTime60-89DaysPastDueNotWorse, NumberOfDependents_median, RevolvingUtilization_log, DebtRatio_log, MonthlyIncome_missing_flag, NumberOfDependents_missing_flag, DebtRatio_high_flag, RevolvingUtilization_high_flag","{'learning_rate': 0.03, 'max_iter': 400, 'max_leaf_nodes': 15, 'min_samples_leaf': 250, 'l2_regularization': 0.1}",False,hist_gradient_boosting_grid_plus_anti_overfit,0.8747272876168237,0.7494545752336474,0.5904343616530465,0.4249107376856974,0.17382268429751357,0.04813838770492095,0.9383110363095637,0.622085349758029,0.20182700542392235,0.3047742213600603,96708,859,5592,1414,0.5,0.8671654432523999,0.7343308865047997,0.5853150532444549,0.4104596902685944,0.17664812901278132,0.04874440499889165,0.9375013945601,0.6036960985626283,0.1958041958041958,0.2957002765903948,41428,386,2415,588,0.5,,,,,0.007561844364423864
GB004,boosting,HistGradientBoostingClassifier,tree,17,"RevolvingUtilization_capped, age, age_sq, NumberOfTime30-59DaysPastDueNotWorse, DebtRatio_capped, MonthlyIncome_median, NumberOfOpenCreditLinesAndLoans, NumberOfTimes90DaysLate, NumberRealEstateLoansOrLines, NumberOfTime60-89DaysPastDueNotWorse, NumberOfDependents_median, RevolvingUtilization_log, DebtRatio_log, MonthlyIncome_missing_flag, NumberOfDependents_missing_flag, DebtRatio_high_flag, RevolvingUtilization_high_flag","{'learning_rate': 0.02, 'max_iter': 500, 'max_leaf_nodes': 15, 'min_samples_leaf': 250, 'l2_regularization': 1.0}",False,hist_gradient_boosting_grid_plus_anti_overfit,0.8731989827782574,0.7463979655565147,0.5880063866518703,0.4212607134883188,0.17453989814675716,0.04828600251543382,0.9382823482160787,0.6254545454545455,0.19640308307165286,0.2989354768629155,96743,824,5630,1376,0.5,0.8673145663029433,0.7346291326058867,0.5843366467559322,0.409037225534793,0.17673824044328626,0.048777660156977605,0.9373452038289042,0.6040554962646745,0.18847818847818848,0.28730964467005077,41443,371,2437,566,0.5,,,,,0.005884416475314014
XGB001,boosting,XGBClassifier,tree,17,"RevolvingUtilization_capped, age, age_sq, NumberOfTime30-59DaysPastDueNotWorse, DebtRatio_capped, MonthlyIncome_median, NumberOfOpenCreditLinesAndLoans, NumberOfTimes90DaysLate, NumberRealEstateLoansOrLines, NumberOfTime60-89DaysPastDueNotWorse, NumberOfDependents_median, RevolvingUtilization_log, DebtRatio_log, MonthlyIncome_missing_flag, NumberOfDependents_missing_flag, DebtRatio_high_flag, RevolvingUtilization_high_flag","{'n_estimators': 300, 'max_depth': 3, 'learning_rate': 0.05, 'subsample': 0.9, 'colsample_bytree': 0.9, 'reg_lambda': 1.0, 'reg_alpha': 0.0}",False,xgboost_grid_plus_anti_overfit,0.871527317002049,0.743054634004098,0.5846168715039597,0.42418723926535146,0.17476649143480324,0.04822906106710434,0.9384162259856751,0.6219827586206896,0.20596631458749642,0.30945743083851596,96690,877,5563,1443,0.5,0.8677369807374111,0.7354739614748222,0.5843512205974539,0.41213530323936,0.1764035602310706,0.04866291955113411,0.9384608519088738,0.6218905472636815,0.20812520812520813,0.31187624750499005,41434,380,2378,625,0.5,,,,,0.0037903362646378724
XGB002,boosting,XGBClassifier,tree,17,"RevolvingUtilization_capped, age, age_sq, NumberOfTime30-59DaysPastDueNotWorse, DebtRatio_capped, MonthlyIncome_median, NumberOfOpenCreditLinesAndLoans, NumberOfTimes90DaysLate, NumberRealEstateLoansOrLines, NumberOfTime60-89DaysPastDueNotWorse, NumberOfDependents_median, RevolvingUtilization_log, DebtRatio_log, MonthlyIncome_missing_flag, NumberOfDependents_missing_flag, DebtRatio_high_flag, RevolvingUtilization_high_flag","{'n_estimators': 500, 'max_depth': 3, 'learning_rate': 0.03, 'subsample': 0.9, 'colsample_bytree': 0.9, 'reg_lambda': 1.0, 'reg_alpha': 0.0}",False,xgboost_grid_plus_anti_overfit,0.8717779920024566,0.7435559840049133,0.584648715348336,0.4250400052036144,0.17460242874960222,0.04818367958068848,0.9383588497987052,0.6214223764093668,0.2045389666000571,0.3077749140893471,96694,873,5573,1433,0.5,0.8679456255866069,0.7358912511732139,0.5874768795560874,0.4122437035469477,0.17630419400204517,0.04864112287759781,0.9379253408304884,0.6095143706640238,0.2047952047952048,0.306580259222333,41420,394,2388,615,0.5,,,,,0.0038323664158497195
XGB003,boosting,XGBClassifier,tree,17,"RevolvingUtilization_capped, age, age_sq, NumberOfTime30-59DaysPastDueNotWorse, DebtRatio_capped, MonthlyIncome_median, NumberOfOpenCreditLinesAndLoans, NumberOfTimes90DaysLate, NumberRealEstateLoansOrLines, NumberOfTime60-89DaysPastDueNotWorse, NumberOfDependents_median, RevolvingUtilization_log, DebtRatio_log, MonthlyIncome_missing_flag, NumberOfDependents_missing_flag, DebtRatio_high_flag, RevolvingUtilization_high_flag","{'n_estimators': 500, 'max_depth': 2, 'learning_rate': 0.03, 'subsample': 0.8, 'colsample_bytree': 0.8, 'reg_lambda': 5.0, 'reg_alpha': 0.1}",False,xgboost_grid_plus_anti_overfit,0.865721046150179,0.731442092300358,0.5703564527699435,0.40260651100077177,0.17801769489620728,0.0490713007748127,0.9370583228940549,0.5921739130434782,0.19440479588923779,0.2927143778207608,96629,938,5644,1362,0.5,0.8667064349371711,0.7334128698743423,0.5832589470127136,0.4089274912058437,0.1770661752610975,0.04880017787218094,0.9373005779057054,0.598974358974359,0.19447219447219447,0.293614881850176,41423,391,2419,584,0.5,,,,,-0.0009853887869921696
XGB004,boosting,XGBClassifier,tree,17,"RevolvingUtilization_capped, age, age_sq, NumberOfTime30-59DaysPastDueNotWorse, DebtRatio_capped, MonthlyIncome_median, NumberOfOpenCreditLinesAndLoans, NumberOfTimes90DaysLate, NumberRealEstateLoansOrLines, NumberOfTime60-89DaysPastDueNotWorse, NumberOfDependents_median, RevolvingUtilization_log, DebtRatio_log, MonthlyIncome_missing_flag, NumberOfDependents_missing_flag, DebtRatio_high_flag, RevolvingUtilization_high_flag","{'n_estimators': 700, 'max_depth': 2, 'learning_rate': 0.02, 'subsample': 0.8, 'colsample_bytree': 0.8, 'reg_lambda': 10.0, 'reg_alpha': 0.5}",False,xgboost_grid_plus_anti_overfit,0.8651436663559077,0.7302873327118153,0.5695902035899698,0.4014928412122542,0.1783374197289186,0.04913907125592232,0.9373260784332476,0.5990359333917616,0.19511846988295747,0.29435831180017225,96652,915,5639,1367,0.5,0.8664333904325294,0.7328667808650589,0.5821809366794299,0.40767047365687237,0.17731069900026492,0.04886685311794281,0.937278264944106,0.5991735537190083,0.19314019314019315,0.29211785444472427,41426,388,2423,580,0.5,,,,,-0.0012897240766217566
LGB001,boosting,LGBMClassifier,tree,17,"RevolvingUtilization_capped, age, age_sq, NumberOfTime30-59DaysPastDueNotWorse, DebtRatio_capped, MonthlyIncome_median, NumberOfOpenCreditLinesAndLoans, NumberOfTimes90DaysLate, NumberRealEstateLoansOrLines, NumberOfTime60-89DaysPastDueNotWorse, NumberOfDependents_median, RevolvingUtilization_log, DebtRatio_log, MonthlyIncome_missing_flag, NumberOfDependents_missing_flag, DebtRatio_high_flag, RevolvingUtilization_high_flag","{'n_estimators': 300, 'num_leaves': 15, 'learning_rate': 0.05, 'subsample': 0.9, 'colsample_bytree': 0.9, 'reg_lambda': 1.0, 'reg_alpha': 0.0, 'min_child_samples': 100}",False,lightgbm_grid_plus_anti_overfit,0.8821873983045463,0.7643747966090926,0.6015489034916639,0.4507671425040583,0.16981657052677568,0.047098835471936225,0.9397741290772953,0.6562224183583407,0.2122466457322295,0.32075064710957724,96788,779,5519,1487,0.5,0.8671195197239107,0.7342390394478213,0.5831311750381918,0.41050954311202037,0.17652912918524344,0.04871629608781164,0.9377468371376932,0.6108220603537982,0.19547119547119546,0.29616548940464177,41440,374,2416,587,0.5,,,,,0.01506787858063563
LGB002,boosting,LGBMClassifier,tree,17,"RevolvingUtilization_capped, age, age_sq, NumberOfTime30-59DaysPastDueNotWorse, DebtRatio_capped, MonthlyIncome_median, NumberOfOpenCreditLinesAndLoans, NumberOfTimes90DaysLate, NumberRealEstateLoansOrLines, NumberOfTime60-89DaysPastDueNotWorse, NumberOfDependents_median, RevolvingUtilization_log, DebtRatio_log, MonthlyIncome_missing_flag, NumberOfDependents_missing_flag, DebtRatio_high_flag, RevolvingUtilization_high_flag","{'n_estimators': 500, 'num_leaves': 31, 'learning_rate': 0.03, 'subsample': 0.9, 'colsample_bytree': 0.9, 'reg_lambda': 1.0, 'reg_alpha': 0.0, 'min_child_samples': 100}",False,lightgbm_grid_plus_anti_overfit,0.8985044997193946,0.7970089994387892,0.6314923855906937,0.49250372760143535,0.1617618984418506,0.04520553839614082,0.9415814789668461,0.6950848194867334,0.22809020839280617,0.3434712520150457,96866,701,5408,1598,0.5,0.8659750550624421,0.7319501101248842,0.5828926418681046,0.4085491826738695,0.17700284905346755,0.048807788480402466,0.9380369056384854,0.6167355371900827,0.19880119880119881,0.30067992948879374,41443,371,2406,597,0.5,,,,,0.03252944465695251
LGB003,boosting,LGBMClassifier,tree,17,"RevolvingUtilization_capped, age, age_sq, NumberOfTime30-59DaysPastDueNotWorse, DebtRatio_capped, MonthlyIncome_median, NumberOfOpenCreditLinesAndLoans, NumberOfTimes90DaysLate, NumberRealEstateLoansOrLines, NumberOfTime60-89DaysPastDueNotWorse, NumberOfDependents_median, RevolvingUtilization_log, DebtRatio_log, MonthlyIncome_missing_flag, NumberOfDependents_missing_flag, DebtRatio_high_flag, RevolvingUtilization_high_flag","{'n_estimators': 500, 'num_leaves': 15, 'learning_rate': 0.03, 'subsample': 0.8, 'colsample_bytree': 0.8, 'reg_lambda': 5.0, 'reg_alpha': 0.1, 'min_child_samples': 250}",False,lightgbm_grid_plus_anti_overfit,0.8802872620517481,0.7605745241034962,0.5982382803819615,0.44157967088879374,0.1708328621861217,0.04739787619340284,0.9390091132510304,0.6369982547993019,0.2083928061661433,0.31404603140460313,96735,832,5546,1460,0.5,0.8675357462486176,0.7350714924972352,0.5853123535000417,0.41353083861237216,0.17623227272575243,0.04861135628804562,0.937903027868889,0.6129363449691991,0.19880119880119881,0.3002263012320845,41437,377,2406,597,0.5,,,,,0.012751515803130498
LGB004,boosting,LGBMClassifier,tree,17,"RevolvingUtilization_capped, age, age_sq, NumberOfTime30-59DaysPastDueNotWorse, DebtRatio_capped, MonthlyIncome_median, NumberOfOpenCreditLinesAndLoans, NumberOfTimes90DaysLate, NumberRealEstateLoansOrLines, NumberOfTime60-89DaysPastDueNotWorse, NumberOfDependents_median, RevolvingUtilization_log, DebtRatio_log, MonthlyIncome_missing_flag, NumberOfDependents_missing_flag, DebtRatio_high_flag, RevolvingUtilization_high_flag","{'n_estimators': 700, 'num_leaves': 15, 'learning_rate': 0.02, 'subsample': 0.8, 'colsample_bytree': 0.8, 'reg_lambda': 10.0, 'reg_alpha': 0.5, 'min_child_samples': 300}",False,lightgbm_grid_plus_anti_overfit,0.8783387521802544,0.7566775043605087,0.5938747066981803,0.4349603231138262,0.1718221324036925,0.047657278727690086,0.9387317950140094,0.6323464427750773,0.20425349700256923,0.30877117272629195,96735,832,5575,1431,0.5,0.8678344104517157,0.7356688209034314,0.5829286464241265,0.4130788576525172,0.17616718543132043,0.04861506931043209,0.9379699667536873,0.6148300720906282,0.19880119880119881,0.3004529441368898,41440,374,2406,597,0.5,,,,,0.010504341728538646
CAT001,boosting,CatBoostClassifier,tree,17,"RevolvingUtilization_capped, age, age_sq, NumberOfTime30-59DaysPastDueNotWorse, DebtRatio_capped, MonthlyIncome_median, NumberOfOpenCreditLinesAndLoans, NumberOfTimes90DaysLate, NumberRealEstateLoansOrLines, NumberOfTime60-89DaysPastDueNotWorse, NumberOfDependents_median, RevolvingUtilization_log, DebtRatio_log, MonthlyIncome_missing_flag, NumberOfDependents_missing_flag, DebtRatio_high_flag, RevolvingUtilization_high_flag","{'iterations': 300, 'depth': 4, 'learning_rate': 0.05, 'l2_leaf_reg': 3.0}",False,catboost_grid_plus_anti_overfit,0.8676604960258891,0.7353209920517783,0.5755949268248587,0.4280122975712169,0.17574817285689986,0.04822189547180699,0.9387413577118376,0.6284246575342466,0.20953468455609478,0.31427959751659174,96699,868,5538,1468,0.5,0.8674652821230523,0.7349305642461046,0.5858563400534988,0.41093778676206155,0.17658865644490368,0.04871022162266766,0.9377245241760939,0.6068548387096774,0.20046620046620048,0.3013767209011264,41424,390,2401,602,0.5,,,,,0.0001952139028368327
CAT002,boosting,CatBoostClassifier,tree,17,"RevolvingUtilization_capped, age, age_sq, NumberOfTime30-59DaysPastDueNotWorse, DebtRatio_capped, MonthlyIncome_median, NumberOfOpenCreditLinesAndLoans, NumberOfTimes90DaysLate, NumberRealEstateLoansOrLines, NumberOfTime60-89DaysPastDueNotWorse, NumberOfDependents_median, RevolvingUtilization_log, DebtRatio_log, MonthlyIncome_missing_flag, NumberOfDependents_missing_flag, DebtRatio_high_flag, RevolvingUtilization_high_flag","{'iterations': 500, 'depth': 5, 'learning_rate': 0.03, 'l2_leaf_reg': 5.0}",False,catboost_grid_plus_anti_overfit,0.8702583514340384,0.7405167028680768,0.5793589461808484,0.44433898942916855,0.17393820672729574,0.04766372636241045,0.9399080068468917,0.6580560420315237,0.21453040251213246,0.32357373519913885,96786,781,5503,1503,0.5,0.8683594749027379,0.7367189498054758,0.5872307249836307,0.41276502260650416,0.17614518562013318,0.04861625325225907,0.9380592186000848,0.614070351758794,0.20346320346320346,0.3056528264132066,41430,384,2392,611,0.5,,,,,0.0018988765313004974
CAT003,boosting,CatBoostClassifier,tree,17,"RevolvingUtilization_capped, age, age_sq, NumberOfTime30-59DaysPastDueNotWorse, DebtRatio_capped, MonthlyIncome_median, NumberOfOpenCreditLinesAndLoans, NumberOfTimes90DaysLate, NumberRealEstateLoansOrLines, NumberOfTime60-89DaysPastDueNotWorse, NumberOfDependents_median, RevolvingUtilization_log, DebtRatio_log, MonthlyIncome_missing_flag, NumberOfDependents_missing_flag, DebtRatio_high_flag, RevolvingUtilization_high_flag","{'iterations': 500, 'depth': 4, 'learning_rate': 0.03, 'l2_leaf_reg': 10.0}",False,catboost_grid_plus_anti_overfit,0.8675162902396173,0.7350325804792346,0.5760582622946813,0.4245800325649656,0.17600091135592574,0.04833188875695914,0.9385309783596149,0.6243545611015491,0.2071081929774479,0.3110396570203644,96694,873,5555,1451,0.5,0.8675548873568675,0.735109774713735,0.5848988386655196,0.4121734493904278,0.17645461627789877,0.04864237071847614,0.9378137760224915,0.610204081632653,0.19913419913419914,0.30027617373838816,41432,382,2405,598,0.5,,,,,-3.859711725018311e-05
CAT004,boosting,CatBoostClassifier,tree,17,"RevolvingUtilization_capped, age, age_sq, NumberOfTime30-59DaysPastDueNotWorse, DebtRatio_capped, MonthlyIncome_median, NumberOfOpenCreditLinesAndLoans, NumberOfTimes90DaysLate, NumberRealEstateLoansOrLines, NumberOfTime60-89DaysPastDueNotWorse, NumberOfDependents_median, RevolvingUtilization_log, DebtRatio_log, MonthlyIncome_missing_flag, NumberOfDependents_missing_flag, DebtRatio_high_flag, RevolvingUtilization_high_flag","{'iterations': 700, 'depth': 4, 'learning_rate': 0.02, 'l2_leaf_reg': 15.0}",False,catboost_grid_plus_anti_overfit,0.8668334104298548,0.7336668208597097,0.5733660435120714,0.4215330172057546,0.17641327792987782,0.04844644473713973,0.93844491407916,0.622050622050622,0.20696545817870396,0.31059226732355144,96686,881,5556,1450,0.5,0.8673102737889651,0.7346205475779302,0.584584306495628,0.4129648608085306,0.17648466269128918,0.04863425205714622,0.937903027868889,0.6129363449691991,0.19880119880119881,0.3002263012320845,41437,377,2406,597,0.5,,,,,-0.0004768633591102356
