table_name,model_id,split,predicted_prob,actual_rate,bin
calibration,WLOG001,train,0.014299185639473544,0.014009494037281463,1
calibration,WLOG001,train,0.021862807752196407,0.02210184182015168,2
calibration,WLOG001,train,0.032996179284066285,0.03278286862351154,3
calibration,WLOG001,train,0.05854456823925806,0.05679877774782062,4
calibration,WLOG001,train,0.10135812061847083,0.10482787139460353,5
calibration,WLOG001,train,0.18369575083671447,0.18459877653832313,6
calibration,WLOG001,train,0.3721447126872859,0.36277466609220166,7
calibration,WLOG001,validation,0.014299185639476046,0.01479185119574845,1
calibration,WLOG001,validation,0.0218628077521917,0.02107156623409996,2
calibration,WLOG001,validation,0.033014942699816766,0.03322602897217751,3
calibration,WLOG001,validation,0.05857473091185088,0.06240744658345674,4
calibration,WLOG001,validation,0.10135812061849596,0.09288682473722806,5
calibration,WLOG001,validation,0.18369575083672687,0.18165467625899281,6
calibration,WLOG001,validation,0.3721447126873,0.395,7
calibration,WLOG002,train,0.015073376309469744,0.011933546525232042,1
calibration,WLOG002,train,0.0212164140515556,0.018867924528301886,2
calibration,WLOG002,train,0.029571914122571877,0.026793344392499873,3
calibration,WLOG002,train,0.0471144635306933,0.04812983863445574,4
calibration,WLOG002,train,0.07396492615796743,0.08740581270182993,5
calibration,WLOG002,train,0.12186753422020752,0.12496417311550588,6
calibration,WLOG002,train,0.3993745749987624,0.3993035403366222,7
calibration,WLOG002,validation,0.015073376309461291,0.0117288924702301,1
calibration,WLOG002,validation,0.021216414051564852,0.018385708697352978,2
calibration,WLOG002,validation,0.029588498116296307,0.027256637168141595,3
calibration,WLOG002,validation,0.047114463530684124,0.0500220361392684,4
calibration,WLOG002,validation,0.0746929069595723,0.08068520357497518,5
calibration,WLOG002,validation,0.12217226125247685,0.12546249579549276,6
calibration,WLOG002,validation,0.3978315550235178,0.4017379679144385,7
calibration,WLOG003,train,0.01351722903806431,0.008667978727858967,1
calibration,WLOG003,train,0.01831870592745161,0.013571080817916262,2
calibration,WLOG003,train,0.02316797194591549,0.016811860003056702,3
calibration,WLOG003,train,0.02543284456509762,0.021169814764120814,4
calibration,WLOG003,train,0.03631983179619514,0.03789636504253674,5
calibration,WLOG003,train,0.053183156911447135,0.06440641938569455,6
calibration,WLOG003,train,0.08368787549401865,0.09175302245250432,7
calibration,WLOG003,train,0.13186411986699312,0.146404851285013,8
calibration,WLOG003,train,0.35830506583737265,0.35807588637777316,9
calibration,WLOG003,validation,0.013517229038058885,0.00892771431314198,1
calibration,WLOG003,validation,0.018318705927455044,0.013197532635202984,2
calibration,WLOG003,validation,0.023182749694813848,0.014919941775836972,3
calibration,WLOG003,validation,0.025432708220741226,0.0210727969348659,4
calibration,WLOG003,validation,0.036344465043580326,0.032243205895900504,5
calibration,WLOG003,validation,0.05327142151176858,0.059569074778200254,6
calibration,WLOG003,validation,0.08383504966488135,0.08921196101106889,7
calibration,WLOG003,validation,0.1318036935206264,0.17411300919842312,8
calibration,WLOG003,validation,0.3613479239105447,0.3635040038825528,9
calibration,WLOG004,train,0.013717669159895533,0.008113590263691683,1
calibration,WLOG004,train,0.01838952966481188,0.01204227082821332,2
calibration,WLOG004,train,0.023083300982689,0.015243428215896719,3
calibration,WLOG004,train,0.025235939721235695,0.019553331479936986,4
calibration,WLOG004,train,0.03517947722210508,0.035157771717958704,5
calibration,WLOG004,train,0.05047982455866463,0.06268168604651163,6
calibration,WLOG004,train,0.08177693961435553,0.08576657516013643,7
calibration,WLOG004,train,0.12019392893784336,0.14282038085434895,8
calibration,WLOG004,train,0.3513523504214109,0.3589442815249267,9
calibration,WLOG004,validation,0.013717669159891312,0.008334948633456097,1
calibration,WLOG004,validation,0.018389529664815774,0.01175787487298592,2
calibration,WLOG004,validation,0.02308330098269095,0.013673318551367332,3
calibration,WLOG004,validation,0.02523593972124141,0.020720915173753508,4
calibration,WLOG004,validation,0.035193723290363715,0.030989824236817762,5
calibration,WLOG004,validation,0.05051099527048447,0.055495103373231776,6
calibration,WLOG004,validation,0.08185092763700356,0.08471698113207547,7
calibration,WLOG004,validation,0.11995949605866332,0.1644157369348209,8
calibration,WLOG004,validation,0.35592403445803095,0.3644515980685215,9
calibration,WLOG005,train,0.010098429813319834,0.005629605099759914,1
calibration,WLOG005,train,0.01397472088134021,0.008597004342816628,2
calibration,WLOG005,train,0.016878741319481222,0.010967609676096762,3
calibration,WLOG005,train,0.02000075373972993,0.013073913938645255,4
calibration,WLOG005,train,0.025034727177140965,0.02158406669754516,5
calibration,WLOG005,train,0.03163073202179693,0.030157510564733002,6
calibration,WLOG005,train,0.04476590157105424,0.04758190327613104,7
calibration,WLOG005,train,0.06560436202581321,0.07345048931916237,8
calibration,WLOG005,train,0.10141142850022966,0.11343508573582062,9
calibration,WLOG005,train,0.3551678639707194,0.3611849227438244,10
calibration,WLOG005,validation,0.01009379358138788,0.006255924170616114,1
calibration,WLOG005,validation,0.013993426266008451,0.008457095709570957,2
calibration,WLOG005,validation,0.016892518414068976,0.011710173212978776,3
calibration,WLOG005,validation,0.019974132431255155,0.012461791676463673,4
calibration,WLOG005,validation,0.024623348204234143,0.018274111675126905,5
calibration,WLOG005,validation,0.031182682837405377,0.030105777054515868,6
calibration,WLOG005,validation,0.04475685340916153,0.04398095669916119,7
calibration,WLOG005,validation,0.06558592058021502,0.06362114326716097,8
calibration,WLOG005,validation,0.1012582630565616,0.11995589856670341,9
calibration,WLOG005,validation,0.357066591119193,0.3679743060334939,10
calibration,BLOG001,train,0.01400949403728191,0.014009494037281463,1
calibration,BLOG001,train,0.022101841820145556,0.02210184182015168,2
calibration,BLOG001,train,0.032798120227140404,0.03279812022713922,3
calibration,BLOG001,train,0.05681613542230066,0.05681613542229425,4
calibration,BLOG001,train,0.10482787139460467,0.10482787139460353,5
calibration,BLOG001,train,0.18459877653826054,0.18459877653832313,6
calibration,BLOG001,train,0.3627746660921843,0.36277466609220166,7
calibration,BLOG001,validation,0.014009494037281906,0.01479185119574845,1
calibration,BLOG001,validation,0.022101841820151534,0.02107156623409996,2
calibration,BLOG001,validation,0.03282151912247431,0.033214573037581886,3
calibration,BLOG001,validation,0.05681613542228894,0.06244707874682472,4
calibration,BLOG001,validation,0.10482787139460464,0.09288682473722806,5
calibration,BLOG001,validation,0.1845987765383092,0.18165467625899281,6
calibration,BLOG001,validation,0.3627746660922059,0.395,7
calibration,BLOG002,train,0.013353149377866084,0.011933546525232042,1
calibration,BLOG002,train,0.020688608283914216,0.018867924528301886,2
calibration,BLOG002,train,0.02938836908629777,0.026793344392499873,3
calibration,BLOG002,train,0.049786465210619094,0.04812983863445574,4
calibration,BLOG002,train,0.0852651824798259,0.08740581270182993,5
calibration,BLOG002,train,0.11737409545739728,0.12496417311550588,6
calibration,BLOG002,train,0.3974071956562181,0.3993035403366222,7
calibration,BLOG002,validation,0.013353149377867664,0.0117288924702301,1
calibration,BLOG002,validation,0.02068860828390555,0.018385708697352978,2
calibration,BLOG002,validation,0.029421015032924897,0.027256637168141595,3
calibration,BLOG002,validation,0.04978646521061793,0.0500220361392684,4
calibration,BLOG002,validation,0.08571112362458656,0.08068520357497518,5
calibration,BLOG002,validation,0.11760156900569133,0.12546249579549276,6
calibration,BLOG002,validation,0.3957871468316678,0.4017379679144385,7
calibration,BLOG003,train,0.0119841202090864,0.008667978727858967,1
calibration,BLOG003,train,0.017922159650480537,0.013548818275715415,2
calibration,BLOG003,train,0.021800882349282548,0.01687116564417178,3
calibration,BLOG003,train,0.025619338259269465,0.021232002915983234,4
calibration,BLOG003,train,0.03716595921490249,0.0378435927216415,5
calibration,BLOG003,train,0.05829936302454989,0.06634040239260468,6
calibration,BLOG003,train,0.0867286221334773,0.09406060606060607,7
calibration,BLOG003,train,0.13304983927145053,0.14082117407533085,8
calibration,BLOG003,train,0.34910950066357077,0.35130832752959906,9
calibration,BLOG003,validation,0.011984120209078939,0.00892771431314198,1
calibration,BLOG003,validation,0.017922159650478935,0.01319185546314884,2
calibration,BLOG003,validation,0.021800882349282815,0.014925373134328358,3
calibration,BLOG003,validation,0.025619338259262266,0.021068312406895082,4
calibration,BLOG003,validation,0.03718474977323026,0.03225806451612903,5
calibration,BLOG003,validation,0.058363597697817196,0.06127292340884574,6
calibration,BLOG003,validation,0.08677168026075235,0.0922365988909427,7
calibration,BLOG003,validation,0.13277321805007036,0.1592851592851593,8
calibration,BLOG003,validation,0.35130139013124745,0.35979572887650885,9
calibration,BLOG004,train,0.01186367472920608,0.008113590263691683,1
calibration,BLOG004,train,0.017732717517990416,0.01204227082821332,2
calibration,BLOG004,train,0.021144253305362282,0.015243428215896719,3
calibration,BLOG004,train,0.025115108631482228,0.02164999179924553,4
calibration,BLOG004,train,0.037515413566653055,0.037839399191218946,5
calibration,BLOG004,train,0.05759471778286971,0.0647588765235824,6
calibration,BLOG004,train,0.08045907435071468,0.08348105005486621,7
calibration,BLOG004,train,0.13287709593025596,0.1465902989081797,8
calibration,BLOG004,train,0.3844461468135847,0.39337521416333526,9
calibration,BLOG004,validation,0.011863674729209243,0.008334948633456097,1
calibration,BLOG004,validation,0.01773271751798764,0.01175787487298592,2
calibration,BLOG004,validation,0.0211442533053605,0.013673318551367332,3
calibration,BLOG004,validation,0.02511556029133465,0.021305182341650672,4
calibration,BLOG004,validation,0.03748972351079173,0.035706111238269625,5
calibration,BLOG004,validation,0.05756878349748515,0.05551349987383296,6
calibration,BLOG004,validation,0.08056690102515213,0.08387715930902111,7
calibration,BLOG004,validation,0.13237124947991838,0.1661819692563357,8
calibration,BLOG004,validation,0.3883774573773743,0.3938584779706275,9
calibration,BLOG005,train,0.009140007029878118,0.005629605099759914,1
calibration,BLOG005,train,0.013043610788594022,0.008597004342816628,2
calibration,BLOG005,train,0.015264772872488334,0.010385756676557863,3
calibration,BLOG005,train,0.01908615514963796,0.013898982558139535,4
calibration,BLOG005,train,0.024112490931091288,0.02001360147673176,5
calibration,BLOG005,train,0.031017016700736248,0.031611339052592315,6
calibration,BLOG005,train,0.04521834132780664,0.04792717701250274,7
calibration,BLOG005,train,0.06725284647606407,0.07080745341614907,8
calibration,BLOG005,train,0.10135392701398227,0.11178881158867816,9
calibration,BLOG005,train,0.3521599798756456,0.3576536528797835,10
calibration,BLOG005,validation,0.00913951538402007,0.006255924170616114,1
calibration,BLOG005,validation,0.01304869381385106,0.008457095709570957,2
calibration,BLOG005,validation,0.015259465779321328,0.010775862068965518,3
calibration,BLOG005,validation,0.019085258956505327,0.013279932546374367,4
calibration,BLOG005,validation,0.024073860837002383,0.019190751445086706,5
calibration,BLOG005,validation,0.03106606507477851,0.030202821869488534,6
calibration,BLOG005,validation,0.046802739588186246,0.04491883477874138,7
calibration,BLOG005,validation,0.06889486963543945,0.06402823292160323,8
calibration,BLOG005,validation,0.10132637903406023,0.1202503352704515,9
calibration,BLOG005,validation,0.3541190612746728,0.3631448524442442,10
calibration,RLOG001,train,0.011850895883159292,0.009083954867087397,1
calibration,RLOG001,train,0.01640240272006892,0.012623123266711294,2
calibration,RLOG001,train,0.01989468646624421,0.01577890408338912,3
calibration,RLOG001,train,0.023309546273441707,0.01903031462178445,4
calibration,RLOG001,train,0.027952339717178403,0.026965002868617326,5
calibration,RLOG001,train,0.036284233654535876,0.037008702304676296,6
calibration,RLOG001,train,0.052775222477198645,0.05288323610978292,7
calibration,RLOG001,train,0.08725556999437371,0.08472793344171368,8
calibration,RLOG001,train,0.14976288164294596,0.14172324758534952,9
calibration,RLOG001,train,0.25402884494969097,0.2701281315739147,10
calibration,RLOG001,validation,0.011828028202575502,0.010040160642570281,1
calibration,RLOG001,validation,0.01633198924762821,0.012048192771084338,2
calibration,RLOG001,validation,0.01981121003080846,0.01316670386074537,3
calibration,RLOG001,validation,0.02325028245813707,0.01717983043284248,4
calibration,RLOG001,validation,0.027940209504875274,0.028335564480142794,5
calibration,RLOG001,validation,0.03645615242062506,0.03816112474893997,6
calibration,RLOG001,validation,0.05295916931652972,0.05533244087460955,7
calibration,RLOG001,validation,0.08793402213865124,0.08279401919214462,8
calibration,RLOG001,validation,0.15018952941192018,0.1390004462293619,9
calibration,RLOG001,validation,0.2538451043138925,0.2739848282016957,10
calibration,RLOG002,train,0.009888657066976727,0.010900745840504877,1
calibration,RLOG002,train,0.01430221720282219,0.012431863823276275,2
calibration,RLOG002,train,0.017814335921774803,0.015683274361671606,3
calibration,RLOG002,train,0.021431436771449496,0.0185521660131969,4
calibration,RLOG002,train,0.026296270879708,0.022757697456492636,5
calibration,RLOG002,train,0.034436067966987574,0.03547862675719614,6
calibration,RLOG002,train,0.050165488751050646,0.056612795256765804,7
calibration,RLOG002,train,0.08266205141080565,0.09295208950941952,8
calibration,RLOG002,train,0.1415168491601607,0.126805010997418,9
calibration,RLOG002,train,0.2723977473412293,0.2777777777777778,10
calibration,RLOG002,validation,0.009861539243851174,0.012717536813922356,1
calibration,RLOG002,validation,0.014260551240091334,0.012048192771084338,2
calibration,RLOG002,validation,0.017737974921997874,0.00981923677750502,3
calibration,RLOG002,validation,0.02135285323857663,0.01717983043284248,4
calibration,RLOG002,validation,0.02628353204171853,0.027889335118250782,5
calibration,RLOG002,validation,0.034563086613656785,0.03905378263780406,6
calibration,RLOG002,validation,0.05041118629329815,0.05310129406514949,7
calibration,RLOG002,validation,0.0836208426184015,0.08681097969203302,8
calibration,RLOG002,validation,0.14243911984326063,0.1278447121820616,9
calibration,RLOG002,validation,0.27185299637401755,0.28357875948237393,10
calibration,RLOG003,train,0.009429242221800273,0.01128322815069803,1
calibration,RLOG003,train,0.014027720558841834,0.012718752988428804,2
calibration,RLOG003,train,0.01760368928886989,0.016065793248541647,3
calibration,RLOG003,train,0.021265394783898137,0.017691498517739313,4
calibration,RLOG003,train,0.026170778675300894,0.02256645630139606,5
calibration,RLOG003,train,0.03428596040121894,0.03557425647891364,6
calibration,RLOG003,train,0.049883103425969993,0.05709094386535335,7
calibration,RLOG003,train,0.08203394364350518,0.09199579229224443,8
calibration,RLOG003,train,0.14068143215242035,0.12709190016257052,9
calibration,RLOG003,train,0.27466414827510466,0.27787339835532604,10
calibration,RLOG003,validation,0.009391405513000767,0.013386880856760375,1
calibration,RLOG003,validation,0.013981792882292864,0.011601963409192326,2
calibration,RLOG003,validation,0.017531934957922192,0.010488730194153091,3
calibration,RLOG003,validation,0.021198836274726397,0.01717983043284248,4
calibration,RLOG003,validation,0.026174177775282872,0.02744310575635877,5
calibration,RLOG003,validation,0.03441657548446935,0.03838428922115599,6
calibration,RLOG003,validation,0.05014314640369866,0.05310129406514949,7
calibration,RLOG003,validation,0.08303264357992583,0.0874804731086811,8
calibration,RLOG003,validation,0.14169602719741278,0.1253904506916555,9
calibration,RLOG003,validation,0.27418568830047,0.285586791610888,10
calibration,RLOG004,train,0.009364185601359848,0.011378848728246318,1
calibration,RLOG004,train,0.013999558893570078,0.012814382710146314,2
calibration,RLOG004,train,0.017587433451279954,0.015970163526824135,3
calibration,RLOG004,train,0.02125543627626708,0.017500239074304293,4
calibration,RLOG004,train,0.026162328617801562,0.02256645630139606,5
calibration,RLOG004,train,0.034272545836040384,0.03586114564406617,6
calibration,RLOG004,train,0.04985426699423157,0.05709094386535335,7
calibration,RLOG004,train,0.0819632555434622,0.0917089031270919,8
calibration,RLOG004,train,0.140608547227385,0.12757004877115807,9
calibration,RLOG004,train,0.27489354023205015,0.27749091604513293,10
calibration,RLOG004,validation,0.00932526681507038,0.013386880856760375,1
calibration,RLOG004,validation,0.013952869479108114,0.011378848728246318,2
calibration,RLOG004,validation,0.017517829814428735,0.01115822361080116,3
calibration,RLOG004,validation,0.021189381798506865,0.016956715751896476,4
calibration,RLOG004,validation,0.02616777224996253,0.02744310575635877,5
calibration,RLOG004,validation,0.03440569193742889,0.03838428922115599,6
calibration,RLOG004,validation,0.05011441303658834,0.05287817938420348,7
calibration,RLOG004,validation,0.0829659712639517,0.0874804731086811,8
calibration,RLOG004,validation,0.14163801529538259,0.1249442213297635,9
calibration,RLOG004,validation,0.27442271781367666,0.28603302097278,10
calibration,RLOG005,train,0.012059838711088252,0.009657678332377127,1
calibration,RLOG005,train,0.01675297908415654,0.011571196327818686,2
calibration,RLOG005,train,0.020472883105896858,0.015396385196519077,3
calibration,RLOG005,train,0.02432073139095211,0.01931720378693698,4
calibration,RLOG005,train,0.02952533884975199,0.02562631478294129,5
calibration,RLOG005,train,0.03850714282906656,0.0371043320263938,6
calibration,RLOG005,train,0.05584588448641142,0.054030792770393035,7
calibration,RLOG005,train,0.09110122937675427,0.08759682509323898,8
calibration,RLOG005,train,0.15166632781893172,0.13837620732523667,9
calibration,RLOG005,train,0.25910588233803866,0.2712755785044942,10
calibration,RLOG005,validation,0.012037517467383095,0.010263275323516287,1
calibration,RLOG005,validation,0.016701396094716325,0.011601963409192326,2
calibration,RLOG005,validation,0.020393666257273655,0.013389868332961392,3
calibration,RLOG005,validation,0.02424791295933742,0.01717983043284248,4
calibration,RLOG005,validation,0.029525028847926155,0.02677376171352075,5
calibration,RLOG005,validation,0.03861539737304858,0.03860745369337201,6
calibration,RLOG005,validation,0.05615985767095914,0.055109326193663544,7
calibration,RLOG005,validation,0.09191130325558697,0.08591832180316894,8
calibration,RLOG005,validation,0.15238170030209974,0.13409192324854977,9
calibration,RLOG005,validation,0.25872048484436744,0.27710843373493976,10
calibration,RLOG006,train,0.009704531358725612,0.010805125262956588,1
calibration,RLOG006,train,0.014301851574601064,0.012336234101558765,2
calibration,RLOG006,train,0.017882600575469774,0.015587644639954098,3
calibration,RLOG006,train,0.02154356442960708,0.01903031462178445,4
calibration,RLOG006,train,0.026475441682769354,0.022279594568751195,5
calibration,RLOG006,train,0.03473751706362432,0.03614803480921871,6
calibration,RLOG006,train,0.05067620423442179,0.056039016926460745,7
calibration,RLOG006,train,0.08345143864506395,0.09295208950941952,8
calibration,RLOG006,train,0.14252383064150015,0.12804819737974563,9
calibration,RLOG006,train,0.2717004635784005,0.2767259514247466,10
calibration,RLOG006,validation,0.009670445734774217,0.01249442213297635,1
calibration,RLOG006,validation,0.014257804529574467,0.012271307452030344,2
calibration,RLOG006,validation,0.01781358787906685,0.00981923677750502,3
calibration,RLOG006,validation,0.021471430837155202,0.01673360107095047,4
calibration,RLOG006,validation,0.026484370991392298,0.027889335118250782,5
calibration,RLOG006,validation,0.03486760720809655,0.03972327605445213,6
calibration,RLOG006,validation,0.05093286499364183,0.052655064703257475,7
calibration,RLOG006,validation,0.08441839894763353,0.0883731309975452,8
calibration,RLOG006,validation,0.1435150747492755,0.12605979473449352,9
calibration,RLOG006,validation,0.2711811719750744,0.28402498884426597,10
calibration,RLOG007,train,0.009395691271601416,0.011378848728246318,1
calibration,RLOG007,train,0.014028748851947359,0.012718752988428804,2
calibration,RLOG007,train,0.017616459904190446,0.016161422970259156,3
calibration,RLOG007,train,0.021281974411919827,0.017691498517739313,4
calibration,RLOG007,train,0.026191053412620697,0.022183973991202907,5
calibration,RLOG007,train,0.03431806532562084,0.035956775365783684,6
calibration,RLOG007,train,0.04993898050247177,0.05709094386535335,7
calibration,RLOG007,train,0.082121036459462,0.0918045328488094,8
calibration,RLOG007,train,0.14082044743524302,0.12718752988428803,9
calibration,RLOG007,train,0.2745455660041646,0.2777777777777778,10
calibration,RLOG007,validation,0.009357279028754186,0.012940651494868362,1
calibration,RLOG007,validation,0.0139822340406351,0.011825078090138332,2
calibration,RLOG007,validation,0.017546760166936664,0.01115822361080116,3
calibration,RLOG007,validation,0.021216288814430984,0.01673360107095047,4
calibration,RLOG007,validation,0.026196610567282546,0.02744310575635877,5
calibration,RLOG007,validation,0.03445069590710011,0.03838428922115599,6
calibration,RLOG007,validation,0.05019980304335889,0.05310129406514949,7
calibration,RLOG007,validation,0.08312008715164708,0.0874804731086811,8
calibration,RLOG007,validation,0.14184621334023972,0.12561356537260152,9
calibration,RLOG007,validation,0.2740684652806415,0.28536367692994197,10
calibration,RLOG008,train,0.009360004074778112,0.011378848728246318,1
calibration,RLOG008,train,0.014000172334281082,0.012814382710146314,2
calibration,RLOG008,train,0.017589976254094718,0.016065793248541647,3
calibration,RLOG008,train,0.021259209161658733,0.017500239074304293,4
calibration,RLOG008,train,0.02616653615131271,0.02256645630139606,5
calibration,RLOG008,train,0.03427629121797683,0.03576551592234867,6
calibration,RLOG008,train,0.04985703775872695,0.05709094386535335,7
calibration,RLOG008,train,0.08196509891020824,0.0917089031270919,8
calibration,RLOG008,train,0.1406161795764909,0.12766567849287558,9
calibration,RLOG008,train,0.2748921884559384,0.2773952954675846,10
calibration,RLOG008,validation,0.00932096445453955,0.013386880856760375,1
calibration,RLOG008,validation,0.013953473327476061,0.011601963409192326,2
calibration,RLOG008,validation,0.01752052681053428,0.010935059138585137,3
calibration,RLOG008,validation,0.021193179609409224,0.016956715751896476,4
calibration,RLOG008,validation,0.0261721466681905,0.027219991075412762,5
calibration,RLOG008,validation,0.03440983512998505,0.03860745369337201,6
calibration,RLOG008,validation,0.05011718887839998,0.05287817938420348,7
calibration,RLOG008,validation,0.08296753274173901,0.0874804731086811,8
calibration,RLOG008,validation,0.14164635442165116,0.1247211066488175,9
calibration,RLOG008,validation,0.2744229705144465,0.28625613565372604,10
calibration,GNB001,train,7.350455666159566e-07,0.0214190093708166,1
calibration,GNB001,train,8.591493442204102e-06,0.012336234101558765,2
calibration,GNB001,train,3.182253576786446e-05,0.015874533805106627,3
calibration,GNB001,train,8.955597566401218e-05,0.021707946829874727,4
calibration,GNB001,train,0.00020546942059258282,0.02677376171352075,5
calibration,GNB001,train,0.00039211454211183686,0.03385292148799847,6
calibration,GNB001,train,0.0009461557717596223,0.050205603901692646,7
calibration,GNB001,train,0.0035543438491281725,0.08377163622453859,8
calibration,GNB001,train,0.02174646727808818,0.14373147174141723,9
calibration,GNB001,train,0.2270732842084839,0.260279212086441,10
calibration,GNB001,validation,7.46810809141931e-07,0.01896474788041053,1
calibration,GNB001,validation,8.694927502180963e-06,0.012940651494868362,2
calibration,GNB001,validation,3.242262662757674e-05,0.01963847355501004,3
calibration,GNB001,validation,9.212268932121965e-05,0.0249888442659527,4
calibration,GNB001,validation,0.00020924468597213473,0.025435073627844713,5
calibration,GNB001,validation,0.0003952429611933394,0.03659897344342781,6
calibration,GNB001,validation,0.0009678892618118632,0.049085229808121376,7
calibration,GNB001,validation,0.0036800463541199297,0.0778844008033921,8
calibration,GNB001,validation,0.020991342219868436,0.14100847835787594,9
calibration,GNB001,validation,0.22408041834818365,0.2634984381972334,10
calibration,GNB002,train,0.0025139540953500483,0.010996366418053165,1
calibration,GNB002,train,0.005215369704770785,0.02515061681170508,2
calibration,GNB002,train,0.0072236624154664395,0.026776322080902745,3
calibration,GNB002,train,0.009001494610023746,0.03155780816677824,4
calibration,GNB002,train,0.011085718225821608,0.03671830177854274,5
calibration,GNB002,train,0.013851233970297683,0.040833891173376685,6
calibration,GNB002,train,0.018106816113244283,0.055752127761308216,7
calibration,GNB002,train,0.026287032727009777,0.08166778234675337,8
calibration,GNB002,train,0.04321611743760658,0.13043894042268336,9
calibration,GNB002,train,0.16478941424670174,0.23006310958118187,10
calibration,GNB002,validation,0.0025306415073214957,0.012940651494868362,1
calibration,GNB002,validation,0.005269328905496044,0.027889335118250782,2
calibration,GNB002,validation,0.007231832352051048,0.028118723499218925,3
calibration,GNB002,validation,0.008998281455677805,0.028781793842034806,4
calibration,GNB002,validation,0.011073037268329032,0.034582775546630966,5
calibration,GNB002,validation,0.013865309450951996,0.043963401026556576,6
calibration,GNB002,validation,0.018094378769024838,0.04863900044622936,7
calibration,GNB002,validation,0.026065413658964243,0.08011604552555233,8
calibration,GNB002,validation,0.04283788204465878,0.13052208835341367,9
calibration,GNB002,validation,0.1664635696380267,0.23449352967425258,10
calibration,GNB003,train,0.002870575296809407,0.021036527060623447,1
calibration,GNB003,train,0.006047503806929073,0.021134168499569665,2
calibration,GNB003,train,0.009716399957961863,0.031844697331930766,3
calibration,GNB003,train,0.012711974760681477,0.03461795926173855,4
calibration,GNB003,train,0.015767531363215726,0.03853509275196022,5
calibration,GNB003,train,0.019669769740341483,0.04398967199005451,6
calibration,GNB003,train,0.02553519623710799,0.051544420005737786,7
calibration,GNB003,train,0.03668234945006972,0.07459118293965765,8
calibration,GNB003,train,0.06142417649467647,0.1220235249115425,9
calibration,GNB003,train,0.19975123013738472,0.2306368330464716,10
calibration,GNB003,validation,0.0029078092259900113,0.023650156180276664,1
calibration,GNB003,validation,0.006106239958557838,0.02610441767068273,2
calibration,GNB003,validation,0.009765270318513923,0.034367328721267576,3
calibration,GNB003,validation,0.012757010904239134,0.030789825970548863,4
calibration,GNB003,validation,0.015824055553356992,0.03681392235609103,5
calibration,GNB003,validation,0.019769856464878003,0.041954920776612364,6
calibration,GNB003,validation,0.025571015609439765,0.052655064703257475,7
calibration,GNB003,validation,0.03655321719529874,0.07007364427583129,8
calibration,GNB003,validation,0.06079244636815967,0.12025881302989737,9
calibration,GNB003,validation,0.2011177502334233,0.23337795626952254,10
calibration,GNB004,train,0.0017330772337915046,0.021610250525913175,1
calibration,GNB004,train,0.004213970288623546,0.022568614325332314,2
calibration,GNB004,train,0.007161112759167123,0.02964521373242804,3
calibration,GNB004,train,0.009666743683418522,0.03385292148799847,4
calibration,GNB004,train,0.012272308612173615,0.03671830177854274,5
calibration,GNB004,train,0.015734510850690813,0.04408530171177202,6
calibration,GNB004,train,0.021266533260429342,0.04810175002390743,7
calibration,GNB004,train,0.032821227716499014,0.07459118293965765,8
calibration,GNB004,train,0.06158830019199188,0.11886774409486468,9
calibration,GNB004,train,0.2004086899290927,0.23991202906865558,10
calibration,GNB004,validation,0.0017557244832758908,0.023873270861222668,1
calibration,GNB004,validation,0.004272331198686406,0.0249888442659527,2
calibration,GNB004,validation,0.00721373576842487,0.033028341887971435,3
calibration,GNB004,validation,0.009700898793570563,0.02989736724676484,4
calibration,GNB004,validation,0.012321003697476988,0.037260151717983046,5
calibration,GNB004,validation,0.015805243106560278,0.040615933943316224,6
calibration,GNB004,validation,0.021335017289185087,0.05220883534136546,7
calibration,GNB004,validation,0.032643523619532086,0.06962731533139924,8
calibration,GNB004,validation,0.06100640422624069,0.11825078090138331,9
calibration,GNB004,validation,0.2018488340399803,0.24029451137884872,10
calibration,GNB005,train,0.0015883440801800037,0.020462803595333715,1
calibration,GNB005,train,0.004055585102187236,0.02400306015109496,2
calibration,GNB005,train,0.007007977270063295,0.027541359854642823,3
calibration,GNB005,train,0.009513460897007673,0.03270536482738835,4
calibration,GNB005,train,0.012137895493436092,0.037961369286670495,5
calibration,GNB005,train,0.015601600972703755,0.04408530171177202,6
calibration,GNB005,train,0.02107284401297168,0.04743234197188486,7
calibration,GNB005,train,0.03251801654827553,0.07573873960026777,8
calibration,GNB005,train,0.060255637275136956,0.12116285741608492,9
calibration,GNB005,train,0.20945344347692613,0.23886020271562441,10
calibration,GNB005,validation,0.0016114868104447394,0.02253458277554663,1
calibration,GNB005,validation,0.004122266504309814,0.026996876394466757,2
calibration,GNB005,validation,0.007057463054471875,0.02923454586029904,3
calibration,GNB005,validation,0.009548511982525007,0.030120481927710843,4
calibration,GNB005,validation,0.012197424563782587,0.040160642570281124,5
calibration,GNB005,validation,0.015643527597663347,0.03816112474893997,6
calibration,GNB005,validation,0.021085910034170135,0.050200803212851405,7
calibration,GNB005,validation,0.03226062242560615,0.07007364427583129,8
calibration,GNB005,validation,0.05961146491372912,0.12070504239178938,9
calibration,GNB005,validation,0.21038302402566827,0.24185631414547076,10
calibration,GNB006,train,0.0011450719844416667,0.022757697456492636,1
calibration,GNB006,train,0.003857334432024103,0.022281725160179785,2
calibration,GNB006,train,0.007099950025137984,0.027732619298077844,3
calibration,GNB006,train,0.009988183916043152,0.030218992062733097,4
calibration,GNB006,train,0.01302577958210707,0.03690954293363932,5
calibration,GNB006,train,0.017033120816777044,0.04513722865066463,6
calibration,GNB006,train,0.023297080350479095,0.05230945777947786,7
calibration,GNB006,train,0.035893849055270766,0.07334799655733001,8
calibration,GNB006,train,0.06513332474220229,0.12250167352013006,9
calibration,GNB006,train,0.21771349510508992,0.23675655000956206,10
calibration,GNB006,validation,0.0011412798812073085,0.023873270861222668,1
calibration,GNB006,validation,0.0039081253413187364,0.026550647032574745,2
calibration,GNB006,validation,0.0071626906666739,0.03146619058245927,3
calibration,GNB006,validation,0.01004828931103638,0.030120481927710843,4
calibration,GNB006,validation,0.013092964087063124,0.03547523427041499,5
calibration,GNB006,validation,0.017081813707890137,0.03972327605445213,6
calibration,GNB006,validation,0.023285814048725647,0.050870147255689425,7
calibration,GNB006,validation,0.03562445755313377,0.06873465744253515,8
calibration,GNB006,validation,0.06429696172560198,0.12405176260597947,9
calibration,GNB006,validation,0.2169832991843552,0.2391789379741187,10
calibration,GNB007,train,2.9047371193569488e-05,0.010996366418053165,1
calibration,GNB007,train,0.00011113988557315572,0.012336234101558765,2
calibration,GNB007,train,0.00019830706016445209,0.017404609352586784,3
calibration,GNB007,train,0.0002724830212961237,0.020656019890982116,4
calibration,GNB007,train,0.0003800346809447145,0.02667814113597246,5
calibration,GNB007,train,0.0006895059825398348,0.03423544037486851,6
calibration,GNB007,train,0.001765132607703119,0.05192693889260782,7
calibration,GNB007,train,0.006950734480181808,0.08453667399827866,8
calibration,GNB007,train,0.04086355077507524,0.13971502342928183,9
calibration,GNB007,train,0.20796863540920962,0.27146681965959074,10
calibration,GNB007,validation,2.8500454571151877e-05,0.009593931280678269,1
calibration,GNB007,validation,0.00011086726197341118,0.013833110218652387,2
calibration,GNB007,validation,0.00019895492788048403,0.016514170943985718,3
calibration,GNB007,validation,0.00027193598968795274,0.022757697456492636,4
calibration,GNB007,validation,0.0003810613003152532,0.023873270861222668,5
calibration,GNB007,validation,0.0006913254987278691,0.03950011158223611,6
calibration,GNB007,validation,0.0017867086359346542,0.048862115127175365,7
calibration,GNB007,validation,0.007192264546311993,0.0836866770810087,8
calibration,GNB007,validation,0.04096705103278226,0.13520749665327977,9
calibration,GNB007,validation,0.20936247859848411,0.27621597501115575,10
calibration,GNB008,train,3.035200371277389e-05,0.02199273283610633,1
calibration,GNB008,train,0.0002030991091646316,0.011475566606101176,2
calibration,GNB008,train,0.00043422191330597543,0.016448312135411685,3
calibration,GNB008,train,0.0006748496755446035,0.017978387682891842,4
calibration,GNB008,train,0.00096363536997789,0.025435073627844713,5
calibration,GNB008,train,0.0017215562530106105,0.03366166204456345,6
calibration,GNB008,train,0.004374365726405997,0.04944056612795257,7
calibration,GNB008,train,0.01727953163073481,0.08291096872908099,8
calibration,GNB008,train,0.0989510030334004,0.1377067992732141,9
calibration,GNB008,train,0.37521050834803954,0.27290112832281505,10
calibration,GNB008,validation,3.064932883226799e-05,0.020972780008924587,1
calibration,GNB008,validation,0.00020483069470193674,0.010040160642570281,2
calibration,GNB008,validation,0.00043777622550855033,0.015398348582905601,3
calibration,GNB008,validation,0.0006757281276465886,0.023873270861222668,4
calibration,GNB008,validation,0.0009671118826476438,0.0214190093708166,5
calibration,GNB008,validation,0.0017258571213670517,0.03682213791564383,6
calibration,GNB008,validation,0.0044281690089059455,0.0499776885319054,7
calibration,GNB008,validation,0.017837907916937346,0.0807855389422004,8
calibration,GNB008,validation,0.0971886266197022,0.13253012048192772,9
calibration,GNB008,validation,0.37377259329450646,0.27822400713966977,10
calibration,GNB009,train,1.943371610436864e-06,0.019315356664754254,1
calibration,GNB009,train,2.169886294931177e-05,0.014726977144496509,2
calibration,GNB009,train,6.722461367390651e-05,0.016448312135411685,3
calibration,GNB009,train,0.00014562430233850597,0.019125944343501962,4
calibration,GNB009,train,0.000254102827031054,0.024192006119716964,5
calibration,GNB009,train,0.00043438767567391645,0.03442669981830353,6
calibration,GNB009,train,0.0010671072817371896,0.04810175002390743,7
calibration,GNB009,train,0.004255657038635343,0.08128526345988334,8
calibration,GNB009,train,0.02725287373387722,0.13818494788180166,9
calibration,GNB009,train,0.2099817635351889,0.2741441958309428,10
calibration,GNB009,validation,1.962403367092418e-06,0.01606425702811245,1
calibration,GNB009,validation,2.2115929913296815e-05,0.01673360107095047,2
calibration,GNB009,validation,6.850619768307877e-05,0.016514170943985718,3
calibration,GNB009,validation,0.00014602615058903812,0.024096385542168676,4
calibration,GNB009,validation,0.0002524631783230005,0.02208835341365462,5
calibration,GNB009,validation,0.00043340471349440833,0.03481365766569962,6
calibration,GNB009,validation,0.001082096335681091,0.049531459170013385,7
calibration,GNB009,validation,0.004426181438258193,0.07833072974782415,8
calibration,GNB009,validation,0.026484218553342175,0.1354306113342258,9
calibration,GNB009,validation,0.21069279903044044,0.27643908969210174,10
calibration,GNB010,train,1.3591441156726696e-06,0.019124115509657678,1
calibration,GNB010,train,1.5031304785745593e-05,0.015492014918236588,2
calibration,GNB010,train,4.636703169695908e-05,0.016352682413694176,3
calibration,GNB010,train,0.00010041624554597398,0.01941283350865449,4
calibration,GNB010,train,0.00017674144122832727,0.024096385542168676,5
calibration,GNB010,train,0.00030437528253271046,0.0331835134359759,6
calibration,GNB010,train,0.0007407283966749723,0.04791049058047241,7
calibration,GNB010,train,0.002970768627449787,0.08157215262503587,8
calibration,GNB010,train,0.0197048963897941,0.13885435593382423,9
calibration,GNB010,train,0.1873176754458503,0.27395295467584624,10
calibration,GNB010,validation,1.3732381462970593e-06,0.015394912985274432,1
calibration,GNB010,validation,1.529957384106609e-05,0.01651048639000446,2
calibration,GNB010,validation,4.713313257036876e-05,0.01785315777728186,3
calibration,GNB010,validation,0.00010085369102074939,0.02253458277554663,4
calibration,GNB010,validation,0.00017548934992487103,0.022757697456492636,5
calibration,GNB010,validation,0.00030345494259616804,0.03793796027672394,6
calibration,GNB010,validation,0.0007490480041310492,0.047746541722445336,7
calibration,GNB010,validation,0.003087331233947594,0.07676857844231198,8
calibration,GNB010,validation,0.019101486688408054,0.13676929941990182,9
calibration,GNB010,validation,0.1886363383567198,0.2757697456492637,10
calibration,BNB001,train,0.00018819206092770914,0.005162030398623459,1
calibration,BNB001,train,0.00046299924043697487,0.007452703993884961,2
calibration,BNB001,train,0.0008516018728437263,0.00928140847765764,3
calibration,BNB001,train,0.0015551675156782495,0.013096262307618775,4
calibration,BNB001,train,0.0028687968141312818,0.022442937637283927,5
calibration,BNB001,train,0.00563191698690214,0.027817608259248637,6
calibration,BNB001,train,0.012376202283444684,0.044199424736337485,7
calibration,BNB001,train,0.03552661681251469,0.06865557467967107,8
calibration,BNB001,train,0.16529661657504835,0.11457536342769702,9
calibration,BNB001,train,0.8430479298312827,0.3573340982979537,10
calibration,BNB001,validation,0.00018707623425436465,0.004457321149988857,1
calibration,BNB001,validation,0.0004615088783315082,0.008705357142857143,2
calibration,BNB001,validation,0.0008588394398009761,0.009362460989745877,3
calibration,BNB001,validation,0.0015798192722340102,0.012603215993046502,4
calibration,BNB001,validation,0.0029208697413182134,0.019747416762342134,5
calibration,BNB001,validation,0.0056542947287684265,0.0227526210127147,6
calibration,BNB001,validation,0.012543272427574359,0.03979659518019014,7
calibration,BNB001,validation,0.035489169065762785,0.07635135135135135,8
calibration,BNB001,validation,0.1660875504839397,0.11460423634336678,9
calibration,BNB001,validation,0.8445808112162111,0.3626005361930295,10
calibration,BNB002,train,0.0026135690037987617,0.005162030398623459,1
calibration,BNB002,train,0.0064077113142304975,0.007452703993884961,2
calibration,BNB002,train,0.011726779378214421,0.00928140847765764,3
calibration,BNB002,train,0.021217949374776543,0.013096262307618775,4
calibration,BNB002,train,0.038477405104344845,0.022442937637283927,5
calibration,BNB002,train,0.07291802725483755,0.027817608259248637,6
calibration,BNB002,train,0.14743796729030081,0.044199424736337485,7
calibration,BNB002,train,0.3302724685132485,0.06865557467967107,8
calibration,BNB002,train,0.6921346363773269,0.11457536342769702,9
calibration,BNB002,train,0.9822341489374032,0.3573340982979537,10
calibration,BNB002,validation,0.002598104016883382,0.004457321149988857,1
calibration,BNB002,validation,0.00638716687180315,0.008705357142857143,2
calibration,BNB002,validation,0.011825076981191115,0.009362460989745877,3
calibration,BNB002,validation,0.021547197146359713,0.012603215993046502,4
calibration,BNB002,validation,0.03915489168679583,0.019747416762342134,5
calibration,BNB002,validation,0.07317596721920011,0.0227526210127147,6
calibration,BNB002,validation,0.14914159098347865,0.03979659518019014,7
calibration,BNB002,validation,0.3304889500446941,0.07635135135135135,8
calibration,BNB002,validation,0.6915379638709078,0.11460423634336678,9
calibration,BNB002,validation,0.982442422450981,0.3626005361930295,10
calibration,BNB003,train,0.0001882116680644969,0.005162030398623459,1
calibration,BNB003,train,0.0004630259276345709,0.007452703993884961,2
calibration,BNB003,train,0.0008516337663875676,0.00928140847765764,3
calibration,BNB003,train,0.0015552061174975004,0.013096262307618775,4
calibration,BNB003,train,0.0028688268849287445,0.022442937637283927,5
calibration,BNB003,train,0.005631888509953279,0.027817608259248637,6
calibration,BNB003,train,0.012375970271999675,0.044199424736337485,7
calibration,BNB003,train,0.035525070098944934,0.06865557467967107,8
calibration,BNB003,train,0.16533873936563032,0.11455345190284949,9
calibration,BNB003,train,0.8431239369067985,0.3574024483550115,10
calibration,BNB003,validation,0.00018709600706295229,0.004457321149988857,1
calibration,BNB003,validation,0.0004615348793800116,0.008705357142857143,2
calibration,BNB003,validation,0.0008588711837613825,0.009362460989745877,3
calibration,BNB003,validation,0.0015798564885955765,0.012603215993046502,4
calibration,BNB003,validation,0.002920896501754688,0.019747416762342134,5
calibration,BNB003,validation,0.0056542700920771734,0.0227526210127147,6
calibration,BNB003,validation,0.01254300687157687,0.03979659518019014,7
calibration,BNB003,validation,0.035481615200544596,0.07636855147555756,8
calibration,BNB003,validation,0.16605829521772011,0.11457868925546144,9
calibration,BNB003,validation,0.8445755677483693,0.3626005361930295,10
calibration,BNB004,train,0.002613840692447202,0.005162030398623459,1
calibration,BNB004,train,0.006408078514617377,0.007452703993884961,2
calibration,BNB004,train,0.011727214221029838,0.00928140847765764,3
calibration,BNB004,train,0.021218466383208633,0.013096262307618775,4
calibration,BNB004,train,0.03847779621160609,0.022442937637283927,5
calibration,BNB004,train,0.07291769236920027,0.027817608259248637,6
calibration,BNB004,train,0.14743563556946515,0.044199424736337485,7
calibration,BNB004,train,0.3302630641946679,0.06865557467967107,8
calibration,BNB004,train,0.6921654708074739,0.11455345190284949,9
calibration,BNB004,train,0.9822472885504245,0.3574024483550115,10
calibration,BNB004,validation,0.002598378007188259,0.004457321149988857,1
calibration,BNB004,validation,0.006387524655776545,0.008705357142857143,2
calibration,BNB004,validation,0.011825509631037928,0.009362460989745877,3
calibration,BNB004,validation,0.021547695218098416,0.012603215993046502,4
calibration,BNB004,validation,0.03915523942045522,0.019747416762342134,5
calibration,BNB004,validation,0.07317568115397158,0.0227526210127147,6
calibration,BNB004,validation,0.1491389449845445,0.03979659518019014,7
calibration,BNB004,validation,0.330445788931485,0.07636855147555756,8
calibration,BNB004,validation,0.6914803757135494,0.11457868925546144,9
calibration,BNB004,validation,0.982441580820144,0.3626005361930295,10
calibration,BNB005,train,0.00018823617481221553,0.005162030398623459,1
calibration,BNB005,train,0.0004630592793269899,0.007452703993884961,2
calibration,BNB005,train,0.000851673618621455,0.00928140847765764,3
calibration,BNB005,train,0.0015552543454385866,0.013096262307618775,4
calibration,BNB005,train,0.0028688644339695583,0.022442937637283927,5
calibration,BNB005,train,0.005631852850408922,0.027817608259248637,6
calibration,BNB005,train,0.012375680169284104,0.044199424736337485,7
calibration,BNB005,train,0.035523136731146335,0.06865557467967107,8
calibration,BNB005,train,0.1653310286929892,0.11455345190284949,9
calibration,BNB005,train,0.8431172716013924,0.3574024483550115,10
calibration,BNB005,validation,0.00018712072092955638,0.004457321149988857,1
calibration,BNB005,validation,0.000461567373443826,0.008705357142857143,2
calibration,BNB005,validation,0.0008589108488525943,0.009362460989745877,3
calibration,BNB005,validation,0.0015799029844642618,0.012603215993046502,4
calibration,BNB005,validation,0.0029209299126536402,0.019747416762342134,5
calibration,BNB005,validation,0.005654239231507024,0.0227526210127147,6
calibration,BNB005,validation,0.012542674845354826,0.03979659518019014,7
calibration,BNB005,validation,0.03547958995820128,0.07636855147555756,8
calibration,BNB005,validation,0.16605077703621438,0.11457868925546144,9
calibration,BNB005,validation,0.8445690122464415,0.3626005361930295,10
calibration,BNB006,train,0.0026141802728291332,0.005162030398623459,1
calibration,BNB006,train,0.0064085374135952385,0.007452703993884961,2
calibration,BNB006,train,0.01172775757246803,0.00928140847765764,3
calibration,BNB006,train,0.02121911231278852,0.013096262307618775,4
calibration,BNB006,train,0.03847828457014517,0.022442937637283927,5
calibration,BNB006,train,0.07291727294437796,0.027817608259248637,6
calibration,BNB006,train,0.14743271976437852,0.044199424736337485,7
calibration,BNB006,train,0.3302513074779947,0.06865557467967107,8
calibration,BNB006,train,0.6921521593489207,0.11455345190284949,9
calibration,BNB006,train,0.9822462129953334,0.3574024483550115,10
calibration,BNB006,validation,0.002598720465039527,0.004457321149988857,1
calibration,BNB006,validation,0.006387971785060422,0.008705357142857143,2
calibration,BNB006,validation,0.011826050239112477,0.009362460989745877,3
calibration,BNB006,validation,0.02154831747313473,0.012603215993046502,4
calibration,BNB006,validation,0.03915567356035043,0.019747416762342134,5
calibration,BNB006,validation,0.07317532274124171,0.0227526210127147,6
calibration,BNB006,validation,0.14913563638884553,0.03979659518019014,7
calibration,BNB006,validation,0.33043353363545885,0.07636855147555756,8
calibration,BNB006,validation,0.6914677320995777,0.11457868925546144,9
calibration,BNB006,validation,0.9824405284984777,0.3626005361930295,10
calibration,BNB007,train,0.00018830968056360257,0.005162030398623459,1
calibration,BNB007,train,0.00046315928571317956,0.007452703993884961,2
calibration,BNB007,train,0.0008517930773750974,0.00928140847765764,3
calibration,BNB007,train,0.0015553988670912017,0.013096262307618775,4
calibration,BNB007,train,0.002868976818155501,0.022442937637283927,5
calibration,BNB007,train,0.005631745449587578,0.027817608259248637,6
calibration,BNB007,train,0.012374809272061292,0.044199424736337485,7
calibration,BNB007,train,0.03551466974425838,0.06866214019317204,8
calibration,BNB007,train,0.16529815217516586,0.11454249928291424,9
calibration,BNB007,train,0.84309726768775,0.3574024483550115,10
calibration,BNB007,validation,0.00018719484823158473,0.004457321149988857,1
calibration,BNB007,validation,0.0004616648073295885,0.008705357142857143,2
calibration,BNB007,validation,0.0008590297450898438,0.009362460989745877,3
calibration,BNB007,validation,0.0015800423082330743,0.012603215993046502,4
calibration,BNB007,validation,0.002921029881144675,0.019747416762342134,5
calibration,BNB007,validation,0.005654146218625285,0.0227526210127147,6
calibration,BNB007,validation,0.012540160513549236,0.039805395842547546,7
calibration,BNB007,validation,0.03546989541623945,0.07635135135135135,8
calibration,BNB007,validation,0.16602822047991886,0.11457868925546144,9
calibration,BNB007,validation,0.8445493379640812,0.3626005361930295,10
calibration,BNB008,train,0.0026151988110698016,0.005162030398623459,1
calibration,BNB008,train,0.006409913433909879,0.007452703993884961,2
calibration,BNB008,train,0.011729386279923783,0.00928140847765764,3
calibration,BNB008,train,0.021221047895796714,0.013096262307618775,4
calibration,BNB008,train,0.038479746143574696,0.022442937637283927,5
calibration,BNB008,train,0.0729160092205874,0.027817608259248637,6
calibration,BNB008,train,0.14742396465964602,0.044199424736337485,7
calibration,BNB008,train,0.33020120009441534,0.06866214019317204,8
calibration,BNB008,train,0.6920924343702074,0.11454249928291424,9
calibration,BNB008,train,0.9822429843868775,0.3574024483550115,10
calibration,BNB008,validation,0.00259974763834423,0.004457321149988857,1
calibration,BNB008,validation,0.00638931250178618,0.008705357142857143,2
calibration,BNB008,validation,0.01182767070212245,0.009362460989745877,3
calibration,BNB008,validation,0.021550182008037305,0.012603215993046502,4
calibration,BNB008,validation,0.03915697246691342,0.019747416762342134,5
calibration,BNB008,validation,0.07317424196435982,0.0227526210127147,6
calibration,BNB008,validation,0.14911090481603353,0.039805395842547546,7
calibration,BNB008,validation,0.330371004402924,0.07635135135135135,8
calibration,BNB008,validation,0.6914297857803293,0.11457868925546144,9
calibration,BNB008,validation,0.9824373696468672,0.3626005361930295,10
calibration,BNB009,train,0.00018843214182244394,0.005162030398623459,1
calibration,BNB009,train,0.0004633258007580361,0.007452703993884961,2
calibration,BNB009,train,0.0008521519462305996,0.009275196022183975,3
calibration,BNB009,train,0.0015558165517650347,0.013108793416897904,4
calibration,BNB009,train,0.0028682854508373626,0.022353840275124187,5
calibration,BNB009,train,0.005630616489885407,0.027897200726091524,6
calibration,BNB009,train,0.012373355815091924,0.044199424736337485,7
calibration,BNB009,train,0.035505000825328786,0.06866214019317204,8
calibration,BNB009,train,0.1652354683887056,0.11455345190284949,9
calibration,BNB009,train,0.8430232134932351,0.3573682700583341,10
calibration,BNB009,validation,0.000187318346053319,0.004457321149988857,1
calibration,BNB009,validation,0.00046182703616046763,0.008705357142857143,2
calibration,BNB009,validation,0.0008592275755212471,0.009362460989745877,3
calibration,BNB009,validation,0.0015802739687093342,0.012603215993046502,4
calibration,BNB009,validation,0.002921195615265368,0.019747416762342134,5
calibration,BNB009,validation,0.005653989761180957,0.0227526210127147,6
calibration,BNB009,validation,0.012536975733667997,0.039814200398142006,7
calibration,BNB009,validation,0.03545616054225438,0.07633415897320424,8
calibration,BNB009,validation,0.16599061952821215,0.11457868925546144,9
calibration,BNB009,validation,0.8445165215981411,0.3626005361930295,10
calibration,BNB010,train,0.0026168956981645463,0.005162030398623459,1
calibration,BNB010,train,0.006412204546237654,0.007452703993884961,2
calibration,BNB010,train,0.011734273351398096,0.009275196022183975,3
calibration,BNB010,train,0.021226662861177838,0.013108793416897904,4
calibration,BNB010,train,0.038470870034233356,0.022353840275124187,5
calibration,BNB010,train,0.07290228288420823,0.027897200726091524,6
calibration,BNB010,train,0.14740934721308246,0.044199424736337485,7
calibration,BNB010,train,0.3301423587538982,0.06866214019317204,8
calibration,BNB010,train,0.6920050735218045,0.11455345190284949,9
calibration,BNB010,train,0.9822305902251577,0.3573682700583341,10
calibration,BNB010,validation,0.002601458926044833,0.004457321149988857,1
calibration,BNB010,validation,0.006391544793136201,0.008705357142857143,2
calibration,BNB010,validation,0.011830366938618641,0.009362460989745877,3
calibration,BNB010,validation,0.02155328213659073,0.012603215993046502,4
calibration,BNB010,validation,0.039159125609546784,0.019747416762342134,5
calibration,BNB010,validation,0.07317242222354621,0.0227526210127147,6
calibration,BNB010,validation,0.1490794878094289,0.039814200398142006,7
calibration,BNB010,validation,0.3302839961878982,0.07633415897320424,8
calibration,BNB010,validation,0.6913664903812891,0.11457868925546144,9
calibration,BNB010,validation,0.9824320986112772,0.3626005361930295,10
calibration,BNB011,train,0.00018867688295818108,0.005162030398623459,1
calibration,BNB011,train,0.0004636416050526446,0.007453416149068323,2
calibration,BNB011,train,0.0008525035034867905,0.009275196022183975,3
calibration,BNB011,train,0.0015562506243393284,0.013107539226942211,4
calibration,BNB011,train,0.0028670674288613254,0.022290251602410792,5
calibration,BNB011,train,0.005628094809829421,0.027950014308881044,6
calibration,BNB011,train,0.012383358317763072,0.04421898928024502,7
calibration,BNB011,train,0.03553390133604742,0.06864528482527525,8
calibration,BNB011,train,0.1652023705787387,0.11454545454545455,9
calibration,BNB011,train,0.8429157127766265,0.357429718875502,10
calibration,BNB011,validation,0.00018756516272333377,0.004457321149988857,1
calibration,BNB011,validation,0.00046215089045399405,0.008705357142857143,2
calibration,BNB011,validation,0.0008596220001996396,0.009362460989745877,3
calibration,BNB011,validation,0.0015805242578846635,0.012608695652173913,4
calibration,BNB011,validation,0.002921131078856426,0.019738352077117282,5
calibration,BNB011,validation,0.005653127050330496,0.022757697456492636,6
calibration,BNB011,validation,0.012531134665316903,0.039814200398142006,7
calibration,BNB011,validation,0.03542046576185149,0.07635135135135135,8
calibration,BNB011,validation,0.16575659582742985,0.11435577351761034,9
calibration,BNB011,validation,0.8442602955985605,0.36266190263510495,10
calibration,BNB012,train,0.0026202869327814323,0.005162030398623459,1
calibration,BNB012,train,0.006416549990755076,0.007453416149068323,2
calibration,BNB012,train,0.011739066987363319,0.009275196022183975,3
calibration,BNB012,train,0.021232474374628107,0.013107539226942211,4
calibration,BNB012,train,0.03845533391104265,0.022290251602410792,5
calibration,BNB012,train,0.07287152434926836,0.027950014308881044,6
calibration,BNB012,train,0.14750674684818646,0.04421898928024502,7
calibration,BNB012,train,0.33033855013742924,0.06864528482527525,8
calibration,BNB012,train,0.6919894111857013,0.11454545454545455,9
calibration,BNB012,train,0.9822127874387696,0.357429718875502,10
calibration,BNB012,validation,0.0026048789948464523,0.004457321149988857,1
calibration,BNB012,validation,0.006396000993082448,0.008705357142857143,2
calibration,BNB012,validation,0.011835742421085512,0.009362460989745877,3
calibration,BNB012,validation,0.021556644219472655,0.012608695652173913,4
calibration,BNB012,validation,0.0391582744060607,0.019738352077117282,5
calibration,BNB012,validation,0.07316227196752548,0.022757697456492636,6
calibration,BNB012,validation,0.14902095938880325,0.039814200398142006,7
calibration,BNB012,validation,0.3300689655856127,0.07635135135135135,8
calibration,BNB012,validation,0.6910476136369476,0.11435577351761034,9
calibration,BNB012,validation,0.9823887781277013,0.36266190263510495,10
calibration,BNB013,train,0.00018916563849185754,0.005162030398623459,1
calibration,BNB013,train,0.0004643036155457651,0.007453416149068323,2
calibration,BNB013,train,0.0008533117922500642,0.009274309207381202,3
calibration,BNB013,train,0.0015579868502421578,0.012991975544516622,4
calibration,BNB013,train,0.0028694848166740668,0.02232014560781684,5
calibration,BNB013,train,0.00562741235540223,0.02805878984539034,6
calibration,BNB013,train,0.012364139555076861,0.04419518742210718,7
calibration,BNB013,train,0.03545224623313149,0.06864901042164642,8
calibration,BNB013,train,0.16555292431508162,0.11423935865623211,9
calibration,BNB013,train,0.8437197531765325,0.35821753713464305,10
calibration,BNB013,validation,0.00018805807887494898,0.004457321149988857,1
calibration,BNB013,validation,0.0004627560804603271,0.008707300736771601,2
calibration,BNB013,validation,0.0008601824017458316,0.00936663693131133,3
calibration,BNB013,validation,0.0015810280915164719,0.012603215993046502,4
calibration,BNB013,validation,0.002921827314635201,0.019729295710025234,5
calibration,BNB013,validation,0.005651754308669554,0.02277294038847957,6
calibration,BNB013,validation,0.012495128316957139,0.03973362930077692,7
calibration,BNB013,validation,0.0353211791431082,0.07625028033191299,8
calibration,BNB013,validation,0.16551689718506676,0.11443229979924158,9
calibration,BNB013,validation,0.8439380765394362,0.3625,10
calibration,BNB014,train,0.0026270592269140914,0.005162030398623459,1
calibration,BNB014,train,0.006425658248813047,0.007453416149068323,2
calibration,BNB014,train,0.01175008565336409,0.009274309207381202,3
calibration,BNB014,train,0.02125568283637576,0.012991975544516622,4
calibration,BNB014,train,0.03848675417506406,0.02232014560781684,5
calibration,BNB014,train,0.0728636448957189,0.02805878984539034,6
calibration,BNB014,train,0.14731626609329776,0.04419518742210718,7
calibration,BNB014,train,0.3298179116794908,0.06864901042164642,8
calibration,BNB014,train,0.6920999914931546,0.11423935865623211,9
calibration,BNB014,train,0.9823527969179638,0.35821753713464305,10
calibration,BNB014,validation,0.0026117090880810536,0.004457321149988857,1
calibration,BNB014,validation,0.006404328844811636,0.008707300736771601,2
calibration,BNB014,validation,0.011843385288741707,0.00936663693131133,3
calibration,BNB014,validation,0.021563379193112884,0.012603215993046502,4
calibration,BNB014,validation,0.039167262935235064,0.019729295710025234,5
calibration,BNB014,validation,0.07314626685248847,0.02277294038847957,6
calibration,BNB014,validation,0.14866647126081914,0.03973362930077692,7
calibration,BNB014,validation,0.32939537769881394,0.07625028033191299,8
calibration,BNB014,validation,0.690743759433276,0.11443229979924158,9
calibration,BNB014,validation,0.9823347902647825,0.3625,10
calibration,BNB015,train,0.000190614843222425,0.0051625239005736135,1
calibration,BNB015,train,0.0004666705673082852,0.007434944237918215,2
calibration,BNB015,train,0.0008561196154797028,0.00929742164286399,3
calibration,BNB015,train,0.001559885286910935,0.013011863758132415,4
calibration,BNB015,train,0.002870735096673199,0.022368798394034987,5
calibration,BNB015,train,0.005620660142061459,0.027849554981337926,6
calibration,BNB015,train,0.012346400631097026,0.04421736223856365,7
calibration,BNB015,train,0.03536052579131176,0.0687541894091736,8
calibration,BNB015,train,0.1647992114959322,0.11398815211159946,9
calibration,BNB015,train,0.8428267568713049,0.35818895376663157,10
calibration,BNB015,validation,0.00018953106352348297,0.004457321149988857,1
calibration,BNB015,validation,0.00046466990603747266,0.008707300736771601,2
calibration,BNB015,validation,0.0008621883897963619,0.009377093101138647,3
calibration,BNB015,validation,0.0015790577797994809,0.012694243817027795,4
calibration,BNB015,validation,0.00291997112489913,0.01926563916591115,5
calibration,BNB015,validation,0.005656189305750104,0.023063143752798925,6
calibration,BNB015,validation,0.012450600056777134,0.03967900133749443,7
calibration,BNB015,validation,0.03513404104461444,0.07620111731843575,8
calibration,BNB015,validation,0.16492758425049858,0.1144578313253012,9
calibration,BNB015,validation,0.8433510392585238,0.36233824185631414,10
calibration,BNB016,train,0.002647138986414972,0.0051625239005736135,1
calibration,BNB016,train,0.006458212960178559,0.007434944237918215,2
calibration,BNB016,train,0.011788366952663333,0.00929742164286399,3
calibration,BNB016,train,0.02128114939223423,0.013011863758132415,4
calibration,BNB016,train,0.03850287123649114,0.022368798394034987,5
calibration,BNB016,train,0.07278379440091653,0.027849554981337926,6
calibration,BNB016,train,0.147128172078848,0.04421736223856365,7
calibration,BNB016,train,0.3292811842014359,0.0687541894091736,8
calibration,BNB016,train,0.6910456703121868,0.11398815211159946,9
calibration,BNB016,train,0.9822033351264557,0.35818895376663157,10
calibration,BNB016,validation,0.002632118647813335,0.004457321149988857,1
calibration,BNB016,validation,0.006430659561922359,0.008707300736771601,2
calibration,BNB016,validation,0.011870731251194878,0.009377093101138647,3
calibration,BNB016,validation,0.021537249553779166,0.012694243817027795,4
calibration,BNB016,validation,0.039142248922659266,0.01926563916591115,5
calibration,BNB016,validation,0.0732011368211543,0.023063143752798925,6
calibration,BNB016,validation,0.14822853713183284,0.03967900133749443,7
calibration,BNB016,validation,0.32819481026673664,0.07620111731843575,8
calibration,BNB016,validation,0.6898306187052375,0.1144578313253012,9
calibration,BNB016,validation,0.9822381511480769,0.36233824185631414,10
calibration,BNB017,train,0.0001930059468572825,0.0051635111876075735,1
calibration,BNB017,train,0.0004713434616992532,0.007371703997731784,2
calibration,BNB017,train,0.0008617617546303395,0.009465855307640297,3
calibration,BNB017,train,0.0015642111932589367,0.012934751365334866,4
calibration,BNB017,train,0.002875081562683535,0.02250405263659769,5
calibration,BNB017,train,0.005624186876947327,0.02754399387911247,6
calibration,BNB017,train,0.012364363628846504,0.04502617801047121,7
calibration,BNB017,train,0.03530565582297071,0.06846153846153846,8
calibration,BNB017,train,0.16392187835578206,0.11381490707031998,9
calibration,BNB017,train,0.8416965899611342,0.35800344234079173,10
calibration,BNB017,validation,0.00019190418399244577,0.004459308807134894,1
calibration,BNB017,validation,0.00046983091656986435,0.008603573792190603,2
calibration,BNB017,validation,0.0008685712661680251,0.009027307605506657,3
calibration,BNB017,validation,0.0015802930979536226,0.013227513227513227,4
calibration,BNB017,validation,0.0029147625446841225,0.01962996389891697,5
calibration,BNB017,validation,0.005648953950629562,0.02256478999106345,6
calibration,BNB017,validation,0.01240763793098938,0.03974101361911141,7
calibration,BNB017,validation,0.03491146617212703,0.07587592055344788,8
calibration,BNB017,validation,0.16416475829036162,0.1144578313253012,9
calibration,BNB017,validation,0.842685474110602,0.3625613565372601,10
calibration,BNB018,train,0.002680266704173922,0.0051635111876075735,1
calibration,BNB018,train,0.006522458789438029,0.007371703997731784,2
calibration,BNB018,train,0.011865278995910108,0.009465855307640297,3
calibration,BNB018,train,0.021339093864707927,0.012934751365334866,4
calibration,BNB018,train,0.03855902734780211,0.02250405263659769,5
calibration,BNB018,train,0.07282674345679295,0.02754399387911247,6
calibration,BNB018,train,0.14730533832251663,0.04502617801047121,7
calibration,BNB018,train,0.32901101972497643,0.06846153846153846,8
calibration,BNB018,train,0.6897929538038546,0.11381490707031998,9
calibration,BNB018,train,0.9820150347030809,0.35800344234079173,10
calibration,BNB018,validation,0.0026649986076823047,0.004459308807134894,1
calibration,BNB018,validation,0.006501612014148507,0.008603573792190603,2
calibration,BNB018,validation,0.01195772548039953,0.009027307605506657,3
calibration,BNB018,validation,0.02155401132668037,0.013227513227513227,4
calibration,BNB018,validation,0.03907498153357726,0.01962996389891697,5
calibration,BNB018,validation,0.07311463731802978,0.02256478999106345,6
calibration,BNB018,validation,0.14780038620387034,0.03974101361911141,7
calibration,BNB018,validation,0.3268071467387438,0.07587592055344788,8
calibration,BNB018,validation,0.6885347125998412,0.1144578313253012,9
calibration,BNB018,validation,0.9821311428385887,0.3625613565372601,10
calibration,WGNB001,train,3.343333908018935e-05,0.009655831739961759,1
calibration,WGNB001,train,0.00013776075190391417,0.0065908873817938675,2
calibration,WGNB001,train,0.00033928770692342184,0.011144692104268984,3
calibration,WGNB001,train,0.0007016047828259861,0.01560682435052346,4
calibration,WGNB001,train,0.001258809792315457,0.019124115509657678,5
calibration,WGNB001,train,0.0023238626517758645,0.026218994624162974,6
calibration,WGNB001,train,0.005054267877514129,0.040846026971960804,7
calibration,WGNB001,train,0.014815728189455313,0.06951615987760566,8
calibration,WGNB001,train,0.12423036028857223,0.12241775057383321,9
calibration,WGNB001,train,0.9760930851387472,0.34911072862880094,10
calibration,WGNB001,validation,3.2980210708809036e-05,0.009347874471399956,1
calibration,WGNB001,validation,0.00014078710589288975,0.006528835690968444,2
calibration,WGNB001,validation,0.0003491661547346352,0.01215317587709241,3
calibration,WGNB001,validation,0.0007141771111760682,0.013242109909512249,4
calibration,WGNB001,validation,0.0012647111989565083,0.016234498308906425,5
calibration,WGNB001,validation,0.0023370470097503968,0.023889260995757982,6
calibration,WGNB001,validation,0.005120502801767471,0.04375,7
calibration,WGNB001,validation,0.015486571433220448,0.06846693599829896,8
calibration,WGNB001,validation,0.13264622734132406,0.13198684828558008,9
calibration,WGNB001,validation,0.9766438908648671,0.34783578759482375,10
calibration,WGNB002,train,3.343333628992483e-05,0.009655831739961759,1
calibration,WGNB002,train,0.00013776074562550216,0.0065908873817938675,2
calibration,WGNB002,train,0.0003392877039546906,0.011144692104268984,3
calibration,WGNB002,train,0.0007016048105313991,0.01560682435052346,4
calibration,WGNB002,train,0.001258809864069863,0.019124115509657678,5
calibration,WGNB002,train,0.002323862790253222,0.026218994624162974,6
calibration,WGNB002,train,0.005054268198456361,0.040846026971960804,7
calibration,WGNB002,train,0.014815729143098219,0.06951615987760566,8
calibration,WGNB002,train,0.1242303670742439,0.12241775057383321,9
calibration,WGNB002,train,0.9760930858325985,0.34911072862880094,10
calibration,WGNB002,validation,3.29802077309428e-05,0.009347874471399956,1
calibration,WGNB002,validation,0.000140787099883339,0.006528835690968444,2
calibration,WGNB002,validation,0.0003491661524842671,0.01215317587709241,3
calibration,WGNB002,validation,0.0007141771392336409,0.013242109909512249,4
calibration,WGNB002,validation,0.0012647112661041953,0.016234498308906425,5
calibration,WGNB002,validation,0.002337047140977065,0.023889260995757982,6
calibration,WGNB002,validation,0.005120503127130094,0.04375,7
calibration,WGNB002,validation,0.015486572525093724,0.06846693599829896,8
calibration,WGNB002,validation,0.13264623426810807,0.13198684828558008,9
calibration,WGNB002,validation,0.9766438918368363,0.34783578759482375,10
calibration,WGNB003,train,3.34333363150619e-05,0.009655831739961759,1
calibration,WGNB003,train,0.00013776074568205596,0.0065908873817938675,2
calibration,WGNB003,train,0.0003392877039814398,0.011144692104268984,3
calibration,WGNB003,train,0.0007016048102817967,0.01560682435052346,4
calibration,WGNB003,train,0.001258809863423435,0.019124115509657678,5
calibration,WGNB003,train,0.0023238627890057274,0.026218994624162974,6
calibration,WGNB003,train,0.005054268195565072,0.040846026971960804,7
calibration,WGNB003,train,0.01481572913450694,0.06951615987760566,8
calibration,WGNB003,train,0.12423036701311076,0.12241775057383321,9
calibration,WGNB003,train,0.9760930858263441,0.34911072862880094,10
calibration,WGNB003,validation,3.2980207757770066e-05,0.009347874471399956,1
calibration,WGNB003,validation,0.00014078709993747872,0.006528835690968444,2
calibration,WGNB003,validation,0.00034916615250453703,0.01215317587709241,3
calibration,WGNB003,validation,0.0007141771389808803,0.013242109909512249,4
calibration,WGNB003,validation,0.00126471126549924,0.016234498308906425,5
calibration,WGNB003,validation,0.002337047139794857,0.023889260995757982,6
calibration,WGNB003,validation,0.005120503124198919,0.04375,7
calibration,WGNB003,validation,0.015486572515256897,0.06846693599829896,8
calibration,WGNB003,validation,0.13264623420570387,0.13198684828558008,9
calibration,WGNB003,validation,0.9766438918280779,0.34783578759482375,10
calibration,WGNB004,train,3.343333656643783e-05,0.009655831739961759,1
calibration,WGNB004,train,0.00013776074624768556,0.0065908873817938675,2
calibration,WGNB004,train,0.000339287704248909,0.011144692104268984,3
calibration,WGNB004,train,0.0007016048077857829,0.01560682435052346,4
calibration,WGNB004,train,0.0012588098569590454,0.019124115509657678,5
calibration,WGNB004,train,0.0023238627765302597,0.026218994624162974,6
calibration,WGNB004,train,0.005054268166651281,0.040846026971960804,7
calibration,WGNB004,train,0.014815729048592989,0.06951615987760566,8
calibration,WGNB004,train,0.12423036640178725,0.12241775057383321,9
calibration,WGNB004,train,0.9760930857638386,0.34911072862880094,10
calibration,WGNB004,validation,3.2980208026046624e-05,0.009347874471399956,1
calibration,WGNB004,validation,0.00014078710047887993,0.006528835690968444,2
calibration,WGNB004,validation,0.00034916615270727584,0.01215317587709241,3
calibration,WGNB004,validation,0.0007141771364531605,0.013242109909512249,4
calibration,WGNB004,validation,0.0012647112594499133,0.016234498308906425,5
calibration,WGNB004,validation,0.002337047127972609,0.023889260995757982,6
calibration,WGNB004,validation,0.0051205030948869475,0.04375,7
calibration,WGNB004,validation,0.015486572416889815,0.06846693599829896,8
calibration,WGNB004,validation,0.1326462335816688,0.13198684828558008,9
calibration,WGNB004,validation,0.9766438917405164,0.34783578759482375,10
calibration,WGNB005,train,3.343333908018935e-05,0.009655831739961759,1
calibration,WGNB005,train,0.00013776075190391417,0.0065908873817938675,2
calibration,WGNB005,train,0.00033928770692342184,0.011144692104268984,3
calibration,WGNB005,train,0.0007016047828259861,0.01560682435052346,4
calibration,WGNB005,train,0.001258809792315457,0.019124115509657678,5
calibration,WGNB005,train,0.0023238626517758645,0.026218994624162974,6
calibration,WGNB005,train,0.005054267877514129,0.040846026971960804,7
calibration,WGNB005,train,0.014815728189455313,0.06951615987760566,8
calibration,WGNB005,train,0.12423036028857223,0.12241775057383321,9
calibration,WGNB005,train,0.9760930851387472,0.34911072862880094,10
calibration,WGNB005,validation,3.2980210708809036e-05,0.009347874471399956,1
calibration,WGNB005,validation,0.00014078710589288975,0.006528835690968444,2
calibration,WGNB005,validation,0.0003491661547346352,0.01215317587709241,3
calibration,WGNB005,validation,0.0007141771111760682,0.013242109909512249,4
calibration,WGNB005,validation,0.0012647111989565083,0.016234498308906425,5
calibration,WGNB005,validation,0.0023370470097503968,0.023889260995757982,6
calibration,WGNB005,validation,0.005120502801767471,0.04375,7
calibration,WGNB005,validation,0.015486571433220448,0.06846693599829896,8
calibration,WGNB005,validation,0.13264622734132406,0.13198684828558008,9
calibration,WGNB005,validation,0.9766438908648671,0.34783578759482375,10
calibration,WGNB006,train,3.343336421781946e-05,0.009655831739961759,1
calibration,WGNB006,train,0.00013776080846641858,0.0065908873817938675,2
calibration,WGNB006,train,0.00033928773366960377,0.011144692104268984,3
calibration,WGNB006,train,0.0007016045332292013,0.01560682435052346,4
calibration,WGNB006,train,0.0012588091458832866,0.019124115509657678,5
calibration,WGNB006,train,0.0023238614042384734,0.026218994624162974,6
calibration,WGNB006,train,0.005054264986160208,0.040846026971960804,7
calibration,WGNB006,train,0.014815719598183378,0.06951615987760566,8
calibration,WGNB006,train,0.1242302991567585,0.12241775057383321,9
calibration,WGNB006,train,0.9760930788876816,0.34911072862880094,10
calibration,WGNB006,validation,3.2980237536605985e-05,0.009347874471399956,1
calibration,WGNB006,validation,0.00014078716003333762,0.006528835690968444,2
calibration,WGNB006,validation,0.0003491661750090141,0.01215317587709241,3
calibration,WGNB006,validation,0.0007141768584074814,0.013242109909512249,4
calibration,WGNB006,validation,0.0012647105940272276,0.016234498308906425,5
calibration,WGNB006,validation,0.0023370458275350212,0.023889260995757982,6
calibration,WGNB006,validation,0.005120499870589329,0.04375,7
calibration,WGNB006,validation,0.015486561596620511,0.06846693599829896,8
calibration,WGNB006,validation,0.13264616493816697,0.13198684828558008,9
calibration,WGNB006,validation,0.9766438821082505,0.34783578759482375,10
calibration,WGNB007,train,3.3433615605795415e-05,0.009655831739961759,1
calibration,WGNB007,train,0.00013776137411595187,0.0065908873817938675,2
calibration,WGNB007,train,0.0003392880012134116,0.011144692104268984,3
calibration,WGNB007,train,0.0007016020374253139,0.01560682435052346,4
calibration,WGNB007,train,0.0012588026819457736,0.019124115509657678,5
calibration,WGNB007,train,0.0023238489294762276,0.026218994624162974,6
calibration,WGNB007,train,0.005054236074287998,0.040846026971960804,7
calibration,WGNB007,train,0.014815633695685577,0.06951615987760566,8
calibration,WGNB007,train,0.12422968787675391,0.12241775057383321,9
calibration,WGNB007,train,0.9760930163574641,0.34911072862880094,10
calibration,WGNB007,validation,3.298050583114491e-05,0.009347874471399956,1
calibration,WGNB007,validation,0.00014078770147323924,0.006528835690968444,2
calibration,WGNB007,validation,0.00034916637783047246,0.01215317587709241,3
calibration,WGNB007,validation,0.0007141743309565894,0.013242109909512249,4
calibration,WGNB007,validation,0.0012647045452003503,0.016234498308906425,5
calibration,WGNB007,validation,0.0023370340060762745,0.023889260995757982,6
calibration,WGNB007,validation,0.005120470560507661,0.04375,7
calibration,WGNB007,validation,0.01548646324002939,0.06846693599829896,8
calibration,WGNB007,validation,0.13264554093671435,0.13198684828558008,9
calibration,WGNB007,validation,0.9766437945308947,0.34783578759482375,10
calibration,WGNB008,train,3.343613065396843e-05,0.009655831739961759,1
calibration,WGNB008,train,0.00013776703305738957,0.0065908873817938675,2
calibration,WGNB008,train,0.00033929068486013904,0.011144692104268984,3
calibration,WGNB008,train,0.0007015770957643155,0.01560682435052346,4
calibration,WGNB008,train,0.0012587380810097535,0.019124115509657678,5
calibration,WGNB008,train,0.0023237242430332607,0.026218994624162974,6
calibration,WGNB008,train,0.005053947122365435,0.040846026971960804,7
calibration,WGNB008,train,0.014814775693663995,0.06951615987760566,8
calibration,WGNB008,train,0.12422357888601405,0.12241775057383321,9
calibration,WGNB008,train,0.9760923891094994,0.34911072862880094,10
calibration,WGNB008,validation,3.29831904363138e-05,0.009347874471399956,1
calibration,WGNB008,validation,0.00014077732066012936,0.006530256856769699,2
calibration,WGNB008,validation,0.00034913728226410837,0.012150389729481889,3
calibration,WGNB008,validation,0.0007141490799549753,0.013242109909512249,4
calibration,WGNB008,validation,0.0012646441035467795,0.016234498308906425,5
calibration,WGNB008,validation,0.002336915860982183,0.023889260995757982,6
calibration,WGNB008,validation,0.00512017762962814,0.04375,7
calibration,WGNB008,validation,0.01548548061548826,0.06846693599829896,8
calibration,WGNB008,validation,0.1326393039294996,0.13198684828558008,9
calibration,WGNB008,validation,0.9766429176370491,0.34783578759482375,10
calibration,WGNB009,train,3.346139903334555e-05,0.009655831739961759,1
calibration,WGNB009,train,0.00013782386759414534,0.0065908873817938675,2
calibration,WGNB009,train,0.00033930326603512156,0.0111457447813356,3
calibration,WGNB009,train,0.0007013097000818995,0.015605311621595425,4
calibration,WGNB009,train,0.001258095921047916,0.019124115509657678,5
calibration,WGNB009,train,0.00232248349307184,0.026218994624162974,6
calibration,WGNB009,train,0.005051074146351381,0.040846026971960804,7
calibration,WGNB009,train,0.014804948346417228,0.0692359185234771,8
calibration,WGNB009,train,0.12415376064169704,0.12269293296356508,9
calibration,WGNB009,train,0.9760859257871107,0.34911072862880094,10
calibration,WGNB009,validation,3.3010204215415083e-05,0.009347874471399956,1
calibration,WGNB009,validation,0.0001408291954046208,0.006530256856769699,2
calibration,WGNB009,validation,0.00034916123021131644,0.012150389729481889,3
calibration,WGNB009,validation,0.0007138489244578354,0.013245033112582781,4
calibration,WGNB009,validation,0.0012638728369924576,0.016234498308906425,5
calibration,WGNB009,validation,0.002335599716360916,0.02388392857142857,6
calibration,WGNB009,validation,0.0051172653496917705,0.04375,7
calibration,WGNB009,validation,0.01547116534773037,0.06807062327164433,8
calibration,WGNB009,validation,0.13252731153642286,0.1323943661971831,9
calibration,WGNB009,validation,0.9766340385877132,0.34783578759482375,10
calibration,WGNB010,train,3.37354962797215e-05,0.009653985853565283,1
calibration,WGNB010,train,0.00013909219029175905,0.006427828717270064,2
calibration,WGNB010,train,0.0003393773123416114,0.011193669786741292,3
calibration,WGNB010,train,0.0006966268358613659,0.015154421638212161,4
calibration,WGNB010,train,0.001253473736579631,0.01951265943270512,5
calibration,WGNB010,train,0.0023128858240322224,0.026358206124964444,6
calibration,WGNB010,train,0.005023218029909708,0.04087562960092987,7
calibration,WGNB010,train,0.014713114418983946,0.06935807902037693,8
calibration,WGNB010,train,0.12361725995421792,0.1226207556193209,9
calibration,WGNB010,train,0.9760141847057586,0.34911072862880094,10
calibration,WGNB010,validation,3.3222470662935615e-05,0.00869177624247827,1
calibration,WGNB010,validation,0.0001394596596777839,0.006683002895967922,2
calibration,WGNB010,validation,0.0003467043716985516,0.012689225289403383,3
calibration,WGNB010,validation,0.0007119668213909043,0.01309074772575993,4
calibration,WGNB010,validation,0.0012578638674929706,0.015998197386210004,5
calibration,WGNB010,validation,0.0023243642111066836,0.02388392857142857,6
calibration,WGNB010,validation,0.00509053088959574,0.04394378764220388,7
calibration,WGNB010,validation,0.015355655449589542,0.06753302087771623,8
calibration,WGNB010,validation,0.13181203664745333,0.13294255568581478,9
calibration,WGNB010,validation,0.976554320709049,0.34783578759482375,10
calibration,WGNB011,train,0.0014073069205559254,0.008667978727858967,1
calibration,WGNB011,train,0.0021917325603195955,0.013548818275715415,2
calibration,WGNB011,train,0.0031257915614627033,0.01687116564417178,3
calibration,WGNB011,train,0.0036028505675388136,0.021232002915983234,4
calibration,WGNB011,train,0.006615926850584108,0.0369494198490481,5
calibration,WGNB011,train,0.012919210068485183,0.06080056015871164,6
calibration,WGNB011,train,0.02801328291771496,0.08545886984335274,7
calibration,WGNB011,train,0.1173505159787789,0.12710056014937315,8
calibration,WGNB011,train,0.8848717706225384,0.35294730264528223,9
calibration,WGNB011,validation,0.0014073069205567917,0.00892771431314198,1
calibration,WGNB011,validation,0.002191732560319328,0.01319185546314884,2
calibration,WGNB011,validation,0.00312579156146309,0.014925373134328358,3
calibration,WGNB011,validation,0.0036028505675386314,0.021068312406895082,4
calibration,WGNB011,validation,0.00661592685058303,0.032655246252676656,5
calibration,WGNB011,validation,0.012920075128150571,0.04890247290914143,6
calibration,WGNB011,validation,0.02811288952934435,0.08439218661103735,7
calibration,WGNB011,validation,0.11710373132796113,0.13256032591664055,8
calibration,WGNB011,validation,0.8817998857608691,0.3616359722554413,9
calibration,WGNB012,train,7.437047445892226e-05,0.006194605927761365,1
calibration,WGNB012,train,0.00025408703431166203,0.008574858514834506,2
calibration,WGNB012,train,0.0005783794229091336,0.011506096513824489,3
calibration,WGNB012,train,0.0008218928724245732,0.015748031496062992,4
calibration,WGNB012,train,0.0011936819639683284,0.018538420204191296,5
calibration,WGNB012,train,0.0019123344986524073,0.027416397450449662,6
calibration,WGNB012,train,0.004428141915630014,0.046916634944803956,7
calibration,WGNB012,train,0.01234067020893875,0.08096280087527352,8
calibration,WGNB012,train,0.1246911928819143,0.1351684470008217,9
calibration,WGNB012,train,0.9767870962074892,0.3499467724765315,10
calibration,WGNB012,validation,0.00011689852550078292,0.007079144839303412,1
calibration,WGNB012,validation,0.000323283388049998,0.009417808219178082,2
calibration,WGNB012,validation,0.0005779898642279288,0.010965341687879382,3
calibration,WGNB012,validation,0.0008225163233731677,0.013749641936407906,4
calibration,WGNB012,validation,0.001195692445342936,0.01819322459222083,5
calibration,WGNB012,validation,0.0019129695612404426,0.027482823235477825,6
calibration,WGNB012,validation,0.004420223330530771,0.040709126723571895,7
calibration,WGNB012,validation,0.011127392553854592,0.0719656283566058,8
calibration,WGNB012,validation,0.08977631519001047,0.13545373665480426,9
calibration,WGNB012,validation,0.9763607940880171,0.3475033738191633,10
calibration,WGNB013,train,4.983074051011894e-05,0.009073724007561436,1
calibration,WGNB013,train,0.00020245751978804194,0.007756391841424878,2
calibration,WGNB013,train,0.0004611318748762165,0.010224558050645007,3
calibration,WGNB013,train,0.0007597295060035647,0.012578021562322678,4
calibration,WGNB013,train,0.0011972213835777686,0.01722158438576349,5
calibration,WGNB013,train,0.0020682142818620026,0.025648498979889245,6
calibration,WGNB013,train,0.004646676083787809,0.04123017779913503,7
calibration,WGNB013,train,0.012533326824207214,0.0732766761095373,8
calibration,WGNB013,train,0.10747270946872149,0.12618632577958552,9
calibration,WGNB013,train,0.9752425595577219,0.3482048827190043,10
calibration,WGNB013,validation,4.948261550747071e-05,0.008787346221441126,1
calibration,WGNB013,validation,0.0002038819843551412,0.008605072463768116,2
calibration,WGNB013,validation,0.00046515052333168387,0.0077777777777777776,3
calibration,WGNB013,validation,0.0007577603965262313,0.01328686560662165,4
calibration,WGNB013,validation,0.0011929047413805445,0.018867924528301886,5
calibration,WGNB013,validation,0.0020817295550114054,0.02405034839289728,6
calibration,WGNB013,validation,0.004737609987275987,0.03736853882300291,7
calibration,WGNB013,validation,0.01253789313991402,0.07167985927880387,8
calibration,WGNB013,validation,0.10802707074142029,0.13194287009748357,9
calibration,WGNB013,validation,0.9753051966428661,0.34895136099955376,10
calibration,WGNB014,train,4.2072686498684084e-05,0.009175188760393768,1
calibration,WGNB014,train,0.00016689536229739499,0.007155123068116772,2
calibration,WGNB014,train,0.00038735317211609823,0.010260836210203298,3
calibration,WGNB014,train,0.0006993073040815838,0.013283639143730886,4
calibration,WGNB014,train,0.0011604848207905423,0.019709146574818218,5
calibration,WGNB014,train,0.002085620794037608,0.02444147412640825,6
calibration,WGNB014,train,0.0046693566155144705,0.040845609336139274,7
calibration,WGNB014,train,0.01310757918776961,0.07238130771383267,8
calibration,WGNB014,train,0.1156055586602066,0.12518423897022699,9
calibration,WGNB014,train,0.975271162049096,0.34901510805125263,10
calibration,WGNB014,validation,4.1596764680518985e-05,0.008467023172905526,1
calibration,WGNB014,validation,0.00016811643677766064,0.008030336828016953,2
calibration,WGNB014,validation,0.0003942390545316193,0.0111185234600845,3
calibration,WGNB014,validation,0.0006995285645218805,0.010295434198746643,4
calibration,WGNB014,validation,0.001162281240126904,0.019226469930695284,5
calibration,WGNB014,validation,0.0021122408086600188,0.024548091943762552,6
calibration,WGNB014,validation,0.004767377397840091,0.03480589022757698,7
calibration,WGNB014,validation,0.013067589241038185,0.07344508160564622,8
calibration,WGNB014,validation,0.11600415740145355,0.13230977647324452,9
calibration,WGNB014,validation,0.9755500943719213,0.3485051316376618,10
calibration,NN001,train,0.00668636241579442,0.004302925989672977,1
calibration,NN001,train,0.008710334728833787,0.006598450798508177,2
calibration,NN001,train,0.010617115288712398,0.009180453284880942,3
calibration,NN001,train,0.013387924754102455,0.011666826049536196,4
calibration,NN001,train,0.017635761169851324,0.018741633199464525,5
calibration,NN001,train,0.02457372970962763,0.026871951802620253,6
calibration,NN001,train,0.037316631505002876,0.04752797169360237,7
calibration,NN001,train,0.06134325889794523,0.06550635937649421,8
calibration,NN001,train,0.10551117293620013,0.11676389021707947,9
calibration,NN001,train,0.3490818440079159,0.3627844712182062,10
calibration,NN001,validation,0.00669941447543523,0.004239178937974119,1
calibration,NN001,validation,0.008683941798018444,0.006024096385542169,2
calibration,NN001,validation,0.010525283607836129,0.009596072305288998,3
calibration,NN001,validation,0.013268094136221988,0.013386880856760375,4
calibration,NN001,validation,0.017491654562465393,0.018518518518518517,5
calibration,NN001,validation,0.024619761044648945,0.02432492747154653,6
calibration,NN001,validation,0.03780575223928733,0.04060687193217314,7
calibration,NN001,validation,0.061632228138436315,0.06739567060923901,8
calibration,NN001,validation,0.10607915233128365,0.11334225792057118,9
calibration,NN001,validation,0.35074966910795596,0.3726015171798304,10
calibration,NN002,train,0.006324093496338184,0.0051635111876075735,1
calibration,NN002,train,0.010162518558934198,0.0067897102419431955,2
calibration,NN002,train,0.012809596964536554,0.00937171272831596,3
calibration,NN002,train,0.016189652336895337,0.011858085492971215,4
calibration,NN002,train,0.020902103926981427,0.017689806846433353,5
calibration,NN002,train,0.02837143712957604,0.026776322080902745,6
calibration,NN002,train,0.04179425987775806,0.04867552835421249,7
calibration,NN002,train,0.06633419856753787,0.068279621306302,8
calibration,NN002,train,0.11114615821930299,0.11437314717414172,9
calibration,NN002,train,0.3421146606239888,0.3609676802447887,10
calibration,NN002,validation,0.006355355066667519,0.00535475234270415,1
calibration,NN002,validation,0.01017552149574857,0.0049085229808121375,2
calibration,NN002,validation,0.012797541987511957,0.01115822361080116,3
calibration,NN002,validation,0.016165122479325666,0.014502454261490405,4
calibration,NN002,validation,0.020848278759499222,0.018295403837572513,5
calibration,NN002,validation,0.028542506033955313,0.02633340772149074,6
calibration,NN002,validation,0.04237461906327419,0.04239178937974119,7
calibration,NN002,validation,0.06689993859107912,0.06270921669270252,8
calibration,NN002,validation,0.11201003386938023,0.11981258366800536,9
calibration,NN002,validation,0.34243309244095144,0.3645693886657742,10
calibration,NN003,train,0.005602550035002172,0.004398546567221266,1
calibration,NN003,train,0.00737617684881284,0.007459118293965765,2
calibration,NN003,train,0.009057263082093854,0.006980969685378215,3
calibration,NN003,train,0.011626287912077777,0.010519269388926078,4
calibration,NN003,train,0.01612614764603873,0.018741633199464525,5
calibration,NN003,train,0.024233060096543496,0.026202543750597686,6
calibration,NN003,train,0.038877464131176674,0.04236396672085684,7
calibration,NN003,train,0.06562135831325151,0.06627139715023429,8
calibration,NN003,train,0.11944990923082013,0.11752892799081954,9
calibration,NN003,train,0.3837770829336029,0.36947791164658633,10
calibration,NN003,validation,0.005601735168882126,0.0035698348951361,1
calibration,NN003,validation,0.007366660110734786,0.007362784471218206,2
calibration,NN003,validation,0.009022790900860615,0.010265565721937068,3
calibration,NN003,validation,0.01156718284925995,0.0142793395805444,4
calibration,NN003,validation,0.01606806639247541,0.01740294511378849,5
calibration,NN003,validation,0.024268478598483145,0.023209105110466415,6
calibration,NN003,validation,0.0395032080531156,0.035921463632307006,7
calibration,NN003,validation,0.06565802044355516,0.06694934166480697,8
calibration,NN003,validation,0.11941532280619101,0.12025881302989737,9
calibration,NN003,validation,0.38500625669434635,0.3708165997322624,10
calibration,NN004,train,0.006170724905450943,0.004781028877414419,1
calibration,NN004,train,0.008902100579737848,0.007459118293965765,2
calibration,NN004,train,0.011376134343653716,0.009180453284880942,3
calibration,NN004,train,0.014415450694689396,0.013005642153581333,4
calibration,NN004,train,0.019052198139010004,0.01788104800152993,5
calibration,NN004,train,0.02726329026805617,0.02859328679353543,6
calibration,NN004,train,0.042159131819554566,0.04351152338146696,7
calibration,NN004,train,0.06888374060166634,0.06961843741034714,8
calibration,NN004,train,0.11215376006775273,0.11628574160849192,9
calibration,NN004,train,0.35839408355324276,0.35962899215911265,10
calibration,NN004,validation,0.006159365948416007,0.006024096385542169,1
calibration,NN004,validation,0.0088972495857932,0.006247211066488175,2
calibration,NN004,validation,0.011291838220281963,0.00892657888864093,3
calibration,NN004,validation,0.01432983132892684,0.015394912985274432,4
calibration,NN004,validation,0.018994116355692373,0.015841142347166444,5
calibration,NN004,validation,0.027336218785759217,0.025440749832626647,6
calibration,NN004,validation,0.042773865641438015,0.04216867469879518,7
calibration,NN004,validation,0.06918179451649328,0.06784199955367105,8
calibration,NN004,validation,0.11253923553363217,0.11244979919678715,9
calibration,NN004,validation,0.35988022777881273,0.3697010263275324,10
calibration,NN005,train,0.00512449461777115,0.006597819850831899,1
calibration,NN005,train,0.009830044520788997,0.009754231615186,2
calibration,NN005,train,0.013547007254821258,0.011858085492971215,3
calibration,NN005,train,0.017792104475396454,0.01577890408338912,4
calibration,NN005,train,0.023770207458924338,0.0214190093708166,5
calibration,NN005,train,0.03358455978181542,0.03423544037486851,6
calibration,NN005,train,0.05138974279202338,0.04810175002390743,7
calibration,NN005,train,0.08340961476442026,0.07391470644482692,8
calibration,NN005,train,0.1302780239918599,0.10979342004590666,9
calibration,NN005,train,0.30536976644092445,0.3384968445209409,10
calibration,NN005,validation,0.005120937767617421,0.007585899152164213,1
calibration,NN005,validation,0.009805433055217418,0.0071396697902722,2
calibration,NN005,validation,0.013528315642818018,0.011604552555233207,3
calibration,NN005,validation,0.017838103803127787,0.014502454261490405,4
calibration,NN005,validation,0.023916754764328394,0.024096385542168676,5
calibration,NN005,validation,0.033916508465747244,0.03392099977683553,6
calibration,NN005,validation,0.051950801960102815,0.047077197679607316,7
calibration,NN005,validation,0.08464540285271845,0.07051997322026334,8
calibration,NN005,validation,0.1305479349659592,0.11044176706827309,9
calibration,NN005,validation,0.306320090849734,0.3431503792949576,10
calibration,NN006,train,0.006170196148093701,0.004111684834576401,1
calibration,NN006,train,0.009092333634718232,0.0073634885722482545,2
calibration,NN006,train,0.011320116244431475,0.007554748015683274,3
calibration,NN006,train,0.014259823572691888,0.012910012431863823,4
calibration,NN006,train,0.018726674053841465,0.018072289156626505,5
calibration,NN006,train,0.026181764777814868,0.026967581524337765,6
calibration,NN006,train,0.0397409013668592,0.04714545280673233,7
calibration,NN006,train,0.06454400548228303,0.06627139715023429,8
calibration,NN006,train,0.10942625798024253,0.11561633355646934,9
calibration,NN006,train,0.3525377736760518,0.3639319181487856,10
calibration,NN006,validation,0.006176736663942699,0.004462293618920125,1
calibration,NN006,validation,0.009078956057439466,0.006024096385542169,2
calibration,NN006,validation,0.011239628838812393,0.009149743360856952,3
calibration,NN006,validation,0.014147326561880008,0.013386880856760375,4
calibration,NN006,validation,0.01861222733230734,0.018072289156626505,5
calibration,NN006,validation,0.02620523808725309,0.025887078777058693,6
calibration,NN006,validation,0.040271821391967486,0.041499330655957165,7
calibration,NN006,validation,0.06480028620548815,0.06672617719259094,8
calibration,NN006,validation,0.11015983560181546,0.11535029004908523,9
calibration,NN006,validation,0.35413068867792574,0.36947791164658633,10
calibration,NN007,train,0.005691783679888077,0.004398546567221266,1
calibration,NN007,train,0.007637329533547071,0.0053552644161805486,2
calibration,NN007,train,0.009685246747777133,0.009180453284880942,3
calibration,NN007,train,0.012580051062789295,0.010041120780338529,4
calibration,NN007,train,0.01701966678238042,0.017689806846433353,5
calibration,NN007,train,0.02447319319339896,0.027254470689490294,6
calibration,NN007,train,0.038686228505892734,0.04236396672085684,7
calibration,NN007,train,0.06494551725454459,0.06722769436740939,8
calibration,NN007,train,0.11543270405104511,0.11733766854738453,9
calibration,NN007,train,0.35855479564713916,0.36909542933639317,10
calibration,NN007,validation,0.005714091217806347,0.004462293618920125,1
calibration,NN007,validation,0.007637329539215446,0.006024096385542169,2
calibration,NN007,validation,0.009683982833565204,0.010711894666369114,3
calibration,NN007,validation,0.012535132315210678,0.009817045961624275,4
calibration,NN007,validation,0.01699062921866054,0.022980812137438644,5
calibration,NN007,validation,0.02456930867625312,0.020531131443874136,6
calibration,NN007,validation,0.03918186391488162,0.0392681838464971,7
calibration,NN007,validation,0.06518330017655552,0.06694934166480697,8
calibration,NN007,validation,0.11554097149859238,0.11914323962516733,9
calibration,NN007,validation,0.3583804126612659,0.37014725568942436,10
calibration,NN008,train,0.004804682608563771,0.004207305412124689,1
calibration,NN008,train,0.0064327284499098,0.006024672468203118,2
calibration,NN008,train,0.00794382966936054,0.007746007459118294,3
calibration,NN008,train,0.010103958525403528,0.011093047719231136,4
calibration,NN008,train,0.013622183863733622,0.01855039204436795,5
calibration,NN008,train,0.02040014048643156,0.027158840967772782,6
calibration,NN008,train,0.03300734807428643,0.0419814478339868,7
calibration,NN008,train,0.05638170025776291,0.06684517548053935,8
calibration,NN008,train,0.10061203419636779,0.1181027063211246,9
calibration,NN008,train,0.33244556986802737,0.3682348441384586,10
calibration,NN008,validation,0.00481049740075261,0.0037929495760821064,1
calibration,NN008,validation,0.006427492740775135,0.006470325747434181,2
calibration,NN008,validation,0.007937171981008538,0.009372907833072975,3
calibration,NN008,validation,0.0100591078243654,0.013609995537706381,4
calibration,NN008,validation,0.013607141347139482,0.01717983043284248,5
calibration,NN008,validation,0.020530944772805093,0.024771256415978576,6
calibration,NN008,validation,0.03356035907648423,0.03748326639892905,7
calibration,NN008,validation,0.05665333633631553,0.06739567060923901,8
calibration,NN008,validation,0.10080232631608707,0.11981258366800536,9
calibration,NN008,validation,0.33242505998847793,0.37014725568942436,10
calibration,NN009,train,0.00393266563928424,0.003251099636641805,1
calibration,NN009,train,0.006001603972884473,0.005833413024768098,2
calibration,NN009,train,0.008656684250419162,0.009084823563163431,3
calibration,NN009,train,0.012275945702579946,0.011953715214688725,4
calibration,NN009,train,0.01772300489099326,0.015012430675081278,5
calibration,NN009,train,0.027454956238715616,0.027158840967772782,6
calibration,NN009,train,0.04385356999743044,0.041885818112269296,7
calibration,NN009,train,0.07022556980365809,0.06378502438557904,8
calibration,NN009,train,0.11940858366374317,0.12211915463326002,9
calibration,NN009,train,0.3604873150796103,0.3698603939567795,10
calibration,NN009,validation,0.003925920880803279,0.004239178937974119,1
calibration,NN009,validation,0.006013209392928708,0.006247211066488175,2
calibration,NN009,validation,0.00868104413194009,0.00892657888864093,3
calibration,NN009,validation,0.012243351178846488,0.0142793395805444,4
calibration,NN009,validation,0.01769604800396053,0.01896474788041053,5
calibration,NN009,validation,0.027752049544721845,0.02276277616603437,6
calibration,NN009,validation,0.04464334634183358,0.034582775546630966,7
calibration,NN009,validation,0.07053634923474202,0.0691809863869672,8
calibration,NN009,validation,0.11962971512072192,0.12382864792503347,9
calibration,NN009,validation,0.3624704603888217,0.36702365015618027,10
calibration,NN010,train,0.009010097789699406,0.005259131765155862,1
calibration,NN010,train,0.011958881829652174,0.006694080520225686,2
calibration,NN010,train,0.014947039352432684,0.009754231615186,3
calibration,NN010,train,0.01886428180911848,0.011762455771253707,4
calibration,NN010,train,0.02483439211747568,0.01663798049340218,5
calibration,NN010,train,0.034115309730416044,0.028497657071817922,6
calibration,NN010,train,0.04917589160056044,0.045041598928947116,7
calibration,NN010,train,0.0752676971000851,0.07067036434923975,8
calibration,NN010,train,0.13298066349613263,0.11427751745242422,9
calibration,NN010,train,0.3845082517404173,0.3613501625549818,10
calibration,NN010,validation,0.00900952909042094,0.004239178937974119,1
calibration,NN010,validation,0.011916494831652148,0.006470325747434181,2
calibration,NN010,validation,0.014837713589170819,0.012050881499665253,3
calibration,NN010,validation,0.01868442918933102,0.011155734047300312,4
calibration,NN010,validation,0.024744226751287887,0.020749665327978582,5
calibration,NN010,validation,0.03430785781629281,0.025440749832626647,6
calibration,NN010,validation,0.04953114393946937,0.036590807675145026,7
calibration,NN010,validation,0.0757959793155353,0.0662798482481589,8
calibration,NN010,validation,0.13451548247122141,0.12248995983935743,9
calibration,NN010,validation,0.3880200488646468,0.3645693886657742,10
calibration,NN011,train,0.0063763791076782,0.005450372920252439,1
calibration,NN011,train,0.010355752554589336,0.006885339963660706,2
calibration,NN011,train,0.013100383418543285,0.008797934398010902,3
calibration,NN011,train,0.01656119092933989,0.012910012431863823,4
calibration,NN011,train,0.021348808123400176,0.016446739338305604,5
calibration,NN011,train,0.02884663009691332,0.027445730132925315,6
calibration,NN011,train,0.042262870124083196,0.04963182557138759,7
calibration,NN011,train,0.0671072754031765,0.06761021325427943,8
calibration,NN011,train,0.11251094729886447,0.11494692550444678,9
calibration,NN011,train,0.34226771673233813,0.3598202333142092,10
calibration,NN011,validation,0.006405013700673619,0.00535475234270415,1
calibration,NN011,validation,0.010361272297876641,0.005131637661758144,2
calibration,NN011,validation,0.013094820153587684,0.010488730194153091,3
calibration,NN011,validation,0.016528041515959366,0.0142793395805444,4
calibration,NN011,validation,0.021300633406590205,0.01963409192324855,5
calibration,NN011,validation,0.02901456582822284,0.025217585360410622,6
calibration,NN011,validation,0.042850052014509955,0.04462293618920125,7
calibration,NN011,validation,0.06768878887712493,0.060923900914974335,8
calibration,NN011,validation,0.11337147527009823,0.12048192771084337,9
calibration,NN011,validation,0.34239302308348685,0.3639000446229362,10
calibration,NN012,train,0.006639679908774071,0.004589787722317842,1
calibration,NN012,train,0.009419880690148017,0.0065028210767906665,2
calibration,NN012,train,0.012328902100304658,0.008702304676293392,3
calibration,NN012,train,0.016147807012839677,0.01434445825762647,4
calibration,NN012,train,0.021359108829912286,0.01596863645056416,5
calibration,NN012,train,0.02970338494576483,0.02868891651525294,6
calibration,NN012,train,0.04484649123277457,0.049536195849670075,7
calibration,NN012,train,0.07333296901537456,0.06856651047145453,8
calibration,NN012,train,0.12546588404486536,0.11456440661757675,9
calibration,NN012,train,0.3739590988719249,0.3584815452285332,10
calibration,NN012,validation,0.006638014642673352,0.0049085229808121375,1
calibration,NN012,validation,0.009419914791333604,0.005577867023650156,2
calibration,NN012,validation,0.012276329498470543,0.010935059138585137,3
calibration,NN012,validation,0.01607618646942469,0.013386880856760375,4
calibration,NN012,validation,0.021303636707584724,0.01963409192324855,5
calibration,NN012,validation,0.02991485928741814,0.02633340772149074,6
calibration,NN012,validation,0.045414820948652554,0.04105310129406515,7
calibration,NN012,validation,0.07396308042239219,0.06315554563713457,8
calibration,NN012,validation,0.1263455059612963,0.11758143685854529,9
calibration,NN012,validation,0.3745636819208216,0.3674698795180723,10
calibration,NN013,train,0.007084783644825953,0.004494167144769554,1
calibration,NN013,train,0.009765109667598216,0.006024672468203118,2
calibration,NN013,train,0.012073283070989076,0.009084823563163431,3
calibration,NN013,train,0.015156314326730858,0.012049344936406236,4
calibration,NN013,train,0.0194939630870333,0.017498565691336777,5
calibration,NN013,train,0.02676517639963816,0.026202543750597686,6
calibration,NN013,train,0.03986969884230452,0.05001434445825763,7
calibration,NN013,train,0.06399533507184418,0.06655828631538682,8
calibration,NN013,train,0.10856977150647067,0.11523381466959931,9
calibration,NN013,train,0.3463171960845396,0.3627844712182062,10
calibration,NN013,validation,0.007102226648306661,0.004462293618920125,1
calibration,NN013,validation,0.009756751622815245,0.004685408299866131,2
calibration,NN013,validation,0.012023907982334126,0.012274045971881276,3
calibration,NN013,validation,0.015099884902723128,0.012271307452030344,4
calibration,NN013,validation,0.019443811482537862,0.020080321285140562,5
calibration,NN013,validation,0.026915463543511986,0.024771256415978576,6
calibration,NN013,validation,0.040382070802729535,0.04194556001784917,7
calibration,NN013,validation,0.06453861881967396,0.06181655880383843,8
calibration,NN013,validation,0.10932817604218115,0.1213743864346274,9
calibration,NN013,validation,0.3471623406349708,0.36635430611334224,10
calibration,NN014,train,0.007417246368354401,0.006024096385542169,1
calibration,NN014,train,0.008857448451374041,0.0070765994070957254,2
calibration,NN014,train,0.011341605477511788,0.010806158554078607,3
calibration,NN014,train,0.01446086516959476,0.013388161040451372,4
calibration,NN014,train,0.0188735673167329,0.01855039204436795,5
calibration,NN014,train,0.025656403854137467,0.027254470689490294,6
calibration,NN014,train,0.040317520059321134,0.041790188390551784,7
calibration,NN014,train,0.06749073769593467,0.07038347518408722,8
calibration,NN014,train,0.11072412724066949,0.11590322272162187,9
calibration,NN014,train,0.3534563101551462,0.35876840696117807,10
calibration,NN014,validation,0.007414274101949014,0.006024096385542169,1
calibration,NN014,validation,0.008852425247452755,0.008478357875948238,2
calibration,NN014,validation,0.011293852078608162,0.010042401249721044,3
calibration,NN014,validation,0.014337079231340056,0.012940651494868362,4
calibration,NN014,validation,0.018755229085368662,0.01896474788041053,5
calibration,NN014,validation,0.025608272272101676,0.02432492747154653,6
calibration,NN014,validation,0.040956989072111455,0.03859883980365908,7
calibration,NN014,validation,0.06757707521046961,0.07051997322026334,8
calibration,NN014,validation,0.11049947188346328,0.10910307898259705,9
calibration,NN014,validation,0.3548255856016056,0.3710397144132084,10
calibration,NN015,train,0.007207554241676553,0.005249594349527537,1
calibration,NN015,train,0.008931404832019183,0.007855911094079326,2
calibration,NN015,train,0.011852785777697985,0.011379936884383667,3
calibration,NN015,train,0.015261905291953598,0.012336234101558765,4
calibration,NN015,train,0.020080204061476137,0.01835915088927137,5
calibration,NN015,train,0.029845647751272766,0.027350100411207803,6
calibration,NN015,train,0.046984581007082006,0.04166268514094601,7
calibration,NN015,train,0.07562000053153635,0.0711072829935879,8
calibration,NN015,train,0.12364004661218747,0.11485129578272928,9
calibration,NN015,train,0.38026397462159844,0.3598202333142092,10
calibration,NN015,validation,0.00721864869168425,0.005948446794448116,1
calibration,NN015,validation,0.008938807165484248,0.008135593220338983,2
calibration,NN015,validation,0.011800480037144444,0.011604552555233207,3
calibration,NN015,validation,0.015142866848656695,0.011378848728246318,4
calibration,NN015,validation,0.019965585257592504,0.018741633199464525,5
calibration,NN015,validation,0.029847071532842624,0.024101762999330506,6
calibration,NN015,validation,0.047608899769985794,0.03852148741928301,7
calibration,NN015,validation,0.07588525546097749,0.06999105545617174,8
calibration,NN015,validation,0.12362787483945198,0.11133422579205712,9
calibration,NN015,validation,0.38180930343592795,0.37037037037037035,10
calibration,NN016,train,0.008131673650203994,0.004589787722317842,1
calibration,NN016,train,0.011267565850598902,0.007267858850530745,2
calibration,NN016,train,0.01400089045061498,0.010901788275796118,3
calibration,NN016,train,0.017251783879784117,0.011953715214688725,4
calibration,NN016,train,0.021829448285973524,0.019219736087205966,5
calibration,NN016,train,0.030053750178326528,0.028306397628382902,6
calibration,NN016,train,0.045523303099927956,0.04226833699913933,7
calibration,NN016,train,0.07445800962817078,0.07344362627904753,8
calibration,NN016,train,0.12204086591769557,0.11556107818772701,9
calibration,NN016,train,0.3690183135211168,0.3565483593226825,10
calibration,NN016,validation,0.008111418821347987,0.006024096385542169,1
calibration,NN016,validation,0.011254589961692697,0.007809013833110219,2
calibration,NN016,validation,0.013905939424855287,0.008480249944208882,3
calibration,NN016,validation,0.017134311111224158,0.013833110218652387,4
calibration,NN016,validation,0.021794181831042043,0.016287371709058456,5
calibration,NN016,validation,0.03016948248844638,0.02767239455478688,6
calibration,NN016,validation,0.04608603867601005,0.03993752788933512,7
calibration,NN016,validation,0.07490958881430766,0.07297478241463959,8
calibration,NN016,validation,0.12279717546261476,0.10887996430165105,9
calibration,NN016,validation,0.37084187474954344,0.36813922356091033,10
calibration,NN017,train,0.0040848126025042324,0.004876649454962708,1
calibration,NN017,train,0.007021810006082572,0.0065028210767906665,2
calibration,NN017,train,0.01029253115946295,0.010519269388926078,3
calibration,NN017,train,0.014217620125634073,0.012049344936406236,4
calibration,NN017,train,0.01963448224357135,0.018741633199464525,5
calibration,NN017,train,0.028825415998009193,0.02983647317586306,6
calibration,NN017,train,0.044041847905344315,0.03968633451276657,7
calibration,NN017,train,0.070877392359915,0.07258295878358995,8
calibration,NN017,train,0.11410663306655958,0.11399062828727169,9
calibration,NN017,train,0.3449961943851639,0.36115892139988526,10
calibration,NN017,validation,0.0041089725652025426,0.005131637661758144,1
calibration,NN017,validation,0.007009699520868938,0.006470325747434181,2
calibration,NN017,validation,0.010283399634866476,0.01115822361080116,3
calibration,NN017,validation,0.014173082137420079,0.013163766175814369,4
calibration,NN017,validation,0.019564030025250513,0.01717983043284248,5
calibration,NN017,validation,0.028981419710033436,0.026556572193706763,6
calibration,NN017,validation,0.04466241868222072,0.04239178937974119,7
calibration,NN017,validation,0.07115677622101693,0.06694934166480697,8
calibration,NN017,validation,0.11425975453754836,0.11178045515394913,9
calibration,NN017,validation,0.3472098201485014,0.36925479696564034,10
calibration,NN018,train,0.004780582551715133,0.003920443679479824,1
calibration,NN018,train,0.0070234105716863145,0.0062159319116381374,2
calibration,NN018,train,0.009203450930206582,0.008797934398010902,3
calibration,NN018,train,0.01216571039321363,0.011762455771253707,4
calibration,NN018,train,0.016728813984918562,0.017594186268885065,5
calibration,NN018,train,0.025125573228819965,0.027063211246055274,6
calibration,NN018,train,0.039605353971836066,0.04284211532944439,7
calibration,NN018,train,0.06277455770144016,0.07143540212297982,8
calibration,NN018,train,0.10852641072545388,0.11647700105192695,9
calibration,NN018,train,0.3576967161331103,0.3638362975712373,10
calibration,NN018,validation,0.004781217524403564,0.004016064257028112,1
calibration,NN018,validation,0.007030828472789301,0.006024096385542169,2
calibration,NN018,validation,0.009176525885615593,0.008480249944208882,3
calibration,NN018,validation,0.012120661324262294,0.012940651494868362,4
calibration,NN018,validation,0.016639951458499294,0.01896474788041053,5
calibration,NN018,validation,0.025142013711573902,0.025887078777058693,6
calibration,NN018,validation,0.040133483750209066,0.03815261044176707,7
calibration,NN018,validation,0.06300135847542453,0.06494086141486276,8
calibration,NN018,validation,0.10925340342852091,0.11847389558232932,9
calibration,NN018,validation,0.3584492508311579,0.37215528781793844,10
calibration,NN019,train,0.007048700237574551,0.004685408299866131,1
calibration,NN019,train,0.009187068198484853,0.006311561633355647,2
calibration,NN019,train,0.011319488921810958,0.008797934398010902,3
calibration,NN019,train,0.014221543979246147,0.010997417997513628,4
calibration,NN019,train,0.019307145078630104,0.018072289156626505,5
calibration,NN019,train,0.02824858806918012,0.025341876255140096,6
calibration,NN019,train,0.04401586795334135,0.04370278282490198,7
calibration,NN019,train,0.07346752533250094,0.06770584297599694,8
calibration,NN019,train,0.12880420823057856,0.11896337381658219,9
calibration,NN019,train,0.37658501798252314,0.3653662268120099,10
calibration,NN019,validation,0.007037069371981838,0.0035698348951361,1
calibration,NN019,validation,0.0091568212739396,0.007809013833110219,2
calibration,NN019,validation,0.01125666949304951,0.00892657888864093,3
calibration,NN019,validation,0.014182091703996695,0.013609995537706381,4
calibration,NN019,validation,0.019216936288719823,0.01740294511378849,5
calibration,NN019,validation,0.028376980043742926,0.0249944208881946,6
calibration,NN019,validation,0.044696413097869606,0.034582775546630966,7
calibration,NN019,validation,0.073912393370917,0.06694934166480697,8
calibration,NN019,validation,0.12929521809289227,0.12090118224403301,9
calibration,NN019,validation,0.3787426490514211,0.37134568176746263,10
calibration,T001,train,0.022369188873720604,0.02236918887375997,1
calibration,T001,train,0.10869446417837027,0.1086944641783704,2
calibration,T001,train,0.3594278851403204,0.35942788514029916,3
calibration,T001,validation,0.02236918887376574,0.022530592414902986,1
calibration,T001,validation,0.10869446417837027,0.1089445213234369,2
calibration,T001,validation,0.3603768929020934,0.3545108005082592,3
calibration,T002,train,0.012434577361204744,0.012434577361201382,1
calibration,T002,train,0.0407898396217661,0.040789839621766945,2
calibration,T002,train,0.05304704767919321,0.05304704767919166,3
calibration,T002,train,0.09087526741699856,0.09087526741698447,4
calibration,T002,train,0.14200497100247647,0.1420049710024855,5
calibration,T002,train,0.38757887744937225,0.3875788774493524,6
calibration,T002,validation,0.012434577361204537,0.012709163346613546,1
calibration,T002,validation,0.04078983962176612,0.0357379219060225,2
calibration,T002,validation,0.05288844578539627,0.05414171656686627,3
calibration,T002,validation,0.09087526741699072,0.08839897260273973,4
calibration,T002,validation,0.1417270088154241,0.15244596131968147,5
calibration,T002,validation,0.39037080219832415,0.3853116110680114,6
calibration,T003,train,0.007403964275048145,0.007403964275042332,1
calibration,T003,train,0.015981059485056702,0.01598105948505475,2
calibration,T003,train,0.03174603174603306,0.031746031746031744,3
calibration,T003,train,0.04724046549141128,0.04724046549141606,4
calibration,T003,train,0.07169117647059928,0.07169117647058823,5
calibration,T003,train,0.12417256334169754,0.1241725633417028,6
calibration,T003,train,0.3723183391003664,0.372318339100346,7
calibration,T003,validation,0.007403964275042099,0.009259259259259259,1
calibration,T003,validation,0.01598105948505643,0.015206497321582859,2
calibration,T003,validation,0.03168777042319413,0.0297723292469352,3
calibration,T003,validation,0.04725281159418086,0.03880914407230197,4
calibration,T003,validation,0.07170457286407238,0.07280470492800649,5
calibration,T003,validation,0.12355335563096802,0.13602275665890873,6
calibration,T003,validation,0.3766453633685254,0.3663020712124738,7
calibration,T004,train,0.012434577361204744,0.012434577361201382,1
calibration,T004,train,0.0407898396217661,0.040789839621766945,2
calibration,T004,train,0.05304704767919321,0.05304704767919166,3
calibration,T004,train,0.09065488002887905,0.09065488002886524,4
calibration,T004,train,0.14716636197440025,0.14716636197440586,5
calibration,T004,train,0.38054625931125496,0.38054625931123826,6
calibration,T004,validation,0.012434577361204537,0.012709163346613546,1
calibration,T004,validation,0.04078983962176612,0.0357379219060225,2
calibration,T004,validation,0.05288844578539627,0.05414171656686627,3
calibration,T004,validation,0.0906557301966487,0.08802159020137015,4
calibration,T004,validation,0.14661677699623477,0.16254125412541254,5
calibration,T004,validation,0.38365219161650604,0.37789072426937736,6
calibration,T005,train,0.007403964275048145,0.007403964275042332,1
calibration,T005,train,0.015981059485056702,0.01598105948505475,2
calibration,T005,train,0.030829308395847445,0.03082930839584832,3
calibration,T005,train,0.04847923421336789,0.04847923421337039,4
calibration,T005,train,0.07278537191551285,0.07278537191549796,5
calibration,T005,train,0.12161194640483293,0.12161194640482766,6
calibration,T005,train,0.3665322977091876,0.3665322977091731,7
calibration,T005,validation,0.007403964275042099,0.009259259259259259,1
calibration,T005,validation,0.01598105948505643,0.015206497321582859,2
calibration,T005,validation,0.031084846200725127,0.030116020735620835,3
calibration,T005,validation,0.04879886754757806,0.048102981029810296,4
calibration,T005,validation,0.07371595383550948,0.06721974048074877,5
calibration,T005,validation,0.11917571799754688,0.12968369829683699,6
calibration,T005,validation,0.3634952796954428,0.35667934660997985,7
calibration,T006,train,0.13624964697075095,0.011200121492843312,1
calibration,T006,train,0.30457320572896396,0.03049015824006175,2
calibration,T006,train,0.41871309156806047,0.04939140931495825,3
calibration,T006,train,0.5619547439415074,0.08434952016740024,4
calibration,T006,train,0.6894157942755184,0.1384443617417194,5
calibration,T006,train,0.8727969448665798,0.3703665779234077,6
calibration,T006,validation,0.136249646970557,0.011785998057738148,1
calibration,T006,validation,0.30457320572897356,0.026532479414455627,2
calibration,T006,validation,0.41804716628866023,0.04767609008145664,3
calibration,T006,validation,0.5619252195652751,0.08344392833443928,4
calibration,T006,validation,0.6884894778580114,0.15543151567196223,5
calibration,T006,validation,0.8739346808947804,0.36645068394528435,6
calibration,T007,train,0.0801879196532816,0.006221094421479147,1
calibration,T007,train,0.1659013558860835,0.014083991805677494,2
calibration,T007,train,0.1973187550352065,0.017361111111111112,3
calibration,T007,train,0.287821242504681,0.028621541895878178,4
calibration,T007,train,0.4026716602276492,0.046420141620771044,5
calibration,T007,train,0.5420710575279036,0.07921772496596113,6
calibration,T007,train,0.6358368943125872,0.11504098738141291,7
calibration,T007,train,0.8717560591108631,0.37271364317841077,8
calibration,T007,validation,0.0801879196532468,0.008578781812982557,1
calibration,T007,validation,0.16597369408759932,0.014042553191489362,2
calibration,T007,validation,0.18307319051546758,0.03296703296703297,3
calibration,T007,validation,0.2851707140546042,0.025774118489350278,4
calibration,T007,validation,0.403186506881047,0.04275092936802974,5
calibration,T007,validation,0.561106155961577,0.08423505909771933,6
calibration,T007,validation,0.6871967248595822,0.15303308823529413,7
calibration,T007,validation,0.8721978646147701,0.3645833333333333,8
calibration,RF001,train,0.012927672783025741,0.0030592734225621415,1
calibration,RF001,train,0.014332320616978238,0.006312769010043041,2
calibration,RF001,train,0.017857064533260688,0.012618296529968454,3
calibration,RF001,train,0.02251990253023854,0.009183966325456807,4
calibration,RF001,train,0.024196768467475243,0.01788104800152993,5
calibration,RF001,train,0.030192403601804182,0.02868891651525294,6
calibration,RF001,train,0.045474296492749686,0.04609352586783973,7
calibration,RF001,train,0.0790867202037409,0.07239169934015492,8
calibration,RF001,train,0.11964347136219086,0.10796595581906857,9
calibration,RF001,train,0.3038362876156136,0.3657487091222031,10
calibration,RF001,validation,0.01293187785528976,0.0037929495760821064,1
calibration,RF001,validation,0.014330716790780485,0.007809013833110219,2
calibration,RF001,validation,0.01781577218188419,0.01316670386074537,3
calibration,RF001,validation,0.022480334406589527,0.00890273759180948,4
calibration,RF001,validation,0.0241692798578203,0.019011406844106463,5
calibration,RF001,validation,0.030287484592761614,0.024101762999330506,6
calibration,RF001,validation,0.04594609042113631,0.04573850959393128,7
calibration,RF001,validation,0.0802367456378827,0.06962731533139924,8
calibration,RF001,validation,0.11932521314229458,0.11044176706827309,9
calibration,RF001,validation,0.30490575713172374,0.3674698795180723,10
calibration,RF002,train,0.008523055683636947,0.0027729967489003634,1
calibration,RF002,train,0.010823271839813069,0.0065028210767906665,2
calibration,RF002,train,0.014709800128751635,0.010614899110643589,3
calibration,RF002,train,0.017666530097548493,0.008989193841445921,4
calibration,RF002,train,0.021072946043676124,0.01826353031172308,5
calibration,RF002,train,0.029597517749228933,0.026967581524337765,6
calibration,RF002,train,0.04610865385623694,0.04274648560772688,7
calibration,RF002,train,0.07651843832852029,0.06694080520225686,8
calibration,RF002,train,0.11935310713397798,0.11580759299990437,9
calibration,RF002,train,0.3252908058213877,0.3703384968445209,10
calibration,RF002,validation,0.008525980006156255,0.004015168414008476,1
calibration,RF002,validation,0.010830299980049151,0.008257085471992859,2
calibration,RF002,validation,0.014670773446821788,0.01115822361080116,3
calibration,RF002,validation,0.01759884955667171,0.0107095046854083,4
calibration,RF002,validation,0.021037323443411644,0.016956715751896476,5
calibration,RF002,validation,0.02970298048256508,0.024771256415978576,6
calibration,RF002,validation,0.046706415884052874,0.04105310129406515,7
calibration,RF002,validation,0.07747107604418367,0.06404820352599866,8
calibration,RF002,validation,0.11888966453274513,0.11869701026327532,9
calibration,RF002,validation,0.3260019611211708,0.37037037037037035,10
calibration,RF003,train,0.005377299899474085,0.0016255498183209026,1
calibration,RF003,train,0.008374075172930897,0.0037295591469828824,2
calibration,RF003,train,0.01140462030085231,0.007746007459118294,3
calibration,RF003,train,0.014562104887343563,0.011093047719231136,4
calibration,RF003,train,0.01987263007833204,0.01615987760566074,5
calibration,RF003,train,0.029516976593825253,0.02409868987281247,6
calibration,RF003,train,0.04657008460045518,0.0410251506168117,7
calibration,RF003,train,0.07555868101018298,0.0653150999330592,8
calibration,RF003,train,0.12393049031180574,0.12498804628478531,9
calibration,RF003,train,0.33438771251410143,0.37416331994645247,10
calibration,RF003,validation,0.005376767207604138,0.0035698348951361,1
calibration,RF003,validation,0.008390653135208363,0.007809013833110219,2
calibration,RF003,validation,0.011365561738159259,0.009149743360856952,3
calibration,RF003,validation,0.014520743038567546,0.012048192771084338,4
calibration,RF003,validation,0.019860045939380903,0.01673360107095047,5
calibration,RF003,validation,0.029662671933581467,0.026556572193706763,6
calibration,RF003,validation,0.04727436338194804,0.03413654618473896,7
calibration,RF003,validation,0.07629762461730555,0.06940415085918322,8
calibration,RF003,validation,0.12361225390050558,0.12115127175368139,9
calibration,RF003,validation,0.3347323023763438,0.36947791164658633,10
calibration,RF004,train,0.008356534645833967,0.002677376171352075,1
calibration,RF004,train,0.010898043685424234,0.0065028210767906665,2
calibration,RF004,train,0.015001630441341042,0.010136750502056039,3
calibration,RF004,train,0.017924181647721533,0.00889356411972841,4
calibration,RF004,train,0.02172916411669717,0.018072289156626505,5
calibration,RF004,train,0.03050864350377222,0.02897580568040547,6
calibration,RF004,train,0.048002385820943426,0.04322463421631443,7
calibration,RF004,train,0.07944365972434896,0.06694080520225686,8
calibration,RF004,train,0.12222053428102705,0.1181027063211246,9
calibration,RF004,train,0.31571295903027874,0.3664180531650411,10
calibration,RF004,validation,0.008355300218678577,0.004016064257028112,1
calibration,RF004,validation,0.010913754844580126,0.007362784471218206,2
calibration,RF004,validation,0.014971278757759091,0.011381388083017184,3
calibration,RF004,validation,0.017864128250455257,0.011601963409192326,4
calibration,RF004,validation,0.02169252071884196,0.01717983043284248,5
calibration,RF004,validation,0.03062431140385024,0.02432492747154653,6
calibration,RF004,validation,0.04862017057190103,0.0428380187416332,7
calibration,RF004,validation,0.08030822842961617,0.06270921669270252,8
calibration,RF004,validation,0.12189786154023773,0.12025881302989737,9
calibration,RF004,validation,0.3162260881645622,0.3683623382418563,10
calibration,RF005,train,0.08059046373928093,0.002677376171352075,1
calibration,RF005,train,0.1018425146519524,0.0073634885722482545,2
calibration,RF005,train,0.13259834349413574,0.00965860189346849,3
calibration,RF005,train,0.15677516266563163,0.011188677440948647,4
calibration,RF005,train,0.18944224147685018,0.017594186268885065,5
calibration,RF005,train,0.27581850619410053,0.025341876255140096,6
calibration,RF005,train,0.38236797042121895,0.04274648560772688,7
calibration,RF005,train,0.511215615841878,0.068279621306302,8
calibration,RF005,train,0.6195489271001854,0.11896337381658219,9
calibration,RF005,train,0.8475323850986185,0.36613119143239625,10
calibration,RF005,validation,0.0805656573925673,0.004462293618920125,1
calibration,RF005,validation,0.10210242960290998,0.007585899152164213,2
calibration,RF005,validation,0.13211742379563968,0.010935059138585137,3
calibration,RF005,validation,0.1561716917202455,0.011825078090138332,4
calibration,RF005,validation,0.18920111076062865,0.018072289156626505,5
calibration,RF005,validation,0.27627200940201196,0.024771256415978576,6
calibration,RF005,validation,0.3848794586297058,0.03614457831325301,7
calibration,RF005,validation,0.5128188853334552,0.06761883508145504,8
calibration,RF005,validation,0.6184274668368119,0.12271307452030343,9
calibration,RF005,validation,0.84695666952669,0.36590807675145026,10
calibration,ET001,train,0.022277670936003052,0.004685408299866131,1
calibration,ET001,train,0.02742288866813892,0.006980969685378215,2
calibration,ET001,train,0.031551077798605165,0.012527493544993783,3
calibration,ET001,train,0.03579058030746571,0.012049344936406236,4
calibration,ET001,train,0.04023436626655831,0.021036527060623447,5
calibration,ET001,train,0.048498693505337136,0.03299225399254088,6
calibration,ET001,train,0.06341421308115334,0.058525389691116,7
calibration,ET001,train,0.08930969534768123,0.08472793344171368,8
calibration,ET001,train,0.12839781300422243,0.11953715214688725,9
calibration,ET001,train,0.18306134732328488,0.3168865939950277,10
calibration,ET001,validation,0.022281238465286877,0.006470325747434181,1
calibration,ET001,validation,0.02739432861889894,0.006024096385542169,2
calibration,ET001,validation,0.03151959063467819,0.010265565721937068,3
calibration,ET001,validation,0.03570645096539188,0.013163766175814369,4
calibration,ET001,validation,0.04017545738412732,0.02208835341365462,5
calibration,ET001,validation,0.048610587724215754,0.033251506360187456,6
calibration,ET001,validation,0.06369077169117282,0.05243195002231147,7
calibration,ET001,validation,0.0901829382243393,0.08614148627538495,8
calibration,ET001,validation,0.1282268683371748,0.11713520749665328,9
calibration,ET001,validation,0.1833659407860904,0.32307005800981703,10
calibration,ET002,train,0.01657921152044145,0.004207305412124689,1
calibration,ET002,train,0.020903776412948917,0.0065028210767906665,2
calibration,ET002,train,0.0249502399830276,0.010136750502056039,3
calibration,ET002,train,0.0289376526883273,0.012718752988428804,4
calibration,ET002,train,0.03406141918157059,0.020654044750430294,5
calibration,ET002,train,0.044122513280324537,0.0322272162188008,6
calibration,ET002,train,0.06193858393434546,0.052787606388065414,7
calibration,ET002,train,0.09232509926936865,0.08291096872908099,8
calibration,ET002,train,0.13694753243527016,0.11255618246150904,9
calibration,ET002,train,0.2091909540251077,0.3352457448842991,10
calibration,ET002,validation,0.016577095545877645,0.005800981704596163,1
calibration,ET002,validation,0.02089701959577874,0.005800981704596163,2
calibration,ET002,validation,0.02491418665449855,0.010042401249721044,3
calibration,ET002,validation,0.028867006310431393,0.012717536813922356,4
calibration,ET002,validation,0.03399798446889709,0.020080321285140562,5
calibration,ET002,validation,0.04425489471392051,0.032805177415755414,6
calibration,ET002,validation,0.06232263655015001,0.04930834448906738,7
calibration,ET002,validation,0.09351100899979374,0.08011604552555233,8
calibration,ET002,validation,0.13692165835205988,0.1144578313253012,9
calibration,ET002,validation,0.2092384374087494,0.33891120035698347,10
calibration,ET003,train,0.013433386610301338,0.00296423790399694,1
calibration,ET003,train,0.017470322367148388,0.006980969685378215,2
calibration,ET003,train,0.021561356109548922,0.008797934398010902,3
calibration,ET003,train,0.025618239352194264,0.012240604379841254,4
calibration,ET003,train,0.03160194413041588,0.01960221839739912,5
calibration,ET003,train,0.041964549605242714,0.03127091900162571,6
calibration,ET003,train,0.060079683231035234,0.04810175002390743,7
calibration,ET003,train,0.09152381984688382,0.08157215262503587,8
calibration,ET003,train,0.13707987947546477,0.11159988524433394,9
calibration,ET003,train,0.22962238418379205,0.346815834767642,10
calibration,ET003,validation,0.013437728973891002,0.005577867023650156,1
calibration,ET003,validation,0.01747348869057636,0.00535475234270415,2
calibration,ET003,validation,0.02153057830856315,0.010711894666369114,3
calibration,ET003,validation,0.0255395311377317,0.011825078090138332,4
calibration,ET003,validation,0.031515792006341435,0.019410977242302542,5
calibration,ET003,validation,0.04207948149517395,0.02700290113813881,6
calibration,ET003,validation,0.060548579530337925,0.05042391789379741,7
calibration,ET003,validation,0.09258481503250168,0.07096630216469538,8
calibration,ET003,validation,0.1370132513789245,0.12003569834895136,9
calibration,ET003,validation,0.22906601284562758,0.34872824631860777,10
calibration,ET004,train,0.01974939394000448,0.004111684834576401,1
calibration,ET004,train,0.02460449155067147,0.006694080520225686,2
calibration,ET004,train,0.0290261228881364,0.011284307162666157,3
calibration,ET004,train,0.0332547615118419,0.013005642153581333,4
calibration,ET004,train,0.03869236891731466,0.021132147638171735,5
calibration,ET004,train,0.04869617745717229,0.036052405087501196,6
calibration,ET004,train,0.06428462353149654,0.059577316630008606,7
calibration,ET004,train,0.09259743928074604,0.08960504924930668,8
calibration,ET004,train,0.13604393189745423,0.12910012431863824,9
calibration,ET004,train,0.18300942946770568,0.29938802830369093,10
calibration,ET004,validation,0.01975372483743296,0.00535475234270415,1
calibration,ET004,validation,0.024586505361312738,0.006470325747434181,2
calibration,ET004,validation,0.028975629332908547,0.01115822361080116,3
calibration,ET004,validation,0.033161579446553895,0.011601963409192326,4
calibration,ET004,validation,0.03865740417021014,0.024542614904060688,5
calibration,ET004,validation,0.04882676634322802,0.035036822137915646,6
calibration,ET004,validation,0.06465404058237838,0.052655064703257475,7
calibration,ET004,validation,0.09356952190193427,0.09506806516402588,8
calibration,ET004,validation,0.1360111880775532,0.1291834002677376,9
calibration,ET004,validation,0.1823536938823755,0.2989736724676484,10
calibration,ET005,train,0.12139441713791527,0.0033467202141900937,1
calibration,ET005,train,0.15620123214899703,0.006980969685378215,2
calibration,ET005,train,0.1871780267999409,0.00984986133690351,3
calibration,ET005,train,0.2144218488562147,0.011666826049536196,4
calibration,ET005,train,0.2540148330491612,0.02256645630139606,5
calibration,ET005,train,0.33014748776128056,0.03194032705364827,6
calibration,ET005,train,0.4237544755794721,0.05747346275222339,7
calibration,ET005,train,0.551680664663453,0.08606674954575882,8
calibration,ET005,train,0.6821743657386138,0.11829396576455962,9
calibration,ET005,train,0.7818801601913015,0.3217632434499904,10
calibration,ET005,validation,0.12145190968694232,0.00535475234270415,1
calibration,ET005,validation,0.15609011423114988,0.006024096385542169,2
calibration,ET005,validation,0.187126832650052,0.010042401249721044,3
calibration,ET005,validation,0.2139033590059211,0.012940651494868362,4
calibration,ET005,validation,0.25369093155693995,0.022980812137438644,5
calibration,ET005,validation,0.33000516123214213,0.030796697165811203,6
calibration,ET005,validation,0.4253963720946182,0.051985720660419454,7
calibration,ET005,validation,0.5555211836060945,0.08591832180316894,8
calibration,ET005,validation,0.6819939124121407,0.12092815707273538,9
calibration,ET005,validation,0.7812294045832492,0.32307005800981703,10
calibration,GB001,train,0.0061882237066381626,0.002390285878191032,1
calibration,GB001,train,0.008150742599322167,0.004781943381790359,2
calibration,GB001,train,0.010290518004409263,0.006885339963660706,3
calibration,GB001,train,0.013142348287648774,0.011952572193536048,4
calibration,GB001,train,0.018120641680879814,0.017691498517739313,5
calibration,GB001,train,0.02774631274661459,0.02419431959452998,6
calibration,GB001,train,0.041697085068827605,0.04035574256478914,7
calibration,GB001,train,0.06584257199801537,0.06426317299416659,8
calibration,GB001,train,0.1144549729853919,0.1209715979726499,9
calibration,GB001,train,0.3664018735206089,0.3764582138076114,10
calibration,GB001,validation,0.006181524820171009,0.0037929495760821064,1
calibration,GB001,validation,0.008154908805959081,0.0069165551093261935,2
calibration,GB001,validation,0.010265725756138773,0.00892657888864093,3
calibration,GB001,validation,0.013123627258200104,0.0142793395805444,4
calibration,GB001,validation,0.018165450164708847,0.015618027666220438,5
calibration,GB001,validation,0.027781327149958034,0.02276277616603437,6
calibration,GB001,validation,0.04195922309282368,0.03859883980365908,7
calibration,GB001,validation,0.06587644684275071,0.0662798482481589,8
calibration,GB001,validation,0.11464178947294588,0.11914323962516733,9
calibration,GB001,validation,0.3671545568031223,0.3737170905845605,10
calibration,GB002,train,0.0054776232799766305,0.0018167909734174794,1
calibration,GB002,train,0.007600863353324486,0.003825188868700392,2
calibration,GB002,train,0.00976432130124937,0.004877115807593,3
calibration,GB002,train,0.012862580602335296,0.010614899110643589,4
calibration,GB002,train,0.018153881757980876,0.016829221648498757,5
calibration,GB002,train,0.027544644409969562,0.022568614325332314,6
calibration,GB002,train,0.04076020775813281,0.03844314813043894,7
calibration,GB002,train,0.06462840297191522,0.06397628382901406,8
calibration,GB002,train,0.1175345535451318,0.12135411685951994,9
calibration,GB002,train,0.36777967820575613,0.38563778925224707,10
calibration,GB002,validation,0.005467978236190574,0.004685408299866131,1
calibration,GB002,validation,0.007611358733926463,0.006247211066488175,2
calibration,GB002,validation,0.009736595761467641,0.008033920999776836,3
calibration,GB002,validation,0.012855595081912741,0.0142793395805444,4
calibration,GB002,validation,0.018158254491429947,0.01606425702811245,5
calibration,GB002,validation,0.027566107358741994,0.02365543405489846,6
calibration,GB002,validation,0.04103672577569194,0.03391343150379295,7
calibration,GB002,validation,0.0647530643268243,0.07230528899799152,8
calibration,GB002,validation,0.1175828560962322,0.11668897813476127,9
calibration,GB002,validation,0.36860381297425565,0.37416331994645247,10
calibration,GB003,train,0.005737202567907054,0.001816617267425184,1
calibration,GB003,train,0.007816453431447589,0.005068859984697781,2
calibration,GB003,train,0.009996728779521714,0.007650377737400784,3
calibration,GB003,train,0.013018389849525473,0.011762455771253707,4
calibration,GB003,train,0.01815054734676436,0.01596863645056416,5
calibration,GB003,train,0.027571309414508256,0.024768097924835038,6
calibration,GB003,train,0.04148453709146624,0.040164483121354115,7
calibration,GB003,train,0.06576945720530329,0.06483695132447165,8
calibration,GB003,train,0.11507416578361228,0.12068470880749738,9
calibration,GB003,train,0.3673703662810367,0.3772231784279977,10
calibration,GB003,validation,0.0057375057891351205,0.0035698348951361,1
calibration,GB003,validation,0.007820106003056302,0.0069165551093261935,2
calibration,GB003,validation,0.009984916218593659,0.009372907833072975,3
calibration,GB003,validation,0.013029473924134364,0.013163766175814369,4
calibration,GB003,validation,0.018241777912434483,0.016287371709058456,5
calibration,GB003,validation,0.027616427568717346,0.0249944208881946,6
calibration,GB003,validation,0.041724697470199655,0.036367692994199015,7
calibration,GB003,validation,0.06585673350827094,0.06806516402588708,8
calibration,GB003,validation,0.1152600786652102,0.11780455153949129,9
calibration,GB003,validation,0.36813113836967976,0.37349397590361444,10
calibration,GB004,train,0.006252488607882803,0.0018167909734174794,1
calibration,GB004,train,0.008263339055519884,0.0053552644161805486,2
calibration,GB004,train,0.010299658035156287,0.008128526345988334,3
calibration,GB004,train,0.013137869138356845,0.011188677440948647,4
calibration,GB004,train,0.018169259529012903,0.017020462803595333,5
calibration,GB004,train,0.027838248951814838,0.02409868987281247,6
calibration,GB004,train,0.04182684127176673,0.04207707755570431,7
calibration,GB004,train,0.0660789222328717,0.06474132160275414,8
calibration,GB004,train,0.11420539604249828,0.12039781964234485,9
calibration,GB004,train,0.3657489714527775,0.37511952572193535,10
calibration,GB004,validation,0.006250960900966738,0.004239178937974119,1
calibration,GB004,validation,0.008277792029844024,0.004239178937974119,2
calibration,GB004,validation,0.010288093185433255,0.010711894666369114,3
calibration,GB004,validation,0.013124523817999003,0.013386880856760375,4
calibration,GB004,validation,0.01826764737556502,0.01740294511378849,5
calibration,GB004,validation,0.027847300450322746,0.02365543405489846,6
calibration,GB004,validation,0.04209162482532482,0.03614457831325301,7
calibration,GB004,validation,0.06627084190363591,0.0691809863869672,8
calibration,GB004,validation,0.11451475472459594,0.11735832217759928,9
calibration,GB004,validation,0.36661389255835675,0.3737170905845605,10
calibration,XGB001,train,0.005860877216054986,0.0023905144387072097,1
calibration,XGB001,train,0.00829503289657671,0.006598450798508177,2
calibration,XGB001,train,0.010664367730269454,0.006980969685378215,3
calibration,XGB001,train,0.013572237179420002,0.011571196327818686,4
calibration,XGB001,train,0.018273448816282067,0.01606425702811245,5
calibration,XGB001,train,0.027275478341233277,0.02562876542029263,6
calibration,XGB001,train,0.04207698404546722,0.042459596442574354,7
calibration,XGB001,train,0.06713902272132269,0.06493258104618915,8
calibration,XGB001,train,0.11257096955194133,0.11925026298173472,9
calibration,XGB001,train,0.3642322230214233,0.37406769936890416,10
calibration,XGB001,validation,0.005860920052463001,0.0049085229808121375,1
calibration,XGB001,validation,0.00830129253611946,0.005800981704596163,2
calibration,XGB001,validation,0.010669247254553024,0.00981923677750502,3
calibration,XGB001,validation,0.013559918436946972,0.011601963409192326,4
calibration,XGB001,validation,0.018302987643427374,0.015394912985274432,5
calibration,XGB001,validation,0.027447277814302826,0.0249944208881946,6
calibration,XGB001,validation,0.04234565497159506,0.03614457831325301,7
calibration,XGB001,validation,0.06731983481145043,0.06761883508145504,8
calibration,XGB001,validation,0.11300451107346442,0.11914323962516733,9
calibration,XGB001,validation,0.3666552097429818,0.3746095493083445,10
calibration,XGB002,train,0.005770580187099912,0.0027729967489003634,1
calibration,XGB002,train,0.008201819189091271,0.005833413024768098,2
calibration,XGB002,train,0.01064199925958469,0.006980969685378215,3
calibration,XGB002,train,0.013518316948680751,0.011762455771253707,4
calibration,XGB002,train,0.018255458182398265,0.016255498183209028,5
calibration,XGB002,train,0.027341572527386348,0.025915654585445157,6
calibration,XGB002,train,0.04210833757809395,0.04140766950368174,7
calibration,XGB002,train,0.06697634032853443,0.06617576742851679,8
calibration,XGB002,train,0.11297067146339687,0.11685951993879698,9
calibration,XGB002,train,0.3640409674866634,0.37598011091986994,10
calibration,XGB002,validation,0.005771578785982889,0.004462293618920125,1
calibration,XGB002,validation,0.008207613521657421,0.0049085229808121375,2
calibration,XGB002,validation,0.010639182938509316,0.01115822361080116,3
calibration,XGB002,validation,0.013504992494345483,0.011378848728246318,4
calibration,XGB002,validation,0.018279885262914172,0.015618027666220438,5
calibration,XGB002,validation,0.02752726548055178,0.025440749832626647,6
calibration,XGB002,validation,0.0423650488894082,0.035698348951361,7
calibration,XGB002,validation,0.06706310591010531,0.06694934166480697,8
calibration,XGB002,validation,0.11332714434967463,0.11936635430611334,9
calibration,XGB002,validation,0.36612348685715146,0.3750557786702365,10
calibration,XGB003,train,0.0073099183699222615,0.003633581946834959,1
calibration,XGB003,train,0.009460236714072387,0.005736686107658476,2
calibration,XGB003,train,0.01205540933792797,0.008321377331420373,3
calibration,XGB003,train,0.014931276786359566,0.012144974658123744,4
calibration,XGB003,train,0.019182316644723158,0.016446739338305604,5
calibration,XGB003,train,0.028077410862129084,0.027445730132925315,6
calibration,XGB003,train,0.04318383663174549,0.04255522616429186,7
calibration,XGB003,train,0.06775394446297837,0.06894902935832457,8
calibration,XGB003,train,0.11051341433366968,0.11561633355646934,9
calibration,XGB003,train,0.35705111345618556,0.36909542933639317,10
calibration,XGB003,validation,0.007310727076951559,0.004239178937974119,1
calibration,XGB003,validation,0.0094758534863415,0.006693440428380187,2
calibration,XGB003,validation,0.01202660114428536,0.011381388083017184,3
calibration,XGB003,validation,0.014911473555833646,0.010040160642570281,4
calibration,XGB003,validation,0.019175899591561223,0.016287371709058456,5
calibration,XGB003,validation,0.02829259644492985,0.025217585360410622,6
calibration,XGB003,validation,0.04353080797910584,0.035905441570026765,7
calibration,XGB003,validation,0.06791131446259872,0.06630944407233758,8
calibration,XGB003,validation,0.11062761381208658,0.11936635430611334,9
calibration,XGB003,validation,0.3593105863096564,0.3746095493083445,10
calibration,XGB004,train,0.007678055481407788,0.0033467202141900937,1
calibration,XGB004,train,0.009814933975867267,0.0062159319116381374,2
calibration,XGB004,train,0.012338957119106278,0.008317399617590822,3
calibration,XGB004,train,0.015153816086351472,0.01224411708436962,4
calibration,XGB004,train,0.019466703724340836,0.01654077827708194,5
calibration,XGB004,train,0.02833248368609061,0.02735271614384086,6
calibration,XGB004,train,0.04321147792345538,0.04207707755570431,7
calibration,XGB004,train,0.06776795038315561,0.07038347518408722,8
calibration,XGB004,train,0.11015670984396347,0.11485129578272928,9
calibration,XGB004,train,0.35613382935558185,0.36861732644865175,10
calibration,XGB004,validation,0.007674376017425254,0.004685408299866131,1
calibration,XGB004,validation,0.009827983838459082,0.006024096385542169,2
calibration,XGB004,validation,0.012314843284695695,0.010935059138585137,3
calibration,XGB004,validation,0.015140312805269803,0.010932619366354306,4
calibration,XGB004,validation,0.019462524121564875,0.01673360107095047,5
calibration,XGB004,validation,0.028562704374719826,0.023878598527114485,6
calibration,XGB004,validation,0.04357035680591315,0.037260151717983046,7
calibration,XGB004,validation,0.06797585814536163,0.06761883508145504,8
calibration,XGB004,validation,0.11034492147103159,0.11646586345381527,9
calibration,XGB004,validation,0.35839539602073056,0.3755020080321285,10
calibration,LGB001,train,0.004662775947993882,0.001434308663224326,1
calibration,LGB001,train,0.007108027305085021,0.0031557808166778234,2
calibration,LGB001,train,0.00944401465304587,0.006694080520225686,3
calibration,LGB001,train,0.01259896638669238,0.010997417997513628,4
calibration,LGB001,train,0.017849498522465326,0.016158332536571375,5
calibration,LGB001,train,0.026778455161382643,0.022379495026778884,6
calibration,LGB001,train,0.040720793995285366,0.04064263172994167,7
calibration,LGB001,train,0.06495521448512746,0.061489911064358804,8
calibration,LGB001,train,0.11651476387700802,0.1200153007554748,9
calibration,LGB001,train,0.36925590029125827,0.3869764773379231,10
calibration,LGB001,validation,0.004660989372386386,0.004239178937974119,1
calibration,LGB001,validation,0.007122217631982527,0.006693440428380187,2
calibration,LGB001,validation,0.009438972954333855,0.009149743360856952,3
calibration,LGB001,validation,0.012643167324848856,0.011378848728246318,4
calibration,LGB001,validation,0.017907025828631587,0.01740294511378849,5
calibration,LGB001,validation,0.026837280601691996,0.02432492747154653,6
calibration,LGB001,validation,0.040815505470770765,0.03547523427041499,7
calibration,LGB001,validation,0.06495749199794121,0.0691809863869672,8
calibration,LGB001,validation,0.1170740616597129,0.11936635430611334,9
calibration,LGB001,validation,0.37006848260100345,0.3728246318607764,10
calibration,LGB002,train,0.003612831107873482,0.0007649646203863071,1
calibration,LGB002,train,0.006143599727675948,0.0013388161040451371,2
calibration,LGB002,train,0.008520832997096406,0.0036339294252653725,3
calibration,LGB002,train,0.01180196311362462,0.007841637180835803,4
calibration,LGB002,train,0.01725023507009807,0.01367374258940524,5
calibration,LGB002,train,0.02614197435754684,0.021421057664722194,6
calibration,LGB002,train,0.03982711331611808,0.035956775365783684,7
calibration,LGB002,train,0.06421367998489091,0.059194797743138565,8
calibration,LGB002,train,0.11881776307586281,0.11934589270345224,9
calibration,LGB002,train,0.373425561065414,0.4067699368904188,10
calibration,LGB002,validation,0.0036163580590935483,0.004462293618920125,1
calibration,LGB002,validation,0.006162838518964243,0.0069165551093261935,2
calibration,LGB002,validation,0.00853449099807339,0.00892657888864093,3
calibration,LGB002,validation,0.011880255970556376,0.01249442213297635,4
calibration,LGB002,validation,0.01739785251306588,0.015841142347166444,5
calibration,LGB002,validation,0.02624592905044031,0.02432492747154653,6
calibration,LGB002,validation,0.04006556549064085,0.03792949576082106,7
calibration,LGB002,validation,0.06441598731610892,0.06739567060923901,8
calibration,LGB002,validation,0.1189705005323052,0.11869701026327532,9
calibration,LGB002,validation,0.3723209438645205,0.37304774654172246,10
calibration,LGB003,train,0.004463349719097605,0.0013386880856760374,1
calibration,LGB003,train,0.006907917814778516,0.0036339294252653725,2
calibration,LGB003,train,0.009253147206024239,0.007172229128813235,3
calibration,LGB003,train,0.01244892095533879,0.010519269388926078,4
calibration,LGB003,train,0.01771328165574135,0.01596863645056416,5
calibration,LGB003,train,0.026728427330369942,0.02323802237735488,6
calibration,LGB003,train,0.04074016968410404,0.039877593956201586,7
calibration,LGB003,train,0.06512500242033978,0.06359376494214401,8
calibration,LGB003,train,0.1172705275181329,0.12135411685951994,9
calibration,LGB003,train,0.3691023956798495,0.3832472748135399,10
calibration,LGB003,validation,0.004475707230139613,0.004462293618920125,1
calibration,LGB003,validation,0.006925597354496066,0.006247211066488175,2
calibration,LGB003,validation,0.009265348132380578,0.008703414416424905,3
calibration,LGB003,validation,0.012476448836817729,0.013833110218652387,4
calibration,LGB003,validation,0.017831677070476733,0.015618027666220438,5
calibration,LGB003,validation,0.0267457042866003,0.023878598527114485,6
calibration,LGB003,validation,0.040927143436704456,0.037037037037037035,7
calibration,LGB003,validation,0.0651456372097558,0.07051997322026334,8
calibration,LGB003,validation,0.11791567043734873,0.11535029004908523,9
calibration,LGB003,validation,0.3700435707936055,0.37438643462739846,10
calibration,LGB004,train,0.00434111498061642,0.0016253943971699016,1
calibration,LGB004,train,0.006819281277122248,0.004111684834576401,2
calibration,LGB004,train,0.009157249768569773,0.006791009086561454,3
calibration,LGB004,train,0.012336572124368799,0.011858085492971215,4
calibration,LGB004,train,0.017674125767593696,0.015681774717919296,5
calibration,LGB004,train,0.026785695315148884,0.02323802237735488,6
calibration,LGB004,train,0.04085966724716583,0.042172707277421825,7
calibration,LGB004,train,0.06568773650792419,0.06196805967294635,8
calibration,LGB004,train,0.11783909300437775,0.12164100602467247,9
calibration,LGB004,train,0.3680706711429794,0.3808567603748327,10
calibration,LGB004,validation,0.004355882578162705,0.004239178937974119,1
calibration,LGB004,validation,0.006845426032951176,0.006247211066488175,2
calibration,LGB004,validation,0.009155091710604387,0.010935059138585137,3
calibration,LGB004,validation,0.012370671708120427,0.009817045961624275,4
calibration,LGB004,validation,0.017724803977616454,0.01673360107095047,5
calibration,LGB004,validation,0.02689178529034304,0.024771256415978576,6
calibration,LGB004,validation,0.041018139210513324,0.03547523427041499,7
calibration,LGB004,validation,0.06577947695758923,0.07230528899799152,8
calibration,LGB004,validation,0.11824326481696225,0.11579651941097724,9
calibration,LGB004,validation,0.3694876985443518,0.3737170905845605,10
calibration,CAT001,train,0.007086197740563593,0.0035379613692866703,1
calibration,CAT001,train,0.00913007078050203,0.006024672468203118,2
calibration,CAT001,train,0.011545073528084114,0.008702304676293392,3
calibration,CAT001,train,0.014349267850996087,0.011762455771253707,4
calibration,CAT001,train,0.018395261563845706,0.016351118760757316,5
calibration,CAT001,train,0.02587405622957676,0.028019508463230373,6
calibration,CAT001,train,0.04044628104754275,0.041120780338529214,7
calibration,CAT001,train,0.06565542728692167,0.06397628382901406,8
calibration,CAT001,train,0.11232565788581425,0.11781581715597207,9
calibration,CAT001,train,0.364682736055288,0.37263339070567986,10
calibration,CAT001,validation,0.007098796399933427,0.0035698348951361,1
calibration,CAT001,validation,0.00912289803175007,0.006024096385542169,2
calibration,CAT001,validation,0.011529829761118144,0.010711894666369114,3
calibration,CAT001,validation,0.014292028082039408,0.012717536813922356,4
calibration,CAT001,validation,0.018335005939485387,0.015171798304328426,5
calibration,CAT001,validation,0.02605493681188634,0.025440749832626647,6
calibration,CAT001,validation,0.04091640882746228,0.03480589022757698,7
calibration,CAT001,validation,0.0658634640020653,0.06806516402588708,8
calibration,CAT001,validation,0.11251404650883472,0.11892012494422133,9
calibration,CAT001,validation,0.36540043725477067,0.3746095493083445,10
calibration,CAT002,train,0.0062981039004345735,0.003155479059093517,1
calibration,CAT002,train,0.008458629386673917,0.006311561633355647,2
calibration,CAT002,train,0.010937426557111076,0.008511045232858372,3
calibration,CAT002,train,0.013917782616603735,0.011475566606101176,4
calibration,CAT002,train,0.01833076118737182,0.016446739338305604,5
calibration,CAT002,train,0.026248847312957034,0.026585062637467724,6
calibration,CAT002,train,0.040681456003013323,0.040451372286506644,7
calibration,CAT002,train,0.06519041837191772,0.06349813522042651,8
calibration,CAT002,train,0.11348636810956717,0.1161901118867744,9
calibration,CAT002,train,0.36583864631741114,0.377318799005546,10
calibration,CAT002,validation,0.006302586862529114,0.004462293618920125,1
calibration,CAT002,validation,0.008453569081667727,0.005131637661758144,2
calibration,CAT002,validation,0.010938223151356787,0.010711894666369114,3
calibration,CAT002,validation,0.013883581412711213,0.012717536813922356,4
calibration,CAT002,validation,0.018272030490324186,0.016287371709058456,5
calibration,CAT002,validation,0.02643374288028501,0.02365543405489846,6
calibration,CAT002,validation,0.041096801280360085,0.034582775546630966,7
calibration,CAT002,validation,0.06535903489011836,0.06895782191475117,8
calibration,CAT002,validation,0.11362945298023525,0.11780455153949129,9
calibration,CAT002,validation,0.36683329972727835,0.3757251227130745,10
calibration,CAT003,train,0.006998212584589171,0.0037292025243832474,1
calibration,CAT003,train,0.009103383052610676,0.005833413024768098,2
calibration,CAT003,train,0.01155222758261094,0.008797934398010902,3
calibration,CAT003,train,0.014360631277252888,0.011475566606101176,4
calibration,CAT003,train,0.01846889891291064,0.016829221648498757,5
calibration,CAT003,train,0.026083773082997825,0.027350100411207803,6
calibration,CAT003,train,0.04077753611596364,0.042172707277421825,7
calibration,CAT003,train,0.06544709687537836,0.06301998661183895,8
calibration,CAT003,train,0.11219157166910365,0.11886774409486468,9
calibration,CAT003,train,0.36445901370546435,0.3718684260852936,10
calibration,CAT003,validation,0.007003526439641185,0.004239178937974119,1
calibration,CAT003,validation,0.009103639304793866,0.005577867023650156,2
calibration,CAT003,validation,0.011546318041591024,0.010935059138585137,3
calibration,CAT003,validation,0.014305469977124353,0.011601963409192326,4
calibration,CAT003,validation,0.018449383527276035,0.016287371709058456,5
calibration,CAT003,validation,0.026258221022410842,0.023878598527114485,6
calibration,CAT003,validation,0.04123874430591411,0.03792949576082106,7
calibration,CAT003,validation,0.06567674642959796,0.06471769694264673,8
calibration,CAT003,validation,0.11222755339882691,0.11981258366800536,9
calibration,CAT003,validation,0.36577278815908787,0.3750557786702365,10
calibration,CAT004,train,0.0071856638644123534,0.0038248231019315355,1
calibration,CAT004,train,0.009274328756168378,0.0059290427464856075,2
calibration,CAT004,train,0.011780221494426953,0.009754231615186,3
calibration,CAT004,train,0.014575115960891807,0.010519269388926078,4
calibration,CAT004,train,0.01855097005753529,0.01673360107095047,5
calibration,CAT004,train,0.02609181790262068,0.02792387874151286,6
calibration,CAT004,train,0.04083802420901889,0.04131203978196423,7
calibration,CAT004,train,0.06573597499897728,0.06455006215931912,8
calibration,CAT004,train,0.11200447012025795,0.11896337381658219,9
calibration,CAT004,train,0.36329767988219275,0.3704341174220692,10
calibration,CAT004,validation,0.007190047208538135,0.004016064257028112,1
calibration,CAT004,validation,0.009263542321026002,0.006247211066488175,2
calibration,CAT004,validation,0.01176692035874742,0.011381388083017184,3
calibration,CAT004,validation,0.014510090243991313,0.011155734047300312,4
calibration,CAT004,validation,0.018508543068526482,0.015841142347166444,5
calibration,CAT004,validation,0.026262620047531125,0.024548091943762552,6
calibration,CAT004,validation,0.04124480766763022,0.03681392235609103,7
calibration,CAT004,validation,0.06593555420149044,0.0644945324704307,8
calibration,CAT004,validation,0.11211224595926698,0.11914323962516733,9
calibration,CAT004,validation,0.36441628103999407,0.37639446675591254,10
