table_name,model_id,split,bucket,total,bad,good,bad_rate,cum_bad,cum_total,cum_bad_pct,cum_total_pct,lift
lift,WLOG001,train,"(0.184, 0.372]",2321,842,1479,0.3627746660922016,842,2321,0.1201827005423922,0.0221950216595105,5.414849437233771
lift,WLOG001,train,"(0.101, 0.184]",16674,3078,13596,0.1845987765383231,3920,18995,0.5595204110762204,0.1816434452487735,3.0803226084482023
lift,WLOG001,train,"(0.0586, 0.101]",9673,1014,8659,0.1048278713946035,4934,28668,0.7042534970025692,0.274143421342029,2.568923571300742
lift,WLOG001,train,"(0.0345, 0.0586]",11127,632,10495,0.0567987777478206,5566,39795,0.7944618898087353,0.3805475600776491,2.087680944916922
lift,WLOG001,train,"(0.0219, 0.0345]",20407,669,19738,0.0327828686235115,6235,60202,0.889951470168427,0.5756935346599983,1.5458771318215827
lift,WLOG001,train,"(0.0133, 0.0219]",44371,771,43600,0.0173762141939555,7006,104573,1.0,1.0,1.0
lift,WLOG001,validation,"(0.184, 0.372]",1000,395,605,0.395,395,1000,0.1315351315351315,0.022312961599393,5.8950099900099895
lift,WLOG001,validation,"(0.101, 0.184]",7228,1313,5915,0.1816546762589928,1708,8228,0.5687645687645687,0.1835910480398063,3.0979972871076416
lift,WLOG001,validation,"(0.0586, 0.101]",4091,380,3711,0.092886824737228,2088,12319,0.6953046953046953,0.2748733739429234,2.529545460627529
lift,WLOG001,validation,"(0.0345, 0.0586]",4727,295,4432,0.0624074465834567,2383,17046,0.7935397935397935,0.3803467434232546,2.086358848238468
lift,WLOG001,validation,"(0.0219, 0.0345]",8698,289,8409,0.0332260289721775,2672,25744,0.8897768897768897,0.5744248834147756,1.5489873706157111
lift,WLOG001,validation,"(0.0133, 0.0219]",19073,331,18742,0.0173543752949195,3003,44817,1.0,1.0,1.0
lift,WLOG002,train,"(0.122, 0.788]",6892,2752,4140,0.3993035403366222,2752,6892,0.3928061661433057,0.0659061134327216,5.960086943137537
lift,WLOG002,train,"(0.0761, 0.122]",13956,1744,12212,0.1249641731155058,4496,20848,0.6417356551527262,0.1993631243246344,3.2189285622738892
lift,WLOG002,train,"(0.0471, 0.0761]",9290,812,8478,0.0874058127018299,5308,30138,0.7576363117328004,0.2882005871496466,2.6288506877309095
lift,WLOG002,train,"(0.0307, 0.0471]",10721,516,10205,0.0481298386344557,5824,40859,0.8312874678846702,0.3907222705669723,2.1275661269023622
lift,WLOG002,train,"(0.0212, 0.0307]",19893,533,19360,0.0267933443924998,6357,60752,0.907365115615187,0.5809530184655695,1.5618562719783209
lift,WLOG002,train,"(0.014100000000000001, 0.0212]",43821,649,43172,0.0148102507929987,7006,104573,1.0,1.0,1.0
lift,WLOG002,validation,"(0.122, 0.788]",2992,1202,1790,0.4017379679144385,1202,2992,0.4002664002664002,0.0667603811053841,5.995567934739058
lift,WLOG002,validation,"(0.104, 0.122]",5946,746,5200,0.1254624957954927,1948,8938,0.6486846486846487,0.1994332507753754,3.25264040054821
lift,WLOG002,validation,"(0.0471, 0.104]",4028,325,3703,0.0806852035749751,2273,12966,0.7569097569097569,0.2893098600977308,2.6162598006651683
lift,WLOG002,validation,"(0.0307, 0.0471]",4538,227,4311,0.0500220361392684,2500,17504,0.8325008325008325,0.3905660798357766,2.1315236408929277
lift,WLOG002,validation,"(0.0212, 0.0307]",8475,231,8244,0.0272566371681415,2731,25979,0.9094239094239094,0.579668429390633,1.568869138483057
lift,WLOG002,validation,"(0.014100000000000001, 0.0212]",18838,272,18566,0.0144389000955515,3003,44817,1.0,1.0,1.0
lift,WLOG003,train,"(0.163, 0.89]",9646,3454,6192,0.3580758863777731,3454,9646,0.4930059948615472,0.092241783251891,5.344714482755191
lift,WLOG003,train,"(0.0885, 0.163]",3463,507,2956,0.146404851285013,3961,13109,0.5653725378247216,0.1253574058313331,4.510084857574538
lift,WLOG003,train,"(0.056, 0.0885]",13896,1275,12621,0.0917530224525043,5236,27005,0.7473594062232373,0.2582406548535473,2.8940424064796364
lift,WLOG003,train,"(0.0373, 0.056]",9409,606,8803,0.0644064193856945,5842,36414,0.8338566942620611,0.3482160787201285,2.39465304797788
lift,WLOG003,train,"(0.0254, 0.0373]",10344,392,9952,0.0378963650425367,6234,46758,0.8898087353696831,0.4471326250561808,1.9900331255360335
lift,WLOG003,train,"(0.0232, 0.0254]",10959,232,10727,0.0211698147641208,6466,57717,0.9229232086782756,0.5519302305566446,1.6721736871478652
lift,WLOG003,train,"(0.0183, 0.0232]",6543,110,6433,0.0168118600030567,6576,64260,0.9386240365401084,0.6144989624472856,1.5274623618597691
lift,WLOG003,train,"(0.0125, 0.0183]",40313,430,39883,0.0106665343685659,7006,104573,1.0,1.0,1.0
lift,WLOG003,validation,"(0.163, 0.89]",4121,1498,2623,0.3635040038825528,1498,4121,0.4988344988344988,0.0919517147510989,5.424961352648808
lift,WLOG003,validation,"(0.0885, 0.163]",1522,265,1257,0.1741130091984231,1763,5643,0.5870795870795871,0.1259120423053752,4.662616667401356
lift,WLOG003,validation,"(0.056, 0.0885]",6053,540,5513,0.0892119610110688,2303,11696,0.7668997668997669,0.2609723988665015,2.9386240469516807
lift,WLOG003,validation,"(0.0373, 0.056]",3945,235,3710,0.0595690747782002,2538,15641,0.8451548451548452,0.3489970323761073,2.4216677127616326
lift,WLOG003,validation,"(0.0254, 0.0373]",4342,140,4202,0.0322432058959005,2678,19983,0.8917748917748918,0.4458799116406721,2.0000337949594815
lift,WLOG003,validation,"(0.0232, 0.0254]",4698,99,4599,0.0210727969348659,2777,24681,0.9247419247419248,0.5507062052346208,1.679192854469383
lift,WLOG003,validation,"(0.0183, 0.0232]",2748,41,2707,0.0149199417758369,2818,27429,0.9383949383949384,0.612022223709753,1.5332693847404557
lift,WLOG003,validation,"(0.0125, 0.0183]",17388,185,17203,0.0106395215090867,3003,44817,1.0,1.0,1.0
lift,WLOG004,train,"(0.152, 0.941]",10230,3672,6558,0.3589442815249267,3672,10230,0.5241221809877248,0.0978263987836248,5.357676327705703
lift,WLOG004,train,"(0.0842, 0.152]",3886,555,3331,0.1428203808543489,4227,14116,0.603339994290608,0.1349870425444426,4.469614141608937
lift,WLOG004,train,"(0.0541, 0.0842]",12021,1031,10990,0.0857665751601364,5258,26137,0.7504995717956038,0.249940233138573,3.0027161388599177
lift,WLOG004,train,"(0.0365, 0.0541]",11008,690,10318,0.0626816860465116,5948,37145,0.848986582928918,0.3552064108326241,2.390121791267351
lift,WLOG004,train,"(0.0252, 0.0365]",10268,361,9907,0.0351577717179587,6309,47413,0.9005138452754782,0.4533961921337248,1.9861522017588549
lift,WLOG004,train,"(0.0231, 0.0252]",10791,211,10580,0.0195533314799369,6520,58204,0.9306308878104482,0.5565872643990323,1.6720305104632327
lift,WLOG004,train,"(0.0184, 0.0231]",6429,98,6331,0.0152434282158967,6618,64633,0.9446188980873536,0.6180658487372458,1.5283466964196126
lift,WLOG004,train,"(0.0127, 0.0184]",39940,388,39552,0.0097145718577866,7006,104573,1.0,1.0,1.0
lift,WLOG004,validation,"(0.152, 0.941]",4349,1585,2764,0.3644515980685215,1585,4349,0.5278055278055278,0.0970390699957605,5.439103320225417
lift,WLOG004,validation,"(0.0842, 0.152]",1703,280,1423,0.1644157369348209,1865,6052,0.621045621045621,0.1350380435995269,4.599041903238863
lift,WLOG004,validation,"(0.0541, 0.0842]",5300,449,4851,0.0847169811320754,2314,11352,0.7705627705627706,0.2532967400763103,3.042134574375589
lift,WLOG004,validation,"(0.0365, 0.0541]",4595,255,4340,0.0554951033732317,2569,15947,0.8554778554778555,0.3558247986255216,2.4042108891296827
lift,WLOG004,validation,"(0.0252, 0.0365]",4324,134,4190,0.0309898242368177,2703,20271,0.9000999000999002,0.4523060445812972,1.9900240354584
lift,WLOG004,validation,"(0.0231, 0.0252]",4633,96,4537,0.0207209151737535,2799,24904,0.932067932067932,0.5556819956712854,1.677340528087396
lift,WLOG004,validation,"(0.0184, 0.0231]",2706,37,2669,0.0136733185513673,2836,27610,0.9443889443889444,0.6160608697592431,1.532947458191935
lift,WLOG004,validation,"(0.0127, 0.0184]",17207,167,17040,0.0097053524728308,3003,44817,1.0,1.0,1.0
lift,WLOG005,train,"(0.149, 0.946]",10161,3670,6491,0.3611849227438244,3670,10161,0.5238367113902369,0.0971665726334713,5.391120600355403
lift,WLOG005,train,"(0.0789, 0.149]",10614,1204,9410,0.1134350857358206,4874,20775,0.6956894090779332,0.1986650473831677,3.5018208700604916
lift,WLOG005,train,"(0.052, 0.0789]",9503,698,8805,0.0734504893191623,5572,30278,0.795318298601199,0.2895393648456102,2.746839964318091
lift,WLOG005,train,"(0.0361, 0.052]",10256,488,9768,0.047581903276131,6060,40534,0.8649728803882386,0.3876143937727712,2.2315293092425934
lift,WLOG005,train,"(0.0279, 0.0361]",10412,314,10098,0.030157510564733,6374,50946,0.909791607193834,0.4871812035611487,1.8674604039390883
lift,WLOG005,train,"(0.0214, 0.0279]",10795,233,10562,0.0215840666975451,6607,61741,0.9430488153011704,0.5904105266177694,1.59727642510632
lift,WLOG005,train,"(0.0182, 0.0214]",9714,127,9587,0.0130739139386452,6734,71455,0.96117613474165,0.6833025733219856,1.406662541996201
lift,WLOG005,train,"(0.0146, 0.0182]",9756,107,9649,0.0109676096760967,6841,81211,0.976448758207251,0.7765962533349908,1.2573441527872684
lift,WLOG005,train,"(0.0111, 0.0146]",11283,97,11186,0.0085970043428166,6938,92494,0.9902940336854124,0.8844921729318276,1.119618764293734
lift,WLOG005,train,"(0.0081, 0.0111]",12079,68,12011,0.0056296050997599,7006,104573,1.0,1.0,1.0
lift,WLOG005,validation,"(0.149, 0.94]",4359,1604,2755,0.3679743060334939,1604,4359,0.5341325341325341,0.0972621996117544,5.491676481353013
lift,WLOG005,validation,"(0.0789, 0.149]",4535,544,3991,0.1199558985667034,2148,8894,0.7152847152847153,0.1984514804650021,3.604330457040149
lift,WLOG005,validation,"(0.052, 0.0789]",4181,266,3915,0.0636211432671609,2414,13075,0.8038628038628038,0.2917419729120646,2.7553896199402894
lift,WLOG005,validation,"(0.0361, 0.052]",4411,194,4217,0.0439809566991611,2608,17486,0.8684648684648685,0.3901644465269875,2.225894430400893
lift,WLOG005,validation,"(0.0265, 0.0361]",4916,148,4768,0.0301057770545158,2756,22402,0.9177489177489178,0.4998549657496039,1.836030410086298
lift,WLOG005,validation,"(0.0214, 0.0265]",3940,72,3868,0.0182741116751269,2828,26342,0.9417249417249416,0.5877680344512127,1.6022050988264638
lift,WLOG005,validation,"(0.0182, 0.0214]",4253,53,4200,0.0124617916764636,2881,30595,0.9593739593739594,0.6826650601334315,1.405336255507852
lift,WLOG005,validation,"(0.0146, 0.0182]",4099,48,4051,0.0117101732129787,2929,34694,0.9753579753579752,0.7741258897293438,1.259947494714313
lift,WLOG005,validation,"(0.0111, 0.0146]",4848,41,4807,0.0084570957095709,2970,39542,0.989010989010989,0.8822991275632015,1.1209474860782331
lift,WLOG005,validation,"(0.0081, 0.0111]",5275,33,5242,0.0062559241706161,3003,44817,1.0,1.0,1.0
lift,BLOG001,train,"(0.185, 0.363]",2321,842,1479,0.3627746660922016,842,2321,0.1201827005423922,0.0221950216595105,5.414849437233771
lift,BLOG001,train,"(0.105, 0.185]",16674,3078,13596,0.1845987765383231,3920,18995,0.5595204110762204,0.1816434452487735,3.0803226084482023
lift,BLOG001,train,"(0.0568, 0.105]",9673,1014,8659,0.1048278713946035,4934,28668,0.7042534970025692,0.274143421342029,2.568923571300742
lift,BLOG001,train,"(0.0348, 0.0568]",11106,631,10475,0.0568161354222942,5565,39774,0.7943191550099914,0.3803467434232546,2.088407929724439
lift,BLOG001,train,"(0.0221, 0.0348]",20428,670,19758,0.0327981202271392,6235,60202,0.889951470168427,0.5756935346599983,1.5458771318215827
lift,BLOG001,train,"(0.013000000000000001, 0.0221]",44371,771,43600,0.0173762141939555,7006,104573,1.0,1.0,1.0
lift,BLOG001,validation,"(0.185, 0.363]",1000,395,605,0.395,395,1000,0.1315351315351315,0.022312961599393,5.8950099900099895
lift,BLOG001,validation,"(0.105, 0.185]",7228,1313,5915,0.1816546762589928,1708,8228,0.5687645687645687,0.1835910480398063,3.0979972871076416
lift,BLOG001,validation,"(0.0568, 0.105]",4091,380,3711,0.092886824737228,2088,12319,0.6953046953046953,0.2748733739429234,2.529545460627529
lift,BLOG001,validation,"(0.0348, 0.0568]",4724,295,4429,0.0624470787468247,2383,17043,0.7935397935397935,0.3802798045384564,2.086726100280052
lift,BLOG001,validation,"(0.0221, 0.0348]",8701,289,8412,0.0332145730375818,2672,25744,0.8897768897768897,0.5744248834147756,1.5489873706157111
lift,BLOG001,validation,"(0.013000000000000001, 0.0221]",19073,331,18742,0.0173543752949195,3003,44817,1.0,1.0,1.0
lift,BLOG002,train,"(0.118, 0.78]",6892,2752,4140,0.3993035403366222,2752,6892,0.3928061661433057,0.0659061134327216,5.960086943137537
lift,BLOG002,train,"(0.0857, 0.118]",13956,1744,12212,0.1249641731155058,4496,20848,0.6417356551527262,0.1993631243246344,3.2189285622738892
lift,BLOG002,train,"(0.0498, 0.0857]",9290,812,8478,0.0874058127018299,5308,30138,0.7576363117328004,0.2882005871496466,2.6288506877309095
lift,BLOG002,train,"(0.0315, 0.0498]",10721,516,10205,0.0481298386344557,5824,40859,0.8312874678846702,0.3907222705669723,2.1275661269023622
lift,BLOG002,train,"(0.0207, 0.0315]",19893,533,19360,0.0267933443924998,6357,60752,0.907365115615187,0.5809530184655695,1.5618562719783209
lift,BLOG002,train,"(0.012400000000000001, 0.0207]",43821,649,43172,0.0148102507929987,7006,104573,1.0,1.0,1.0
lift,BLOG002,validation,"(0.118, 0.78]",2992,1202,1790,0.4017379679144385,1202,2992,0.4002664002664002,0.0667603811053841,5.995567934739058
lift,BLOG002,validation,"(0.104, 0.118]",5946,746,5200,0.1254624957954927,1948,8938,0.6486846486846487,0.1994332507753754,3.25264040054821
lift,BLOG002,validation,"(0.0498, 0.104]",4028,325,3703,0.0806852035749751,2273,12966,0.7569097569097569,0.2893098600977308,2.6162598006651683
lift,BLOG002,validation,"(0.0315, 0.0498]",4538,227,4311,0.0500220361392684,2500,17504,0.8325008325008325,0.3905660798357766,2.1315236408929277
lift,BLOG002,validation,"(0.0207, 0.0315]",8475,231,8244,0.0272566371681415,2731,25979,0.9094239094239094,0.579668429390633,1.568869138483057
lift,BLOG002,validation,"(0.012400000000000001, 0.0207]",18838,272,18566,0.0144389000955515,3003,44817,1.0,1.0,1.0
lift,BLOG003,train,"(0.145, 0.869]",10051,3531,6520,0.351308327529599,3531,10051,0.5039965743648301,0.0961146758723571,5.243700504532224
lift,BLOG003,train,"(0.0874, 0.145]",2947,415,2532,0.1408211740753308,3946,12998,0.5632315158435627,0.1242959463723905,4.5313747735273795
lift,BLOG003,train,"(0.0633, 0.0874]",12375,1164,11211,0.094060606060606,5110,25373,0.7293748215815016,0.2426343319977432,3.006066023617324
lift,BLOG003,train,"(0.0388, 0.0633]",11034,732,10302,0.0663404023926046,5842,36407,0.8338566942620611,0.3481491398353303,2.395113469636787
lift,BLOG003,train,"(0.0256, 0.0388]",10332,391,9941,0.0378435927216415,6233,46739,0.8896660005709391,0.4469509337974429,1.990522747121351
lift,BLOG003,train,"(0.0218, 0.0256]",10974,233,10741,0.0212320029159832,6466,57713,0.9229232086782756,0.5518919797653314,1.6722895829555442
lift,BLOG003,train,"(0.0179, 0.0218]",6520,110,6410,0.0168711656441717,6576,64233,0.9386240365401084,0.6142407696059212,1.5281044225415092
lift,BLOG003,train,"(0.011, 0.0179]",40340,430,39910,0.0106593951412989,7006,104573,1.0,1.0,1.0
lift,BLOG003,validation,"(0.145, 0.869]",4308,1550,2758,0.3597957288765088,1550,4308,0.5161505161505161,0.0961242385701854,5.369618774911253
lift,BLOG003,validation,"(0.0874, 0.145]",1287,205,1082,0.1592851592851593,1755,5595,0.5844155844155844,0.1248410201486043,4.681278507015772
lift,BLOG003,validation,"(0.0633, 0.0874]",5410,499,4911,0.0922365988909427,2254,11005,0.7505827505827506,0.2455541424013209,3.056689425976114
lift,BLOG003,validation,"(0.0388, 0.0633]",4635,284,4351,0.0612729234088457,2538,15640,0.8451548451548452,0.3489747194145078,2.4218225508506843
lift,BLOG003,validation,"(0.0256, 0.0388]",4340,140,4200,0.032258064516129,2678,19980,0.8917748917748918,0.4458129727558739,2.0003341003341
lift,BLOG003,validation,"(0.0218, 0.0256]",4699,99,4600,0.021068312406895,2777,24679,0.9247419247419248,0.550661579311422,1.6793289372000015
lift,BLOG003,validation,"(0.0179, 0.0218]",2747,41,2706,0.0149253731343283,2818,27426,0.9383949383949384,0.6119552848249549,1.5334371018028858
lift,BLOG003,validation,"(0.011, 0.0179]",17391,185,17206,0.0106376861595077,3003,44817,1.0,1.0,1.0
lift,BLOG004,train,"(0.16, 0.911]",8755,3444,5311,0.3933752141633352,3444,8755,0.4915786468741079,0.0837214194868656,5.8715995247933845
lift,BLOG004,train,"(0.082, 0.16]",5587,819,4768,0.1465902989081797,4263,14342,0.6084784470453897,0.137148212253641,4.43664876885215
lift,BLOG004,train,"(0.0606, 0.082]",11847,989,10858,0.0834810500548662,5252,26189,0.7496431630031402,0.2504374934256452,2.9933343955373393
lift,BLOG004,train,"(0.0378, 0.0606]",9435,611,8824,0.0647588765235824,5863,35624,0.8368541250356837,0.3406615474357626,2.456555872932757
lift,BLOG004,train,"(0.0251, 0.0378]",10386,393,9993,0.0378393991912189,6256,46010,0.8929489009420497,0.4399797270806039,2.0295228302154524
lift,BLOG004,train,"(0.0211, 0.0251]",12194,264,11930,0.0216499917992455,6520,58204,0.9306308878104482,0.5565872643990323,1.6720305104632327
lift,BLOG004,train,"(0.0177, 0.0211]",6429,98,6331,0.0152434282158967,6618,64633,0.9446188980873536,0.6180658487372458,1.5283466964196126
lift,BLOG004,train,"(0.0109, 0.0177]",39940,388,39552,0.0097145718577866,7006,104573,1.0,1.0,1.0
lift,BLOG004,validation,"(0.16, 0.911]",3745,1475,2270,0.3938584779706275,1475,3745,0.4911754911754912,0.0835620411897271,5.87797382857463
lift,BLOG004,validation,"(0.082, 0.16]",2407,400,2007,0.1661819692563357,1875,6152,0.6243756243756243,0.1372693397594662,4.548543946300772
lift,BLOG004,validation,"(0.0606, 0.082]",5210,437,4773,0.0838771593090211,2312,11362,0.7698967698967699,0.2535198696923043,3.036830094742434
lift,BLOG004,validation,"(0.0378, 0.0606]",3963,220,3743,0.0555134998738329,2532,15325,0.8431568431568431,0.341946136510699,2.4657592326107824
lift,BLOG004,validation,"(0.0251, 0.0378]",4369,156,4213,0.0357061112382696,2688,19694,0.8951048951048951,0.4394314657384475,2.03696131227359
lift,BLOG004,validation,"(0.0211, 0.0251]",5210,111,5099,0.0213051823416506,2799,24904,0.932067932067932,0.5556819956712854,1.677340528087396
lift,BLOG004,validation,"(0.0177, 0.0211]",2706,37,2669,0.0136733185513673,2836,27610,0.9443889443889444,0.6160608697592431,1.532947458191935
lift,BLOG004,validation,"(0.0109, 0.0177]",17207,167,17040,0.0097053524728308,3003,44817,1.0,1.0,1.0
lift,BLOG005,train,"(0.146, 0.92]",10348,3701,6647,0.3576536528797835,3701,10348,0.5282614901512989,0.0989547971273655,5.338412138538053
lift,BLOG005,train,"(0.0783, 0.146]",10493,1173,9320,0.1117888115886781,4874,20841,0.6956894090779332,0.1992961854398363,3.4907311825491436
lift,BLOG005,train,"(0.0548, 0.0783]",10465,741,9724,0.070807453416149,5615,31306,0.8014558949471882,0.2993698182131142,2.6771432729289053
lift,BLOG005,train,"(0.0374, 0.0548]",9118,437,8681,0.0479271770125027,6052,40424,0.8638310019982872,0.3865624970116569,2.23464771848325
lift,BLOG005,train,"(0.0263, 0.0374]",10724,339,10385,0.0316113390525923,6391,51148,0.9122180987724808,0.4891128685224675,1.8650462040145193
lift,BLOG005,train,"(0.0209, 0.0263]",10293,206,10087,0.0200136014767317,6597,61441,0.9416214673137312,0.587541717269276,1.602646143477463
lift,BLOG005,train,"(0.0161, 0.0209]",11008,153,10855,0.0138989825581395,6750,72449,0.963459891521553,0.6928078949633271,1.3906595154672026
lift,BLOG005,train,"(0.0132, 0.0161]",8762,91,8671,0.0103857566765578,6841,81211,0.976448758207251,0.7765962533349908,1.2573441527872684
lift,BLOG005,train,"(0.00925, 0.0132]",11283,97,11186,0.0085970043428166,6938,92494,0.9902940336854124,0.8844921729318276,1.119618764293734
lift,BLOG005,train,"(0.008029999999999999, 0.00925]",12079,68,12011,0.0056296050997599,7006,104573,1.0,1.0,1.0
lift,BLOG005,validation,"(0.146, 0.92]",4439,1612,2827,0.3631448524442442,1612,4439,0.5367965367965368,0.0990472365397059,5.419601349315249
lift,BLOG005,validation,"(0.0783, 0.146]",4474,538,3936,0.1202503352704515,2150,8913,0.7159507159507159,0.1988754267353905,3.5999958753240477
lift,BLOG005,validation,"(0.056, 0.0783]",3967,254,3713,0.0640282329216032,2404,12880,0.8005328005328005,0.2873909454001829,2.7855185187483325
lift,BLOG005,validation,"(0.0374, 0.056]",4497,202,4295,0.0449188347787413,2606,17377,0.8677988677988678,0.3877323337126537,2.2381390261922
lift,BLOG005,validation,"(0.0263, 0.0374]",4536,137,4399,0.0302028218694885,2743,21913,0.9134199134199136,0.4889439275275007,1.8681485994496536
lift,BLOG005,validation,"(0.0209, 0.0263]",4325,83,4242,0.0191907514450867,2826,26238,0.9410589410589412,0.5854474864448759,1.6074181935146947
lift,BLOG005,validation,"(0.0161, 0.0209]",4744,63,4681,0.0132799325463743,2889,30982,0.962037962037962,0.6913001762723966,1.391635638262712
lift,BLOG005,validation,"(0.0132, 0.0161]",3712,40,3672,0.0107758620689655,2929,34694,0.9753579753579752,0.7741258897293438,1.259947494714313
lift,BLOG005,validation,"(0.00925, 0.0132]",4848,41,4807,0.0084570957095709,2970,39542,0.989010989010989,0.8822991275632015,1.1209474860782331
lift,BLOG005,validation,"(0.008029999999999999, 0.00925]",5275,33,5242,0.0062559241706161,3003,44817,1.0,1.0,1.0
lift,RLOG001,train,"(0.186, 0.91]",10458,2825,7633,0.2701281315739147,2825,10458,0.4032258064516129,0.1000066938884798,4.031988167724662
lift,RLOG001,train,"(0.115, 0.186]",10457,1482,8975,0.1417232475853495,4307,20915,0.6147587781901227,0.2000038250791313,3.073735104550595
lift,RLOG001,train,"(0.0658, 0.115]",10457,886,9571,0.0847279334417136,5193,31372,0.7412218098772481,0.3000009562697828,2.4707314906379403
lift,RLOG001,train,"(0.0426, 0.0658]",10457,553,9904,0.0528832361097829,5746,41829,0.8201541535826434,0.3999980874604343,2.050395187611412
lift,RLOG001,train,"(0.0312, 0.0426]",10457,387,10070,0.0370087023046762,6133,52286,0.8753925206965458,0.4999952186510858,1.750801783781507
lift,RLOG001,train,"(0.0253, 0.0312]",10458,282,10176,0.0269650028686173,6415,62744,0.9156437339423352,0.6000019125395657,1.5260680254614274
lift,RLOG001,train,"(0.0215, 0.0253]",10457,199,10258,0.0190303146217844,6614,73201,0.944047958892378,0.6999990437302172,1.348641783653948
lift,RLOG001,train,"(0.0182, 0.0215]",10457,165,10292,0.0157789040833891,6779,83658,0.9675992006851272,0.7999961749208687,1.209504783920794
lift,RLOG001,train,"(0.0145, 0.0182]",10457,132,10325,0.0126231232667112,6911,94115,0.9864401941193264,0.8999933061115202,1.0960528121940212
lift,RLOG001,train,"(-0.000999999999984, 0.0145]",10458,95,10363,0.0090839548670873,7006,104573,1.0,1.0,1.0
lift,RLOG001,validation,"(0.186, 0.8]",4482,1228,3254,0.2739848282016957,1228,4482,0.4089244089244089,0.1000066938884798,4.088970378127005
lift,RLOG001,validation,"(0.116, 0.186]",4482,623,3859,0.1390004462293619,1851,8964,0.6163836163836164,0.2000133877769596,3.0817117955672173
lift,RLOG001,validation,"(0.066, 0.116]",4481,371,4110,0.0827940191921446,2222,13445,0.73992673992674,0.29999776870384,2.466440810955501
lift,RLOG001,validation,"(0.0428, 0.066]",4482,248,4234,0.0553324408746095,2470,17927,0.8225108225108225,0.4000044625923198,2.056254115717495
lift,RLOG001,validation,"(0.0313, 0.0428]",4481,171,4310,0.0381611247489399,2641,22408,0.8794538794538794,0.4999888435192003,1.758947006224764
lift,RLOG001,validation,"(0.0252, 0.0313]",4482,127,4355,0.0283355644801427,2768,26890,0.9217449217449216,0.5999955374076801,1.5362529623593215
lift,RLOG001,validation,"(0.0215, 0.0252]",4482,77,4405,0.0171798304328424,2845,31372,0.9473859473859474,0.7000022312961599,1.3534041822005611
lift,RLOG001,validation,"(0.0181, 0.0215]",4481,59,4422,0.0131667038607453,2904,35853,0.967032967032967,0.7999866122230403,1.2088114379136052
lift,RLOG001,validation,"(0.0145, 0.0181]",4482,54,4428,0.0120481927710843,2958,40335,0.985014985014985,0.8999933061115202,1.09446923474443
lift,RLOG001,validation,"(-0.0009739, 0.0145]",4482,45,4437,0.0100401606425702,3003,44817,1.0,1.0,1.0
lift,RLOG002,train,"(0.179, 0.988]",10458,2905,7553,0.2777777777777778,2905,10458,0.4146445903511276,0.1000066938884798,4.14616836362483
lift,RLOG002,train,"(0.108, 0.179]",10457,1326,9131,0.126805010997418,4231,20915,0.6039109334855838,0.2000038250791313,3.019496918354671
lift,RLOG002,train,"(0.0626, 0.108]",10457,972,9485,0.0929520895094195,5203,31372,0.7426491578646874,0.3000009562697828,2.4754893020969004
lift,RLOG002,train,"(0.0405, 0.0626]",10457,592,9865,0.0566127952567658,5795,41829,0.8271481587210961,0.3999980874604343,2.067880284059891
lift,RLOG002,train,"(0.0296, 0.0405]",10457,371,10086,0.0354786267571961,6166,52286,0.8801027690550957,0.4999952186510858,1.7602223705848317
lift,RLOG002,train,"(0.0235, 0.0296]",10458,238,10220,0.0227576974564926,6404,62744,0.914073651156152,0.6000019125395657,1.5234512291589997
lift,RLOG002,train,"(0.0195, 0.0235]",10457,194,10263,0.0185521660131969,6598,73201,0.941764202112475,0.6999990437302172,1.3453792695114528
lift,RLOG002,train,"(0.0161, 0.0195]",10457,164,10293,0.0156832743616716,6762,83658,0.96517270910648,0.7999961749208687,1.2064716549450374
lift,RLOG002,train,"(0.0125, 0.0161]",10457,130,10327,0.0124318638232762,6892,94115,0.9837282329431916,0.8999933061115202,1.0930394995863395
lift,RLOG002,train,"(-0.001, 0.0125]",10458,114,10344,0.0109007458405048,7006,104573,1.0,1.0,1.0
lift,RLOG002,validation,"(0.18, 0.864]",4482,1271,3211,0.2835787594823739,1271,4482,0.4232434232434232,0.1000066938884798,4.232150936970214
lift,RLOG002,validation,"(0.11, 0.18]",4482,573,3909,0.1278447121820616,1844,8964,0.614052614052614,0.2000133877769596,3.0700575640334677
lift,RLOG002,validation,"(0.0629, 0.11]",4481,389,4092,0.086810979692033,2233,13445,0.7435897435897436,0.29999776870384,2.478650913980033
lift,RLOG002,validation,"(0.0408, 0.0629]",4482,238,4244,0.0531012940651494,2471,17927,0.8228438228438228,0.4000044625923198,2.05708660726232
lift,RLOG002,validation,"(0.0296, 0.0408]",4481,175,4306,0.039053782637804,2646,22408,0.8811188811188811,0.4999888435192003,1.762277083858662
lift,RLOG002,validation,"(0.0235, 0.0296]",4482,125,4357,0.0278893351182507,2771,26890,0.9227439227439228,0.5999955374076801,1.5379179764081214
lift,RLOG002,validation,"(0.0195, 0.0235]",4482,77,4405,0.0171798304328424,2848,31372,0.9483849483849484,0.7000022312961599,1.3548313219357462
lift,RLOG002,validation,"(0.016, 0.0195]",4481,44,4437,0.009819236777505,2892,35853,0.9630369630369632,0.7999866122230403,1.2038163493271854
lift,RLOG002,validation,"(0.0125, 0.016]",4482,54,4428,0.0120481927710843,2946,40335,0.981018981018981,0.8999933061115202,1.0900291972809637
lift,RLOG002,validation,"(-0.000999921, 0.0125]",4482,57,4425,0.0127175368139223,3003,44817,1.0,1.0,1.0
lift,RLOG003,train,"(0.177, 0.99]",10458,2906,7552,0.277873398355326,2906,10458,0.4147873251498715,0.1000066938884798,4.147595616073582
lift,RLOG003,train,"(0.107, 0.177]",10457,1329,9128,0.1270919001625705,4235,20915,0.6044818726805595,0.2000038250791313,3.022351559733404
lift,RLOG003,train,"(0.0621, 0.107]",10457,962,9495,0.0919957922922444,5197,31372,0.7417927490722238,0.3000009562697828,2.472634615221524
lift,RLOG003,train,"(0.0403, 0.0621]",10457,597,9860,0.0570909438653533,5794,41829,0.8270054239223523,0.3999980874604343,2.067523445356861
lift,RLOG003,train,"(0.0294, 0.0403]",10457,372,10085,0.0355742564789136,6166,52286,0.8801027690550957,0.4999952186510858,1.7602223705848317
lift,RLOG003,train,"(0.0234, 0.0294]",10458,236,10222,0.022566456301396,6402,62744,0.913788181558664,0.6000019125395657,1.5229754480131037
lift,RLOG003,train,"(0.0193, 0.0234]",10457,185,10272,0.0176914985177393,6587,73201,0.9401941193262916,0.6999990437302172,1.3431362910384872
lift,RLOG003,train,"(0.0159, 0.0193]",10457,168,10289,0.0160657932485416,6755,83658,0.9641735655152728,0.7999961749208687,1.2052227194844318
lift,RLOG003,train,"(0.0121, 0.0159]",10457,133,10324,0.0127187529884288,6888,94115,0.9831572937482158,0.8999933061115202,1.0924051179847227
lift,RLOG003,train,"(-0.001, 0.0121]",10458,118,10340,0.011283228150698,7006,104573,1.0,1.0,1.0
lift,RLOG003,validation,"(0.179, 0.885]",4482,1280,3202,0.285586791610888,1280,4482,0.4262404262404262,0.1000066938884798,4.262118960914142
lift,RLOG003,validation,"(0.109, 0.179]",4482,562,3920,0.1253904506916555,1842,8964,0.6133866133866134,0.2000133877769596,3.0667277835952538
lift,RLOG003,validation,"(0.0627, 0.109]",4481,392,4089,0.0874804731086811,2234,13445,0.7439227439227439,0.29999776870384,2.4797609233458995
lift,RLOG003,validation,"(0.0406, 0.0627]",4482,238,4244,0.0531012940651494,2472,17927,0.8231768231768232,0.4000044625923198,2.0579190988071447
lift,RLOG003,validation,"(0.0295, 0.0406]",4481,172,4309,0.0383842892211559,2644,22408,0.8804528804528805,0.4999888435192003,1.760945052805103
lift,RLOG003,validation,"(0.0233, 0.0295]",4482,123,4359,0.0274431057563587,2767,26890,0.9214119214119214,0.5999955374076801,1.5356979576763885
lift,RLOG003,validation,"(0.0193, 0.0233]",4482,77,4405,0.0171798304328424,2844,31372,0.9470529470529472,0.7000022312961599,1.3529284689554997
lift,RLOG003,validation,"(0.0158, 0.0193]",4481,47,4434,0.010488730194153,2891,35853,0.9627039627039627,0.7999866122230403,1.2034000919449837
lift,RLOG003,validation,"(0.0121, 0.0158]",4482,52,4430,0.0116019634091923,2943,40335,0.98001998001998,0.8999933061115202,1.0889191879150972
lift,RLOG003,validation,"(-0.0009999437000000001, 0.0121]",4482,60,4422,0.0133868808567603,3003,44817,1.0,1.0,1.0
lift,RLOG004,train,"(0.177, 0.991]",10458,2902,7556,0.2774909160451329,2902,10458,0.4142163859548958,0.1000066938884798,4.1418866062785735
lift,RLOG004,train,"(0.107, 0.177]",10457,1334,9123,0.127570048771158,4236,20915,0.6046246074793035,0.2000038250791313,3.023065220078087
lift,RLOG004,train,"(0.0621, 0.107]",10457,959,9498,0.0917089031270919,5195,31372,0.7415072794747359,0.3000009562697828,2.471683052929732
lift,RLOG004,train,"(0.0403, 0.0621]",10457,597,9860,0.0570909438653533,5792,41829,0.8267199543248644,0.3999980874604343,2.066809767950801
lift,RLOG004,train,"(0.0294, 0.0403]",10457,375,10082,0.0358611456440661,6167,52286,0.8802455038538396,0.4999952186510858,1.7605078429122052
lift,RLOG004,train,"(0.0234, 0.0294]",10458,236,10222,0.022566456301396,6403,62744,0.913930916357408,0.6000019125395657,1.5232133385860516
lift,RLOG004,train,"(0.0193, 0.0234]",10457,183,10274,0.0175002390743042,6586,73201,0.9400513845275478,0.6999990437302172,1.3429323839045813
lift,RLOG004,train,"(0.0159, 0.0193]",10457,167,10290,0.0159701635268241,6753,83658,0.9638880959177848,0.7999961749208687,1.2048658807814017
lift,RLOG004,train,"(0.0121, 0.0159]",10457,134,10323,0.0128143827101463,6887,94115,0.983014558949472,0.8999933061115202,1.0922465225843183
lift,RLOG004,train,"(-0.001, 0.0121]",10458,119,10339,0.0113788487282463,7006,104573,1.0,1.0,1.0
lift,RLOG004,validation,"(0.179, 0.887]",4482,1282,3200,0.28603302097278,1282,4482,0.4269064269064269,0.1000066938884798,4.26877852179057
lift,RLOG004,validation,"(0.108, 0.179]",4482,560,3922,0.1249442213297635,1842,8964,0.6133866133866134,0.2000133877769596,3.0667277835952538
lift,RLOG004,validation,"(0.0627, 0.108]",4481,392,4089,0.0874804731086811,2234,13445,0.7439227439227439,0.29999776870384,2.4797609233458995
lift,RLOG004,validation,"(0.0405, 0.0627]",4482,237,4245,0.0528781793842034,2471,17927,0.8228438228438228,0.4000044625923198,2.05708660726232
lift,RLOG004,validation,"(0.0295, 0.0405]",4481,172,4309,0.0383842892211559,2643,22408,0.8801198801198801,0.4999888435192003,1.760279037278323
lift,RLOG004,validation,"(0.0233, 0.0295]",4482,123,4359,0.0274431057563587,2766,26890,0.9210789210789212,0.5999955374076801,1.5351429529934553
lift,RLOG004,validation,"(0.0193, 0.0233]",4482,76,4406,0.0169567157518964,2842,31372,0.9463869463869464,0.7000022312961599,1.351977042465376
lift,RLOG004,validation,"(0.0158, 0.0193]",4481,50,4431,0.0111582236108011,2892,35853,0.9630369630369632,0.7999866122230403,1.2038163493271854
lift,RLOG004,validation,"(0.0121, 0.0158]",4482,51,4431,0.0113788487282463,2943,40335,0.98001998001998,0.8999933061115202,1.0889191879150972
lift,RLOG004,validation,"(-0.0009999471, 0.0121]",4482,60,4422,0.0133868808567603,3003,44817,1.0,1.0,1.0
lift,RLOG005,train,"(0.187, 0.928]",10458,2837,7621,0.2712755785044942,2837,10458,0.4049386240365401,0.1000066938884798,4.049115197109687
lift,RLOG005,train,"(0.118, 0.187]",10457,1447,9010,0.1383762073252366,4284,20915,0.6114758778190122,0.2000038250791313,3.0573209166228814
lift,RLOG005,train,"(0.0693, 0.118]",10457,916,9541,0.0875968250932389,5200,31372,0.7422209534684556,0.3000009562697828,2.4740619586592123
lift,RLOG005,train,"(0.0452, 0.0693]",10457,565,9892,0.054030792770393,5765,41829,0.8228661147587782,0.3999980874604343,2.057175122968986
lift,RLOG005,train,"(0.0331, 0.0452]",10457,388,10069,0.0371043320263938,6153,52286,0.8782472166714245,0.4999952186510858,1.7565112303289765
lift,RLOG005,train,"(0.0265, 0.0331]",10458,268,10190,0.0256263147829412,6421,62744,0.9165001427347989,0.6000019125395657,1.5274953688991155
lift,RLOG005,train,"(0.0223, 0.0265]",10457,202,10255,0.0193172037869369,6623,73201,0.9453325720810734,0.6999990437302172,1.3504769478591014
lift,RLOG005,train,"(0.0187, 0.0223]",10457,161,10296,0.015396385196519,6784,83658,0.9683128746788467,0.7999961749208687,1.2103968806783696
lift,RLOG005,train,"(0.0148, 0.0187]",10457,121,10336,0.0115711963278186,6905,94115,0.9855837853268626,0.8999933061115202,1.0951012397915956
lift,RLOG005,train,"(-0.001, 0.0148]",10458,101,10357,0.0096576783323771,7006,104573,1.0,1.0,1.0
lift,RLOG005,validation,"(0.188, 0.846]",4482,1242,3240,0.2771084337349397,1242,4482,0.4135864135864135,0.1000066938884798,4.135587304262003
lift,RLOG005,validation,"(0.119, 0.188]",4482,601,3881,0.1340919232485497,1843,8964,0.6137196137196137,0.2000133877769596,3.0683926738143605
lift,RLOG005,validation,"(0.0697, 0.119]",4481,385,4096,0.0859183218031689,2228,13445,0.7419247419247419,0.29999776870384,2.4731008671507
lift,RLOG005,validation,"(0.0455, 0.0697]",4482,247,4235,0.0551093261936635,2475,17927,0.8241758241758241,0.4000044625923198,2.0604165734416195
lift,RLOG005,validation,"(0.0331, 0.0455]",4481,173,4308,0.038607453693372,2648,22408,0.8817848817848818,0.4999888435192003,1.7636091149122208
lift,RLOG005,validation,"(0.0265, 0.0331]",4482,120,4362,0.0267737617135207,2768,26890,0.9217449217449216,0.5999955374076801,1.5362529623593215
lift,RLOG005,validation,"(0.0222, 0.0265]",4482,77,4405,0.0171798304328424,2845,31372,0.9473859473859474,0.7000022312961599,1.3534041822005611
lift,RLOG005,validation,"(0.0185, 0.0222]",4481,60,4421,0.0133898683329613,2905,35853,0.9673659673659674,0.7999866122230403,1.2092276952958068
lift,RLOG005,validation,"(0.0148, 0.0185]",4482,52,4430,0.0116019634091923,2957,40335,0.9846819846819846,0.8999933061115202,1.0940992316224745
lift,RLOG005,validation,"(-0.00099981, 0.0148]",4482,46,4436,0.0102632753235162,3003,44817,1.0,1.0,1.0
lift,RLOG006,train,"(0.179, 0.986]",10458,2894,7564,0.2767259514247466,2894,10458,0.4130745075649443,0.1000066938884798,4.130468586688557
lift,RLOG006,train,"(0.109, 0.179]",10457,1339,9118,0.1280481973797456,4233,20915,0.6041964030830717,0.2000038250791313,3.020924239044038
lift,RLOG006,train,"(0.0631, 0.109]",10457,972,9485,0.0929520895094195,5205,31372,0.7429346274621753,0.3000009562697828,2.4764408643886924
lift,RLOG006,train,"(0.0409, 0.0631]",10457,586,9871,0.0560390169264607,5791,41829,0.8265772195261205,0.3999980874604343,2.0664529292477707
lift,RLOG006,train,"(0.0298, 0.0409]",10457,378,10079,0.0361480348092187,6169,52286,0.8805309734513275,0.4999952186510858,1.7610787875669522
lift,RLOG006,train,"(0.0237, 0.0298]",10458,233,10225,0.0222795945687511,6402,62744,0.913788181558664,0.6000019125395657,1.5229754480131037
lift,RLOG006,train,"(0.0196, 0.0237]",10457,199,10258,0.0190303146217844,6601,73201,0.9421924065087068,0.6999990437302172,1.3459909909131706
lift,RLOG006,train,"(0.0162, 0.0196]",10457,163,10294,0.015587644639954,6764,83658,0.965458178703968,0.7999961749208687,1.2068284936480675
lift,RLOG006,train,"(0.0124, 0.0162]",10457,129,10328,0.0123362341015587,6893,94115,0.9838709677419356,0.8999933061115202,1.093198094986744
lift,RLOG006,train,"(-0.001, 0.0124]",10458,113,10345,0.0108051252629565,7006,104573,1.0,1.0,1.0
lift,RLOG006,validation,"(0.181, 0.854]",4482,1273,3209,0.2840249888442659,1273,4482,0.4239094239094239,0.1000066938884798,4.238810497846643
lift,RLOG006,validation,"(0.11, 0.181]",4482,565,3917,0.1260597947344935,1838,8964,0.6120546120546121,0.2000133877769596,3.0600682227188254
lift,RLOG006,validation,"(0.0637, 0.11]",4481,396,4085,0.0883731309975452,2234,13445,0.7439227439227439,0.29999776870384,2.4797609233458995
lift,RLOG006,validation,"(0.0412, 0.0637]",4482,236,4246,0.0526550647032574,2470,17927,0.8225108225108225,0.4000044625923198,2.056254115717495
lift,RLOG006,validation,"(0.0298, 0.0412]",4481,178,4303,0.0397232760544521,2648,22408,0.8817848817848818,0.4999888435192003,1.7636091149122208
lift,RLOG006,validation,"(0.0236, 0.0298]",4482,125,4357,0.0278893351182507,2773,26890,0.9234099234099234,0.5999955374076801,1.539027985773988
lift,RLOG006,validation,"(0.0196, 0.0236]",4482,75,4407,0.0167336010709504,2848,31372,0.9483849483849484,0.7000022312961599,1.3548313219357462
lift,RLOG006,validation,"(0.0161, 0.0196]",4481,44,4437,0.009819236777505,2892,35853,0.9630369630369632,0.7999866122230403,1.2038163493271854
lift,RLOG006,validation,"(0.0124, 0.0161]",4482,55,4427,0.0122713074520303,2947,40335,0.9813519813519812,0.8999933061115202,1.0903992004029193
lift,RLOG006,validation,"(-0.0009999632, 0.0124]",4482,56,4426,0.0124944221329763,3003,44817,1.0,1.0,1.0
lift,RLOG007,train,"(0.177, 0.99]",10458,2905,7553,0.2777777777777778,2905,10458,0.4146445903511276,0.1000066938884798,4.14616836362483
lift,RLOG007,train,"(0.107, 0.177]",10457,1330,9127,0.127187529884288,4235,20915,0.6044818726805595,0.2000038250791313,3.022351559733404
lift,RLOG007,train,"(0.0622, 0.107]",10457,960,9497,0.0918045328488094,5195,31372,0.7415072794747359,0.3000009562697828,2.471683052929732
lift,RLOG007,train,"(0.0404, 0.0622]",10457,597,9860,0.0570909438653533,5792,41829,0.8267199543248644,0.3999980874604343,2.066809767950801
lift,RLOG007,train,"(0.0294, 0.0404]",10457,376,10081,0.0359567753657836,6168,52286,0.8803882386525835,0.4999952186510858,1.7607933152395787
lift,RLOG007,train,"(0.0234, 0.0294]",10458,232,10226,0.0221839739912029,6400,62744,0.9135027119611762,0.6000019125395657,1.5224996668672075
lift,RLOG007,train,"(0.0193, 0.0234]",10457,185,10272,0.0176914985177393,6585,73201,0.9399086497288038,0.6999990437302172,1.3427284767706753
lift,RLOG007,train,"(0.0159, 0.0193]",10457,169,10288,0.0161614229702591,6754,83658,0.9640308307165288,0.7999961749208687,1.2050443001329167
lift,RLOG007,train,"(0.0121, 0.0159]",10457,133,10324,0.0127187529884288,6887,94115,0.983014558949472,0.8999933061115202,1.0922465225843183
lift,RLOG007,train,"(-0.001, 0.0121]",10458,119,10339,0.0113788487282463,7006,104573,1.0,1.0,1.0
lift,RLOG007,validation,"(0.179, 0.884]",4482,1279,3203,0.2853636769299419,1279,4482,0.4259074259074259,0.1000066938884798,4.258789180475928
lift,RLOG007,validation,"(0.109, 0.179]",4482,563,3919,0.1256135653726015,1842,8964,0.6133866133866134,0.2000133877769596,3.0667277835952538
lift,RLOG007,validation,"(0.0628, 0.109]",4481,392,4089,0.0874804731086811,2234,13445,0.7439227439227439,0.29999776870384,2.4797609233458995
lift,RLOG007,validation,"(0.0406, 0.0628]",4482,238,4244,0.0531012940651494,2472,17927,0.8231768231768232,0.4000044625923198,2.0579190988071447
lift,RLOG007,validation,"(0.0295, 0.0406]",4481,172,4309,0.0383842892211559,2644,22408,0.8804528804528805,0.4999888435192003,1.760945052805103
lift,RLOG007,validation,"(0.0233, 0.0295]",4482,123,4359,0.0274431057563587,2767,26890,0.9214119214119214,0.5999955374076801,1.5356979576763885
lift,RLOG007,validation,"(0.0193, 0.0233]",4482,75,4407,0.0167336010709504,2842,31372,0.9463869463869464,0.7000022312961599,1.351977042465376
lift,RLOG007,validation,"(0.0158, 0.0193]",4481,50,4431,0.0111582236108011,2892,35853,0.9630369630369632,0.7999866122230403,1.2038163493271854
lift,RLOG007,validation,"(0.0121, 0.0158]",4482,53,4429,0.0118250780901383,2945,40335,0.9806859806859808,0.8999933061115202,1.089659194159008
lift,RLOG007,validation,"(-0.0009999509, 0.0121]",4482,58,4424,0.0129406514948683,3003,44817,1.0,1.0,1.0
lift,RLOG008,train,"(0.177, 0.991]",10458,2901,7557,0.2773952954675846,2901,10458,0.4140736511561518,0.1000066938884798,4.140459353829821
lift,RLOG008,train,"(0.107, 0.177]",10457,1335,9122,0.1276656784928755,4236,20915,0.6046246074793035,0.2000038250791313,3.023065220078087
lift,RLOG008,train,"(0.0621, 0.107]",10457,959,9498,0.0917089031270919,5195,31372,0.7415072794747359,0.3000009562697828,2.471683052929732
lift,RLOG008,train,"(0.0403, 0.0621]",10457,597,9860,0.0570909438653533,5792,41829,0.8267199543248644,0.3999980874604343,2.066809767950801
lift,RLOG008,train,"(0.0294, 0.0403]",10457,374,10083,0.0357655159223486,6166,52286,0.8801027690550957,0.4999952186510858,1.7602223705848317
lift,RLOG008,train,"(0.0234, 0.0294]",10458,236,10222,0.022566456301396,6402,62744,0.913788181558664,0.6000019125395657,1.5229754480131037
lift,RLOG008,train,"(0.0193, 0.0234]",10457,183,10274,0.0175002390743042,6585,73201,0.9399086497288038,0.6999990437302172,1.3427284767706753
lift,RLOG008,train,"(0.0159, 0.0193]",10457,168,10289,0.0160657932485416,6753,83658,0.9638880959177848,0.7999961749208687,1.2048658807814017
lift,RLOG008,train,"(0.0121, 0.0159]",10457,134,10323,0.0128143827101463,6887,94115,0.983014558949472,0.8999933061115202,1.0922465225843183
lift,RLOG008,train,"(-0.001, 0.0121]",10458,119,10339,0.0113788487282463,7006,104573,1.0,1.0,1.0
lift,RLOG008,validation,"(0.179, 0.887]",4482,1283,3199,0.286256135653726,1283,4482,0.4272394272394272,0.1000066938884798,4.2721083022287845
lift,RLOG008,validation,"(0.108, 0.179]",4482,559,3923,0.1247211066488175,1842,8964,0.6133866133866134,0.2000133877769596,3.0667277835952538
lift,RLOG008,validation,"(0.0627, 0.108]",4481,392,4089,0.0874804731086811,2234,13445,0.7439227439227439,0.29999776870384,2.4797609233458995
lift,RLOG008,validation,"(0.0405, 0.0627]",4482,237,4245,0.0528781793842034,2471,17927,0.8228438228438228,0.4000044625923198,2.05708660726232
lift,RLOG008,validation,"(0.0295, 0.0405]",4481,173,4308,0.038607453693372,2644,22408,0.8804528804528805,0.4999888435192003,1.760945052805103
lift,RLOG008,validation,"(0.0233, 0.0295]",4482,122,4360,0.0272199910754127,2766,26890,0.9210789210789212,0.5999955374076801,1.5351429529934553
lift,RLOG008,validation,"(0.0193, 0.0233]",4482,76,4406,0.0169567157518964,2842,31372,0.9463869463869464,0.7000022312961599,1.351977042465376
lift,RLOG008,validation,"(0.0158, 0.0193]",4481,49,4432,0.0109350591385851,2891,35853,0.9627039627039627,0.7999866122230403,1.2034000919449837
lift,RLOG008,validation,"(0.0121, 0.0158]",4482,52,4430,0.0116019634091923,2943,40335,0.98001998001998,0.8999933061115202,1.0889191879150972
lift,RLOG008,validation,"(-0.0009999473, 0.0121]",4482,60,4422,0.0133868808567603,3003,44817,1.0,1.0,1.0
lift,GNB001,train,"(0.0526, 1.0]",10458,2722,7736,0.260279212086441,2722,10458,0.3885241221809877,0.1000066938884798,3.884981165503197
lift,GNB001,train,"(0.00719, 0.0526]",10457,1503,8954,0.1437314717414172,4225,20915,0.6030545246931202,0.2000038250791313,3.015214956286572
lift,GNB001,train,"(0.00157, 0.00719]",10457,876,9581,0.0837716362245385,5101,31372,0.7280902083928061,0.3000009562697828,2.426959625215508
lift,GNB001,train,"(0.000556, 0.00157]",10457,525,9932,0.0502056039016926,5626,41829,0.8030259777333714,0.3999980874604343,2.0075745432477907
lift,GNB001,train,"(0.000279, 0.000556]",10457,354,10103,0.0338529214879984,5980,52286,0.8535540964887239,0.4999952186510858,1.7071245176933658
lift,GNB001,train,"(0.000137, 0.000279]",10458,280,10178,0.0267737617135207,6260,62744,0.8935198401370255,0.6000019125395657,1.4891949866544874
lift,GNB001,train,"(5.23e-05, 0.000137]",10457,227,10230,0.0217079468298747,6487,73201,0.9259206394518984,0.6999990437302172,1.3227455776478925
lift,GNB001,train,"(1.69e-05, 5.23e-05]",10457,166,10291,0.0158745338051066,6653,83658,0.9496146160433914,0.7999961749208687,1.1870239456298926
lift,GNB001,train,"(2.83e-06, 1.69e-05]",10457,129,10328,0.0123362341015587,6782,94115,0.9680274050813588,0.8999933061115202,1.0755940055418685
lift,GNB001,train,"(-0.001, 2.83e-06]",10458,224,10234,0.0214190093708166,7006,104573,1.0,1.0,1.0
lift,GNB001,validation,"(0.0498, 1.0]",4482,1181,3301,0.2634984381972334,1181,4482,0.3932733932733933,0.1000066938884798,3.9324706975309383
lift,GNB001,validation,"(0.0074, 0.0498]",4482,632,3850,0.1410084783578759,1813,8964,0.6037296037296037,0.2000133877769596,3.018445967241148
lift,GNB001,validation,"(0.00163, 0.0074]",4481,349,4132,0.0778844008033921,2162,13445,0.71994671994672,0.29999776870384,2.399840249003507
lift,GNB001,validation,"(0.000565, 0.00163]",4482,220,4262,0.0490852298081213,2382,17927,0.7932067932067932,0.4000044625923198,1.982994859772904
lift,GNB001,validation,"(0.000283, 0.000565]",4481,164,4317,0.0365989734434278,2546,22408,0.8478188478188479,0.4999888435192003,1.695675531180708
lift,GNB001,validation,"(0.000141, 0.000283]",4482,114,4368,0.0254350736278447,2660,26890,0.8857808857808858,0.5999955374076801,1.4763124566025274
lift,GNB001,validation,"(5.38e-05, 0.000141]",4482,112,4370,0.0249888442659527,2772,31372,0.9230769230769232,0.7000022312961599,1.3186771153110566
lift,GNB001,validation,"(1.69e-05, 5.38e-05]",4481,88,4393,0.01963847355501,2860,35853,0.9523809523809524,0.7999866122230403,1.1904961130967322
lift,GNB001,validation,"(2.89e-06, 1.69e-05]",4482,58,4424,0.0129406514948683,2918,40335,0.9716949716949717,0.8999933061115202,1.0796691098662092
lift,GNB001,validation,"(-0.001, 2.89e-06]",4482,85,4397,0.0189647478804105,3003,44817,1.0,1.0,1.0
lift,GNB002,train,"(0.0589, 1.0]",10458,2406,8052,0.2300631095811818,2406,10458,0.3434199257779046,0.1000066938884798,3.4339693916975356
lift,GNB002,train,"(0.0329, 0.0589]",10457,1364,9093,0.1304389404226833,3770,20915,0.5381101912646303,0.2000038250791313,2.6904994994557105
lift,GNB002,train,"(0.0212, 0.0329]",10457,854,9603,0.0816677823467533,4624,31372,0.6600057093919498,0.3000009562697828,2.200012018623115
lift,GNB002,train,"(0.0156, 0.0212]",10457,583,9874,0.0557521277613082,5207,41829,0.7432200970596632,0.3999980874604343,1.8580591266781457
lift,GNB002,train,"(0.0123, 0.0156]",10457,427,10030,0.0408338911733766,5634,52286,0.8041678561233229,0.4999952186510858,1.6083510924221442
lift,GNB002,train,"(0.00997, 0.0123]",10458,384,10074,0.0367183017785427,6018,62744,0.8589780188409935,0.6000019125395657,1.4316254680010712
lift,GNB002,train,"(0.00808, 0.00997]",10457,330,10127,0.0315578081667782,6348,73201,0.9060805024264916,0.6999990437302172,1.2944024860349654
lift,GNB002,train,"(0.00637, 0.00808]",10457,280,10177,0.0267763220809027,6628,83658,0.946046246074793,0.7999961749208687,1.182563461842015
lift,GNB002,train,"(0.00352, 0.00637]",10457,263,10194,0.025150616811705,6891,94115,0.9835854981444476,0.8999933061115202,1.0928809041859355
lift,GNB002,train,"(0.00017, 0.00352]",10458,115,10343,0.0109963664180531,7006,104573,1.0,1.0,1.0
lift,GNB002,validation,"(0.0579, 1.0]",4482,1051,3431,0.2344935296742525,1051,4482,0.3499833499833499,0.1000066938884798,3.499599240563096
lift,GNB002,validation,"(0.0325, 0.0579]",4482,585,3897,0.1305220883534136,1636,8964,0.5447885447885448,0.2000133877769596,2.7237603984591936
lift,GNB002,validation,"(0.0212, 0.0325]",4481,359,4122,0.0801160455255523,1995,13445,0.6643356643356644,0.29999776870384,2.214468684903791
lift,GNB002,validation,"(0.0156, 0.0212]",4482,218,4264,0.0486390004462293,2213,17927,0.736929736929737,0.4000044625923198,1.842303788697497
lift,GNB002,validation,"(0.0123, 0.0156]",4481,197,4284,0.0439634010265565,2410,22408,0.8025308025308026,0.4999888435192003,1.6050974195386905
lift,GNB002,validation,"(0.00996, 0.0123]",4482,155,4327,0.0345827755466309,2565,26890,0.8541458541458542,0.5999955374076801,1.4235870117238658
lift,GNB002,validation,"(0.00808, 0.00996]",4482,129,4353,0.0287817938420348,2694,31372,0.8971028971028971,0.7000022312961599,1.2815714821962432
lift,GNB002,validation,"(0.00641, 0.00808]",4481,126,4355,0.0281187234992189,2820,35853,0.939060939060939,0.7999866122230403,1.173845817808666
lift,GNB002,validation,"(0.00357, 0.00641]",4482,125,4357,0.0278893351182507,2945,40335,0.9806859806859808,0.8999933061115202,1.089659194159008
lift,GNB002,validation,"(0.00017, 0.00357]",4482,58,4424,0.0129406514948683,3003,44817,1.0,1.0,1.0
lift,GNB003,train,"(0.0833, 1.0]",10458,2412,8046,0.2306368330464716,2412,10458,0.3442763345703682,0.1000066938884798,3.4425329063900483
lift,GNB003,train,"(0.046, 0.0833]",10457,1276,9181,0.1220235249115425,3688,20915,0.5264059377676278,0.2000038250791313,2.631979351191687
lift,GNB003,train,"(0.0297, 0.046]",10457,780,9677,0.0745911829396576,4468,31372,0.6377390807878961,0.3000009562697828,2.1257901598633384
lift,GNB003,train,"(0.0221, 0.0297]",10457,539,9918,0.0515444200057377,5007,41829,0.7146731373108763,0.3999980874604343,1.7866913860721094
lift,GNB003,train,"(0.0175, 0.0221]",10457,460,9997,0.0439896719900545,5467,52286,0.780331144733086,0.4999952186510858,1.5606772137507745
lift,GNB003,train,"(0.0141, 0.0175]",10458,403,10055,0.0385350927519602,5870,62744,0.8378532686268912,0.6000019125395657,1.396417663204767
lift,GNB003,train,"(0.0113, 0.0141]",10457,362,10095,0.0346179592617385,6232,73201,0.8895232657721953,0.6999990437302172,1.2707492585018754
lift,GNB003,train,"(0.00791, 0.0113]",10457,333,10124,0.0318446973319307,6565,83658,0.9370539537539252,0.7999961749208687,1.1713230426965648
lift,GNB003,train,"(0.00448, 0.00791]",10457,221,10236,0.0211341684995696,6786,94115,0.9685983442763346,0.8999933061115202,1.0762283871434857
lift,GNB003,train,"(-0.001, 0.00448]",10458,220,10238,0.0210365270606234,7006,104573,1.0,1.0,1.0
lift,GNB003,validation,"(0.0814, 1.0]",4482,1046,3436,0.2333779562695225,1046,4482,0.3483183483183483,0.1000066938884798,3.4829503383720253
lift,GNB003,validation,"(0.0455, 0.0814]",4482,539,3943,0.1202588130298973,1585,8964,0.5278055278055278,0.2000133877769596,2.6388509972847323
lift,GNB003,validation,"(0.0298, 0.0455]",4481,314,4167,0.0700736442758312,1899,13445,0.6323676323676324,0.29999776870384,2.107907785780601
lift,GNB003,validation,"(0.0223, 0.0298]",4482,236,4246,0.0526550647032574,2135,17927,0.710955710955711,0.4000044625923198,1.7773694482011546
lift,GNB003,validation,"(0.0176, 0.0223]",4481,188,4293,0.0419549207766123,2323,22408,0.7735597735597736,0.4999888435192003,1.5471540687088703
lift,GNB003,validation,"(0.0142, 0.0176]",4482,165,4317,0.036813922356091,2488,26890,0.8285048285048285,0.5999955374076801,1.3808516511380031
lift,GNB003,validation,"(0.0113, 0.0142]",4482,138,4344,0.0307898259705488,2626,31372,0.8744588744588745,0.7000022312961599,1.249222981532047
lift,GNB003,validation,"(0.00803, 0.0113]",4481,154,4327,0.0343673287212675,2780,35853,0.9257409257409256,0.7999866122230403,1.1571955225206
lift,GNB003,validation,"(0.00451, 0.00803]",4482,117,4365,0.0261044176706827,2897,40335,0.9647019647019648,0.8999933061115202,1.0718990443051433
lift,GNB003,validation,"(-0.001, 0.00451]",4482,106,4376,0.0236501561802766,3003,44817,1.0,1.0,1.0
lift,GNB004,train,"(0.0843, 1.0]",10458,2509,7949,0.2399120290686555,2509,10458,0.3581216100485298,0.1000066938884798,3.580976393919001
lift,GNB004,train,"(0.0431, 0.0843]",10457,1243,9214,0.1188677440948646,3752,20915,0.5355409648872395,0.2000038250791313,2.677653613251412
lift,GNB004,train,"(0.0254, 0.0431]",10457,780,9677,0.0745911829396576,4532,31372,0.6468741079075079,0.3000009562697828,2.1562401532006827
lift,GNB004,train,"(0.018, 0.0254]",10457,503,9954,0.0481017500239074,5035,41829,0.7186697116757066,0.3999980874604343,1.7966828697569548
lift,GNB004,train,"(0.0138, 0.018]",10457,461,9996,0.044085301711772,5496,52286,0.78447045389666,0.4999952186510858,1.5689559112446052
lift,GNB004,train,"(0.0109, 0.0138]",10458,384,10074,0.0367183017785427,5880,62744,0.8392806166143306,0.6000019125395657,1.398796568934247
lift,GNB004,train,"(0.00849, 0.0109]",10457,354,10103,0.0338529214879984,6234,73201,0.8898087353696831,0.6999990437302172,1.2711570727696873
lift,GNB004,train,"(0.0057, 0.00849]",10457,310,10147,0.029645213732428,6544,83658,0.9340565229803026,0.7999961749208687,1.167576236314748
lift,GNB004,train,"(0.00294, 0.0057]",10457,236,10221,0.0225686143253323,6780,94115,0.967741935483871,0.8999933061115202,1.0752768147410598
lift,GNB004,train,"(-0.001, 0.00294]",10458,226,10232,0.0216102505259131,7006,104573,1.0,1.0,1.0
lift,GNB004,validation,"(0.0832, 1.0]",4482,1077,3405,0.2402945113788487,1077,4482,0.3586413586413586,0.1000066938884798,3.586173531956665
lift,GNB004,validation,"(0.0429, 0.0832]",4482,530,3952,0.1182507809013833,1607,8964,0.5351315351315351,0.2000133877769596,2.675478582105088
lift,GNB004,validation,"(0.0255, 0.0429]",4481,312,4169,0.0696273153313992,1919,13445,0.639027639027639,0.29999776870384,2.130107973097932
lift,GNB004,validation,"(0.0181, 0.0255]",4482,234,4248,0.0522088353413654,2153,17927,0.716949716949717,0.4000044625923198,1.7923542960080028
lift,GNB004,validation,"(0.0138, 0.0181]",4481,182,4299,0.0406159339433162,2335,22408,0.7775557775557775,0.4999888435192003,1.555146255030225
lift,GNB004,validation,"(0.0109, 0.0138]",4482,167,4315,0.037260151717983,2502,26890,0.8331668331668332,0.5999955374076801,1.3886217166990689
lift,GNB004,validation,"(0.00848, 0.0109]",4482,134,4348,0.0298973672467648,2636,31372,0.8777888777888778,0.7000022312961599,1.253980113982664
lift,GNB004,validation,"(0.00581, 0.00848]",4481,148,4333,0.0330283418879714,2784,35853,0.9270729270729272,0.7999866122230403,1.1588605520494066
lift,GNB004,validation,"(0.00297, 0.00581]",4482,112,4370,0.0249888442659527,2896,40335,0.9643689643689644,0.8999933061115202,1.0715290411831877
lift,GNB004,validation,"(-0.001, 0.00297]",4482,107,4375,0.0238732708612226,3003,44817,1.0,1.0,1.0
lift,GNB005,train,"(0.0833, 1.0]",10458,2498,7960,0.2388602027156244,2498,10458,0.3565515272623465,0.1000066938884798,3.565276616982728
lift,GNB005,train,"(0.0428, 0.0833]",10457,1267,9190,0.1211628574160849,3765,20915,0.5373965172709106,0.2000038250791313,2.6869311977322945
lift,GNB005,train,"(0.0251, 0.0428]",10457,792,9665,0.0757387396002677,4557,31372,0.6504424778761062,0.3000009562697828,2.1681346818480827
lift,GNB005,train,"(0.0179, 0.0251]",10457,496,9961,0.0474323419718848,5053,41829,0.7212389380530974,0.3999980874604343,1.803105966411498
lift,GNB005,train,"(0.0137, 0.0179]",10457,461,9996,0.044085301711772,5514,52286,0.7870396802740508,0.4999952186510858,1.5740944131373276
lift,GNB005,train,"(0.0108, 0.0137]",10458,397,10061,0.0379613692866704,5911,62744,0.8437053953753926,0.6000019125395657,1.406171176695635
lift,GNB005,train,"(0.00828, 0.0108]",10457,342,10115,0.0327053648273883,6253,73201,0.8925206965458179,0.6999990437302172,1.2750313083139002
lift,GNB005,train,"(0.00558, 0.00828]",10457,288,10169,0.0275413598546428,6541,83658,0.9336283185840708,0.7999961749208687,1.1670409782602027
lift,GNB005,train,"(0.00271, 0.00558]",10457,251,10206,0.0240030601510949,6792,94115,0.969454753068798,0.8999933061115202,1.077179959545911
lift,GNB005,train,"(-0.001, 0.00271]",10458,214,10244,0.0204628035953337,7006,104573,1.0,1.0,1.0
lift,GNB005,validation,"(0.0824, 1.0]",4482,1084,3398,0.2418563141454707,1084,4482,0.3609723609723609,0.1000066938884798,3.609481995024164
lift,GNB005,validation,"(0.0423, 0.0824]",4482,541,3941,0.1207050423917893,1625,8964,0.5411255411255411,0.2000133877769596,2.7054466060490157
lift,GNB005,validation,"(0.0251, 0.0423]",4481,314,4167,0.0700736442758312,1939,13445,0.6456876456876457,0.29999776870384,2.1523081604152634
lift,GNB005,validation,"(0.0179, 0.0251]",4482,225,4257,0.0502008032128514,2164,17927,0.7206127206127206,0.4000044625923198,1.8015117030010768
lift,GNB005,validation,"(0.0137, 0.0179]",4481,171,4310,0.0381611247489399,2335,22408,0.7775557775557775,0.4999888435192003,1.555146255030225
lift,GNB005,validation,"(0.0108, 0.0137]",4482,180,4302,0.0401606425702811,2515,26890,0.8374958374958374,0.5999955374076801,1.3958367775772016
lift,GNB005,validation,"(0.00834, 0.0108]",4482,135,4347,0.0301204819277108,2650,31372,0.8824508824508824,0.7000022312961599,1.260640099413528
lift,GNB005,validation,"(0.00567, 0.00834]",4481,131,4350,0.029234545860299,2781,35853,0.926073926073926,0.7999866122230403,1.1576117799028016
lift,GNB005,validation,"(0.00273, 0.00567]",4482,121,4361,0.0269968763944667,2902,40335,0.9663669663669664,0.8999933061115202,1.0737490599149209
lift,GNB005,validation,"(-0.001, 0.00273]",4482,101,4381,0.0225345827755466,3003,44817,1.0,1.0,1.0
lift,GNB006,train,"(0.0897, 1.0]",10458,2476,7982,0.236756550009562,2476,10458,0.35341136168998,0.1000066938884798,3.533877063110182
lift,GNB006,train,"(0.0466, 0.0897]",10457,1281,9176,0.12250167352013,3757,20915,0.5362546388809591,0.2000038250791313,2.6812219149748286
lift,GNB006,train,"(0.0279, 0.0466]",10457,767,9690,0.07334799655733,4524,31372,0.6457322295175564,0.3000009562697828,2.1524339040335145
lift,GNB006,train,"(0.0196, 0.0279]",10457,547,9910,0.0523094577794778,5071,41829,0.7238081644304881,0.3999980874604343,1.809529063066041
lift,GNB006,train,"(0.0148, 0.0196]",10457,472,9985,0.0451372286506646,5543,52286,0.7911789894376249,0.4999952186510858,1.5823731106311585
lift,GNB006,train,"(0.0114, 0.0148]",10458,386,10072,0.0369095429336393,5929,62744,0.8462746217527833,0.6000019125395657,1.410453207008699
lift,GNB006,train,"(0.00859, 0.0114]",10457,316,10141,0.030218992062733,6245,73201,0.8913788181558664,0.6999990437302172,1.2734000512426529
lift,GNB006,train,"(0.00548, 0.00859]",10457,290,10167,0.0277326192980778,6535,83658,0.9327719097916072,0.7999961749208687,1.165970462151112
lift,GNB006,train,"(0.00249, 0.00548]",10457,233,10224,0.0222817251601797,6768,94115,0.9660291178989436,0.8999933061115202,1.0733736699362084
lift,GNB006,train,"(-0.001, 0.00249]",10458,238,10220,0.0227576974564926,7006,104573,1.0,1.0,1.0
lift,GNB006,validation,"(0.088, 1.0]",4482,1072,3410,0.2391789379741187,1072,4482,0.356976356976357,0.1000066938884798,3.569524629765594
lift,GNB006,validation,"(0.0462, 0.088]",4482,556,3926,0.1240517626059794,1628,8964,0.5421245421245421,0.2000133877769596,2.710441276706337
lift,GNB006,validation,"(0.0278, 0.0462]",4481,308,4173,0.0687346574425351,1936,13445,0.6446886446886447,0.29999776870384,2.148978132317664
lift,GNB006,validation,"(0.0196, 0.0278]",4482,228,4254,0.0508701472556894,2164,17927,0.7206127206127206,0.4000044625923198,1.8015117030010768
lift,GNB006,validation,"(0.0149, 0.0196]",4481,178,4303,0.0397232760544521,2342,22408,0.7798867798867799,0.4999888435192003,1.5598083637176818
lift,GNB006,validation,"(0.0115, 0.0149]",4482,159,4323,0.0354752342704149,2501,26890,0.8328338328338328,0.5999955374076801,1.3880667120161356
lift,GNB006,validation,"(0.00867, 0.0115]",4482,135,4347,0.0301204819277108,2636,31372,0.8777888777888778,0.7000022312961599,1.253980113982664
lift,GNB006,validation,"(0.00559, 0.00867]",4481,141,4340,0.0314661905824592,2777,35853,0.9247419247419248,0.7999866122230403,1.155946750373995
lift,GNB006,validation,"(0.00252, 0.00559]",4482,119,4363,0.0265506470325747,2896,40335,0.9643689643689644,0.8999933061115202,1.0715290411831877
lift,GNB006,validation,"(-0.001, 0.00252]",4482,107,4375,0.0238732708612226,3003,44817,1.0,1.0,1.0
lift,GNB007,train,"(0.0816, 1.0]",10458,2839,7619,0.2714668196595907,2839,10458,0.4052240936340279,0.1000066938884798,4.051969702007192
lift,GNB007,train,"(0.0145, 0.0816]",10457,1461,8996,0.1397150234292818,4300,20915,0.6137596345989152,0.2000038250791313,3.068739482137813
lift,GNB007,train,"(0.00299, 0.0145]",10457,884,9573,0.0845366739982786,5184,31372,0.7399371966885526,0.3000009562697828,2.466449460324876
lift,GNB007,train,"(0.001, 0.00299]",10457,543,9914,0.0519269388926078,5727,41829,0.8174421924065087,0.3999980874604343,2.043615252253839
lift,GNB007,train,"(0.000479, 0.001]",10457,358,10099,0.0342354403748685,6085,52286,0.868541250356837,0.4999952186510858,1.7370991120675805
lift,GNB007,train,"(0.000308, 0.000479]",10458,279,10179,0.0266781411359724,6364,62744,0.9083642592063944,0.6000019125395657,1.5139356062410794
lift,GNB007,train,"(0.000242, 0.000308]",10457,216,10241,0.0206560198909821,6580,73201,0.9391949757350844,0.6999990437302172,1.3417089411011458
lift,GNB007,train,"(0.000154, 0.000242]",10457,182,10275,0.0174046093525867,6762,83658,0.96517270910648,0.7999961749208687,1.2064716549450374
lift,GNB007,train,"(6.77e-05, 0.000154]",10457,129,10328,0.0123362341015587,6891,94115,0.9835854981444476,0.8999933061115202,1.0928809041859355
lift,GNB007,train,"(-0.0009999987800000001, 6.77e-05]",10458,115,10343,0.0109963664180531,7006,104573,1.0,1.0,1.0
lift,GNB007,validation,"(0.0811, 1.0]",4482,1238,3244,0.2762159750111557,1238,4482,0.4122544122544122,0.1000066938884798,4.1222681825091465
lift,GNB007,validation,"(0.0149, 0.0811]",4482,606,3876,0.1352074966532797,1844,8964,0.614052614052614,0.2000133877769596,3.0700575640334677
lift,GNB007,validation,"(0.00307, 0.0149]",4481,375,4106,0.0836866770810087,2219,13445,0.7389277389277389,0.29999776870384,2.4631107828579006
lift,GNB007,validation,"(0.00101, 0.00307]",4482,219,4263,0.0488621151271753,2438,17927,0.8118548118548119,0.4000044625923198,2.0296143862830984
lift,GNB007,validation,"(0.00048, 0.00101]",4481,177,4304,0.0395001115822361,2615,22408,0.8707958707958708,0.4999888435192003,1.7416306025284962
lift,GNB007,validation,"(0.000309, 0.00048]",4482,107,4375,0.0238732708612226,2722,26890,0.9064269064269064,0.5999955374076801,1.510722746944391
lift,GNB007,validation,"(0.000241, 0.000309]",4482,102,4380,0.0227576974564926,2824,31372,0.9403929403929404,0.7000022312961599,1.3434142040542654
lift,GNB007,validation,"(0.000155, 0.000241]",4481,74,4407,0.0165141709439857,2898,35853,0.965034965034965,0.7999866122230403,1.2063138936203952
lift,GNB007,validation,"(6.72e-05, 0.000155]",4482,62,4420,0.0138331102186523,2960,40335,0.9856809856809856,0.8999933061115202,1.0952092409883412
lift,GNB007,validation,"(-0.00099999746, 6.72e-05]",4482,43,4439,0.0095939312806782,3003,44817,1.0,1.0,1.0
lift,GNB008,train,"(0.194, 1.0]",10458,2854,7604,0.272901128322815,2854,10458,0.4073651156151869,0.1000066938884798,4.073378488738473
lift,GNB008,train,"(0.0358, 0.194]",10457,1440,9017,0.1377067992732141,4294,20915,0.6129032258064516,0.2000038250791313,3.0644575200697135
lift,GNB008,train,"(0.0074, 0.0358]",10457,867,9590,0.0829109687290809,5161,31372,0.7366542963174422,0.3000009562697828,2.455506493969268
lift,GNB008,train,"(0.00248, 0.0074]",10457,517,9940,0.0494405661279525,5678,41829,0.8104481872680559,0.3999980874604343,2.02613015580536
lift,GNB008,train,"(0.00121, 0.00248]",10457,352,10105,0.0336616620445634,6030,52286,0.8606908364259206,0.4999952186510858,1.7213981340620397
lift,GNB008,train,"(0.000792, 0.00121]",10458,266,10192,0.0254350736278447,6296,62744,0.898658292891807,0.6000019125395657,1.4977590472806153
lift,GNB008,train,"(0.000558, 0.000792]",10457,188,10269,0.0179783876828918,6484,73201,0.9254924350556666,0.6999990437302172,1.3221338562461746
lift,GNB008,train,"(0.000315, 0.000558]",10457,172,10285,0.0164483121354116,6656,83658,0.9500428204396232,0.7999961749208687,1.187559203684438
lift,GNB008,train,"(9.74e-05, 0.000315]",10457,120,10337,0.0114755666061011,6776,94115,0.9671709962888952,0.8999933061115202,1.0746424331394426
lift,GNB008,train,"(-0.001, 9.74e-05]",10458,230,10228,0.0219927328361063,7006,104573,1.0,1.0,1.0
lift,GNB008,validation,"(0.189, 1.0]",4482,1247,3235,0.2782240071396697,1247,4482,0.4152514152514152,0.1000066938884798,4.1522362064530745
lift,GNB008,validation,"(0.0371, 0.189]",4482,594,3888,0.1325301204819277,1841,8964,0.6130536130536131,0.2000133877769596,3.0650628933761466
lift,GNB008,validation,"(0.00763, 0.0371]",4481,362,4119,0.0807855389422004,2203,13445,0.7335997335997336,0.29999776870384,2.445350633004036
lift,GNB008,validation,"(0.00248, 0.00763]",4482,224,4258,0.0499776885319054,2427,17927,0.8081918081918081,0.4000044625923198,2.0204569792900244
lift,GNB008,validation,"(0.00121, 0.00248]",4481,165,4316,0.0368221379156438,2592,22408,0.8631368631368631,0.4999888435192003,1.7263122454125666
lift,GNB008,validation,"(0.000793, 0.00121]",4482,96,4386,0.0214190093708166,2688,26890,0.8951048951048951,0.5999955374076801,1.4918525877246591
lift,GNB008,validation,"(0.000559, 0.000793]",4482,107,4375,0.0238732708612226,2795,31372,0.9307359307359307,0.7000022312961599,1.3296185199474757
lift,GNB008,validation,"(0.000316, 0.000559]",4481,69,4412,0.0153983485829056,2864,35853,0.9537129537129536,0.7999866122230403,1.192161142625539
lift,GNB008,validation,"(9.85e-05, 0.000316]",4482,45,4437,0.0100401606425702,2909,40335,0.9686979686979686,0.8999933061115202,1.0763390817686094
lift,GNB008,validation,"(-0.001, 9.85e-05]",4482,94,4388,0.0209727800089245,3003,44817,1.0,1.0,1.0
lift,GNB009,train,"(0.061, 1.0]",10458,2867,7591,0.2741441958309428,2867,10458,0.4092206679988581,0.1000066938884798,4.09193277057225
lift,GNB009,train,"(0.00887, 0.061]",10457,1445,9012,0.1381849478818016,4312,20915,0.6154724521838424,0.2000038250791313,3.077303406274011
lift,GNB009,train,"(0.0018, 0.00887]",10457,850,9607,0.0812852634598833,5162,31372,0.7367970311161861,0.3000009562697828,2.455982275115164
lift,GNB009,train,"(0.000613, 0.0018]",10457,503,9954,0.0481017500239074,5665,41829,0.8085926348843848,0.3999980874604343,2.021491252665968
lift,GNB009,train,"(0.000317, 0.000613]",10457,360,10097,0.0344266998183035,6025,52286,0.859977162432201,0.4999952186510858,1.7199707724251725
lift,GNB009,train,"(0.000197, 0.000317]",10458,253,10205,0.0241920061197169,6278,62744,0.8960890665144162,0.6000019125395657,1.4934770169675513
lift,GNB009,train,"(0.0001, 0.000197]",10457,200,10257,0.0191259443435019,6478,73201,0.924636026263203,0.6999990437302172,1.3209104134427387
lift,GNB009,train,"(4.02e-05, 0.0001]",10457,172,10285,0.0164483121354116,6650,83658,0.9491864116471596,0.7999961749208687,1.186488687575347
lift,GNB009,train,"(7.42e-06, 4.02e-05]",10457,154,10303,0.0147269771444965,6804,94115,0.9711675706537254,0.8999933061115202,1.0790831043507627
lift,GNB009,train,"(-0.001, 7.42e-06]",10458,202,10256,0.0193153566647542,7006,104573,1.0,1.0,1.0
lift,GNB009,validation,"(0.0588, 1.0]",4482,1239,3243,0.2764390896921017,1239,4482,0.4125874125874126,0.1000066938884798,4.125597962947361
lift,GNB009,validation,"(0.00923, 0.0588]",4482,607,3875,0.1354306113342258,1846,8964,0.6147186147186147,0.2000133877769596,3.0733873444716817
lift,GNB009,validation,"(0.00189, 0.00923]",4481,351,4130,0.0783307297478241,2197,13445,0.7316017316017316,0.29999776870384,2.4386905768088365
lift,GNB009,validation,"(0.00062, 0.00189]",4482,222,4260,0.0495314591700133,2419,17927,0.8055278055278056,0.4000044625923198,2.0137970469314252
lift,GNB009,validation,"(0.000318, 0.00062]",4481,156,4325,0.0348136576656996,2575,22408,0.8574758574758575,0.4999888435192003,1.7149899814573146
lift,GNB009,validation,"(0.000196, 0.000318]",4482,99,4383,0.0220883534136546,2674,26890,0.8904428904428905,0.5999955374076801,1.4840825221635934
lift,GNB009,validation,"(0.000102, 0.000196]",4482,108,4374,0.0240963855421686,2782,31372,0.9264069264069263,0.7000022312961599,1.3234342477616736
lift,GNB009,validation,"(4.08e-05, 0.000102]",4481,74,4407,0.0165141709439857,2856,35853,0.951048951048951,0.7999866122230403,1.1888310835679257
lift,GNB009,validation,"(7.56e-06, 4.08e-05]",4482,75,4407,0.0167336010709504,2931,40335,0.976023976023976,0.8999933061115202,1.084479150451631
lift,GNB009,validation,"(-0.001, 7.56e-06]",4482,72,4410,0.0160642570281124,3003,44817,1.0,1.0,1.0
lift,GNB010,train,"(0.0453, 1.0]",10458,2865,7593,0.2739529546758462,2865,10458,0.4089351984013702,0.1000066938884798,4.089078265674746
lift,GNB010,train,"(0.00625, 0.0453]",10457,1452,9005,0.1388543559338242,4317,20915,0.6161861261775621,0.2000038250791313,3.0808717079974275
lift,GNB010,train,"(0.00125, 0.00625]",10457,853,9604,0.0815721526250358,5170,31372,0.7379389095061376,0.3000009562697828,2.4597885242823323
lift,GNB010,train,"(0.000428, 0.00125]",10457,501,9956,0.0479104905804724,5671,41829,0.8094490436768484,0.3999980874604343,2.023632284884149
lift,GNB010,train,"(0.000223, 0.000428]",10457,347,10110,0.0331835134359759,6018,52286,0.8589780188409935,0.4999952186510858,1.7179724661335578
lift,GNB010,train,"(0.000136, 0.000223]",10458,252,10206,0.0240963855421686,6270,62744,0.8949471881244647,0.6000019125395657,1.4915738923839672
lift,GNB010,train,"(6.88e-05, 0.000136]",10457,203,10254,0.0194128335086544,6473,73201,0.9239223522694832,0.6999990437302172,1.319890877773209
lift,GNB010,train,"(2.76e-05, 6.88e-05]",10457,171,10286,0.0163526824136941,6644,83658,0.948330002854696,0.7999961749208687,1.1854181714662568
lift,GNB010,train,"(5.15e-06, 2.76e-05]",10457,162,10295,0.0154920149182365,6806,94115,0.9714530402512132,0.8999933061115202,1.079400295151571
lift,GNB010,train,"(-0.001, 5.15e-06]",10458,200,10258,0.0191241155096576,7006,104573,1.0,1.0,1.0
lift,GNB010,validation,"(0.0434, 1.0]",4482,1236,3246,0.2757697456492637,1236,4482,0.4115884115884116,0.1000066938884798,4.115608621632719
lift,GNB010,validation,"(0.0065, 0.0434]",4482,613,3869,0.1367692994199018,1849,8964,0.6157176157176157,0.2000133877769596,3.0783820151290033
lift,GNB010,validation,"(0.0013, 0.0065]",4481,344,4137,0.0767685784423119,2193,13445,0.7302697302697303,0.29999776870384,2.4342505393453706
lift,GNB010,validation,"(0.00043, 0.0013]",4482,214,4268,0.0477465417224453,2407,17927,0.8015318015318015,0.4000044625923198,2.0038071483935265
lift,GNB010,validation,"(0.000221, 0.00043]",4481,170,4311,0.0379379602767239,2577,22408,0.8581418581418582,0.4999888435192003,1.7163220125108736
lift,GNB010,validation,"(0.000135, 0.000221]",4482,102,4380,0.0227576974564926,2679,26890,0.8921078921078921,0.5999955374076801,1.4868575455782598
lift,GNB010,validation,"(6.96e-05, 0.000135]",4482,101,4381,0.0225345827755466,2780,31372,0.9257409257409256,0.7000022312961599,1.32248282127155
lift,GNB010,validation,"(2.83e-05, 6.96e-05]",4481,80,4401,0.0178531577772818,2860,35853,0.9523809523809524,0.7999866122230403,1.1904961130967322
lift,GNB010,validation,"(5.28e-06, 2.83e-05]",4482,74,4408,0.0165104863900044,2934,40335,0.977022977022977,0.8999933061115202,1.0855891598174976
lift,GNB010,validation,"(-0.001, 5.28e-06]",4482,69,4413,0.0153949129852744,3003,44817,1.0,1.0,1.0
lift,BNB001,train,"(0.418, 1.0]",10458,3737,6721,0.3573340982979537,3737,10458,0.5333999429060805,0.1000066938884798,5.333642400986571
lift,BNB001,train,"(0.0634, 0.418]",10456,1198,9258,0.114575363427697,4935,20914,0.7043962318013132,0.199994262381303,3.522082200830005
lift,BNB001,train,"(0.0192, 0.0634]",10458,718,9740,0.068655574679671,5653,31372,0.8068798172994576,0.3000009562697828,2.689590817750101
lift,BNB001,train,"(0.00785, 0.0192]",10430,461,9969,0.0441994247363374,6114,41802,0.8726805595204111,0.3997398946190699,2.183121002601023
lift,BNB001,train,"(0.00398, 0.00785]",10461,291,10170,0.0278176082592486,6405,52263,0.9142163859548958,0.4997752766010346,1.8292549246782872
lift,BNB001,train,"(0.00202, 0.00398]",10471,235,10236,0.0224429376372839,6640,62734,0.9477590636597204,0.5999062855612826,1.5798451966093017
lift,BNB001,train,"(0.00109, 0.00202]",10461,137,10324,0.0130962623076187,6777,73195,0.9673137310876392,0.6999416675432473,1.381991922959597
lift,BNB001,train,"(0.000636, 0.00109]",10451,97,10354,0.0092814084776576,6874,83646,0.9811590065658008,0.799881422546929,1.226630571618553
lift,BNB001,train,"(0.000304, 0.000636]",10466,78,10388,0.0074527039938849,6952,94112,0.9922923208678276,0.8999646180180353,1.1025903696671129
lift,BNB001,train,"(-0.0009578, 0.000304]",10461,54,10407,0.0051620303986234,7006,104573,1.0,1.0,1.0
lift,BNB001,validation,"(0.418, 1.0]",4476,1623,2853,0.3626005361930295,1623,4476,0.5404595404595405,0.0998728161188834,5.411477932255412
lift,BNB001,validation,"(0.0618, 0.418]",4485,514,3971,0.1146042363433667,2137,8961,0.7116217116217116,0.1999464488921614,3.5590615165439403
lift,BNB001,validation,"(0.0194, 0.0618]",4440,339,4101,0.0763513513513513,2476,13401,0.8245088245088245,0.2990159983934667,2.757407058280127
lift,BNB001,validation,"(0.00803, 0.0194]",4523,180,4343,0.0397965951801901,2656,17924,0.8844488844488845,0.3999375237075217,2.211467621867086
lift,BNB001,validation,"(0.00399, 0.00803]",4483,102,4381,0.0227526210127147,2758,22407,0.9184149184149184,0.4999665305576009,1.8369528004017224
lift,BNB001,validation,"(0.00206, 0.00399]",4355,86,4269,0.0197474167623421,2844,26762,0.9470529470529472,0.5971394783229578,1.5859828087613754
lift,BNB001,validation,"(0.00112, 0.00206]",4602,58,4544,0.0126032159930465,2902,31364,0.9663669663669664,0.6998237276033648,1.3808719656825768
lift,BNB001,validation,"(0.000638, 0.00112]",4486,42,4444,0.0093624609897458,2944,35850,0.9803529803529804,0.7999196733382422,1.225564282300684
lift,BNB001,validation,"(0.000307, 0.000638]",4480,39,4441,0.0087053571428571,2983,40330,0.9933399933399932,0.8998817413035232,1.1038561488102774
lift,BNB001,validation,"(-0.0009578, 0.000307]",4487,20,4467,0.0044573211499888,3003,44817,1.0,1.0,1.0
lift,BNB002,train,"(0.909, 1.0]",10458,3737,6721,0.3573340982979537,3737,10458,0.5333999429060805,0.1000066938884798,5.333642400986571
lift,BNB002,train,"(0.485, 0.909]",10456,1198,9258,0.114575363427697,4935,20914,0.7043962318013132,0.199994262381303,3.522082200830005
lift,BNB002,train,"(0.214, 0.485]",10458,718,9740,0.068655574679671,5653,31372,0.8068798172994576,0.3000009562697828,2.689590817750101
lift,BNB002,train,"(0.0992, 0.214]",10430,461,9969,0.0441994247363374,6114,41802,0.8726805595204111,0.3997398946190699,2.183121002601023
lift,BNB002,train,"(0.0527, 0.0992]",10461,291,10170,0.0278176082592486,6405,52263,0.9142163859548958,0.4997752766010346,1.8292549246782872
lift,BNB002,train,"(0.0274, 0.0527]",10471,235,10236,0.0224429376372839,6640,62734,0.9477590636597204,0.5999062855612826,1.5798451966093017
lift,BNB002,train,"(0.015, 0.0274]",10461,137,10324,0.0130962623076187,6777,73195,0.9673137310876392,0.6999416675432473,1.381991922959597
lift,BNB002,train,"(0.00878, 0.015]",10451,97,10354,0.0092814084776576,6874,83646,0.9811590065658008,0.799881422546929,1.226630571618553
lift,BNB002,train,"(0.00422, 0.00878]",10466,78,10388,0.0074527039938849,6952,94112,0.9922923208678276,0.8999646180180353,1.1025903696671129
lift,BNB002,train,"(-0.00041300000000000006, 0.00422]",10461,54,10407,0.0051620303986234,7006,104573,1.0,1.0,1.0
lift,BNB002,validation,"(0.909, 1.0]",4476,1623,2853,0.3626005361930295,1623,4476,0.5404595404595405,0.0998728161188834,5.411477932255412
lift,BNB002,validation,"(0.479, 0.909]",4485,514,3971,0.1146042363433667,2137,8961,0.7116217116217116,0.1999464488921614,3.5590615165439403
lift,BNB002,validation,"(0.216, 0.479]",4440,339,4101,0.0763513513513513,2476,13401,0.8245088245088245,0.2990159983934667,2.757407058280127
lift,BNB002,validation,"(0.101, 0.216]",4523,180,4343,0.0397965951801901,2656,17924,0.8844488844488845,0.3999375237075217,2.211467621867086
lift,BNB002,validation,"(0.0528, 0.101]",4483,102,4381,0.0227526210127147,2758,22407,0.9184149184149184,0.4999665305576009,1.8369528004017224
lift,BNB002,validation,"(0.028, 0.0528]",4355,86,4269,0.0197474167623421,2844,26762,0.9470529470529472,0.5971394783229578,1.5859828087613754
lift,BNB002,validation,"(0.0153, 0.028]",4602,58,4544,0.0126032159930465,2902,31364,0.9663669663669664,0.6998237276033648,1.3808719656825768
lift,BNB002,validation,"(0.00881, 0.0153]",4486,42,4444,0.0093624609897458,2944,35850,0.9803529803529804,0.7999196733382422,1.225564282300684
lift,BNB002,validation,"(0.00426, 0.00881]",4480,39,4441,0.0087053571428571,2983,40330,0.9933399933399932,0.8998817413035232,1.1038561488102774
lift,BNB002,validation,"(-0.00041300000000000006, 0.00426]",4487,20,4467,0.0044573211499888,3003,44817,1.0,1.0,1.0
lift,BNB003,train,"(0.418, 1.0]",10456,3737,6719,0.3574024483550115,3737,10456,0.5333999429060805,0.0999875684928232,5.33466260802578
lift,BNB003,train,"(0.0634, 0.418]",10458,1198,9260,0.1145534519028494,4935,20914,0.7043962318013132,0.199994262381303,3.522082200830005
lift,BNB003,train,"(0.0192, 0.0634]",10458,718,9740,0.068655574679671,5653,31372,0.8068798172994576,0.3000009562697828,2.689590817750101
lift,BNB003,train,"(0.00785, 0.0192]",10430,461,9969,0.0441994247363374,6114,41802,0.8726805595204111,0.3997398946190699,2.183121002601023
lift,BNB003,train,"(0.00398, 0.00785]",10461,291,10170,0.0278176082592486,6405,52263,0.9142163859548958,0.4997752766010346,1.8292549246782872
lift,BNB003,train,"(0.00202, 0.00398]",10471,235,10236,0.0224429376372839,6640,62734,0.9477590636597204,0.5999062855612826,1.5798451966093017
lift,BNB003,train,"(0.00109, 0.00202]",10461,137,10324,0.0130962623076187,6777,73195,0.9673137310876392,0.6999416675432473,1.381991922959597
lift,BNB003,train,"(0.000636, 0.00109]",10451,97,10354,0.0092814084776576,6874,83646,0.9811590065658008,0.799881422546929,1.226630571618553
lift,BNB003,train,"(0.000304, 0.000636]",10466,78,10388,0.0074527039938849,6952,94112,0.9922923208678276,0.8999646180180353,1.1025903696671129
lift,BNB003,train,"(-0.0009578, 0.000304]",10461,54,10407,0.0051620303986234,7006,104573,1.0,1.0,1.0
lift,BNB003,validation,"(0.418, 1.0]",4476,1623,2853,0.3626005361930295,1623,4476,0.5404595404595405,0.0998728161188834,5.411477932255412
lift,BNB003,validation,"(0.0618, 0.418]",4486,514,3972,0.1145786892554614,2137,8962,0.7116217116217116,0.1999687618537608,3.5586643885014784
lift,BNB003,validation,"(0.0194, 0.0618]",4439,339,4100,0.0763685514755575,2476,13401,0.8245088245088245,0.2990159983934667,2.757407058280127
lift,BNB003,validation,"(0.00802, 0.0194]",4523,180,4343,0.0397965951801901,2656,17924,0.8844488844488845,0.3999375237075217,2.211467621867086
lift,BNB003,validation,"(0.00399, 0.00802]",4483,102,4381,0.0227526210127147,2758,22407,0.9184149184149184,0.4999665305576009,1.8369528004017224
lift,BNB003,validation,"(0.00206, 0.00399]",4355,86,4269,0.0197474167623421,2844,26762,0.9470529470529472,0.5971394783229578,1.5859828087613754
lift,BNB003,validation,"(0.00112, 0.00206]",4602,58,4544,0.0126032159930465,2902,31364,0.9663669663669664,0.6998237276033648,1.3808719656825768
lift,BNB003,validation,"(0.000638, 0.00112]",4486,42,4444,0.0093624609897458,2944,35850,0.9803529803529804,0.7999196733382422,1.225564282300684
lift,BNB003,validation,"(0.000307, 0.000638]",4480,39,4441,0.0087053571428571,2983,40330,0.9933399933399932,0.8998817413035232,1.1038561488102774
lift,BNB003,validation,"(-0.0009578, 0.000307]",4487,20,4467,0.0044573211499888,3003,44817,1.0,1.0,1.0
lift,BNB004,train,"(0.909, 1.0]",10456,3737,6719,0.3574024483550115,3737,10456,0.5333999429060805,0.0999875684928232,5.33466260802578
lift,BNB004,train,"(0.485, 0.909]",10458,1198,9260,0.1145534519028494,4935,20914,0.7043962318013132,0.199994262381303,3.522082200830005
lift,BNB004,train,"(0.214, 0.485]",10458,718,9740,0.068655574679671,5653,31372,0.8068798172994576,0.3000009562697828,2.689590817750101
lift,BNB004,train,"(0.0992, 0.214]",10430,461,9969,0.0441994247363374,6114,41802,0.8726805595204111,0.3997398946190699,2.183121002601023
lift,BNB004,train,"(0.0527, 0.0992]",10461,291,10170,0.0278176082592486,6405,52263,0.9142163859548958,0.4997752766010346,1.8292549246782872
lift,BNB004,train,"(0.0274, 0.0527]",10471,235,10236,0.0224429376372839,6640,62734,0.9477590636597204,0.5999062855612826,1.5798451966093017
lift,BNB004,train,"(0.015, 0.0274]",10461,137,10324,0.0130962623076187,6777,73195,0.9673137310876392,0.6999416675432473,1.381991922959597
lift,BNB004,train,"(0.00878, 0.015]",10451,97,10354,0.0092814084776576,6874,83646,0.9811590065658008,0.799881422546929,1.226630571618553
lift,BNB004,train,"(0.00422, 0.00878]",10466,78,10388,0.0074527039938849,6952,94112,0.9922923208678276,0.8999646180180353,1.1025903696671129
lift,BNB004,train,"(-0.00041300000000000006, 0.00422]",10461,54,10407,0.0051620303986234,7006,104573,1.0,1.0,1.0
lift,BNB004,validation,"(0.909, 1.0]",4476,1623,2853,0.3626005361930295,1623,4476,0.5404595404595405,0.0998728161188834,5.411477932255412
lift,BNB004,validation,"(0.479, 0.909]",4486,514,3972,0.1145786892554614,2137,8962,0.7116217116217116,0.1999687618537608,3.5586643885014784
lift,BNB004,validation,"(0.216, 0.479]",4439,339,4100,0.0763685514755575,2476,13401,0.8245088245088245,0.2990159983934667,2.757407058280127
lift,BNB004,validation,"(0.101, 0.216]",4523,180,4343,0.0397965951801901,2656,17924,0.8844488844488845,0.3999375237075217,2.211467621867086
lift,BNB004,validation,"(0.0528, 0.101]",4483,102,4381,0.0227526210127147,2758,22407,0.9184149184149184,0.4999665305576009,1.8369528004017224
lift,BNB004,validation,"(0.028, 0.0528]",4355,86,4269,0.0197474167623421,2844,26762,0.9470529470529472,0.5971394783229578,1.5859828087613754
lift,BNB004,validation,"(0.0153, 0.028]",4602,58,4544,0.0126032159930465,2902,31364,0.9663669663669664,0.6998237276033648,1.3808719656825768
lift,BNB004,validation,"(0.00881, 0.0153]",4486,42,4444,0.0093624609897458,2944,35850,0.9803529803529804,0.7999196733382422,1.225564282300684
lift,BNB004,validation,"(0.00426, 0.00881]",4480,39,4441,0.0087053571428571,2983,40330,0.9933399933399932,0.8998817413035232,1.1038561488102774
lift,BNB004,validation,"(-0.00041300000000000006, 0.00426]",4487,20,4467,0.0044573211499888,3003,44817,1.0,1.0,1.0
lift,BNB005,train,"(0.418, 1.0]",10456,3737,6719,0.3574024483550115,3737,10456,0.5333999429060805,0.0999875684928232,5.33466260802578
lift,BNB005,train,"(0.0634, 0.418]",10458,1198,9260,0.1145534519028494,4935,20914,0.7043962318013132,0.199994262381303,3.522082200830005
lift,BNB005,train,"(0.0192, 0.0634]",10458,718,9740,0.068655574679671,5653,31372,0.8068798172994576,0.3000009562697828,2.689590817750101
lift,BNB005,train,"(0.00785, 0.0192]",10430,461,9969,0.0441994247363374,6114,41802,0.8726805595204111,0.3997398946190699,2.183121002601023
lift,BNB005,train,"(0.00398, 0.00785]",10461,291,10170,0.0278176082592486,6405,52263,0.9142163859548958,0.4997752766010346,1.8292549246782872
lift,BNB005,train,"(0.00202, 0.00398]",10471,235,10236,0.0224429376372839,6640,62734,0.9477590636597204,0.5999062855612826,1.5798451966093017
lift,BNB005,train,"(0.00109, 0.00202]",10461,137,10324,0.0130962623076187,6777,73195,0.9673137310876392,0.6999416675432473,1.381991922959597
lift,BNB005,train,"(0.000636, 0.00109]",10451,97,10354,0.0092814084776576,6874,83646,0.9811590065658008,0.799881422546929,1.226630571618553
lift,BNB005,train,"(0.000304, 0.000636]",10466,78,10388,0.0074527039938849,6952,94112,0.9922923208678276,0.8999646180180353,1.1025903696671129
lift,BNB005,train,"(-0.0009578, 0.000304]",10461,54,10407,0.0051620303986234,7006,104573,1.0,1.0,1.0
lift,BNB005,validation,"(0.418, 1.0]",4476,1623,2853,0.3626005361930295,1623,4476,0.5404595404595405,0.0998728161188834,5.411477932255412
lift,BNB005,validation,"(0.0618, 0.418]",4486,514,3972,0.1145786892554614,2137,8962,0.7116217116217116,0.1999687618537608,3.5586643885014784
lift,BNB005,validation,"(0.0194, 0.0618]",4439,339,4100,0.0763685514755575,2476,13401,0.8245088245088245,0.2990159983934667,2.757407058280127
lift,BNB005,validation,"(0.00802, 0.0194]",4523,180,4343,0.0397965951801901,2656,17924,0.8844488844488845,0.3999375237075217,2.211467621867086
lift,BNB005,validation,"(0.00399, 0.00802]",4483,102,4381,0.0227526210127147,2758,22407,0.9184149184149184,0.4999665305576009,1.8369528004017224
lift,BNB005,validation,"(0.00206, 0.00399]",4355,86,4269,0.0197474167623421,2844,26762,0.9470529470529472,0.5971394783229578,1.5859828087613754
lift,BNB005,validation,"(0.00112, 0.00206]",4602,58,4544,0.0126032159930465,2902,31364,0.9663669663669664,0.6998237276033648,1.3808719656825768
lift,BNB005,validation,"(0.000638, 0.00112]",4486,42,4444,0.0093624609897458,2944,35850,0.9803529803529804,0.7999196733382422,1.225564282300684
lift,BNB005,validation,"(0.000307, 0.000638]",4480,39,4441,0.0087053571428571,2983,40330,0.9933399933399932,0.8998817413035232,1.1038561488102774
lift,BNB005,validation,"(-0.0009578, 0.000307]",4487,20,4467,0.0044573211499888,3003,44817,1.0,1.0,1.0
lift,BNB006,train,"(0.909, 1.0]",10456,3737,6719,0.3574024483550115,3737,10456,0.5333999429060805,0.0999875684928232,5.33466260802578
lift,BNB006,train,"(0.485, 0.909]",10458,1198,9260,0.1145534519028494,4935,20914,0.7043962318013132,0.199994262381303,3.522082200830005
lift,BNB006,train,"(0.214, 0.485]",10458,718,9740,0.068655574679671,5653,31372,0.8068798172994576,0.3000009562697828,2.689590817750101
lift,BNB006,train,"(0.0992, 0.214]",10430,461,9969,0.0441994247363374,6114,41802,0.8726805595204111,0.3997398946190699,2.183121002601023
lift,BNB006,train,"(0.0527, 0.0992]",10461,291,10170,0.0278176082592486,6405,52263,0.9142163859548958,0.4997752766010346,1.8292549246782872
lift,BNB006,train,"(0.0274, 0.0527]",10471,235,10236,0.0224429376372839,6640,62734,0.9477590636597204,0.5999062855612826,1.5798451966093017
lift,BNB006,train,"(0.015, 0.0274]",10461,137,10324,0.0130962623076187,6777,73195,0.9673137310876392,0.6999416675432473,1.381991922959597
lift,BNB006,train,"(0.00878, 0.015]",10451,97,10354,0.0092814084776576,6874,83646,0.9811590065658008,0.799881422546929,1.226630571618553
lift,BNB006,train,"(0.00422, 0.00878]",10466,78,10388,0.0074527039938849,6952,94112,0.9922923208678276,0.8999646180180353,1.1025903696671129
lift,BNB006,train,"(-0.00041200000000000004, 0.00422]",10461,54,10407,0.0051620303986234,7006,104573,1.0,1.0,1.0
lift,BNB006,validation,"(0.909, 1.0]",4476,1623,2853,0.3626005361930295,1623,4476,0.5404595404595405,0.0998728161188834,5.411477932255412
lift,BNB006,validation,"(0.479, 0.909]",4486,514,3972,0.1145786892554614,2137,8962,0.7116217116217116,0.1999687618537608,3.5586643885014784
lift,BNB006,validation,"(0.216, 0.479]",4439,339,4100,0.0763685514755575,2476,13401,0.8245088245088245,0.2990159983934667,2.757407058280127
lift,BNB006,validation,"(0.101, 0.216]",4523,180,4343,0.0397965951801901,2656,17924,0.8844488844488845,0.3999375237075217,2.211467621867086
lift,BNB006,validation,"(0.0528, 0.101]",4483,102,4381,0.0227526210127147,2758,22407,0.9184149184149184,0.4999665305576009,1.8369528004017224
lift,BNB006,validation,"(0.028, 0.0528]",4355,86,4269,0.0197474167623421,2844,26762,0.9470529470529472,0.5971394783229578,1.5859828087613754
lift,BNB006,validation,"(0.0153, 0.028]",4602,58,4544,0.0126032159930465,2902,31364,0.9663669663669664,0.6998237276033648,1.3808719656825768
lift,BNB006,validation,"(0.00881, 0.0153]",4486,42,4444,0.0093624609897458,2944,35850,0.9803529803529804,0.7999196733382422,1.225564282300684
lift,BNB006,validation,"(0.00426, 0.00881]",4480,39,4441,0.0087053571428571,2983,40330,0.9933399933399932,0.8998817413035232,1.1038561488102774
lift,BNB006,validation,"(-0.00041200000000000004, 0.00426]",4487,20,4467,0.0044573211499888,3003,44817,1.0,1.0,1.0
lift,BNB007,train,"(0.418, 1.0]",10456,3737,6719,0.3574024483550115,3737,10456,0.5333999429060805,0.0999875684928232,5.33466260802578
lift,BNB007,train,"(0.0634, 0.418]",10459,1198,9261,0.1145424992829142,4935,20915,0.7043962318013132,0.2000038250791313,3.5219138010116526
lift,BNB007,train,"(0.0192, 0.0634]",10457,718,9739,0.068662140193172,5653,31372,0.8068798172994576,0.3000009562697828,2.689590817750101
lift,BNB007,train,"(0.00785, 0.0192]",10430,461,9969,0.0441994247363374,6114,41802,0.8726805595204111,0.3997398946190699,2.183121002601023
lift,BNB007,train,"(0.00398, 0.00785]",10461,291,10170,0.0278176082592486,6405,52263,0.9142163859548958,0.4997752766010346,1.8292549246782872
lift,BNB007,train,"(0.00202, 0.00398]",10471,235,10236,0.0224429376372839,6640,62734,0.9477590636597204,0.5999062855612826,1.5798451966093017
lift,BNB007,train,"(0.00109, 0.00202]",10461,137,10324,0.0130962623076187,6777,73195,0.9673137310876392,0.6999416675432473,1.381991922959597
lift,BNB007,train,"(0.000636, 0.00109]",10451,97,10354,0.0092814084776576,6874,83646,0.9811590065658008,0.799881422546929,1.226630571618553
lift,BNB007,train,"(0.000304, 0.000636]",10466,78,10388,0.0074527039938849,6952,94112,0.9922923208678276,0.8999646180180353,1.1025903696671129
lift,BNB007,train,"(-0.0009577, 0.000304]",10461,54,10407,0.0051620303986234,7006,104573,1.0,1.0,1.0
lift,BNB007,validation,"(0.418, 1.0]",4476,1623,2853,0.3626005361930295,1623,4476,0.5404595404595405,0.0998728161188834,5.411477932255412
lift,BNB007,validation,"(0.0618, 0.418]",4486,514,3972,0.1145786892554614,2137,8962,0.7116217116217116,0.1999687618537608,3.5586643885014784
lift,BNB007,validation,"(0.0194, 0.0618]",4440,339,4101,0.0763513513513513,2476,13402,0.8245088245088245,0.2990383113550661,2.757201312342336
lift,BNB007,validation,"(0.00802, 0.0194]",4522,180,4342,0.0398053958425475,2656,17924,0.8844488844488845,0.3999375237075217,2.211467621867086
lift,BNB007,validation,"(0.00399, 0.00802]",4483,102,4381,0.0227526210127147,2758,22407,0.9184149184149184,0.4999665305576009,1.8369528004017224
lift,BNB007,validation,"(0.00206, 0.00399]",4355,86,4269,0.0197474167623421,2844,26762,0.9470529470529472,0.5971394783229578,1.5859828087613754
lift,BNB007,validation,"(0.00112, 0.00206]",4602,58,4544,0.0126032159930465,2902,31364,0.9663669663669664,0.6998237276033648,1.3808719656825768
lift,BNB007,validation,"(0.000638, 0.00112]",4486,42,4444,0.0093624609897458,2944,35850,0.9803529803529804,0.7999196733382422,1.225564282300684
lift,BNB007,validation,"(0.000308, 0.000638]",4480,39,4441,0.0087053571428571,2983,40330,0.9933399933399932,0.8998817413035232,1.1038561488102774
lift,BNB007,validation,"(-0.0009577, 0.000308]",4487,20,4467,0.0044573211499888,3003,44817,1.0,1.0,1.0
lift,BNB008,train,"(0.909, 1.0]",10456,3737,6719,0.3574024483550115,3737,10456,0.5333999429060805,0.0999875684928232,5.33466260802578
lift,BNB008,train,"(0.485, 0.909]",10459,1198,9261,0.1145424992829142,4935,20915,0.7043962318013132,0.2000038250791313,3.5219138010116526
lift,BNB008,train,"(0.214, 0.485]",10457,718,9739,0.068662140193172,5653,31372,0.8068798172994576,0.3000009562697828,2.689590817750101
lift,BNB008,train,"(0.0992, 0.214]",10430,461,9969,0.0441994247363374,6114,41802,0.8726805595204111,0.3997398946190699,2.183121002601023
lift,BNB008,train,"(0.0527, 0.0992]",10461,291,10170,0.0278176082592486,6405,52263,0.9142163859548958,0.4997752766010346,1.8292549246782872
lift,BNB008,train,"(0.0274, 0.0527]",10471,235,10236,0.0224429376372839,6640,62734,0.9477590636597204,0.5999062855612826,1.5798451966093017
lift,BNB008,train,"(0.015, 0.0274]",10461,137,10324,0.0130962623076187,6777,73195,0.9673137310876392,0.6999416675432473,1.381991922959597
lift,BNB008,train,"(0.00878, 0.015]",10451,97,10354,0.0092814084776576,6874,83646,0.9811590065658008,0.799881422546929,1.226630571618553
lift,BNB008,train,"(0.00422, 0.00878]",10466,78,10388,0.0074527039938849,6952,94112,0.9922923208678276,0.8999646180180353,1.1025903696671129
lift,BNB008,train,"(-0.000411, 0.00422]",10461,54,10407,0.0051620303986234,7006,104573,1.0,1.0,1.0
lift,BNB008,validation,"(0.909, 1.0]",4476,1623,2853,0.3626005361930295,1623,4476,0.5404595404595405,0.0998728161188834,5.411477932255412
lift,BNB008,validation,"(0.478, 0.909]",4486,514,3972,0.1145786892554614,2137,8962,0.7116217116217116,0.1999687618537608,3.5586643885014784
lift,BNB008,validation,"(0.216, 0.478]",4440,339,4101,0.0763513513513513,2476,13402,0.8245088245088245,0.2990383113550661,2.757201312342336
lift,BNB008,validation,"(0.101, 0.216]",4522,180,4342,0.0398053958425475,2656,17924,0.8844488844488845,0.3999375237075217,2.211467621867086
lift,BNB008,validation,"(0.0528, 0.101]",4483,102,4381,0.0227526210127147,2758,22407,0.9184149184149184,0.4999665305576009,1.8369528004017224
lift,BNB008,validation,"(0.028, 0.0528]",4355,86,4269,0.0197474167623421,2844,26762,0.9470529470529472,0.5971394783229578,1.5859828087613754
lift,BNB008,validation,"(0.0153, 0.028]",4602,58,4544,0.0126032159930465,2902,31364,0.9663669663669664,0.6998237276033648,1.3808719656825768
lift,BNB008,validation,"(0.00881, 0.0153]",4486,42,4444,0.0093624609897458,2944,35850,0.9803529803529804,0.7999196733382422,1.225564282300684
lift,BNB008,validation,"(0.00427, 0.00881]",4480,39,4441,0.0087053571428571,2983,40330,0.9933399933399932,0.8998817413035232,1.1038561488102774
lift,BNB008,validation,"(-0.000411, 0.00427]",4487,20,4467,0.0044573211499888,3003,44817,1.0,1.0,1.0
lift,BNB009,train,"(0.418, 1.0]",10457,3737,6720,0.3573682700583341,3737,10457,0.5333999429060805,0.0999971311906515,5.334152455725118
lift,BNB009,train,"(0.0634, 0.418]",10458,1198,9260,0.1145534519028494,4935,20915,0.7043962318013132,0.2000038250791313,3.5219138010116526
lift,BNB009,train,"(0.0192, 0.0634]",10457,718,9739,0.068662140193172,5653,31372,0.8068798172994576,0.3000009562697828,2.689590817750101
lift,BNB009,train,"(0.00784, 0.0192]",10430,461,9969,0.0441994247363374,6114,41802,0.8726805595204111,0.3997398946190699,2.183121002601023
lift,BNB009,train,"(0.00398, 0.00784]",10467,292,10175,0.0278972007260915,6406,52269,0.9143591207536398,0.4998326527880045,1.82933050822802
lift,BNB009,train,"(0.00202, 0.00398]",10468,234,10234,0.0223538402751241,6640,62737,0.9477590636597204,0.5999349736547674,1.5797696505106704
lift,BNB009,train,"(0.00109, 0.00202]",10451,137,10314,0.0131087934168979,6777,73188,0.9673137310876392,0.6998747286584491,1.382124102325896
lift,BNB009,train,"(0.000636, 0.00109]",10458,97,10361,0.0092751960221839,6874,83646,0.9811590065658008,0.799881422546929,1.226630571618553
lift,BNB009,train,"(0.000304, 0.000636]",10466,78,10388,0.0074527039938849,6952,94112,0.9922923208678276,0.8999646180180353,1.1025903696671129
lift,BNB009,train,"(-0.0009576000000000001, 0.000304]",10461,54,10407,0.0051620303986234,7006,104573,1.0,1.0,1.0
lift,BNB009,validation,"(0.418, 1.0]",4476,1623,2853,0.3626005361930295,1623,4476,0.5404595404595405,0.0998728161188834,5.411477932255412
lift,BNB009,validation,"(0.0618, 0.418]",4486,514,3972,0.1145786892554614,2137,8962,0.7116217116217116,0.1999687618537608,3.5586643885014784
lift,BNB009,validation,"(0.0194, 0.0618]",4441,339,4102,0.0763341589732042,2476,13403,0.8245088245088245,0.2990606243166655,2.75699559710602
lift,BNB009,validation,"(0.00802, 0.0194]",4521,180,4341,0.039814200398142,2656,17924,0.8844488844488845,0.3999375237075217,2.211467621867086
lift,BNB009,validation,"(0.00399, 0.00802]",4483,102,4381,0.0227526210127147,2758,22407,0.9184149184149184,0.4999665305576009,1.8369528004017224
lift,BNB009,validation,"(0.00206, 0.00399]",4355,86,4269,0.0197474167623421,2844,26762,0.9470529470529472,0.5971394783229578,1.5859828087613754
lift,BNB009,validation,"(0.00112, 0.00206]",4602,58,4544,0.0126032159930465,2902,31364,0.9663669663669664,0.6998237276033648,1.3808719656825768
lift,BNB009,validation,"(0.000638, 0.00112]",4486,42,4444,0.0093624609897458,2944,35850,0.9803529803529804,0.7999196733382422,1.225564282300684
lift,BNB009,validation,"(0.000308, 0.000638]",4480,39,4441,0.0087053571428571,2983,40330,0.9933399933399932,0.8998817413035232,1.1038561488102774
lift,BNB009,validation,"(-0.0009576000000000001, 0.000308]",4487,20,4467,0.0044573211499888,3003,44817,1.0,1.0,1.0
lift,BNB010,train,"(0.909, 1.0]",10457,3737,6720,0.3573682700583341,3737,10457,0.5333999429060805,0.0999971311906515,5.334152455725118
lift,BNB010,train,"(0.485, 0.909]",10458,1198,9260,0.1145534519028494,4935,20915,0.7043962318013132,0.2000038250791313,3.5219138010116526
lift,BNB010,train,"(0.215, 0.485]",10457,718,9739,0.068662140193172,5653,31372,0.8068798172994576,0.3000009562697828,2.689590817750101
lift,BNB010,train,"(0.0992, 0.215]",10430,461,9969,0.0441994247363374,6114,41802,0.8726805595204111,0.3997398946190699,2.183121002601023
lift,BNB010,train,"(0.0527, 0.0992]",10467,292,10175,0.0278972007260915,6406,52269,0.9143591207536398,0.4998326527880045,1.82933050822802
lift,BNB010,train,"(0.0274, 0.0527]",10468,234,10234,0.0223538402751241,6640,62737,0.9477590636597204,0.5999349736547674,1.5797696505106704
lift,BNB010,train,"(0.015, 0.0274]",10451,137,10314,0.0131087934168979,6777,73188,0.9673137310876392,0.6998747286584491,1.382124102325896
lift,BNB010,train,"(0.00878, 0.015]",10458,97,10361,0.0092751960221839,6874,83646,0.9811590065658008,0.799881422546929,1.226630571618553
lift,BNB010,train,"(0.00422, 0.00878]",10466,78,10388,0.0074527039938849,6952,94112,0.9922923208678276,0.8999646180180353,1.1025903696671129
lift,BNB010,train,"(-0.00041, 0.00422]",10461,54,10407,0.0051620303986234,7006,104573,1.0,1.0,1.0
lift,BNB010,validation,"(0.909, 1.0]",4476,1623,2853,0.3626005361930295,1623,4476,0.5404595404595405,0.0998728161188834,5.411477932255412
lift,BNB010,validation,"(0.478, 0.909]",4486,514,3972,0.1145786892554614,2137,8962,0.7116217116217116,0.1999687618537608,3.5586643885014784
lift,BNB010,validation,"(0.216, 0.478]",4441,339,4102,0.0763341589732042,2476,13403,0.8245088245088245,0.2990606243166655,2.75699559710602
lift,BNB010,validation,"(0.101, 0.216]",4521,180,4341,0.039814200398142,2656,17924,0.8844488844488845,0.3999375237075217,2.211467621867086
lift,BNB010,validation,"(0.0528, 0.101]",4483,102,4381,0.0227526210127147,2758,22407,0.9184149184149184,0.4999665305576009,1.8369528004017224
lift,BNB010,validation,"(0.028, 0.0528]",4355,86,4269,0.0197474167623421,2844,26762,0.9470529470529472,0.5971394783229578,1.5859828087613754
lift,BNB010,validation,"(0.0153, 0.028]",4602,58,4544,0.0126032159930465,2902,31364,0.9663669663669664,0.6998237276033648,1.3808719656825768
lift,BNB010,validation,"(0.00881, 0.0153]",4486,42,4444,0.0093624609897458,2944,35850,0.9803529803529804,0.7999196733382422,1.225564282300684
lift,BNB010,validation,"(0.00427, 0.00881]",4480,39,4441,0.0087053571428571,2983,40330,0.9933399933399932,0.8998817413035232,1.1038561488102774
lift,BNB010,validation,"(-0.00041, 0.00427]",4487,20,4467,0.0044573211499888,3003,44817,1.0,1.0,1.0
lift,BNB011,train,"(0.418, 1.0]",10458,3738,6720,0.357429718875502,3738,10458,0.5335426777048244,0.1000066938884798,5.3350696534353235
lift,BNB011,train,"(0.0634, 0.418]",10450,1197,9253,0.1145454545454545,4935,20908,0.7043962318013132,0.1999368861943331,3.523092938021749
lift,BNB011,train,"(0.0192, 0.0634]",10445,717,9728,0.0686452848252752,5652,31353,0.8067370825007136,0.2998192650110449,2.6907446473494447
lift,BNB011,train,"(0.00784, 0.0192]",10448,462,9986,0.044218989280245,6114,41801,0.8726805595204111,0.3997303319212416,2.183173229126766
lift,BNB011,train,"(0.00397, 0.00784]",10483,293,10190,0.027950014308881,6407,52284,0.9145018555523836,0.4999760932554292,1.829091166335388
lift,BNB011,train,"(0.00202, 0.00397]",10453,233,10220,0.0222902516024107,6640,62737,0.9477590636597204,0.5999349736547674,1.5797696505106704
lift,BNB011,train,"(0.00109, 0.00202]",10452,137,10315,0.0131075392269422,6777,73189,0.9673137310876392,0.6998842913562774,1.3821052180112818
lift,BNB011,train,"(0.000635, 0.00109]",10458,97,10361,0.0092751960221839,6874,83647,0.9811590065658008,0.7998909852447572,1.2266159072483829
lift,BNB011,train,"(0.000305, 0.000635]",10465,78,10387,0.0074534161490683,6952,94112,0.9922923208678276,0.8999646180180353,1.1025903696671129
lift,BNB011,train,"(-0.0009573, 0.000305]",10461,54,10407,0.0051620303986234,7006,104573,1.0,1.0,1.0
lift,BNB011,validation,"(0.418, 1.0]",4478,1624,2854,0.3626619026351049,1624,4478,0.5407925407925408,0.0999174420420822,5.412393769696137
lift,BNB011,validation,"(0.0617, 0.418]",4486,513,3973,0.1143557735176103,2137,8964,0.7116217116217116,0.2000133877769596,3.5578703982318443
lift,BNB011,validation,"(0.0194, 0.0617]",4440,339,4101,0.0763513513513513,2476,13404,0.8245088245088245,0.2990829372782649,2.756789912564308
lift,BNB011,validation,"(0.00801, 0.0194]",4521,180,4341,0.039814200398142,2656,17925,0.8844488844488845,0.3999598366691211,2.2113442484990604
lift,BNB011,validation,"(0.00399, 0.00801]",4482,102,4380,0.0227576974564926,2758,22407,0.9184149184149184,0.4999665305576009,1.8369528004017224
lift,BNB011,validation,"(0.00206, 0.00399]",4357,86,4271,0.0197383520771172,2844,26764,0.9470529470529472,0.5971841042461566,1.585864292634581
lift,BNB011,validation,"(0.00112, 0.00206]",4600,58,4542,0.0126086956521739,2902,31364,0.9663669663669664,0.6998237276033648,1.3808719656825768
lift,BNB011,validation,"(0.000638, 0.00112]",4486,42,4444,0.0093624609897458,2944,35850,0.9803529803529804,0.7999196733382422,1.225564282300684
lift,BNB011,validation,"(0.000308, 0.000638]",4480,39,4441,0.0087053571428571,2983,40330,0.9933399933399932,0.8998817413035232,1.1038561488102774
lift,BNB011,validation,"(-0.0009573, 0.000308]",4487,20,4467,0.0044573211499888,3003,44817,1.0,1.0,1.0
lift,BNB012,train,"(0.909, 1.0]",10458,3738,6720,0.357429718875502,3738,10458,0.5335426777048244,0.1000066938884798,5.3350696534353235
lift,BNB012,train,"(0.485, 0.909]",10450,1197,9253,0.1145454545454545,4935,20908,0.7043962318013132,0.1999368861943331,3.523092938021749
lift,BNB012,train,"(0.215, 0.485]",10445,717,9728,0.0686452848252752,5652,31353,0.8067370825007136,0.2998192650110449,2.6907446473494447
lift,BNB012,train,"(0.0992, 0.215]",10448,462,9986,0.044218989280245,6114,41801,0.8726805595204111,0.3997303319212416,2.183173229126766
lift,BNB012,train,"(0.0526, 0.0992]",10483,293,10190,0.027950014308881,6407,52284,0.9145018555523836,0.4999760932554292,1.829091166335388
lift,BNB012,train,"(0.0274, 0.0526]",10453,233,10220,0.0222902516024107,6640,62737,0.9477590636597204,0.5999349736547674,1.5797696505106704
lift,BNB012,train,"(0.015, 0.0274]",10452,137,10315,0.0131075392269422,6777,73189,0.9673137310876392,0.6998842913562774,1.3821052180112818
lift,BNB012,train,"(0.00878, 0.015]",10458,97,10361,0.0092751960221839,6874,83647,0.9811590065658008,0.7998909852447572,1.2266159072483829
lift,BNB012,train,"(0.00423, 0.00878]",10465,78,10387,0.0074534161490683,6952,94112,0.9922923208678276,0.8999646180180353,1.1025903696671129
lift,BNB012,train,"(-0.000406, 0.00423]",10461,54,10407,0.0051620303986234,7006,104573,1.0,1.0,1.0
lift,BNB012,validation,"(0.909, 1.0]",4478,1624,2854,0.3626619026351049,1624,4478,0.5407925407925408,0.0999174420420822,5.412393769696137
lift,BNB012,validation,"(0.478, 0.909]",4486,513,3973,0.1143557735176103,2137,8964,0.7116217116217116,0.2000133877769596,3.5578703982318443
lift,BNB012,validation,"(0.216, 0.478]",4440,339,4101,0.0763513513513513,2476,13404,0.8245088245088245,0.2990829372782649,2.756789912564308
lift,BNB012,validation,"(0.101, 0.216]",4521,180,4341,0.039814200398142,2656,17925,0.8844488844488845,0.3999598366691211,2.2113442484990604
lift,BNB012,validation,"(0.0528, 0.101]",4482,102,4380,0.0227576974564926,2758,22407,0.9184149184149184,0.4999665305576009,1.8369528004017224
lift,BNB012,validation,"(0.028, 0.0528]",4357,86,4271,0.0197383520771172,2844,26764,0.9470529470529472,0.5971841042461566,1.585864292634581
lift,BNB012,validation,"(0.0154, 0.028]",4600,58,4542,0.0126086956521739,2902,31364,0.9663669663669664,0.6998237276033648,1.3808719656825768
lift,BNB012,validation,"(0.00882, 0.0154]",4486,42,4444,0.0093624609897458,2944,35850,0.9803529803529804,0.7999196733382422,1.225564282300684
lift,BNB012,validation,"(0.00427, 0.00882]",4480,39,4441,0.0087053571428571,2983,40330,0.9933399933399932,0.8998817413035232,1.1038561488102774
lift,BNB012,validation,"(-0.000406, 0.00427]",4487,20,4467,0.0044573211499888,3003,44817,1.0,1.0,1.0
lift,BNB013,train,"(0.417, 1.0]",10435,3738,6697,0.358217537134643,3738,10435,0.5335426777048244,0.0997867518384286,5.346828791147734
lift,BNB013,train,"(0.0632, 0.417]",10478,1197,9281,0.1142393586562321,4935,20913,0.7043962318013132,0.1999846996834747,3.5222506167531544
lift,BNB013,train,"(0.0192, 0.0632]",10459,718,9741,0.0686490104216464,5653,31372,0.8068798172994576,0.3000009562697828,2.689590817750101
lift,BNB013,train,"(0.00784, 0.0192]",10431,461,9970,0.0441951874221071,6114,41803,0.8726805595204111,0.3997494573168982,2.183068778573977
lift,BNB013,train,"(0.00397, 0.00784]",10478,294,10184,0.0280587898453903,6408,52281,0.9146445903511276,0.4999474051619443,1.82948162328166
lift,BNB013,train,"(0.00202, 0.00397]",10439,233,10206,0.0223201456078168,6641,62720,0.9479017984584642,0.5997724077916862,1.580435822228906
lift,BNB013,train,"(0.00109, 0.00202]",10468,136,10332,0.0129919755445166,6777,73188,0.9673137310876392,0.6998747286584491,1.382124102325896
lift,BNB013,train,"(0.000636, 0.00109]",10459,97,10362,0.0092743092073812,6874,83647,0.9811590065658008,0.7998909852447572,1.2266159072483829
lift,BNB013,train,"(0.000305, 0.000636]",10465,78,10387,0.0074534161490683,6952,94112,0.9922923208678276,0.8999646180180353,1.1025903696671129
lift,BNB013,train,"(-0.0009569, 0.000305]",10461,54,10407,0.0051620303986234,7006,104573,1.0,1.0,1.0
lift,BNB013,validation,"(0.417, 1.0]",4480,1624,2856,0.3625,1624,4480,0.5407925407925408,0.099962067965281,5.409977522477522
lift,BNB013,validation,"(0.0616, 0.417]",4483,513,3970,0.1144322997992415,2137,8963,0.7116217116217116,0.1999910748153602,3.5582673490739984
lift,BNB013,validation,"(0.0193, 0.0616]",4459,340,4119,0.0762502803319129,2477,13422,0.8248418248418249,0.299484570587054,2.754204743252575
lift,BNB013,validation,"(0.00801, 0.0193]",4505,179,4326,0.0397336293007769,2656,17927,0.8844488844488845,0.4000044625923198,2.211097543054926
lift,BNB013,validation,"(0.00399, 0.00801]",4479,102,4377,0.0227729403884795,2758,22406,0.9184149184149184,0.4999442175960015,1.8370347852629385
lift,BNB013,validation,"(0.00206, 0.00399]",4359,86,4273,0.0197292957100252,2844,26765,0.9470529470529472,0.597206417207756,1.5858050412132234
lift,BNB013,validation,"(0.00112, 0.00206]",4602,58,4544,0.0126032159930465,2902,31367,0.9663669663669664,0.699890666488163,1.380739896441111
lift,BNB013,validation,"(0.000639, 0.00112]",4484,42,4442,0.0093666369313113,2944,35851,0.9803529803529804,0.7999419862998416,1.2255300973607297
lift,BNB013,validation,"(0.000309, 0.000639]",4479,39,4440,0.0087073007367716,2983,40330,0.9933399933399932,0.8998817413035232,1.1038561488102774
lift,BNB013,validation,"(-0.0009569, 0.000309]",4487,20,4467,0.0044573211499888,3003,44817,1.0,1.0,1.0
lift,BNB014,train,"(0.909, 1.0]",10435,3738,6697,0.358217537134643,3738,10435,0.5335426777048244,0.0997867518384286,5.346828791147734
lift,BNB014,train,"(0.484, 0.909]",10478,1197,9281,0.1142393586562321,4935,20913,0.7043962318013132,0.1999846996834747,3.5222506167531544
lift,BNB014,train,"(0.214, 0.484]",10459,718,9741,0.0686490104216464,5653,31372,0.8068798172994576,0.3000009562697828,2.689590817750101
lift,BNB014,train,"(0.0991, 0.214]",10431,461,9970,0.0441951874221071,6114,41803,0.8726805595204111,0.3997494573168982,2.183068778573977
lift,BNB014,train,"(0.0526, 0.0991]",10478,294,10184,0.0280587898453903,6408,52281,0.9146445903511276,0.4999474051619443,1.82948162328166
lift,BNB014,train,"(0.0275, 0.0526]",10439,233,10206,0.0223201456078168,6641,62720,0.9479017984584642,0.5997724077916862,1.580435822228906
lift,BNB014,train,"(0.015, 0.0275]",10468,136,10332,0.0129919755445166,6777,73188,0.9673137310876392,0.6998747286584491,1.382124102325896
lift,BNB014,train,"(0.00879, 0.015]",10459,97,10362,0.0092743092073812,6874,83647,0.9811590065658008,0.7998909852447572,1.2266159072483829
lift,BNB014,train,"(0.00424, 0.00879]",10465,78,10387,0.0074534161490683,6952,94112,0.9922923208678276,0.8999646180180353,1.1025903696671129
lift,BNB014,train,"(-0.0004000000000000001, 0.00424]",10461,54,10407,0.0051620303986234,7006,104573,1.0,1.0,1.0
lift,BNB014,validation,"(0.909, 1.0]",4480,1624,2856,0.3625,1624,4480,0.5407925407925408,0.099962067965281,5.409977522477522
lift,BNB014,validation,"(0.478, 0.909]",4483,513,3970,0.1144322997992415,2137,8963,0.7116217116217116,0.1999910748153602,3.5582673490739984
lift,BNB014,validation,"(0.215, 0.478]",4459,340,4119,0.0762502803319129,2477,13422,0.8248418248418249,0.299484570587054,2.754204743252575
lift,BNB014,validation,"(0.101, 0.215]",4505,179,4326,0.0397336293007769,2656,17927,0.8844488844488845,0.4000044625923198,2.211097543054926
lift,BNB014,validation,"(0.0528, 0.101]",4479,102,4377,0.0227729403884795,2758,22406,0.9184149184149184,0.4999442175960015,1.8370347852629385
lift,BNB014,validation,"(0.028, 0.0528]",4359,86,4273,0.0197292957100252,2844,26765,0.9470529470529472,0.597206417207756,1.5858050412132234
lift,BNB014,validation,"(0.0154, 0.028]",4602,58,4544,0.0126032159930465,2902,31367,0.9663669663669664,0.699890666488163,1.380739896441111
lift,BNB014,validation,"(0.00883, 0.0154]",4484,42,4442,0.0093666369313113,2944,35851,0.9803529803529804,0.7999419862998416,1.2255300973607297
lift,BNB014,validation,"(0.00428, 0.00883]",4479,39,4440,0.0087073007367716,2983,40330,0.9933399933399932,0.8998817413035232,1.1038561488102774
lift,BNB014,validation,"(-0.0004000000000000001, 0.00428]",4487,20,4467,0.0044573211499888,3003,44817,1.0,1.0,1.0
lift,BNB015,train,"(0.415, 1.0]",10447,3742,6705,0.3581889537666315,3742,10447,0.5341136168998002,0.0999015042123683,5.346402149905504
lift,BNB015,train,"(0.0635, 0.415]",10466,1193,9273,0.1139881521115994,4935,20913,0.7043962318013132,0.1999846996834747,3.5222506167531544
lift,BNB015,train,"(0.0192, 0.0635]",10443,718,9725,0.0687541894091736,5653,31356,0.8068798172994576,0.2998479531045298,2.6909632330162068
lift,BNB015,train,"(0.00782, 0.0192]",10471,463,10008,0.0442173622385636,6116,41827,0.8729660291178989,0.3999789620647777,2.1825298625994223
lift,BNB015,train,"(0.00398, 0.00782]",10449,291,10158,0.0278495549813379,6407,52276,0.9145018555523836,0.4998995916728027,1.8293710792845552
lift,BNB015,train,"(0.00203, 0.00398]",10461,234,10227,0.0223687983940349,6641,62737,0.9479017984584642,0.5999349736547674,1.5800075676267114
lift,BNB015,train,"(0.00111, 0.00203]",10452,136,10316,0.0130118637581324,6777,73189,0.9673137310876392,0.6998842913562774,1.3821052180112818
lift,BNB015,train,"(0.000644, 0.00111]",10433,97,10336,0.0092974216428639,6874,83622,0.9811590065658008,0.7996519177990494,1.2269826217216222
lift,BNB015,train,"(0.000307, 0.000644]",10491,78,10413,0.0074349442379182,6952,94113,0.9922923208678276,0.8999741807158635,1.1025786540659774
lift,BNB015,train,"(-0.0009554, 0.000307]",10460,54,10406,0.0051625239005736,7006,104573,1.0,1.0,1.0
lift,BNB015,validation,"(0.417, 1.0]",4482,1624,2858,0.3623382418563141,1624,4482,0.5407925407925408,0.1000066938884798,5.407563431659818
lift,BNB015,validation,"(0.0619, 0.417]",4482,513,3969,0.1144578313253012,2137,8964,0.7116217116217116,0.2000133877769596,3.5578703982318443
lift,BNB015,validation,"(0.0192, 0.0619]",4475,341,4134,0.0762011173184357,2478,13439,0.8251748251748252,0.2998638909342437,2.751831247850297
lift,BNB015,validation,"(0.00803, 0.0192]",4486,178,4308,0.0396790013374944,2656,17925,0.8844488844488845,0.3999598366691211,2.2113442484990604
lift,BNB015,validation,"(0.00399, 0.00803]",4466,103,4363,0.0230631437527989,2759,22391,0.9187479187479188,0.4996095231720106,1.8389319581316368
lift,BNB015,validation,"(0.00206, 0.00399]",4412,85,4327,0.0192656391659111,2844,26803,0.9470529470529472,0.5980543097485329,1.5835567633500702
lift,BNB015,validation,"(0.00112, 0.00206]",4569,58,4511,0.0126942438170277,2902,31372,0.9663669663669664,0.7000022312961599,1.3805198371690786
lift,BNB015,validation,"(0.000644, 0.00112]",4479,42,4437,0.0093770931011386,2944,35851,0.9803529803529804,0.7999419862998416,1.2255300973607297
lift,BNB015,validation,"(0.000311, 0.000644]",4479,39,4440,0.0087073007367716,2983,40330,0.9933399933399932,0.8998817413035232,1.1038561488102774
lift,BNB015,validation,"(-0.0009554, 0.000311]",4487,20,4467,0.0044573211499888,3003,44817,1.0,1.0,1.0
lift,BNB016,train,"(0.908, 1.0]",10447,3742,6705,0.3581889537666315,3742,10447,0.5341136168998002,0.0999015042123683,5.346402149905504
lift,BNB016,train,"(0.486, 0.908]",10466,1193,9273,0.1139881521115994,4935,20913,0.7043962318013132,0.1999846996834747,3.5222506167531544
lift,BNB016,train,"(0.214, 0.486]",10443,718,9725,0.0687541894091736,5653,31356,0.8068798172994576,0.2998479531045298,2.6909632330162068
lift,BNB016,train,"(0.0989, 0.214]",10471,463,10008,0.0442173622385636,6116,41827,0.8729660291178989,0.3999789620647777,2.1825298625994223
lift,BNB016,train,"(0.0527, 0.0989]",10449,291,10158,0.0278495549813379,6407,52276,0.9145018555523836,0.4998995916728027,1.8293710792845552
lift,BNB016,train,"(0.0275, 0.0527]",10461,234,10227,0.0223687983940349,6641,62737,0.9479017984584642,0.5999349736547674,1.5800075676267114
lift,BNB016,train,"(0.0152, 0.0275]",10452,136,10316,0.0130118637581324,6777,73189,0.9673137310876392,0.6998842913562774,1.3821052180112818
lift,BNB016,train,"(0.0089, 0.0152]",10433,97,10336,0.0092974216428639,6874,83622,0.9811590065658008,0.7996519177990494,1.2269826217216222
lift,BNB016,train,"(0.00426, 0.0089]",10491,78,10413,0.0074349442379182,6952,94113,0.9922923208678276,0.8999741807158635,1.1025786540659774
lift,BNB016,train,"(-0.00038, 0.00426]",10460,54,10406,0.0051625239005736,7006,104573,1.0,1.0,1.0
lift,BNB016,validation,"(0.909, 1.0]",4482,1624,2858,0.3623382418563141,1624,4482,0.5407925407925408,0.1000066938884798,5.407563431659818
lift,BNB016,validation,"(0.479, 0.909]",4482,513,3969,0.1144578313253012,2137,8964,0.7116217116217116,0.2000133877769596,3.5578703982318443
lift,BNB016,validation,"(0.214, 0.479]",4475,341,4134,0.0762011173184357,2478,13439,0.8251748251748252,0.2998638909342437,2.751831247850297
lift,BNB016,validation,"(0.101, 0.214]",4486,178,4308,0.0396790013374944,2656,17925,0.8844488844488845,0.3999598366691211,2.2113442484990604
lift,BNB016,validation,"(0.0528, 0.101]",4466,103,4363,0.0230631437527989,2759,22391,0.9187479187479188,0.4996095231720106,1.8389319581316368
lift,BNB016,validation,"(0.0279, 0.0528]",4412,85,4327,0.0192656391659111,2844,26803,0.9470529470529472,0.5980543097485329,1.5835567633500702
lift,BNB016,validation,"(0.0154, 0.0279]",4569,58,4511,0.0126942438170277,2902,31372,0.9663669663669664,0.7000022312961599,1.3805198371690786
lift,BNB016,validation,"(0.0089, 0.0154]",4479,42,4437,0.0093770931011386,2944,35851,0.9803529803529804,0.7999419862998416,1.2255300973607297
lift,BNB016,validation,"(0.00431, 0.0089]",4479,39,4440,0.0087073007367716,2983,40330,0.9933399933399932,0.8998817413035232,1.1038561488102774
lift,BNB016,validation,"(-0.00038, 0.00431]",4487,20,4467,0.0044573211499888,3003,44817,1.0,1.0,1.0
lift,BNB017,train,"(0.413, 1.0]",10458,3744,6714,0.3580034423407917,3744,10458,0.5343990864972881,0.1000066938884798,5.343633168127836
lift,BNB017,train,"(0.0633, 0.413]",10438,1188,9250,0.1138149070703199,4932,20896,0.7039680274050814,0.1998221338203934,3.522973225968203
lift,BNB017,train,"(0.019, 0.0633]",10400,712,9688,0.0684615384615384,5644,31296,0.8055952041107622,0.2992741912348312,2.6918298593901695
lift,BNB017,train,"(0.00783, 0.019]",10505,473,10032,0.0450261780104712,6117,41801,0.8731087639166428,0.3997303319212416,2.184244462310832
lift,BNB017,train,"(0.00397, 0.00783]",10456,288,10168,0.0275439938791124,6405,52257,0.9142163859548958,0.4997179004140648,1.829464954522099
lift,BNB017,train,"(0.00204, 0.00397]",10487,236,10251,0.0225040526365976,6641,62744,0.9479017984584642,0.6000019125395657,1.5798312949476758
lift,BNB017,train,"(0.00111, 0.00204]",10437,135,10302,0.0129347513653348,6776,73181,0.9671709962888952,0.699807789773651,1.3820523441182635
lift,BNB017,train,"(0.000654, 0.00111]",10353,98,10255,0.0094658553076402,6874,83534,0.9811590065658008,0.798810400390158,1.2282752028348396
lift,BNB017,train,"(0.00031, 0.000654]",10581,78,10503,0.0073717039977317,6952,94115,0.9922923208678276,0.8999933061115202,1.1025552236105969
lift,BNB017,train,"(-0.0009530000000000001, 0.00031]",10458,54,10404,0.0051635111876075,7006,104573,1.0,1.0,1.0
lift,BNB017,validation,"(0.414, 1.0]",4482,1625,2857,0.3625613565372601,1625,4482,0.5411255411255411,0.1000066938884798,5.410893212098031
lift,BNB017,validation,"(0.0616, 0.414]",4482,513,3969,0.1144578313253012,2138,8964,0.7119547119547119,0.2000133877769596,3.5595352884509515
lift,BNB017,validation,"(0.0192, 0.0616]",4481,340,4141,0.0758759205534478,2478,13445,0.8251748251748252,0.29999776870384,2.7506032086173406
lift,BNB017,validation,"(0.00795, 0.0192]",4479,178,4301,0.0397410136191114,2656,17924,0.8844488844488845,0.3999375237075217,2.211467621867086
lift,BNB017,validation,"(0.00397, 0.00795]",4476,101,4375,0.0225647899910634,2757,22400,0.918081918081918,0.4998103398264051,1.8368605947623804
lift,BNB017,validation,"(0.00205, 0.00397]",4432,87,4345,0.0196299638989169,2844,26832,0.9470529470529472,0.5987013856349154,1.5818452567110886
lift,BNB017,validation,"(0.00113, 0.00205]",4536,60,4476,0.0132275132275132,2904,31368,0.967032967032967,0.6999129794497624,1.3816474267889722
lift,BNB017,validation,"(0.000654, 0.00113]",4431,40,4391,0.0090273076055066,2944,35799,0.9803529803529804,0.7987817122966732,1.2273102466683292
lift,BNB017,validation,"(0.000312, 0.000654]",4533,39,4494,0.0086035737921906,2983,40332,0.9933399933399932,0.899926367226722,1.1038014103322047
lift,BNB017,validation,"(-0.0009530000000000001, 0.000312]",4485,20,4465,0.0044593088071348,3003,44817,1.0,1.0,1.0
lift,BNB018,train,"(0.907, 1.0]",10458,3744,6714,0.3580034423407917,3744,10458,0.5343990864972881,0.1000066938884798,5.343633168127836
lift,BNB018,train,"(0.485, 0.907]",10438,1188,9250,0.1138149070703199,4932,20896,0.7039680274050814,0.1998221338203934,3.522973225968203
lift,BNB018,train,"(0.213, 0.485]",10400,712,9688,0.0684615384615384,5644,31296,0.8055952041107622,0.2992741912348312,2.6918298593901695
lift,BNB018,train,"(0.0991, 0.213]",10505,473,10032,0.0450261780104712,6117,41801,0.8731087639166428,0.3997303319212416,2.184244462310832
lift,BNB018,train,"(0.0525, 0.0991]",10456,288,10168,0.0275439938791124,6405,52257,0.9142163859548958,0.4997179004140648,1.829464954522099
lift,BNB018,train,"(0.0277, 0.0525]",10487,236,10251,0.0225040526365976,6641,62744,0.9479017984584642,0.6000019125395657,1.5798312949476758
lift,BNB018,train,"(0.0153, 0.0277]",10437,135,10302,0.0129347513653348,6776,73181,0.9671709962888952,0.699807789773651,1.3820523441182635
lift,BNB018,train,"(0.00903, 0.0153]",10353,98,10255,0.0094658553076402,6874,83534,0.9811590065658008,0.798810400390158,1.2282752028348396
lift,BNB018,train,"(0.0043, 0.00903]",10581,78,10503,0.0073717039977317,6952,94115,0.9922923208678276,0.8999933061115202,1.1025552236105969
lift,BNB018,train,"(-0.00034600000000000006, 0.0043]",10458,54,10404,0.0051635111876075,7006,104573,1.0,1.0,1.0
lift,BNB018,validation,"(0.908, 1.0]",4482,1625,2857,0.3625613565372601,1625,4482,0.5411255411255411,0.1000066938884798,5.410893212098031
lift,BNB018,validation,"(0.478, 0.908]",4482,513,3969,0.1144578313253012,2138,8964,0.7119547119547119,0.2000133877769596,3.5595352884509515
lift,BNB018,validation,"(0.214, 0.478]",4481,340,4141,0.0758759205534478,2478,13445,0.8251748251748252,0.29999776870384,2.7506032086173406
lift,BNB018,validation,"(0.1, 0.214]",4479,178,4301,0.0397410136191114,2656,17924,0.8844488844488845,0.3999375237075217,2.211467621867086
lift,BNB018,validation,"(0.0526, 0.1]",4476,101,4375,0.0225647899910634,2757,22400,0.918081918081918,0.4998103398264051,1.8368605947623804
lift,BNB018,validation,"(0.0278, 0.0526]",4432,87,4345,0.0196299638989169,2844,26832,0.9470529470529472,0.5987013856349154,1.5818452567110886
lift,BNB018,validation,"(0.0154, 0.0278]",4536,60,4476,0.0132275132275132,2904,31368,0.967032967032967,0.6999129794497624,1.3816474267889722
lift,BNB018,validation,"(0.00903, 0.0154]",4431,40,4391,0.0090273076055066,2944,35799,0.9803529803529804,0.7987817122966732,1.2273102466683292
lift,BNB018,validation,"(0.00433, 0.00903]",4533,39,4494,0.0086035737921906,2983,40332,0.9933399933399932,0.899926367226722,1.1038014103322047
lift,BNB018,validation,"(-0.00034600000000000006, 0.00433]",4485,20,4465,0.0044593088071348,3003,44817,1.0,1.0,1.0
lift,WGNB001,train,"(0.646, 1.0]",10458,3651,6807,0.3491107286288009,3651,10458,0.5211247502141022,0.1000066938884798,5.210898690393891
lift,WGNB001,train,"(0.025, 0.646]",10456,1280,9176,0.1224177505738332,4931,20914,0.7038252926063374,0.199994262381303,3.5192274229569915
lift,WGNB001,train,"(0.00786, 0.025]",10458,727,9731,0.0695161598776056,5658,31372,0.8075934912931773,0.3000009562697828,2.691969723479581
lift,WGNB001,train,"(0.00314, 0.00786]",10307,421,9886,0.0408460269719608,6079,41679,0.8676848415643734,0.3985636827861876,2.177029365793594
lift,WGNB001,train,"(0.00168, 0.00314]",10603,278,10325,0.0262189946241629,6357,52282,0.907365115615187,0.4999569678597726,1.8148864281249175
lift,WGNB001,train,"(0.000939, 0.00168]",10458,200,10258,0.0191241155096576,6557,62740,0.9359120753639736,0.5999636617482524,1.5599479352412626
lift,WGNB001,train,"(0.00049, 0.000939]",10316,161,10155,0.0156068243505234,6718,73056,0.9588923779617472,0.6986124525451121,1.3725669710987978
lift,WGNB001,train,"(0.000212, 0.00049]",10588,118,10470,0.0111446921042689,6836,83644,0.9757350842135312,0.7998622971512723,1.219878831254622
lift,WGNB001,train,"(8.55e-05, 0.000212]",10469,69,10400,0.0065908873817938,6905,94113,0.9855837853268626,0.8999741807158635,1.0951245118419983
lift,WGNB001,train,"(-0.0009999991, 8.55e-05]",10460,101,10359,0.0096558317399617,7006,104573,1.0,1.0,1.0
lift,WGNB001,validation,"(0.673, 1.0]",4482,1559,2923,0.3478357875948237,1559,4482,0.5191475191475191,0.1000066938884798,5.191127703175896
lift,WGNB001,validation,"(0.0255, 0.673]",4258,562,3696,0.13198684828558,2121,8740,0.7062937062937062,0.1950152843786955,3.621735129858699
lift,WGNB001,validation,"(0.00795, 0.0255]",4703,322,4381,0.0684669359982989,2443,13443,0.8135198135198135,0.2999531427806413,2.712156325412295
lift,WGNB001,validation,"(0.00316, 0.00795]",4480,196,4284,0.04375,2639,17923,0.8787878787878788,0.3999152107459223,2.1974354942608025
lift,WGNB001,validation,"(0.00169, 0.00316]",4479,107,4372,0.0238892609957579,2746,22402,0.9144189144189144,0.4998549657496039,1.8293684710076104
lift,WGNB001,validation,"(0.00094, 0.00169]",4435,72,4363,0.0162344983089064,2818,26837,0.9383949383949384,0.5988129504429123,1.5670919236146348
lift,WGNB001,validation,"(0.000501, 0.00094]",4531,60,4471,0.0132421099095122,2878,31368,0.9583749583749585,0.6999129794497624,1.3692773051992635
lift,WGNB001,validation,"(0.000213, 0.000501]",4361,53,4308,0.0121531758770924,2931,35729,0.976023976023976,0.7972198049847157,1.2242846576581077
lift,WGNB001,validation,"(8.55e-05, 0.000213]",4595,30,4565,0.0065288356909684,2961,40324,0.986013986013986,0.8997478635339269,1.0958781076080948
lift,WGNB001,validation,"(-0.0009999991, 8.55e-05]",4493,42,4451,0.0093478744713999,3003,44817,1.0,1.0,1.0
lift,WGNB002,train,"(0.646, 1.0]",10458,3651,6807,0.3491107286288009,3651,10458,0.5211247502141022,0.1000066938884798,5.210898690393891
lift,WGNB002,train,"(0.025, 0.646]",10456,1280,9176,0.1224177505738332,4931,20914,0.7038252926063374,0.199994262381303,3.5192274229569915
lift,WGNB002,train,"(0.00786, 0.025]",10458,727,9731,0.0695161598776056,5658,31372,0.8075934912931773,0.3000009562697828,2.691969723479581
lift,WGNB002,train,"(0.00314, 0.00786]",10307,421,9886,0.0408460269719608,6079,41679,0.8676848415643734,0.3985636827861876,2.177029365793594
lift,WGNB002,train,"(0.00168, 0.00314]",10603,278,10325,0.0262189946241629,6357,52282,0.907365115615187,0.4999569678597726,1.8148864281249175
lift,WGNB002,train,"(0.000939, 0.00168]",10458,200,10258,0.0191241155096576,6557,62740,0.9359120753639736,0.5999636617482524,1.5599479352412626
lift,WGNB002,train,"(0.00049, 0.000939]",10316,161,10155,0.0156068243505234,6718,73056,0.9588923779617472,0.6986124525451121,1.3725669710987978
lift,WGNB002,train,"(0.000212, 0.00049]",10588,118,10470,0.0111446921042689,6836,83644,0.9757350842135312,0.7998622971512723,1.219878831254622
lift,WGNB002,train,"(8.55e-05, 0.000212]",10469,69,10400,0.0065908873817938,6905,94113,0.9855837853268626,0.8999741807158635,1.0951245118419983
lift,WGNB002,train,"(-0.0009999991, 8.55e-05]",10460,101,10359,0.0096558317399617,7006,104573,1.0,1.0,1.0
lift,WGNB002,validation,"(0.673, 1.0]",4482,1559,2923,0.3478357875948237,1559,4482,0.5191475191475191,0.1000066938884798,5.191127703175896
lift,WGNB002,validation,"(0.0255, 0.673]",4258,562,3696,0.13198684828558,2121,8740,0.7062937062937062,0.1950152843786955,3.621735129858699
lift,WGNB002,validation,"(0.00795, 0.0255]",4703,322,4381,0.0684669359982989,2443,13443,0.8135198135198135,0.2999531427806413,2.712156325412295
lift,WGNB002,validation,"(0.00316, 0.00795]",4480,196,4284,0.04375,2639,17923,0.8787878787878788,0.3999152107459223,2.1974354942608025
lift,WGNB002,validation,"(0.00169, 0.00316]",4479,107,4372,0.0238892609957579,2746,22402,0.9144189144189144,0.4998549657496039,1.8293684710076104
lift,WGNB002,validation,"(0.00094, 0.00169]",4435,72,4363,0.0162344983089064,2818,26837,0.9383949383949384,0.5988129504429123,1.5670919236146348
lift,WGNB002,validation,"(0.000501, 0.00094]",4531,60,4471,0.0132421099095122,2878,31368,0.9583749583749585,0.6999129794497624,1.3692773051992635
lift,WGNB002,validation,"(0.000213, 0.000501]",4361,53,4308,0.0121531758770924,2931,35729,0.976023976023976,0.7972198049847157,1.2242846576581077
lift,WGNB002,validation,"(8.55e-05, 0.000213]",4595,30,4565,0.0065288356909684,2961,40324,0.986013986013986,0.8997478635339269,1.0958781076080948
lift,WGNB002,validation,"(-0.0009999991, 8.55e-05]",4493,42,4451,0.0093478744713999,3003,44817,1.0,1.0,1.0
lift,WGNB003,train,"(0.646, 1.0]",10458,3651,6807,0.3491107286288009,3651,10458,0.5211247502141022,0.1000066938884798,5.210898690393891
lift,WGNB003,train,"(0.025, 0.646]",10456,1280,9176,0.1224177505738332,4931,20914,0.7038252926063374,0.199994262381303,3.5192274229569915
lift,WGNB003,train,"(0.00786, 0.025]",10458,727,9731,0.0695161598776056,5658,31372,0.8075934912931773,0.3000009562697828,2.691969723479581
lift,WGNB003,train,"(0.00314, 0.00786]",10307,421,9886,0.0408460269719608,6079,41679,0.8676848415643734,0.3985636827861876,2.177029365793594
lift,WGNB003,train,"(0.00168, 0.00314]",10603,278,10325,0.0262189946241629,6357,52282,0.907365115615187,0.4999569678597726,1.8148864281249175
lift,WGNB003,train,"(0.000939, 0.00168]",10458,200,10258,0.0191241155096576,6557,62740,0.9359120753639736,0.5999636617482524,1.5599479352412626
lift,WGNB003,train,"(0.00049, 0.000939]",10316,161,10155,0.0156068243505234,6718,73056,0.9588923779617472,0.6986124525451121,1.3725669710987978
lift,WGNB003,train,"(0.000212, 0.00049]",10588,118,10470,0.0111446921042689,6836,83644,0.9757350842135312,0.7998622971512723,1.219878831254622
lift,WGNB003,train,"(8.55e-05, 0.000212]",10469,69,10400,0.0065908873817938,6905,94113,0.9855837853268626,0.8999741807158635,1.0951245118419983
lift,WGNB003,train,"(-0.0009999991, 8.55e-05]",10460,101,10359,0.0096558317399617,7006,104573,1.0,1.0,1.0
lift,WGNB003,validation,"(0.673, 1.0]",4482,1559,2923,0.3478357875948237,1559,4482,0.5191475191475191,0.1000066938884798,5.191127703175896
lift,WGNB003,validation,"(0.0255, 0.673]",4258,562,3696,0.13198684828558,2121,8740,0.7062937062937062,0.1950152843786955,3.621735129858699
lift,WGNB003,validation,"(0.00795, 0.0255]",4703,322,4381,0.0684669359982989,2443,13443,0.8135198135198135,0.2999531427806413,2.712156325412295
lift,WGNB003,validation,"(0.00316, 0.00795]",4480,196,4284,0.04375,2639,17923,0.8787878787878788,0.3999152107459223,2.1974354942608025
lift,WGNB003,validation,"(0.00169, 0.00316]",4479,107,4372,0.0238892609957579,2746,22402,0.9144189144189144,0.4998549657496039,1.8293684710076104
lift,WGNB003,validation,"(0.00094, 0.00169]",4435,72,4363,0.0162344983089064,2818,26837,0.9383949383949384,0.5988129504429123,1.5670919236146348
lift,WGNB003,validation,"(0.000501, 0.00094]",4531,60,4471,0.0132421099095122,2878,31368,0.9583749583749585,0.6999129794497624,1.3692773051992635
lift,WGNB003,validation,"(0.000213, 0.000501]",4361,53,4308,0.0121531758770924,2931,35729,0.976023976023976,0.7972198049847157,1.2242846576581077
lift,WGNB003,validation,"(8.55e-05, 0.000213]",4595,30,4565,0.0065288356909684,2961,40324,0.986013986013986,0.8997478635339269,1.0958781076080948
lift,WGNB003,validation,"(-0.0009999991, 8.55e-05]",4493,42,4451,0.0093478744713999,3003,44817,1.0,1.0,1.0
lift,WGNB004,train,"(0.646, 1.0]",10458,3651,6807,0.3491107286288009,3651,10458,0.5211247502141022,0.1000066938884798,5.210898690393891
lift,WGNB004,train,"(0.025, 0.646]",10456,1280,9176,0.1224177505738332,4931,20914,0.7038252926063374,0.199994262381303,3.5192274229569915
lift,WGNB004,train,"(0.00786, 0.025]",10458,727,9731,0.0695161598776056,5658,31372,0.8075934912931773,0.3000009562697828,2.691969723479581
lift,WGNB004,train,"(0.00314, 0.00786]",10307,421,9886,0.0408460269719608,6079,41679,0.8676848415643734,0.3985636827861876,2.177029365793594
lift,WGNB004,train,"(0.00168, 0.00314]",10603,278,10325,0.0262189946241629,6357,52282,0.907365115615187,0.4999569678597726,1.8148864281249175
lift,WGNB004,train,"(0.000939, 0.00168]",10458,200,10258,0.0191241155096576,6557,62740,0.9359120753639736,0.5999636617482524,1.5599479352412626
lift,WGNB004,train,"(0.00049, 0.000939]",10316,161,10155,0.0156068243505234,6718,73056,0.9588923779617472,0.6986124525451121,1.3725669710987978
lift,WGNB004,train,"(0.000212, 0.00049]",10588,118,10470,0.0111446921042689,6836,83644,0.9757350842135312,0.7998622971512723,1.219878831254622
lift,WGNB004,train,"(8.55e-05, 0.000212]",10469,69,10400,0.0065908873817938,6905,94113,0.9855837853268626,0.8999741807158635,1.0951245118419983
lift,WGNB004,train,"(-0.0009999991, 8.55e-05]",10460,101,10359,0.0096558317399617,7006,104573,1.0,1.0,1.0
lift,WGNB004,validation,"(0.673, 1.0]",4482,1559,2923,0.3478357875948237,1559,4482,0.5191475191475191,0.1000066938884798,5.191127703175896
lift,WGNB004,validation,"(0.0255, 0.673]",4258,562,3696,0.13198684828558,2121,8740,0.7062937062937062,0.1950152843786955,3.621735129858699
lift,WGNB004,validation,"(0.00795, 0.0255]",4703,322,4381,0.0684669359982989,2443,13443,0.8135198135198135,0.2999531427806413,2.712156325412295
lift,WGNB004,validation,"(0.00316, 0.00795]",4480,196,4284,0.04375,2639,17923,0.8787878787878788,0.3999152107459223,2.1974354942608025
lift,WGNB004,validation,"(0.00169, 0.00316]",4479,107,4372,0.0238892609957579,2746,22402,0.9144189144189144,0.4998549657496039,1.8293684710076104
lift,WGNB004,validation,"(0.00094, 0.00169]",4435,72,4363,0.0162344983089064,2818,26837,0.9383949383949384,0.5988129504429123,1.5670919236146348
lift,WGNB004,validation,"(0.000501, 0.00094]",4531,60,4471,0.0132421099095122,2878,31368,0.9583749583749585,0.6999129794497624,1.3692773051992635
lift,WGNB004,validation,"(0.000213, 0.000501]",4361,53,4308,0.0121531758770924,2931,35729,0.976023976023976,0.7972198049847157,1.2242846576581077
lift,WGNB004,validation,"(8.55e-05, 0.000213]",4595,30,4565,0.0065288356909684,2961,40324,0.986013986013986,0.8997478635339269,1.0958781076080948
lift,WGNB004,validation,"(-0.0009999991, 8.55e-05]",4493,42,4451,0.0093478744713999,3003,44817,1.0,1.0,1.0
lift,WGNB005,train,"(0.646, 1.0]",10458,3651,6807,0.3491107286288009,3651,10458,0.5211247502141022,0.1000066938884798,5.210898690393891
lift,WGNB005,train,"(0.025, 0.646]",10456,1280,9176,0.1224177505738332,4931,20914,0.7038252926063374,0.199994262381303,3.5192274229569915
lift,WGNB005,train,"(0.00786, 0.025]",10458,727,9731,0.0695161598776056,5658,31372,0.8075934912931773,0.3000009562697828,2.691969723479581
lift,WGNB005,train,"(0.00314, 0.00786]",10307,421,9886,0.0408460269719608,6079,41679,0.8676848415643734,0.3985636827861876,2.177029365793594
lift,WGNB005,train,"(0.00168, 0.00314]",10603,278,10325,0.0262189946241629,6357,52282,0.907365115615187,0.4999569678597726,1.8148864281249175
lift,WGNB005,train,"(0.000939, 0.00168]",10458,200,10258,0.0191241155096576,6557,62740,0.9359120753639736,0.5999636617482524,1.5599479352412626
lift,WGNB005,train,"(0.00049, 0.000939]",10316,161,10155,0.0156068243505234,6718,73056,0.9588923779617472,0.6986124525451121,1.3725669710987978
lift,WGNB005,train,"(0.000212, 0.00049]",10588,118,10470,0.0111446921042689,6836,83644,0.9757350842135312,0.7998622971512723,1.219878831254622
lift,WGNB005,train,"(8.55e-05, 0.000212]",10469,69,10400,0.0065908873817938,6905,94113,0.9855837853268626,0.8999741807158635,1.0951245118419983
lift,WGNB005,train,"(-0.0009999991, 8.55e-05]",10460,101,10359,0.0096558317399617,7006,104573,1.0,1.0,1.0
lift,WGNB005,validation,"(0.673, 1.0]",4482,1559,2923,0.3478357875948237,1559,4482,0.5191475191475191,0.1000066938884798,5.191127703175896
lift,WGNB005,validation,"(0.0255, 0.673]",4258,562,3696,0.13198684828558,2121,8740,0.7062937062937062,0.1950152843786955,3.621735129858699
lift,WGNB005,validation,"(0.00795, 0.0255]",4703,322,4381,0.0684669359982989,2443,13443,0.8135198135198135,0.2999531427806413,2.712156325412295
lift,WGNB005,validation,"(0.00316, 0.00795]",4480,196,4284,0.04375,2639,17923,0.8787878787878788,0.3999152107459223,2.1974354942608025
lift,WGNB005,validation,"(0.00169, 0.00316]",4479,107,4372,0.0238892609957579,2746,22402,0.9144189144189144,0.4998549657496039,1.8293684710076104
lift,WGNB005,validation,"(0.00094, 0.00169]",4435,72,4363,0.0162344983089064,2818,26837,0.9383949383949384,0.5988129504429123,1.5670919236146348
lift,WGNB005,validation,"(0.000501, 0.00094]",4531,60,4471,0.0132421099095122,2878,31368,0.9583749583749585,0.6999129794497624,1.3692773051992635
lift,WGNB005,validation,"(0.000213, 0.000501]",4361,53,4308,0.0121531758770924,2931,35729,0.976023976023976,0.7972198049847157,1.2242846576581077
lift,WGNB005,validation,"(8.55e-05, 0.000213]",4595,30,4565,0.0065288356909684,2961,40324,0.986013986013986,0.8997478635339269,1.0958781076080948
lift,WGNB005,validation,"(-0.0009999991, 8.55e-05]",4493,42,4451,0.0093478744713999,3003,44817,1.0,1.0,1.0
lift,WGNB006,train,"(0.646, 1.0]",10458,3651,6807,0.3491107286288009,3651,10458,0.5211247502141022,0.1000066938884798,5.210898690393891
lift,WGNB006,train,"(0.025, 0.646]",10456,1280,9176,0.1224177505738332,4931,20914,0.7038252926063374,0.199994262381303,3.5192274229569915
lift,WGNB006,train,"(0.00786, 0.025]",10458,727,9731,0.0695161598776056,5658,31372,0.8075934912931773,0.3000009562697828,2.691969723479581
lift,WGNB006,train,"(0.00314, 0.00786]",10307,421,9886,0.0408460269719608,6079,41679,0.8676848415643734,0.3985636827861876,2.177029365793594
lift,WGNB006,train,"(0.00168, 0.00314]",10603,278,10325,0.0262189946241629,6357,52282,0.907365115615187,0.4999569678597726,1.8148864281249175
lift,WGNB006,train,"(0.000939, 0.00168]",10458,200,10258,0.0191241155096576,6557,62740,0.9359120753639736,0.5999636617482524,1.5599479352412626
lift,WGNB006,train,"(0.00049, 0.000939]",10316,161,10155,0.0156068243505234,6718,73056,0.9588923779617472,0.6986124525451121,1.3725669710987978
lift,WGNB006,train,"(0.000212, 0.00049]",10588,118,10470,0.0111446921042689,6836,83644,0.9757350842135312,0.7998622971512723,1.219878831254622
lift,WGNB006,train,"(8.55e-05, 0.000212]",10469,69,10400,0.0065908873817938,6905,94113,0.9855837853268626,0.8999741807158635,1.0951245118419983
lift,WGNB006,train,"(-0.0009999991, 8.55e-05]",10460,101,10359,0.0096558317399617,7006,104573,1.0,1.0,1.0
lift,WGNB006,validation,"(0.673, 1.0]",4482,1559,2923,0.3478357875948237,1559,4482,0.5191475191475191,0.1000066938884798,5.191127703175896
lift,WGNB006,validation,"(0.0255, 0.673]",4258,562,3696,0.13198684828558,2121,8740,0.7062937062937062,0.1950152843786955,3.621735129858699
lift,WGNB006,validation,"(0.00795, 0.0255]",4703,322,4381,0.0684669359982989,2443,13443,0.8135198135198135,0.2999531427806413,2.712156325412295
lift,WGNB006,validation,"(0.00316, 0.00795]",4480,196,4284,0.04375,2639,17923,0.8787878787878788,0.3999152107459223,2.1974354942608025
lift,WGNB006,validation,"(0.00169, 0.00316]",4479,107,4372,0.0238892609957579,2746,22402,0.9144189144189144,0.4998549657496039,1.8293684710076104
lift,WGNB006,validation,"(0.00094, 0.00169]",4435,72,4363,0.0162344983089064,2818,26837,0.9383949383949384,0.5988129504429123,1.5670919236146348
lift,WGNB006,validation,"(0.000501, 0.00094]",4531,60,4471,0.0132421099095122,2878,31368,0.9583749583749585,0.6999129794497624,1.3692773051992635
lift,WGNB006,validation,"(0.000213, 0.000501]",4361,53,4308,0.0121531758770924,2931,35729,0.976023976023976,0.7972198049847157,1.2242846576581077
lift,WGNB006,validation,"(8.55e-05, 0.000213]",4595,30,4565,0.0065288356909684,2961,40324,0.986013986013986,0.8997478635339269,1.0958781076080948
lift,WGNB006,validation,"(-0.0009999991, 8.55e-05]",4493,42,4451,0.0093478744713999,3003,44817,1.0,1.0,1.0
lift,WGNB007,train,"(0.646, 1.0]",10458,3651,6807,0.3491107286288009,3651,10458,0.5211247502141022,0.1000066938884798,5.210898690393891
lift,WGNB007,train,"(0.025, 0.646]",10456,1280,9176,0.1224177505738332,4931,20914,0.7038252926063374,0.199994262381303,3.5192274229569915
lift,WGNB007,train,"(0.00786, 0.025]",10458,727,9731,0.0695161598776056,5658,31372,0.8075934912931773,0.3000009562697828,2.691969723479581
lift,WGNB007,train,"(0.00314, 0.00786]",10307,421,9886,0.0408460269719608,6079,41679,0.8676848415643734,0.3985636827861876,2.177029365793594
lift,WGNB007,train,"(0.00168, 0.00314]",10603,278,10325,0.0262189946241629,6357,52282,0.907365115615187,0.4999569678597726,1.8148864281249175
lift,WGNB007,train,"(0.000939, 0.00168]",10458,200,10258,0.0191241155096576,6557,62740,0.9359120753639736,0.5999636617482524,1.5599479352412626
lift,WGNB007,train,"(0.00049, 0.000939]",10316,161,10155,0.0156068243505234,6718,73056,0.9588923779617472,0.6986124525451121,1.3725669710987978
lift,WGNB007,train,"(0.000212, 0.00049]",10588,118,10470,0.0111446921042689,6836,83644,0.9757350842135312,0.7998622971512723,1.219878831254622
lift,WGNB007,train,"(8.55e-05, 0.000212]",10469,69,10400,0.0065908873817938,6905,94113,0.9855837853268626,0.8999741807158635,1.0951245118419983
lift,WGNB007,train,"(-0.0009999991, 8.55e-05]",10460,101,10359,0.0096558317399617,7006,104573,1.0,1.0,1.0
lift,WGNB007,validation,"(0.673, 1.0]",4482,1559,2923,0.3478357875948237,1559,4482,0.5191475191475191,0.1000066938884798,5.191127703175896
lift,WGNB007,validation,"(0.0255, 0.673]",4258,562,3696,0.13198684828558,2121,8740,0.7062937062937062,0.1950152843786955,3.621735129858699
lift,WGNB007,validation,"(0.00795, 0.0255]",4703,322,4381,0.0684669359982989,2443,13443,0.8135198135198135,0.2999531427806413,2.712156325412295
lift,WGNB007,validation,"(0.00316, 0.00795]",4480,196,4284,0.04375,2639,17923,0.8787878787878788,0.3999152107459223,2.1974354942608025
lift,WGNB007,validation,"(0.00169, 0.00316]",4479,107,4372,0.0238892609957579,2746,22402,0.9144189144189144,0.4998549657496039,1.8293684710076104
lift,WGNB007,validation,"(0.00094, 0.00169]",4435,72,4363,0.0162344983089064,2818,26837,0.9383949383949384,0.5988129504429123,1.5670919236146348
lift,WGNB007,validation,"(0.000501, 0.00094]",4531,60,4471,0.0132421099095122,2878,31368,0.9583749583749585,0.6999129794497624,1.3692773051992635
lift,WGNB007,validation,"(0.000213, 0.000501]",4361,53,4308,0.0121531758770924,2931,35729,0.976023976023976,0.7972198049847157,1.2242846576581077
lift,WGNB007,validation,"(8.55e-05, 0.000213]",4595,30,4565,0.0065288356909684,2961,40324,0.986013986013986,0.8997478635339269,1.0958781076080948
lift,WGNB007,validation,"(-0.0009999991, 8.55e-05]",4493,42,4451,0.0093478744713999,3003,44817,1.0,1.0,1.0
lift,WGNB008,train,"(0.646, 1.0]",10458,3651,6807,0.3491107286288009,3651,10458,0.5211247502141022,0.1000066938884798,5.210898690393891
lift,WGNB008,train,"(0.025, 0.646]",10456,1280,9176,0.1224177505738332,4931,20914,0.7038252926063374,0.199994262381303,3.5192274229569915
lift,WGNB008,train,"(0.00786, 0.025]",10458,727,9731,0.0695161598776056,5658,31372,0.8075934912931773,0.3000009562697828,2.691969723479581
lift,WGNB008,train,"(0.00314, 0.00786]",10307,421,9886,0.0408460269719608,6079,41679,0.8676848415643734,0.3985636827861876,2.177029365793594
lift,WGNB008,train,"(0.00168, 0.00314]",10603,278,10325,0.0262189946241629,6357,52282,0.907365115615187,0.4999569678597726,1.8148864281249175
lift,WGNB008,train,"(0.000939, 0.00168]",10458,200,10258,0.0191241155096576,6557,62740,0.9359120753639736,0.5999636617482524,1.5599479352412626
lift,WGNB008,train,"(0.00049, 0.000939]",10316,161,10155,0.0156068243505234,6718,73056,0.9588923779617472,0.6986124525451121,1.3725669710987978
lift,WGNB008,train,"(0.000212, 0.00049]",10588,118,10470,0.0111446921042689,6836,83644,0.9757350842135312,0.7998622971512723,1.219878831254622
lift,WGNB008,train,"(8.55e-05, 0.000212]",10469,69,10400,0.0065908873817938,6905,94113,0.9855837853268626,0.8999741807158635,1.0951245118419983
lift,WGNB008,train,"(-0.000999999095, 8.55e-05]",10460,101,10359,0.0096558317399617,7006,104573,1.0,1.0,1.0
lift,WGNB008,validation,"(0.673, 1.0]",4482,1559,2923,0.3478357875948237,1559,4482,0.5191475191475191,0.1000066938884798,5.191127703175896
lift,WGNB008,validation,"(0.0255, 0.673]",4258,562,3696,0.13198684828558,2121,8740,0.7062937062937062,0.1950152843786955,3.621735129858699
lift,WGNB008,validation,"(0.00795, 0.0255]",4703,322,4381,0.0684669359982989,2443,13443,0.8135198135198135,0.2999531427806413,2.712156325412295
lift,WGNB008,validation,"(0.00316, 0.00795]",4480,196,4284,0.04375,2639,17923,0.8787878787878788,0.3999152107459223,2.1974354942608025
lift,WGNB008,validation,"(0.00169, 0.00316]",4479,107,4372,0.0238892609957579,2746,22402,0.9144189144189144,0.4998549657496039,1.8293684710076104
lift,WGNB008,validation,"(0.00094, 0.00169]",4435,72,4363,0.0162344983089064,2818,26837,0.9383949383949384,0.5988129504429123,1.5670919236146348
lift,WGNB008,validation,"(0.000501, 0.00094]",4531,60,4471,0.0132421099095122,2878,31368,0.9583749583749585,0.6999129794497624,1.3692773051992635
lift,WGNB008,validation,"(0.000213, 0.000501]",4362,53,4309,0.0121503897294818,2931,35730,0.976023976023976,0.797242117946315,1.2242503927642467
lift,WGNB008,validation,"(8.55e-05, 0.000213]",4594,30,4564,0.0065302568567696,2961,40324,0.986013986013986,0.8997478635339269,1.0958781076080948
lift,WGNB008,validation,"(-0.000999999095, 8.55e-05]",4493,42,4451,0.0093478744713999,3003,44817,1.0,1.0,1.0
lift,WGNB009,train,"(0.646, 1.0]",10458,3651,6807,0.3491107286288009,3651,10458,0.5211247502141022,0.1000066938884798,5.210898690393891
lift,WGNB009,train,"(0.025, 0.646]",10457,1283,9174,0.122692932963565,4934,20915,0.7042534970025692,0.2000038250791313,3.5212001406669695
lift,WGNB009,train,"(0.00785, 0.025]",10457,724,9733,0.0692359185234771,5658,31372,0.8075934912931773,0.3000009562697828,2.691969723479581
lift,WGNB009,train,"(0.00313, 0.00785]",10307,421,9886,0.0408460269719608,6079,41679,0.8676848415643734,0.3985636827861876,2.177029365793594
lift,WGNB009,train,"(0.00167, 0.00313]",10603,278,10325,0.0262189946241629,6357,52282,0.907365115615187,0.4999569678597726,1.8148864281249175
lift,WGNB009,train,"(0.000938, 0.00167]",10458,200,10258,0.0191241155096576,6557,62740,0.9359120753639736,0.5999636617482524,1.5599479352412626
lift,WGNB009,train,"(0.000489, 0.000938]",10317,161,10156,0.0156053116215954,6718,73057,0.9588923779617472,0.6986220152429403,1.372548183481306
lift,WGNB009,train,"(0.000213, 0.000489]",10587,118,10469,0.0111457447813356,6836,83644,0.9757350842135312,0.7998622971512723,1.219878831254622
lift,WGNB009,train,"(8.54e-05, 0.000213]",10469,69,10400,0.0065908873817938,6905,94113,0.9855837853268626,0.8999741807158635,1.0951245118419983
lift,WGNB009,train,"(-0.000999999042, 8.54e-05]",10460,101,10359,0.0096558317399617,7006,104573,1.0,1.0,1.0
lift,WGNB009,validation,"(0.673, 1.0]",4482,1559,2923,0.3478357875948237,1559,4482,0.5191475191475191,0.1000066938884798,5.191127703175896
lift,WGNB009,validation,"(0.0255, 0.673]",4260,564,3696,0.1323943661971831,2123,8742,0.706959706959707,0.1950599103018943,3.6243208861602825
lift,WGNB009,validation,"(0.00794, 0.0255]",4701,320,4381,0.0680706232716443,2443,13443,0.8135198135198135,0.2999531427806413,2.712156325412295
lift,WGNB009,validation,"(0.00315, 0.00794]",4480,196,4284,0.04375,2639,17923,0.8787878787878788,0.3999152107459223,2.1974354942608025
lift,WGNB009,validation,"(0.00169, 0.00315]",4480,107,4373,0.0238839285714285,2746,22403,0.9144189144189144,0.4998772787112033,1.829286813708543
lift,WGNB009,validation,"(0.00094, 0.00169]",4435,72,4363,0.0162344983089064,2818,26838,0.9383949383949384,0.5988352634045117,1.5670335328283014
lift,WGNB009,validation,"(0.000501, 0.00094]",4530,60,4470,0.0132450331125827,2878,31368,0.9583749583749585,0.6999129794497624,1.3692773051992635
lift,WGNB009,validation,"(0.000213, 0.000501]",4362,53,4309,0.0121503897294818,2931,35730,0.976023976023976,0.797242117946315,1.2242503927642467
lift,WGNB009,validation,"(8.54e-05, 0.000213]",4594,30,4564,0.0065302568567696,2961,40324,0.986013986013986,0.8997478635339269,1.0958781076080948
lift,WGNB009,validation,"(-0.000999999042, 8.54e-05]",4493,42,4451,0.0093478744713999,3003,44817,1.0,1.0,1.0
lift,WGNB010,train,"(0.648, 1.0]",10458,3651,6807,0.3491107286288009,3651,10458,0.5211247502141022,0.1000066938884798,5.210898690393891
lift,WGNB010,train,"(0.0249, 0.648]",10455,1282,9173,0.1226207556193209,4933,20913,0.7041107622038253,0.1999846996834747,3.520823159562981
lift,WGNB010,train,"(0.00782, 0.0249]",10453,725,9728,0.0693580790203769,5658,31366,0.8075934912931773,0.2999435800828129,2.6924846701843212
lift,WGNB010,train,"(0.00311, 0.00782]",10324,422,9902,0.0408756296009298,6080,41690,0.8678275763631174,0.398668872462299,2.176812980163595
lift,WGNB010,train,"(0.00166, 0.00311]",10547,278,10269,0.0263582061249644,6358,52237,0.9075078504139308,0.4995266464574986,1.8167356173083444
lift,WGNB010,train,"(0.000934, 0.00166]",10506,205,10301,0.0195126594327051,6563,62743,0.9367684841564372,0.5999923498417373,1.561300713923324
lift,WGNB010,train,"(0.000486, 0.000934]",10426,158,10268,0.0151544216382121,6721,73169,0.9593205823579788,0.6996930373997112,1.3710592089398643
lift,WGNB010,train,"(0.000211, 0.000486]",10363,116,10247,0.0111936697867412,6837,83532,0.9758778190122752,0.7987912749945014,1.221693137570879
lift,WGNB010,train,"(8.55e-05, 0.000211]",10579,68,10511,0.00642782871727,6905,94111,0.9855837853268626,0.8999550553202069,1.0951477848815336
lift,WGNB010,train,"(-0.00099999836, 8.55e-05]",10462,101,10361,0.0096539858535652,7006,104573,1.0,1.0,1.0
lift,WGNB010,validation,"(0.672, 1.0]",4482,1559,2923,0.3478357875948237,1559,4482,0.5191475191475191,0.1000066938884798,5.191127703175896
lift,WGNB010,validation,"(0.0253, 0.672]",4265,567,3698,0.1329425556858147,2126,8747,0.707958707958708,0.1951714751098913,3.6273677163124978
lift,WGNB010,validation,"(0.00789, 0.0253]",4694,317,4377,0.0675330208777162,2443,13441,0.8135198135198135,0.2999085168574424,2.7125598900764443
lift,WGNB010,validation,"(0.00314, 0.00789]",4483,197,4286,0.0439437876422038,2640,17924,0.8791208791208791,0.3999375237075217,2.1981455277594533
lift,WGNB010,validation,"(0.00168, 0.00314]",4480,107,4373,0.0238839285714285,2747,22404,0.9147519147519148,0.4998995916728027,1.8298712981358936
lift,WGNB010,validation,"(0.000934, 0.00168]",4438,71,4367,0.01599819738621,2818,26842,0.9383949383949384,0.5989245152509093,1.5668000131899988
lift,WGNB010,validation,"(0.000498, 0.000934]",4507,59,4448,0.0130907477257599,2877,31349,0.958041958041958,0.6994890331793739,1.3696311344402192
lift,WGNB010,validation,"(0.000211, 0.000498]",4492,57,4435,0.0126892252894033,2934,35841,0.977022977022977,0.7997188566838477,1.2217080650997114
lift,WGNB010,validation,"(8.49e-05, 0.000211]",4489,30,4459,0.0066830028959679,2964,40330,0.987012987012987,0.8998817413035232,1.0968252179261355
lift,WGNB010,validation,"(-0.00099999836, 8.49e-05]",4487,39,4448,0.0086917762424782,3003,44817,1.0,1.0,1.0
lift,WGNB011,train,"(0.213, 1.0]",9602,3389,6213,0.3529473026452822,3389,9602,0.4837282329431915,0.0918210245474453,5.268164184916515
lift,WGNB011,train,"(0.0292, 0.213]",7498,953,6545,0.1271005601493731,4342,17100,0.6197544961461604,0.1635221328641236,3.790034323128213
lift,WGNB011,train,"(0.013, 0.0292]",12193,1042,11151,0.0854588698433527,5384,29293,0.7684841564373395,0.2801201074847236,2.7434094729499163
lift,WGNB011,train,"(0.00662, 0.013]",8569,521,8048,0.0608005601587116,5905,37862,0.842848986582929,0.3620628651755233,2.327907851511717
lift,WGNB011,train,"(0.0036, 0.00662]",8877,328,8549,0.0369494198490481,6233,46739,0.8896660005709391,0.4469509337974429,1.990522747121351
lift,WGNB011,train,"(0.00313, 0.0036]",10974,233,10741,0.0212320029159832,6466,57713,0.9229232086782756,0.5518919797653314,1.6722895829555442
lift,WGNB011,train,"(0.00219, 0.00313]",6520,110,6410,0.0168711656441717,6576,64233,0.9386240365401084,0.6142407696059212,1.5281044225415092
lift,WGNB011,train,"(0.00041, 0.00219]",40340,430,39910,0.0106593951412989,7006,104573,1.0,1.0,1.0
lift,WGNB011,validation,"(0.213, 1.0]",4181,1512,2669,0.3616359722554413,1512,4181,0.5034965034965035,0.0932904924470625,5.397082706817221
lift,WGNB011,validation,"(0.0292, 0.213]",3191,423,2768,0.1325603259166405,1935,7372,0.6443556443556444,0.1644911529107258,3.9172662660183017
lift,WGNB011,validation,"(0.013, 0.0292]",5273,445,4828,0.0843921866110373,2380,12645,0.7925407925407926,0.2821473994243256,2.8089601185686597
lift,WGNB011,validation,"(0.00662, 0.013]",3599,176,3423,0.0489024729091414,2556,16244,0.8511488511488512,0.3624517482205413,2.348309410363092
lift,WGNB011,validation,"(0.0036, 0.00662]",3736,122,3614,0.0326552462526766,2678,19980,0.8917748917748918,0.4458129727558739,2.0003341003341
lift,WGNB011,validation,"(0.00313, 0.0036]",4699,99,4600,0.021068312406895,2777,24679,0.9247419247419248,0.550661579311422,1.6793289372000015
lift,WGNB011,validation,"(0.00219, 0.00313]",2747,41,2706,0.0149253731343283,2818,27426,0.9383949383949384,0.6119552848249549,1.5334371018028858
lift,WGNB011,validation,"(0.00041, 0.00219]",17391,185,17206,0.0106376861595077,3003,44817,1.0,1.0,1.0
lift,WGNB012,train,"(0.612, 1.0]",10333,3616,6717,0.3499467724765315,3616,10333,0.5161290322580645,0.0988113566599409,5.22337765318132
lift,WGNB012,train,"(0.0157, 0.612]",7302,987,6315,0.1351684470008217,4603,17635,0.6570082786183271,0.1686381762022701,3.8959640895919665
lift,WGNB012,train,"(0.0064, 0.0157]",11882,962,10920,0.0809628008752735,5565,29517,0.7943191550099914,0.2822621517982653,2.81411854175085
lift,WGNB012,train,"(0.00256, 0.0064]",10508,493,10015,0.0469166349448039,6058,40025,0.8646874107907507,0.3827469805781607,2.2591619390036524
lift,WGNB012,train,"(0.00139, 0.00256]",11453,314,11139,0.0274163974504496,6372,51478,0.909506137596346,0.4922685588058103,1.8475812060853705
lift,WGNB012,train,"(0.000903, 0.00139]",11166,207,10959,0.0185384202041912,6579,62644,0.9390522409363404,0.5990456427567346,1.5675804544958165
lift,WGNB012,train,"(0.000689, 0.000903]",8128,128,8000,0.0157480314960629,6707,70772,0.9573222951755638,0.676771250705249,1.41454338401337
lift,WGNB012,train,"(0.000425, 0.000689]",11646,134,11512,0.0115060965138244,6841,82418,0.976448758207251,0.7881384296137627,1.2389305247883575
lift,WGNB012,train,"(0.000136, 0.000425]",11662,100,11562,0.0085748585148345,6941,94080,0.9907222380816444,0.8996586116875293,1.1012202019867323
lift,WGNB012,train,"(-0.0009468, 0.000136]",10493,65,10428,0.0061946059277613,7006,104573,1.0,1.0,1.0
lift,WGNB012,validation,"(0.612, 1.0]",4446,1545,2901,0.3475033738191633,1545,4446,0.5144855144855145,0.0992034272709016,5.1861667347497304
lift,WGNB012,validation,"(0.0148, 0.612]",4496,609,3887,0.1354537366548042,2154,8942,0.7172827172827173,0.1995225026217729,3.594996593654612
lift,WGNB012,validation,"(0.0064, 0.0148]",3724,268,3456,0.0719656283566058,2422,12666,0.8065268065268065,0.2826159716179128,2.85379061172524
lift,WGNB012,validation,"(0.00256, 0.0064]",4569,186,4383,0.0407091267235718,2608,17235,0.8684648684648685,0.3845638931655398,2.2583109956478102
lift,WGNB012,validation,"(0.00139, 0.00256]",4803,132,4671,0.0274828232354778,2740,22038,0.9124209124209124,0.4917330477274249,1.855520829111899
lift,WGNB012,validation,"(0.000903, 0.00139]",4782,87,4695,0.0181932245922208,2827,26820,0.9413919413919414,0.5984336300957226,1.5730933123550572
lift,WGNB012,validation,"(0.000689, 0.000903]",3491,48,3443,0.0137496419364079,2875,30311,0.9573759573759574,0.6763281790392038,1.4155494138008735
lift,WGNB012,validation,"(0.000425, 0.000689]",5107,56,5051,0.0109653416878793,2931,35418,0.976023976023976,0.7902804739273044,1.2350349125717583
lift,WGNB012,validation,"(0.000191, 0.000425]",2336,22,2314,0.009417808219178,2953,37754,0.9833499833499834,0.8424035522234866,1.1673146210678658
lift,WGNB012,validation,"(-0.0009468, 0.000191]",7063,50,7013,0.0070791448393034,3003,44817,1.0,1.0,1.0
lift,WGNB013,train,"(0.629, 1.0]",10445,3637,6808,0.3482048827190043,3637,10445,0.5191264630316871,0.0998823788167117,5.197377847641227
lift,WGNB013,train,"(0.0183, 0.629]",10326,1303,9023,0.1261863257795855,4940,20771,0.7051099057950329,0.1986267965918545,3.5499233632807266
lift,WGNB013,train,"(0.00749, 0.0183]",10590,776,9814,0.0732766761095373,5716,31361,0.8158721096203254,0.2998957665936714,2.7205189285841107
lift,WGNB013,train,"(0.00296, 0.00749]",10405,429,9976,0.041230177799135,6145,41766,0.877105338281473,0.3993956374972507,2.1960814188600413
lift,WGNB013,train,"(0.00139, 0.00296]",10293,264,10029,0.0256484989798892,6409,52059,0.9147873251498716,0.4978244862440592,1.8375699677845811
lift,WGNB013,train,"(0.000893, 0.00139]",10452,180,10272,0.0172215843857634,6589,62511,0.9404795889237796,0.5977738039455691,1.5733034514329702
lift,WGNB013,train,"(0.000615, 0.000893]",10574,133,10441,0.0125780215623226,6722,73085,0.9594633171567228,0.6988897707821331,1.3728392620240812
lift,WGNB013,train,"(0.000349, 0.000615]",10465,107,10358,0.010224558050645,6829,83550,0.9747359406223236,0.7989634035554111,1.2200007363099732
lift,WGNB013,train,"(9.93e-05, 0.000349]",10443,81,10362,0.0077563918414248,6910,93993,0.9862974593205824,0.8988266569764662,1.0973166535117642
lift,WGNB013,train,"(-0.00099999641, 9.93e-05]",10580,96,10484,0.0090737240075614,7006,104573,1.0,1.0,1.0
lift,WGNB013,validation,"(0.631, 1.0]",4482,1564,2918,0.3489513609995537,1564,4482,0.5208125208125208,0.1000066938884798,5.207776605366967
lift,WGNB013,validation,"(0.0183, 0.631]",4411,582,3829,0.1319428700974835,2146,8893,0.7146187146187146,0.1984291675034027,3.60137939200123
lift,WGNB013,validation,"(0.00757, 0.0183]",4548,326,4222,0.0716798592788038,2472,13441,0.8231768231768232,0.2999085168574424,2.7447597414117766
lift,WGNB013,validation,"(0.00296, 0.00757]",4469,167,4302,0.0373685388230029,2639,17910,0.8787878787878788,0.3996251422451302,2.199030506065682
lift,WGNB013,validation,"(0.00139, 0.00296]",4449,107,4342,0.0240503483928972,2746,22359,0.9144189144189144,0.49889550840083,1.832886644640301
lift,WGNB013,validation,"(0.000893, 0.00139]",4399,83,4316,0.0188679245283018,2829,26758,0.942057942057942,0.5970502264765603,1.5778537554828755
lift,WGNB013,validation,"(0.000615, 0.000893]",4591,61,4530,0.0132868656066216,2890,31349,0.9623709623709624,0.6994890331793739,1.3758199438763412
lift,WGNB013,validation,"(0.000353, 0.000615]",4500,35,4465,0.0077777777777777,2925,35849,0.974025974025974,0.7998973603766428,1.217688696418926
lift,WGNB013,validation,"(9.93e-05, 0.000353]",4416,38,4378,0.0086050724637681,2963,40265,0.9866799866799868,0.8984313987995627,1.0982251822435605
lift,WGNB013,validation,"(-0.00099999641, 9.93e-05]",4552,40,4512,0.0087873462214411,3003,44817,1.0,1.0,1.0
lift,WGNB014,train,"(0.633, 1.0]",10458,3650,6808,0.3490151080512526,3650,10458,0.5209820154153583,0.1000066938884798,5.2094714379451394
lift,WGNB014,train,"(0.0204, 0.633]",10177,1274,8903,0.1251842389702269,4924,20635,0.7028261490151299,0.1973262696872041,3.5617464928984335
lift,WGNB014,train,"(0.00739, 0.0204]",10721,776,9945,0.0723813077138326,5700,31356,0.8135883528404225,0.2998479531045298,2.7133363573664213
lift,WGNB014,train,"(0.00286, 0.00739]",10454,427,10027,0.0408456093361392,6127,41810,0.8745361119040822,0.3998163962016964,2.187344291560526
lift,WGNB014,train,"(0.0015, 0.00286]",10474,256,10218,0.0244414741264082,6383,52284,0.9110762203825292,0.4999760932554292,1.8222395683968753
lift,WGNB014,train,"(0.0009, 0.0015]",10452,206,10246,0.0197091465748182,6589,62736,0.9404795889237796,0.5999254109569392,1.5676608654126245
lift,WGNB014,train,"(0.000539, 0.0009]",10464,139,10325,0.0132836391437308,6728,73200,0.9603197259491864,0.6999894810323889,1.3719059385475991
lift,WGNB014,train,"(0.000261, 0.000539]",10428,107,10321,0.0102608362102032,6835,83628,0.9755923494147872,0.7997092939860193,1.2199337393618472
lift,WGNB014,train,"(9.3e-05, 0.000261]",10482,75,10407,0.0071551230681167,6910,94110,0.9862974593205824,0.8999454926223787,1.095952440904593
lift,WGNB014,train,"(-0.00099999735, 9.3e-05]",10463,96,10367,0.0091751887603937,7006,104573,1.0,1.0,1.0
lift,WGNB014,validation,"(0.645, 1.0]",4482,1562,2920,0.3485051316376618,1562,4482,0.5201465201465202,0.1000066938884798,5.201117044490539
lift,WGNB014,validation,"(0.0204, 0.645]",4429,586,3843,0.1323097764732445,2148,8911,0.7152847152847153,0.1988308008121918,3.5974542795326094
lift,WGNB014,validation,"(0.00753, 0.0204]",4534,333,4201,0.0734450816056462,2481,13445,0.8261738261738262,0.29999776870384,2.75393323671494
lift,WGNB014,validation,"(0.00298, 0.00753]",4482,156,4326,0.0348058902275769,2637,17927,0.8781218781218781,0.4000044625923198,2.195280203703253
lift,WGNB014,validation,"(0.00151, 0.00298]",4481,110,4371,0.0245480919437625,2747,22408,0.9147519147519148,0.4999888435192003,1.8295446520633951
lift,WGNB014,validation,"(0.000899, 0.00151]",4473,86,4387,0.0192264699306952,2833,26881,0.9433899433899434,0.5997947207532855,1.5728546963620065
lift,WGNB014,validation,"(0.000546, 0.000899]",4468,46,4422,0.0102954341987466,2879,31349,0.9587079587079588,0.6994890331793739,1.3705832589688534
lift,WGNB014,validation,"(0.000263, 0.000546]",4497,50,4447,0.0111185234600845,2929,35846,0.9753579753579752,0.7998304214918446,1.219455961100775
lift,WGNB014,validation,"(9.3e-05, 0.000263]",4483,36,4447,0.0080303368280169,2965,40329,0.9873459873459872,0.8998594283419238,1.0972224730314444
lift,WGNB014,validation,"(-0.00099999735, 9.3e-05]",4488,38,4450,0.0084670231729055,3003,44817,1.0,1.0,1.0
lift,NN001,train,"(0.155, 0.992]",10458,3794,6664,0.3627844712182062,3794,10458,0.5415358264344847,0.1000066938884798,5.41499579056544
lift,NN001,train,"(0.0787, 0.155]",10457,1221,9236,0.1167638902170794,5015,20915,0.7158150157008278,0.2000038250791313,3.57900662858631
lift,NN001,train,"(0.0469, 0.0787]",10457,685,9772,0.0655063593764942,5700,31372,0.8135883528404225,0.3000009562697828,2.7119525316072135
lift,NN001,train,"(0.0295, 0.0469]",10457,497,9960,0.0475279716936023,6197,41829,0.8845275478161576,0.3999980874604343,2.2113294426780237
lift,NN001,train,"(0.0205, 0.0295]",10457,281,10176,0.0268719518026202,6478,52286,0.924636026263203,0.4999952186510858,1.8492897367253551
lift,NN001,train,"(0.0152, 0.0205]",10458,196,10262,0.0187416331994645,6674,62744,0.952612046817014,0.6000019125395657,1.5876816838549597
lift,NN001,train,"(0.0118, 0.0152]",10457,122,10335,0.0116668260495361,6796,73201,0.970025692263774,0.6999990437302172,1.3857528820248306
lift,NN001,train,"(0.00957, 0.0118]",10457,96,10361,0.0091804532848809,6892,83658,0.9837282329431916,0.7999961749208687,1.2296661706419991
lift,NN001,train,"(0.00787, 0.00957]",10457,69,10388,0.0065984507985081,6961,94115,0.993576934056523,0.8999933061115202,1.1039825822142355
lift,NN001,train,"(-0.001, 0.00787]",10458,45,10413,0.0043029259896729,7006,104573,1.0,1.0,1.0
lift,NN001,validation,"(0.155, 0.929]",4482,1670,2812,0.3726015171798304,1670,4482,0.5561105561105562,0.1000066938884798,5.56073333181767
lift,NN001,validation,"(0.0788, 0.155]",4482,508,3974,0.1133422579205711,2178,8964,0.7252747252747253,0.2000133877769596,3.626130897215235
lift,NN001,validation,"(0.0475, 0.0788]",4481,302,4179,0.067395670609239,2480,13445,0.8258408258408259,0.29999776870384,2.7528232273490736
lift,NN001,validation,"(0.0298, 0.0475]",4482,182,4300,0.0406068719321731,2662,17927,0.8864468864468864,0.4000044625923198,2.216092492323875
lift,NN001,validation,"(0.0204, 0.0298]",4481,109,4372,0.0243249274715465,2771,22408,0.9227439227439228,0.4999888435192003,1.845529024706104
lift,NN001,validation,"(0.0151, 0.0204]",4482,83,4399,0.0185185185185185,2854,26890,0.9503829503829504,0.5999955374076801,1.583983365091584
lift,NN001,validation,"(0.0117, 0.0151]",4482,60,4422,0.0133868808567603,2914,31372,0.9703629703629704,0.7000022312961599,1.3862283961098192
lift,NN001,validation,"(0.00951, 0.0117]",4481,43,4438,0.0095960723052889,2957,35853,0.9846819846819846,0.7999866122230403,1.2308730791702929
lift,NN001,validation,"(0.00786, 0.00951]",4482,27,4455,0.0060240963855421,2984,40335,0.9936729936729936,0.8999933061115202,1.1040893159152736
lift,NN001,validation,"(-0.0009999732, 0.00786]",4482,19,4463,0.0042391789379741,3003,44817,1.0,1.0,1.0
lift,NN002,train,"(0.157, 0.86]",10458,3775,6683,0.3609676802447887,3775,10458,0.53882386525835,0.1000066938884798,5.387877994039151
lift,NN002,train,"(0.0843, 0.157]",10457,1196,9261,0.1143731471741417,4971,20915,0.7095346845560948,0.2000038250791313,3.5476055734202485
lift,NN002,train,"(0.0517, 0.0843]",10457,714,9743,0.068279621306302,5685,31372,0.8114473308592635,0.3000009562697828,2.7048158144187733
lift,NN002,train,"(0.0337, 0.0517]",10457,509,9948,0.0486755283542124,6194,41829,0.8840993434199258,0.3999980874604343,2.2102589265689327
lift,NN002,train,"(0.024, 0.0337]",10457,280,10177,0.0267763220809027,6474,52286,0.9240650870682272,0.4999952186510858,1.8481478474158612
lift,NN002,train,"(0.0183, 0.024]",10458,185,10273,0.0176898068464333,6659,62744,0.950471024835855,0.6000019125395657,1.5841133252607398
lift,NN002,train,"(0.0143, 0.0183]",10457,124,10333,0.0118580854929712,6783,73201,0.9681701398801028,0.6999990437302172,1.383102089284053
lift,NN002,train,"(0.0114, 0.0143]",10457,98,10359,0.0093717127283159,6881,83658,0.9821581501570082,0.7999961749208687,1.227703557775333
lift,NN002,train,"(0.00868, 0.0114]",10457,71,10386,0.0067897102419431,6952,94115,0.9922923208678276,0.8999933061115202,1.1025552236105969
lift,NN002,train,"(-0.001, 0.00868]",10458,54,10404,0.0051635111876075,7006,104573,1.0,1.0,1.0
lift,NN002,validation,"(0.158, 0.783]",4482,1634,2848,0.3645693886657742,1634,4482,0.5441225441225441,0.1000066938884798,5.440861236041959
lift,NN002,validation,"(0.0846, 0.158]",4482,537,3945,0.1198125836680053,2171,8964,0.7229437229437229,0.2000133877769596,3.614476665681485
lift,NN002,validation,"(0.0521, 0.0846]",4481,281,4200,0.0627092166927025,2452,13445,0.8165168165168165,0.29999776870384,2.7217429651048097
lift,NN002,validation,"(0.0342, 0.0521]",4482,190,4292,0.0423917893797411,2642,17927,0.8797868797868797,0.4000044625923198,2.199442661427377
lift,NN002,validation,"(0.024, 0.0342]",4481,118,4363,0.0263334077214907,2760,22408,0.919080919080919,0.4999888435192003,1.8382028539115296
lift,NN002,validation,"(0.0182, 0.024]",4482,82,4400,0.0182954038375725,2842,26890,0.9463869463869464,0.5999955374076801,1.5773233088963845
lift,NN002,validation,"(0.0143, 0.0182]",4482,65,4417,0.0145024542614904,2907,31372,0.968031968031968,0.7000022312961599,1.3828984033943872
lift,NN002,validation,"(0.0114, 0.0143]",4481,50,4431,0.0111582236108011,2957,35853,0.9846819846819846,0.7999866122230403,1.2308730791702929
lift,NN002,validation,"(0.00869, 0.0114]",4482,22,4460,0.0049085229808121,2979,40335,0.992007992007992,0.8999933061115202,1.102239300305496
lift,NN002,validation,"(-0.0009999598, 0.00869]",4482,24,4458,0.0053547523427041,3003,44817,1.0,1.0,1.0
lift,NN003,train,"(0.174, 0.896]",10458,3864,6594,0.3694779116465863,3864,10458,0.5515272623465601,0.1000066938884798,5.514903461978087
lift,NN003,train,"(0.0854, 0.174]",10457,1229,9228,0.1175289279908195,5093,20915,0.7269483300028547,0.2000038250791313,3.6346721354716007
lift,NN003,train,"(0.0496, 0.0854]",10457,693,9764,0.0662713971502342,5786,31372,0.8258635455324008,0.3000009562697828,2.7528697101542696
lift,NN003,train,"(0.03, 0.0496]",10457,443,10014,0.0423639667208568,6229,41829,0.8890950613759635,0.3999980874604343,2.2227482811749892
lift,NN003,train,"(0.0194, 0.03]",10457,274,10183,0.0262025437505976,6503,52286,0.9282043962318012,0.4999952186510858,1.856426544909692
lift,NN003,train,"(0.0134, 0.0194]",10458,196,10262,0.0187416331994645,6699,62744,0.9561804167856124,0.6000019125395657,1.59362894817866
lift,NN003,train,"(0.0101, 0.0134]",10457,110,10347,0.010519269388926,6809,73201,0.9718812446474452,0.6999990437302172,1.388403674765608
lift,NN003,train,"(0.00815, 0.0101]",10457,73,10384,0.0069809696853782,6882,83658,0.9823008849557522,0.7999961749208687,1.227881977126848
lift,NN003,train,"(0.00664, 0.00815]",10457,78,10379,0.0074591182939657,6960,94115,0.9934341992577792,0.8999933061115202,1.103823986813831
lift,NN003,train,"(-0.00099999999766, 0.00664]",10458,46,10412,0.0043985465672212,7006,104573,1.0,1.0,1.0
lift,NN003,validation,"(0.173, 0.897]",4482,1662,2820,0.3708165997322624,1662,4482,0.5534465534465535,0.1000066938884798,5.534095088311957
lift,NN003,validation,"(0.085, 0.173]",4482,539,3943,0.1202588130298973,2201,8964,0.732933732933733,0.2000133877769596,3.664423372254698
lift,NN003,validation,"(0.0502, 0.085]",4481,300,4181,0.0669493416648069,2501,13445,0.8328338328338328,0.29999776870384,2.7761334240322713
lift,NN003,validation,"(0.0304, 0.0502]",4482,161,4321,0.035921463632307,2662,17927,0.8864468864468864,0.4000044625923198,2.216092492323875
lift,NN003,validation,"(0.0193, 0.0304]",4481,104,4377,0.0232091051104664,2766,22408,0.9210789210789212,0.4999888435192003,1.8421989470722069
lift,NN003,validation,"(0.0134, 0.0193]",4482,78,4404,0.0174029451137884,2844,26890,0.9470529470529472,0.5999955374076801,1.5784333182622512
lift,NN003,validation,"(0.0101, 0.0134]",4482,64,4418,0.0142793395805444,2908,31372,0.9683649683649684,0.7000022312961599,1.3833741166394489
lift,NN003,validation,"(0.00813, 0.0101]",4481,46,4435,0.010265565721937,2954,35853,0.9836829836829836,0.7999866122230403,1.229624307023688
lift,NN003,validation,"(0.00662, 0.00813]",4482,33,4449,0.0073627844712182,2987,40335,0.9946719946719946,0.8999933061115202,1.10519932528114
lift,NN003,validation,"(-0.000736, 0.00662]",4482,16,4466,0.0035698348951361,3003,44817,1.0,1.0,1.0
lift,NN004,train,"(0.164, 0.836]",10458,3761,6697,0.3596289921591126,3761,10458,0.5368255780759349,0.1000066938884798,5.367896459756621
lift,NN004,train,"(0.0871, 0.164]",10457,1216,9241,0.1162857416084919,4977,20915,0.7103910933485584,0.2000038250791313,3.551887535488348
lift,NN004,train,"(0.0531, 0.0871]",10457,728,9729,0.0696184374103471,5705,31372,0.8143020268341422,0.3000009562697828,2.7143314373366936
lift,NN004,train,"(0.0333, 0.0531]",10457,455,10002,0.0435115233814669,6160,41829,0.879246360262632,0.3999980874604343,2.198126410665907
lift,NN004,train,"(0.0223, 0.0333]",10457,299,10158,0.0285932867935354,6459,52286,0.9219240650870684,0.4999952186510858,1.8438657625052592
lift,NN004,train,"(0.0163, 0.0223]",10458,187,10271,0.0178810480015299,6646,62744,0.9486154724521838,0.6000019125395657,1.5810207478124156
lift,NN004,train,"(0.0127, 0.0163]",10457,136,10321,0.0130056421535813,6782,73201,0.9680274050813588,0.6999990437302172,1.3828981821501474
lift,NN004,train,"(0.0101, 0.0127]",10457,96,10361,0.0091804532848809,6878,83658,0.9817299457607764,0.7999961749208687,1.2271682997207878
lift,NN004,train,"(0.00766, 0.0101]",10457,78,10379,0.0074591182939657,6956,94115,0.9928632600628032,0.8999933061115202,1.103189605212214
lift,NN004,train,"(0.0005499999999999999, 0.00766]",10458,50,10408,0.0047810288774144,7006,104573,1.0,1.0,1.0
lift,NN004,validation,"(0.164, 0.801]",4482,1657,2825,0.3697010263275324,1657,4482,0.5517815517815517,0.1000066938884798,5.5174461861208846
lift,NN004,validation,"(0.0871, 0.164]",4482,504,3978,0.1124497991967871,2161,8964,0.7196137196137196,0.2000133877769596,3.597827763490414
lift,NN004,validation,"(0.0536, 0.0871]",4481,304,4177,0.067841999553671,2465,13445,0.8208458208458208,0.29999776870384,2.736173086861075
lift,NN004,validation,"(0.0335, 0.0536]",4482,189,4293,0.0421686746987951,2654,17927,0.8837828837828838,0.4000044625923198,2.209432559965276
lift,NN004,validation,"(0.0222, 0.0335]",4481,114,4367,0.0254407498326266,2768,22408,0.9217449217449216,0.4999888435192003,1.8435309781257656
lift,NN004,validation,"(0.0163, 0.0222]",4482,71,4411,0.0158411423471664,2839,26890,0.9453879453879452,0.5999955374076801,1.5756582948475846
lift,NN004,validation,"(0.0126, 0.0163]",4482,69,4413,0.0153949129852744,2908,31372,0.9683649683649684,0.7000022312961599,1.3833741166394489
lift,NN004,validation,"(0.0101, 0.0126]",4481,40,4441,0.0089265788886409,2948,35853,0.9816849816849816,0.7999866122230403,1.2271267627304778
lift,NN004,validation,"(0.00763, 0.0101]",4482,28,4454,0.0062472110664881,2976,40335,0.991008991008991,0.8999933061115202,1.1011292909396293
lift,NN004,validation,"(0.00044000000000000007, 0.00763]",4482,27,4455,0.0060240963855421,3003,44817,1.0,1.0,1.0
lift,NN005,train,"(0.162, 0.984]",10458,3540,6918,0.3384968445209409,3540,10458,0.5052811875535256,0.1000066938884798,5.052473668582409
lift,NN005,train,"(0.105, 0.162]",10456,1148,9308,0.1097934200459066,4688,20914,0.6691407365115615,0.199994262381303,3.3457996671714407
lift,NN005,train,"(0.0644, 0.105]",10458,773,9685,0.0739147064448269,5461,31372,0.7794747359406223,0.3000009562697828,2.598240837738069
lift,NN005,train,"(0.0407, 0.0644]",10457,503,9954,0.0481017500239074,5964,41829,0.851270339708821,0.3999980874604343,2.1281860248719915
lift,NN005,train,"(0.0278, 0.0407]",10457,358,10099,0.0342354403748685,6322,52286,0.9023693976591493,0.4999952186510858,1.8047560536550933
lift,NN005,train,"(0.0204, 0.0278]",10458,224,10234,0.0214190093708166,6546,62744,0.9343419925777904,0.6000019125395657,1.5572316905176158
lift,NN005,train,"(0.0155, 0.0204]",10457,165,10292,0.0157789040833891,6711,73201,0.9578932343705396,0.6999990437302172,1.368420775642825
lift,NN005,train,"(0.0117, 0.0155]",10457,124,10333,0.0118580854929712,6835,83658,0.9755923494147872,0.7999961749208687,1.2194962676056391
lift,NN005,train,"(0.00786, 0.0117]",10457,102,10355,0.009754231615186,6937,94115,0.9901512988866684,0.8999933061115202,1.1001762926045326
lift,NN005,train,"(-0.001, 0.00786]",10458,69,10389,0.0065978198508318,7006,104573,1.0,1.0,1.0
lift,NN005,validation,"(0.162, 0.984]",4482,1538,2944,0.3431503792949576,1538,4482,0.5121545121545121,0.1000066938884798,5.121202313973399
lift,NN005,validation,"(0.107, 0.162]",4482,495,3987,0.110441767068273,2033,8964,0.6769896769896769,0.2000133877769596,3.384721815444707
lift,NN005,validation,"(0.0652, 0.107]",4481,316,4165,0.0705199732202633,2349,13445,0.7822177822177823,0.29999776870384,2.6074120004205543
lift,NN005,validation,"(0.0411, 0.0652]",4482,211,4271,0.0470771976796073,2560,17927,0.8524808524808525,0.4000044625923198,2.131178354751736
lift,NN005,validation,"(0.0282, 0.0411]",4481,152,4329,0.0339209997768355,2712,22408,0.903096903096903,0.4999888435192003,1.8062341086261111
lift,NN005,validation,"(0.0204, 0.0282]",4482,108,4374,0.0240963855421686,2820,26890,0.939060939060939,0.5999955374076801,1.5651132058718522
lift,NN005,validation,"(0.0155, 0.0204]",4482,65,4417,0.0145024542614904,2885,31372,0.9607059607059608,0.7000022312961599,1.3724327120030295
lift,NN005,validation,"(0.0116, 0.0155]",4481,52,4429,0.0116045525552332,2937,35853,0.978021978021978,0.7999866122230403,1.2225479315262595
lift,NN005,validation,"(0.00782, 0.0116]",4482,32,4450,0.0071396697902722,2969,40335,0.9886779886779888,0.8999933061115202,1.0985392690859408
lift,NN005,validation,"(-0.0009999999999948301, 0.00782]",4482,34,4448,0.0075858991521642,3003,44817,1.0,1.0,1.0
lift,NN006,train,"(0.159, 0.995]",10458,3806,6652,0.3639319181487856,3806,10458,0.543248644019412,0.1000066938884798,5.432122819950466
lift,NN006,train,"(0.0826, 0.159]",10457,1209,9248,0.1156163335564693,5015,20915,0.7158150157008278,0.2000038250791313,3.57900662858631
lift,NN006,train,"(0.0497, 0.0826]",10457,693,9764,0.0662713971502342,5708,31372,0.8147302312303739,0.3000009562697828,2.7157587807743813
lift,NN006,train,"(0.0316, 0.0497]",10457,493,9964,0.0471454528067323,6201,41829,0.8850984870111334,0.3999980874604343,2.2127567974901443
lift,NN006,train,"(0.0218, 0.0316]",10457,282,10175,0.0269675815243377,6483,52286,0.9253497002569226,0.4999952186510858,1.8507170983622223
lift,NN006,train,"(0.0162, 0.0218]",10458,189,10269,0.0180722891566265,6672,62744,0.952326577219526,0.6000019125395657,1.5872059027090637
lift,NN006,train,"(0.0126, 0.0162]",10457,135,10322,0.0129100124318638,6807,73201,0.9715957750499572,0.6999990437302172,1.3879958604977962
lift,NN006,train,"(0.0102, 0.0126]",10457,79,10378,0.0075547480156832,6886,83658,0.982871824150728,0.7999961749208687,1.2285956545329086
lift,NN006,train,"(0.00795, 0.0102]",10457,77,10380,0.0073634885722482,6963,94115,0.9938624036540108,0.8999933061115202,1.104299773015044
lift,NN006,train,"(-0.001, 0.00795]",10458,43,10415,0.0041116848345764,7006,104573,1.0,1.0,1.0
lift,NN006,validation,"(0.159, 0.934]",4482,1656,2826,0.3694779116465863,1656,4482,0.5514485514485514,0.1000066938884798,5.514116405682671
lift,NN006,validation,"(0.0829, 0.159]",4482,517,3965,0.1153502900490852,2173,8964,0.7236097236097236,0.2000133877769596,3.6178064461197
lift,NN006,validation,"(0.0502, 0.0829]",4481,299,4182,0.0667261771925909,2472,13445,0.8231768231768232,0.29999776870384,2.743943152422141
lift,NN006,validation,"(0.0319, 0.0502]",4482,186,4296,0.0414993306559571,2658,17927,0.8851148851148851,0.4000044625923198,2.2127625261445756
lift,NN006,validation,"(0.0217, 0.0319]",4481,116,4365,0.0258870787770586,2774,22408,0.9237429237429238,0.4999888435192003,1.847527071286443
lift,NN006,validation,"(0.0161, 0.0217]",4482,81,4401,0.0180722891566265,2855,26890,0.9507159507159508,0.5999955374076801,1.5845383697745172
lift,NN006,validation,"(0.0125, 0.0161]",4482,60,4422,0.0133868808567603,2915,31372,0.9706959706959708,0.7000022312961599,1.3867041093548809
lift,NN006,validation,"(0.0101, 0.0125]",4481,41,4440,0.0091497433608569,2956,35853,0.9843489843489844,0.7999866122230403,1.2304568217880911
lift,NN006,validation,"(0.00795, 0.0101]",4482,27,4455,0.0060240963855421,2983,40335,0.9933399933399932,0.8999933061115202,1.103719312793318
lift,NN006,validation,"(-0.0009999728, 0.00795]",4482,20,4462,0.0044622936189201,3003,44817,1.0,1.0,1.0
lift,NN007,train,"(0.168, 0.996]",10458,3860,6598,0.3690954293363931,3860,10458,0.5509563231515844,0.1000066938884798,5.5091944521830785
lift,NN007,train,"(0.084, 0.168]",10457,1227,9230,0.1173376685473845,5087,20915,0.7260919212103911,0.2000038250791313,3.630390173403501
lift,NN007,train,"(0.049, 0.084]",10457,703,9754,0.0672276943674093,5790,31372,0.8264344847273766,0.3000009562697828,2.7547728347378535
lift,NN007,train,"(0.0301, 0.049]",10457,443,10014,0.0423639667208568,6233,41829,0.8896660005709391,0.3999980874604343,2.22417563598711
lift,NN007,train,"(0.02, 0.0301]",10457,285,10172,0.0272544706894902,6518,52286,0.9303454182129604,0.4999952186510858,1.8607086298202944
lift,NN007,train,"(0.0145, 0.02]",10458,185,10273,0.0176898068464333,6703,62744,0.956751355980588,0.6000019125395657,1.5945805104704518
lift,NN007,train,"(0.0109, 0.0145]",10457,105,10352,0.0100411207803385,6808,73201,0.9717385098487012,0.6999990437302172,1.3881997676317022
lift,NN007,train,"(0.00856, 0.0109]",10457,96,10361,0.0091804532848809,6904,83658,0.9854410505281188,0.7999961749208687,1.23180720286018
lift,NN007,train,"(0.00678, 0.00856]",10457,56,10401,0.0053552644161805,6960,94115,0.9934341992577792,0.8999933061115202,1.103823986813831
lift,NN007,train,"(-0.0009999999364, 0.00678]",10458,46,10412,0.0043985465672212,7006,104573,1.0,1.0,1.0
lift,NN007,validation,"(0.168, 0.932]",4482,1659,2823,0.3701472556894243,1659,4482,0.5524475524475524,0.1000066938884798,5.524105746997313
lift,NN007,validation,"(0.0841, 0.168]",4482,534,3948,0.1191432396251673,2193,8964,0.7302697302697303,0.2000133877769596,3.651104250501841
lift,NN007,validation,"(0.0496, 0.0841]",4481,300,4181,0.0669493416648069,2493,13445,0.8301698301698301,0.29999776870384,2.7672533491053386
lift,NN007,validation,"(0.0304, 0.0496]",4482,176,4306,0.0392681838464971,2669,17927,0.8887778887778888,0.4000044625923198,2.2219199331376496
lift,NN007,validation,"(0.02, 0.0304]",4481,92,4389,0.0205311314438741,2761,22408,0.9194139194139194,0.4999888435192003,1.8388688694383089
lift,NN007,validation,"(0.0144, 0.02]",4482,103,4379,0.0229808121374386,2864,26890,0.9537129537129536,0.5999955374076801,1.5895334119209168
lift,NN007,validation,"(0.0109, 0.0144]",4482,44,4438,0.0098170459616242,2908,31372,0.9683649683649684,0.7000022312961599,1.3833741166394489
lift,NN007,validation,"(0.00858, 0.0109]",4481,48,4433,0.0107118946663691,2956,35853,0.9843489843489844,0.7999866122230403,1.2304568217880911
lift,NN007,validation,"(0.00679, 0.00858]",4482,27,4455,0.0060240963855421,2983,40335,0.9933399933399932,0.8999933061115202,1.103719312793318
lift,NN007,validation,"(-0.000866, 0.00679]",4482,20,4462,0.0044622936189201,3003,44817,1.0,1.0,1.0
lift,NN008,train,"(0.147, 0.982]",10458,3851,6607,0.3682348441384586,3851,10458,0.5496717099628889,0.1000066938884798,5.49634918014431
lift,NN008,train,"(0.0733, 0.147]",10457,1235,9222,0.1181027063211246,5086,20915,0.7259491864116472,0.2000038250791313,3.629676513058818
lift,NN008,train,"(0.0424, 0.0733]",10457,699,9758,0.0668451754805393,5785,31372,0.8257208107336569,0.3000009562697828,2.7523939290083734
lift,NN008,train,"(0.0254, 0.0424]",10457,439,10018,0.0419814478339868,6224,41829,0.8883813873822438,0.3999980874604343,2.2209640876598384
lift,NN008,train,"(0.0163, 0.0254]",10457,284,10173,0.0271588409677727,6508,52286,0.928918070225521,0.4999952186510858,1.8578539065465591
lift,NN008,train,"(0.0115, 0.0163]",10458,194,10264,0.0185503920443679,6702,62744,0.956608621181844,0.6000019125395657,1.5943426198975037
lift,NN008,train,"(0.00888, 0.0115]",10457,116,10341,0.0110930477192311,6818,73201,0.9731658578361404,0.6999990437302172,1.3902388389707614
lift,NN008,train,"(0.00712, 0.00888]",10457,81,10376,0.0077460074591182,6899,83658,0.9847273765343992,0.7999961749208687,1.230915106102605
lift,NN008,train,"(0.00578, 0.00712]",10457,63,10394,0.0060246724682031,6962,94115,0.993719668855267,0.8999933061115202,1.10414117761464
lift,NN008,train,"(-0.001, 0.00578]",10458,44,10414,0.0042073054121246,7006,104573,1.0,1.0,1.0
lift,NN008,validation,"(0.146, 0.949]",4482,1659,2823,0.3701472556894243,1659,4482,0.5524475524475524,0.1000066938884798,5.524105746997313
lift,NN008,validation,"(0.0735, 0.146]",4482,537,3945,0.1198125836680053,2196,8964,0.7312687312687313,0.2000133877769596,3.6560989211591624
lift,NN008,validation,"(0.0429, 0.0735]",4481,302,4179,0.067395670609239,2498,13445,0.8318348318348319,0.29999776870384,2.772803395934672
lift,NN008,validation,"(0.0257, 0.0429]",4482,168,4314,0.037483266398929,2666,17927,0.8877788877788878,0.4000044625923198,2.2194224585031748
lift,NN008,validation,"(0.0163, 0.0257]",4481,111,4370,0.0247712564159785,2777,22408,0.9247419247419248,0.4999888435192003,1.8495251178667815
lift,NN008,validation,"(0.0114, 0.0163]",4482,77,4405,0.0171798304328424,2854,26890,0.9503829503829504,0.5999955374076801,1.583983365091584
lift,NN008,validation,"(0.00886, 0.0114]",4482,61,4421,0.0136099955377063,2915,31372,0.9706959706959708,0.7000022312961599,1.3867041093548809
lift,NN008,validation,"(0.00712, 0.00886]",4481,42,4439,0.0093729078330729,2957,35853,0.9846819846819846,0.7999866122230403,1.2308730791702929
lift,NN008,validation,"(0.00578, 0.00712]",4482,29,4453,0.0064703257474341,2986,40335,0.9943389943389944,0.8999933061115202,1.1048293221591845
lift,NN008,validation,"(-0.00099738, 0.00578]",4482,17,4465,0.0037929495760821,3003,44817,1.0,1.0,1.0
lift,NN009,train,"(0.173, 0.952]",10458,3868,6590,0.3698603939567795,3868,10458,0.5520982015415358,0.1000066938884798,5.520612471773095
lift,NN009,train,"(0.0873, 0.173]",10457,1277,9180,0.12211915463326,5145,20915,0.7343705395375393,0.2000038250791313,3.6717824733951274
lift,NN009,train,"(0.0549, 0.0873]",10457,667,9790,0.063785024385579,5812,31372,0.8295746502997431,0.3000009562697828,2.7652400199475657
lift,NN009,train,"(0.0343, 0.0549]",10457,438,10019,0.0418858181122692,6250,41829,0.8920924921495861,0.3999980874604343,2.230241893938623
lift,NN009,train,"(0.0217, 0.0343]",10457,284,10173,0.0271588409677727,6534,52286,0.9326291749928632,0.4999952186510858,1.8652761870582697
lift,NN009,train,"(0.0145, 0.0217]",10458,157,10301,0.0150124306750812,6691,62744,0.9550385383956608,0.6000019125395657,1.591725823595076
lift,NN009,train,"(0.0102, 0.0145]",10457,125,10332,0.0119537152146887,6816,73201,0.9728803882386526,0.6999990437302172,1.3898310247029495
lift,NN009,train,"(0.0072, 0.0102]",10457,95,10362,0.0090848235631634,6911,83658,0.9864401941193264,0.7999961749208687,1.233056138320786
lift,NN009,train,"(0.00497, 0.0072]",10457,61,10396,0.005833413024768,6972,94115,0.9951470168427062,0.8999933061115202,1.1057271316186827
lift,NN009,train,"(-0.0009999999999592, 0.00497]",10458,34,10424,0.0032510996366418,7006,104573,1.0,1.0,1.0
lift,NN009,validation,"(0.174, 0.879]",4482,1645,2837,0.3670236501561802,1645,4482,0.5477855477855478,0.1000066938884798,5.477488820862315
lift,NN009,validation,"(0.0875, 0.174]",4482,555,3927,0.1238286479250334,2200,8964,0.7326007326007326,0.2000133877769596,3.6627584820355903
lift,NN009,validation,"(0.0557, 0.0875]",4481,310,4171,0.0691809863869672,2510,13445,0.8358308358308358,0.29999776870384,2.7861235083250704
lift,NN009,validation,"(0.0349, 0.0557]",4482,155,4327,0.0345827755466309,2665,17927,0.8874458874458875,0.4000044625923198,2.21858996695835
lift,NN009,validation,"(0.0217, 0.0349]",4481,102,4379,0.0227627761660343,2767,22408,0.9214119214119214,0.4999888435192003,1.842864962598986
lift,NN009,validation,"(0.0145, 0.0217]",4482,85,4397,0.0189647478804105,2852,26890,0.9497169497169498,0.5999955374076801,1.5828733557257173
lift,NN009,validation,"(0.0103, 0.0145]",4482,64,4418,0.0142793395805444,2916,31372,0.971028971028971,0.7000022312961599,1.3871798225999423
lift,NN009,validation,"(0.00723, 0.0103]",4481,40,4441,0.0089265788886409,2956,35853,0.9843489843489844,0.7999866122230403,1.2304568217880911
lift,NN009,validation,"(0.00498, 0.00723]",4482,28,4454,0.0062472110664881,2984,40335,0.9936729936729936,0.8999933061115202,1.1040893159152736
lift,NN009,validation,"(-0.0009046, 0.00498]",4482,19,4463,0.0042391789379741,3003,44817,1.0,1.0,1.0
lift,NN010,train,"(0.195, 0.767]",10458,3779,6679,0.3613501625549818,3779,10458,0.5393948044533258,0.1000066938884798,5.39358700383416
lift,NN010,train,"(0.094, 0.195]",10457,1195,9262,0.1142775174524242,4974,20915,0.7099628889523266,0.2000038250791313,3.5497465544542983
lift,NN010,train,"(0.0597, 0.094]",10457,739,9718,0.0706703643492397,5713,31372,0.8154439052240936,0.3000009562697828,2.7181376865038613
lift,NN010,train,"(0.0404, 0.0597]",10457,471,9986,0.0450415989289471,6184,41829,0.8826719954324864,0.3999980874604343,2.206690539538631
lift,NN010,train,"(0.0288, 0.0404]",10457,298,10159,0.0284976570718179,6482,52286,0.9252069654581788,0.4999952186510858,1.850431626034849
lift,NN010,train,"(0.0214, 0.0288]",10458,174,10284,0.0166379804934021,6656,62744,0.9500428204396232,0.6000019125395657,1.5833996535418955
lift,NN010,train,"(0.0167, 0.0214]",10457,123,10334,0.0117624557712537,6779,73201,0.9675992006851272,0.6999990437302172,1.3822864607484295
lift,NN010,train,"(0.0134, 0.0167]",10457,102,10355,0.009754231615186,6881,83658,0.9821581501570082,0.7999961749208687,1.227703557775333
lift,NN010,train,"(0.0106, 0.0134]",10457,70,10387,0.0066940805202256,6951,94115,0.9921495860690837,0.8999933061115202,1.102396628210193
lift,NN010,train,"(0.0036100000000000004, 0.0106]",10458,55,10403,0.0052591317651558,7006,104573,1.0,1.0,1.0
lift,NN010,validation,"(0.198, 0.697]",4482,1634,2848,0.3645693886657742,1634,4482,0.5441225441225441,0.1000066938884798,5.440861236041959
lift,NN010,validation,"(0.0948, 0.198]",4482,549,3933,0.1224899598393574,2183,8964,0.726939726939727,0.2000133877769596,3.6344553483107704
lift,NN010,validation,"(0.0601, 0.0948]",4481,297,4184,0.0662798482481589,2480,13445,0.8258408258408259,0.29999776870384,2.7528232273490736
lift,NN010,validation,"(0.0407, 0.0601]",4482,164,4318,0.036590807675145,2644,17927,0.8804528804528805,0.4000044625923198,2.2011076445170272
lift,NN010,validation,"(0.0288, 0.0407]",4481,114,4367,0.0254407498326266,2758,22408,0.9184149184149184,0.4999888435192003,1.8368708228579704
lift,NN010,validation,"(0.0213, 0.0288]",4482,93,4389,0.0207496653279785,2851,26890,0.9493839493839494,0.5999955374076801,1.582318351042784
lift,NN010,validation,"(0.0166, 0.0213]",4482,50,4432,0.0111557340473003,2901,31372,0.966033966033966,0.7000022312961599,1.3800441239240169
lift,NN010,validation,"(0.0133, 0.0166]",4481,54,4427,0.0120508814996652,2955,35853,0.984015984015984,0.7999866122230403,1.2300405644058894
lift,NN010,validation,"(0.0106, 0.0133]",4482,29,4453,0.0064703257474341,2984,40335,0.9936729936729936,0.8999933061115202,1.1040893159152736
lift,NN010,validation,"(0.00385, 0.0106]",4482,19,4463,0.0042391789379741,3003,44817,1.0,1.0,1.0
lift,NN011,train,"(0.158, 0.849]",10458,3763,6695,0.3598202333142092,3763,10458,0.5371110476734228,0.1000066938884798,5.370750964654126
lift,NN011,train,"(0.0855, 0.158]",10457,1202,9255,0.1149469255044467,4965,20915,0.7086782757636312,0.2000038250791313,3.5433236113521493
lift,NN011,train,"(0.0521, 0.0855]",10457,707,9750,0.0676102132542794,5672,31372,0.8095917784755924,0.3000009562697828,2.6986306595221254
lift,NN011,train,"(0.0343, 0.0521]",10457,519,9938,0.0496318255713875,6191,41829,0.883671139023694,0.3999980874604343,2.2091884104598423
lift,NN011,train,"(0.0244, 0.0343]",10457,287,10170,0.0274457301329253,6478,52286,0.924636026263203,0.4999952186510858,1.8492897367253551
lift,NN011,train,"(0.0187, 0.0244]",10458,172,10286,0.0164467393383056,6650,62744,0.9491864116471596,0.6000019125395657,1.5819723101042078
lift,NN011,train,"(0.0147, 0.0187]",10457,135,10322,0.0129100124318638,6785,73201,0.9684556094775908,0.6999990437302172,1.3835099035518654
lift,NN011,train,"(0.0117, 0.0147]",10457,92,10365,0.0087979343980109,6877,83658,0.9815872109620324,0.7999961749208687,1.2269898803692727
lift,NN011,train,"(0.00882, 0.0117]",10457,72,10385,0.0068853399636607,6949,94115,0.9918641164715958,0.8999933061115202,1.102079437409384
lift,NN011,train,"(-0.001, 0.00882]",10458,57,10401,0.0054503729202524,7006,104573,1.0,1.0,1.0
lift,NN011,validation,"(0.159, 0.782]",4482,1631,2851,0.3639000446229362,1631,4482,0.5431235431235432,0.1000066938884798,5.430871894727317
lift,NN011,validation,"(0.0859, 0.159]",4482,540,3942,0.1204819277108433,2171,8964,0.7229437229437229,0.2000133877769596,3.614476665681485
lift,NN011,validation,"(0.0526, 0.0859]",4481,273,4208,0.0609239009149743,2444,13445,0.8138528138528138,0.29999776870384,2.712862890177877
lift,NN011,validation,"(0.0346, 0.0526]",4482,200,4282,0.0446229361892012,2644,17927,0.8804528804528805,0.4000044625923198,2.2011076445170272
lift,NN011,validation,"(0.0245, 0.0346]",4481,113,4368,0.0252175853604106,2757,22408,0.918081918081918,0.4999888435192003,1.8362048073311907
lift,NN011,validation,"(0.0186, 0.0245]",4482,88,4394,0.0196340919232485,2845,26890,0.9473859473859474,0.5999955374076801,1.5789883229451844
lift,NN011,validation,"(0.0146, 0.0186]",4482,64,4418,0.0142793395805444,2909,31372,0.9686979686979686,0.7000022312961599,1.3838498298845106
lift,NN011,validation,"(0.0117, 0.0146]",4481,47,4434,0.010488730194153,2956,35853,0.9843489843489844,0.7999866122230403,1.2304568217880911
lift,NN011,validation,"(0.00887, 0.0117]",4482,23,4459,0.0051316376617581,2979,40335,0.992007992007992,0.8999933061115202,1.102239300305496
lift,NN011,validation,"(-0.0009999784, 0.00887]",4482,24,4458,0.0053547523427041,3003,44817,1.0,1.0,1.0
lift,NN012,train,"(0.177, 0.899]",10458,3749,6709,0.3584815452285332,3749,10458,0.5351127604910078,0.1000066938884798,5.350769430371597
lift,NN012,train,"(0.0941, 0.177]",10457,1198,9259,0.1145644066175767,4947,20915,0.7061090493862404,0.2000038250791313,3.5304777251478514
lift,NN012,train,"(0.0562, 0.0941]",10457,717,9740,0.0685665104714545,5664,31372,0.8084499000856409,0.3000009562697828,2.6948244103549572
lift,NN012,train,"(0.0357, 0.0562]",10457,518,9939,0.04953619584967,6182,41829,0.8823865258349985,0.3999980874604343,2.205976862132571
lift,NN012,train,"(0.0248, 0.0357]",10457,300,10157,0.0286889165152529,6482,52286,0.9252069654581788,0.4999952186510858,1.850431626034849
lift,NN012,train,"(0.0184, 0.0248]",10458,167,10291,0.0159686364505641,6649,62744,0.9490436768484156,0.6000019125395657,1.5817344195312597
lift,NN012,train,"(0.0141, 0.0184]",10457,150,10307,0.0143444582576264,6799,73201,0.9704538966600056,0.6999990437302172,1.3863646034265484
lift,NN012,train,"(0.0108, 0.0141]",10457,91,10366,0.0087023046762933,6890,83658,0.9834427633457036,0.7999961749208687,1.229309331938969
lift,NN012,train,"(0.0081, 0.0108]",10457,68,10389,0.0065028210767906,6958,94115,0.9931487296602912,0.8999933061115202,1.1035067960130227
lift,NN012,train,"(-0.001, 0.0081]",10458,48,10410,0.0045897877223178,7006,104573,1.0,1.0,1.0
lift,NN012,validation,"(0.178, 0.895]",4482,1647,2835,0.3674698795180723,1647,4482,0.5484515484515484,0.1000066938884798,5.484148381738743
lift,NN012,validation,"(0.0945, 0.178]",4482,527,3955,0.1175814368585452,2174,8964,0.723942723942724,0.2000133877769596,3.6194713363388065
lift,NN012,validation,"(0.0567, 0.0945]",4481,283,4198,0.0631555456371345,2457,13445,0.8181818181818182,0.29999776870384,2.727293011934143
lift,NN012,validation,"(0.0361, 0.0567]",4482,184,4298,0.0410531012940651,2641,17927,0.8794538794538794,0.4000044625923198,2.1986101698825524
lift,NN012,validation,"(0.0247, 0.0361]",4481,118,4363,0.0263334077214907,2759,22408,0.9187479187479188,0.4999888435192003,1.8375368383847497
lift,NN012,validation,"(0.0184, 0.0247]",4482,88,4394,0.0196340919232485,2847,26890,0.948051948051948,0.5999955374076801,1.580098332311051
lift,NN012,validation,"(0.014, 0.0184]",4482,60,4422,0.0133868808567603,2907,31372,0.968031968031968,0.7000022312961599,1.3828984033943872
lift,NN012,validation,"(0.0108, 0.014]",4481,49,4432,0.0109350591385851,2956,35853,0.9843489843489844,0.7999866122230403,1.2304568217880911
lift,NN012,validation,"(0.00809, 0.0108]",4482,25,4457,0.0055778670236501,2981,40335,0.9926739926739928,0.8999933061115202,1.102979306549407
lift,NN012,validation,"(-0.000999999342, 0.00809]",4482,22,4460,0.0049085229808121,3003,44817,1.0,1.0,1.0
lift,NN013,train,"(0.157, 0.918]",10458,3794,6664,0.3627844712182062,3794,10458,0.5415358264344847,0.1000066938884798,5.41499579056544
lift,NN013,train,"(0.0814, 0.157]",10457,1205,9252,0.1152338146695993,4999,20915,0.713531258920925,0.2000038250791313,3.5675880630713785
lift,NN013,train,"(0.0496, 0.0814]",10457,696,9761,0.0665582863153868,5695,31372,0.8128746788467028,0.3000009562697828,2.7095736258777334
lift,NN013,train,"(0.032, 0.0496]",10457,523,9934,0.0500143444582576,6218,41829,0.8875249785897802,0.3999980874604343,2.218823055441657
lift,NN013,train,"(0.0225, 0.032]",10457,274,10183,0.0262025437505976,6492,52286,0.926634313445618,0.4999952186510858,1.853286349308584
lift,NN013,train,"(0.017, 0.0225]",10458,183,10275,0.0174985656913367,6675,62744,0.952754781615758,0.6000019125395657,1.5879195744279078
lift,NN013,train,"(0.0135, 0.017]",10457,126,10331,0.0120493449364062,6801,73201,0.9707393662574936,0.6999990437302172,1.3867724176943603
lift,NN013,train,"(0.0108, 0.0135]",10457,95,10362,0.0090848235631634,6896,83658,0.9842991721381672,0.7999961749208687,1.2303798480480594
lift,NN013,train,"(0.00869, 0.0108]",10457,63,10394,0.0060246724682031,6959,94115,0.9932914644590352,0.8999933061115202,1.1036653914134271
lift,NN013,train,"(-0.001, 0.00869]",10458,47,10411,0.0044941671447695,7006,104573,1.0,1.0,1.0
lift,NN013,validation,"(0.157, 0.878]",4482,1642,2840,0.3663543061133422,1642,4482,0.5467865467865468,0.1000066938884798,5.467499479547673
lift,NN013,validation,"(0.0818, 0.157]",4482,544,3938,0.1213743864346274,2186,8964,0.7279387279387279,0.2000133877769596,3.639450018968091
lift,NN013,validation,"(0.05, 0.0818]",4481,277,4204,0.0618165588038384,2463,13445,0.8201798201798202,0.29999776870384,2.733953068129342
lift,NN013,validation,"(0.0323, 0.05]",4482,188,4294,0.0419455600178491,2651,17927,0.8827838827838828,0.4000044625923198,2.206935085330801
lift,NN013,validation,"(0.0224, 0.0323]",4481,111,4370,0.0247712564159785,2762,22408,0.9197469197469198,0.4999888435192003,1.8395348849650883
lift,NN013,validation,"(0.017, 0.0224]",4482,90,4392,0.0200803212851405,2852,26890,0.9497169497169498,0.5999955374076801,1.5828733557257173
lift,NN013,validation,"(0.0134, 0.017]",4482,55,4427,0.0122713074520303,2907,31372,0.968031968031968,0.7000022312961599,1.3828984033943872
lift,NN013,validation,"(0.0108, 0.0134]",4481,55,4426,0.0122740459718812,2962,35853,0.9863469863469864,0.7999866122230403,1.2329543660813012
lift,NN013,validation,"(0.00867, 0.0108]",4482,21,4461,0.0046854082998661,2983,40335,0.9933399933399932,0.8999933061115202,1.103719312793318
lift,NN013,validation,"(-0.000999578, 0.00867]",4482,20,4462,0.0044622936189201,3003,44817,1.0,1.0,1.0
lift,NN014,train,"(0.166, 0.89]",10458,3752,6706,0.358768406961178,3752,10458,0.5355409648872395,0.1000066938884798,5.3550511877178515
lift,NN014,train,"(0.0851, 0.166]",10457,1212,9245,0.1159032227216218,4964,20915,0.7085355409648872,0.2000038250791313,3.542609951007466
lift,NN014,train,"(0.051, 0.0851]",10457,736,9721,0.0703834751840872,5700,31372,0.8135883528404225,0.3000009562697828,2.7119525316072135
lift,NN014,train,"(0.0312, 0.051]",10457,437,10020,0.0417901883905517,6137,41829,0.8759634598915216,0.3999980874604343,2.1899191204962127
lift,NN014,train,"(0.0216, 0.0312]",10457,285,10172,0.0272544706894902,6422,52286,0.9166428775335428,0.4999952186510858,1.8333032863924408
lift,NN014,train,"(0.0164, 0.0216]",10458,194,10264,0.0185503920443679,6616,62744,0.9443334284898658,0.6000019125395657,1.5738840306239756
lift,NN014,train,"(0.0128, 0.0164]",10457,140,10317,0.0133881610404513,6756,73201,0.9643163003140166,0.6999990437302172,1.3775965966685928
lift,NN014,train,"(0.00999, 0.0128]",10457,113,10344,0.0108061585540786,6869,83658,0.9804453325720812,0.7999961749208687,1.225562525557152
lift,NN014,train,"(0.00796, 0.00999]",10457,74,10383,0.0070765994070957,6943,94115,0.9910077076791322,0.8999933061115202,1.1011278650069585
lift,NN014,train,"(0.00486, 0.00796]",10458,63,10395,0.0060240963855421,7006,104573,1.0,1.0,1.0
lift,NN014,validation,"(0.166, 0.854]",4482,1663,2819,0.3710397144132084,1663,4482,0.5537795537795538,0.1000066938884798,5.53742486875017
lift,NN014,validation,"(0.0848, 0.166]",4482,489,3993,0.109103078982597,2152,8964,0.7166167166167167,0.2000133877769596,3.5828437515184506
lift,NN014,validation,"(0.0514, 0.0848]",4481,316,4165,0.0705199732202633,2468,13445,0.8218448218448219,0.29999776870384,2.739503114958675
lift,NN014,validation,"(0.0314, 0.0514]",4482,173,4309,0.038598839803659,2641,17927,0.8794538794538794,0.4000044625923198,2.1986101698825524
lift,NN014,validation,"(0.0215, 0.0314]",4481,109,4372,0.0243249274715465,2750,22408,0.9157509157509156,0.4999888435192003,1.831542698643734
lift,NN014,validation,"(0.0162, 0.0215]",4482,85,4397,0.0189647478804105,2835,26890,0.944055944055944,0.5999955374076801,1.5734382761158516
lift,NN014,validation,"(0.0127, 0.0162]",4482,58,4424,0.0129406514948683,2893,31372,0.9633699633699634,0.7000022312961599,1.3762384179635232
lift,NN014,validation,"(0.01, 0.0127]",4481,45,4436,0.010042401249721,2938,35853,0.9783549783549784,0.7999866122230403,1.2229641889084613
lift,NN014,validation,"(0.00795, 0.01]",4482,38,4444,0.0084783578759482,2976,40335,0.991008991008991,0.8999933061115202,1.1011292909396293
lift,NN014,validation,"(0.00476, 0.00795]",4482,27,4455,0.0060240963855421,3003,44817,1.0,1.0,1.0
lift,NN015,train,"(0.184, 0.871]",10458,3763,6695,0.3598202333142092,3763,10458,0.5371110476734228,0.1000066938884798,5.370750964654126
lift,NN015,train,"(0.096, 0.184]",10457,1201,9256,0.1148512957827292,4964,20915,0.7085355409648872,0.2000038250791313,3.542609951007466
lift,NN015,train,"(0.0591, 0.096]",10449,743,9706,0.0711072829935879,5707,31364,0.81458749643163,0.2999244546871563,2.7159755855230467
lift,NN015,train,"(0.0367, 0.0591]",10465,436,10029,0.041662685140946,6143,41829,0.8768198686839852,0.3999980874604343,2.1920601527143937
lift,NN015,train,"(0.0238, 0.0367]",10457,286,10171,0.0273501004112078,6429,52286,0.9176420211247502,0.4999952186510858,1.835301592684055
lift,NN015,train,"(0.0174, 0.0238]",10458,192,10266,0.0183591508892713,6621,62744,0.9450471024835856,0.6000019125395657,1.5750734834887157
lift,NN015,train,"(0.0134, 0.0174]",10457,129,10328,0.0123362341015587,6750,73201,0.963459891521553,0.6999990437302172,1.3763731538651571
lift,NN015,train,"(0.0102, 0.0134]",10457,119,10338,0.0113799368843836,6869,83658,0.9804453325720812,0.7999961749208687,1.225562525557152
lift,NN015,train,"(0.00792, 0.0102]",10438,82,10356,0.0078559110940793,6951,94096,0.9921495860690837,0.8998116148527823,1.1026192257269414
lift,NN015,train,"(0.00562, 0.00792]",10477,55,10422,0.0052495943495275,7006,104573,1.0,1.0,1.0
lift,NN015,validation,"(0.184, 0.829]",4482,1660,2822,0.3703703703703703,1660,4482,0.5527805527805528,0.1000066938884798,5.527435527435529
lift,NN015,validation,"(0.0964, 0.184]",4482,499,3983,0.1113342257920571,2159,8964,0.7189477189477189,0.2000133877769596,3.5944979830522
lift,NN015,validation,"(0.0598, 0.0964]",4472,313,4159,0.0699910554561717,2472,13436,0.8231768231768232,0.2997969520494455,2.7457811613810423
lift,NN015,validation,"(0.037, 0.0598]",4491,173,4318,0.038521487419283,2645,17927,0.8807858807858808,0.4000044625923198,2.201940136061852
lift,NN015,validation,"(0.0237, 0.037]",4481,108,4373,0.0241017629993305,2753,22408,0.9167499167499168,0.4999888435192003,1.8335407452240728
lift,NN015,validation,"(0.0172, 0.0237]",4482,84,4398,0.0187416331994645,2837,26890,0.9447219447219448,0.5999955374076801,1.574548285481718
lift,NN015,validation,"(0.0133, 0.0172]",4482,51,4431,0.0113788487282463,2888,31372,0.9617049617049616,0.7000022312961599,1.3738598517382146
lift,NN015,validation,"(0.0102, 0.0133]",4481,52,4429,0.0116045525552332,2940,35853,0.9790209790209792,0.7999866122230403,1.2237967036728647
lift,NN015,validation,"(0.00792, 0.0102]",4425,36,4389,0.0081355932203389,2976,40278,0.991008991008991,0.8987214673003547,1.1026875701387842
lift,NN015,validation,"(0.00562, 0.00792]",4539,27,4512,0.0059484467944481,3003,44817,1.0,1.0,1.0
lift,NN016,train,"(0.174, 0.888]",10453,3727,6726,0.3565483593226825,3727,10453,0.5319725949186411,0.0999588803993382,5.321914299093759
lift,NN016,train,"(0.0943, 0.174]",10462,1209,9253,0.115561078187727,4936,20915,0.7045389666000571,0.2000038250791313,3.522627461356336
lift,NN016,train,"(0.0571, 0.0943]",10457,768,9689,0.0734436262790475,5704,31372,0.8141592920353983,0.3000009562697828,2.7138556561907974
lift,NN016,train,"(0.0362, 0.0571]",10457,442,10015,0.0422683369991393,6146,41829,0.8772480730802169,0.3999980874604343,2.193130668823484
lift,NN016,train,"(0.0251, 0.0362]",10457,296,10161,0.0283063976283829,6442,52286,0.9194975735084212,0.4999952186510858,1.83901273293991
lift,NN016,train,"(0.0192, 0.0251]",10458,201,10257,0.0192197360872059,6643,62744,0.948187268055952,0.6000019125395657,1.5803070760935718
lift,NN016,train,"(0.0155, 0.0192]",10457,125,10332,0.0119537152146887,6768,73201,0.9660291178989436,0.6999990437302172,1.380043482275464
lift,NN016,train,"(0.0126, 0.0155]",10457,114,10343,0.0109017882757961,6882,83658,0.9823008849557522,0.7999961749208687,1.227881977126848
lift,NN016,train,"(0.00988, 0.0126]",10457,76,10381,0.0072678588505307,6958,94115,0.9931487296602912,0.8999933061115202,1.1035067960130227
lift,NN016,train,"(0.00186, 0.00988]",10458,48,10410,0.0045897877223178,7006,104573,1.0,1.0,1.0
lift,NN016,validation,"(0.175, 0.871]",4482,1650,2832,0.3681392235609103,1650,4482,0.5494505494505495,0.1000066938884798,5.494137723053386
lift,NN016,validation,"(0.0945, 0.175]",4482,488,3994,0.108879964301651,2138,8964,0.7119547119547119,0.2000133877769596,3.5595352884509515
lift,NN016,validation,"(0.0577, 0.0945]",4481,327,4154,0.0729747824146395,2465,13445,0.8208458208458208,0.29999776870384,2.736173086861075
lift,NN016,validation,"(0.0365, 0.0577]",4482,179,4303,0.0399375278893351,2644,17927,0.8804528804528805,0.4000044625923198,2.2011076445170272
lift,NN016,validation,"(0.0251, 0.0365]",4481,124,4357,0.0276723945547868,2768,22408,0.9217449217449216,0.4999888435192003,1.8435309781257656
lift,NN016,validation,"(0.0191, 0.0251]",4482,73,4409,0.0162873717090584,2841,26890,0.946053946053946,0.5999955374076801,1.5767683042134513
lift,NN016,validation,"(0.0154, 0.0191]",4482,62,4420,0.0138331102186523,2903,31372,0.9666999666999668,0.7000022312961599,1.3809955504141402
lift,NN016,validation,"(0.0126, 0.0154]",4481,38,4443,0.0084802499442088,2941,35853,0.9793539793539794,0.7999866122230403,1.2242129610550665
lift,NN016,validation,"(0.00987, 0.0126]",4482,35,4447,0.0078090138331102,2976,40335,0.991008991008991,0.8999933061115202,1.1011292909396293
lift,NN016,validation,"(0.0015300000000000001, 0.00987]",4482,27,4455,0.0060240963855421,3003,44817,1.0,1.0,1.0
lift,NN017,train,"(0.163, 0.937]",10458,3777,6681,0.3611589213998852,3777,10458,0.5391093348558379,0.1000066938884798,5.390732498936655
lift,NN017,train,"(0.0892, 0.163]",10457,1192,9265,0.1139906282872716,4969,20915,0.7092492149586069,0.2000038250791313,3.5461782527308823
lift,NN017,train,"(0.0547, 0.0892]",10457,759,9698,0.0725829587835899,5728,31372,0.8175849272052527,0.3000009562697828,2.7252744036923016
lift,NN017,train,"(0.0352, 0.0547]",10457,415,10042,0.0396863345127665,6143,41829,0.8768198686839852,0.3999980874604343,2.1920601527143937
lift,NN017,train,"(0.0234, 0.0352]",10457,312,10145,0.029836473175863,6455,52286,0.9213531258920924,0.4999952186510858,1.8427238731957656
lift,NN017,train,"(0.0165, 0.0234]",10458,196,10262,0.0187416331994645,6651,62744,0.9493291464459036,0.6000019125395657,1.5822102006771557
lift,NN017,train,"(0.0122, 0.0165]",10457,126,10331,0.0120493449364062,6777,73201,0.9673137310876392,0.6999990437302172,1.3818786464806176
lift,NN017,train,"(0.0085, 0.0122]",10457,110,10347,0.010519269388926,6887,83658,0.983014558949472,0.7999961749208687,1.2287740738844235
lift,NN017,train,"(0.00564, 0.0085]",10457,68,10389,0.0065028210767906,6955,94115,0.9927205252640594,0.8999933061115202,1.10303100981181
lift,NN017,train,"(0.00099, 0.00564]",10458,51,10407,0.0048766494549627,7006,104573,1.0,1.0,1.0
lift,NN017,validation,"(0.163, 0.936]",4482,1655,2827,0.3692547969656403,1655,4482,0.5511155511155511,0.1000066938884798,5.510786625244457
lift,NN017,validation,"(0.0894, 0.163]",4482,501,3981,0.1117804551539491,2156,8964,0.717948717948718,0.2000133877769596,3.589503312394879
lift,NN017,validation,"(0.0552, 0.0894]",4481,300,4181,0.0669493416648069,2456,13445,0.8178488178488178,0.29999776870384,2.726183002568276
lift,NN017,validation,"(0.0356, 0.0552]",4482,190,4292,0.0423917893797411,2646,17927,0.8811188811188811,0.4000044625923198,2.202772627606677
lift,NN017,validation,"(0.0233, 0.0356]",4481,119,4362,0.0265565721937067,2765,22408,0.9207459207459208,0.4999888435192003,1.8415329315454272
lift,NN017,validation,"(0.0165, 0.0233]",4482,77,4405,0.0171798304328424,2842,26890,0.9463869463869464,0.5999955374076801,1.5773233088963845
lift,NN017,validation,"(0.0122, 0.0165]",4482,59,4423,0.0131637661758143,2901,31372,0.966033966033966,0.7000022312961599,1.3800441239240169
lift,NN017,validation,"(0.00852, 0.0122]",4481,50,4431,0.0111582236108011,2951,35853,0.9826839826839828,0.7999866122230403,1.2283755348770828
lift,NN017,validation,"(0.00565, 0.00852]",4482,29,4453,0.0064703257474341,2980,40335,0.9923409923409924,0.8999933061115202,1.1026093034274516
lift,NN017,validation,"(0.0008699999999999999, 0.00565]",4482,23,4459,0.0051316376617581,3003,44817,1.0,1.0,1.0
lift,NN018,train,"(0.166, 0.985]",10458,3805,6653,0.3638362975712373,3805,10458,0.543105909220668,0.1000066938884798,5.430695567501714
lift,NN018,train,"(0.0776, 0.166]",10457,1218,9239,0.1164770010519269,5023,20915,0.7169568940907793,0.2000038250791313,3.5847159113437757
lift,NN018,train,"(0.0495, 0.0776]",10457,747,9710,0.0714354021229798,5770,31372,0.8235797887524978,0.3000009562697828,2.745257211819933
lift,NN018,train,"(0.0312, 0.0495]",10457,448,10009,0.0428421153294443,6218,41829,0.8875249785897802,0.3999980874604343,2.218823055441657
lift,NN018,train,"(0.0201, 0.0312]",10457,283,10174,0.0270632112460552,6501,52286,0.9279189266343134,0.4999952186510858,1.855855600254945
lift,NN018,train,"(0.014, 0.0201]",10458,184,10274,0.017594186268885,6685,62744,0.9541821296031971,0.6000019125395657,1.5902984801573878
lift,NN018,train,"(0.0105, 0.014]",10457,123,10334,0.0117624557712537,6808,73201,0.9717385098487012,0.6999990437302172,1.3881997676317022
lift,NN018,train,"(0.00802, 0.0105]",10457,92,10365,0.0087979343980109,6900,83658,0.9848701113331432,0.7999961749208687,1.23109352545412
lift,NN018,train,"(0.00604, 0.00802]",10457,65,10392,0.0062159319116381,6965,94115,0.9941478732514988,0.8999933061115202,1.1046169638158527
lift,NN018,train,"(0.0006000000000000001, 0.00604]",10458,41,10417,0.0039204436794798,7006,104573,1.0,1.0,1.0
lift,NN018,validation,"(0.166, 0.865]",4482,1668,2814,0.3721552878179384,1668,4482,0.5554445554445554,0.1000066938884798,5.55407377094124
lift,NN018,validation,"(0.0779, 0.166]",4482,531,3951,0.1184738955823293,2199,8964,0.7322677322677322,0.2000133877769596,3.661093591816483
lift,NN018,validation,"(0.05, 0.0779]",4481,291,4190,0.0649408614148627,2490,13445,0.8291708291708292,0.29999776870384,2.763923321007739
lift,NN018,validation,"(0.0315, 0.05]",4482,171,4311,0.038152610441767,2661,17927,0.8861138861138861,0.4000044625923198,2.2152600007790504
lift,NN018,validation,"(0.02, 0.0315]",4481,116,4365,0.0258870787770586,2777,22408,0.9247419247419248,0.4999888435192003,1.8495251178667815
lift,NN018,validation,"(0.014, 0.02]",4482,85,4397,0.0189647478804105,2862,26890,0.9530469530469532,0.5999955374076801,1.58842340255505
lift,NN018,validation,"(0.0104, 0.014]",4482,58,4424,0.0129406514948683,2920,31372,0.9723609723609724,0.7000022312961599,1.3890826755801895
lift,NN018,validation,"(0.00801, 0.0104]",4481,38,4443,0.0084802499442088,2958,35853,0.985014985014985,0.7999866122230403,1.2312893365524944
lift,NN018,validation,"(0.00606, 0.00801]",4482,27,4455,0.0060240963855421,2985,40335,0.994005994005994,0.8999933061115202,1.104459319037229
lift,NN018,validation,"(0.00058, 0.00606]",4482,18,4464,0.0040160642570281,3003,44817,1.0,1.0,1.0
lift,NN019,train,"(0.185, 0.945]",10458,3821,6637,0.3653662268120099,3821,10458,0.5453896660005709,0.1000066938884798,5.4535316066817465
lift,NN019,train,"(0.0947, 0.185]",10457,1244,9213,0.1189633738165821,5065,20915,0.7229517556380245,0.2000038250791313,3.6146896458204703
lift,NN019,train,"(0.0557, 0.0947]",10457,708,9749,0.0677058429759969,5773,31372,0.8240079931487296,0.3000009562697828,2.7466845552576213
lift,NN019,train,"(0.0345, 0.0557]",10457,457,10000,0.0437027828249019,6230,41829,0.8892377961747074,0.3999980874604343,2.2231051198780194
lift,NN019,train,"(0.023, 0.0345]",10457,265,10192,0.02534187625514,6495,52286,0.92706251784185,0.4999952186510858,1.854142766290704
lift,NN019,train,"(0.0162, 0.023]",10458,189,10269,0.0180722891566265,6684,62744,0.9540393948044532,0.6000019125395657,1.5900605895844395
lift,NN019,train,"(0.0126, 0.0162]",10457,115,10342,0.0109974179975136,6799,73201,0.9704538966600056,0.6999990437302172,1.3863646034265484
lift,NN019,train,"(0.0102, 0.0126]",10457,92,10365,0.0087979343980109,6891,83658,0.9835854981444476,0.7999961749208687,1.229487751290484
lift,NN019,train,"(0.00823, 0.0102]",10457,66,10391,0.0063115616333556,6957,94115,0.9930059948615472,0.8999933061115202,1.1033482006126183
lift,NN019,train,"(0.00163, 0.00823]",10458,49,10409,0.0046854082998661,7006,104573,1.0,1.0,1.0
lift,NN019,validation,"(0.184, 0.942]",4481,1664,2817,0.3713456817674626,1664,4481,0.5541125541125541,0.0999843809268804,5.541991148775348
lift,NN019,validation,"(0.0948, 0.184]",4483,542,3941,0.120901182244033,2206,8964,0.7345987345987346,0.2000133877769596,3.672747823350233
lift,NN019,validation,"(0.0567, 0.0948]",4481,300,4181,0.0669493416648069,2506,13445,0.8344988344988346,0.29999776870384,2.7816834708616045
lift,NN019,validation,"(0.0349, 0.0567]",4482,155,4327,0.0345827755466309,2661,17927,0.8861138861138861,0.4000044625923198,2.2152600007790504
lift,NN019,validation,"(0.023, 0.0349]",4481,112,4369,0.0249944208881946,2773,22408,0.9234099234099234,0.4999888435192003,1.8468610557596632
lift,NN019,validation,"(0.0162, 0.023]",4482,78,4404,0.0174029451137884,2851,26890,0.9493839493839494,0.5999955374076801,1.582318351042784
lift,NN019,validation,"(0.0125, 0.0162]",4482,61,4421,0.0136099955377063,2912,31372,0.9696969696969696,0.7000022312961599,1.3852769696196958
lift,NN019,validation,"(0.0101, 0.0125]",4481,40,4441,0.0089265788886409,2952,35853,0.983016983016983,0.7999866122230403,1.2287917922592846
lift,NN019,validation,"(0.00825, 0.0101]",4482,35,4447,0.0078090138331102,2987,40335,0.9946719946719946,0.8999933061115202,1.10519932528114
lift,NN019,validation,"(0.0010699999999999998, 0.00825]",4482,16,4466,0.0035698348951361,3003,44817,1.0,1.0,1.0
lift,T001,train,"(0.109, 0.61]",9159,3292,5867,0.3594278851402991,3292,9159,0.4698829574650299,0.0875847494095034,5.3648946949438345
lift,T001,train,"(0.0214, 0.109]",95414,3714,91700,0.0389251053304546,7006,104573,1.0,1.0,1.0
lift,T001,validation,"(0.109, 0.61]",3935,1395,2540,0.3545108005082592,1395,3935,0.4645354645354645,0.0878015038936118,5.290746102690194
lift,T001,validation,"(0.0214, 0.109]",40882,1608,39274,0.039332713663715,3003,44817,1.0,1.0,1.0
lift,T002,train,"(0.161, 0.692]",9033,3501,5532,0.3875788774493524,3501,9033,0.4997145304025121,0.0863798494831361,5.785082208323027
lift,T002,train,"(0.0909, 0.161]",6035,857,5178,0.1420049710024855,4358,15068,0.6220382529260634,0.144090730876995,4.316990059944069
lift,T002,train,"(0.056, 0.0909]",10751,977,9774,0.0908752674169844,5335,25819,0.7614901512988866,0.24689929522917,3.0842135478437767
lift,T002,train,"(0.0408, 0.056]",9501,504,8997,0.0530470476791916,5839,35320,0.8334284898658293,0.3377544872959559,2.467557119783108
lift,T002,train,"(0.0114, 0.0408]",69253,1167,68086,0.0168512555412761,7006,104573,1.0,1.0,1.0
lift,T002,validation,"(0.161, 0.692]",3867,1490,2377,0.3853116110680114,1490,3867,0.4961704961704962,0.086284222504853,5.7504197380070154
lift,T002,validation,"(0.0909, 0.161]",2637,402,2235,0.1524459613196814,1892,6504,0.63003663003663,0.1451235022424526,4.341382479758864
lift,T002,validation,"(0.056, 0.0909]",4672,413,4259,0.0883989726027397,2305,11176,0.7675657675657676,0.2493696588348171,3.078023890926539
lift,T002,validation,"(0.0408, 0.056]",4008,217,3791,0.0541417165668662,2522,15184,0.8398268398268398,0.3388000089251846,2.478827679170145
lift,T002,validation,"(0.0114, 0.0408]",29633,481,29152,0.0162319036209631,3003,44817,1.0,1.0,1.0
lift,T003,train,"(0.166, 0.8]",10115,3766,6349,0.372318339100346,3766,10115,0.5375392520696546,0.096726688533369,5.557300267590706
lift,T003,train,"(0.0757, 0.166]",8762,1088,7674,0.1241725633417028,4854,18877,0.6928347131030546,0.1805150469050328,3.838099510161875
lift,T003,train,"(0.0493, 0.0757]",11424,819,10605,0.0716911764705882,5673,30301,0.8097345132743363,0.2897593068956614,2.7945073514615744
lift,T003,train,"(0.0409, 0.0493]",8679,410,8269,0.047240465491416,6083,38980,0.8682557807593492,0.3727539613475754,2.3292999425692003
lift,T003,train,"(0.016, 0.0409]",8442,268,8174,0.0317460317460317,6351,47422,0.9065087068227232,0.4534822564141795,1.998994875765945
lift,T003,train,"(0.0064, 0.016]",57151,655,56496,0.0114608668264772,7006,104573,1.0,1.0,1.0
lift,T003,validation,"(0.166, 0.8]",4297,1574,2723,0.3663020712124738,1574,4297,0.5241425241425242,0.0958787959925921,5.466719921921225
lift,T003,validation,"(0.0757, 0.166]",3867,526,3341,0.1360227566589087,2100,8164,0.6993006993006993,0.1821630184974451,3.8388730328955702
lift,T003,validation,"(0.0493, 0.0757]",4931,359,4572,0.0728047049280064,2459,13095,0.8188478188478189,0.2921882321440525,2.8024667962812293
lift,T003,validation,"(0.0409, 0.0493]",3762,146,3616,0.0388091440723019,2605,16857,0.8674658674658675,0.3761295936809692,2.3062951760228856
lift,T003,validation,"(0.016, 0.0409]",3426,102,3324,0.0297723292469352,2707,20283,0.9014319014319014,0.45257380012049,1.991789849946927
lift,T003,validation,"(0.0064, 0.016]",24534,296,24238,0.012064889541045,3003,44817,1.0,1.0,1.0
lift,T004,train,"(0.161, 0.709]",9263,3525,5738,0.3805462593112382,3525,9263,0.5031401655723665,0.0885792699836477,5.6801119005072955
lift,T004,train,"(0.0909, 0.161]",5470,805,4665,0.1471663619744058,4330,14733,0.6180416785612333,0.1408872271045107,4.386782899082593
lift,T004,train,"(0.056, 0.0909]",11086,1005,10081,0.0906548800288652,5335,25819,0.7614901512988866,0.24689929522917,3.0842135478437767
lift,T004,train,"(0.0408, 0.056]",9501,504,8997,0.0530470476791916,5839,35320,0.8334284898658293,0.3377544872959559,2.467557119783108
lift,T004,train,"(0.0114, 0.0408]",69253,1167,68086,0.0168512555412761,7006,104573,1.0,1.0,1.0
lift,T004,validation,"(0.161, 0.709]",3935,1487,2448,0.3778907242693773,1487,3935,0.4951714951714951,0.0878015038936118,5.639669860000229
lift,T004,validation,"(0.0909, 0.161]",2424,394,2030,0.1625412541254125,1881,6359,0.6263736263736264,0.1418881228105406,4.414559964331941
lift,T004,validation,"(0.056, 0.0909]",4817,424,4393,0.0880215902013701,2305,11176,0.7675657675657676,0.2493696588348171,3.078023890926539
lift,T004,validation,"(0.0408, 0.056]",4008,217,3791,0.0541417165668662,2522,15184,0.8398268398268398,0.3388000089251846,2.478827679170145
lift,T004,validation,"(0.0114, 0.0408]",29633,481,29152,0.0162319036209631,3003,44817,1.0,1.0,1.0
lift,T005,train,"(0.184, 0.709]",10171,3728,6443,0.3665322977091731,3728,10171,0.5321153297173851,0.0972621996117544,5.4709366212305675
lift,T005,train,"(0.0757, 0.184]",9777,1189,8588,0.1216119464048276,4917,19948,0.7018270054239224,0.1907566962791543,3.679173623330451
lift,T005,train,"(0.0509, 0.0757]",11266,820,10446,0.0727853719154979,5737,31214,0.818869540393948,0.2984900500129096,2.7433729880059055
lift,T005,train,"(0.0394, 0.0509]",6477,314,6163,0.0484792342133703,6051,37691,0.8636882671995433,0.3604276438468821,2.3962875266206214
lift,T005,train,"(0.016, 0.0394]",9731,300,9431,0.0308293083958483,6351,47422,0.9065087068227232,0.4534822564141795,1.998994875765945
lift,T005,train,"(0.0064, 0.016]",57151,655,56496,0.0114608668264772,7006,104573,1.0,1.0,1.0
lift,T005,validation,"(0.166, 0.709]",4469,1594,2875,0.3566793466099798,1594,4469,0.5308025308025308,0.0997166253876877,5.323109649357132
lift,T005,validation,"(0.0757, 0.166]",4110,533,3577,0.1296836982968369,2127,8579,0.7082917082917083,0.1914228975611933,3.700140982691397
lift,T005,validation,"(0.052, 0.0757]",4701,316,4385,0.0672197404807487,2443,13280,0.8135198135198135,0.2963161300399402,2.7454455935630633
lift,T005,validation,"(0.0394, 0.052]",2952,142,2810,0.0481029810298102,2585,16232,0.8608058608058609,0.3621839926813486,2.376708739757039
lift,T005,validation,"(0.016, 0.0394]",4051,122,3929,0.0301160207356208,2707,20283,0.9014319014319014,0.45257380012049,1.991789849946927
lift,T005,validation,"(0.0064, 0.016]",24534,296,24238,0.012064889541045,3003,44817,1.0,1.0,1.0
lift,T006,train,"(0.707, 0.966]",9766,3617,6149,0.3703665779234077,3617,9766,0.5162717670568084,0.0933893069912883,5.528167877988085
lift,T006,train,"(0.562, 0.707]",5374,744,4630,0.1384443617417194,4361,15140,0.6224664573222952,0.1447792451206334,4.299417757038599
lift,T006,train,"(0.442, 0.562]",13859,1169,12690,0.0843495201674002,5530,28999,0.7893234370539538,0.2773086743232,2.8463712466996487
lift,T006,train,"(0.305, 0.442]",9941,491,9450,0.0493914093149582,6021,38940,0.8594062232372253,0.3723714534344429,2.307927246599547
lift,T006,train,"(0.135, 0.305]",65633,985,64648,0.0150076943001234,7006,104573,1.0,1.0,1.0
lift,T006,validation,"(0.707, 0.966]",4167,1527,2640,0.3664506839452843,1527,4167,0.5084915084915085,0.092978110984671,5.468937829628974
lift,T006,validation,"(0.562, 0.707]",2329,362,1967,0.1554315156719622,1889,6496,0.629037629037629,0.1449449985496575,4.339836733463581
lift,T006,validation,"(0.442, 0.562]",6028,503,5525,0.0834439283344392,2392,12524,0.7965367965367965,0.279447531070799,2.8503984038956895
lift,T006,validation,"(0.305, 0.442]",4174,199,3975,0.0476760900814566,2591,16698,0.8628038628038628,0.3725818327866658,2.315743245854636
lift,T006,validation,"(0.135, 0.305]",28119,412,27707,0.0146520146520146,3003,44817,1.0,1.0,1.0
lift,T007,train,"(0.735, 0.982]",10005,3729,6276,0.3727136431784107,3729,10005,0.532258064516129,0.0956747917722547,5.563200657735648
lift,T007,train,"(0.577, 0.735]",10857,1249,9608,0.1150409873814129,4978,20862,0.7105338281473023,0.1994970020942308,3.5616265943269023
lift,T007,train,"(0.439, 0.577]",8079,640,7439,0.0792177249659611,5618,28941,0.80188409934342,0.276754037849158,2.897461246005302
lift,T007,train,"(0.329, 0.439]",10168,472,9696,0.046420141620771,6090,39109,0.8692549243505566,0.3739875493674275,2.324288404308746
lift,T007,train,"(0.206, 0.329]",12543,359,12184,0.0286215418958781,6449,51652,0.9204967170996288,0.4939324682279364,1.863608441052805
lift,T007,train,"(0.166, 0.206]",1152,20,1132,0.0173611111111111,6469,52804,0.9233514130745076,0.5049486961261511,1.828604411018871
lift,T007,train,"(0.07919999999999999, 0.166]",51769,537,51232,0.0103730031486024,7006,104573,1.0,1.0,1.0
lift,T007,validation,"(0.735, 0.982]",4320,1575,2745,0.3645833333333333,1575,4320,0.5244755244755245,0.0963919941093781,5.441069347319347
lift,T007,validation,"(0.589, 0.735]",2176,333,1843,0.1530330882352941,1908,6496,0.6353646353646354,0.1449449985496575,4.383487817601118
lift,T007,validation,"(0.439, 0.589]",6007,506,5501,0.0842350590977193,2414,12503,0.8038628038628038,0.2789789588772117,2.881445995418642
lift,T007,validation,"(0.329, 0.439]",4304,184,4120,0.0427509293680297,2598,16807,0.8651348651348651,0.3750139456009996,2.306940515901068
lift,T007,validation,"(0.183, 0.329]",5587,144,5443,0.0257741184893502,2742,22394,0.913086913086913,0.4996764620568088,1.8273562643483157
lift,T007,validation,"(0.166, 0.183]",182,6,176,0.0329670329670329,2748,22576,0.9150849150849152,0.5037374210678983,1.8165910984833735
lift,T007,validation,"(0.07919999999999999, 0.166]",22241,255,21986,0.0114653118115192,3003,44817,1.0,1.0,1.0
lift,RF001,train,"(0.158, 0.662]",10458,3825,6633,0.3657487091222031,3825,10458,0.5459606051955467,0.1000066938884798,5.459240616476755
lift,RF001,train,"(0.102, 0.158]",10457,1129,9328,0.1079659558190685,4954,20915,0.7071081929774479,0.2000038250791313,3.5354733475606337
lift,RF001,train,"(0.057, 0.102]",10457,757,9700,0.0723916993401549,5711,31372,0.8151584356266057,0.3000009562697828,2.7171861242120694
lift,RF001,train,"(0.037, 0.057]",10457,482,9975,0.0460935258678397,6193,41829,0.8839566086211819,0.3999980874604343,2.2099020878659026
lift,RF001,train,"(0.0254, 0.037]",10457,300,10157,0.0286889165152529,6493,52286,0.926777048244362,0.4999952186510858,1.8535718216359576
lift,RF001,train,"(0.0233, 0.0254]",10458,187,10271,0.0178810480015299,6680,62744,0.9534684556094776,0.6000019125395657,1.5891090272926478
lift,RF001,train,"(0.0215, 0.0233]",10453,96,10357,0.0091839663254568,6776,73197,0.9671709962888952,0.6999607929389039,1.3817502437930331
lift,RF001,train,"(0.0152, 0.0215]",10461,132,10329,0.0126182965299684,6908,83658,0.9860119897230945,0.7999961749208687,1.2325208802662406
lift,RF001,train,"(0.0136, 0.0152]",10455,66,10389,0.006312769010043,6974,94113,0.995432486440194,0.8999741807158635,1.1060678270218824
lift,RF001,train,"(0.011, 0.0136]",10460,32,10428,0.0030592734225621,7006,104573,1.0,1.0,1.0
lift,RF001,validation,"(0.157, 0.654]",4482,1647,2835,0.3674698795180723,1647,4482,0.5484515484515484,0.1000066938884798,5.484148381738743
lift,RF001,validation,"(0.102, 0.157]",4482,495,3987,0.110441767068273,2142,8964,0.7132867132867133,0.2000133877769596,3.56619484932738
lift,RF001,validation,"(0.058, 0.102]",4481,312,4169,0.0696273153313992,2454,13445,0.8171828171828172,0.29999776870384,2.7239629838365427
lift,RF001,validation,"(0.0373, 0.058]",4482,205,4277,0.0457385095939312,2659,17927,0.8854478854478854,0.4000044625923198,2.2135950176894004
lift,RF001,validation,"(0.0254, 0.0373]",4481,108,4373,0.0241017629993305,2767,22408,0.9214119214119214,0.4999888435192003,1.842864962598986
lift,RF001,validation,"(0.0233, 0.0254]",4471,85,4386,0.0190114068441064,2852,26879,0.9497169497169498,0.5997500948300868,1.5835211330579462
lift,RF001,validation,"(0.0214, 0.0233]",4493,40,4453,0.0089027375918094,2892,31372,0.9630369630369632,0.7000022312961599,1.3757627047184615
lift,RF001,validation,"(0.0153, 0.0214]",4481,59,4422,0.0131667038607453,2951,35853,0.9826839826839828,0.7999866122230403,1.2283755348770828
lift,RF001,validation,"(0.0136, 0.0153]",4482,35,4447,0.0078090138331102,2986,40335,0.9943389943389944,0.8999933061115202,1.1048293221591845
lift,RF001,validation,"(0.011, 0.0136]",4482,17,4465,0.0037929495760821,3003,44817,1.0,1.0,1.0
lift,RF002,train,"(0.168, 0.695]",10458,3873,6585,0.3703384968445209,3873,10458,0.5528118755352555,0.1000066938884798,5.527748734016855
lift,RF002,train,"(0.0951, 0.168]",10457,1211,9246,0.1158075929999043,5084,20915,0.7256637168141593,0.2000038250791313,3.6282491923694513
lift,RF002,train,"(0.0577, 0.0951]",10457,700,9757,0.0669408052022568,5784,31372,0.825578075934913,0.3000009562697828,2.7519181478624777
lift,RF002,train,"(0.0365, 0.0577]",10457,447,10010,0.0427464856077268,6231,41829,0.8893805309734514,0.3999980874604343,2.2234619585810496
lift,RF002,train,"(0.0238, 0.0365]",10457,282,10175,0.0269675815243377,6513,52286,0.9296317442192408,0.4999952186510858,1.8592812681834268
lift,RF002,train,"(0.0191, 0.0238]",10458,191,10267,0.018263530311723,6704,62744,0.956894090779332,0.6000019125395657,1.5948184010433997
lift,RF002,train,"(0.0165, 0.0191]",10457,94,10363,0.0089891938414459,6798,73201,0.9703111618612618,0.6999990437302172,1.3861606962926425
lift,RF002,train,"(0.0123, 0.0165]",10457,111,10346,0.0106148991106435,6909,83658,0.9861547245218384,0.7999961749208687,1.2326992996177557
lift,RF002,train,"(0.00967, 0.0123]",10457,68,10389,0.0065028210767906,6977,94115,0.995860690836426,0.8999933061115202,1.1065201086207042
lift,RF002,train,"(0.00614, 0.00967]",10458,29,10429,0.0027729967489003,7006,104573,1.0,1.0,1.0
lift,RF002,validation,"(0.166, 0.685]",4482,1660,2822,0.3703703703703703,1660,4482,0.5527805527805528,0.1000066938884798,5.527435527435529
lift,RF002,validation,"(0.0954, 0.166]",4482,532,3950,0.1186970102632753,2192,8964,0.72993672993673,0.2000133877769596,3.6494393602827344
lift,RF002,validation,"(0.0587, 0.0954]",4481,287,4194,0.0640482035259986,2479,13445,0.8255078255078255,0.29999776870384,2.751713217983207
lift,RF002,validation,"(0.0369, 0.0587]",4482,184,4298,0.0410531012940651,2663,17927,0.8867798867798867,0.4000044625923198,2.2169249838687
lift,RF002,validation,"(0.0238, 0.0369]",4481,111,4370,0.0247712564159785,2774,22408,0.9237429237429238,0.4999888435192003,1.847527071286443
lift,RF002,validation,"(0.019, 0.0238]",4482,76,4406,0.0169567157518964,2850,26890,0.949050949050949,0.5999955374076801,1.5817633463598506
lift,RF002,validation,"(0.0165, 0.019]",4482,48,4434,0.0107095046854083,2898,31372,0.965034965034965,0.7000022312961599,1.3786169841888316
lift,RF002,validation,"(0.0123, 0.0165]",4481,50,4431,0.0111582236108011,2948,35853,0.9816849816849816,0.7999866122230403,1.2271267627304778
lift,RF002,validation,"(0.00968, 0.0123]",4481,37,4444,0.0082570854719928,2985,40334,0.994005994005994,0.8999709931499208,1.1044867018735218
lift,RF002,validation,"(0.00616, 0.00968]",4483,18,4465,0.0040151684140084,3003,44817,1.0,1.0,1.0
lift,RF003,train,"(0.176, 0.7]",10458,3913,6545,0.3741633199464524,3913,10458,0.5585212674850129,0.1000066938884798,5.584838831966939
lift,RF003,train,"(0.0932, 0.176]",10457,1307,9150,0.1249880462847853,5220,20915,0.7450756494433343,0.2000038250791313,3.725306999246368
lift,RF003,train,"(0.0591, 0.0932]",10457,683,9774,0.0653150999330592,5903,31372,0.8425635169854411,0.3000009562697828,2.808536104224102
lift,RF003,train,"(0.0363, 0.0591]",10457,429,10028,0.0410251506168117,6332,41829,0.9037967456465886,0.3999980874604343,2.2595026675870975
lift,RF003,train,"(0.0237, 0.0363]",10457,252,10205,0.0240986898728124,6584,52286,0.93976591493006,0.4999952186510858,1.879549803426943
lift,RF003,train,"(0.0167, 0.0237]",10458,169,10289,0.0161598776056607,6753,62744,0.9638880959177848,0.6000019125395657,1.606475039117852
lift,RF003,train,"(0.0128, 0.0167]",10457,116,10341,0.0110930477192311,6869,73201,0.9804453325720812,0.6999990437302172,1.400638102799965
lift,RF003,train,"(0.0101, 0.0128]",10457,81,10376,0.0077460074591182,6950,83658,0.9920068512703396,0.7999961749208687,1.2400144930298744
lift,RF003,train,"(0.00674, 0.0101]",10457,39,10418,0.0037295591469828,6989,94115,0.9975735084213532,0.8999933061115202,1.1084232534255556
lift,RF003,train,"(0.00264, 0.00674]",10458,17,10441,0.0016255498183209,7006,104573,1.0,1.0,1.0
lift,RF003,validation,"(0.175, 0.692]",4482,1656,2826,0.3694779116465863,1656,4482,0.5514485514485514,0.1000066938884798,5.514116405682671
lift,RF003,validation,"(0.0936, 0.175]",4482,543,3939,0.1211512717536813,2199,8964,0.7322677322677322,0.2000133877769596,3.661093591816483
lift,RF003,validation,"(0.0597, 0.0936]",4481,311,4170,0.0694041508591832,2510,13445,0.8358308358308358,0.29999776870384,2.7861235083250704
lift,RF003,validation,"(0.0368, 0.0597]",4482,153,4329,0.0341365461847389,2663,17927,0.8867798867798867,0.4000044625923198,2.2169249838687
lift,RF003,validation,"(0.0238, 0.0368]",4481,119,4362,0.0265565721937067,2782,22408,0.9264069264069263,0.4999888435192003,1.8528551955006791
lift,RF003,validation,"(0.0167, 0.0238]",4482,75,4407,0.0167336010709504,2857,26890,0.9513819513819514,0.5999955374076801,1.5856483791403837
lift,RF003,validation,"(0.0128, 0.0167]",4482,54,4428,0.0120481927710843,2911,31372,0.9693639693639694,0.7000022312961599,1.384801256374634
lift,RF003,validation,"(0.01, 0.0128]",4481,41,4440,0.0091497433608569,2952,35853,0.983016983016983,0.7999866122230403,1.2287917922592846
lift,RF003,validation,"(0.00675, 0.01]",4482,35,4447,0.0078090138331102,2987,40335,0.9946719946719946,0.8999933061115202,1.10519932528114
lift,RF003,validation,"(0.00257, 0.00675]",4482,16,4466,0.0035698348951361,3003,44817,1.0,1.0,1.0
lift,RF004,train,"(0.171, 0.618]",10458,3832,6626,0.3664180531650411,3832,10458,0.5469597487867542,0.1000066938884798,5.46923138361802
lift,RF004,train,"(0.0975, 0.171]",10457,1235,9222,0.1181027063211246,5067,20915,0.7232372252355124,0.2000038250791313,3.616116966509837
lift,RF004,train,"(0.0603, 0.0975]",10457,700,9757,0.0669408052022568,5767,31372,0.823151584356266,0.3000009562697828,2.7438298683822455
lift,RF004,train,"(0.0378, 0.0603]",10457,452,10005,0.0432246342163144,6219,41829,0.8876677133885241,0.3999980874604343,2.219179894144687
lift,RF004,train,"(0.0246, 0.0378]",10457,303,10154,0.0289758056804054,6522,52286,0.930916357407936,0.4999952186510858,1.861850519129788
lift,RF004,train,"(0.0195, 0.0246]",10458,189,10269,0.0180722891566265,6711,62744,0.9578932343705396,0.6000019125395657,1.596483635054036
lift,RF004,train,"(0.0166, 0.0195]",10457,93,10364,0.0088935641197284,6804,73201,0.9711675706537254,0.6999990437302172,1.3873841390960784
lift,RF004,train,"(0.0126, 0.0166]",10457,106,10351,0.010136750502056,6910,83658,0.9862974593205824,0.7999961749208687,1.2328777189692708
lift,RF004,train,"(0.00966, 0.0126]",10457,68,10389,0.0065028210767906,6978,94115,0.99600342563517,0.8999933061115202,1.1066787040211084
lift,RF004,train,"(0.00592, 0.00966]",10458,28,10430,0.002677376171352,7006,104573,1.0,1.0,1.0
lift,RF004,validation,"(0.17, 0.612]",4482,1651,2831,0.3683623382418563,1651,4482,0.5497835497835498,0.1000066938884798,5.497467503491601
lift,RF004,validation,"(0.0976, 0.17]",4482,539,3943,0.1202588130298973,2190,8964,0.7292707292707292,0.2000133877769596,3.64610957984452
lift,RF004,validation,"(0.0612, 0.0976]",4481,281,4200,0.0627092166927025,2471,13445,0.8228438228438228,0.29999776870384,2.7428331430562745
lift,RF004,validation,"(0.0382, 0.0612]",4482,192,4290,0.0428380187416332,2663,17927,0.8867798867798867,0.4000044625923198,2.2169249838687
lift,RF004,validation,"(0.0246, 0.0382]",4481,109,4372,0.0243249274715465,2772,22408,0.9230769230769232,0.4999888435192003,1.846195040232884
lift,RF004,validation,"(0.0194, 0.0246]",4482,77,4405,0.0171798304328424,2849,26890,0.9487179487179488,0.5999955374076801,1.5812083416769174
lift,RF004,validation,"(0.0166, 0.0194]",4482,52,4430,0.0116019634091923,2901,31372,0.966033966033966,0.7000022312961599,1.3800441239240169
lift,RF004,validation,"(0.0126, 0.0166]",4481,51,4430,0.0113813880830171,2952,35853,0.983016983016983,0.7999866122230403,1.2287917922592846
lift,RF004,validation,"(0.00967, 0.0126]",4482,33,4449,0.0073627844712182,2985,40335,0.994005994005994,0.8999933061115202,1.104459319037229
lift,RF004,validation,"(0.00591, 0.00967]",4482,18,4464,0.0040160642570281,3003,44817,1.0,1.0,1.0
lift,RF005,train,"(0.729, 0.975]",10458,3829,6629,0.3661311914323962,3829,10458,0.5465315443905224,0.1000066938884798,5.464949626271764
lift,RF005,train,"(0.571, 0.729]",10457,1244,9213,0.1189633738165821,5073,20915,0.724093634027976,0.2000038250791313,3.620398928577936
lift,RF005,train,"(0.45, 0.571]",10457,714,9743,0.068279621306302,5787,31372,0.8260062803311448,0.3000009562697828,2.753345491300166
lift,RF005,train,"(0.323, 0.45]",10457,447,10010,0.0427464856077268,6234,41829,0.8898087353696831,0.3999980874604343,2.22453247469014
lift,RF005,train,"(0.224, 0.323]",10457,265,10192,0.02534187625514,6499,52286,0.9276334570368256,0.4999952186510858,1.855284655600198
lift,RF005,train,"(0.167, 0.224]",10458,184,10274,0.017594186268885,6683,62744,0.9538966600057094,0.6000019125395657,1.589822699011492
lift,RF005,train,"(0.147, 0.167]",10457,117,10340,0.0111886774409486,6800,73201,0.9705966314587496,0.6999990437302172,1.3865685105604544
lift,RF005,train,"(0.115, 0.147]",10457,101,10356,0.0096586018934684,6901,83658,0.985012846131887,0.7999961749208687,1.231271944805635
lift,RF005,train,"(0.0881, 0.115]",10457,77,10380,0.0073634885722482,6978,94115,0.99600342563517,0.8999933061115202,1.1066787040211084
lift,RF005,train,"(0.07289999999999999, 0.0881]",10458,28,10430,0.002677376171352,7006,104573,1.0,1.0,1.0
lift,RF005,validation,"(0.726, 0.973]",4482,1640,2842,0.3659080767514502,1640,4482,0.5461205461205462,0.1000066938884798,5.460839918671245
lift,RF005,validation,"(0.572, 0.726]",4482,550,3932,0.1227130745203034,2190,8964,0.7292707292707292,0.2000133877769596,3.64610957984452
lift,RF005,validation,"(0.451, 0.572]",4481,303,4178,0.067618835081455,2493,13445,0.8301698301698301,0.29999776870384,2.7672533491053386
lift,RF005,validation,"(0.324, 0.451]",4482,162,4320,0.036144578313253,2655,17927,0.8841158841158842,0.4000044625923198,2.210265051510101
lift,RF005,validation,"(0.225, 0.324]",4481,111,4370,0.0247712564159785,2766,22408,0.9210789210789212,0.4999888435192003,1.8421989470722069
lift,RF005,validation,"(0.167, 0.225]",4482,81,4401,0.0180722891566265,2847,26890,0.948051948051948,0.5999955374076801,1.580098332311051
lift,RF005,validation,"(0.146, 0.167]",4482,53,4429,0.0118250780901383,2900,31372,0.9657009657009658,0.7000022312961599,1.3795684106789552
lift,RF005,validation,"(0.115, 0.146]",4481,49,4432,0.0109350591385851,2949,35853,0.982017982017982,0.7999866122230403,1.2275430201126796
lift,RF005,validation,"(0.0882, 0.115]",4482,34,4448,0.0075858991521642,2983,40335,0.9933399933399932,0.8999933061115202,1.103719312793318
lift,RF005,validation,"(0.0726, 0.0882]",4482,20,4462,0.0044622936189201,3003,44817,1.0,1.0,1.0
lift,ET001,train,"(0.148, 0.553]",10458,3314,7144,0.3168865939950277,3314,10458,0.4730231230373965,0.1000066938884798,4.729914615164436
lift,ET001,train,"(0.107, 0.148]",10457,1250,9207,0.1195371521468872,4564,20915,0.6514416214673138,0.2000038250791313,3.2571458131341813
lift,ET001,train,"(0.0745, 0.107]",10457,886,9571,0.0847279334417136,5450,31372,0.777904653154439,0.3000009562697828,2.5930072451332125
lift,ET001,train,"(0.0547, 0.0745]",10457,612,9845,0.058525389691116,6062,41829,0.8652583499857265,0.3999980874604343,2.163156217768949
lift,ET001,train,"(0.0435, 0.0547]",10457,345,10112,0.0329922539925408,6407,52286,0.9145018555523836,0.4999952186510858,1.8290212014818388
lift,ET001,train,"(0.0377, 0.0435]",10458,220,10238,0.0210365270606234,6627,62744,0.9459035112760492,0.6000019125395657,1.5765008269264038
lift,ET001,train,"(0.0338, 0.0377]",10457,126,10331,0.0120493449364062,6753,73201,0.9638880959177848,0.6999990437302172,1.376984875266875
lift,ET001,train,"(0.0294, 0.0338]",10457,131,10326,0.0125274935449937,6884,83658,0.98258635455324,0.7999961749208687,1.2282388158298785
lift,ET001,train,"(0.0252, 0.0294]",10457,73,10384,0.0069809696853782,6957,94115,0.9930059948615472,0.8999933061115202,1.1033482006126183
lift,ET001,train,"(0.0156, 0.0252]",10458,49,10409,0.0046854082998661,7006,104573,1.0,1.0,1.0
lift,ET001,validation,"(0.147, 0.553]",4482,1448,3034,0.323070058009817,1448,4482,0.4821844821844822,0.1000066938884798,4.821522074534123
lift,ET001,validation,"(0.107, 0.147]",4482,525,3957,0.1171352074966532,1973,8964,0.657009657009657,0.2000133877769596,3.284828402298282
lift,ET001,validation,"(0.075, 0.107]",4481,386,4095,0.0861414862753849,2359,13445,0.7855477855477856,0.29999776870384,2.61851209407922
lift,ET001,validation,"(0.0549, 0.075]",4482,235,4247,0.0524319500223114,2594,17927,0.8638028638028638,0.4000044625923198,2.159483067275782
lift,ET001,validation,"(0.0435, 0.0549]",4481,149,4332,0.0332515063601874,2743,22408,0.9134199134199136,0.4999888435192003,1.8268805899562772
lift,ET001,validation,"(0.0377, 0.0435]",4482,99,4383,0.0220883534136546,2842,26890,0.9463869463869464,0.5999955374076801,1.5773233088963845
lift,ET001,validation,"(0.0337, 0.0377]",4482,59,4423,0.0131637661758143,2901,31372,0.966033966033966,0.7000022312961599,1.3800441239240169
lift,ET001,validation,"(0.0294, 0.0337]",4481,46,4435,0.010265565721937,2947,35853,0.9813519813519812,0.7999866122230403,1.2267105053482763
lift,ET001,validation,"(0.0252, 0.0294]",4482,27,4455,0.0060240963855421,2974,40335,0.9903429903429904,0.8999933061115202,1.1003892846957184
lift,ET001,validation,"(0.0156, 0.0252]",4482,29,4453,0.0064703257474341,3003,44817,1.0,1.0,1.0
lift,ET002,train,"(0.156, 0.56]",10458,3506,6952,0.3352457448842991,3506,10458,0.5004282043962318,0.1000066938884798,5.003947085324838
lift,ET002,train,"(0.114, 0.156]",10457,1177,9280,0.112556182461509,4683,20915,0.6684270625178419,0.2000038250791313,3.3420713941514832
lift,ET002,train,"(0.0743, 0.114]",10457,867,9590,0.0829109687290809,5550,31372,0.7921781330288324,0.3000009562697828,2.640585359722813
lift,ET002,train,"(0.0514, 0.0743]",10457,552,9905,0.0527876063880654,6102,41829,0.8709677419354839,0.3999980874604343,2.177429765890156
lift,ET002,train,"(0.0381, 0.0514]",10457,337,10120,0.0322272162188008,6439,52286,0.9190693691121896,0.4999952186510858,1.8381563159577896
lift,ET002,train,"(0.031, 0.0381]",10458,216,10242,0.0206540447504302,6655,62744,0.9499000856408792,0.6000019125395657,1.5831617629689478
lift,ET002,train,"(0.027, 0.031]",10457,133,10324,0.0127187529884288,6788,73201,0.9688838138738224,0.6999990437302172,1.384121624953583
lift,ET002,train,"(0.0229, 0.027]",10457,106,10351,0.010136750502056,6894,83658,0.9840137025406794,0.7999961749208687,1.2300230093450293
lift,ET002,train,"(0.0189, 0.0229]",10457,68,10389,0.0065028210767906,6962,94115,0.993719668855267,0.8999933061115202,1.10414117761464
lift,ET002,train,"(0.0097, 0.0189]",10458,44,10414,0.0042073054121246,7006,104573,1.0,1.0,1.0
lift,ET002,validation,"(0.156, 0.559]",4482,1519,2963,0.3389112003569834,1519,4482,0.5058275058275058,0.1000066938884798,5.057936485647329
lift,ET002,validation,"(0.115, 0.156]",4482,513,3969,0.1144578313253012,2032,8964,0.6766566766566766,0.2000133877769596,3.3830569252256
lift,ET002,validation,"(0.0749, 0.115]",4481,359,4122,0.0801160455255523,2391,13445,0.7962037962037962,0.29999776870384,2.6540323937869497
lift,ET002,validation,"(0.0515, 0.0749]",4482,221,4261,0.0493083444890673,2612,17927,0.8697968697968698,0.4000044625923198,2.1744679150826305
lift,ET002,validation,"(0.0381, 0.0515]",4481,147,4334,0.0328051774157554,2759,22408,0.9187479187479188,0.4999888435192003,1.8375368383847497
lift,ET002,validation,"(0.0309, 0.0381]",4482,90,4392,0.0200803212851405,2849,26890,0.9487179487179488,0.5999955374076801,1.5812083416769174
lift,ET002,validation,"(0.0269, 0.0309]",4482,57,4425,0.0127175368139223,2906,31372,0.9676989676989676,0.7000022312961599,1.3824226901493255
lift,ET002,validation,"(0.0229, 0.0269]",4481,45,4436,0.010042401249721,2951,35853,0.9826839826839828,0.7999866122230403,1.2283755348770828
lift,ET002,validation,"(0.0189, 0.0229]",4482,26,4456,0.0058009817045961,2977,40335,0.9913419913419912,0.8999933061115202,1.1014992940615849
lift,ET002,validation,"(0.0098, 0.0189]",4482,26,4456,0.0058009817045961,3003,44817,1.0,1.0,1.0
lift,ET003,train,"(0.159, 0.561]",10458,3627,6831,0.346815834767642,3627,10458,0.5176991150442478,0.1000066938884798,5.176644631623841
lift,ET003,train,"(0.113, 0.159]",10457,1167,9290,0.1115998852443339,4794,20915,0.6842706251784185,0.2000038250791313,3.42128769241132
lift,ET003,train,"(0.0735, 0.113]",10457,853,9604,0.0815721526250358,5647,31372,0.806023408506994,0.3000009562697828,2.6867361308747255
lift,ET003,train,"(0.0492, 0.0735]",10457,503,9954,0.0481017500239074,6150,41829,0.8778190122751927,0.3999980874604343,2.194558023635605
lift,ET003,train,"(0.0359, 0.0492]",10457,327,10130,0.0312709190016257,6477,52286,0.924493291464459,0.4999952186510858,1.8490042643979816
lift,ET003,train,"(0.0281, 0.0359]",10458,205,10253,0.0196022183973991,6682,62744,0.9537539252069654,0.6000019125395657,1.5895848084385438
lift,ET003,train,"(0.0234, 0.0281]",10457,128,10329,0.0122406043798412,6810,73201,0.972023979446189,0.6999990437302172,1.388607581899514
lift,ET003,train,"(0.0196, 0.0234]",10457,92,10365,0.0087979343980109,6902,83658,0.9851555809306308,0.7999961749208687,1.23145036415715
lift,ET003,train,"(0.0155, 0.0196]",10457,73,10384,0.0069809696853782,6975,94115,0.995575221238938,0.8999933061115202,1.1062029178198955
lift,ET003,train,"(0.00618, 0.0155]",10458,31,10427,0.0029642379039969,7006,104573,1.0,1.0,1.0
lift,ET003,validation,"(0.158, 0.562]",4482,1563,2919,0.3487282463186077,1563,4482,0.5204795204795205,0.1000066938884798,5.204446824928754
lift,ET003,validation,"(0.113, 0.158]",4482,538,3944,0.1200356983489513,2101,8964,0.6996336996336996,0.2000133877769596,3.497934350343989
lift,ET003,validation,"(0.0741, 0.113]",4481,318,4163,0.0709663021646953,2419,13445,0.8055278055278056,0.29999776870384,2.6851126560312135
lift,ET003,validation,"(0.0494, 0.0741]",4482,226,4256,0.0504239178937974,2645,17927,0.8807858807858808,0.4000044625923198,2.201940136061852
lift,ET003,validation,"(0.0359, 0.0494]",4481,121,4360,0.0270029011381388,2766,22408,0.9210789210789212,0.4999888435192003,1.8421989470722069
lift,ET003,validation,"(0.028, 0.0359]",4482,87,4395,0.0194109772423025,2853,26890,0.95004995004995,0.5999955374076801,1.5834283604086503
lift,ET003,validation,"(0.0234, 0.028]",4482,53,4429,0.0118250780901383,2906,31372,0.9676989676989676,0.7000022312961599,1.3824226901493255
lift,ET003,validation,"(0.0196, 0.0234]",4481,48,4433,0.0107118946663691,2954,35853,0.9836829836829836,0.7999866122230403,1.229624307023688
lift,ET003,validation,"(0.0155, 0.0196]",4482,24,4458,0.0053547523427041,2978,40335,0.9916749916749916,0.8999933061115202,1.1018692971835404
lift,ET003,validation,"(0.00628, 0.0155]",4482,25,4457,0.0055778670236501,3003,44817,1.0,1.0,1.0
lift,ET004,train,"(0.159, 0.287]",10458,3131,7327,0.2993880283036909,3131,10458,0.4469026548672566,0.1000066938884798,4.468727417042802
lift,ET004,train,"(0.113, 0.159]",10457,1350,9107,0.1291001243186382,4481,20915,0.6395946331715672,0.2000038250791313,3.197912004525474
lift,ET004,train,"(0.0753, 0.113]",10457,937,9520,0.0896050492493066,5418,31372,0.7733371395946331,0.3000009562697828,2.5777822484645405
lift,ET004,train,"(0.0553, 0.0753]",10457,623,9834,0.0595773166300086,6041,41829,0.8622609192121039,0.3999980874604343,2.1556626050053156
lift,ET004,train,"(0.0428, 0.0553]",10457,377,10080,0.0360524050875011,6418,52286,0.9160719383385668,0.4999952186510858,1.832161397082947
lift,ET004,train,"(0.0355, 0.0428]",10458,221,10237,0.0211321476381717,6639,62744,0.9476163288609764,0.6000019125395657,1.57935551380178
lift,ET004,train,"(0.0312, 0.0355]",10457,136,10321,0.0130056421535813,6775,73201,0.9670282614901512,0.6999990437302172,1.3814708322128058
lift,ET004,train,"(0.0268, 0.0312]",10457,118,10339,0.0112843071626661,6893,83658,0.9838709677419356,0.7999961749208687,1.2298445899935142
lift,ET004,train,"(0.0225, 0.0268]",10457,70,10387,0.0066940805202256,6963,94115,0.9938624036540108,0.8999933061115202,1.104299773015044
lift,ET004,train,"(0.014699999999999998, 0.0225]",10458,43,10415,0.0041116848345764,7006,104573,1.0,1.0,1.0
lift,ET004,validation,"(0.159, 0.288]",4482,1340,3142,0.2989736724676484,1340,4482,0.4462204462204462,0.1000066938884798,4.461905787206992
lift,ET004,validation,"(0.114, 0.159]",4482,579,3903,0.1291834002677376,1919,8964,0.639027639027639,0.2000133877769596,3.1949243304664994
lift,ET004,validation,"(0.0759, 0.114]",4481,426,4055,0.0950680651640258,2345,13445,0.7808857808857809,0.29999776870384,2.6029719629570875
lift,ET004,validation,"(0.0554, 0.0759]",4482,236,4246,0.0526550647032574,2581,17927,0.8594738594738595,0.4000044625923198,2.1486606771930585
lift,ET004,validation,"(0.0428, 0.0554]",4481,157,4324,0.0350368221379156,2738,22408,0.9117549117549116,0.4999888435192003,1.8235505123223792
lift,ET004,validation,"(0.0354, 0.0428]",4482,110,4372,0.0245426149040606,2848,26890,0.9483849483849484,0.5999955374076801,1.580653336993984
lift,ET004,validation,"(0.031, 0.0354]",4482,52,4430,0.0116019634091923,2900,31372,0.9657009657009658,0.7000022312961599,1.3795684106789552
lift,ET004,validation,"(0.0267, 0.031]",4481,50,4431,0.0111582236108011,2950,35853,0.9823509823509824,0.7999866122230403,1.227959277494881
lift,ET004,validation,"(0.0225, 0.0267]",4482,29,4453,0.0064703257474341,2979,40335,0.992007992007992,0.8999933061115202,1.102239300305496
lift,ET004,validation,"(0.0148, 0.0225]",4482,24,4458,0.0053547523427041,3003,44817,1.0,1.0,1.0
lift,ET005,train,"(0.727, 0.941]",10458,3365,7093,0.3217632434499904,3365,10458,0.4803025977733371,0.1000066938884798,4.802704490050792
lift,ET005,train,"(0.622, 0.727]",10457,1237,9220,0.1182939657645596,4602,20915,0.6568655438195832,0.2000038250791313,3.284264906232143
lift,ET005,train,"(0.481, 0.622]",10457,900,9557,0.0860667495457588,5502,31372,0.7853268626891237,0.3000009562697828,2.617747864719805
lift,ET005,train,"(0.372, 0.481]",10457,601,9856,0.0574734627522233,6103,41829,0.8711104767342278,0.3999980874604343,2.1777866045931864
lift,ET005,train,"(0.289, 0.372]",10457,334,10123,0.0319403270536482,6437,52286,0.9187838995147016,0.4999952186510858,1.8375853713030423
lift,ET005,train,"(0.229, 0.289]",10458,236,10222,0.022566456301396,6673,62744,0.95246931201827,0.6000019125395657,1.5874437932820118
lift,ET005,train,"(0.201, 0.229]",10457,122,10335,0.0116668260495361,6795,73201,0.96988295746503,0.6999990437302172,1.3855489748909249
lift,ET005,train,"(0.172, 0.201]",10457,103,10354,0.0098498613369035,6898,83658,0.9845846417356552,0.7999961749208687,1.2307366867510898
lift,ET005,train,"(0.141, 0.172]",10457,73,10384,0.0069809696853782,6971,94115,0.9950042820439624,0.8999933061115202,1.1055685362182783
lift,ET005,train,"(0.0839, 0.141]",10458,35,10423,0.00334672021419,7006,104573,1.0,1.0,1.0
lift,ET005,validation,"(0.727, 0.941]",4482,1448,3034,0.323070058009817,1448,4482,0.4821844821844822,0.1000066938884798,4.821522074534123
lift,ET005,validation,"(0.624, 0.727]",4482,542,3940,0.1209281570727353,1990,8964,0.6626706626706627,0.2000133877769596,3.3131315360231026
lift,ET005,validation,"(0.484, 0.624]",4481,385,4096,0.0859183218031689,2375,13445,0.7908757908757909,0.29999776870384,2.6362722439330843
lift,ET005,validation,"(0.373, 0.484]",4482,233,4249,0.0519857206604194,2608,17927,0.8684648684648685,0.4000044625923198,2.171137948903331
lift,ET005,validation,"(0.288, 0.373]",4481,138,4343,0.0307966971658112,2746,22408,0.9144189144189144,0.4999888435192003,1.828878636536616
lift,ET005,validation,"(0.229, 0.288]",4482,103,4379,0.0229808121374386,2849,26890,0.9487179487179488,0.5999955374076801,1.5812083416769174
lift,ET005,validation,"(0.2, 0.229]",4482,58,4424,0.0129406514948683,2907,31372,0.968031968031968,0.7000022312961599,1.3828984033943872
lift,ET005,validation,"(0.172, 0.2]",4481,45,4436,0.010042401249721,2952,35853,0.983016983016983,0.7999866122230403,1.2287917922592846
lift,ET005,validation,"(0.141, 0.172]",4482,27,4455,0.0060240963855421,2979,40335,0.992007992007992,0.8999933061115202,1.102239300305496
lift,ET005,validation,"(0.0851, 0.141]",4482,24,4458,0.0053547523427041,3003,44817,1.0,1.0,1.0
lift,GB001,train,"(0.165, 0.835]",10458,3937,6521,0.3764582138076114,3937,10458,0.5619469026548672,0.1000066938884798,5.619092890736989
lift,GB001,train,"(0.0837, 0.165]",10457,1265,9192,0.1209715979726499,5202,20915,0.7425064230659435,0.2000038250791313,3.7124611130420706
lift,GB001,train,"(0.0511, 0.0837]",10457,672,9785,0.0642631729941665,5874,31372,0.838424207821867,0.3000009562697828,2.7947384509931177
lift,GB001,train,"(0.0341, 0.0511]",10457,422,10035,0.0403557425647891,6296,41829,0.898658292891807,0.3999980874604343,2.2466564742780113
lift,GB001,train,"(0.0221, 0.0341]",10457,253,10204,0.0241943195945299,6549,52286,0.9347701969740224,0.4999952186510858,1.8695582719688717
lift,GB001,train,"(0.0151, 0.0221]",10457,185,10272,0.0176914985177393,6734,62743,0.96117613474165,0.5999923498417373,1.6019806502452636
lift,GB001,train,"(0.0115, 0.0151]",10458,125,10333,0.011952572193536,6859,73201,0.9790179845846416,0.6999990437302172,1.3985990314609056
lift,GB001,train,"(0.00918, 0.0115]",10457,72,10385,0.0068853399636607,6931,83658,0.989294890094205,0.7999961749208687,1.2366245253510877
lift,GB001,train,"(0.00719, 0.00918]",10456,50,10406,0.0047819433817903,6981,94114,0.9964316300314016,0.8999837434136919,1.1071662541946337
lift,GB001,train,"(0.0033, 0.00719]",10459,25,10434,0.002390285878191,7006,104573,1.0,1.0,1.0
lift,GB001,validation,"(0.166, 0.835]",4482,1675,2807,0.3737170905845605,1675,4482,0.5577755577755578,0.1000066938884798,5.5773822340087404
lift,GB001,validation,"(0.084, 0.166]",4482,534,3948,0.1191432396251673,2209,8964,0.7355977355977356,0.2000133877769596,3.6777424940075543
lift,GB001,validation,"(0.0513, 0.084]",4481,297,4184,0.0662798482481589,2506,13445,0.8344988344988346,0.29999776870384,2.7816834708616045
lift,GB001,validation,"(0.0341, 0.0513]",4482,173,4309,0.038598839803659,2679,17927,0.8921078921078921,0.4000044625923198,2.2302448485858983
lift,GB001,validation,"(0.022, 0.0341]",4481,102,4379,0.0227627761660343,2781,22408,0.926073926073926,0.4999888435192003,1.8521891799738996
lift,GB001,validation,"(0.0151, 0.022]",4482,70,4412,0.0156180276662204,2851,26890,0.9493839493839494,0.5999955374076801,1.582318351042784
lift,GB001,validation,"(0.0115, 0.0151]",4482,64,4418,0.0142793395805444,2915,31372,0.9706959706959708,0.7000022312961599,1.3867041093548809
lift,GB001,validation,"(0.00917, 0.0115]",4481,40,4441,0.0089265788886409,2955,35853,0.984015984015984,0.7999866122230403,1.2300405644058894
lift,GB001,validation,"(0.00718, 0.00917]",4482,31,4451,0.0069165551093261,2986,40335,0.9943389943389944,0.8999933061115202,1.1048293221591845
lift,GB001,validation,"(0.0033299999999999996, 0.00718]",4482,17,4465,0.0037929495760821,3003,44817,1.0,1.0,1.0
lift,GB002,train,"(0.172, 0.811]",10458,4033,6425,0.385637789252247,4033,10458,0.5756494433342849,0.1000066938884798,5.756109125817191
lift,GB002,train,"(0.0831, 0.172]",10457,1269,9188,0.1213541168595199,5302,20915,0.7567799029403368,0.2000038250791313,3.783827147510391
lift,GB002,train,"(0.0501, 0.0831]",10457,669,9788,0.063976283829014,5971,31372,0.8522694833000285,0.3000009562697828,2.8408892221450297
lift,GB002,train,"(0.0332, 0.0501]",10457,402,10055,0.0384431481304389,6373,41829,0.90964887239509,0.3999980874604343,2.274133054411335
lift,GB002,train,"(0.0222, 0.0332]",10457,236,10221,0.0225686143253323,6609,52286,0.9433342848986584,0.4999952186510858,1.88668661161128
lift,GB002,train,"(0.015, 0.0222]",10458,176,10282,0.0168292216484987,6785,62744,0.9684556094775908,0.6000019125395657,1.614087537452188
lift,GB002,train,"(0.0111, 0.015]",10457,111,10346,0.0106148991106435,6896,73201,0.9842991721381672,0.6999990437302172,1.4061435954154256
lift,GB002,train,"(0.0086, 0.0111]",10457,51,10406,0.004877115807593,6947,83658,0.991578646874108,0.7999961749208687,1.2394792349753292
lift,GB002,train,"(0.0066, 0.0086]",10457,40,10417,0.0038251888687003,6987,94115,0.9972880388238652,0.8999933061115202,1.108106062624747
lift,GB002,train,"(0.00269, 0.0066]",10458,19,10439,0.0018167909734174,7006,104573,1.0,1.0,1.0
lift,GB002,validation,"(0.175, 0.827]",4482,1677,2805,0.3741633199464524,1677,4482,0.5584415584415584,0.1000066938884798,5.584041794885168
lift,GB002,validation,"(0.0829, 0.175]",4482,523,3959,0.1166889781347612,2200,8964,0.7326007326007326,0.2000133877769596,3.6627584820355903
lift,GB002,validation,"(0.0503, 0.0829]",4481,324,4157,0.0723052889979915,2524,13445,0.8404928404928405,0.29999776870384,2.8016636394472023
lift,GB002,validation,"(0.0333, 0.0503]",4482,152,4330,0.0339134315037929,2676,17927,0.8911088911088911,0.4000044625923198,2.227747373951424
lift,GB002,validation,"(0.0222, 0.0333]",4481,106,4375,0.0236554340548984,2782,22408,0.9264069264069263,0.4999888435192003,1.8528551955006791
lift,GB002,validation,"(0.015, 0.0222]",4482,72,4410,0.0160642570281124,2854,26890,0.9503829503829504,0.5999955374076801,1.583983365091584
lift,GB002,validation,"(0.0111, 0.015]",4482,64,4418,0.0142793395805444,2918,31372,0.9716949716949717,0.7000022312961599,1.388131249090066
lift,GB002,validation,"(0.0086, 0.0111]",4481,36,4445,0.0080339209997768,2954,35853,0.9836829836829836,0.7999866122230403,1.229624307023688
lift,GB002,validation,"(0.00661, 0.0086]",4482,28,4454,0.0062472110664881,2982,40335,0.993006993006993,0.8999933061115202,1.1033493096713625
lift,GB002,validation,"(0.00254, 0.00661]",4482,21,4461,0.0046854082998661,3003,44817,1.0,1.0,1.0
lift,GB003,train,"(0.166, 0.822]",10458,3945,6513,0.3772231784279977,3945,10458,0.5630887810448187,0.1000066938884798,5.630510910327007
lift,GB003,train,"(0.0835, 0.166]",10457,1262,9195,0.1206847088074973,5207,20915,0.7432200970596632,0.2000038250791313,3.716029414765486
lift,GB003,train,"(0.0511, 0.0835]",10457,678,9779,0.0648369513244716,5885,31372,0.8399942906080502,0.3000009562697828,2.7999720435979736
lift,GB003,train,"(0.0337, 0.0511]",10457,420,10037,0.0401644831213541,6305,41829,0.8999429060805024,0.3999980874604343,2.2498680226052827
lift,GB003,train,"(0.022, 0.0337]",10457,259,10198,0.024768097924835,6564,52286,0.9369112189551811,0.4999952186510858,1.8738403568794737
lift,GB003,train,"(0.0151, 0.022]",10458,167,10291,0.0159686364505641,6731,62744,0.9607479303454182,0.6000019125395657,1.6012414465129958
lift,GB003,train,"(0.0113, 0.0151]",10457,123,10334,0.0117624557712537,6854,73201,0.978304310590922,0.6999990437302172,1.3975794957913756
lift,GB003,train,"(0.00883, 0.0113]",10457,80,10377,0.0076503777374007,6934,83658,0.9897230944904368,0.7999961749208687,1.237159783405633
lift,GB003,train,"(0.0068, 0.00883]",10456,53,10403,0.0050688599846977,6987,94114,0.9972880388238652,0.8999837434136919,1.108117836707908
lift,GB003,train,"(0.00237, 0.0068]",10459,19,10440,0.0018166172674251,7006,104573,1.0,1.0,1.0
lift,GB003,validation,"(0.167, 0.806]",4482,1674,2808,0.3734939759036144,1674,4482,0.5574425574425574,0.1000066938884798,5.574052453570526
lift,GB003,validation,"(0.0839, 0.167]",4482,528,3954,0.1178045515394912,2202,8964,0.7332667332667333,0.2000133877769596,3.666088262473805
lift,GB003,validation,"(0.0514, 0.0839]",4481,305,4176,0.068065164025887,2507,13445,0.8348318348318349,0.29999776870384,2.782793480227471
lift,GB003,validation,"(0.0338, 0.0514]",4482,163,4319,0.036367692994199,2670,17927,0.8891108891108891,0.4000044625923198,2.2227524246824744
lift,GB003,validation,"(0.0221, 0.0338]",4481,112,4369,0.0249944208881946,2782,22408,0.9264069264069263,0.4999888435192003,1.8528551955006791
lift,GB003,validation,"(0.0151, 0.0221]",4482,73,4409,0.0162873717090584,2855,26890,0.9507159507159508,0.5999955374076801,1.5845383697745172
lift,GB003,validation,"(0.0113, 0.0151]",4482,59,4423,0.0131637661758143,2914,31372,0.9703629703629704,0.7000022312961599,1.3862283961098192
lift,GB003,validation,"(0.00884, 0.0113]",4481,42,4439,0.0093729078330729,2956,35853,0.9843489843489844,0.7999866122230403,1.2304568217880911
lift,GB003,validation,"(0.00681, 0.00884]",4482,31,4451,0.0069165551093261,2987,40335,0.9946719946719946,0.8999933061115202,1.10519932528114
lift,GB003,validation,"(0.00238, 0.00681]",4482,16,4466,0.0035698348951361,3003,44817,1.0,1.0,1.0
lift,GB004,train,"(0.165, 0.789]",10458,3923,6535,0.3751195257219353,3923,10458,0.5599486154724522,0.1000066938884798,5.59911135645446
lift,GB004,train,"(0.0837, 0.165]",10457,1259,9198,0.1203978196423448,5182,20915,0.7396517270910647,0.2000038250791313,3.698187906148406
lift,GB004,train,"(0.0514, 0.0837]",10457,677,9780,0.0647413216027541,5859,31372,0.8362831858407079,0.3000009562697828,2.7876017338046775
lift,GB004,train,"(0.0342, 0.0514]",10457,440,10017,0.0420770775557043,6299,41829,0.8990864972880388,0.3999980874604343,2.2477269903871018
lift,GB004,train,"(0.0221, 0.0342]",10457,252,10205,0.0240986898728124,6551,52286,0.9350556665715102,0.4999952186510858,1.8701292166236188
lift,GB004,train,"(0.0151, 0.0221]",10458,178,10280,0.0170204628035953,6729,62744,0.9604624607479304,0.6000019125395657,1.6007656653671
lift,GB004,train,"(0.0115, 0.0151]",10457,117,10340,0.0111886774409486,6846,73201,0.9771624322009704,0.6999990437302172,1.395948238720128
lift,GB004,train,"(0.0092, 0.0115]",10457,85,10372,0.0081285263459883,6931,83658,0.989294890094205,0.7999961749208687,1.2366245253510877
lift,GB004,train,"(0.00732, 0.0092]",10457,56,10401,0.0053552644161805,6987,94115,0.9972880388238652,0.8999933061115202,1.108106062624747
lift,GB004,train,"(0.00339, 0.00732]",10458,19,10439,0.0018167909734174,7006,104573,1.0,1.0,1.0
lift,GB004,validation,"(0.166, 0.782]",4482,1675,2807,0.3737170905845605,1675,4482,0.5577755577755578,0.1000066938884798,5.5773822340087404
lift,GB004,validation,"(0.0839, 0.166]",4482,526,3956,0.1173583221775992,2201,8964,0.732933732933733,0.2000133877769596,3.664423372254698
lift,GB004,validation,"(0.0517, 0.0839]",4481,310,4171,0.0691809863869672,2511,13445,0.8361638361638362,0.29999776870384,2.787233517690937
lift,GB004,validation,"(0.0342, 0.0517]",4482,162,4320,0.036144578313253,2673,17927,0.8901098901098901,0.4000044625923198,2.225249899316949
lift,GB004,validation,"(0.0222, 0.0342]",4481,106,4375,0.0236554340548984,2779,22408,0.9254079254079254,0.4999888435192003,1.8508571489203405
lift,GB004,validation,"(0.0151, 0.0222]",4482,78,4404,0.0174029451137884,2857,26890,0.9513819513819514,0.5999955374076801,1.5856483791403837
lift,GB004,validation,"(0.0115, 0.0151]",4482,60,4422,0.0133868808567603,2917,31372,0.9713619713619712,0.7000022312961599,1.3876555358450042
lift,GB004,validation,"(0.00922, 0.0115]",4481,48,4433,0.0107118946663691,2965,35853,0.9873459873459872,0.7999866122230403,1.234203138227906
lift,GB004,validation,"(0.00734, 0.00922]",4482,19,4463,0.0042391789379741,2984,40335,0.9936729936729936,0.8999933061115202,1.1040893159152736
lift,GB004,validation,"(0.00339, 0.00734]",4482,19,4463,0.0042391789379741,3003,44817,1.0,1.0,1.0
lift,XGB001,train,"(0.162, 0.946]",10458,3912,6546,0.3740676993689041,3912,10458,0.5583785326862689,0.1000066938884798,5.583411579518187
lift,XGB001,train,"(0.0834, 0.162]",10457,1247,9210,0.1192502629817347,5159,20915,0.7363688267199543,0.2000038250791313,3.681773718220692
lift,XGB001,train,"(0.0527, 0.0834]",10457,679,9778,0.0649325810461891,5838,31372,0.8332857550670854,0.3000009562697828,2.777610329740862
lift,XGB001,train,"(0.0334, 0.0527]",10457,444,10013,0.0424595964425743,6282,41829,0.896660005709392,0.3999980874604343,2.2416607324355886
lift,XGB001,train,"(0.0218, 0.0334]",10457,268,10189,0.0256287654202926,6550,52286,0.9349129317727662,0.4999952186510858,1.8698437442962452
lift,XGB001,train,"(0.0154, 0.0218]",10458,168,10290,0.0160642570281124,6718,62744,0.9588923779617472,0.6000019125395657,1.598148869064672
lift,XGB001,train,"(0.012, 0.0154]",10457,121,10336,0.0115711963278186,6839,73201,0.9761632886097632,0.6999990437302172,1.3945208887827865
lift,XGB001,train,"(0.00947, 0.012]",10457,73,10384,0.0069809696853782,6912,83658,0.9865829289180702,0.7999961749208687,1.233234557672301
lift,XGB001,train,"(0.00714, 0.00947]",10457,69,10388,0.0065984507985081,6981,94115,0.9964316300314016,0.8999933061115202,1.1071544902223214
lift,XGB001,train,"(0.00231, 0.00714]",10458,25,10433,0.0023905144387072,7006,104573,1.0,1.0,1.0
lift,XGB001,validation,"(0.163, 0.91]",4482,1679,2803,0.3746095493083445,1679,4482,0.5591075591075592,0.1000066938884798,5.590701355761597
lift,XGB001,validation,"(0.0838, 0.163]",4482,534,3948,0.1191432396251673,2213,8964,0.736929736929737,0.2000133877769596,3.684402054883983
lift,XGB001,validation,"(0.0525, 0.0838]",4481,303,4178,0.067618835081455,2516,13445,0.8378288378288379,0.29999776870384,2.79278356452027
lift,XGB001,validation,"(0.0338, 0.0525]",4482,162,4320,0.036144578313253,2678,17927,0.8917748917748918,0.4000044625923198,2.2294123570410735
lift,XGB001,validation,"(0.0218, 0.0338]",4481,112,4369,0.0249944208881946,2790,22408,0.929070929070929,0.4999888435192003,1.8581833197149156
lift,XGB001,validation,"(0.0154, 0.0218]",4482,69,4413,0.0153949129852744,2859,26890,0.952047952047952,0.5999955374076801,1.5867583885062502
lift,XGB001,validation,"(0.0119, 0.0154]",4482,52,4430,0.0116019634091923,2911,31372,0.9693639693639694,0.7000022312961599,1.384801256374634
lift,XGB001,validation,"(0.00949, 0.0119]",4481,44,4437,0.009819236777505,2955,35853,0.984015984015984,0.7999866122230403,1.2300405644058894
lift,XGB001,validation,"(0.00712, 0.00949]",4482,26,4456,0.0058009817045961,2981,40335,0.9926739926739928,0.8999933061115202,1.102979306549407
lift,XGB001,validation,"(0.00259, 0.00712]",4482,22,4460,0.0049085229808121,3003,44817,1.0,1.0,1.0
lift,XGB002,train,"(0.162, 0.945]",10458,3932,6526,0.3759801109198699,3932,10458,0.5612332286611476,0.1000066938884798,5.611956628493229
lift,XGB002,train,"(0.0834, 0.162]",10457,1222,9235,0.1168595199387969,5154,20915,0.7356551527262346,0.2000038250791313,3.678205416497276
lift,XGB002,train,"(0.0525, 0.0834]",10457,692,9765,0.0661757674285167,5846,31372,0.8344276334570369,0.3000009562697828,2.7814165789080296
lift,XGB002,train,"(0.0336, 0.0525]",10457,433,10024,0.0414076695036817,6279,41829,0.8962318013131602,0.3999980874604343,2.240590216326498
lift,XGB002,train,"(0.0218, 0.0336]",10457,271,10186,0.0259156545854451,6550,52286,0.9349129317727662,0.4999952186510858,1.8698437442962452
lift,XGB002,train,"(0.0154, 0.0218]",10458,170,10288,0.016255498183209,6720,62744,0.959177847559235,0.6000019125395657,1.598624650210568
lift,XGB002,train,"(0.0119, 0.0154]",10457,123,10334,0.0117624557712537,6843,73201,0.9767342278047388,0.6999990437302172,1.3953365173184105
lift,XGB002,train,"(0.00943, 0.0119]",10457,73,10384,0.0069809696853782,6916,83658,0.987153868113046,0.7999961749208687,1.2339482350783613
lift,XGB002,train,"(0.00702, 0.00943]",10457,61,10396,0.005833413024768,6977,94115,0.995860690836426,0.8999933061115202,1.1065201086207042
lift,XGB002,train,"(0.00228, 0.00702]",10458,29,10429,0.0027729967489003,7006,104573,1.0,1.0,1.0
lift,XGB002,validation,"(0.163, 0.911]",4482,1681,2801,0.3750557786702365,1681,4482,0.5597735597735598,0.1000066938884798,5.597360916638026
lift,XGB002,validation,"(0.0838, 0.163]",4482,535,3947,0.1193663543061133,2216,8964,0.7379287379287379,0.2000133877769596,3.689396725541304
lift,XGB002,validation,"(0.0524, 0.0838]",4481,300,4181,0.0669493416648069,2516,13445,0.8378288378288379,0.29999776870384,2.79278356452027
lift,XGB002,validation,"(0.034, 0.0524]",4482,160,4322,0.035698348951361,2676,17927,0.8911088911088911,0.4000044625923198,2.227747373951424
lift,XGB002,validation,"(0.022, 0.034]",4481,114,4367,0.0254407498326266,2790,22408,0.929070929070929,0.4999888435192003,1.8581833197149156
lift,XGB002,validation,"(0.0154, 0.022]",4482,70,4412,0.0156180276662204,2860,26890,0.9523809523809524,0.5999955374076801,1.5873133931891834
lift,XGB002,validation,"(0.0119, 0.0154]",4482,51,4431,0.0113788487282463,2911,31372,0.9693639693639694,0.7000022312961599,1.384801256374634
lift,XGB002,validation,"(0.00943, 0.0119]",4481,50,4431,0.0111582236108011,2961,35853,0.986013986013986,0.7999866122230403,1.2325381086990994
lift,XGB002,validation,"(0.00702, 0.00943]",4482,22,4460,0.0049085229808121,2983,40335,0.9933399933399932,0.8999933061115202,1.103719312793318
lift,XGB002,validation,"(0.00216, 0.00702]",4482,20,4462,0.0044622936189201,3003,44817,1.0,1.0,1.0
lift,XGB003,train,"(0.158, 0.941]",10458,3860,6598,0.3690954293363931,3860,10458,0.5509563231515844,0.1000066938884798,5.5091944521830785
lift,XGB003,train,"(0.0838, 0.158]",10457,1209,9248,0.1156163335564693,5069,20915,0.7235226948330002,0.2000038250791313,3.617544287199203
lift,XGB003,train,"(0.0536, 0.0838]",10457,721,9736,0.0689490293583245,5790,31372,0.8264344847273766,0.3000009562697828,2.7547728347378535
lift,XGB003,train,"(0.0347, 0.0536]",10457,445,10012,0.0425552261642918,6235,41829,0.889951470168427,0.3999980874604343,2.22488931339317
lift,XGB003,train,"(0.0224, 0.0347]",10457,287,10170,0.0274457301329253,6522,52286,0.930916357407936,0.4999952186510858,1.861850519129788
lift,XGB003,train,"(0.0167, 0.0224]",10458,172,10286,0.0164467393383056,6694,62744,0.9554667427918928,0.6000019125395657,1.5924394953139198
lift,XGB003,train,"(0.0135, 0.0167]",10457,127,10330,0.0121449746581237,6821,73201,0.9735940622323722,0.6999990437302172,1.3908505603724794
lift,XGB003,train,"(0.0107, 0.0135]",10455,87,10368,0.0083213773314203,6908,83656,0.9860119897230945,0.7999770495252121,1.2325503466734382
lift,XGB003,train,"(0.00837, 0.0107]",10459,60,10399,0.0057366861076584,6968,94115,0.9945760776477304,0.8999933061115202,1.1050927500170655
lift,XGB003,train,"(0.0037600000000000003, 0.00837]",10458,38,10420,0.0036335819468349,7006,104573,1.0,1.0,1.0
lift,XGB003,validation,"(0.159, 0.907]",4482,1679,2803,0.3746095493083445,1679,4482,0.5591075591075592,0.1000066938884798,5.590701355761597
lift,XGB003,validation,"(0.0839, 0.159]",4482,535,3947,0.1193663543061133,2214,8964,0.7372627372627373,0.2000133877769596,3.68606694510309
lift,XGB003,validation,"(0.054, 0.0839]",4479,297,4182,0.0663094440723375,2511,13443,0.8361638361638362,0.2999531427806413,2.787648192022216
lift,XGB003,validation,"(0.0352, 0.054]",4484,161,4323,0.0359054415700267,2672,17927,0.8897768897768897,0.4000044625923198,2.224417407772124
lift,XGB003,validation,"(0.0226, 0.0352]",4481,113,4368,0.0252175853604106,2785,22408,0.9274059274059274,0.4999888435192003,1.854853242081018
lift,XGB003,validation,"(0.0166, 0.0226]",4482,73,4409,0.0162873717090584,2858,26890,0.9517149517149516,0.5999955374076801,1.586203383823317
lift,XGB003,validation,"(0.0134, 0.0166]",4482,45,4437,0.0100401606425702,2903,31372,0.9666999666999668,0.7000022312961599,1.3809955504141402
lift,XGB003,validation,"(0.0107, 0.0134]",4481,51,4430,0.0113813880830171,2954,35853,0.9836829836829836,0.7999866122230403,1.229624307023688
lift,XGB003,validation,"(0.00836, 0.0107]",4482,30,4452,0.0066934404283801,2984,40335,0.9936729936729936,0.8999933061115202,1.1040893159152736
lift,XGB003,validation,"(0.0037099999999999998, 0.00836]",4482,19,4463,0.0042391789379741,3003,44817,1.0,1.0,1.0
lift,XGB004,train,"(0.157, 0.935]",10458,3855,6603,0.3686173264486517,3855,10458,0.5502426491578647,0.1000066938884798,5.502058189939318
lift,XGB004,train,"(0.0842, 0.157]",10457,1201,9256,0.1148512957827292,5056,20915,0.7216671424493292,0.2000038250791313,3.6082667027183217
lift,XGB004,train,"(0.0535, 0.0842]",10457,736,9721,0.0703834751840872,5792,31372,0.8267199543248644,0.3000009562697828,2.755724397029646
lift,XGB004,train,"(0.0348, 0.0535]",10457,440,10017,0.0420770775557043,6232,41829,0.8895232657721953,0.3999980874604343,2.2238187972840797
lift,XGB004,train,"(0.0228, 0.0348]",10456,286,10170,0.0273527161438408,6518,52285,0.9303454182129604,0.4999856559532575,1.8607442176299875
lift,XGB004,train,"(0.0169, 0.0228]",10459,173,10286,0.0165407782770819,6691,62744,0.9550385383956608,0.6000019125395657,1.591725823595076
lift,XGB004,train,"(0.0137, 0.0169]",10454,128,10326,0.0122441170843696,6819,73198,0.9733085926348845,0.6999703556367323,1.390499733020134
lift,XGB004,train,"(0.011, 0.0137]",10460,87,10373,0.0083173996175908,6906,83658,0.9857265201256066,0.7999961749208687,1.2321640415632102
lift,XGB004,train,"(0.00872, 0.011]",10457,65,10392,0.0062159319116381,6971,94115,0.9950042820439624,0.8999933061115202,1.1055685362182783
lift,XGB004,train,"(0.00443, 0.00872]",10458,35,10423,0.00334672021419,7006,104573,1.0,1.0,1.0
lift,XGB004,validation,"(0.158, 0.9]",4482,1683,2799,0.3755020080321285,1683,4482,0.5604395604395604,0.1000066938884798,5.604020477514454
lift,XGB004,validation,"(0.0844, 0.158]",4482,522,3960,0.1164658634538152,2205,8964,0.7342657342657343,0.2000133877769596,3.6710829331311263
lift,XGB004,validation,"(0.0539, 0.0844]",4481,303,4178,0.067618835081455,2508,13445,0.8351648351648352,0.29999776870384,2.7839034895933374
lift,XGB004,validation,"(0.0353, 0.0539]",4482,167,4315,0.037260151717983,2675,17927,0.8907758907758908,0.4000044625923198,2.226914882406599
lift,XGB004,validation,"(0.0229, 0.0353]",4481,107,4374,0.0238785985271144,2782,22408,0.9264069264069263,0.4999888435192003,1.8528551955006791
lift,XGB004,validation,"(0.0168, 0.0229]",4482,75,4407,0.0167336010709504,2857,26890,0.9513819513819514,0.5999955374076801,1.5856483791403837
lift,XGB004,validation,"(0.0137, 0.0168]",4482,49,4433,0.0109326193663543,2906,31372,0.9676989676989676,0.7000022312961599,1.3824226901493255
lift,XGB004,validation,"(0.011, 0.0137]",4481,49,4432,0.0109350591385851,2955,35853,0.984015984015984,0.7999866122230403,1.2300405644058894
lift,XGB004,validation,"(0.00871, 0.011]",4482,27,4455,0.0060240963855421,2982,40335,0.993006993006993,0.8999933061115202,1.1033493096713625
lift,XGB004,validation,"(0.00443, 0.00871]",4482,21,4461,0.0046854082998661,3003,44817,1.0,1.0,1.0
lift,LGB001,train,"(0.17, 0.902]",10458,4047,6411,0.3869764773379231,4047,10458,0.5776477305166999,0.1000066938884798,5.77609066009972
lift,LGB001,train,"(0.0822, 0.17]",10457,1255,9202,0.1200153007554748,5302,20915,0.7567799029403368,0.2000038250791313,3.783827147510391
lift,LGB001,train,"(0.0505, 0.0822]",10457,643,9814,0.0614899110643588,5945,31372,0.8485583785326862,0.3000009562697828,2.8285189123517336
lift,LGB001,train,"(0.0326, 0.0505]",10457,425,10032,0.0406426317299416,6370,41829,0.909220667998858,0.3999980874604343,2.2730625383022445
lift,LGB001,train,"(0.0217, 0.0326]",10456,234,10222,0.0223794950267788,6604,52285,0.9426206109049386,0.4999856559532575,1.8852953073379008
lift,LGB001,train,"(0.0148, 0.0217]",10459,169,10290,0.0161583325365713,6773,62744,0.9667427918926634,0.6000019125395657,1.611232850576812
lift,LGB001,train,"(0.0108, 0.0148]",10457,115,10342,0.0109974179975136,6888,73201,0.9831572937482158,0.6999990437302172,1.404512338344178
lift,LGB001,train,"(0.0082, 0.0108]",10457,70,10387,0.0066940805202256,6958,83658,0.9931487296602912,0.7999961749208687,1.241441847841995
lift,LGB001,train,"(0.006, 0.0082]",10457,33,10424,0.0031557808166778,6991,94115,0.997858978018841,0.8999933061115202,1.1087404442263642
lift,LGB001,train,"(0.0005499999999999999, 0.006]",10458,15,10443,0.0014343086632243,7006,104573,1.0,1.0,1.0
lift,LGB001,validation,"(0.171, 0.869]",4482,1671,2811,0.3728246318607764,1671,4482,0.5564435564435565,0.1000066938884798,5.564063112255884
lift,LGB001,validation,"(0.0824, 0.171]",4482,535,3947,0.1193663543061133,2206,8964,0.7345987345987346,0.2000133877769596,3.672747823350233
lift,LGB001,validation,"(0.0505, 0.0824]",4481,310,4171,0.0691809863869672,2516,13445,0.8378288378288379,0.29999776870384,2.79278356452027
lift,LGB001,validation,"(0.0327, 0.0505]",4482,159,4323,0.0354752342704149,2675,17927,0.8907758907758908,0.4000044625923198,2.226914882406599
lift,LGB001,validation,"(0.0217, 0.0327]",4481,109,4372,0.0243249274715465,2784,22408,0.9270729270729272,0.4999888435192003,1.8541872265542385
lift,LGB001,validation,"(0.0148, 0.0217]",4482,78,4404,0.0174029451137884,2862,26890,0.9530469530469532,0.5999955374076801,1.58842340255505
lift,LGB001,validation,"(0.0108, 0.0148]",4482,51,4431,0.0113788487282463,2913,31372,0.97002997002997,0.7000022312961599,1.3857526828647575
lift,LGB001,validation,"(0.0082, 0.0108]",4481,41,4440,0.0091497433608569,2954,35853,0.9836829836829836,0.7999866122230403,1.229624307023688
lift,LGB001,validation,"(0.006, 0.0082]",4482,30,4452,0.0066934404283801,2984,40335,0.9936729936729936,0.8999933061115202,1.1040893159152736
lift,LGB001,validation,"(0.0006999999999999999, 0.006]",4482,19,4463,0.0042391789379741,3003,44817,1.0,1.0,1.0
lift,LGB002,train,"(0.176, 0.884]",10458,4254,6204,0.4067699368904188,4254,10458,0.6071938338566942,0.1000066938884798,6.071531916991403
lift,LGB002,train,"(0.0829, 0.176]",10457,1248,9209,0.1193458927034522,5502,20915,0.7853268626891237,0.2000038250791313,3.926559216447034
lift,LGB002,train,"(0.0496, 0.0829]",10457,619,9838,0.0591947977431385,6121,31372,0.8736797031116186,0.3000009562697828,2.91225639402943
lift,LGB002,train,"(0.0318, 0.0496]",10457,376,10081,0.0359567753657836,6497,41829,0.9273479874393376,0.3999980874604343,2.318381053587077
lift,LGB002,train,"(0.0211, 0.0318]",10457,224,10233,0.0214210576647221,6721,52286,0.9593205823579788,0.4999952186510858,1.918659512277109
lift,LGB002,train,"(0.014, 0.0211]",10458,143,10315,0.0136737425894052,6864,62744,0.9797316585783614,0.6000019125395657,1.63288089271508
lift,LGB002,train,"(0.00992, 0.014]",10457,82,10375,0.0078416371808358,6946,73201,0.991435912075364,0.6999990437302172,1.416338952110723
lift,LGB002,train,"(0.00726, 0.00992]",10457,38,10419,0.0036339294252653,6984,83658,0.9968598344276336,0.7999961749208687,1.2460807509813874
lift,LGB002,train,"(0.005, 0.00726]",10457,14,10443,0.0013388161040451,6998,94115,0.9988581216100484,0.8999933061115202,1.109850612029194
lift,LGB002,train,"(-7.499999999999998e-05, 0.005]",10458,8,10450,0.0007649646203863,7006,104573,1.0,1.0,1.0
lift,LGB002,validation,"(0.176, 0.857]",4482,1672,2810,0.3730477465417224,1672,4482,0.5567765567765568,0.1000066938884798,5.567392892694098
lift,LGB002,validation,"(0.0829, 0.176]",4482,532,3950,0.1186970102632753,2204,8964,0.733932733932734,0.2000133877769596,3.669418042912019
lift,LGB002,validation,"(0.0499, 0.0829]",4481,302,4179,0.067395670609239,2506,13445,0.8344988344988346,0.29999776870384,2.7816834708616045
lift,LGB002,validation,"(0.0319, 0.0499]",4482,170,4312,0.037929495760821,2676,17927,0.8911088911088911,0.4000044625923198,2.227747373951424
lift,LGB002,validation,"(0.0213, 0.0319]",4481,109,4372,0.0243249274715465,2785,22408,0.9274059274059274,0.4999888435192003,1.854853242081018
lift,LGB002,validation,"(0.0142, 0.0213]",4482,71,4411,0.0158411423471664,2856,26890,0.951048951048951,0.5999955374076801,1.5850933744574505
lift,LGB002,validation,"(0.00996, 0.0142]",4482,56,4426,0.0124944221329763,2912,31372,0.9696969696969696,0.7000022312961599,1.3852769696196958
lift,LGB002,validation,"(0.00728, 0.00996]",4481,40,4441,0.0089265788886409,2952,35853,0.983016983016983,0.7999866122230403,1.2287917922592846
lift,LGB002,validation,"(0.00501, 0.00728]",4482,31,4451,0.0069165551093261,2983,40335,0.9933399933399932,0.8999933061115202,1.103719312793318
lift,LGB002,validation,"(-4.6000000000000034e-05, 0.00501]",4482,20,4462,0.0044622936189201,3003,44817,1.0,1.0,1.0
lift,LGB003,train,"(0.171, 0.921]",10458,4008,6450,0.3832472748135399,4008,10458,0.5720810733656866,0.1000066938884798,5.720427814598389
lift,LGB003,train,"(0.0829, 0.171]",10457,1269,9188,0.1213541168595199,5277,20915,0.7532115329717385,0.2000038250791313,3.7659856388933113
lift,LGB003,train,"(0.0506, 0.0829]",10457,665,9792,0.063593764942144,5942,31372,0.8481301741364544,0.3000009562697828,2.827091568914046
lift,LGB003,train,"(0.0327, 0.0506]",10457,417,10040,0.0398775939562015,6359,41829,0.9076505852126748,0.3999980874604343,2.2691373125689123
lift,LGB003,train,"(0.0215, 0.0327]",10457,243,10214,0.0232380223773548,6602,52286,0.9423351413074508,0.4999952186510858,1.8846883053196657
lift,LGB003,train,"(0.0146, 0.0215]",10458,167,10291,0.0159686364505641,6769,62744,0.9661718526976876,0.6000019125395657,1.61028128828502
lift,LGB003,train,"(0.0106, 0.0146]",10457,110,10347,0.010519269388926,6879,73201,0.9818726805595204,0.6999990437302172,1.4026771741390245
lift,LGB003,train,"(0.00802, 0.0106]",10457,75,10382,0.0071722291288132,6954,83658,0.9925777904653156,0.7999961749208687,1.2407281704359348
lift,LGB003,train,"(0.00578, 0.00802]",10457,38,10419,0.0036339294252653,6992,94115,0.9980017128175848,0.8999933061115202,1.1088990396267684
lift,LGB003,train,"(0.0007199999999999999, 0.00578]",10458,14,10444,0.001338688085676,7006,104573,1.0,1.0,1.0
lift,LGB003,validation,"(0.172, 0.855]",4482,1678,2804,0.3743864346273984,1678,4482,0.5587745587745587,0.1000066938884798,5.587371575323383
lift,LGB003,validation,"(0.0832, 0.172]",4482,517,3965,0.1153502900490852,2195,8964,0.7309357309357309,0.2000133877769596,3.654434030940055
lift,LGB003,validation,"(0.0508, 0.0832]",4481,316,4165,0.0705199732202633,2511,13445,0.8361638361638362,0.29999776870384,2.787233517690937
lift,LGB003,validation,"(0.0328, 0.0508]",4482,166,4316,0.037037037037037,2677,17927,0.8914418914418915,0.4000044625923198,2.2285798654962488
lift,LGB003,validation,"(0.0216, 0.0328]",4481,107,4374,0.0238785985271144,2784,22408,0.9270729270729272,0.4999888435192003,1.8541872265542385
lift,LGB003,validation,"(0.0147, 0.0216]",4482,70,4412,0.0156180276662204,2854,26890,0.9503829503829504,0.5999955374076801,1.583983365091584
lift,LGB003,validation,"(0.0106, 0.0147]",4482,62,4420,0.0138331102186523,2916,31372,0.971028971028971,0.7000022312961599,1.3871798225999423
lift,LGB003,validation,"(0.00802, 0.0106]",4481,39,4442,0.0087034144164249,2955,35853,0.984015984015984,0.7999866122230403,1.2300405644058894
lift,LGB003,validation,"(0.00583, 0.00802]",4482,28,4454,0.0062472110664881,2983,40335,0.9933399933399932,0.8999933061115202,1.103719312793318
lift,LGB003,validation,"(0.00057, 0.00583]",4482,20,4462,0.0044622936189201,3003,44817,1.0,1.0,1.0
lift,LGB004,train,"(0.171, 0.909]",10458,3983,6475,0.3808567603748327,3983,10458,0.5685127033970883,0.1000066938884798,5.6847465033795865
lift,LGB004,train,"(0.0836, 0.171]",10457,1272,9185,0.1216410060246724,5255,20915,0.750071367399372,0.2000038250791313,3.750285111310281
lift,LGB004,train,"(0.0507, 0.0836]",10457,648,9809,0.0619680596729463,5903,31372,0.8425635169854411,0.3000009562697828,2.808536104224102
lift,LGB004,train,"(0.0328, 0.0507]",10457,441,10016,0.0421727072774218,6344,41829,0.905509563231516,0.3999980874604343,2.26378473202346
lift,LGB004,train,"(0.0216, 0.0328]",10457,243,10214,0.0232380223773548,6587,52286,0.9401941193262916,0.4999952186510858,1.8804062204090637
lift,LGB004,train,"(0.0145, 0.0216]",10458,164,10294,0.0156817747179192,6751,62744,0.9636026263202968,0.6000019125395657,1.605999257971956
lift,LGB004,train,"(0.0105, 0.0145]",10457,124,10333,0.0118580854929712,6875,73201,0.9813017413645446,0.6999990437302172,1.4018615456034007
lift,LGB004,train,"(0.00792, 0.0105]",10455,71,10384,0.0067910090865614,6946,83656,0.991435912075364,0.7999770495252121,1.239330444121845
lift,LGB004,train,"(0.00568, 0.00792]",10458,43,10415,0.0041116848345764,6989,94114,0.9975735084213532,0.8999837434136919,1.1084350308789994
lift,LGB004,train,"(0.00065, 0.00568]",10459,17,10442,0.0016253943971699,7006,104573,1.0,1.0,1.0
lift,LGB004,validation,"(0.172, 0.833]",4482,1675,2807,0.3737170905845605,1675,4482,0.5577755577755578,0.1000066938884798,5.5773822340087404
lift,LGB004,validation,"(0.0839, 0.172]",4482,519,3963,0.1157965194109772,2194,8964,0.7306027306027306,0.2000133877769596,3.652769140720949
lift,LGB004,validation,"(0.0509, 0.0839]",4481,324,4157,0.0723052889979915,2518,13445,0.8384948384948385,0.29999776870384,2.795003583252003
lift,LGB004,validation,"(0.0329, 0.0509]",4482,159,4323,0.0354752342704149,2677,17927,0.8914418914418915,0.4000044625923198,2.2285798654962488
lift,LGB004,validation,"(0.0216, 0.0329]",4481,111,4370,0.0247712564159785,2788,22408,0.9284049284049284,0.4999888435192003,1.8568512886613564
lift,LGB004,validation,"(0.0146, 0.0216]",4482,75,4407,0.0167336010709504,2863,26890,0.9533799533799534,0.5999955374076801,1.5889784072379831
lift,LGB004,validation,"(0.0105, 0.0146]",4482,44,4438,0.0098170459616242,2907,31372,0.968031968031968,0.7000022312961599,1.3828984033943872
lift,LGB004,validation,"(0.00795, 0.0105]",4481,49,4432,0.0109350591385851,2956,35853,0.9843489843489844,0.7999866122230403,1.2304568217880911
lift,LGB004,validation,"(0.0057, 0.00795]",4482,28,4454,0.0062472110664881,2984,40335,0.9936729936729936,0.8999933061115202,1.1040893159152736
lift,LGB004,validation,"(0.0006299999999999999, 0.0057]",4482,19,4463,0.0042391789379741,3003,44817,1.0,1.0,1.0
lift,CAT001,train,"(0.163, 0.929]",10458,3897,6561,0.3726333907056798,3897,10458,0.55623751070511,0.1000066938884798,5.562002792786907
lift,CAT001,train,"(0.0831, 0.163]",10457,1232,9225,0.117815817155972,5129,20915,0.7320867827576363,0.2000038250791313,3.660363907880196
lift,CAT001,train,"(0.0509, 0.0831]",10457,669,9788,0.063976283829014,5798,31372,0.827576363117328,0.3000009562697828,2.7585790839050213
lift,CAT001,train,"(0.0316, 0.0509]",10457,430,10027,0.0411207803385292,6228,41829,0.8889523265772196,0.3999980874604343,2.222391442471959
lift,CAT001,train,"(0.0213, 0.0316]",10457,293,10164,0.0280195084632303,6521,52286,0.9307736226091922,0.4999952186510858,1.8615650468024143
lift,CAT001,train,"(0.016, 0.0213]",10458,171,10287,0.0163511187607573,6692,62744,0.9551812731944048,0.6000019125395657,1.5919637141680238
lift,CAT001,train,"(0.0129, 0.016]",10457,123,10334,0.0117624557712537,6815,73201,0.9727376534399088,0.6999990437302172,1.3896271175690438
lift,CAT001,train,"(0.0103, 0.0129]",10457,91,10366,0.0087023046762933,6906,83658,0.9857265201256066,0.7999961749208687,1.2321640415632102
lift,CAT001,train,"(0.00801, 0.0103]",10457,63,10394,0.0060246724682031,6969,94115,0.9947188124464744,0.8999933061115202,1.1052513454174695
lift,CAT001,train,"(0.00405, 0.00801]",10458,37,10421,0.0035379613692866,7006,104573,1.0,1.0,1.0
lift,CAT001,validation,"(0.164, 0.894]",4482,1679,2803,0.3746095493083445,1679,4482,0.5591075591075592,0.1000066938884798,5.590701355761597
lift,CAT001,validation,"(0.0832, 0.164]",4482,533,3949,0.1189201249442213,2212,8964,0.7365967365967366,0.2000133877769596,3.682737164664876
lift,CAT001,validation,"(0.0513, 0.0832]",4481,305,4176,0.068065164025887,2517,13445,0.8381618381618382,0.29999776870384,2.793893573886137
lift,CAT001,validation,"(0.0321, 0.0513]",4482,156,4326,0.0348058902275769,2673,17927,0.8901098901098901,0.4000044625923198,2.225249899316949
lift,CAT001,validation,"(0.0213, 0.0321]",4481,114,4367,0.0254407498326266,2787,22408,0.928071928071928,0.4999888435192003,1.856185273134577
lift,CAT001,validation,"(0.016, 0.0213]",4482,68,4414,0.0151717983043284,2855,26890,0.9507159507159508,0.5999955374076801,1.5845383697745172
lift,CAT001,validation,"(0.0128, 0.016]",4482,57,4425,0.0127175368139223,2912,31372,0.9696969696969696,0.7000022312961599,1.3852769696196958
lift,CAT001,validation,"(0.0103, 0.0128]",4481,48,4433,0.0107118946663691,2960,35853,0.9856809856809856,0.7999866122230403,1.232121851316898
lift,CAT001,validation,"(0.00803, 0.0103]",4482,27,4455,0.0060240963855421,2987,40335,0.9946719946719946,0.8999933061115202,1.10519932528114
lift,CAT001,validation,"(0.00427, 0.00803]",4482,16,4466,0.0035698348951361,3003,44817,1.0,1.0,1.0
lift,CAT002,train,"(0.166, 0.927]",10458,3946,6512,0.377318799005546,3946,10458,0.5632315158435627,0.1000066938884798,5.631938162775759
lift,CAT002,train,"(0.0827, 0.166]",10457,1215,9242,0.1161901118867744,5161,20915,0.7366542963174422,0.2000038250791313,3.6832010389100582
lift,CAT002,train,"(0.0507, 0.0827]",10457,664,9793,0.0634981352204265,5825,31372,0.8314302026834142,0.3000009562697828,2.7714251748442136
lift,CAT002,train,"(0.0322, 0.0507]",10457,423,10034,0.0404513722865066,6248,41829,0.8918070225520982,0.3999980874604343,2.2295282165325627
lift,CAT002,train,"(0.0215, 0.0322]",10457,278,10179,0.0265850626374677,6526,52286,0.9314872966029116,0.4999952186510858,1.8629924084392817
lift,CAT002,train,"(0.0158, 0.0215]",10458,172,10286,0.0164467393383056,6698,62744,0.9560376819868684,0.6000019125395657,1.593391057605712
lift,CAT002,train,"(0.0123, 0.0158]",10457,120,10337,0.0114755666061011,6818,73201,0.9731658578361404,0.6999990437302172,1.3902388389707614
lift,CAT002,train,"(0.00965, 0.0123]",10457,89,10368,0.0085110452328583,6907,83658,0.9858692549243504,0.7999961749208687,1.2323424609147255
lift,CAT002,train,"(0.00734, 0.00965]",10457,66,10391,0.0063115616333556,6973,94115,0.9952897516414502,0.8999933061115202,1.105885727019087
lift,CAT002,train,"(0.00281, 0.00734]",10458,33,10425,0.0031554790590935,7006,104573,1.0,1.0,1.0
lift,CAT002,validation,"(0.166, 0.927]",4482,1684,2798,0.3757251227130745,1684,4482,0.5607725607725608,0.1000066938884798,5.6073502579526675
lift,CAT002,validation,"(0.0826, 0.166]",4482,528,3954,0.1178045515394912,2212,8964,0.7365967365967366,0.2000133877769596,3.682737164664876
lift,CAT002,validation,"(0.051, 0.0826]",4481,309,4172,0.0689578219147511,2521,13445,0.8394938394938395,0.29999776870384,2.7983336113496025
lift,CAT002,validation,"(0.0326, 0.051]",4482,155,4327,0.0345827755466309,2676,17927,0.8911088911088911,0.4000044625923198,2.227747373951424
lift,CAT002,validation,"(0.0214, 0.0326]",4481,106,4375,0.0236554340548984,2782,22408,0.9264069264069263,0.4999888435192003,1.8528551955006791
lift,CAT002,validation,"(0.0157, 0.0214]",4482,73,4409,0.0162873717090584,2855,26890,0.9507159507159508,0.5999955374076801,1.5845383697745172
lift,CAT002,validation,"(0.0123, 0.0157]",4482,57,4425,0.0127175368139223,2912,31372,0.9696969696969696,0.7000022312961599,1.3852769696196958
lift,CAT002,validation,"(0.00965, 0.0123]",4481,48,4433,0.0107118946663691,2960,35853,0.9856809856809856,0.7999866122230403,1.232121851316898
lift,CAT002,validation,"(0.00735, 0.00965]",4482,23,4459,0.0051316376617581,2983,40335,0.9933399933399932,0.8999933061115202,1.103719312793318
lift,CAT002,validation,"(0.0029100000000000003, 0.00735]",4482,20,4462,0.0044622936189201,3003,44817,1.0,1.0,1.0
lift,CAT003,train,"(0.164, 0.918]",10458,3889,6569,0.3718684260852936,3889,10458,0.5550956323151585,0.1000066938884798,5.550584773196889
lift,CAT003,train,"(0.0826, 0.164]",10457,1243,9214,0.1188677440948646,5132,20915,0.7325149871538681,0.2000038250791313,3.6625048889142455
lift,CAT003,train,"(0.0509, 0.0826]",10457,659,9798,0.0630199866118389,5791,31372,0.8265772195261205,0.3000009562697828,2.7552486158837497
lift,CAT003,train,"(0.032, 0.0509]",10457,441,10016,0.0421727072774218,6232,41829,0.8895232657721953,0.3999980874604343,2.2238187972840797
lift,CAT003,train,"(0.0214, 0.032]",10457,286,10171,0.0273501004112078,6518,52286,0.9303454182129604,0.4999952186510858,1.8607086298202944
lift,CAT003,train,"(0.0161, 0.0214]",10458,176,10282,0.0168292216484987,6694,62744,0.9554667427918928,0.6000019125395657,1.5924394953139198
lift,CAT003,train,"(0.0129, 0.0161]",10457,120,10337,0.0114755666061011,6814,73201,0.9725949186411648,0.6999990437302172,1.3894232104351378
lift,CAT003,train,"(0.0103, 0.0129]",10457,92,10365,0.0087979343980109,6906,83658,0.9857265201256066,0.7999961749208687,1.2321640415632102
lift,CAT003,train,"(0.00798, 0.0103]",10457,61,10396,0.005833413024768,6967,94115,0.9944333428489864,0.8999933061115202,1.1049341546166611
lift,CAT003,train,"(0.00395, 0.00798]",10458,39,10419,0.0037292025243832,7006,104573,1.0,1.0,1.0
lift,CAT003,validation,"(0.165, 0.898]",4482,1681,2801,0.3750557786702365,1681,4482,0.5597735597735598,0.1000066938884798,5.597360916638026
lift,CAT003,validation,"(0.0828, 0.165]",4482,537,3945,0.1198125836680053,2218,8964,0.7385947385947386,0.2000133877769596,3.6927265059795182
lift,CAT003,validation,"(0.0513, 0.0828]",4481,290,4191,0.0647176969426467,2508,13445,0.8351648351648352,0.29999776870384,2.7839034895933374
lift,CAT003,validation,"(0.0324, 0.0513]",4482,170,4312,0.037929495760821,2678,17927,0.8917748917748918,0.4000044625923198,2.2294123570410735
lift,CAT003,validation,"(0.0214, 0.0324]",4481,107,4374,0.0238785985271144,2785,22408,0.9274059274059274,0.4999888435192003,1.854853242081018
lift,CAT003,validation,"(0.016, 0.0214]",4482,73,4409,0.0162873717090584,2858,26890,0.9517149517149516,0.5999955374076801,1.586203383823317
lift,CAT003,validation,"(0.0128, 0.016]",4482,52,4430,0.0116019634091923,2910,31372,0.9690309690309692,0.7000022312961599,1.3843255431295722
lift,CAT003,validation,"(0.0103, 0.0128]",4481,49,4432,0.0109350591385851,2959,35853,0.9853479853479854,0.7999866122230403,1.231705593934696
lift,CAT003,validation,"(0.00798, 0.0103]",4482,25,4457,0.0055778670236501,2984,40335,0.9936729936729936,0.8999933061115202,1.1040893159152736
lift,CAT003,validation,"(0.00421, 0.00798]",4482,19,4463,0.0042391789379741,3003,44817,1.0,1.0,1.0
lift,CAT004,train,"(0.163, 0.891]",10458,3874,6584,0.3704341174220692,3874,10458,0.5529546103339994,0.1000066938884798,5.529175986465607
lift,CAT004,train,"(0.0827, 0.163]",10457,1244,9213,0.1189633738165821,5118,20915,0.7305166999714531,0.2000038250791313,3.652513644088681
lift,CAT004,train,"(0.0512, 0.0827]",10457,675,9782,0.0645500621593191,5793,31372,0.8268626891236084,0.3000009562697828,2.7562001781755416
lift,CAT004,train,"(0.032, 0.0512]",10457,432,10025,0.0413120397819642,6225,41829,0.8885241221809878,0.3999980874604343,2.2213209263628686
lift,CAT004,train,"(0.0214, 0.032]",10457,292,10165,0.0279238787415128,6517,52286,0.9302026834142164,0.4999952186510858,1.8604231574929209
lift,CAT004,train,"(0.0163, 0.0214]",10458,175,10283,0.0167336010709504,6692,62744,0.9551812731944048,0.6000019125395657,1.5919637141680238
lift,CAT004,train,"(0.0131, 0.0163]",10457,110,10347,0.010519269388926,6802,73201,0.9708821010562376,0.6999990437302172,1.3869763248282665
lift,CAT004,train,"(0.0105, 0.0131]",10457,102,10355,0.009754231615186,6904,83658,0.9854410505281188,0.7999961749208687,1.23180720286018
lift,CAT004,train,"(0.00816, 0.0105]",10457,62,10395,0.0059290427464856,6966,94115,0.9942906080502426,0.8999933061115202,1.104775559216257
lift,CAT004,train,"(0.00429, 0.00816]",10458,40,10418,0.0038248231019315,7006,104573,1.0,1.0,1.0
lift,CAT004,validation,"(0.164, 0.883]",4482,1687,2795,0.3763944667559125,1687,4482,0.5617715617715617,0.1000066938884798,5.61733959926731
lift,CAT004,validation,"(0.0828, 0.164]",4482,534,3948,0.1191432396251673,2221,8964,0.7395937395937396,0.2000133877769596,3.69772117663684
lift,CAT004,validation,"(0.0517, 0.0828]",4481,289,4192,0.0644945324704307,2510,13445,0.8358308358308358,0.29999776870384,2.7861235083250704
lift,CAT004,validation,"(0.0324, 0.0517]",4482,165,4317,0.036813922356091,2675,17927,0.8907758907758908,0.4000044625923198,2.226914882406599
lift,CAT004,validation,"(0.0214, 0.0324]",4481,110,4371,0.0245480919437625,2785,22408,0.9274059274059274,0.4999888435192003,1.854853242081018
lift,CAT004,validation,"(0.0162, 0.0214]",4482,71,4411,0.0158411423471664,2856,26890,0.951048951048951,0.5999955374076801,1.5850933744574505
lift,CAT004,validation,"(0.0131, 0.0162]",4482,50,4432,0.0111557340473003,2906,31372,0.9676989676989676,0.7000022312961599,1.3824226901493255
lift,CAT004,validation,"(0.0105, 0.0131]",4481,51,4430,0.0113813880830171,2957,35853,0.9846819846819846,0.7999866122230403,1.2308730791702929
lift,CAT004,validation,"(0.00816, 0.0105]",4482,28,4454,0.0062472110664881,2985,40335,0.994005994005994,0.8999933061115202,1.104459319037229
lift,CAT004,validation,"(0.00432, 0.00816]",4482,18,4464,0.0040160642570281,3003,44817,1.0,1.0,1.0
lift_table,EASTACK001,validation,1,4482,1648,2834,0.3676929941990183,1648,4482,0.5487845487845487,0.10000669388847981,5.4874781621769575
lift_table,EASTACK001,validation,2,4482,522,3960,0.11646586345381527,2170,8964,0.7226107226107226,0.20001338777695962,1.7381453887477984
lift_table,EASTACK001,validation,3,4481,324,4157,0.07230528899799152,2494,13445,0.8305028305028305,0.29999776870384004,1.079089622718277
lift_table,EASTACK001,validation,4,4482,176,4306,0.0392681838464971,2670,17927,0.8891108891108891,0.40000446259231986,0.5860413571256945
lift_table,EASTACK001,validation,5,4482,110,4372,0.024542614904060688,2780,22409,0.9257409257409257,0.5000111564807997,0.3662758482035591
lift_table,EASTACK001,validation,6,4481,75,4406,0.016737335416201742,2855,26890,0.9507159507159507,0.5999955374076801,0.2497892645181197
lift_table,EASTACK001,validation,7,4482,53,4429,0.011825078090138332,2908,31372,0.9683649683649683,0.7000022312961599,0.17647836322535118
lift_table,EASTACK001,validation,8,4481,47,4434,0.010488730194153091,2955,35853,0.984015984015984,0.7999866122230403,0.15653460576468833
lift_table,EASTACK001,validation,9,4482,27,4455,0.006024096385542169,2982,40335,0.993006993006993,0.8999933061115202,0.08990407183178267
lift_table,EASTACK001,validation,10,4482,21,4461,0.004685408299866131,3003,44817,1.0,1.0,0.06992538920249763
lift_table,WASTACK001,validation,1,4482,1645,2837,0.36702365015618027,1645,4482,0.5477855477855478,0.10000669388847981,5.477488820862314
lift_table,WASTACK001,validation,2,4482,527,3955,0.11758143685854529,2172,8964,0.7232767232767233,0.20001338777695962,1.7547942909388692
lift_table,WASTACK001,validation,3,4481,320,4161,0.07141263110912743,2492,13445,0.8298368298368298,0.29999776870384004,1.065767528610644
lift_table,WASTACK001,validation,4,4482,178,4304,0.03971441320838911,2670,17927,0.8891108891108891,0.40000446259231986,0.5927009180021228
lift_table,WASTACK001,validation,5,4482,107,4375,0.023873270861222668,2777,22409,0.9247419247419247,0.5000111564807997,0.3562865068889165
lift_table,WASTACK001,validation,6,4481,77,4404,0.017183664360633788,2854,26890,0.9503829503829504,0.5999955374076801,0.2564503115719362
lift_table,WASTACK001,validation,7,4482,56,4426,0.01249442213297635,2910,31372,0.9690309690309691,0.7000022312961599,0.1864677045399937
lift_table,WASTACK001,validation,8,4481,45,4436,0.010042401249721044,2955,35853,0.984015984015984,0.7999866122230403,0.1498735587108718
lift_table,WASTACK001,validation,9,4482,27,4455,0.006024096385542169,2982,40335,0.993006993006993,0.8999933061115202,0.08990407183178267
lift_table,WASTACK001,validation,10,4482,21,4461,0.004685408299866131,3003,44817,1.0,1.0,0.06992538920249763
lift_table,WASTACK002,validation,1,4482,1643,2839,0.3665774207942883,1643,4482,0.5471195471195471,0.10000669388847981,5.470829259985886
lift_table,WASTACK002,validation,2,4482,529,3953,0.11802766622043731,2172,8964,0.7232767232767233,0.20001338777695962,1.7614538518152976
lift_table,WASTACK002,validation,3,4481,321,4160,0.07163579558134345,2493,13445,0.8301698301698301,0.29999776870384004,1.0690980521375522
lift_table,WASTACK002,validation,4,4482,177,4305,0.039491298527443104,2670,17927,0.8891108891108891,0.40000446259231986,0.5893711375639086
lift_table,WASTACK002,validation,5,4482,107,4375,0.023873270861222668,2777,22409,0.9247419247419247,0.5000111564807997,0.3562865068889165
lift_table,WASTACK002,validation,6,4481,77,4404,0.017183664360633788,2854,26890,0.9503829503829504,0.5999955374076801,0.2564503115719362
lift_table,WASTACK002,validation,7,4482,56,4426,0.01249442213297635,2910,31372,0.9690309690309691,0.7000022312961599,0.1864677045399937
lift_table,WASTACK002,validation,8,4481,45,4436,0.010042401249721044,2955,35853,0.984015984015984,0.7999866122230403,0.1498735587108718
lift_table,WASTACK002,validation,9,4482,27,4455,0.006024096385542169,2982,40335,0.993006993006993,0.8999933061115202,0.08990407183178267
lift_table,WASTACK002,validation,10,4482,21,4461,0.004685408299866131,3003,44817,1.0,1.0,0.06992538920249763
lift_table,WASTACK003,validation,1,4482,1658,2824,0.36992414100847837,1658,4482,0.5521145521145521,0.10000669388847981,5.520775966559099
lift_table,WASTACK003,validation,2,4482,520,3962,0.11601963409192324,2178,8964,0.7252747252747253,0.20001338777695962,1.7314858278713698
lift_table,WASTACK003,validation,3,4481,310,4171,0.0691809863869672,2488,13445,0.8285048285048285,0.29999776870384004,1.0324622933415613
lift_table,WASTACK003,validation,4,4482,178,4304,0.03971441320838911,2666,17927,0.8877788877788878,0.40000446259231986,0.5927009180021228
lift_table,WASTACK003,validation,5,4482,116,4366,0.025881302989736725,2782,22409,0.9264069264069265,0.5000111564807997,0.38625453083284406
lift_table,WASTACK003,validation,6,4481,78,4403,0.01740682883284981,2860,26890,0.9523809523809523,0.5999955374076801,0.2597808350988444
lift_table,WASTACK003,validation,7,4482,50,4432,0.011155734047300312,2910,31372,0.9690309690309691,0.7000022312961599,0.16648902191070863
lift_table,WASTACK003,validation,8,4481,40,4441,0.00892657888864093,2950,35853,0.9823509823509824,0.7999866122230403,0.1332209410763305
lift_table,WASTACK003,validation,9,4482,32,4450,0.0071396697902722,2982,40335,0.993006993006993,0.8999933061115202,0.10655297402285353
lift_table,WASTACK003,validation,10,4482,21,4461,0.004685408299866131,3003,44817,1.0,1.0,0.06992538920249763
lift_table,WASTACK004,validation,1,4482,1684,2798,0.3757251227130745,1684,4482,0.5607725607725608,0.10000669388847981,5.6073502579526675
lift_table,WASTACK004,validation,2,4482,528,3954,0.11780455153949129,2212,8964,0.7365967365967366,0.20001338777695962,1.7581240713770832
lift_table,WASTACK004,validation,3,4481,309,4172,0.06895782191475117,2521,13445,0.8394938394938395,0.29999776870384004,1.029131769814653
lift_table,WASTACK004,validation,4,4482,155,4327,0.034582775546630966,2676,17927,0.8911088911088911,0.40000446259231986,0.5161159679231968
lift_table,WASTACK004,validation,5,4482,106,4376,0.023650156180276664,2782,22409,0.9264069264069265,0.5000111564807997,0.35295672645070236
lift_table,WASTACK004,validation,6,4481,73,4408,0.016291006471769693,2855,26890,0.9507159507159507,0.5999955374076801,0.24312821746430313
lift_table,WASTACK004,validation,7,4482,57,4425,0.012717536813922356,2912,31372,0.9696969696969697,0.7000022312961599,0.18979748497820786
lift_table,WASTACK004,validation,8,4481,48,4433,0.010711894666369114,2960,35853,0.9856809856809857,0.7999866122230403,0.1598651292915966
lift_table,WASTACK004,validation,9,4482,23,4459,0.005131637661758144,2983,40335,0.9933399933399933,0.8999933061115202,0.07658495007892598
lift_table,WASTACK004,validation,10,4482,20,4462,0.004462293618920125,3003,44817,1.0,1.0,0.06659560876428347
lift_table,RASTACK001,validation,1,4482,1603,2879,0.357652833556448,1603,4482,0.5337995337995338,0.10000669388847981,5.3376380424573195
lift_table,RASTACK001,validation,2,4482,541,3941,0.12070504239178938,2144,8964,0.713952713952714,0.20001338777695962,1.8014112170738676
lift_table,RASTACK001,validation,3,4481,312,4169,0.06962731533139924,2456,13445,0.8178488178488178,0.29999776870384004,1.0391233403953777
lift_table,RASTACK001,validation,4,4482,194,4288,0.043284248103525214,2650,17927,0.8824508824508824,0.40000446259231986,0.6459774050135496
lift_table,RASTACK001,validation,5,4482,130,4352,0.02900490852298081,2780,22409,0.9257409257409257,0.5000111564807997,0.43287145696784246
lift_table,RASTACK001,validation,6,4481,77,4404,0.017183664360633788,2857,26890,0.9513819513819514,0.5999955374076801,0.2564503115719362
lift_table,RASTACK001,validation,7,4482,54,4428,0.012048192771084338,2911,31372,0.9693639693639694,0.7000022312961599,0.17980814366356535
lift_table,RASTACK001,validation,8,4481,43,4438,0.009596072305288998,2954,35853,0.9836829836829837,0.7999866122230403,0.14321251165705529
lift_table,RASTACK001,validation,9,4482,27,4455,0.006024096385542169,2981,40335,0.9926739926739927,0.8999933061115202,0.08990407183178267
lift_table,RASTACK001,validation,10,4482,22,4460,0.0049085229808121375,3003,44817,1.0,1.0,0.07325516964071181
lift_table,LRSTACK001,validation,1,4482,1657,2825,0.3697010263275324,1657,4482,0.5517815517815517,0.10000669388847981,5.517446186120885
lift_table,LRSTACK001,validation,2,4482,521,3961,0.11624274877286926,2178,8964,0.7252747252747253,0.20001338777695962,1.7348156083095843
lift_table,LRSTACK001,validation,3,4481,328,4153,0.07319794688685562,2506,13445,0.8344988344988346,0.29999776870384004,1.0924117168259102
lift_table,LRSTACK001,validation,4,4482,185,4297,0.04127621597501115,2691,17927,0.8961038961038961,0.40000446259231986,0.616009381069622
lift_table,LRSTACK001,validation,5,4482,94,4388,0.020972780008924587,2785,22409,0.9274059274059274,0.5000111564807997,0.31299936119213223
lift_table,LRSTACK001,validation,6,4481,71,4410,0.015844677527337647,2856,26890,0.951048951048951,0.5999955374076801,0.23646717041048662
lift_table,LRSTACK001,validation,7,4482,54,4428,0.012048192771084338,2910,31372,0.9690309690309691,0.7000022312961599,0.17980814366356535
lift_table,LRSTACK001,validation,8,4481,54,4427,0.012050881499665253,2964,35853,0.987012987012987,0.7999866122230403,0.17984827045304616
lift_table,LRSTACK001,validation,9,4482,18,4464,0.004016064257028112,2982,40335,0.993006993006993,0.8999933061115202,0.05993604788785511
lift_table,LRSTACK001,validation,10,4482,21,4461,0.004685408299866131,3003,44817,1.0,1.0,0.06992538920249763
lift_table,RIDGESTACK001,validation,1,4482,1666,2816,0.3717090584560464,1666,4482,0.5547785547785548,0.10000669388847981,5.5474142100648125
lift_table,RIDGESTACK001,validation,2,4482,505,3977,0.11267291387773315,2171,8964,0.7229437229437229,0.20001338777695962,1.6815391212981572
lift_table,RIDGESTACK001,validation,3,4481,333,4148,0.07431376924793573,2504,13445,0.8338328338328338,0.29999776870384004,1.1090643344604514
lift_table,RIDGESTACK001,validation,4,4482,179,4303,0.03993752788933512,2683,17927,0.8934398934398934,0.40000446259231986,0.596030698440337
lift_table,RIDGESTACK001,validation,5,4482,99,4383,0.02208835341365462,2782,22409,0.9264069264069265,0.5000111564807997,0.32964826338320313
lift_table,RIDGESTACK001,validation,6,4481,74,4407,0.016514170943985718,2856,26890,0.951048951048951,0.5999955374076801,0.2464587409912114
lift_table,RIDGESTACK001,validation,7,4482,53,4429,0.011825078090138332,2909,31372,0.9686979686979686,0.7000022312961599,0.17647836322535118
lift_table,RIDGESTACK001,validation,8,4481,48,4433,0.010711894666369114,2957,35853,0.9846819846819846,0.7999866122230403,0.1598651292915966
lift_table,RIDGESTACK001,validation,9,4482,30,4452,0.006693440428380187,2987,40335,0.9946719946719946,0.8999933061115202,0.09989341314642519
lift_table,RIDGESTACK001,validation,10,4482,16,4466,0.0035698348951361,3003,44817,1.0,1.0,0.05327648701142677
lift_table,LASSOSTACK001,validation,1,4482,1657,2825,0.3697010263275324,1657,4482,0.5517815517815517,0.10000669388847981,5.517446186120885
lift_table,LASSOSTACK001,validation,2,4482,522,3960,0.11646586345381527,2179,8964,0.7256077256077256,0.20001338777695962,1.7381453887477984
lift_table,LASSOSTACK001,validation,3,4481,328,4153,0.07319794688685562,2507,13445,0.8348318348318349,0.29999776870384004,1.0924117168259102
lift_table,LASSOSTACK001,validation,4,4482,186,4296,0.041499330655957165,2693,17927,0.8967698967698968,0.40000446259231986,0.6193391615078362
lift_table,LASSOSTACK001,validation,5,4482,86,4396,0.019187862561356538,2779,22409,0.9254079254079254,0.5000111564807997,0.28636111768641886
lift_table,LASSOSTACK001,validation,6,4481,75,4406,0.016737335416201742,2854,26890,0.9503829503829504,0.5999955374076801,0.2497892645181197
lift_table,LASSOSTACK001,validation,7,4482,58,4424,0.012940651494868362,2912,31372,0.9696969696969697,0.7000022312961599,0.19312726541642203
lift_table,LASSOSTACK001,validation,8,4481,51,4430,0.011381388083017184,2963,35853,0.9866799866799867,0.7999866122230403,0.16985669987232138
lift_table,LASSOSTACK001,validation,9,4482,18,4464,0.004016064257028112,2981,40335,0.9926739926739927,0.8999933061115202,0.05993604788785511
lift_table,LASSOSTACK001,validation,10,4482,22,4460,0.0049085229808121375,3003,44817,1.0,1.0,0.07325516964071181
lift_table,RFSTACK001,validation,1,4482,1676,2806,0.3739402052655065,1676,4482,0.5581085581085581,0.10000669388847981,5.580712014446954
lift_table,RFSTACK001,validation,2,4482,525,3957,0.11713520749665328,2201,8964,0.732933732933733,0.20001338777695962,1.7481347300624408
lift_table,RFSTACK001,validation,3,4481,305,4176,0.06806516402588708,2506,13445,0.8344988344988346,0.29999776870384004,1.01580967570702
lift_table,RFSTACK001,validation,4,4482,166,4316,0.037037037037037035,2672,17927,0.8897768897768897,0.40000446259231986,0.5527435527435527
lift_table,RFSTACK001,validation,5,4482,109,4373,0.02431950022311468,2781,22409,0.926073926073926,0.5000111564807997,0.3629460677653448
lift_table,RFSTACK001,validation,6,4481,72,4409,0.016067841999553672,2853,26890,0.9500499500499501,0.5999955374076801,0.2397976939373949
lift_table,RFSTACK001,validation,7,4482,55,4427,0.012271307452030344,2908,31372,0.9683649683649683,0.7000022312961599,0.18313792410177954
lift_table,RFSTACK001,validation,8,4481,40,4441,0.00892657888864093,2948,35853,0.9816849816849816,0.7999866122230403,0.1332209410763305
lift_table,RFSTACK001,validation,9,4482,29,4453,0.006470325747434181,2977,40335,0.9913419913419913,0.8999933061115202,0.09656363270821101
lift_table,RFSTACK001,validation,10,4482,26,4456,0.005800981704596163,3003,44817,1.0,1.0,0.08657429139356851
lift_table,NNSTACK001,validation,1,4482,1645,2837,0.36702365015618027,1645,4482,0.5477855477855478,0.10000669388847981,5.477488820862314
lift_table,NNSTACK001,validation,2,4482,539,3943,0.12025881302989737,2184,8964,0.7272727272727273,0.20001338777695962,1.7947516561974393
lift_table,NNSTACK001,validation,3,4481,323,4158,0.07208212452577549,2507,13445,0.8348318348318349,0.29999776870384004,1.0757590991913686
lift_table,NNSTACK001,validation,4,4482,178,4304,0.03971441320838911,2685,17927,0.8941058941058941,0.40000446259231986,0.5927009180021228
lift_table,NNSTACK001,validation,5,4482,95,4387,0.021195894689870595,2780,22409,0.9257409257409257,0.5000111564807997,0.3163291416303465
lift_table,NNSTACK001,validation,6,4481,79,4402,0.017629993305065834,2859,26890,0.952047952047952,0.5999955374076801,0.26311135862575274
lift_table,NNSTACK001,validation,7,4482,52,4430,0.011601963409192326,2911,31372,0.9693639693639694,0.7000022312961599,0.17314858278713702
lift_table,NNSTACK001,validation,8,4481,49,4432,0.010935059138585137,2960,35853,0.9856809856809857,0.7999866122230403,0.16319565281850484
lift_table,NNSTACK001,validation,9,4482,24,4458,0.00535475234270415,2984,40335,0.9936729936729937,0.8999933061115202,0.07991473051714015
lift_table,NNSTACK001,validation,10,4482,19,4463,0.004239178937974119,3003,44817,1.0,1.0,0.06326582832606929
lift_table,XGBSTACK001,validation,1,4482,1683,2799,0.3755020080321285,1683,4482,0.5604395604395604,0.10000669388847981,5.604020477514453
lift_table,XGBSTACK001,validation,2,4482,529,3953,0.11802766622043731,2212,8964,0.7365967365967366,0.20001338777695962,1.7614538518152976
lift_table,XGBSTACK001,validation,3,4481,310,4171,0.0691809863869672,2522,13445,0.8398268398268398,0.29999776870384004,1.0324622933415613
lift_table,XGBSTACK001,validation,4,4482,149,4333,0.03324408746095493,2671,17927,0.8894438894438894,0.40000446259231986,0.4961372852939118
lift_table,XGBSTACK001,validation,5,4482,114,4368,0.025435073627844713,2785,22409,0.9274059274059274,0.5000111564807997,0.37959496995641573
lift_table,XGBSTACK001,validation,6,4481,70,4411,0.015621513055121624,2855,26890,0.9507159507159507,0.5999955374076801,0.23313664688357835
lift_table,XGBSTACK001,validation,7,4482,62,4420,0.013833110218652387,2917,31372,0.9713619713619713,0.7000022312961599,0.2064463871692787
lift_table,XGBSTACK001,validation,8,4481,46,4435,0.010265565721937068,2963,35853,0.9866799866799867,0.7999866122230403,0.15320408223778006
lift_table,XGBSTACK001,validation,9,4482,23,4459,0.005131637661758144,2986,40335,0.9943389943389943,0.8999933061115202,0.07658495007892598
lift_table,XGBSTACK001,validation,10,4482,17,4465,0.0037929495760821064,3003,44817,1.0,1.0,0.056606267449640944
