pd_band,predicted_pd,actual_default_rate,count,abs_error,split,model_id
"(-0.001, 0.05]",0.022237997499961467,0.02223799749996142,64799,4.85722573273506e-17,train,BLOG001
"(0.05, 0.1]",0.0568161354222942,0.05681613542229425,11106,4.85722573273506e-17,train,BLOG001
"(0.1, 0.2]",0.15531180020495683,0.1553118002049569,26347,8.326672684688674e-17,train,BLOG001
"(0.2, 0.4]",0.3627746660922017,0.36277466609220166,2321,5.551115123125783e-17,train,BLOG001
"(-0.001, 0.05]",0.024677681011582676,0.022811849264458926,74435,0.00186583174712375,train,BLOG002
"(0.05, 0.1]",0.0852651824798081,0.08740581270182993,9290,0.002140630222021822,train,BLOG002
"(0.1, 0.2]",0.11830559149693924,0.12885813148788927,14450,0.01055253999095003,train,BLOG002
"(0.2, 0.4]",0.24742959320681943,0.29606048547552727,2513,0.04863089226870784,train,BLOG002
"(0.4, 1.0]",0.5265629096025517,0.4864864864864865,3885,0.040076423116065185,train,BLOG002
"(-0.001, 0.05]",0.02111169397202269,0.01863468634686347,70460,0.0024770076251592194,train,BLOG003
"(0.05, 0.1]",0.07664720400152482,0.08291991495393337,21165,0.006272710952408556,train,BLOG003
"(0.1, 0.2]",0.15709813169682493,0.1667223521550284,5986,0.009624220458203464,train,BLOG003
"(0.2, 0.4]",0.29020442444851846,0.32889344262295084,3904,0.03868901817443238,train,BLOG003
"(0.4, 1.0]",0.5961034926928688,0.5415304120340092,3058,0.054573080658859574,train,BLOG003
"(-0.001, 0.05]",0.020622256193447788,0.017425294597729128,69841,0.00319696159571866,train,BLOG004
"(0.05, 0.1]",0.07193294253521991,0.07701121986154214,20945,0.005078277326322225,train,BLOG004
"(0.1, 0.2]",0.1468040769538902,0.1691542288557214,6432,0.022350151901831206,train,BLOG004
"(0.2, 0.4]",0.2749922120753192,0.33020780537252914,3946,0.05521559329720993,train,BLOG004
"(0.4, 1.0]",0.595401124076444,0.5236139630390144,3409,0.07178716103742955,train,BLOG004
"(-0.001, 0.05]",0.020945509979101534,0.017975640487190254,71430,0.002969869491911279,train,BLOG005
"(0.05, 0.1]",0.07488189196519013,0.08001618532193618,19771,0.0051342933567460475,train,BLOG005
"(0.1, 0.2]",0.14908080942481433,0.1708298407376362,5965,0.02174903131282188,train,BLOG005
"(0.2, 0.4]",0.2814229120738815,0.33277310924369746,4165,0.05135019716981598,train,BLOG005
"(0.4, 1.0]",0.6070261811049551,0.5351634793337446,3242,0.07186270177121046,train,BLOG005
"(-0.001, 0.05]",0.006407232506875963,0.02349926793557833,81960,0.017092035428702367,train,BNB001
"(0.05, 0.1]",0.07173322386497057,0.09154621112571178,4566,0.01981298726074121,train,BNB001
"(0.1, 0.2]",0.1399999095361661,0.10472758108967564,4717,0.03527232844649045,train,BNB001
"(0.2, 0.4]",0.2839651598529994,0.14872364039955605,2703,0.13524151945344337,train,BNB001
"(0.4, 1.0]",0.836161430488775,0.35438035193375367,10627,0.48178107855502134,train,BNB001
"(-0.001, 0.05]",0.01569213615118567,0.01117491251474199,51723,0.00451722363644368,train,BNB002
"(0.05, 0.1]",0.07196696450860632,0.028314606741573035,11125,0.04365235776703329,train,BNB002
"(0.1, 0.2]",0.1416479799290279,0.04320921796649952,9373,0.09843876196252838,train,BNB002
"(0.2, 0.4]",0.2869969058414034,0.062271872580466764,9041,0.22472503326093665,train,BNB002
"(0.4, 1.0]",0.7966566388952486,0.22071125219853288,23311,0.5759453866967157,train,BNB002
"(-0.001, 0.05]",0.006408141779147951,0.02349869451697128,81962,0.01709055273782333,train,BNB003
"(0.05, 0.1]",0.0717395280261303,0.0915863277826468,4564,0.0198467997565165,train,BNB003
"(0.1, 0.2]",0.13999241554919822,0.10472758108967564,4717,0.03526483445952258,train,BNB003
"(0.2, 0.4]",0.2839585158530257,0.14872364039955605,2703,0.13523487545346963,train,BNB003
"(0.4, 1.0]",0.8361560717330927,0.35438035193375367,10627,0.48177571979933903,train,BNB003
"(-0.001, 0.05]",0.01569253579625323,0.01117491251474199,51723,0.00451762328151124,train,BNB004
"(0.05, 0.1]",0.07196665646411057,0.028314606741573035,11125,0.04365204972253754,train,BNB004
"(0.1, 0.2]",0.14164568125302984,0.04320921796649952,9373,0.09843646328653033,train,BNB004
"(0.2, 0.4]",0.28698882919639374,0.062271872580466764,9041,0.22471695661592697,train,BNB004
"(0.4, 1.0]",0.7966502701383086,0.22071125219853288,23311,0.5759390179397756,train,BNB004
"(-0.001, 0.05]",0.006407948646852446,0.02349869451697128,81962,0.017090745870118832,train,BNB005
"(0.05, 0.1]",0.07176025219348955,0.09172504378283713,4568,0.01996479158934758,train,BNB005
"(0.1, 0.2]",0.1400169845020167,0.10460428601739868,4713,0.035412698484618005,train,BNB005
"(0.2, 0.4]",0.2839502094844753,0.14872364039955605,2703,0.13522656908491926,train,BNB005
"(0.4, 1.0]",0.8361493720718739,0.35438035193375367,10627,0.48176902013812023,train,BNB005
"(-0.001, 0.05]",0.015691708352258957,0.011175344637574679,51721,0.004516363714684278,train,BNB006
"(0.05, 0.1]",0.07196232301568603,0.02830951739013211,11127,0.04365280562555392,train,BNB006
"(0.1, 0.2]",0.14164280679115368,0.04320921796649952,9373,0.09843358882465417,train,BNB006
"(0.2, 0.4]",0.2869787321671202,0.062271872580466764,9041,0.22470685958665346,train,BNB006
"(0.4, 1.0]",0.7966423078828857,0.22071125219853288,23311,0.5759310556843529,train,BNB006
"(-0.001, 0.05]",0.006407369045709633,0.02349869451697128,81962,0.017091325471261645,train,BNB007
"(0.05, 0.1]",0.07174816997548528,0.09172504378283713,4568,0.019976873807351858,train,BNB007
"(0.1, 0.2]",0.13997614339436834,0.10462648556876061,4712,0.03534965782560773,train,BNB007
"(0.2, 0.4]",0.28393716144299774,0.14861367837338263,2705,0.1353234830696151,train,BNB007
"(0.4, 1.0]",0.8361703111780221,0.3544137022397892,10626,0.4817566089382329,train,BNB007
"(-0.001, 0.05]",0.015693204205048748,0.011175344637574679,51721,0.0045178595674740685,train,BNB008
"(0.05, 0.1]",0.07196116310879352,0.02830951739013211,11127,0.04365164571866141,train,BNB008
"(0.1, 0.2]",0.14163417596377298,0.04320921796649952,9373,0.09842495799727347,train,BNB008
"(0.2, 0.4]",0.2869484329318911,0.062271872580466764,9041,0.22467656035142433,train,BNB008
"(0.4, 1.0]",0.7966184123933993,0.22071125219853288,23311,0.5759071601948664,train,BNB008
"(-0.001, 0.05]",0.0064064023636721465,0.02349869451697128,81962,0.017092292153299132,train,BNB009
"(0.05, 0.1]",0.07174655872808355,0.09166484357908554,4571,0.019918284851001986,train,BNB009
"(0.1, 0.2]",0.13995475672160537,0.10469314079422383,4709,0.03526161592738154,train,BNB009
"(0.2, 0.4]",0.28389559383690155,0.14861367837338263,2705,0.13528191546351892,train,BNB009
"(0.4, 1.0]",0.8361367811969969,0.3544137022397892,10626,0.4817230789572077,train,BNB009
"(-0.001, 0.05]",0.015695692084934255,0.011175344637574679,51721,0.004520347447359576,train,BNB010
"(0.05, 0.1]",0.07195668770363664,0.028312061837138233,11126,0.04364462586649841,train,BNB010
"(0.1, 0.2]",0.1416153314103866,0.043204608491572434,9374,0.09841072291881417,train,BNB010
"(0.2, 0.4]",0.2868853925821803,0.0622787610619469,9040,0.2246066315202334,train,BNB010
"(0.4, 1.0]",0.7965615469993627,0.22070178448867536,23312,0.5758597625106873,train,BNB010
"(-0.001, 0.05]",0.006417213206388158,0.0235162100846486,81986,0.017098996878260442,train,BNB011
"(0.05, 0.1]",0.07182104785134631,0.09170881900153947,4547,0.019887771150193162,train,BNB011
"(0.1, 0.2]",0.13982278570760454,0.10475988100297493,4706,0.03506290470462961,train,BNB011
"(0.2, 0.4]",0.28354704026139477,0.14792899408284024,2704,0.13561804617855452,train,BNB011
"(0.4, 1.0]",0.8359056436983204,0.3544684854186265,10630,0.4814371582796939,train,BNB011
"(-0.001, 0.05]",0.01569998301344932,0.01117556071152359,51720,0.004524422301925729,train,BNB012
"(0.05, 0.1]",0.07195578148996587,0.02830442986791266,11129,0.043651351622053206,train,BNB012
"(0.1, 0.2]",0.14184969976000653,0.04313183894613832,9413,0.09871786081386821,train,BNB012
"(0.2, 0.4]",0.2871795854183173,0.06245138348705412,8999,0.22472820193126317,train,BNB012
"(0.4, 1.0]",0.7964817492968546,0.22070178448867536,23312,0.5757799648081792,train,BNB012
"(-0.001, 0.05]",0.006412227176511631,0.0235167837626854,81984,0.01710455658617377,train,BNB013
"(0.05, 0.1]",0.07178057371346185,0.09150757077024359,4557,0.019726997056781742,train,BNB013
"(0.1, 0.2]",0.13971593591312312,0.10491593956160886,4699,0.03479999635151426,train,BNB013
"(0.2, 0.4]",0.2834517524800628,0.14792899408284024,2704,0.13552275839722258,train,BNB013
"(0.4, 1.0]",0.8358125776803611,0.3545018346034434,10629,0.4813107430769177,train,BNB013
"(-0.001, 0.05]",0.015713784844525007,0.011174264393148513,51726,0.0045395204513764935,train,BNB014
"(0.05, 0.1]",0.0719365793619205,0.02834263091596185,11114,0.043593948445958645,train,BNB014
"(0.1, 0.2]",0.1416646956235628,0.0429421768707483,9408,0.09872251875281449,train,BNB014
"(0.2, 0.4]",0.28677848865136996,0.06261101243339254,9008,0.22416747621797742,train,BNB014
"(0.4, 1.0]",0.7962367908827513,0.2206544581206845,23317,0.5755823327620668,train,BNB014
"(-0.001, 0.05]",0.006404619036488756,0.023514489218460336,81992,0.01710987018197158,train,BNB015
"(0.05, 0.1]",0.07157656676000712,0.09166849857111453,4549,0.02009193181110741,train,BNB015
"(0.1, 0.2]",0.1395365568458276,0.10530767604144639,4729,0.03422888080438122,train,BNB015
"(0.2, 0.4]",0.28392229519377987,0.1480373831775701,2675,0.13588491201620978,train,BNB015
"(0.4, 1.0]",0.835448389977309,0.3544410989838163,10628,0.48100729099349265,train,BNB015
"(-0.001, 0.05]",0.015721213771590713,0.011181181568460557,51694,0.004540032203130156,train,BNB016
"(0.05, 0.1]",0.07194391276990122,0.02825212337952615,11185,0.043691789390375074,train,BNB016
"(0.1, 0.2]",0.14165876460230128,0.042907460774895934,9369,0.09875130382740535,train,BNB016
"(0.2, 0.4]",0.2861043548915281,0.06275685882483617,9003,0.2233474960666919,train,BNB016
"(0.4, 1.0]",0.7956692438052582,0.22060715204527914,23322,0.575062091759979,train,BNB016
"(-0.001, 0.05]",0.006392367499340012,0.02354677039764898,82007,0.017154402898308968,train,BNB017
"(0.05, 0.1]",0.07137413036308127,0.09088913282107575,4555,0.01951500245799448,train,BNB017
"(0.1, 0.2]",0.13884830152786132,0.10564276622825626,4714,0.03320553529960506,train,BNB017
"(0.2, 0.4]",0.2836537232036,0.14824495892457057,2678,0.13540876427902943,train,BNB017
"(0.4, 1.0]",0.8351325985042802,0.35464733025708634,10619,0.4804852682471939,train,BNB017
"(-0.001, 0.05]",0.01575788913211358,0.011145295176176932,51681,0.004612593955936649,train,BNB018
"(0.05, 0.1]",0.07197525987376112,0.028281750266808965,11244,0.043693509606952154,train,BNB018
"(0.1, 0.2]",0.14186588667864725,0.043102528539421744,9373,0.0987633581392255,train,BNB018
"(0.2, 0.4]",0.2853647319408565,0.06276571940031327,8938,0.2225990125405432,train,BNB018
"(0.4, 1.0]",0.7946009970776573,0.2205510562625873,23337,0.57404994081507,train,BNB018
"(-0.001, 0.05]",0.017956476674014676,0.01633785026840754,72837,0.0016186264056071362,train,CAT001
"(0.05, 0.1]",0.07206260912034063,0.07188346883468835,14760,0.0001791402856522739,train,CAT001
"(0.1, 0.2]",0.13663006046632656,0.1449240121580547,8225,0.00829395169172814,train,CAT001
"(0.2, 0.4]",0.28602458549702486,0.2915240587880008,4967,0.0054994732909759425,train,CAT001
"(0.4, 1.0]",0.5510679286368662,0.5589323467230444,3784,0.007864418086178215,train,CAT001
"(-0.001, 0.05]",0.017701817730676698,0.016064422311850082,72894,0.0016373954188266156,train,CAT002
"(0.05, 0.1]",0.07160087400760527,0.07038785142622614,14619,0.0012130225813791334,train,CAT002
"(0.1, 0.2]",0.1376235136560642,0.14440126305562304,8234,0.00677774939955883,train,CAT002
"(0.2, 0.4]",0.2872549018644639,0.2915348101265823,5056,0.0042799082621183815,train,CAT002
"(0.4, 1.0]",0.5510724424577825,0.5684350132625995,3770,0.017362570804816957,train,CAT002
"(-0.001, 0.05]",0.01801103917407166,0.016375200912175623,72793,0.0016358382618960367,train,CAT003
"(0.05, 0.1]",0.07182941158086706,0.07138519668038594,14821,0.00044421490048111856,train,CAT003
"(0.1, 0.2]",0.1365819003032348,0.14566784797751436,8183,0.00908594767427956,train,CAT003
"(0.2, 0.4]",0.2866349086775124,0.2936460212467428,4989,0.007011112569230427,train,CAT003
"(0.4, 1.0]",0.5485650892798536,0.5542645893847372,3787,0.005699500104883626,train,CAT003
"(-0.001, 0.05]",0.01809927560061832,0.01631675976116446,72686,0.001782515839453859,train,CAT004
"(0.05, 0.1]",0.07194962324044403,0.07208291541290539,14955,0.00013329217246135783,train,CAT004
"(0.1, 0.2]",0.1365406056419314,0.145263671875,8192,0.008723066233068594,train,CAT004
"(0.2, 0.4]",0.2867669775756338,0.29771451483560546,4988,0.010947537259971662,train,CAT004
"(0.4, 1.0]",0.5488039923979554,0.55090618336887,3752,0.0021021909709145747,train,CAT004
"(-0.001, 0.05]",0.017176142184803924,0.015365685743163075,68269,0.0018104564416408491,train,EASTACK001
"(0.05, 0.1]",0.07185841110734997,0.05651519177960847,11289,0.015343219327741506,train,EASTACK001
"(0.1, 0.2]",0.14444866569434398,0.09316935055742347,11302,0.05127931513692051,train,EASTACK001
"(0.2, 0.4]",0.29280848011412025,0.18934136441010868,7637,0.10346711570401157,train,EASTACK001
"(0.4, 1.0]",0.5331629603039566,0.4641211323238973,6076,0.06904182798005931,train,EASTACK001
"(-0.001, 0.05]",0.033199874738711235,0.013560124442039767,59144,0.01963975029667147,train,ET001
"(0.05, 0.1]",0.07053314550190079,0.06418355707642362,22794,0.006349588425477171,train,ET001
"(0.1, 0.2]",0.14067322987941427,0.1715612020522844,20465,0.03088797217287012,train,ET001
"(0.2, 0.4]",0.23519295148544792,0.5641406636948985,2019,0.3289477122094505,train,ET001
"(0.4, 1.0]",0.5361713334569487,0.6026490066225165,151,0.06647767316556785,train,ET001
"(-0.001, 0.05]",0.027938279823559113,0.013999127075217018,61861,0.013939152748342095,train,ET002
"(0.05, 0.1]",0.0709746953267715,0.06303801529166445,18703,0.007936680035107058,train,ET002
"(0.1, 0.2]",0.1433977219713418,0.14067822461741827,19669,0.0027194973539235168,train,ET002
"(0.2, 0.4]",0.2500119072100956,0.5016722408026756,4186,0.25166033359258,train,ET002
"(0.4, 1.0]",0.5404591435221737,0.6103896103896104,154,0.06993046686743665,train,ET002
"(-0.001, 0.05]",0.025467483381736346,0.013882520357340502,63245,0.011584963024395845,train,ET003
"(0.05, 0.1]",0.07166256815843448,0.06272727272727273,17600,0.008935295431161755,train,ET003
"(0.1, 0.2]",0.1417890686326516,0.12964213369345037,17772,0.012146934939201215,train,ET003
"(0.2, 0.4]",0.26137702110432337,0.4474973748687434,5714,0.18612035376442004,train,ET003
"(0.4, 1.0]",0.4986123454712633,0.6735537190082644,242,0.17494137353700112,train,ET003
"(-0.001, 0.05]",0.030934636551851732,0.013818838604143948,58688,0.017115797947707782,train,ET004
"(0.05, 0.1]",0.06967060543409259,0.06397583745194947,21852,0.00569476798214312,train,ET004
"(0.1, 0.2]",0.1466383091249728,0.17094017094017094,22113,0.02430186181519814,train,ET004
"(0.2, 0.4]",0.22159013042635686,0.5296875,1920,0.3080973695736431,train,ET004
"(0.05, 0.1]",0.09629254248523852,0.0018832391713747645,1062,0.09440930331386375,train,ET005
"(0.1, 0.2]",0.1565454482098731,0.006864149811735697,30011,0.1496812983981374,train,ET005
"(0.2, 0.4]",0.27666822871326646,0.024004129742751443,34869,0.252664098970515,train,ET005
"(0.4, 1.0]",0.628364296245904,0.1543061272035412,38631,0.47405816904236275,train,ET005
"(-0.001, 0.05]",0.01767980666187168,0.01515818431911967,72700,0.0025216223427520085,train,GB001
"(0.05, 0.1]",0.07161609404833547,0.07206216048958261,14543,0.0004460664412471449,train,GB001
"(0.1, 0.2]",0.13597597580255993,0.14657863145258104,8330,0.010602655650021109,train,GB001
"(0.2, 0.4]",0.292774060564893,0.2933565083043646,5178,0.000582447739471581,train,GB001
"(0.4, 1.0]",0.5369853583491029,0.5536368393511251,3822,0.016651481002022184,train,GB001
"(-0.001, 0.05]",0.01743627324262751,0.014145914769155072,73166,0.0032903584734724385,train,GB002
"(0.05, 0.1]",0.07095214720278781,0.07017924255565192,13836,0.0007729046471358914,train,GB002
"(0.1, 0.2]",0.13804539511038194,0.14668750751472887,8317,0.008642112404346924,train,GB002
"(0.2, 0.4]",0.2868026429205911,0.2952807312068644,5361,0.008478088286273278,train,GB002
"(0.4, 1.0]",0.5357058757967255,0.5643462625224762,3893,0.028640386725750755,train,GB002
"(-0.001, 0.05]",0.01745052010788892,0.015077934763169118,72689,0.002372585344719803,train,GB003
"(0.05, 0.1]",0.07132149900822447,0.07192302367437353,14446,0.0006015246661490586,train,GB003
"(0.1, 0.2]",0.13633079082458746,0.14492753623188406,8418,0.008596745407296602,train,GB003
"(0.2, 0.4]",0.29147909703335073,0.2957334891876096,5133,0.004254392154258879,train,GB003
"(0.4, 1.0]",0.5363554845484398,0.5487522510933882,3887,0.012396766544948368,train,GB003
"(-0.001, 0.05]",0.017678716404446185,0.01535344625604697,72557,0.0023252701483992156,train,GB004
"(0.05, 0.1]",0.07160760986441596,0.07211179702869548,14741,0.0005041871642795237,train,GB004
"(0.1, 0.2]",0.13607110234987557,0.14442966009435104,8267,0.00835855774447547,train,GB004
"(0.2, 0.4]",0.2923005651891618,0.29556459422816195,5163,0.003264029039000138,train,GB004
"(0.4, 1.0]",0.5340161986820574,0.5485045513654097,3845,0.014488352683352246,train,GB004
"(-0.001, 0.05]",0.0028764255902331347,0.045174691095014916,93880,0.04229826550478178,train,GNB001
"(0.05, 0.1]",0.07284209449008665,0.18421824581988852,3409,0.11137615132980187,train,GNB001
"(0.1, 0.2]",0.1418262325436332,0.21557155715571558,4444,0.07374532461208239,train,GNB001
"(0.2, 0.4]",0.2719810406612153,0.389242745930644,1413,0.1172617052694287,train,GNB001
"(0.4, 1.0]",0.7875791618780992,0.44078486334968464,1427,0.34679429852841454,train,GNB001
"(-0.001, 0.05]",0.003433639471134682,0.03975737524124621,90675,0.036323735770111526,train,GNB007
"(0.05, 0.1]",0.07374787499939947,0.16893203883495145,5150,0.09518416383555198,train,GNB007
"(0.1, 0.2]",0.12762364146476596,0.22652180383985712,6719,0.09889816237509116,train,GNB007
"(0.2, 0.4]",0.2694206032148878,0.5349369988545246,873,0.2655163956396368,train,GNB007
"(0.4, 1.0]",0.8019959057706588,0.4688581314878893,1156,0.3331377742827695,train,GNB007
"(-0.001, 0.05]",0.00408134998133086,0.03414058299632997,85558,0.03005923301499911,train,GNB008
"(0.05, 0.1]",0.07252484774876868,0.12423780487804878,3936,0.051712957129280104,train,GNB008
"(0.1, 0.2]",0.1475198164333627,0.16049129989764585,4885,0.012971483464283146,train,GNB008
"(0.2, 0.4]",0.2767234389096957,0.22130418202618532,7867,0.055419256883510376,train,GNB008
"(0.4, 1.0]",0.7283930583183036,0.46024924795874517,2327,0.2681438103595584,train,GNB008
"(-0.001, 0.05]",0.0030944804054960293,0.04240560102384307,92983,0.03931112061834704,train,GNB009
"(0.05, 0.1]",0.07343092662402126,0.19385665529010238,4395,0.12042572866608112,train,GNB009
"(0.1, 0.2]",0.13336634955511553,0.23880301228695996,5046,0.10543666273184443,train,GNB009
"(0.2, 0.4]",0.27476225450180947,0.492622020431328,881,0.21785976592951856,train,GNB009
"(0.4, 1.0]",0.8050587330237723,0.45110410094637227,1268,0.3539546320774,train,GNB009
"(-0.001, 0.05]",0.0029149804271839616,0.044766655393980385,94624,0.041851674966796426,train,GNB010
"(0.05, 0.1]",0.0734223846496153,0.2007338657457371,4633,0.12731148109612178,train,GNB010
"(0.1, 0.2]",0.12940059010155303,0.2866933181039406,3502,0.15729272800238758,train,GNB010
"(0.2, 0.4]",0.27749611852431527,0.5169366715758469,679,0.2394405530515316,train,GNB010
"(0.4, 1.0]",0.839648872849646,0.42731277533039647,1135,0.4123360975192495,train,GNB010
"(-0.001, 0.05]",0.022388222854440285,0.021151600963807537,80514,0.0012366218906327484,train,LASSOSTACK001
"(0.05, 0.1]",0.07146869335749491,0.08743291592128802,8944,0.01596422256379311,train,LASSOSTACK001
"(0.1, 0.2]",0.14108982097625955,0.145878026356114,6526,0.004788205379854443,train,LASSOSTACK001
"(0.2, 0.4]",0.28447819619376413,0.2832443970117396,4685,0.001233799182024542,train,LASSOSTACK001
"(0.4, 1.0]",0.5944380948528906,0.5742827868852459,3904,0.020155307967644642,train,LASSOSTACK001
"(-0.001, 0.05]",0.016929623269259217,0.014356951065811824,72996,0.0025726722034473924,train,LGB001
"(0.05, 0.1]",0.07096120269870299,0.07056151061262157,14087,0.00039969208608141293,train,LGB001
"(0.1, 0.2]",0.13834923109755523,0.1439914671723157,8438,0.0056422360747604705,train,LGB001
"(0.2, 0.4]",0.2903296802551162,0.30108550752237667,5251,0.010755827267260487,train,LGB001
"(0.4, 1.0]",0.5467163229484588,0.5703762167850566,3801,0.023659893836597723,train,LGB001
"(-0.001, 0.05]",0.016271460972373405,0.012127158020956819,73389,0.004144302951416587,train,LGB002
"(0.05, 0.1]",0.07078523103557754,0.0665575964899234,13447,0.004227634545654141,train,LGB002
"(0.1, 0.2]",0.13887696625864587,0.14326207629620882,8467,0.00438511003756295,train,LGB002
"(0.2, 0.4]",0.28791110003048265,0.3064456035767511,5368,0.018534503546268455,train,LGB002
"(0.4, 1.0]",0.5475793966096265,0.605586878523834,3902,0.05800748191420746,train,LGB002
"(-0.001, 0.05]",0.01678225496659072,0.014419254913786013,72958,0.0023630000528047073,train,LGB003
"(0.05, 0.1]",0.07106925586454542,0.07149985742800113,14028,0.0004306015634557153,train,LGB003
"(0.1, 0.2]",0.13851465634879015,0.14181818181818182,8525,0.003303525469391666,train,LGB003
"(0.2, 0.4]",0.28910269206076955,0.3016267942583732,5225,0.012524102197603637,train,LGB003
"(0.4, 1.0]",0.5450199565613895,0.5645035183737295,3837,0.01948356181234001,train,LGB003
"(-0.001, 0.05]",0.01671066988796643,0.014748048455913624,72891,0.001962621432052806,train,LGB004
"(0.05, 0.1]",0.0712351500578978,0.07144392690791831,13955,0.00020877685002052004,train,LGB004
"(0.1, 0.2]",0.13805471558864923,0.14149959439100707,8629,0.0034448788023578314,train,LGB004
"(0.2, 0.4]",0.2885171477146596,0.29561420163280805,5267,0.007097053918148466,train,LGB004
"(0.4, 1.0]",0.5426914980785852,0.5627773427303576,3831,0.020085844651772433,train,LGB004
"(-0.001, 0.05]",0.022022522138896626,0.021007985273265504,80398,0.0010145368656311222,train,LRSTACK001
"(0.05, 0.1]",0.07141236936858356,0.08625666074600355,9008,0.014844291377419994,train,LRSTACK001
"(0.1, 0.2]",0.14095906366336977,0.14650269023827825,6505,0.005543626574908478,train,LRSTACK001
"(0.2, 0.4]",0.28472946483734035,0.28169014084507044,4757,0.0030393239922699156,train,LRSTACK001
"(0.4, 1.0]",0.5953658866853088,0.5754161331626121,3905,0.019949753522696678,train,LRSTACK001
"(-0.001, 0.05]",0.017519549831751077,0.018601590200924036,74456,0.001082040369172959,train,NN001
"(0.05, 0.1]",0.07255417581245446,0.07879834254143646,14480,0.006244166728981995,train,NN001
"(0.1, 0.2]",0.13837626021905197,0.1516371443907676,7452,0.013260884171715615,train,NN001
"(0.2, 0.4]",0.2796495966860931,0.3049288061336254,4565,0.025279209447532258,train,NN001
"(0.4, 1.0]",0.5459522951456396,0.5408839779005525,3620,0.005068317245087051,train,NN001
"(-0.001, 0.05]",0.0191928592340265,0.017799732314103183,72473,0.001393126919923316,train,NN002
"(0.05, 0.1]",0.07228121981062556,0.07379976193625182,15122,0.0015185421256262571,train,NN002
"(0.1, 0.2]",0.13644893953662704,0.14718019257221457,8724,0.010731253035587529,train,NN002
"(0.2, 0.4]",0.2801509634195096,0.301381331100879,4778,0.021230367681369378,train,NN002
"(0.4, 1.0]",0.5318681092097318,0.5397008055235903,3476,0.007832696313858523,train,NN002
"(-0.001, 0.05]",0.01620449048241084,0.016751400493409844,73367,0.0005469100109990049,train,NN003
"(0.05, 0.1]",0.07140233188648598,0.07142306803297635,12979,2.0736146490368812e-05,train,NN003
"(0.1, 0.2]",0.1365346010391596,0.1378733838609006,8972,0.0013387828217409914,train,NN003
"(0.2, 0.4]",0.28769038841804717,0.2713966253303517,4919,0.01629376308769548,train,NN003
"(0.4, 1.0]",0.5474386178031493,0.5253690036900369,4336,0.022069614113112368,train,NN003
"(-0.001, 0.05]",0.01790647895298312,0.01700968607123501,71959,0.000896792881748109,train,NN004
"(0.05, 0.1]",0.07336810272331495,0.07661814400831816,15388,0.0032500412850032107,train,NN004
"(0.1, 0.2]",0.13499563301830417,0.13711830953210263,8613,0.002122676513798466,train,NN004
"(0.2, 0.4]",0.284954188509466,0.28983086239298395,4789,0.0048766738835179235,train,NN004
"(0.4, 1.0]",0.535783017294653,0.5319037656903766,3824,0.00387925160427649,train,NN004
"(-0.001, 0.05]",0.0192887201547618,0.01868965415268146,67631,0.0005990660020803382,train,NN005
"(0.05, 0.1]",0.07197436667603174,0.06382406348779339,14869,0.008150303188238353,train,NN005
"(0.1, 0.2]",0.13846847720205127,0.12516102786629602,14749,0.013307449335755256,train,NN005
"(0.2, 0.4]",0.27416900828110197,0.32237497509464036,5019,0.04820596681353839,train,NN005
"(0.4, 1.0]",0.5450223990156068,0.5765726681127983,2305,0.0315502690971915,train,NN005
"(-0.001, 0.05]",0.017993815599153296,0.01780407339749707,73354,0.00018974220165622613,train,NN006
"(0.05, 0.1]",0.07276167399574379,0.07667882718551547,14802,0.003917153189771677,train,NN006
"(0.1, 0.2]",0.13751676209432812,0.14551775515271914,8054,0.008000993058391026,train,NN006
"(0.2, 0.4]",0.2794392025012583,0.3025192143467122,4684,0.023080011845453885,train,NN006
"(0.4, 1.0]",0.5449714509922186,0.5371024734982333,3679,0.007868977493985296,train,NN006
"(-0.001, 0.05]",0.016723338925932533,0.01691277355901811,73613,0.00018943463308557576,train,NN007
"(0.05, 0.1]",0.07190423669726416,0.07272452373752646,13228,0.0008202870402622964,train,NN007
"(0.1, 0.2]",0.13566158009657533,0.14137616769195716,8778,0.00571458759538182,train,NN007
"(0.2, 0.4]",0.28688734323638887,0.2945296233200833,5283,0.0076422800836944416,train,NN007
"(0.4, 1.0]",0.5333641337882785,0.5453554889675838,3671,0.011991355179305274,train,NN007
"(-0.001, 0.05]",0.015117591946180365,0.018385961238991323,76417,0.003268369292810958,train,NN008
"(0.05, 0.1]",0.07180954015459204,0.08579723431889373,13089,0.013987694164301692,train,NN008
"(0.1, 0.2]",0.13789272622641535,0.16218511180300027,7066,0.02429238557658492,train,NN008
"(0.2, 0.4]",0.28484264541390186,0.3240663900414938,4820,0.03922374462759193,train,NN008
"(0.4, 1.0]",0.5291212340920698,0.5564287959761082,3181,0.027307561884038378,train,NN008
"(-0.001, 0.05]",0.016098156833558697,0.015535372848948376,71128,0.0005627839846103211,train,NN009
"(0.05, 0.1]",0.07194234317800371,0.06761006289308176,15264,0.004332280284921955,train,NN009
"(0.1, 0.2]",0.13730899760694967,0.13988553819062294,9086,0.0025765405836732647,train,NN009
"(0.2, 0.4]",0.2848765816092047,0.2900313248571955,5427,0.005154743247990812,train,NN009
"(0.4, 1.0]",0.5370795654484197,0.5517993456924755,3668,0.014719780244055736,train,NN009
"(-0.001, 0.05]",0.021194063384624942,0.015672794010545634,68654,0.005521269374079308,train,NN010
"(0.05, 0.1]",0.07100647319374734,0.06628295581136279,16158,0.004723517382384551,train,NN010
"(0.1, 0.2]",0.13938253196619355,0.11849771119434041,9612,0.020884820771853135,train,NN010
"(0.2, 0.4]",0.28056871530901006,0.2524392407308852,5637,0.02812947457812487,train,NN010
"(0.4, 1.0]",0.5271920693647245,0.5090868794326241,4512,0.01810518993210042,train,NN010
"(-0.001, 0.05]",0.01942684752898572,0.017798076257698428,72255,0.0016287712712872923,train,NN011
"(0.05, 0.1]",0.0722109125962556,0.07291805908301029,14962,0.0007071464867546839,train,NN011
"(0.1, 0.2]",0.13583547781573146,0.1445916114790287,9060,0.008756133663297222,train,NN011
"(0.2, 0.4]",0.2802971727424615,0.2991080688653806,4821,0.018810896122919085,train,NN011
"(0.4, 1.0]",0.5305375950830211,0.5401438848920863,3475,0.009606289809065194,train,NN011
"(-0.001, 0.05]",0.018905757168312245,0.016996606334841628,70720,0.0019091508334706173,train,NN012
"(0.05, 0.1]",0.07175667028858791,0.06804021523647692,14124,0.0037164550521109896,train,NN012
"(0.1, 0.2]",0.1358284598065939,0.12712674440833494,10462,0.008701715398258952,train,NN012
"(0.2, 0.4]",0.2781476687926933,0.2753403933434191,5288,0.002807275449274227,train,NN012
"(0.4, 1.0]",0.5569186533421336,0.5169640613219402,3979,0.03995459202019347,train,NN012
"(-0.001, 0.05]",0.018690248070014858,0.01796733459563281,73411,0.0007229134743820496,train,NN013
"(0.05, 0.1]",0.07241445609321345,0.07582491582491582,14850,0.00341045973170237,train,NN013
"(0.1, 0.2]",0.13757431258825883,0.1510442565887618,8044,0.01346994400050297,train,NN013
"(0.2, 0.4]",0.27899147828371434,0.3012099341965612,4711,0.02221845591284688,train,NN013
"(0.4, 1.0]",0.5396436713534316,0.5417486646050043,3557,0.002104993251572651,train,NN013
"(-0.001, 0.05]",0.017949150414734126,0.01763978568484682,72790,0.0003093647298873063,train,NN014
"(0.05, 0.1]",0.07333904521319422,0.07671758339612302,14599,0.0033785381829287975,train,NN014
"(0.1, 0.2]",0.1344080805418589,0.13881510567040073,8659,0.004407025128541825,train,NN014
"(0.2, 0.4]",0.2875392797776292,0.29745676500508644,4915,0.009917485227457223,train,NN014
"(0.4, 1.0]",0.5354642246161088,0.5368421052631579,3610,0.0013778806470491345,train,NN014
"(-0.001, 0.05]",0.018253519464678854,0.01621567275652074,69624,0.002037846708158115,train,NN015
"(0.05, 0.1]",0.0716363409232243,0.06617547654454509,14794,0.005460864378679209,train,NN015
"(0.1, 0.2]",0.13004169235646382,0.12008859784283513,10384,0.00995309451362869,train,NN015
"(0.2, 0.4]",0.28640258336937663,0.2659974905897114,5579,0.020405092779665235,train,NN015
"(0.4, 1.0]",0.5360353562707905,0.5169370229007634,4192,0.019098333370027087,train,NN015
"(-0.001, 0.05]",0.01985532054692147,0.01637014721764338,70372,0.0034851733292780886,train,NN016
"(0.05, 0.1]",0.07302800489768485,0.07269930444087748,14952,0.0003287004568073709,train,NN016
"(0.1, 0.2]",0.1354662217565793,0.12704719449559065,10319,0.008419027260988643,train,NN016
"(0.2, 0.4]",0.2797511347477347,0.27689559348947995,5038,0.002855541258254768,train,NN016
"(0.4, 1.0]",0.5561635873940199,0.5295477903391572,3892,0.026615797054862722,train,NN016
"(-0.001, 0.05]",0.017359309223786177,0.016582187837856813,71221,0.0007771213859293635,train,NN017
"(0.05, 0.1]",0.07289583764681584,0.07369658957271658,15306,0.0008007519259007334,train,NN017
"(0.1, 0.2]",0.13425300008312352,0.13553873275951467,9643,0.0012857326763911492,train,NN017
"(0.2, 0.4]",0.28318389073179334,0.30298210735586484,5030,0.019798216624071496,train,NN017
"(0.4, 1.0]",0.5369106239822863,0.5532167210198636,3373,0.01630609703757735,train,NN017
"(-0.001, 0.05]",0.016488586180155675,0.016991381775109258,73449,0.0005027955949535833,train,NN018
"(0.05, 0.1]",0.07095239507970812,0.0793766096546259,15143,0.00842421457491778,train,NN018
"(0.1, 0.2]",0.13952097621915066,0.14557229339715613,7103,0.006051317178005472,train,NN018
"(0.2, 0.4]",0.2838834734715672,0.29809160305343513,5240,0.014208129581867901,train,NN018
"(0.4, 1.0]",0.5406143493872134,0.5387575590984057,3638,0.001856790288807697,train,NN018
"(-0.001, 0.05]",0.017979455017996023,0.01565825264611785,70953,0.002321202371878172,train,NN019
"(0.05, 0.1]",0.07183912678684627,0.06737149106817353,13715,0.004467635718672744,train,NN019
"(0.1, 0.2]",0.13691304484912947,0.12568252730109206,10256,0.011230517548037416,train,NN019
"(0.2, 0.4]",0.2845220786096433,0.27627789776817857,5556,0.008244180841464721,train,NN019
"(0.4, 1.0]",0.5379861919304461,0.5245541167847545,4093,0.013432075145691558,train,NN019
"(-0.001, 0.05]",0.020613066648739905,0.02089101748609344,80178,0.00027795083735353623,train,NNSTACK001
"(0.05, 0.1]",0.071445005561962,0.08676470588235294,8840,0.015319700320390942,train,NNSTACK001
"(0.1, 0.2]",0.14149888937505245,0.14508580343213728,7051,0.0035869140570848335,train,NNSTACK001
"(0.2, 0.4]",0.2787735328466646,0.2923702950152594,4915,0.01359676216859479,train,NNSTACK001
"(0.4, 1.0]",0.6041886903777576,0.5862357202563389,3589,0.01795297012141872,train,NNSTACK001
"(-0.001, 0.05]",0.036062241696182086,0.0017897091722595079,2235,0.03427253252392258,train,RASTACK001
"(0.05, 0.1]",0.0767171693719443,0.00435085276714236,5746,0.07236631660480193,train,RASTACK001
"(0.1, 0.2]",0.1478937175268773,0.0059278350515463915,11640,0.1419658824753309,train,RASTACK001
"(0.2, 0.4]",0.305083355029522,0.011189871160447595,22431,0.2938934838690744,train,RASTACK001
"(0.4, 1.0]",0.6909802534495254,0.10647622398873978,62521,0.5845040294607856,train,RASTACK001
"(-0.001, 0.05]",0.02269239194043018,0.016427046263345197,70250,0.006265345677084984,train,RF001
"(0.05, 0.1]",0.07229240909691312,0.06747942227053891,12878,0.00481298682637421,train,RF001
"(0.1, 0.2]",0.13027596373170827,0.12748630729316807,13876,0.0027896564385402056,train,RF001
"(0.2, 0.4]",0.29678539936018095,0.35337078651685394,5340,0.056585387156672995,train,RF001
"(0.4, 1.0]",0.4888038024732125,0.5953342305966801,2229,0.10653042812346764,train,RF001
"(-0.001, 0.05]",0.019699321256966284,0.01499771245567883,69944,0.004701608801287454,train,RF002
"(0.05, 0.1]",0.07410645967977766,0.06690824382037013,15454,0.007198215859407539,train,RF002
"(0.1, 0.2]",0.13447866261459296,0.13595222543622282,10717,0.001473562821629859,train,RF002
"(0.2, 0.4]",0.28983207417652834,0.32311530921404386,5611,0.03328323503751551,train,RF002
"(0.4, 1.0]",0.4961315455552241,0.5806111696522656,2847,0.08447962409704146,train,RF002
"(-0.001, 0.05]",0.01761142819289087,0.013519525811960906,69677,0.004091902380929963,train,RF003
"(0.05, 0.1]",0.07335518344509959,0.06392895383258802,15877,0.009426229612511564,train,RF003
"(0.1, 0.2]",0.1386644666232937,0.1433666897849995,10093,0.004702223161705793,train,RF003
"(0.2, 0.4]",0.2890345738710732,0.3151586765698852,5924,0.026124102698812046,train,RF003
"(0.4, 1.0]",0.4991138810740326,0.5779480346435709,3002,0.07883415356953832,train,RF003
"(-0.001, 0.05]",0.019795729822836776,0.014790587281831602,69098,0.005005142541005174,train,RF004
"(0.05, 0.1]",0.07409949130985342,0.06456621595393673,15457,0.009533275355916693,train,RF004
"(0.1, 0.2]",0.13539325048942688,0.1359372334982091,11726,0.0005439830087822228,train,RF004
"(0.2, 0.4]",0.28988536060737025,0.3313359182234755,5674,0.04145055761610528,train,RF004
"(0.4, 1.0]",0.480820766078589,0.5775401069518716,2618,0.09671934087328266,train,RF004
"(0.05, 0.1]",0.08474914063913812,0.0038900067069081155,14910,0.08085913393223,train,RF005
"(0.1, 0.2]",0.14624807487012093,0.010805956312648473,34518,0.13544211855747246,train,RF005
"(0.2, 0.4]",0.2955346494535707,0.029356435643564355,20200,0.2661782138100064,train,RF005
"(0.4, 1.0]",0.6353956732406016,0.17118328802403776,34945,0.4642123852165639,train,RF005
"(-0.001, 0.05]",0.01812691803026881,0.016158262433423255,72285,0.0019686555968455553,train,RFSTACK001
"(0.05, 0.1]",0.07258650708204603,0.06933297362919,14827,0.0032535334528560333,train,RFSTACK001
"(0.1, 0.2]",0.1317351593861819,0.1401723725161599,8354,0.008437213129978,train,RFSTACK001
"(0.2, 0.4]",0.29205171230617255,0.2983856661344687,5637,0.006333953828296157,train,RFSTACK001
"(0.4, 1.0]",0.540449365124118,0.5639769452449568,3470,0.023527580120838776,train,RFSTACK001
"(-0.001, 0.05]",0.022873540717071362,0.02108418685985511,80060,0.0017893538572162533,train,RIDGESTACK001
"(0.05, 0.1]",0.07163435256420199,0.08775055679287305,8980,0.016116204228671063,train,RIDGESTACK001
"(0.1, 0.2]",0.1415271644459248,0.13996316758747698,6516,0.0015639968584478248,train,RIDGESTACK001
"(0.2, 0.4]",0.2848773538862574,0.27653415669625625,5182,0.00834319719000115,train,RIDGESTACK001
"(0.4, 1.0]",0.5667896033777335,0.5697522816166884,3835,0.002962678238954908,train,RIDGESTACK001
"(-0.001, 0.05]",0.024106651345160934,0.02167487684729064,66990,0.0024317744978702947,train,RLOG001
"(0.05, 0.1]",0.07078486245679308,0.07094689519527957,14236,0.0001620327384864867,train,RLOG001
"(0.1, 0.2]",0.14854941102860578,0.1396381247057241,14867,0.008911286322881684,train,RLOG001
"(0.2, 0.4]",0.24424187325949723,0.26919648541958485,7853,0.024954612160087625,train,RLOG001
"(0.4, 1.0]",0.5691958052573007,0.5645933014354066,627,0.004602503821894088,train,RLOG001
"(-0.001, 0.05]",0.022649684978256847,0.022259345554725165,68241,0.0003903394235316819,train,RLOG002
"(0.05, 0.1]",0.07116237743960027,0.07847741017431518,14055,0.007315032734714913,train,RLOG002
"(0.1, 0.2]",0.14702457486415532,0.13074811256005492,14570,0.016276462304100403,train,RLOG002
"(0.2, 0.4]",0.2573876880184934,0.27647595861229457,6572,0.019088270593801193,train,RLOG002
"(0.4, 1.0]",0.5607946159904887,0.5832599118942732,1135,0.022465295903784432,train,RLOG002
"(-0.001, 0.05]",0.022461811964215084,0.022268391174577164,68348,0.00019342078963792073,train,RLOG003
"(0.05, 0.1]",0.07109625148820027,0.0791024639636441,14083,0.008006212475443836,train,RLOG003
"(0.1, 0.2]",0.14657117239216888,0.12961296129612962,14443,0.01695821109603926,train,RLOG003
"(0.2, 0.4]",0.25853181937711417,0.2787767020132165,6507,0.020244882636102357,train,RLOG003
"(0.4, 1.0]",0.5631818245886417,0.5738255033557047,1192,0.010643678767062958,train,RLOG003
"(-0.001, 0.05]",0.022440930031535248,0.022222547327149837,68354,0.00021838270438541071,train,RLOG004
"(0.05, 0.1]",0.07110040975406703,0.07948663404949302,14103,0.008386224295425987,train,RLOG004
"(0.1, 0.2]",0.14660387373977093,0.1296873916961253,14427,0.016916482043645625,train,RLOG004
"(0.2, 0.4]",0.2587285822311655,0.278693575720228,6491,0.0199649934890625,train,RLOG004
"(0.4, 1.0]",0.563418959111807,0.5726210350584308,1198,0.009202075946623811,train,RLOG004
"(-0.001, 0.05]",0.024609473114259154,0.021008275061833948,65498,0.0036011980524252064,train,RLOG005
"(0.05, 0.1]",0.07085752653746623,0.06695507487520799,15025,0.0039024516622582356,train,RLOG005
"(0.1, 0.2]",0.147813433850075,0.13516326265122935,15374,0.01265017119884565,train,RLOG005
"(0.2, 0.4]",0.247951447535802,0.2701012879829936,7997,0.022149840447191593,train,RLOG005
"(0.4, 1.0]",0.5620511469381271,0.5684830633284241,679,0.006431916390297054,train,RLOG005
"(-0.001, 0.05]",0.022656089622693793,0.02201891538088164,67987,0.0006371742418121544,train,RLOG006
"(0.05, 0.1]",0.07114816584856226,0.07783669141039236,14145,0.006688525561830097,train,RLOG006
"(0.1, 0.2]",0.1470875227322177,0.13005800068236098,14655,0.01702952204985672,train,RLOG006
"(0.2, 0.4]",0.2572557367574105,0.2791392707710699,6692,0.021883534013659445,train,RLOG006
"(0.4, 1.0]",0.5612511437102021,0.5795246800731262,1094,0.01827353636292406,train,RLOG006
"(-0.001, 0.05]",0.022461402050820214,0.02224889487397172,68318,0.00021250717684849485,train,RLOG007
"(0.05, 0.1]",0.07109748073916557,0.0790892325152504,14098,0.007991751776084827,train,RLOG007
"(0.1, 0.2]",0.14658943075426584,0.12953475491553587,14444,0.017054675838729966,train,RLOG007
"(0.2, 0.4]",0.25850101863420405,0.27875631796599787,6529,0.02025529933179382,train,RLOG007
"(0.4, 1.0]",0.5635617024295417,0.5743243243243243,1184,0.010762621894782609,train,RLOG007
"(-0.001, 0.05]",0.022441232934515585,0.022223847841989757,68350,0.00021738509252582777,train,RLOG008
"(0.05, 0.1]",0.07109000262124823,0.07948099829835507,14104,0.008390995677106841,train,RLOG008
"(0.1, 0.2]",0.14658907759272588,0.12961807721633048,14427,0.0169710003763954,train,RLOG008
"(0.2, 0.4]",0.2587474822061517,0.2789408866995074,6496,0.020193404493355716,train,RLOG008
"(0.4, 1.0]",0.563665152080775,0.5719063545150501,1196,0.008241202434275174,train,RLOG008
"(-0.001, 0.05]",0.0223691888737599,0.02236918887375997,77115,6.938893903907228e-17,train,T001
"(0.1, 0.2]",0.11857688859529089,0.11857688859529089,21193,0.0,train,T001
"(0.2, 0.4]",0.3471223021582734,0.3471223021582734,1668,0.0,train,T001
"(0.4, 1.0]",0.47618011746791383,0.47618011746791383,4597,0.0,train,T001
"(-0.001, 0.05]",0.01824747098872619,0.01824747098872626,72558,6.938893903907228e-17,train,T002
"(0.05, 0.1]",0.07812592199209294,0.07812592199209299,16947,5.551115123125783e-17,train,T002
"(0.1, 0.2]",0.14200497100248544,0.1420049710024855,6035,5.551115123125783e-17,train,T002
"(0.2, 0.4]",0.3002823451253944,0.3002823451253945,6021,5.551115123125783e-17,train,T002
"(0.4, 1.0]",0.5620849933598937,0.5620849933598937,3012,0.0,train,T002
"(-0.001, 0.05]",0.017947544161999094,0.01794754416199914,74272,4.5102810375396984e-17,train,T003
"(0.05, 0.1]",0.07250455222645258,0.07250455222645258,12082,0.0,train,T003
"(0.1, 0.2]",0.13431235930967944,0.1343123593096795,9329,5.551115123125783e-17,train,T003
"(0.2, 0.4]",0.29979730974755847,0.2997973097475585,5427,5.551115123125783e-17,train,T003
"(0.4, 1.0]",0.5535662720184811,0.5535662720184811,3463,0.0,train,T003
"(-0.001, 0.05]",0.01824747098872619,0.01824747098872626,72558,6.938893903907228e-17,train,T004
"(0.05, 0.1]",0.07823168614743659,0.07823168614743664,17282,5.551115123125783e-17,train,T004
"(0.1, 0.2]",0.15278875019750351,0.15278875019750354,6329,2.7755575615628914e-17,train,T004
"(0.2, 0.4]",0.30829811755666536,0.30829811755666536,5206,0.0,train,T004
"(0.4, 1.0]",0.549718574108818,0.549718574108818,3198,0.0,train,T004
"(-0.001, 0.05]",0.016479296138537766,0.01647929613853781,71605,4.5102810375396984e-17,train,T005
"(0.05, 0.1]",0.07256683787699195,0.07256683787699196,15186,1.3877787807814457e-17,train,T005
"(0.1, 0.2]",0.14033928178012772,0.14033928178012778,9078,5.551115123125783e-17,train,T005
"(0.2, 0.4]",0.285558701807885,0.285558701807885,4591,0.0,train,T005
"(0.4, 1.0]",0.5200583515681984,0.5200583515681984,4113,0.0,train,T005
"(0.1, 0.2]",0.1362496469705791,0.011200121492843312,52678,0.1250495254777358,train,T006
"(0.2, 0.4]",0.3252972731056736,0.03373130868204474,17254,0.2915659644236288,train,T006
"(0.4, 1.0]",0.649873843469274,0.16841315204526427,34641,0.4814606914240097,train,T006
"(0.05, 0.1]",0.080187919653264,0.006221094421479147,24433,0.07396682523178486,train,T007
"(0.1, 0.2]",0.16617459193282338,0.01411188710490316,27778,0.15206270482792023,train,T007
"(0.2, 0.4]",0.313569625796974,0.03245781516074101,19379,0.281111810636233,train,T007
"(0.4, 1.0]",0.660304610554812,0.176848679622836,32983,0.48345593093197603,train,T007
"(-0.001, 0.05]",0.01721564647222935,0.015224253101372678,68115,0.001991393370856673,train,WASTACK001
"(0.05, 0.1]",0.07188823350248968,0.05677087946151802,11291,0.015117354040971663,train,WASTACK001
"(0.1, 0.2]",0.14442740621041245,0.09253333333333333,11250,0.05189407287707912,train,WASTACK001
"(0.2, 0.4]",0.2924907584561553,0.1829171094580234,7528,0.1095736489981319,train,WASTACK001
"(0.4, 1.0]",0.537264459227655,0.45547033964626704,6389,0.08179411958138794,train,WASTACK001
"(-0.001, 0.05]",0.017190483765245738,0.015257096750531798,68165,0.00193338701471394,train,WASTACK002
"(0.05, 0.1]",0.07191882330654406,0.05690190856635597,11265,0.01501691474018809,train,WASTACK002
"(0.1, 0.2]",0.1443845843214265,0.09244072027099305,11218,0.051943864050433455,train,WASTACK002
"(0.2, 0.4]",0.29252722868394926,0.18150040333422962,7438,0.11102682534971964,train,WASTACK002
"(0.4, 1.0]",0.5375687474838505,0.4529058116232465,6487,0.08466293586060403,train,WASTACK002
"(-0.001, 0.05]",0.018497938013113155,0.015599862100666514,69616,0.0028980759124466408,train,WASTACK003
"(0.05, 0.1]",0.07183982148813292,0.0609541312504786,13059,0.010885690237654323,train,WASTACK003
"(0.1, 0.2]",0.1385011637626113,0.11767647303941996,11999,0.020824690723191333,train,WASTACK003
"(0.2, 0.4]",0.28268399767906743,0.2785276073619632,6520,0.0041563903171042416,train,WASTACK003
"(0.4, 1.0]",0.5359450806907531,0.5611127552530334,3379,0.025167674562280307,train,WASTACK003
"(-0.001, 0.05]",0.017701817730676698,0.016064422311850082,72894,0.0016373954188266156,train,WASTACK004
"(0.05, 0.1]",0.07160087400760527,0.07038785142622614,14619,0.0012130225813791334,train,WASTACK004
"(0.1, 0.2]",0.1376235136560642,0.14440126305562304,8234,0.00677774939955883,train,WASTACK004
"(0.2, 0.4]",0.2872549018644639,0.2915348101265823,5056,0.0042799082621183815,train,WASTACK004
"(0.4, 1.0]",0.5510724424577825,0.5684350132625995,3770,0.017362570804816957,train,WASTACK004
"(-0.001, 0.05]",0.004577950241531879,0.02838370863787753,87973,0.02380575839634565,train,WGNB001
"(0.05, 0.1]",0.07113486578911926,0.10726210350584307,2396,0.03612723771672381,train,WGNB001
"(0.1, 0.2]",0.1460021869343673,0.14678394722374932,1819,0.0007817602893820108,train,WGNB001
"(0.2, 0.4]",0.2811391779797673,0.16030534351145037,1179,0.12083383446831691,train,WGNB001
"(0.4, 1.0]",0.9454025269193932,0.33874709976798145,11206,0.6066554271514117,train,WGNB001
"(-0.001, 0.05]",0.0045779505513447475,0.02838370863787753,87973,0.02380575808653278,train,WGNB002
"(0.05, 0.1]",0.07113487074556624,0.10726210350584307,2396,0.03612723276027684,train,WGNB002
"(0.1, 0.2]",0.14600219580434248,0.14678394722374932,1819,0.0007817514194068398,train,WGNB002
"(0.2, 0.4]",0.2811391946045988,0.16030534351145037,1179,0.12083385109314843,train,WGNB002
"(0.4, 1.0]",0.9454025286150465,0.33874709976798145,11206,0.606655428847065,train,WGNB002
"(-0.001, 0.05]",0.004577950548553635,0.02838370863787753,87973,0.023805758089323895,train,WGNB003
"(0.05, 0.1]",0.07113487070091344,0.10726210350584307,2396,0.03612723280492963,train,WGNB003
"(0.1, 0.2]",0.14600219572443263,0.14678394722374932,1819,0.0007817514993166963,train,WGNB003
"(0.2, 0.4]",0.28113919445482527,0.16030534351145037,1179,0.1208338509433749,train,WGNB003
"(0.4, 1.0]",0.9454025285997704,0.33874709976798145,11206,0.6066554288317889,train,WGNB003
"(-0.001, 0.05]",0.0045779505206425455,0.02838370863787753,87973,0.023805758117234982,train,WGNB004
"(0.05, 0.1]",0.07113487025438625,0.10726210350584307,2396,0.03612723325145682,train,WGNB004
"(0.1, 0.2]",0.1460021949253351,0.14678394722374932,1819,0.0007817522984142344,train,WGNB004
"(0.2, 0.4]",0.28113919295709217,0.16030534351145037,1179,0.1208338494456418,train,WGNB004
"(0.4, 1.0]",0.945402528447009,0.33874709976798145,11206,0.6066554286790276,train,WGNB004
"(-0.001, 0.05]",0.004577950241531879,0.02838370863787753,87973,0.02380575839634565,train,WGNB005
"(0.05, 0.1]",0.07113486578911926,0.10726210350584307,2396,0.03612723771672381,train,WGNB005
"(0.1, 0.2]",0.1460021869343673,0.14678394722374932,1819,0.0007817602893820108,train,WGNB005
"(0.2, 0.4]",0.2811391779797673,0.16030534351145037,1179,0.12083383446831691,train,WGNB005
"(0.4, 1.0]",0.9454025269193932,0.33874709976798145,11206,0.6066554271514117,train,WGNB005
"(-0.001, 0.05]",0.004577947450447544,0.02838370863787753,87973,0.023805761187429986,train,WGNB006
"(0.05, 0.1]",0.07113482113695867,0.10726210350584307,2396,0.036127282368884406,train,WGNB006
"(0.1, 0.2]",0.14600210702543218,0.14678394722374932,1819,0.0007818401983171464,train,WGNB006
"(0.2, 0.4]",0.28113902820704745,0.16030534351145037,1179,0.12083368469559708,train,WGNB006
"(0.4, 1.0]",0.9454025116430709,0.33874709976798145,11206,0.6066554118750894,train,WGNB006
"(-0.001, 0.05]",0.004577919541843883,0.02838370863787753,87973,0.023805789096033647,train,WGNB007
"(0.05, 0.1]",0.0711343746663718,0.10726210350584307,2396,0.03612772883947127,train,WGNB007
"(0.1, 0.2]",0.14600130801050118,0.14678394722374932,1819,0.000782639213248143,train,WGNB007
"(0.2, 0.4]",0.28113753053311236,0.16030534351145037,1179,0.12083218702166199,train,WGNB007
"(0.4, 1.0]",0.9454023588633114,0.33874709976798145,11206,0.6066552590953299,train,WGNB007
"(-0.001, 0.05]",0.004577640679874195,0.02838370863787753,87973,0.023806067958003333,train,WGNB008
"(0.05, 0.1]",0.07112991506397295,0.10726210350584307,2396,0.03613218844187012,train,WGNB008
"(0.1, 0.2]",0.1459933253006267,0.14678394722374932,1819,0.0007906219231226252,train,WGNB008
"(0.2, 0.4]",0.28112255911289386,0.16030534351145037,1179,0.12081721560144348,train,WGNB008
"(0.4, 1.0]",0.9454008294145553,0.33874709976798145,11206,0.6066537296465738,train,WGNB008
"(-0.001, 0.05]",0.004574331955913341,0.02838403128268085,87972,0.023809699326767512,train,WGNB009
"(0.05, 0.1]",0.07117414689252063,0.10686070686070687,2405,0.03568655996818623,train,WGNB009
"(0.1, 0.2]",0.14611713877657756,0.14743235781336278,1811,0.0013152190367852201,train,WGNB009
"(0.2, 0.4]",0.2809733695720259,0.16030534351145037,1179,0.12066802606057553,train,WGNB009
"(0.4, 1.0]",0.9453853722195877,0.33874709976798145,11206,0.6066382724516063,train,WGNB009
"(-0.001, 0.05]",0.00455801607156704,0.028354850440949177,87992,0.02379683436938214,train,WGNB010
"(0.05, 0.1]",0.070887887549684,0.1069182389937107,2385,0.03603035144402669,train,WGNB010
"(0.1, 0.2]",0.1454432589856431,0.14884233737596472,1814,0.003399078390321636,train,WGNB010
"(0.2, 0.4]",0.28170573753485656,0.15912897822445563,1194,0.12257675931040093,train,WGNB010
"(0.4, 1.0]",0.9461091949668191,0.3392920986771541,11188,0.6068170962896651,train,WGNB010
"(-0.001, 0.05]",0.007680417883396645,0.030964529900088984,88779,0.023284112016692338,train,WGNB011
"(0.05, 0.1]",0.07119929959789273,0.11644444444444445,2250,0.04524514484655172,train,WGNB011
"(0.1, 0.2]",0.1207835965533338,0.11717861205915814,1758,0.0036049844941756642,train,WGNB011
"(0.2, 0.4]",0.22198251579368425,0.17578125,2560,0.04620126579368425,train,WGNB011
"(0.4, 1.0]",0.9098590508834161,0.3619119878603945,9226,0.5479470630230217,train,WGNB011
"(-0.001, 0.05]",0.0036160288309920246,0.029576098230118104,89667,0.025960069399126078,train,WGNB012
"(0.05, 0.1]",0.06750913007427897,0.1324228028503563,1684,0.06491367277607732,train,WGNB012
"(0.1, 0.2]",0.12547912320041738,0.16322701688555347,1599,0.03774789368513609,train,WGNB012
"(0.2, 0.4]",0.29393573763967273,0.181169757489301,701,0.11276598015037173,train,WGNB012
"(0.4, 1.0]",0.9526251668029309,0.34270280168467315,10922,0.6099223651182577,train,WGNB012
"(-0.001, 0.05]",0.004182810519776013,0.028706948027805632,88759,0.02452413750802962,train,WGNB013
"(0.05, 0.1]",0.07055333399421898,0.12343297974927676,2074,0.05287964575505778,train,WGNB013
"(0.1, 0.2]",0.13777970420994112,0.1571830985915493,1775,0.01940339438160818,train,WGNB013
"(0.2, 0.4]",0.2936139628476126,0.17395944503735325,937,0.11965451781025935,train,WGNB013
"(0.4, 1.0]",0.9511501846778869,0.3409503083061299,11028,0.6101998763717571,train,WGNB013
"(-0.001, 0.05]",0.004299475344642549,0.028591770542565575,88487,0.024292295197923024,train,WGNB014
"(0.05, 0.1]",0.07089889360363473,0.11850501367365543,2194,0.0476061200700207,train,WGNB014
"(0.1, 0.2]",0.1416981239687108,0.1472463768115942,1725,0.0055482528428834055,train,WGNB014
"(0.2, 0.4]",0.2861110329792708,0.17222222222222222,1080,0.1138888107570486,train,WGNB014
"(0.4, 1.0]",0.9491597215376731,0.3405790565527194,11087,0.6085806649849537,train,WGNB014
"(-0.001, 0.05]",0.022348668804926367,0.02223799749996142,64799,0.00011067130496494881,train,WLOG001
"(0.05, 0.1]",0.0585900127649527,0.05681613542229425,11106,0.0017738773426584503,train,WLOG001
"(0.1, 0.2]",0.15346643072056756,0.1553118002049569,26347,0.0018453694843893476,train,WLOG001
"(0.2, 0.4]",0.3721447126872954,0.36277466609220166,2321,0.009370046595093717,train,WLOG001
"(-0.001, 0.05]",0.02506338359002543,0.022811849264458926,74435,0.002251534325566504,train,WLOG002
"(0.05, 0.1]",0.07396492615796436,0.08740581270182993,9290,0.013440886543865563,train,WLOG002
"(0.1, 0.2]",0.12266321885188684,0.12885813148788927,14450,0.006194912636002428,train,WLOG002
"(0.2, 0.4]",0.24548510471665486,0.29606048547552727,2513,0.05057538075887241,train,WLOG002
"(0.4, 1.0]",0.5312446069256743,0.4864864864864865,3885,0.04475812043918781,train,WLOG002
"(-0.001, 0.05]",0.021447729002614335,0.018159146935733533,69772,0.003288582066880801,train,WLOG003
"(0.05, 0.1]",0.07384775645747467,0.08283187454412837,21936,0.008984118086653697,train,WLOG003
"(0.1, 0.2]",0.15630139452508057,0.17036671600065778,6081,0.014065321475577208,train,WLOG003
"(0.2, 0.4]",0.29758073463070267,0.3314151190164792,3823,0.03383438438577652,train,WLOG003
"(0.4, 1.0]",0.6084109212354726,0.5467747382641,2961,0.06163618297137263,train,WLOG003
"(-0.001, 0.05]",0.021512218725608667,0.01731174019502556,69837,0.004200478530583106,train,WLOG004
"(0.05, 0.1]",0.07066914756039813,0.07774067629215069,21263,0.007071528731752555,train,WLOG004
"(0.1, 0.2]",0.14310267485228326,0.17185716615033425,6133,0.028754491298050994,train,WLOG004
"(0.2, 0.4]",0.27566591106266053,0.3272271016311167,3985,0.05156119056845615,train,WLOG004
"(0.4, 1.0]",0.6035277901130143,0.5323397913561848,3355,0.07118799875682946,train,WLOG004
"(-0.001, 0.05]",0.02171443179726403,0.018004532609608014,71482,0.003709899187656015,train,WLOG005
"(0.05, 0.1]",0.07374337610971322,0.08061265618702136,19848,0.0068692800773081375,train,WLOG005
"(0.1, 0.2]",0.14897646567219044,0.17694027467262854,6262,0.0279638090004381,train,WLOG005
"(0.2, 0.4]",0.2854443195960442,0.3312533912099837,3686,0.04580907161393949,train,WLOG005
"(0.4, 1.0]",0.6085317351053431,0.543247344461305,3295,0.06528439064403813,train,WLOG005
"(-0.001, 0.05]",0.017474409182428752,0.015265056897030253,72060,0.0022093522853984995,train,XGB001
"(0.05, 0.1]",0.07207278009513197,0.07120762984920737,15518,0.0008651502459246091,train,XGB001
"(0.1, 0.2]",0.13686778052122692,0.14703405125736976,8311,0.010166270736142846,train,XGB001
"(0.2, 0.4]",0.287660058491653,0.30866935483870966,4960,0.021009296347056672,train,XGB001
"(0.4, 1.0]",0.5543054386925365,0.5499462943071965,3724,0.004359144385339908,train,XGB001
"(-0.001, 0.05]",0.017478336748945042,0.015349417637271214,72120,0.002128919111673828,train,XGB002
"(0.05, 0.1]",0.07185257324129823,0.07035830618892508,15350,0.001494267052373155,train,XGB002
"(0.1, 0.2]",0.1369355760319389,0.14687388776841856,8429,0.00993831173647966,train,XGB002
"(0.2, 0.4]",0.28820326964736004,0.30459421169803685,4941,0.016390942050676816,train,XGB002
"(0.4, 1.0]",0.5526499432323766,0.5561210822394856,3733,0.0034711390071090475,train,XGB002
"(-0.001, 0.05]",0.01847012308018759,0.015964275746581078,71660,0.0025058473336065125,train,XGB003
"(0.05, 0.1]",0.07229191568932694,0.07217197373311857,16142,0.00011994195620837478,train,XGB003
"(0.1, 0.2]",0.13651414753474606,0.1515982824427481,8384,0.015084134908002034,train,XGB003
"(0.2, 0.4]",0.2845278092222133,0.3092064793930695,4877,0.024678670170856176,train,XGB003
"(0.4, 1.0]",0.563776465690034,0.5464387464387465,3510,0.017337719251287576,train,XGB003
"(-0.001, 0.05]",0.018754286235164692,0.016023093335564575,71709,0.002731192899600117,train,XGB004
"(0.05, 0.1]",0.07246054635587734,0.07257064947942489,16136,0.00011010312354754748,train,XGB004
"(0.1, 0.2]",0.13621165755815648,0.15173152445555158,8403,0.015519866897395096,train,XGB004
"(0.2, 0.4]",0.28443930297468834,0.3099208003334723,4798,0.025481497358783967,train,XGB004
"(0.4, 1.0]",0.5624410035693345,0.5455060958321519,3527,0.016934907737182536,train,XGB004
"(-0.001, 0.05]",0.017094458188239348,0.016148186570933264,73259,0.0009462716173060833,train,XGBSTACK001
"(0.05, 0.1]",0.07305648936631057,0.07147287890275002,14509,0.0015836104635605502,train,XGBSTACK001
"(0.1, 0.2]",0.13835681286278392,0.13859275053304904,7035,0.0002359376702651128,train,XGBSTACK001
"(0.2, 0.4]",0.27964687514322156,0.2820146170956466,6294,0.002367741952425062,train,XGBSTACK001
"(0.4, 1.0]",0.5629523011616788,0.5857307249712314,3476,0.022778423809552528,train,XGBSTACK001
"(-0.001, 0.05]",0.022170586175984542,0.022323035932886873,27774,0.00015244975690233142,validation,BLOG001
"(0.05, 0.1]",0.0568161354222942,0.06244707874682472,4724,0.00563094332453052,validation,BLOG001
"(0.1, 0.2]",0.15576736272588756,0.1495715169184557,11319,0.006195845807431877,validation,BLOG001
"(0.2, 0.4]",0.3627746660922017,0.395,1000,0.032225333907798304,validation,BLOG001
"(-0.001, 0.05]",0.02458561250386279,0.02291921760698251,31851,0.00166639489688028,validation,BLOG002
"(0.05, 0.1]",0.08526246211968501,0.07884028484231943,3932,0.006422177277365576,validation,BLOG002
"(0.1, 0.2]",0.11832975589740333,0.13062269889546982,6247,0.012292942998066492,validation,BLOG002
"(0.2, 0.4]",0.247392138488435,0.31654676258992803,1112,0.06915462410149303,validation,BLOG002
"(0.4, 1.0]",0.5248599608616065,0.4746268656716418,1675,0.05023309518996466,validation,BLOG002
"(-0.001, 0.05]",0.02099641166817524,0.017990506854316725,30127,0.0030059048138585155,validation,BLOG003
"(0.05, 0.1]",0.07688311425540098,0.07832382623957876,9116,0.0014407119841777782,validation,BLOG003
"(0.1, 0.2]",0.15639332987657728,0.18213728549141966,2564,0.025743955614842384,validation,BLOG003
"(0.2, 0.4]",0.29109049031032175,0.34223013048635825,1686,0.051139640176036505,validation,BLOG003
"(0.4, 1.0]",0.5970702322052684,0.5309667673716012,1324,0.06610346483366725,validation,BLOG003
"(-0.001, 0.05]",0.02052309770178614,0.017039938401794383,29871,0.0034831592999917567,validation,BLOG004
"(0.05, 0.1]",0.07224813670966833,0.07266091572660915,9042,0.00041277901694082575,validation,BLOG004
"(0.1, 0.2]",0.14602471660935637,0.18415260454878943,2726,0.03812788793943306,validation,BLOG004
"(0.2, 0.4]",0.27538123786791463,0.31952662721893493,1690,0.0441453893510203,validation,BLOG004
"(0.4, 1.0]",0.5965390813732914,0.5342741935483871,1488,0.06226488782490425,validation,BLOG004
"(-0.001, 0.05]",0.020857031662766604,0.017106901750016387,30514,0.003750129912750217,validation,BLOG005
"(0.05, 0.1]",0.07459991927240628,0.07759626604434072,8570,0.002996346771934444,validation,BLOG005
"(0.1, 0.2]",0.14921044193063965,0.18253035644339993,2553,0.033319914512760285,validation,BLOG005
"(0.2, 0.4]",0.2821098749551219,0.3299145299145299,1755,0.047804654959408,validation,BLOG005
"(0.4, 1.0]",0.6041729652443062,0.5410526315789473,1425,0.06312033366535885,validation,BLOG005
"(-0.001, 0.05]",0.00647398097281755,0.022802877370560973,35171,0.016328896397743424,validation,BNB001
"(0.05, 0.1]",0.07187038394326092,0.08878741755454084,1971,0.016917033611279914,validation,BNB001
"(0.1, 0.2]",0.14047046542919805,0.11278586278586279,1924,0.027684602643335263,validation,BNB001
"(0.2, 0.4]",0.28231606307869583,0.14273648648648649,1184,0.13957957659220935,validation,BNB001
"(0.4, 1.0]",0.8359469767575518,0.3590978760674403,4567,0.4768491006901115,validation,BNB001
"(-0.001, 0.05]",0.01577966679187147,0.010745891276864728,22148,0.005033775515006741,validation,BNB002
"(0.05, 0.1]",0.07154048514506317,0.02289749625508239,4673,0.04864298888998078,validation,BNB002
"(0.1, 0.2]",0.1416325905367578,0.038703434929850025,4134,0.10292915560690778,validation,BNB002
"(0.2, 0.4]",0.28772934403587835,0.06893900563813429,3902,0.21879033839774406,validation,BNB002
"(0.4, 1.0]",0.7971806846427535,0.22379518072289156,9960,0.5733855039198619,validation,BNB002
"(-0.001, 0.05]",0.00647629278252382,0.02280158075796776,35173,0.01632528797544394,validation,BNB003
"(0.05, 0.1]",0.07188936671740018,0.08887760284408329,1969,0.016988236126683112,validation,BNB003
"(0.1, 0.2]",0.1404632223955963,0.11278586278586279,1924,0.027677359609733512,validation,BNB003
"(0.2, 0.4]",0.28230911904427797,0.14273648648648649,1184,0.13957263255779148,validation,BNB003
"(0.4, 1.0]",0.8359417088635168,0.3590978760674403,4567,0.4768438327960765,validation,BNB003
"(-0.001, 0.05]",0.01578005212295438,0.010745891276864728,22148,0.005034160846089651,validation,BNB004
"(0.05, 0.1]",0.07154027018845957,0.02289749625508239,4673,0.04864277393337718,validation,BNB004
"(0.1, 0.2]",0.14163014389243572,0.038703434929850025,4134,0.1029267089625857,validation,BNB004
"(0.2, 0.4]",0.2877209934602252,0.06893900563813429,3902,0.21878198782209093,validation,BNB004
"(0.4, 1.0]",0.7971744443955352,0.22379518072289156,9960,0.5733792636726436,validation,BNB004
"(-0.001, 0.05]",0.006474851247991644,0.02280222904583191,35172,0.016327377797840267,validation,BNB005
"(0.05, 0.1]",0.07193120740545329,0.08865248226950355,1974,0.016721274864050256,validation,BNB005
"(0.1, 0.2]",0.14053845289896022,0.11302083333333333,1920,0.027517619565626886,validation,BNB005
"(0.2, 0.4]",0.2823004376260932,0.14273648648648649,1184,0.1395639511396067,validation,BNB005
"(0.4, 1.0]",0.8359351228019947,0.3590978760674403,4567,0.47683724673455435,validation,BNB005
"(-0.001, 0.05]",0.015778988271761715,0.010746376484399692,22147,0.005032611787362022,validation,BNB006
"(0.05, 0.1]",0.07153539302413742,0.022892597347026103,4674,0.048642795677111314,validation,BNB006
"(0.1, 0.2]",0.14162708452620418,0.038703434929850025,4134,0.10292364959635415,validation,BNB006
"(0.2, 0.4]",0.2877105540673826,0.06893900563813429,3902,0.2187715484292483,validation,BNB006
"(0.4, 1.0]",0.7971666427558998,0.22379518072289156,9960,0.5733714620330082,validation,BNB006
"(-0.001, 0.05]",0.006474238794170006,0.02280222904583191,35172,0.016327990251661907,validation,BNB007
"(0.05, 0.1]",0.07191907503980667,0.08865248226950355,1974,0.01673340722969688,validation,BNB007
"(0.1, 0.2]",0.14051128847568575,0.11302083333333333,1920,0.02749045514235242,validation,BNB007
"(0.2, 0.4]",0.2822743842095973,0.14273648648648649,1184,0.1395378977231108,validation,BNB007
"(0.4, 1.0]",0.8359153566619513,0.3590978760674403,4567,0.47681748059451096,validation,BNB007
"(-0.001, 0.05]",0.0157804303529414,0.010746376484399692,22147,0.0050340538685417074,validation,BNB008
"(0.05, 0.1]",0.07153458252542867,0.022892597347026103,4674,0.04864198517840257,validation,BNB008
"(0.1, 0.2]",0.1416178993592102,0.038703434929850025,4134,0.10291446442936018,validation,BNB008
"(0.2, 0.4]",0.28767922807291463,0.06893900563813429,3902,0.21874022243478033,validation,BNB008
"(0.4, 1.0]",0.7971432289716075,0.22379518072289156,9960,0.5733480482487159,validation,BNB008
"(-0.001, 0.05]",0.006473217409473992,0.02280222904583191,35172,0.01632901163635792,validation,BNB009
"(0.05, 0.1]",0.07187031424241841,0.08874239350912778,1972,0.016872079266709375,validation,BNB009
"(0.1, 0.2]",0.14042395454023135,0.11290322580645161,1922,0.02752072873377974,validation,BNB009
"(0.2, 0.4]",0.28223093134508287,0.14273648648648649,1184,0.13949444485859638,validation,BNB009
"(0.4, 1.0]",0.8358823866041932,0.3590978760674403,4567,0.4767845105367529,validation,BNB009
"(-0.001, 0.05]",0.015782828614316104,0.010746376484399692,22147,0.005036452129916411,validation,BNB010
"(0.05, 0.1]",0.07153321345286834,0.022892597347026103,4674,0.048640616105842235,validation,BNB010
"(0.1, 0.2]",0.1415742692208147,0.03848015488867377,4132,0.10309411433214094,validation,BNB010
"(0.2, 0.4]",0.2875821351101604,0.06915983606557377,3904,0.21842229904458663,validation,BNB010
"(0.4, 1.0]",0.7971041764799524,0.22379518072289156,9960,0.5733089957570607,validation,BNB010
"(-0.001, 0.05]",0.006487236077322391,0.022850646582350434,35185,0.016363410505028042,validation,BNB011
"(0.05, 0.1]",0.07196058970860304,0.08835546475995915,1958,0.016394875051356103,validation,BNB011
"(0.1, 0.2]",0.14028164886289168,0.11290322580645161,1922,0.027378423056440074,validation,BNB011
"(0.2, 0.4]",0.2819747408646906,0.14189189189189189,1184,0.1400828489727987,validation,BNB011
"(0.4, 1.0]",0.8357210070847989,0.3592381786339755,4568,0.4764828284508234,validation,BNB011
"(-0.001, 0.05]",0.015787605632517524,0.010746376484399692,22147,0.005041229148117832,validation,BNB012
"(0.05, 0.1]",0.07153040702201637,0.022892597347026103,4674,0.04863780967499026,validation,BNB012
"(0.1, 0.2]",0.14169822599619725,0.0391020999275887,4143,0.10259612606860855,validation,BNB012
"(0.2, 0.4]",0.2877253084645848,0.068584639095813,3893,0.21914066936877177,validation,BNB012
"(0.4, 1.0]",0.7970259610549203,0.22379518072289156,9960,0.5732307803320287,validation,BNB012
"(-0.001, 0.05]",0.006480611397937304,0.02285194554188102,35183,0.01637133414394372,validation,BNB013
"(0.05, 0.1]",0.07190017817348388,0.0881304126337239,1963,0.016230234460240023,validation,BNB013
"(0.1, 0.2]",0.14016410360545703,0.11307972902553413,1919,0.027084374579922896,validation,BNB013
"(0.2, 0.4]",0.2818985706852945,0.14177215189873418,1185,0.14012641878656032,validation,BNB013
"(0.4, 1.0]",0.8356843230407106,0.35931683818699367,4567,0.47636748485371694,validation,BNB013
"(-0.001, 0.05]",0.015797081826822854,0.010746376484399692,22147,0.005050705342423162,validation,BNB014
"(0.05, 0.1]",0.07153054554021482,0.02288770053475936,4675,0.04864284500545546,validation,BNB014
"(0.1, 0.2]",0.14164529827964617,0.039111540318686626,4142,0.10253375796095954,validation,BNB014
"(0.2, 0.4]",0.28745884499625235,0.06861989205859677,3891,0.2188389529376556,validation,BNB014
"(0.4, 1.0]",0.796789435839876,0.22375025095362377,9962,0.5730391848862523,validation,BNB014
"(-0.001, 0.05]",0.006466833232212735,0.022852595077028026,35182,0.016385761844815293,validation,BNB015
"(0.05, 0.1]",0.07164495426281654,0.08808553971486761,1964,0.01644058545205107,validation,BNB015
"(0.1, 0.2]",0.14018136075866883,0.11306143520908622,1937,0.027119925549582605,validation,BNB015
"(0.2, 0.4]",0.2826290797340326,0.143101970865467,1167,0.13952710886856562,validation,BNB015
"(0.4, 1.0]",0.8352853862000333,0.3590978760674403,4567,0.47618751013259303,validation,BNB015
"(-0.001, 0.05]",0.01579365408361092,0.010665702535364035,22127,0.005127951548246886,validation,BNB016
"(0.05, 0.1]",0.07154002274008041,0.023117709437963947,4715,0.048422313302116465,validation,BNB016
"(0.1, 0.2]",0.14166926580576805,0.039291777831675964,4123,0.10237748797409209,validation,BNB016
"(0.2, 0.4]",0.286588929819198,0.06853903633084257,3881,0.2180498934883554,validation,BNB016
"(0.4, 1.0]",0.7959586308717731,0.22364858088456524,9971,0.5723100499872078,validation,BNB016
"(-0.001, 0.05]",0.006454111316836847,0.022819631134729602,35189,0.016365519817892756,validation,BNB017
"(0.05, 0.1]",0.07166985469035743,0.08930373360242179,1982,0.01763387891206436,validation,BNB017
"(0.1, 0.2]",0.14001625009939905,0.11307972902553413,1919,0.02693652107386492,validation,BNB017
"(0.2, 0.4]",0.28293572222482083,0.143101970865467,1167,0.13983375135935383,validation,BNB017
"(0.4, 1.0]",0.8352816911168658,0.3594298245614035,4560,0.4758518665554623,validation,BNB017
"(-0.001, 0.05]",0.015840198056926914,0.010709928148583308,22129,0.005130269908343607,validation,BNB018
"(0.05, 0.1]",0.07157250542508989,0.022857142857142857,4725,0.048715362567947035,validation,BNB018
"(0.1, 0.2]",0.1416488937692436,0.039524733268671196,4124,0.10212416050057241,validation,BNB018
"(0.2, 0.4]",0.2856984647868383,0.06832298136645963,3864,0.21737548342037866,validation,BNB018
"(0.4, 1.0]",0.7950032783313441,0.2236591478696742,9975,0.5713441304616699,validation,BNB018
"(-0.001, 0.05]",0.01793830818455981,0.015291698792084297,31128,0.0026466093924755116,validation,CAT001
"(0.05, 0.1]",0.07187626454578382,0.07452638171285424,6387,0.0026501171670704204,validation,CAT001
"(0.1, 0.2]",0.13628727332781876,0.15166949632144877,3534,0.015382222993630013,validation,CAT001
"(0.2, 0.4]",0.2852125975729009,0.29815428300993846,2113,0.012941685437037553,validation,CAT001
"(0.4, 1.0]",0.5475170883941892,0.5347432024169184,1655,0.012773885977270805,validation,CAT001
"(-0.001, 0.05]",0.017723445610601324,0.015035906642728905,31192,0.002687538967872419,validation,CAT002
"(0.05, 0.1]",0.07160320086948739,0.0752022846263684,6303,0.0035990837568810052,validation,CAT002
"(0.1, 0.2]",0.13672557458520118,0.1485632183908046,3480,0.011837643805603426,validation,CAT002
"(0.2, 0.4]",0.2850066629027093,0.2970749542961609,2188,0.012068291393451558,validation,CAT002
"(0.4, 1.0]",0.546966028441029,0.5399032648125756,1654,0.007062763628453483,validation,CAT002
"(-0.001, 0.05]",0.017988512019985786,0.015562700964630225,31100,0.0024258110553555604,validation,CAT003
"(0.05, 0.1]",0.07157145538902655,0.07369897164225615,6418,0.0021275162532296,validation,CAT003
"(0.1, 0.2]",0.13572139046574241,0.14795772636389604,3501,0.012236335898153622,validation,CAT003
"(0.2, 0.4]",0.28622721747289726,0.2968822708236389,2149,0.010655053350741628,validation,CAT003
"(0.4, 1.0]",0.5463175200325201,0.5397210430563978,1649,0.006596476976122312,validation,CAT003
"(-0.001, 0.05]",0.018058939499105125,0.015393037709722088,31053,0.0026659017893830364,validation,CAT004
"(0.05, 0.1]",0.07175913279226803,0.07287012786935758,6491,0.0011109950770895466,validation,CAT004
"(0.1, 0.2]",0.1363813695299961,0.15146348394430237,3519,0.015082114414306264,validation,CAT004
"(0.2, 0.4]",0.28639485282961885,0.3001429252024774,2099,0.013748072372858522,validation,CAT004
"(0.4, 1.0]",0.5441816090676022,0.5371601208459215,1655,0.007021488221680694,validation,CAT004
"(-0.001, 0.05]",0.017067565566420122,0.014323006113897094,29114,0.0027445594525230283,validation,EASTACK001
"(0.05, 0.1]",0.07174261850069277,0.05280064244127685,4981,0.018941976059415923,validation,EASTACK001
"(0.1, 0.2]",0.14416844056936015,0.09393183707398171,4812,0.05023660349537844,validation,EASTACK001
"(0.2, 0.4]",0.2910141043207553,0.20238824249846907,3266,0.08862586182228624,validation,EASTACK001
"(0.4, 1.0]",0.5314201717418661,0.4576399394856278,2644,0.07378023225623825,validation,EASTACK001
"(-0.001, 0.05]",0.033131372992771524,0.01372626582278481,25280,0.019405107169986714,validation,ET001
"(0.05, 0.1]",0.0705115858169964,0.06111111111111111,9720,0.009400474705885294,validation,ET001
"(0.1, 0.2]",0.1398661258091546,0.17020555681048113,8854,0.030339431001326522,validation,ET001
"(0.2, 0.4]",0.23283121069802346,0.5736782902137233,889,0.3408470795156998,validation,ET001
"(0.4, 1.0]",0.5357748904105338,0.6081081081081081,74,0.07233321769757428,validation,ET001
"(-0.001, 0.05]",0.02789427329109245,0.014242000679989422,26471,0.013652272611103028,validation,ET002
"(0.05, 0.1]",0.07100258145553397,0.057745766995198386,7914,0.01325681446033558,validation,ET002
"(0.1, 0.2]",0.14257596201078596,0.14405986903648269,8552,0.001483907025696729,validation,ET002
"(0.2, 0.4]",0.24868588570205336,0.49278579356270813,1802,0.24409990786065477,validation,ET002
"(0.4, 1.0]",0.5354311899562069,0.6282051282051282,78,0.09277393824892133,validation,ET002
"(-0.001, 0.05]",0.025407574651715146,0.013493031680899043,27051,0.011914542970816103,validation,ET003
"(0.05, 0.1]",0.07175174109979371,0.05946163117717959,7467,0.012290109922614117,validation,ET003
"(0.1, 0.2]",0.14127930151224616,0.13490941796222536,7783,0.0063698835500207995,validation,ET003
"(0.2, 0.4]",0.2608289405592329,0.4433805162364696,2402,0.18255157567723673,validation,ET003
"(0.4, 1.0]",0.5014280189972389,0.6929824561403509,114,0.19155443714311204,validation,ET003
"(-0.001, 0.05]",0.030849865297294044,0.01360191463901077,25070,0.017247950658283273,validation,ET004
"(0.05, 0.1]",0.06952162366232154,0.06400602409638555,9296,0.0055155995659359885,validation,ET004
"(0.1, 0.2]",0.14584740817272002,0.16723797652435857,9627,0.02139056835163855,validation,ET004
"(0.2, 0.4]",0.22024494511673606,0.5546116504854369,824,0.33436670536870083,validation,ET004
"(0.05, 0.1]",0.09632035081003827,0.0,461,0.09632035081003827,validation,ET005
"(0.1, 0.2]",0.1568366326314719,0.007338740826573967,12945,0.14949789180489795,validation,ET005
"(0.2, 0.4]",0.27634078859032213,0.023196050584973288,14787,0.25314473800534887,validation,ET005
"(0.4, 1.0]",0.6286181523283891,0.15429499518768047,16624,0.47432315714070866,validation,ET005
"(-0.001, 0.05]",0.017667500188947232,0.015495402816176944,31106,0.002172097372770288,validation,GB001
"(0.05, 0.1]",0.07153815261099504,0.07387988560533841,6294,0.0023417329943433707,validation,GB001
"(0.1, 0.2]",0.13635615495248946,0.14277652370203162,3544,0.00642036874954216,validation,GB001
"(0.2, 0.4]",0.292858627381768,0.30004498425551057,2223,0.007186356873742583,validation,GB001
"(0.4, 1.0]",0.5354847694396726,0.5351515151515152,1650,0.0003332542881574474,validation,GB001
"(-0.001, 0.05]",0.01743187778554772,0.015295695491122748,31316,0.002136182294424971,validation,GB002
"(0.05, 0.1]",0.07093196687725567,0.07628108829911534,5991,0.0053491214218596705,validation,GB002
"(0.1, 0.2]",0.13865313410052515,0.14007891770011274,3548,0.0014257835995875878,validation,GB002
"(0.2, 0.4]",0.28732636405758644,0.29396209784045835,2269,0.006635733782871911,validation,GB002
"(0.4, 1.0]",0.5335014020019728,0.5333727111636148,1693,0.000128690838357981,validation,GB002
"(-0.001, 0.05]",0.017470789573645996,0.01558433212300376,31121,0.0018864574506422364,validation,GB003
"(0.05, 0.1]",0.07133920093154252,0.07201414563574988,6221,0.0006749447042073697,validation,GB003
"(0.1, 0.2]",0.1365558634756786,0.14182625589786288,3603,0.005270392422184272,validation,GB003
"(0.2, 0.4]",0.2921216963926439,0.3009090909090909,2200,0.008787394516447,validation,GB003
"(0.4, 1.0]",0.5358253710969909,0.5364832535885168,1672,0.0006578824915258741,validation,GB003
"(-0.001, 0.05]",0.017672123367061792,0.015495135622704723,31042,0.002176987744357069,validation,GB004
"(0.05, 0.1]",0.0716398192009773,0.07196731615336266,6364,0.0003274969523853616,validation,GB004
"(0.1, 0.2]",0.1362090281483041,0.14414923685698133,3538,0.007940208708677232,validation,GB004
"(0.2, 0.4]",0.2930218599797418,0.3014871563767463,2219,0.008465296397004496,validation,GB004
"(0.4, 1.0]",0.5333242268002831,0.5350665054413543,1654,0.0017422786410711266,validation,GB004
"(-0.001, 0.05]",0.002939188788234495,0.045163849090278124,40342,0.04222466030204363,validation,GNB001
"(0.05, 0.1]",0.0724720356141901,0.19857235561323816,1541,0.12610031999904805,validation,GNB001
"(0.1, 0.2]",0.1404351153862357,0.2222222222222222,1746,0.0817871068359865,validation,GNB001
"(0.2, 0.4]",0.2666883959150974,0.35676625659050965,569,0.09007786067541224,validation,GNB001
"(0.4, 1.0]",0.8002488055712077,0.4588045234248788,619,0.3414442821463289,validation,GNB001
"(-0.001, 0.05]",0.0035044158061005586,0.038867167404053916,38876,0.03536275159795336,validation,GNB007
"(0.05, 0.1]",0.0743094945592375,0.18325991189427313,2270,0.10895041733503563,validation,GNB007
"(0.1, 0.2]",0.12705329989216674,0.22640832436311445,2787,0.09935502447094771,validation,GNB007
"(0.2, 0.4]",0.26606059717821534,0.5081081081081081,370,0.2420475109298928,validation,GNB007
"(0.4, 1.0]",0.8021284637113316,0.5,514,0.3021284637113316,validation,GNB007
"(-0.001, 0.05]",0.0041382433714785664,0.03371461330567006,36631,0.029576369934191497,validation,GNB008
"(0.05, 0.1]",0.07259394725038773,0.1261759822910902,1807,0.05358203504070247,validation,GNB008
"(0.1, 0.2]",0.1481250234006557,0.16060462919225318,2117,0.012479605791597487,validation,GNB008
"(0.2, 0.4]",0.2742485929209138,0.21812596006144394,3255,0.05612263285946986,validation,GNB008
"(0.4, 1.0]",0.7345746634031484,0.48659384309831183,1007,0.24798082030483654,validation,GNB008
"(-0.001, 0.05]",0.0031718659612032483,0.042424849197807424,39953,0.03925298323660417,validation,GNB009
"(0.05, 0.1]",0.07350198325304398,0.18316326530612245,1960,0.10966128205307847,validation,GNB009
"(0.1, 0.2]",0.13272402584964887,0.24595141700404857,1976,0.1132273911543997,validation,GNB009
"(0.2, 0.4]",0.27113694216720796,0.4861878453038674,362,0.21505090313665942,validation,GNB009
"(0.4, 1.0]",0.81387297912247,0.5070671378091873,566,0.3068058413132827,validation,GNB009
"(-0.001, 0.05]",0.0030193680492469213,0.044984399184335305,40703,0.041965031135088385,validation,GNB010
"(0.05, 0.1]",0.07242247584064035,0.19609856262833675,1948,0.1236760867876964,validation,GNB010
"(0.1, 0.2]",0.12987315684697506,0.292118582791034,1383,0.1622454259440589,validation,GNB010
"(0.2, 0.4]",0.2742829457910963,0.5115384615384615,260,0.2372555157473652,validation,GNB010
"(0.4, 1.0]",0.8341378334500095,0.4837476099426386,523,0.35039022350737087,validation,GNB010
"(-0.001, 0.05]",0.022429536004969497,0.020365005793742758,34520,0.0020645302112267394,validation,LASSOSTACK001
"(0.05, 0.1]",0.07140360173691426,0.0952628839146278,3842,0.023859282177713534,validation,LASSOSTACK001
"(0.1, 0.2]",0.1419817840342183,0.15791393143690738,2742,0.015932147402689084,validation,LASSOSTACK001
"(0.2, 0.4]",0.28179936037330844,0.30677290836653387,2008,0.02497354799322543,validation,LASSOSTACK001
"(0.4, 1.0]",0.5922727219110653,0.5190615835777126,1705,0.07321113833335269,validation,LASSOSTACK001
"(-0.001, 0.05]",0.01694379213024336,0.015354104024054764,31262,0.0015896881061885967,validation,LGB001
"(0.05, 0.1]",0.07086534977414949,0.07647740440324449,6041,0.0056120546290950035,validation,LGB001
"(0.1, 0.2]",0.13846259599632266,0.13604876697146023,3609,0.002413829024862424,validation,LGB001
"(0.2, 0.4]",0.28812724583285687,0.3013080739738385,2217,0.013180828140981649,validation,LGB001
"(0.4, 1.0]",0.5411082178364035,0.5343601895734598,1688,0.006748028262943739,validation,LGB001
"(-0.001, 0.05]",0.016293280976636237,0.015895769622833844,31392,0.00039751135380239333,validation,LGB002
"(0.05, 0.1]",0.07071428135341125,0.07549441100601892,5815,0.00478012965260767,validation,LGB002
"(0.1, 0.2]",0.13880760131927175,0.13652628681530415,3633,0.0022813145039675964,validation,LGB002
"(0.2, 0.4]",0.28666895895890687,0.2921249450065992,2273,0.005455986047692318,validation,LGB002
"(0.4, 1.0]",0.5413892483613775,0.5311032863849765,1704,0.01028596197640097,validation,LGB002
"(-0.001, 0.05]",0.016812543610234668,0.015490974267059275,31244,0.0013215693431753925,validation,LGB003
"(0.05, 0.1]",0.07084000574638807,0.07446452476572958,5976,0.0036245190193415072,validation,LGB003
"(0.1, 0.2]",0.13808603083077137,0.13944006523511823,3679,0.0013540344043468655,validation,LGB003
"(0.2, 0.4]",0.28790258568047306,0.29073909171861084,2246,0.002836506038137787,validation,LGB003
"(0.4, 1.0]",0.5427122416317615,0.5430622009569378,1672,0.0003499593251763411,validation,LGB003
"(-0.001, 0.05]",0.01673688354762524,0.015378700499807767,31212,0.0013581830478174746,validation,LGB004
"(0.05, 0.1]",0.07115309012489271,0.07452687991961146,5971,0.003373789794718751,validation,LGB004
"(0.1, 0.2]",0.13794862612520245,0.13728129205921938,3715,0.0006673340659830718,validation,LGB004
"(0.2, 0.4]",0.2877660406924152,0.2943530457981325,2249,0.006587005105717303,validation,LGB004
"(0.4, 1.0]",0.5415077096030154,0.5425149700598803,1670,0.0010072604568648336,validation,LGB004
"(-0.001, 0.05]",0.022077134452148678,0.02026909470509772,34486,0.0018080397470509567,validation,LRSTACK001
"(0.05, 0.1]",0.07145677666634326,0.09518855656697009,3845,0.02373177990062683,validation,LRSTACK001
"(0.1, 0.2]",0.1421389434855734,0.16141874773796597,2763,0.019279804252392563,validation,LRSTACK001
"(0.2, 0.4]",0.28336388496824744,0.3037037037037037,2025,0.02033981873545626,validation,LRSTACK001
"(0.4, 1.0]",0.5939064227303852,0.516489988221437,1698,0.0774164345089482,validation,LRSTACK001
"(-0.001, 0.05]",0.017488087787259556,0.017111997236961916,31849,0.00037609055029763985,validation,NN001
"(0.05, 0.1]",0.07232713192273565,0.07914714908738492,6191,0.006820017164649264,validation,NN001
"(0.1, 0.2]",0.13796373150676516,0.15688073394495414,3270,0.018917002438188973,validation,NN001
"(0.2, 0.4]",0.2818951507092124,0.318484383000512,1953,0.03658923229129962,validation,NN001
"(0.4, 1.0]",0.5476103633389806,0.536036036036036,1554,0.01157432730294461,validation,NN001
"(-0.001, 0.05]",0.019167198963488584,0.01719568168595255,30938,0.001971517277536035,validation,NN002
"(0.05, 0.1]",0.0721277289138758,0.06698271907019422,6539,0.005145009843681575,validation,NN002
"(0.1, 0.2]",0.13686635224445887,0.15958005249343832,3810,0.02271370024897945,validation,NN002
"(0.2, 0.4]",0.2829093299497926,0.3060724779627816,2042,0.023163148012988966,validation,NN002
"(0.4, 1.0]",0.529533800813484,0.5376344086021505,1488,0.008100607788666503,validation,NN002
"(-0.001, 0.05]",0.01617485256237472,0.015853775240039555,31349,0.000321077322335165,validation,NN003
"(0.05, 0.1]",0.07104572668206698,0.07294242317202403,5662,0.0018966964899570504,validation,NN003
"(0.1, 0.2]",0.13633868867131385,0.1373726821624445,3829,0.001033993491130647,validation,NN003
"(0.2, 0.4]",0.28808375914340356,0.28833172613307617,2074,0.00024796698967261,validation,NN003
"(0.4, 1.0]",0.5435603194727653,0.509196006305833,1903,0.034364313166932337,validation,NN003
"(-0.001, 0.05]",0.017798867378714528,0.01635818561001043,30688,0.0014406817687040996,validation,NN004
"(0.05, 0.1]",0.0729420345402397,0.07336427608923492,6679,0.00042224154899521416,validation,NN004
"(0.1, 0.2]",0.13410833964925867,0.1354110693175712,3722,0.001302729668312519,validation,NN004
"(0.2, 0.4]",0.2846226750984696,0.31022615535889875,2034,0.025603480260429134,validation,NN004
"(0.4, 1.0]",0.5298517575286205,0.5171192443919717,1694,0.012732513136648804,validation,NN004
"(-0.001, 0.05]",0.01926470451793081,0.018361337259657023,28865,0.0009033672582737864,validation,NN005
"(0.05, 0.1]",0.0720271449997608,0.06188157688079158,6367,0.010145568118969224,validation,NN005
"(0.1, 0.2]",0.13770429058539488,0.12242669993761697,6412,0.015277590647777908,validation,NN005
"(0.2, 0.4]",0.2742087443590124,0.33226982680036465,2194,0.058061082441352274,validation,NN005
"(0.4, 1.0]",0.5491125065014338,0.5771195097037793,979,0.028007003202345504,validation,NN005
"(-0.001, 0.05]",0.017928807452543685,0.01694320357370772,31340,0.000985603878835964,validation,NN006
"(0.05, 0.1]",0.07241045376743382,0.07350400502591488,6367,0.0010935512584810542,validation,NN006
"(0.1, 0.2]",0.13729640709628996,0.1517476555839727,3519,0.014451248487682755,validation,NN006
"(0.2, 0.4]",0.2813386054383127,0.3127182044887781,2005,0.03137959905046539,validation,NN006
"(0.4, 1.0]",0.545181057520993,0.5315258511979823,1586,0.013655206323010649,validation,NN006
"(-0.001, 0.05]",0.016691937367747604,0.016314718229232923,31444,0.00037721913851468045,validation,NN007
"(0.05, 0.1]",0.0714209451230101,0.07175358767938397,5714,0.00033264255637387163,validation,NN007
"(0.1, 0.2]",0.13539891092027592,0.14456578263130526,3846,0.00916687171102934,validation,NN007
"(0.2, 0.4]",0.28849626138806567,0.3055555555555556,2232,0.017059294167489913,validation,NN007
"(0.4, 1.0]",0.5312151994962208,0.5325743200506009,1581,0.0013591205543801443,validation,NN007
"(-0.001, 0.05]",0.015157779358485023,0.017435458216077327,32692,0.0022776788575923045,validation,NN008
"(0.05, 0.1]",0.0717581494751141,0.0815024805102764,5644,0.009744331035162312,validation,NN008
"(0.1, 0.2]",0.13740139426070713,0.17389875082182774,3042,0.0364973565611206,validation,NN008
"(0.2, 0.4]",0.28535018582377153,0.3427047988366457,2063,0.057354613012874145,validation,NN008
"(0.4, 1.0]",0.5253045883539943,0.5356104651162791,1376,0.010305876762284782,validation,NN008
"(-0.001, 0.05]",0.016053675709628366,0.014838752225812834,30326,0.0012149234838155325,validation,NN009
"(0.05, 0.1]",0.07175218755362765,0.06721433905899925,6695,0.004537848494628405,validation,NN009
"(0.1, 0.2]",0.13706689199094313,0.14507370054305663,3867,0.008006808552113498,validation,NN009
"(0.2, 0.4]",0.28503997118865376,0.2952875054042369,2313,0.010247534215583165,validation,NN009
"(0.4, 1.0]",0.5336449985878835,0.531559405940594,1616,0.0020855926472894692,validation,NN009
"(-0.001, 0.05]",0.021113360031291183,0.014922322158626329,29352,0.0061910378726648535,validation,NN010
"(0.05, 0.1]",0.07099710754463028,0.05983523630582454,6919,0.011161871238805736,validation,NN010
"(0.1, 0.2]",0.1392176721690048,0.12878971622604898,4123,0.010427955942955813,validation,NN010
"(0.2, 0.4]",0.28117838028917547,0.25942440210782325,2467,0.021753978181352218,validation,NN010
"(0.4, 1.0]",0.5284732848893062,0.5010224948875256,1956,0.027450790001780634,validation,NN010
"(-0.001, 0.05]",0.01939154414848257,0.017155273057465302,30836,0.002236271091017268,validation,NN011
"(0.05, 0.1]",0.07201633207282622,0.06656370656370657,6475,0.005452625509119652,validation,NN011
"(0.1, 0.2]",0.13602371018020862,0.15443037974683543,3950,0.018406669566626815,validation,NN011
"(0.2, 0.4]",0.2817466126408514,0.3047711781888997,2054,0.023024565548048326,validation,NN011
"(0.4, 1.0]",0.5267816582671349,0.53728362183755,1502,0.010501963570415107,validation,NN011
"(-0.001, 0.05]",0.01885385921710108,0.016726839124242325,30191,0.0021270200928587557,validation,NN012
"(0.05, 0.1]",0.07189576103019454,0.059854014598540145,6165,0.012041746431654399,validation,NN012
"(0.1, 0.2]",0.13664620357452448,0.1307743807185896,4481,0.005871822855934877,validation,NN012
"(0.2, 0.4]",0.2796282626845363,0.2932098765432099,2268,0.013581613858673625,validation,NN012
"(0.4, 1.0]",0.554706033714049,0.5128504672897196,1712,0.041855566424329416,validation,NN012
"(-0.001, 0.05]",0.018681807713557815,0.017272698301411774,31379,0.0014091094121460417,validation,NN013
"(0.05, 0.1]",0.07229360944512643,0.0710691823899371,6360,0.0012244270551893255,validation,NN013
"(0.1, 0.2]",0.13707381473689784,0.15939549472483605,3507,0.022321679987938214,validation,NN013
"(0.2, 0.4]",0.2814919229034395,0.3071705426356589,2064,0.02567861973221941,validation,NN013
"(0.4, 1.0]",0.5397037843281738,0.5414731254147312,1507,0.0017693410865574632,validation,NN013
"(-0.001, 0.05]",0.017899144843593347,0.016811855090166833,31109,0.0010872897534265138,validation,NN014
"(0.05, 0.1]",0.07306253445785738,0.07511811023622048,6350,0.0020555757783631,validation,NN014
"(0.1, 0.2]",0.1337234487199577,0.1439084219133279,3669,0.010184973193370195,validation,NN014
"(0.2, 0.4]",0.2898323533316988,0.30985915492957744,2130,0.02002680159787862,validation,NN014
"(0.4, 1.0]",0.5322698278163217,0.522771007055805,1559,0.009498820760516669,validation,NN014
"(-0.001, 0.05]",0.018171381132016516,0.015736381977135172,29740,0.002434999154881344,validation,NN015
"(0.05, 0.1]",0.07154495844257087,0.06288916562889166,6424,0.008655792813679217,validation,NN015
"(0.1, 0.2]",0.1297595404651639,0.12006283662477558,4456,0.009696703840388302,validation,NN015
"(0.2, 0.4]",0.2872114128492181,0.28534814181973517,2341,0.0018632710294829158,validation,NN015
"(0.4, 1.0]",0.5303050515457152,0.5,1856,0.030305051545715167,validation,NN015
"(-0.001, 0.05]",0.01976516691614738,0.016145139813581892,30040,0.0036200271025654887,validation,NN016
"(0.05, 0.1]",0.0727065229305551,0.06617989746776448,6437,0.0065266254627906195,validation,NN016
"(0.1, 0.2]",0.13520011523735168,0.12566964285714285,4480,0.009530472380208821,validation,NN016
"(0.2, 0.4]",0.28152132974531235,0.30187814933577645,2183,0.020356819590464093,validation,NN016
"(0.4, 1.0]",0.5554445777206983,0.518783542039356,1677,0.03666103568134238,validation,NN016
"(-0.001, 0.05]",0.0172883457039336,0.016686963104367573,30383,0.0006013825995660263,validation,NN017
"(0.05, 0.1]",0.07250862190028742,0.06728887550805358,6643,0.00521974639223384,validation,NN017
"(0.1, 0.2]",0.1331294654541139,0.13811485340441,4127,0.0049853879502961,validation,NN017
"(0.2, 0.4]",0.28362753178971245,0.31133363677742376,2197,0.02770610498771131,validation,NN017
"(0.4, 1.0]",0.5349862405814407,0.5419222903885481,1467,0.006936049807107381,validation,NN017
"(-0.001, 0.05]",0.01642026774165355,0.016357896750741365,31361,6.237099091218473e-05,validation,NN018
"(0.05, 0.1]",0.07065642295691392,0.07446970853044407,6553,0.0038132855735301535,validation,NN018
"(0.1, 0.2]",0.13989752604770891,0.15537720706260033,3115,0.015479681014891417,validation,NN018
"(0.2, 0.4]",0.2874963476929915,0.3097385031559964,2218,0.022242155463004898,validation,NN018
"(0.4, 1.0]",0.5367155677523116,0.5292993630573248,1570,0.007416204694986717,validation,NN018
"(-0.001, 0.05]",0.017851158954010887,0.014848865665718632,30238,0.0030022932882922543,validation,NN019
"(0.05, 0.1]",0.07169149793514329,0.06356563482867075,6041,0.008125863106472536,validation,NN019
"(0.1, 0.2]",0.13733159771327422,0.12908348457350272,4408,0.008248113139771501,validation,NN019
"(0.2, 0.4]",0.2867622241817326,0.2865697177074423,2338,0.00019250647429031043,validation,NN019
"(0.4, 1.0]",0.535436065785568,0.51953125,1792,0.015904815785568016,validation,NN019
"(-0.001, 0.05]",0.02067510733937489,0.019892394939653918,34385,0.000782712399720973,validation,NNSTACK001
"(0.05, 0.1]",0.07127496138750862,0.09399893786510886,3766,0.022723976477600244,validation,NNSTACK001
"(0.1, 0.2]",0.14178469020661386,0.16068433411606844,2981,0.01889964390945459,validation,NNSTACK001
"(0.2, 0.4]",0.2763717656047808,0.30623818525519847,2116,0.029866419650417697,validation,NNSTACK001
"(0.4, 1.0]",0.5990324133554326,0.5340981516889739,1569,0.06493426166645866,validation,NNSTACK001
"(-0.001, 0.05]",0.036036557891850424,0.00390625,1024,0.032130307891850424,validation,RASTACK001
"(0.05, 0.1]",0.07670110220061808,0.004526748971193415,2430,0.07217435322942467,validation,RASTACK001
"(0.1, 0.2]",0.14790819316486398,0.0059111292295148795,4906,0.1419970639353491,validation,RASTACK001
"(0.2, 0.4]",0.30454783148509246,0.01085944771951598,9669,0.2936883837655765,validation,RASTACK001
"(0.4, 1.0]",0.6911827799042504,0.10654024189935792,26788,0.5846425380048924,validation,RASTACK001
"(-0.001, 0.05]",0.022620166930127236,0.015943962641761174,29980,0.006676204288366062,validation,RF001
"(0.05, 0.1]",0.07255773949934972,0.06474691468431408,5591,0.007810824815035644,validation,RF001
"(0.1, 0.2]",0.12920018218351367,0.1313758389261745,5960,0.0021756567426608198,validation,RF001
"(0.2, 0.4]",0.29712787560706566,0.35198633062793677,2341,0.05485845502087111,validation,RF001
"(0.4, 1.0]",0.4912684762614477,0.5883597883597883,945,0.0970913120983406,validation,RF001
"(-0.001, 0.05]",0.019654197234892333,0.014826466749221862,29879,0.004827730485670471,validation,RF002
"(0.05, 0.1]",0.07436621620107293,0.0638680659670165,6670,0.010498150234056439,validation,RF002
"(0.1, 0.2]",0.13338347628896388,0.14245629181955535,4633,0.009072815530591472,validation,RF002
"(0.2, 0.4]",0.29190526176427234,0.32620320855614976,2431,0.03429794679187742,validation,RF002
"(0.4, 1.0]",0.4970026719361246,0.5656146179401993,1204,0.06861194600407472,validation,RF002
"(-0.001, 0.05]",0.0175626595044528,0.014120494889725659,29744,0.0034421646147271417,validation,RF003
"(0.05, 0.1]",0.07343686000728011,0.06450203843913803,6868,0.008934821568142085,validation,RF003
"(0.1, 0.2]",0.1378090242226889,0.14083865086599817,4388,0.0030296266433092744,validation,RF003
"(0.2, 0.4]",0.2913735167649751,0.32193396226415094,2544,0.03056044549917586,validation,RF003
"(0.4, 1.0]",0.49883198688915564,0.5522388059701493,1273,0.05340681908099365,validation,RF003
"(-0.001, 0.05]",0.019730927225100003,0.014510442093843234,29496,0.00522048513125677,validation,RF004
"(0.05, 0.1]",0.07424673214232912,0.06156604901374776,6692,0.012680683128581359,validation,RF004
"(0.1, 0.2]",0.13440476600125686,0.14164193867457964,5055,0.007237172673322773,validation,RF004
"(0.2, 0.4]",0.29176047252607673,0.33682514101531025,2482,0.04506466848923352,validation,RF004
"(0.4, 1.0]",0.4826106389993353,0.5595238095238095,1092,0.07691317052447422,validation,RF004
"(0.05, 0.1]",0.08470069655896811,0.005054493760859264,6331,0.07964620279810886,validation,RF005
"(0.1, 0.2]",0.14566524749291918,0.012321572852141126,14852,0.13334367464077804,validation,RF005
"(0.2, 0.4]",0.295493772445507,0.027086981903093988,8565,0.268406790542413,validation,RF005
"(0.4, 1.0]",0.6342113377168382,0.1696197491538921,15069,0.46459158856294613,validation,RF005
"(-0.001, 0.05]",0.018099926998828078,0.015494327390599676,30850,0.0026055996082284018,validation,RFSTACK001
"(0.05, 0.1]",0.07222761461976447,0.06885903967886367,6477,0.003368574940900801,validation,RFSTACK001
"(0.1, 0.2]",0.13146148060503973,0.14825174825174825,3575,0.016790267646708518,validation,RFSTACK001
"(0.2, 0.4]",0.29280756906750943,0.2990420658059142,2401,0.00623449673840476,validation,RFSTACK001
"(0.4, 1.0]",0.5368697692184974,0.5488771466314399,1514,0.012007377412942555,validation,RFSTACK001
"(-0.001, 0.05]",0.02293526097808434,0.020058224163027657,34350,0.002877036815056685,validation,RIDGESTACK001
"(0.05, 0.1]",0.07150956847483673,0.09428049098981457,3829,0.022770922514977837,validation,RIDGESTACK001
"(0.1, 0.2]",0.14188670106416992,0.14902965946539729,2731,0.007142958401227362,validation,RIDGESTACK001
"(0.2, 0.4]",0.2829701833611987,0.29509671614934774,2223,0.012126532788149014,validation,RIDGESTACK001
"(0.4, 1.0]",0.561464518173987,0.5285035629453682,1684,0.03296095522861886,validation,RIDGESTACK001
"(-0.001, 0.05]",0.02409420824298745,0.021950454687989965,28701,0.0021437535549974837,validation,RLOG001
"(0.05, 0.1]",0.07106397866629985,0.06931182087586434,6074,0.001752157790435513,validation,RLOG001
"(0.1, 0.2]",0.14852209230058763,0.13687676387582315,6378,0.011645328424764484,validation,RLOG001
"(0.2, 0.4]",0.24325084932561913,0.27251324308416713,3398,0.029262393758548,validation,RLOG001
"(0.4, 1.0]",0.5753791160574862,0.575187969924812,266,0.00019114613267412484,validation,RLOG001
"(-0.001, 0.05]",0.022603943894631644,0.02232723786042052,29202,0.0002767060342111251,validation,RLOG002
"(0.05, 0.1]",0.07090983180561947,0.07218934911242604,5915,0.001279517306806574,validation,RLOG002
"(0.1, 0.2]",0.14658959381797118,0.1329243353783231,6357,0.013665258439648081,validation,RLOG002
"(0.2, 0.4]",0.2568973757391453,0.28027923211169287,2865,0.023381856372547583,validation,RLOG002
"(0.4, 1.0]",0.5566834535656435,0.5774058577405857,478,0.0207224041749422,validation,RLOG002
"(-0.001, 0.05]",0.022429519223821536,0.022521444926694233,29261,9.192570287269719e-05,validation,RLOG003
"(0.05, 0.1]",0.07103205385266188,0.0720310391363023,5928,0.0009989852836404106,validation,RLOG003
"(0.1, 0.2]",0.14650425075088477,0.13312202852614896,6310,0.013382222224735812,validation,RLOG003
"(0.2, 0.4]",0.258287212727006,0.27945888216447134,2809,0.021171669437465346,validation,RLOG003
"(0.4, 1.0]",0.556580999521309,0.5736738703339882,509,0.017092870812679184,validation,RLOG003
"(-0.001, 0.05]",0.022405771898286415,0.022590567327409432,29260,0.00018479542912301639,validation,RLOG004
"(0.05, 0.1]",0.07096571744486843,0.07170575333220854,5927,0.0007400358873401042,validation,RLOG004
"(0.1, 0.2]",0.1464530720392671,0.13283723875870804,6316,0.01361583328055907,validation,RLOG004
"(0.2, 0.4]",0.25856059526521746,0.27995720399429386,2804,0.021396608729076394,validation,RLOG004
"(0.4, 1.0]",0.5572862584423433,0.5745098039215686,510,0.017223545479225333,validation,RLOG004
"(-0.001, 0.05]",0.024580335293673032,0.02107177238207295,28047,0.0035085629116000834,validation,RLOG005
"(0.05, 0.1]",0.07079169959267724,0.06666666666666667,6360,0.0041250329260105745,validation,RLOG005
"(0.1, 0.2]",0.14750069087554102,0.13074258171411357,6639,0.016758109161427448,validation,RLOG005
"(0.2, 0.4]",0.24674307423013606,0.2742398164084911,3486,0.027496742178355044,validation,RLOG005
"(0.4, 1.0]",0.5660261769100284,0.5754385964912281,285,0.00941241958119965,validation,RLOG005
"(-0.001, 0.05]",0.022630149222632873,0.022260391618000686,29110,0.0003697576046321864,validation,RLOG006
"(0.05, 0.1]",0.0710048582932917,0.07196906003026736,5947,0.0009642017369756589,validation,RLOG006
"(0.1, 0.2]",0.14682313955400475,0.13122455371124334,6386,0.015598585842761414,validation,RLOG006
"(0.2, 0.4]",0.2564426183193803,0.28261617900172115,2905,0.026173560682340835,validation,RLOG006
"(0.4, 1.0]",0.5540924778355012,0.5714285714285714,469,0.0173360935930702,validation,RLOG006
"(-0.001, 0.05]",0.022436275990534802,0.022491881729618867,29255,5.560573908406502e-05,validation,RLOG007
"(0.05, 0.1]",0.07101527412529564,0.07197161682716675,5919,0.0009563427018711157,validation,RLOG007
"(0.1, 0.2]",0.1464864713434669,0.13257395981648473,6321,0.013912511526982169,validation,RLOG007
"(0.2, 0.4]",0.25832609586974237,0.2807951721689741,2817,0.022469076299231727,validation,RLOG007
"(0.4, 1.0]",0.5571106415912945,0.5742574257425742,505,0.01714678415127968,validation,RLOG007
"(-0.001, 0.05]",0.022407762566943466,0.022590567327409432,29260,0.0001828047604659662,validation,RLOG008
"(0.05, 0.1]",0.07096728897418525,0.07170575333220854,5927,0.0007384643580232858,validation,RLOG008
"(0.1, 0.2]",0.1464604991864883,0.13283723875870804,6316,0.013623260427780254,validation,RLOG008
"(0.2, 0.4]",0.25856265916463433,0.27995720399429386,2804,0.021394544829659523,validation,RLOG008
"(0.4, 1.0]",0.5572634947280958,0.5745098039215686,510,0.01724630919347281,validation,RLOG008
"(-0.001, 0.05]",0.0223691888737599,0.022530592414902986,32933,0.00016140354114308614,validation,T001
"(0.1, 0.2]",0.11842513979789597,0.11924708954411925,9191,0.00082194974622328,validation,T001
"(0.2, 0.4]",0.3471223021582734,0.3533724340175953,682,0.006250131859321939,validation,T001
"(0.4, 1.0]",0.47583913444512876,0.4594728990551964,2011,0.01636623538993237,validation,T001
"(-0.001, 0.05]",0.01822362840805788,0.017522988875313485,31102,0.0007006395327443966,validation,T002
"(0.05, 0.1]",0.07859701623966665,0.07849119400915268,7211,0.00010582223051397444,validation,T002
"(0.1, 0.2]",0.14172700881542047,0.15244596131968147,2637,0.010718952504260998,validation,T002
"(0.2, 0.4]",0.3013016308233796,0.306640625,2560,0.005338994176620426,validation,T002
"(0.4, 1.0]",0.5648291638814502,0.5394032134659525,1307,0.025425950415497667,validation,T002
"(-0.001, 0.05]",0.01788183400074844,0.01714898177920686,31722,0.0007328522215415793,validation,T003
"(0.05, 0.1]",0.07257539219302753,0.07505265173272066,5223,0.002477259539693133,validation,T003
"(0.1, 0.2]",0.1334708169486808,0.14491691104594331,4092,0.011446094097262521,validation,T003
"(0.2, 0.4]",0.3020204419798822,0.2959542656112577,2274,0.0060661763686244985,validation,T003
"(0.4, 1.0]",0.5562967197687996,0.5318725099601593,1506,0.02442420980864024,validation,T003
"(-0.001, 0.05]",0.01822362840805788,0.017522988875313485,31102,0.0007006395327443966,validation,T004
"(0.05, 0.1]",0.07869528100724726,0.07843936922240348,7356,0.00025591178484378474,validation,T004
"(0.1, 0.2]",0.15200744573342495,0.16708587854832915,2783,0.015078432814904202,validation,T004
"(0.2, 0.4]",0.30946480536956933,0.31036056595162026,2191,0.0008957605820509307,validation,T004
"(0.4, 1.0]",0.5516218999342992,0.5314079422382672,1385,0.02021395769603207,validation,T004
"(-0.001, 0.05]",0.016379351301534766,0.016303814044851858,30545,7.553725668290809e-05,validation,T005
"(0.05, 0.1]",0.07240831975250327,0.06960873521383075,6594,0.002799584538672517,validation,T005
"(0.1, 0.2]",0.1393563755641464,0.14634146341463414,3977,0.006985087850487737,validation,T005
"(0.2, 0.4]",0.28602146720303706,0.300314465408805,1908,0.01429299820576796,validation,T005
"(0.4, 1.0]",0.5209109996421724,0.49693251533742333,1793,0.023978484304749026,validation,T005
"(0.1, 0.2]",0.1362496469705791,0.011785998057738148,22654,0.12446364891284094,validation,T006
"(0.2, 0.4]",0.3256597255848987,0.030050539543778173,7321,0.2956091860411205,validation,T006
"(0.4, 1.0]",0.6507027100896423,0.16951893275838836,14842,0.48118377733125395,validation,T006
"(0.05, 0.1]",0.080187919653264,0.008578781812982557,10491,0.07160913784028144,validation,T007
"(0.1, 0.2]",0.16623451443206388,0.014331210191082803,11932,0.15190330424098109,validation,T007
"(0.2, 0.4]",0.3144305460056515,0.03048180924287119,8136,0.2839487367627803,validation,T007
"(0.4, 1.0]",0.6595704944612547,0.17491934352644128,14258,0.4846511509348134,validation,T007
"(-0.001, 0.05]",0.01710653851356063,0.014182444061962134,29050,0.002924094451598495,validation,WASTACK001
"(0.05, 0.1]",0.07180310312242842,0.053170144462279294,4984,0.018632958660149128,validation,WASTACK001
"(0.1, 0.2]",0.14409950443120761,0.09372384937238494,4780,0.050375655058822674,validation,WASTACK001
"(0.2, 0.4]",0.2905397303359079,0.1938080495356037,3230,0.0967316808003042,validation,WASTACK001
"(0.4, 1.0]",0.5360288212597815,0.45149657410746485,2773,0.08453224715231661,validation,WASTACK001
"(-0.001, 0.05]",0.017080156649661272,0.014207086343309253,29070,0.0028730703063520185,validation,WASTACK002
"(0.05, 0.1]",0.07181318426481419,0.05308666800723909,4973,0.0187265162575751,validation,WASTACK002
"(0.1, 0.2]",0.14402735385324372,0.09399916072177927,4766,0.05002819313146445,validation,WASTACK002
"(0.2, 0.4]",0.29072020625542927,0.1921875,3200,0.09853270625542926,validation,WASTACK002
"(0.4, 1.0]",0.5367202528156368,0.4497863247863248,2808,0.08693392802931205,validation,WASTACK002
"(-0.001, 0.05]",0.01840128739583983,0.014752441899629504,29690,0.003648845496210324,validation,WASTACK003
"(0.05, 0.1]",0.07162489466126612,0.06039448420317682,5729,0.011230410458089299,validation,WASTACK003
"(0.1, 0.2]",0.13788614802225974,0.11650675543371843,5107,0.02137939258854131,validation,WASTACK003
"(0.2, 0.4]",0.28142153035675505,0.2922748309006764,2809,0.010853300543921363,validation,WASTACK003
"(0.4, 1.0]",0.5319595864718271,0.5418353576248313,1482,0.009875771153004198,validation,WASTACK003
"(-0.001, 0.05]",0.01772344561060132,0.015035906642728905,31192,0.0026875389678724156,validation,WASTACK004
"(0.05, 0.1]",0.07160320086948739,0.0752022846263684,6303,0.0035990837568810052,validation,WASTACK004
"(0.1, 0.2]",0.13672557458520118,0.1485632183908046,3480,0.011837643805603426,validation,WASTACK004
"(0.2, 0.4]",0.28500666290270926,0.2970749542961609,2188,0.012068291393451613,validation,WASTACK004
"(0.4, 1.0]",0.546966028441029,0.5399032648125756,1654,0.007062763628453483,validation,WASTACK004
"(-0.001, 0.05]",0.004598111003760808,0.02736450584484591,37640,0.0227663948410851,validation,WGNB001
"(0.05, 0.1]",0.07109452375487038,0.11195445920303605,1054,0.04085993544816567,validation,WGNB001
"(0.1, 0.2]",0.14699747712753689,0.13423645320197045,812,0.01276102392556644,validation,WGNB001
"(0.2, 0.4]",0.27909058110298546,0.193158953722334,497,0.08593162738065147,validation,WGNB001
"(0.4, 1.0]",0.9458770637885365,0.34275031159119235,4814,0.6031267521973442,validation,WGNB001
"(-0.001, 0.05]",0.004598111323957309,0.02736450584484591,37640,0.0227663945208886,validation,WGNB002
"(0.05, 0.1]",0.07109453006825467,0.11195445920303605,1054,0.040859929134781384,validation,WGNB002
"(0.1, 0.2]",0.14699748589567663,0.13423645320197045,812,0.012761032693706181,validation,WGNB002
"(0.2, 0.4]",0.27909060039629013,0.193158953722334,497,0.08593164667395614,validation,WGNB002
"(0.4, 1.0]",0.9458770650329548,0.34275031159119235,4814,0.6031267534417624,validation,WGNB002
"(-0.001, 0.05]",0.004598111321072651,0.02736450584484591,37640,0.022766394523773256,validation,WGNB003
"(0.05, 0.1]",0.07109453001137725,0.11195445920303605,1054,0.0408599291916588,validation,WGNB003
"(0.1, 0.2]",0.14699748581668415,0.13423645320197045,812,0.012761032614713702,validation,WGNB003
"(0.2, 0.4]",0.2790906002224764,0.193158953722334,497,0.0859316465001424,validation,WGNB003
"(0.4, 1.0]",0.9458770650217437,0.34275031159119235,4814,0.6031267534305513,validation,WGNB003
"(-0.001, 0.05]",0.004598111292226099,0.02736450584484591,37640,0.02276639455261981,validation,WGNB004
"(0.05, 0.1]",0.07109452944260371,0.11195445920303605,1054,0.040859929760432345,validation,WGNB004
"(0.1, 0.2]",0.14699748502676085,0.13423645320197045,812,0.012761031824790409,validation,WGNB004
"(0.2, 0.4]",0.27909059848434037,0.193158953722334,497,0.08593164476200638,validation,WGNB004
"(0.4, 1.0]",0.945877064909634,0.34275031159119235,4814,0.6031267533184417,validation,WGNB004
"(-0.001, 0.05]",0.004598111003760808,0.02736450584484591,37640,0.0227663948410851,validation,WGNB005
"(0.05, 0.1]",0.07109452375487038,0.11195445920303605,1054,0.04085993544816567,validation,WGNB005
"(0.1, 0.2]",0.14699747712753689,0.13423645320197045,812,0.01276102392556644,validation,WGNB005
"(0.2, 0.4]",0.27909058110298546,0.193158953722334,497,0.08593162738065147,validation,WGNB005
"(0.4, 1.0]",0.9458770637885365,0.34275031159119235,4814,0.6031267521973442,validation,WGNB005
"(-0.001, 0.05]",0.004598108119129641,0.02736450584484591,37640,0.02276639772571627,validation,WGNB006
"(0.05, 0.1]",0.07109446687777864,0.11195445920303605,1054,0.040859992325257416,validation,WGNB006
"(0.1, 0.2]",0.14699739813618018,0.13423645320197045,812,0.012760944934209734,validation,WGNB006
"(0.2, 0.4]",0.27909040728985973,0.193158953722334,497,0.08593145356752574,validation,WGNB006
"(0.4, 1.0]",0.9458770525774279,0.34275031159119235,4814,0.6031267409862355,validation,WGNB006
"(-0.001, 0.05]",0.0045980792749997675,0.02736450584484591,37640,0.022766426569846142,validation,WGNB007
"(0.05, 0.1]",0.07109389813109175,0.11195445920303605,1054,0.0408605610719443,validation,WGNB007
"(0.1, 0.2]",0.14699660831109135,0.13423645320197045,812,0.012760155109120902,validation,WGNB007
"(0.2, 0.4]",0.2790886692012557,0.193158953722334,497,0.0859297154789217,validation,WGNB007
"(0.4, 1.0]",0.9458769404530236,0.34275031159119235,4814,0.6031266288618313,validation,WGNB007
"(-0.001, 0.05]",0.004597791051969623,0.02736450584484591,37640,0.022766714792876286,validation,WGNB008
"(0.05, 0.1]",0.07108821308723982,0.11195445920303605,1054,0.04086624611579623,validation,WGNB008
"(0.1, 0.2]",0.14698871890547643,0.13423645320197045,812,0.012752265703505988,validation,WGNB008
"(0.2, 0.4]",0.27907129257917584,0.193158953722334,497,0.08591233885684185,validation,WGNB008
"(0.4, 1.0]",0.9458758178759529,0.34275031159119235,4814,0.6031255062847605,validation,WGNB008
"(-0.001, 0.05]",0.004594930738532089,0.02736450584484591,37640,0.02276957510631382,validation,WGNB009
"(0.05, 0.1]",0.07111382284607601,0.11258278145695365,1057,0.04146895861087764,validation,WGNB009
"(0.1, 0.2]",0.14708466579858007,0.1334981458590853,809,0.013586519939494779,validation,WGNB009
"(0.2, 0.4]",0.2788979513785041,0.193158953722334,497,0.0857389976561701,validation,WGNB009
"(0.4, 1.0]",0.9458644575239742,0.34275031159119235,4814,0.6031141459327818,validation,WGNB009
"(-0.001, 0.05]",0.004576909524343425,0.027358691032724182,37648,0.022781781508380755,validation,WGNB010
"(0.05, 0.1]",0.07075595920204597,0.11439466158245949,1049,0.04363870238041352,validation,WGNB010
"(0.1, 0.2]",0.14646274970296716,0.13161131611316113,813,0.014851433589806035,validation,WGNB010
"(0.2, 0.4]",0.2796361230197755,0.19839679358717435,499,0.08123932943260112,validation,WGNB010
"(0.4, 1.0]",0.9464193771964922,0.34255407653910147,4808,0.6038653006573906,validation,WGNB010
"(-0.001, 0.05]",0.00768916176266887,0.029008397167601147,37989,0.021319235404932278,validation,WGNB011
"(0.05, 0.1]",0.07121808133489402,0.12866108786610878,956,0.05744300653121476,validation,WGNB011
"(0.1, 0.2]",0.12155495925839242,0.11533586818757921,789,0.0062190910708132124,validation,WGNB011
"(0.2, 0.4]",0.2235623648383578,0.17896678966789667,1084,0.044595575170461144,validation,WGNB011
"(0.4, 1.0]",0.9094681383077969,0.3733433358339585,3999,0.5361248024738384,validation,WGNB011
"(-0.001, 0.05]",0.0036045897776666664,0.028674115165247285,38397,0.02506952538758062,validation,WGNB012
"(0.05, 0.1]",0.06638265334514679,0.1364256480218281,733,0.07004299467668132,validation,WGNB012
"(0.1, 0.2]",0.12591542689292254,0.17158931082981715,711,0.045673883936894616,validation,WGNB012
"(0.2, 0.4]",0.29458264447634963,0.26973684210526316,304,0.024845802371086467,validation,WGNB012
"(0.4, 1.0]",0.955122933235217,0.3420376712328767,4672,0.6130852620023404,validation,WGNB012
"(-0.001, 0.05]",0.0041514410837721095,0.027583118183255175,37958,0.023431677099483066,validation,WGNB013
"(0.05, 0.1]",0.07030154984087253,0.1277258566978193,963,0.05742430685694677,validation,WGNB013
"(0.1, 0.2]",0.13778216640414606,0.15604681404421328,769,0.018264647640067216,validation,WGNB013
"(0.2, 0.4]",0.2934001289889321,0.2315270935960591,406,0.06187303539287298,validation,WGNB013
"(0.4, 1.0]",0.9525250166699786,0.3429358186824825,4721,0.6095891979874961,validation,WGNB013
"(-0.001, 0.05]",0.004338512947530157,0.027287361781859445,37893,0.022948848834329287,validation,WGNB014
"(0.05, 0.1]",0.07135758180396351,0.1365079365079365,945,0.06515035470397298,validation,WGNB014
"(0.1, 0.2]",0.14168754233503855,0.13881748071979436,778,0.002870061615244196,validation,WGNB014
"(0.2, 0.4]",0.2855041595619334,0.22758620689655173,435,0.05791795266538169,validation,WGNB014
"(0.4, 1.0]",0.9486060488297461,0.34263533361309273,4766,0.6059707152166534,validation,WGNB014
"(-0.001, 0.05]",0.0222821179133943,0.022323035932886873,27774,4.091801949257512e-05,validation,WLOG001
"(0.05, 0.1]",0.058590012764952695,0.06244707874682472,4724,0.003857065981872028,validation,WLOG001
"(0.1, 0.2]",0.15393665151500535,0.1495715169184557,11319,0.0043651345965496635,validation,WLOG001
"(0.2, 0.4]",0.3721447126872954,0.395,1000,0.022855287312704642,validation,WLOG001
"(-0.001, 0.05]",0.024979786392882956,0.02291921760698251,31851,0.002060568785900444,validation,WLOG002
"(0.05, 0.1]",0.07396529178798573,0.07884028484231943,3932,0.004874993054333698,validation,WLOG002
"(0.1, 0.2]",0.12273538448446918,0.13062269889546982,6247,0.007887314411000643,validation,WLOG002
"(0.2, 0.4]",0.24533113580653018,0.31654676258992803,1112,0.07121562678339785,validation,WLOG002
"(0.4, 1.0]",0.5296976776531809,0.4746268656716418,1675,0.05507081198153907,validation,WLOG002
"(-0.001, 0.05]",0.021344710762629088,0.01706049941344059,29835,0.004284211349188497,validation,WLOG003
"(0.05, 0.1]",0.07416237752038009,0.07906435224386113,9448,0.004901974723481042,validation,WLOG003
"(0.1, 0.2]",0.15595246592266213,0.18857142857142858,2625,0.03261896264876646,validation,WLOG003
"(0.2, 0.4]",0.2998288116142251,0.34298029556650245,1624,0.04315148395227736,validation,WLOG003
"(0.4, 1.0]",0.6093633684408439,0.5408560311284046,1285,0.0685073373124393,validation,WLOG003
"(-0.001, 0.05]",0.021423898098223162,0.016906029259147668,29871,0.004517868839075494,validation,WLOG004
"(0.05, 0.1]",0.0710949818495295,0.07448546226723293,9183,0.0033904804177034287,validation,WLOG004
"(0.1, 0.2]",0.1424044494393555,0.18441358024691357,2592,0.042009130807558054,validation,WLOG004
"(0.2, 0.4]",0.2753126968538311,0.31538911644236395,1709,0.04007641958853286,validation,WLOG004
"(0.4, 1.0]",0.6056470164510985,0.5451436388508892,1462,0.060503377600209296,validation,WLOG004
"(-0.001, 0.05]",0.021645350886881562,0.017254927640626024,30542,0.004390423246255538,validation,WLOG005
"(0.05, 0.1]",0.07353442148186852,0.07677073625349487,8584,0.00323631477162635,validation,WLOG005
"(0.1, 0.2]",0.14778056515821444,0.19343891402714933,2652,0.045658348868934884,validation,WLOG005
"(0.2, 0.4]",0.28518340134388503,0.3217821782178218,1616,0.036598776873936756,validation,WLOG005
"(0.4, 1.0]",0.6098396784730513,0.550948699929726,1423,0.05889097854332537,validation,WLOG005
"(-0.001, 0.05]",0.01751763707550547,0.015003726627564083,30859,0.0025139104479413865,validation,XGB001
"(0.05, 0.1]",0.07205013261614664,0.07411871045495631,6638,0.0020685778388096765,validation,XGB001
"(0.1, 0.2]",0.13687146145909745,0.1497625034925957,3579,0.012891042033498251,validation,XGB001
"(0.2, 0.4]",0.28614468265515636,0.29727142173288656,2089,0.011126739077730208,validation,XGB001
"(0.4, 1.0]",0.5520025782882446,0.5393462469733656,1652,0.012656331314878977,validation,XGB001
"(-0.001, 0.05]",0.017559246435312276,0.015296552616260268,30922,0.002262693819052008,validation,XGB002
"(0.05, 0.1]",0.07197715078317023,0.07297709923664122,6550,0.0009999484534709974,validation,XGB002
"(0.1, 0.2]",0.13689677860263444,0.14669994453688298,3606,0.009803165934248542,validation,XGB002
"(0.2, 0.4]",0.28690638679943425,0.3037249283667622,2094,0.016818541567327927,validation,XGB002
"(0.4, 1.0]",0.5511106137809058,0.539209726443769,1645,0.01190088733713679,validation,XGB002
"(-0.001, 0.05]",0.01851023820027525,0.014992992405723412,30681,0.003517245794551838,validation,XGB003
"(0.05, 0.1]",0.07235979628093535,0.0751511661387849,6946,0.002791369857849557,validation,XGB003
"(0.1, 0.2]",0.13648327767066226,0.1514389494272143,3579,0.014955671756552047,validation,XGB003
"(0.2, 0.4]",0.2832952798428036,0.3046228710462287,2055,0.02132759120342509,validation,XGB003
"(0.4, 1.0]",0.5611491672752142,0.5482005141388174,1556,0.012948653136396815,validation,XGB003
"(-0.001, 0.05]",0.018776481566683063,0.015059160989602008,30679,0.0037173205770810545,validation,XGB004
"(0.05, 0.1]",0.07233911999690883,0.07536817788045047,6926,0.0030290578835416443,validation,XGB004
"(0.1, 0.2]",0.13608662066894153,0.1503573391973612,3638,0.014270718528419657,validation,XGB004
"(0.2, 0.4]",0.28372291917970605,0.30761572921851665,2009,0.023892810038810608,validation,XGB004
"(0.4, 1.0]",0.559320863824302,0.5456869009584665,1565,0.013633962865835514,validation,XGB004
"(-0.001, 0.05]",0.01708713985831359,0.01532469190983973,31322,0.0017624479484738623,validation,XGBSTACK001
"(0.05, 0.1]",0.0727969428027392,0.07698437998087344,6274,0.004187437178134246,validation,XGBSTACK001
"(0.1, 0.2]",0.13776817403802988,0.1407702523240372,3012,0.0030020782860073203,validation,XGBSTACK001
"(0.2, 0.4]",0.2801021103340166,0.29185185185185186,2700,0.011749741517835255,validation,XGBSTACK001
"(0.4, 1.0]",0.558024853764187,0.5487077534791253,1509,0.009317100285061719,validation,XGBSTACK001
