decile,predicted_pd,actual_default_rate,count,split,model_id
4,0.3627746660922017,0.36277466609220166,2321,train,BLOG001
5,0.184598776538323,0.18459877653832313,16674,train,BLOG001
6,0.1048278713946035,0.10482787139460353,9673,train,BLOG001
7,0.0568161354222942,0.05681613542229425,11106,train,BLOG001
8,0.032798120227139155,0.03279812022713922,20428,train,BLOG001
9,0.017376214193955616,0.017376214193955512,44371,train,BLOG001
4,0.39740719565620364,0.3993035403366222,6892,train,BLOG002
5,0.1173740954573565,0.12496417311550588,13956,train,BLOG002
6,0.0852651824798081,0.08740581270182993,9290,train,BLOG002
7,0.049786465210622896,0.04812983863445574,10721,train,BLOG002
8,0.02938836908629359,0.026793344392499873,19893,train,BLOG002
9,0.016396240759919443,0.01481025079299879,43821,train,BLOG002
2,0.34910950066356344,0.35130832752959906,10051,train,BLOG003
3,0.13304983927145136,0.14082117407533085,2947,train,BLOG003
4,0.08672862213345905,0.09406060606060607,12375,train,BLOG003
5,0.05829936302454507,0.06634040239260468,11034,train,BLOG003
6,0.03716595921490625,0.0378435927216415,10332,train,BLOG003
7,0.0256193382592646,0.021232002915983234,10974,train,BLOG003
8,0.021800882349283904,0.01687116564417178,6520,train,BLOG003
9,0.014406881517110871,0.010659395141298959,40340,train,BLOG003
2,0.3844461468135882,0.39337521416333526,8755,train,BLOG004
3,0.13287709593026414,0.1465902989081797,5587,train,BLOG004
4,0.08045907435070701,0.08348105005486621,11847,train,BLOG004
5,0.05759471778286325,0.0647588765235824,9435,train,BLOG004
6,0.03751541356664874,0.037839399191218946,10386,train,BLOG004
7,0.025115108631489483,0.02164999179924553,12194,train,BLOG004
8,0.0211442533053618,0.015243428215896719,6429,train,BLOG004
9,0.014255375791555785,0.00971457185778668,39940,train,BLOG004
0,0.35215997987565795,0.3576536528797835,10348,train,BLOG005
1,0.1013539270139834,0.11178881158867816,10493,train,BLOG005
2,0.067254036385901,0.07081422018348624,10464,train,BLOG005
3,0.045219392242231746,0.04792192126329641,9119,train,BLOG005
4,0.031017016700734885,0.031611339052592315,10724,train,BLOG005
5,0.024112490931091517,0.02001360147673176,10293,train,BLOG005
6,0.019086155149640033,0.013898982558139535,11008,train,BLOG005
7,0.015264772872486586,0.010385756676557863,8762,train,BLOG005
8,0.013043610788594404,0.008597004342816628,11283,train,BLOG005
9,0.00914000702987812,0.005629605099759914,12079,train,BLOG005
0,0.8430479294754776,0.3573340982979537,10458,train,BNB001
1,0.16529661657504754,0.11457536342769702,10456,train,BNB001
2,0.03552661681251448,0.06865557467967107,10458,train,BNB001
3,0.012376202283444741,0.044199424736337485,10430,train,BNB001
4,0.005631916986902034,0.027817608259248637,10461,train,BNB001
5,0.0028687968141312796,0.022442937637283927,10471,train,BNB001
6,0.0015551675156781758,0.013096262307618775,10461,train,BNB001
7,0.0008516018728436734,0.00928140847765764,10451,train,BNB001
8,0.0004629992404369305,0.007452703993884961,10466,train,BNB001
9,0.0001881920609276717,0.005162030398623459,10461,train,BNB001
0,0.9822341244075605,0.3573340982979537,10458,train,BNB002
1,0.6921346363773195,0.11457536342769702,10456,train,BNB002
2,0.33027246851324815,0.06865557467967107,10458,train,BNB002
3,0.1474379672902983,0.044199424736337485,10430,train,BNB002
4,0.0729180272548375,0.027817608259248637,10461,train,BNB002
5,0.03847740510434563,0.022442937637283927,10471,train,BNB002
6,0.021217949374776866,0.013096262307618775,10461,train,BNB002
7,0.011726779378214513,0.00928140847765764,10451,train,BNB002
8,0.0064077113142304324,0.007452703993884961,10466,train,BNB002
9,0.002613569003798623,0.005162030398623459,10461,train,BNB002
0,0.8431239365512209,0.3574024483550115,10456,train,BNB003
1,0.16533873936562954,0.11455345190284949,10458,train,BNB003
2,0.03552507009894522,0.06865557467967107,10458,train,BNB003
3,0.01237597027199957,0.044199424736337485,10430,train,BNB003
4,0.005631888509953173,0.027817608259248637,10461,train,BNB003
5,0.0028688268849287003,0.022442937637283927,10471,train,BNB003
6,0.0015552061174974414,0.013096262307618775,10461,train,BNB003
7,0.0008516337663874975,0.00928140847765764,10451,train,BNB003
8,0.0004630259276345229,0.007452703993884961,10466,train,BNB003
9,0.0001882116680644611,0.005162030398623459,10461,train,BNB003
0,0.9822472640179665,0.3574024483550115,10456,train,BNB004
1,0.6921654708074803,0.11455345190284949,10458,train,BNB004
2,0.3302630641946646,0.06865557467967107,10458,train,BNB004
3,0.14743563556946696,0.044199424736337485,10430,train,BNB004
4,0.07291769236920322,0.027817608259248637,10461,train,BNB004
5,0.038477796211606095,0.022442937637283927,10471,train,BNB004
6,0.021218466383208723,0.013096262307618775,10461,train,BNB004
7,0.011727214221029595,0.00928140847765764,10451,train,BNB004
8,0.006408078514617268,0.007452703993884961,10466,train,BNB004
9,0.0026138406924471535,0.005162030398623459,10461,train,BNB004
0,0.8431172712461801,0.3574024483550115,10456,train,BNB005
1,0.16533102869299024,0.11455345190284949,10458,train,BNB005
2,0.035523136731146605,0.06865557467967107,10458,train,BNB005
3,0.012375680169283868,0.044199424736337485,10430,train,BNB005
4,0.005631852850408921,0.027817608259248637,10461,train,BNB005
5,0.0028688644339694546,0.022442937637283927,10471,train,BNB005
6,0.001555254345438547,0.013096262307618775,10461,train,BNB005
7,0.0008516736186213802,0.00928140847765764,10451,train,BNB005
8,0.0004630592793269411,0.007452703993884961,10466,train,BNB005
9,0.00018823617481218452,0.005162030398623459,10461,train,BNB005
0,0.9822461884654684,0.3574024483550115,10456,train,BNB006
1,0.6921521593489247,0.11455345190284949,10458,train,BNB006
2,0.33025130747799014,0.06865557467967107,10458,train,BNB006
3,0.14743271976437852,0.044199424736337485,10430,train,BNB006
4,0.07291727294437722,0.027817608259248637,10461,train,BNB006
5,0.038478284570145196,0.022442937637283927,10471,train,BNB006
6,0.02121911231278793,0.013096262307618775,10461,train,BNB006
7,0.011727757572468018,0.00928140847765764,10451,train,BNB006
8,0.0064085374135951475,0.007452703993884961,10466,train,BNB006
9,0.0026141802728290456,0.005162030398623459,10461,train,BNB006
0,0.8430972673336241,0.3574024483550115,10456,train,BNB007
1,0.1652981521751647,0.11454249928291424,10459,train,BNB007
2,0.03551466974425837,0.06866214019317204,10457,train,BNB007
3,0.01237480927206121,0.044199424736337485,10430,train,BNB007
4,0.005631745449587499,0.027817608259248637,10461,train,BNB007
5,0.002868976818155395,0.022442937637283927,10471,train,BNB007
6,0.0015553988670911813,0.013096262307618775,10461,train,BNB007
7,0.0008517930773750294,0.00928140847765764,10451,train,BNB007
8,0.0004631592857131289,0.007452703993884961,10466,train,BNB007
9,0.00018830968056356525,0.005162030398623459,10461,train,BNB007
0,0.9822429598648172,0.3574024483550115,10456,train,BNB008
1,0.6920924343701931,0.11454249928291424,10459,train,BNB008
2,0.33020120009441606,0.06866214019317204,10457,train,BNB008
3,0.14742396465964963,0.044199424736337485,10430,train,BNB008
4,0.07291600922058734,0.027817608259248637,10461,train,BNB008
5,0.038479746143574266,0.022442937637283927,10471,train,BNB008
6,0.02122104789579634,0.013096262307618775,10461,train,BNB008
7,0.011729386279923914,0.00928140847765764,10451,train,BNB008
8,0.006409913433909766,0.007452703993884961,10466,train,BNB008
9,0.0026151988110698393,0.005162030398623459,10461,train,BNB008
0,0.8430232131409653,0.3573682700583341,10457,train,BNB009
1,0.16523546838870348,0.11455345190284949,10458,train,BNB009
2,0.03550500082532844,0.06866214019317204,10457,train,BNB009
3,0.012373355815091934,0.044199424736337485,10430,train,BNB009
4,0.005630616489885498,0.027897200726091524,10467,train,BNB009
5,0.002868285450837307,0.022353840275124187,10468,train,BNB009
6,0.0015558165517649996,0.013108793416897904,10451,train,BNB009
7,0.000852151946230565,0.009275196022183975,10458,train,BNB009
8,0.00046332580075799783,0.007452703993884961,10466,train,BNB009
9,0.0001884321418223925,0.005162030398623459,10461,train,BNB009
0,0.9822305657184415,0.3573682700583341,10457,train,BNB010
1,0.6920050735217974,0.11455345190284949,10458,train,BNB010
2,0.3301423587538994,0.06866214019317204,10457,train,BNB010
3,0.1474093472130846,0.044199424736337485,10430,train,BNB010
4,0.07290228288420669,0.027897200726091524,10467,train,BNB010
5,0.03847087003423367,0.022353840275124187,10468,train,BNB010
6,0.021226662861177942,0.013108793416897904,10451,train,BNB010
7,0.011734273351397876,0.009275196022183975,10458,train,BNB010
8,0.0064122045462376735,0.007452703993884961,10466,train,BNB010
9,0.0026168956981645446,0.005162030398623459,10461,train,BNB010
0,0.8429157124280212,0.357429718875502,10458,train,BNB011
1,0.16520237057873904,0.11454545454545455,10450,train,BNB011
2,0.035533901336047266,0.06864528482527525,10445,train,BNB011
3,0.012383358317762912,0.04421898928024502,10448,train,BNB011
4,0.005628094809829411,0.027950014308881044,10483,train,BNB011
5,0.0028670674288612456,0.022290251602410792,10453,train,BNB011
6,0.0015562506243392597,0.013107539226942211,10452,train,BNB011
7,0.0008525035034867357,0.009275196022183975,10458,train,BNB011
8,0.00046364160505258924,0.007453416149068323,10465,train,BNB011
9,0.0001886768829581461,0.005162030398623459,10461,train,BNB011
0,0.9822127629604384,0.357429718875502,10458,train,BNB012
1,0.6919894111856894,0.11454545454545455,10450,train,BNB012
2,0.330338550137429,0.06864528482527525,10445,train,BNB012
3,0.14750674684818732,0.04421898928024502,10448,train,BNB012
4,0.07287152434926858,0.027950014308881044,10483,train,BNB012
5,0.038455333911043305,0.022290251602410792,10453,train,BNB012
6,0.021232474374628087,0.013107539226942211,10452,train,BNB012
7,0.01173906698736333,0.009275196022183975,10458,train,BNB012
8,0.006416549990755126,0.007453416149068323,10465,train,BNB012
9,0.0026202869327813746,0.005162030398623459,10461,train,BNB012
0,0.8437197528344513,0.35821753713464305,10435,train,BNB013
1,0.1655529243150767,0.11423935865623211,10478,train,BNB013
2,0.03545224623313124,0.06864901042164642,10459,train,BNB013
3,0.012364139555076741,0.04419518742210718,10431,train,BNB013
4,0.005627412355402165,0.02805878984539034,10478,train,BNB013
5,0.0028694848166739987,0.02232014560781684,10439,train,BNB013
6,0.001557986850242133,0.012991975544516622,10468,train,BNB013
7,0.0008533117922500066,0.009274309207381202,10459,train,BNB013
8,0.00046430361554572155,0.007453416149068323,10465,train,BNB013
9,0.00018916563849181452,0.005162030398623459,10461,train,BNB013
0,0.9823527724379659,0.35821753713464305,10435,train,BNB014
1,0.6920999914931433,0.11423935865623211,10478,train,BNB014
2,0.32981791167948965,0.06864901042164642,10459,train,BNB014
3,0.14731626609329604,0.04419518742210718,10431,train,BNB014
4,0.0728636448957199,0.02805878984539034,10478,train,BNB014
5,0.03848675417506426,0.02232014560781684,10439,train,BNB014
6,0.021255682836375477,0.012991975544516622,10468,train,BNB014
7,0.01175008565336382,0.009274309207381202,10459,train,BNB014
8,0.0064256582488129415,0.007453416149068323,10465,train,BNB014
9,0.002627059226913939,0.005162030398623459,10461,train,BNB014
0,0.842826756551579,0.35818895376663157,10447,train,BNB015
1,0.16479921149593132,0.11398815211159946,10466,train,BNB015
2,0.0353605257913121,0.0687541894091736,10443,train,BNB015
3,0.012346400631096918,0.04421736223856365,10471,train,BNB015
4,0.005620660142061478,0.027849554981337926,10449,train,BNB015
5,0.0028707350966731093,0.022368798394034987,10461,train,BNB015
6,0.0015598852869108846,0.013011863758132415,10452,train,BNB015
7,0.0008561196154796628,0.00929742164286399,10433,train,BNB015
8,0.0004666705673082425,0.007434944237918215,10491,train,BNB015
9,0.00019061484322237124,0.0051625239005736135,10460,train,BNB015
0,0.9822033108303828,0.35818895376663157,10447,train,BNB016
1,0.6910456703121846,0.11398815211159946,10466,train,BNB016
2,0.329281184201437,0.0687541894091736,10443,train,BNB016
3,0.14712817207885076,0.04421736223856365,10471,train,BNB016
4,0.07278379440091494,0.027849554981337926,10449,train,BNB016
5,0.03850287123649103,0.022368798394034987,10461,train,BNB016
6,0.021281149392233994,0.013011863758132415,10452,train,BNB016
7,0.011788366952662629,0.00929742164286399,10433,train,BNB016
8,0.006458212960178701,0.007434944237918215,10491,train,BNB016
9,0.002647138986415015,0.0051625239005736135,10460,train,BNB016
0,0.8416965896786908,0.35800344234079173,10458,train,BNB017
1,0.16392187835578126,0.11381490707031998,10438,train,BNB017
2,0.03530565582297055,0.06846153846153846,10400,train,BNB017
3,0.012364363628846494,0.04502617801047121,10505,train,BNB017
4,0.005624186876947117,0.02754399387911247,10456,train,BNB017
5,0.002875081562683478,0.02250405263659769,10487,train,BNB017
6,0.0015642111932588913,0.012934751365334866,10437,train,BNB017
7,0.0008617617546302941,0.009465855307640297,10353,train,BNB017
8,0.00047134346169920165,0.007371703997731784,10581,train,BNB017
9,0.00019300594685723544,0.0051635111876075735,10458,train,BNB017
0,0.9820150106930657,0.35800344234079173,10458,train,BNB018
1,0.6897929538038453,0.11381490707031998,10438,train,BNB018
2,0.32901101972497615,0.06846153846153846,10400,train,BNB018
3,0.147305338322518,0.04502617801047121,10505,train,BNB018
4,0.07282674345679277,0.02754399387911247,10456,train,BNB018
5,0.03855902734780165,0.02250405263659769,10487,train,BNB018
6,0.021339093864708236,0.012934751365334866,10437,train,BNB018
7,0.011865278995910169,0.009465855307640297,10353,train,BNB018
8,0.006522458789437976,0.007371703997731784,10581,train,BNB018
9,0.0026802667041739246,0.0051635111876075735,10458,train,BNB018
0,0.3646827360552875,0.37263339070567986,10458,train,CAT001
1,0.11232565788581429,0.11781581715597207,10457,train,CAT001
2,0.06565542728692146,0.06397628382901406,10457,train,CAT001
3,0.04044628104754297,0.041120780338529214,10457,train,CAT001
4,0.02587405622957673,0.028019508463230373,10457,train,CAT001
5,0.018395261563845588,0.016351118760757316,10458,train,CAT001
6,0.014349267850995967,0.011762455771253707,10457,train,CAT001
7,0.011545073528084017,0.008702304676293392,10457,train,CAT001
8,0.009130070780501938,0.006024672468203118,10457,train,CAT001
9,0.007086197740563524,0.0035379613692866703,10458,train,CAT001
0,0.3658386463174106,0.377318799005546,10458,train,CAT002
1,0.113486368109567,0.1161901118867744,10457,train,CAT002
2,0.06519041837191784,0.06349813522042651,10457,train,CAT002
3,0.04068145600301325,0.040451372286506644,10457,train,CAT002
4,0.026248847312956947,0.026585062637467724,10457,train,CAT002
5,0.01833076118737184,0.016446739338305604,10458,train,CAT002
6,0.013917782616603754,0.011475566606101176,10457,train,CAT002
7,0.010937426557111087,0.008511045232858372,10457,train,CAT002
8,0.00845862938667384,0.006311561633355647,10457,train,CAT002
9,0.006298103900434536,0.003155479059093517,10458,train,CAT002
0,0.36445901370546296,0.3718684260852936,10458,train,CAT003
1,0.1121915716691038,0.11886774409486468,10457,train,CAT003
2,0.06544709687537804,0.06301998661183895,10457,train,CAT003
3,0.04077753611596365,0.042172707277421825,10457,train,CAT003
4,0.026083773082997683,0.027350100411207803,10457,train,CAT003
5,0.018468898912910623,0.016829221648498757,10458,train,CAT003
6,0.014360631277252858,0.011475566606101176,10457,train,CAT003
7,0.011552227582610881,0.008797934398010902,10457,train,CAT003
8,0.009103383052610667,0.005833413024768098,10457,train,CAT003
9,0.006998212584589089,0.0037292025243832474,10458,train,CAT003
0,0.3632976798821927,0.3704341174220692,10458,train,CAT004
1,0.11200447012025787,0.11896337381658219,10457,train,CAT004
2,0.06573597499897726,0.06455006215931912,10457,train,CAT004
3,0.040838024209018886,0.04131203978196423,10457,train,CAT004
4,0.026091817902620672,0.02792387874151286,10457,train,CAT004
5,0.018550970057535216,0.01673360107095047,10458,train,CAT004
6,0.014575115960891812,0.010519269388926078,10457,train,CAT004
7,0.01178022149442693,0.009754231615186,10457,train,CAT004
8,0.00927432875616832,0.0059290427464856075,10457,train,CAT004
9,0.007185663864412318,0.0038248231019315355,10458,train,CAT004
0,0.45015824001585536,0.3616370242876267,10458,train,EASTACK001
1,0.18473455551388257,0.11714640910394951,10457,train,EASTACK001
2,0.0950606104494996,0.06980969685378216,10457,train,EASTACK001
3,0.049987252772587705,0.042459596442574354,10457,train,EASTACK001
4,0.029582196135287297,0.02763698957636033,10457,train,EASTACK001
5,0.01980755503868315,0.019219736087205966,10458,train,EASTACK001
6,0.01450809321060351,0.012910012431863823,10457,train,EASTACK001
7,0.011009153580815572,0.008797934398010902,10457,train,EASTACK001
8,0.00837660128341648,0.0065028210767906665,10457,train,EASTACK001
9,0.0061997467215002865,0.0038248231019315355,10458,train,EASTACK001
0,0.18306134732328452,0.3168865939950277,10458,train,ET001
1,0.12839781300422257,0.11953715214688725,10457,train,ET001
2,0.08930969534768167,0.08472793344171368,10457,train,ET001
3,0.06341421308115348,0.058525389691116,10457,train,ET001
4,0.0484986935053371,0.03299225399254088,10457,train,ET001
5,0.0402343662665581,0.021036527060623447,10458,train,ET001
6,0.03579058030746549,0.012049344936406236,10457,train,ET001
7,0.03155107779860509,0.012527493544993783,10457,train,ET001
8,0.027422888668138797,0.006980969685378215,10457,train,ET001
9,0.02227767093600304,0.004685408299866131,10458,train,ET001
0,0.20919095402510765,0.3352457448842991,10458,train,ET002
1,0.13694753243527036,0.11255618246150904,10457,train,ET002
2,0.09232509926936826,0.08291096872908099,10457,train,ET002
3,0.06193858393434558,0.052787606388065414,10457,train,ET002
4,0.044122513280324696,0.0322272162188008,10457,train,ET002
5,0.034061419181570664,0.020654044750430294,10458,train,ET002
6,0.028937652688327174,0.012718752988428804,10457,train,ET002
7,0.024950239983027634,0.010136750502056039,10457,train,ET002
8,0.020903776412948872,0.0065028210767906665,10457,train,ET002
9,0.016579211520441377,0.004207305412124689,10458,train,ET002
0,0.22962238418379233,0.346815834767642,10458,train,ET003
1,0.13707987947546524,0.11159988524433394,10457,train,ET003
2,0.09152381984688358,0.08157215262503587,10457,train,ET003
3,0.060079683231035144,0.04810175002390743,10457,train,ET003
4,0.04196454960524253,0.03127091900162571,10457,train,ET003
5,0.03160194413041582,0.01960221839739912,10458,train,ET003
6,0.025618239352194313,0.012240604379841254,10457,train,ET003
7,0.021561356109548832,0.008797934398010902,10457,train,ET003
8,0.01747032236714833,0.006980969685378215,10457,train,ET003
9,0.013433386610301343,0.00296423790399694,10458,train,ET003
0,0.1830094294677053,0.29938802830369093,10458,train,ET004
1,0.13604393189745395,0.12910012431863824,10457,train,ET004
2,0.09259743928074629,0.08960504924930668,10457,train,ET004
3,0.06428462353149621,0.059577316630008606,10457,train,ET004
4,0.048696177457172245,0.036052405087501196,10457,train,ET004
5,0.03869236891731466,0.021132147638171735,10458,train,ET004
6,0.033254761511841965,0.013005642153581333,10457,train,ET004
7,0.029026122888136368,0.011284307162666157,10457,train,ET004
8,0.024604491550671327,0.006694080520225686,10457,train,ET004
9,0.01974939394000448,0.004111684834576401,10458,train,ET004
0,0.7818801601912995,0.3217632434499904,10458,train,ET005
1,0.6821743657386146,0.11829396576455962,10457,train,ET005
2,0.5516806646634563,0.08606674954575882,10457,train,ET005
3,0.42375447557947216,0.05747346275222339,10457,train,ET005
4,0.33014748776127945,0.03194032705364827,10457,train,ET005
5,0.2540148330491616,0.02256645630139606,10458,train,ET005
6,0.21442184885621468,0.011666826049536196,10457,train,ET005
7,0.18717802679994075,0.00984986133690351,10457,train,ET005
8,0.15620123214899662,0.006980969685378215,10457,train,ET005
9,0.12139441713791513,0.0033467202141900937,10458,train,ET005
0,0.36640187352060766,0.3764582138076114,10458,train,GB001
1,0.1144549729853921,0.1209715979726499,10457,train,GB001
2,0.06584257199801555,0.06426317299416659,10457,train,GB001
3,0.0416970850688277,0.04035574256478914,10457,train,GB001
4,0.027746312746614647,0.02419431959452998,10457,train,GB001
5,0.01812064168087965,0.017691498517739313,10457,train,GB001
6,0.013142348287648648,0.011952572193536048,10458,train,GB001
7,0.01029051800440921,0.006885339963660706,10457,train,GB001
8,0.008150742599322117,0.004781943381790359,10456,train,GB001
9,0.006188223706638103,0.002390285878191032,10459,train,GB001
0,0.36777967820575513,0.38563778925224707,10458,train,GB002
1,0.11753455354513165,0.12135411685951994,10457,train,GB002
2,0.064628402971915,0.06397628382901406,10457,train,GB002
3,0.04076020775813267,0.03844314813043894,10457,train,GB002
4,0.027544644409969513,0.022568614325332314,10457,train,GB002
5,0.018153881757980852,0.016829221648498757,10458,train,GB002
6,0.01286258060233523,0.010614899110643589,10457,train,GB002
7,0.009764321301249301,0.004877115807593,10457,train,GB002
8,0.007600863353324433,0.003825188868700392,10457,train,GB002
9,0.005477623279976586,0.0018167909734174794,10458,train,GB002
0,0.36737036628103736,0.3772231784279977,10458,train,GB003
1,0.11507416578361163,0.12068470880749738,10457,train,GB003
2,0.06576945720530294,0.06483695132447165,10457,train,GB003
3,0.041484537091466,0.040164483121354115,10457,train,GB003
4,0.027571309414508187,0.024768097924835038,10457,train,GB003
5,0.018150547346764277,0.01596863645056416,10458,train,GB003
6,0.013018389849525356,0.011762455771253707,10457,train,GB003
7,0.009996728779521673,0.007650377737400784,10457,train,GB003
8,0.007816453431447486,0.005068859984697781,10456,train,GB003
9,0.005737202567907024,0.001816617267425184,10459,train,GB003
0,0.36574897145277796,0.37511952572193535,10458,train,GB004
1,0.11420539604249809,0.12039781964234485,10457,train,GB004
2,0.06607892223287144,0.06474132160275414,10457,train,GB004
3,0.0418268412717667,0.04207707755570431,10457,train,GB004
4,0.027838248951814654,0.02409868987281247,10457,train,GB004
5,0.018169259529012733,0.017020462803595333,10458,train,GB004
6,0.013137869138356796,0.011188677440948647,10457,train,GB004
7,0.010299658035156275,0.008128526345988334,10457,train,GB004
8,0.008263339055519858,0.0053552644161805486,10457,train,GB004
9,0.006252488607882765,0.0018167909734174794,10458,train,GB004
0,0.22707324254046057,0.260279212086441,10458,train,GNB001
1,0.02174646727808815,0.14373147174141723,10457,train,GNB001
2,0.0035543438491281183,0.08377163622453859,10457,train,GNB001
3,0.0009461557717595722,0.050205603901692646,10457,train,GNB001
4,0.0003921145421117871,0.03385292148799847,10457,train,GNB001
5,0.00020546942059253238,0.02677376171352075,10458,train,GNB001
6,8.955597566399489e-05,0.021707946829874727,10457,train,GNB001
7,3.1822535767864374e-05,0.015874533805106627,10457,train,GNB001
8,8.591493442204067e-06,0.012336234101558765,10457,train,GNB001
9,1.2665659712979654e-06,0.0214190093708166,10458,train,GNB001
0,0.20796862052462287,0.27146681965959074,10458,train,GNB007
1,0.040863550775075155,0.13971502342928183,10457,train,GNB007
2,0.006950734480181761,0.08453667399827866,10457,train,GNB007
3,0.0017651326077030827,0.05192693889260782,10457,train,GNB007
4,0.0006895059825397835,0.03423544037486851,10457,train,GNB007
5,0.00038003468094466335,0.02667814113597246,10458,train,GNB007
6,0.0002724830212960747,0.020656019890982116,10457,train,GNB007
7,0.00019830706016440265,0.017404609352586784,10457,train,GNB007
8,0.00011113988557312587,0.012336234101558765,10457,train,GNB007
9,2.9059238267256884e-05,0.010996366418053165,10458,train,GNB007
0,0.37521049040255555,0.27290112832281505,10458,train,GNB008
1,0.09895100303340033,0.1377067992732141,10457,train,GNB008
2,0.017279531630734823,0.08291096872908099,10457,train,GNB008
3,0.0043743657264059405,0.04944056612795257,10457,train,GNB008
4,0.0017215562530105608,0.03366166204456345,10457,train,GNB008
5,0.0009636353699778391,0.025435073627844713,10458,train,GNB008
6,0.000674849675544554,0.017978387682891842,10457,train,GNB008
7,0.0004342219133059247,0.016448312135411685,10457,train,GNB008
8,0.00020309910916458258,0.011475566606101176,10457,train,GNB008
9,3.060364201443369e-05,0.02199273283610633,10458,train,GNB008
0,0.2099817459763426,0.2741441958309428,10458,train,GNB009
1,0.027252873733877213,0.13818494788180166,10457,train,GNB009
2,0.004255657038635301,0.08128526345988334,10457,train,GNB009
3,0.0010671072817371391,0.04810175002390743,10457,train,GNB009
4,0.000434387675673865,0.03442669981830353,10457,train,GNB009
5,0.0002541028270310052,0.024192006119716964,10458,train,GNB009
6,0.00014562430233845558,0.019125944343501962,10457,train,GNB009
7,6.722461367390621e-05,0.016448312135411685,10457,train,GNB009
8,2.1698862949311775e-05,0.014726977144496509,10457,train,GNB009
9,2.3524224581717364e-06,0.019315356664754254,10458,train,GNB009
0,0.18731763391495657,0.27395295467584624,10458,train,GNB010
1,0.019704896389794127,0.13885435593382423,10457,train,GNB010
2,0.002970768627449739,0.08157215262503587,10457,train,GNB010
3,0.0007407283966749223,0.04791049058047241,10457,train,GNB010
4,0.0003043752825326599,0.0331835134359759,10457,train,GNB010
5,0.00017674144122827688,0.024096385542168676,10458,train,GNB010
6,0.00010041624554594989,0.01941283350865449,10457,train,GNB010
7,4.636703169695919e-05,0.016352682413694176,10457,train,GNB010
8,1.5031304785745501e-05,0.015492014918236588,10457,train,GNB010
9,1.804064206570395e-06,0.019124115509657678,10458,train,GNB010
0,0.38128736578190353,0.37406769936890416,10458,train,LASSOSTACK001
1,0.10039605252312359,0.11093047719231137,10457,train,LASSOSTACK001
2,0.04536797861101661,0.0663670268719518,10457,train,LASSOSTACK001
3,0.028354322882439248,0.043415893659749454,10457,train,LASSOSTACK001
4,0.022657013415362404,0.026680692359185236,10457,train,LASSOSTACK001
5,0.0202700418096794,0.01845477146681966,10458,train,LASSOSTACK001
6,0.019008806215500818,0.012623123266711294,10457,train,LASSOSTACK001
7,0.01828512847844096,0.008702304676293392,10457,train,LASSOSTACK001
8,0.017835316060125506,0.005450894137898059,10457,train,LASSOSTACK001
9,0.01743605378585838,0.003251099636641805,10458,train,LASSOSTACK001
0,0.3692559002912597,0.3869764773379231,10458,train,LGB001
1,0.11651476387700739,0.1200153007554748,10457,train,LGB001
2,0.06495521448512763,0.061489911064358804,10457,train,LGB001
3,0.040720793995285304,0.04064263172994167,10457,train,LGB001
4,0.026778455161382556,0.022379495026778884,10456,train,LGB001
5,0.017849498522465226,0.016158332536571375,10459,train,LGB001
6,0.012598966386692344,0.010997417997513628,10457,train,LGB001
7,0.009444014653045854,0.006694080520225686,10457,train,LGB001
8,0.007108027305084963,0.0031557808166778234,10457,train,LGB001
9,0.00466277594799383,0.001434308663224326,10458,train,LGB001
0,0.3734255610654156,0.4067699368904188,10458,train,LGB002
1,0.11881776307586318,0.11934589270345224,10457,train,LGB002
2,0.06421367998489057,0.059194797743138565,10457,train,LGB002
3,0.03982711331611799,0.035956775365783684,10457,train,LGB002
4,0.0261419743575467,0.021421057664722194,10457,train,LGB002
5,0.017250235070098003,0.01367374258940524,10458,train,LGB002
6,0.01180196311362461,0.007841637180835803,10457,train,LGB002
7,0.008520832997096373,0.0036339294252653725,10457,train,LGB002
8,0.006143599727675879,0.0013388161040451371,10457,train,LGB002
9,0.0036128311078734315,0.0007649646203863071,10458,train,LGB002
0,0.36910239567984765,0.3832472748135399,10458,train,LGB003
1,0.11727052751813244,0.12135411685951994,10457,train,LGB003
2,0.06512500242033965,0.06359376494214401,10457,train,LGB003
3,0.04074016968410393,0.039877593956201586,10457,train,LGB003
4,0.026728427330369838,0.02323802237735488,10457,train,LGB003
5,0.017713281655741278,0.01596863645056416,10458,train,LGB003
6,0.012448920955338779,0.010519269388926078,10457,train,LGB003
7,0.009253147206024173,0.007172229128813235,10457,train,LGB003
8,0.006907917814778504,0.0036339294252653725,10457,train,LGB003
9,0.004463349719097564,0.0013386880856760374,10458,train,LGB003
0,0.36807067114297815,0.3808567603748327,10458,train,LGB004
1,0.11783909300437748,0.12164100602467247,10457,train,LGB004
2,0.06568773650792402,0.06196805967294635,10457,train,LGB004
3,0.04085966724716578,0.042172707277421825,10457,train,LGB004
4,0.026785695315148766,0.02323802237735488,10457,train,LGB004
5,0.017674125767593654,0.015681774717919296,10458,train,LGB004
6,0.012336572124368774,0.011858085492971215,10457,train,LGB004
7,0.009157249768569712,0.006791009086561454,10455,train,LGB004
8,0.006819281277122195,0.004111684834576401,10458,train,LGB004
9,0.004341114980616383,0.0016253943971699016,10459,train,LGB004
0,0.38259927447672376,0.3738764582138076,10458,train,LRSTACK001
1,0.10094088396613334,0.11188677440948647,10457,train,LRSTACK001
2,0.04556640792566425,0.06560198909821173,10457,train,LRSTACK001
3,0.028254416804359552,0.043415893659749454,10457,train,LRSTACK001
4,0.022360950269525077,0.027732619298077844,10457,train,LRSTACK001
5,0.019901573496172803,0.017498565691336777,10458,train,LRSTACK001
6,0.018601269803110138,0.012144974658123744,10457,train,LRSTACK001
7,0.017840161909647646,0.008989193841445921,10457,train,LRSTACK001
8,0.017355035051515137,0.0053552644161805486,10457,train,LRSTACK001
9,0.016918603289739716,0.0034423407917383822,10458,train,LRSTACK001
0,0.3490818440079175,0.3627844712182062,10458,train,NN001
1,0.10551117293620006,0.11676389021707947,10457,train,NN001
2,0.06134325889794506,0.06550635937649421,10457,train,NN001
3,0.03731663150500277,0.04752797169360237,10457,train,NN001
4,0.024573729709627515,0.026871951802620253,10457,train,NN001
5,0.017635761169851286,0.018741633199464525,10458,train,NN001
6,0.013387924754102413,0.011666826049536196,10457,train,NN001
7,0.010617115288712316,0.009180453284880942,10457,train,NN001
8,0.00871033472883373,0.006598450798508177,10457,train,NN001
9,0.006686363228296683,0.004302925989672977,10458,train,NN001
0,0.34211466062398843,0.3609676802447887,10458,train,NN002
1,0.11114615821930308,0.11437314717414172,10457,train,NN002
2,0.0663341985675377,0.068279621306302,10457,train,NN002
3,0.04179425987775795,0.04867552835421249,10457,train,NN002
4,0.028371437129575978,0.026776322080902745,10457,train,NN002
5,0.02090210392698141,0.017689806846433353,10458,train,NN002
6,0.016189652336895344,0.011858085492971215,10457,train,NN002
7,0.012809596964536494,0.00937171272831596,10457,train,NN002
8,0.010162518558934188,0.0067897102419431955,10457,train,NN002
9,0.006324094270155521,0.0051635111876075735,10458,train,NN002
0,0.3837770829336026,0.36947791164658633,10458,train,NN003
1,0.11944990923082006,0.11752892799081954,10457,train,NN003
2,0.06562135831325162,0.06627139715023429,10457,train,NN003
3,0.03887746413117662,0.04236396672085684,10457,train,NN003
4,0.024233060096543482,0.026202543750597686,10457,train,NN003
5,0.016126147646038667,0.018741633199464525,10458,train,NN003
6,0.011626287912077688,0.010519269388926078,10457,train,NN003
7,0.00905726308209381,0.006980969685378215,10457,train,NN003
8,0.007376176848812778,0.007459118293965765,10457,train,NN003
9,0.0056025502687229835,0.004398546567221266,10458,train,NN003
0,0.3583940835532424,0.35962899215911265,10458,train,NN004
1,0.11215376006775327,0.11628574160849192,10457,train,NN004
2,0.06888374060166658,0.06961843741034714,10457,train,NN004
3,0.042159131819554635,0.04351152338146696,10457,train,NN004
4,0.02726329026805625,0.02859328679353543,10457,train,NN004
5,0.019052198139010077,0.01788104800152993,10458,train,NN004
6,0.01441545069468931,0.013005642153581333,10457,train,NN004
7,0.011376134343653628,0.009180453284880942,10457,train,NN004
8,0.008902100579737747,0.007459118293965765,10457,train,NN004
9,0.006170724905450888,0.004781028877414419,10458,train,NN004
0,0.30536976644092256,0.3384968445209409,10458,train,NN005
1,0.13027802399185967,0.10979342004590666,10456,train,NN005
2,0.08340961476441976,0.07391470644482692,10458,train,NN005
3,0.05138974279202325,0.04810175002390743,10457,train,NN005
4,0.033584559781815376,0.03423544037486851,10457,train,NN005
5,0.02377020745892426,0.0214190093708166,10458,train,NN005
6,0.017792104475396486,0.01577890408338912,10457,train,NN005
7,0.013547007254821272,0.011858085492971215,10457,train,NN005
8,0.009830044520788967,0.009754231615186,10457,train,NN005
9,0.005124495830779981,0.006597819850831899,10458,train,NN005
0,0.3525377736760514,0.3639319181487856,10458,train,NN006
1,0.10942625798024219,0.11561633355646934,10457,train,NN006
2,0.06454400548228328,0.06627139715023429,10457,train,NN006
3,0.03974090136685914,0.04714545280673233,10457,train,NN006
4,0.026181764777814878,0.026967581524337765,10457,train,NN006
5,0.01872667405384146,0.018072289156626505,10458,train,NN006
6,0.014259823572691796,0.012910012431863823,10457,train,NN006
7,0.011320116244431366,0.007554748015683274,10457,train,NN006
8,0.009092333634718194,0.0073634885722482545,10457,train,NN006
9,0.006170196961337306,0.004111684834576401,10458,train,NN006
0,0.3585547956471379,0.36909542933639317,10458,train,NN007
1,0.11543270405104514,0.11733766854738453,10457,train,NN007
2,0.06494551725454437,0.06722769436740939,10457,train,NN007
3,0.0386862285058928,0.04236396672085684,10457,train,NN007
4,0.024473193193398846,0.027254470689490294,10457,train,NN007
5,0.017019666782380344,0.017689806846433353,10458,train,NN007
6,0.01258005106278918,0.010041120780338529,10457,train,NN007
7,0.009685246747777085,0.009180453284880942,10457,train,NN007
8,0.007637329533547032,0.0053552644161805486,10457,train,NN007
9,0.005691783878475421,0.004398546567221266,10458,train,NN007
0,0.3324455698680279,0.3682348441384586,10458,train,NN008
1,0.10061203419636729,0.1181027063211246,10457,train,NN008
2,0.056381700257762755,0.06684517548053935,10457,train,NN008
3,0.033007348074286465,0.0419814478339868,10457,train,NN008
4,0.020400140486431517,0.027158840967772782,10457,train,NN008
5,0.013622183863733608,0.01855039204436795,10458,train,NN008
6,0.010103958525403463,0.011093047719231136,10457,train,NN008
7,0.00794382966936047,0.007746007459118294,10457,train,NN008
8,0.006432728449909752,0.006024672468203118,10457,train,NN008
9,0.004804682993504596,0.004207305412124689,10458,train,NN008
0,0.3604873150796092,0.3698603939567795,10458,train,NN009
1,0.119408583663743,0.12211915463326002,10457,train,NN009
2,0.07022556980365796,0.06378502438557904,10457,train,NN009
3,0.043853569997430356,0.041885818112269296,10457,train,NN009
4,0.0274549562387155,0.027158840967772782,10457,train,NN009
5,0.017723004890993203,0.015012430675081278,10458,train,NN009
6,0.012275945702579878,0.011953715214688725,10457,train,NN009
7,0.008656684250419117,0.009084823563163431,10457,train,NN009
8,0.006001603972884413,0.005833413024768098,10457,train,NN009
9,0.0039326659175370465,0.003251099636641805,10458,train,NN009
0,0.38450825174041653,0.3613501625549818,10458,train,NN010
1,0.13298066349613238,0.11427751745242422,10457,train,NN010
2,0.07526769710008503,0.07067036434923975,10457,train,NN010
3,0.04917589160056041,0.045041598928947116,10457,train,NN010
4,0.034115309730416044,0.028497657071817922,10457,train,NN010
5,0.024834392117475516,0.01663798049340218,10458,train,NN010
6,0.018864281809118456,0.011762455771253707,10457,train,NN010
7,0.014947039352432651,0.009754231615186,10457,train,NN010
8,0.011958881829652154,0.006694080520225686,10457,train,NN010
9,0.00901009778969936,0.005259131765155862,10458,train,NN010
0,0.34226771673233636,0.3598202333142092,10458,train,NN011
1,0.11251094729886425,0.11494692550444678,10457,train,NN011
2,0.06710727540317667,0.06761021325427943,10457,train,NN011
3,0.042262870124083016,0.04963182557138759,10457,train,NN011
4,0.02884663009691333,0.027445730132925315,10457,train,NN011
5,0.021348808123400127,0.016446739338305604,10458,train,NN011
6,0.01656119092933989,0.012910012431863823,10457,train,NN011
7,0.01310038341854319,0.008797934398010902,10457,train,NN011
8,0.010355752554589277,0.006885339963660706,10457,train,NN011
9,0.006376379921670076,0.005450372920252439,10458,train,NN011
0,0.3739590988719254,0.3584815452285332,10458,train,NN012
1,0.12546588404486525,0.11456440661757675,10457,train,NN012
2,0.07333296901537456,0.06856651047145453,10457,train,NN012
3,0.04484649123277462,0.049536195849670075,10457,train,NN012
4,0.029703384945764955,0.02868891651525294,10457,train,NN012
5,0.021359108829912186,0.01596863645056416,10458,train,NN012
6,0.016147807012839598,0.01434445825762647,10457,train,NN012
7,0.012328902100304611,0.008702304676293392,10457,train,NN012
8,0.009419880690147979,0.0065028210767906665,10457,train,NN012
9,0.006639680766016003,0.004589787722317842,10458,train,NN012
0,0.34631719608454015,0.3627844712182062,10458,train,NN013
1,0.10856977150647101,0.11523381466959931,10457,train,NN013
2,0.06399533507184436,0.06655828631538682,10457,train,NN013
3,0.03986969884230446,0.05001434445825763,10457,train,NN013
4,0.02676517639963818,0.026202543750597686,10457,train,NN013
5,0.0194939630870332,0.017498565691336777,10458,train,NN013
6,0.015156314326730943,0.012049344936406236,10457,train,NN013
7,0.012073283070989035,0.009084823563163431,10457,train,NN013
8,0.009765109667598184,0.006024672468203118,10457,train,NN013
9,0.007084784224324433,0.004494167144769554,10458,train,NN013
0,0.3534563101551464,0.35876840696117807,10458,train,NN014
1,0.11072412724066981,0.11590322272162187,10457,train,NN014
2,0.06749073769593411,0.07038347518408722,10457,train,NN014
3,0.04031752005932104,0.041790188390551784,10457,train,NN014
4,0.02565640385413745,0.027254470689490294,10457,train,NN014
5,0.01887356731673298,0.01855039204436795,10458,train,NN014
6,0.01446086516959463,0.013388161040451372,10457,train,NN014
7,0.011341605477511644,0.010806158554078607,10457,train,NN014
8,0.008857448451374,0.0070765994070957254,10457,train,NN014
9,0.00741724636835443,0.006024096385542169,10458,train,NN014
0,0.3802639746215961,0.3598202333142092,10458,train,NN015
1,0.12364004661218693,0.11485129578272928,10457,train,NN015
2,0.07562000053153624,0.0711072829935879,10449,train,NN015
3,0.04698458100708204,0.04166268514094601,10465,train,NN015
4,0.029845647751272835,0.027350100411207803,10457,train,NN015
5,0.020080204061475995,0.01835915088927137,10458,train,NN015
6,0.01526190529195348,0.012336234101558765,10457,train,NN015
7,0.01185278577769796,0.011379936884383667,10457,train,NN015
8,0.00893140483201903,0.007855911094079326,10438,train,NN015
9,0.007207554241676451,0.005249594349527537,10477,train,NN015
0,0.36901831352111747,0.3565483593226825,10453,train,NN016
1,0.12204086591769546,0.11556107818772701,10462,train,NN016
2,0.0744580096281708,0.07344362627904753,10457,train,NN016
3,0.04552330309992789,0.04226833699913933,10457,train,NN016
4,0.03005375017832653,0.028306397628382902,10457,train,NN016
5,0.021829448285973448,0.019219736087205966,10458,train,NN016
6,0.017251783879784093,0.011953715214688725,10457,train,NN016
7,0.014000890450614955,0.010901788275796118,10457,train,NN016
8,0.011267565850598816,0.007267858850530745,10457,train,NN016
9,0.008131673650203912,0.004589787722317842,10458,train,NN016
0,0.344996194385164,0.36115892139988526,10458,train,NN017
1,0.11410663306655919,0.11399062828727169,10457,train,NN017
2,0.07087739235991487,0.07258295878358995,10457,train,NN017
3,0.044041847905344225,0.03968633451276657,10457,train,NN017
4,0.02882541599800905,0.02983647317586306,10457,train,NN017
5,0.0196344822435713,0.018741633199464525,10458,train,NN017
6,0.014217620125634049,0.012049344936406236,10457,train,NN017
7,0.010292531159462916,0.010519269388926078,10457,train,NN017
8,0.007021810006082538,0.0065028210767906665,10457,train,NN017
9,0.0040848126025042055,0.004876649454962708,10458,train,NN017
0,0.35769671613311005,0.3638362975712373,10458,train,NN018
1,0.10852641072545391,0.11647700105192695,10457,train,NN018
2,0.0627745577014401,0.07143540212297982,10457,train,NN018
3,0.039605353971835996,0.04284211532944439,10457,train,NN018
4,0.02512557322881989,0.027063211246055274,10457,train,NN018
5,0.016728813984918607,0.017594186268885065,10458,train,NN018
6,0.012165710393213538,0.011762455771253707,10457,train,NN018
7,0.00920345093020649,0.008797934398010902,10457,train,NN018
8,0.007023410571686271,0.0062159319116381374,10457,train,NN018
9,0.0047805825517150975,0.003920443679479824,10458,train,NN018
0,0.3765850179825237,0.3653662268120099,10458,train,NN019
1,0.12880420823057875,0.11896337381658219,10457,train,NN019
2,0.07346752533250032,0.06770584297599694,10457,train,NN019
3,0.04401586795334133,0.04370278282490198,10457,train,NN019
4,0.028248588069180035,0.025341876255140096,10457,train,NN019
5,0.01930714507863009,0.018072289156626505,10458,train,NN019
6,0.014221543979246107,0.010997417997513628,10457,train,NN019
7,0.011319488921810963,0.008797934398010902,10457,train,NN019
8,0.009187068198484815,0.006311561633355647,10457,train,NN019
9,0.007048700237574521,0.004685408299866131,10458,train,NN019
0,0.3719774888989669,0.37416331994645247,10458,train,NNSTACK001
1,0.10332737715645018,0.11179114468776896,10457,train,NNSTACK001
2,0.04594703526155719,0.06598450798508176,10457,train,NNSTACK001
3,0.02736218666967105,0.04284211532944439,10457,train,NNSTACK001
4,0.02095190356257117,0.027828249019795352,10457,train,NNSTACK001
5,0.01838786682756618,0.0173073245362402,10458,train,NNSTACK001
6,0.017050605314730048,0.012240604379841254,10457,train,NNSTACK001
7,0.016250349926024765,0.008989193841445921,10457,train,NNSTACK001
8,0.015715872549156865,0.00497274552931051,10457,train,NNSTACK001
9,0.01524280637026068,0.0038248231019315355,10458,train,NNSTACK001
0,0.9343324254951677,0.3527443105756359,10458,train,RASTACK001
1,0.836254325699897,0.11590322272162187,10457,train,RASTACK001
2,0.7414457512765742,0.07392177488763507,10457,train,RASTACK001
3,0.6426981791234242,0.04676293391986229,10457,train,RASTACK001
4,0.5414229980432883,0.02888017595868796,10457,train,RASTACK001
5,0.4435000840859962,0.01855039204436795,10458,train,RASTACK001
6,0.35581849836653306,0.013770679927321412,10457,train,RASTACK001
7,0.26459713039450683,0.008415415511140863,10457,train,RASTACK001
8,0.16418409054849342,0.007172229128813235,10457,train,RASTACK001
9,0.07579876605518486,0.0038248231019315355,10458,train,RASTACK001
0,0.30383628761561243,0.3657487091222031,10458,train,RF001
1,0.11964347136219057,0.10796595581906857,10457,train,RF001
2,0.07908672020374109,0.07239169934015492,10457,train,RF001
3,0.04547429649274965,0.04609352586783973,10457,train,RF001
4,0.030192403601804085,0.02868891651525294,10457,train,RF001
5,0.024196768467475357,0.01788104800152993,10458,train,RF001
6,0.022519902530238493,0.009183966325456807,10453,train,RF001
7,0.017857064533260636,0.012618296529968454,10461,train,RF001
8,0.014332320616978237,0.006312769010043041,10455,train,RF001
9,0.01292767278302585,0.0030592734225621415,10460,train,RF001
0,0.3252908058213872,0.3703384968445209,10458,train,RF002
1,0.11935310713397815,0.11580759299990437,10457,train,RF002
2,0.07651843832852025,0.06694080520225686,10457,train,RF002
3,0.04610865385623689,0.04274648560772688,10457,train,RF002
4,0.029597517749228724,0.026967581524337765,10457,train,RF002
5,0.02107294604367608,0.01826353031172308,10458,train,RF002
6,0.017666530097548535,0.008989193841445921,10457,train,RF002
7,0.014709800128751518,0.010614899110643589,10457,train,RF002
8,0.010823271839813004,0.0065028210767906665,10457,train,RF002
9,0.008523055683636923,0.0027729967489003634,10458,train,RF002
0,0.3343877125141004,0.37416331994645247,10458,train,RF003
1,0.12393049031180604,0.12498804628478531,10457,train,RF003
2,0.07555868101018295,0.0653150999330592,10457,train,RF003
3,0.04657008460045522,0.0410251506168117,10457,train,RF003
4,0.029516976593825312,0.02409868987281247,10457,train,RF003
5,0.01987263007833194,0.01615987760566074,10458,train,RF003
6,0.0145621048873436,0.011093047719231136,10457,train,RF003
7,0.011404620300852288,0.007746007459118294,10457,train,RF003
8,0.008374075172930876,0.0037295591469828824,10457,train,RF003
9,0.005377299899474039,0.0016255498183209026,10458,train,RF003
0,0.31571295903027746,0.3664180531650411,10458,train,RF004
1,0.12222053428102742,0.1181027063211246,10457,train,RF004
2,0.07944365972434844,0.06694080520225686,10457,train,RF004
3,0.04800238582094328,0.04322463421631443,10457,train,RF004
4,0.030508643503772175,0.02897580568040547,10457,train,RF004
5,0.02172916411669723,0.018072289156626505,10458,train,RF004
6,0.01792418164772151,0.00889356411972841,10457,train,RF004
7,0.01500163044134098,0.010136750502056039,10457,train,RF004
8,0.010898043685424186,0.0065028210767906665,10457,train,RF004
9,0.008356534645833897,0.002677376171352075,10458,train,RF004
0,0.8475323850986207,0.36613119143239625,10458,train,RF005
1,0.6195489271001834,0.11896337381658219,10457,train,RF005
2,0.5112156158418775,0.068279621306302,10457,train,RF005
3,0.3823679704212195,0.04274648560772688,10457,train,RF005
4,0.2758185061940996,0.025341876255140096,10457,train,RF005
5,0.1894422414768502,0.017594186268885065,10458,train,RF005
6,0.15677516266563193,0.011188677440948647,10457,train,RF005
7,0.1325983434941353,0.00965860189346849,10457,train,RF005
8,0.10184251465195203,0.0073634885722482545,10457,train,RF005
9,0.08059046373928032,0.002677376171352075,10458,train,RF005
3,0.3603396452056199,0.37196404666284183,10458,train,RFSTACK001
4,0.1126636432665548,0.11886774409486468,10457,train,RFSTACK001
5,0.06740957560091955,0.06158554078607631,10457,train,RFSTACK001
6,0.04153406577741337,0.04332026393803194,10457,train,RFSTACK001
7,0.022715756649565814,0.026106914028880174,10457,train,RFSTACK001
8,0.014453172346818316,0.01753531417437896,10265,train,RFSTACK001
9,0.012779850187274792,0.007686449954785589,42022,train,RFSTACK001
0,0.3743711174284972,0.3717728055077453,10458,train,RIDGESTACK001
1,0.10478724740971197,0.11169551496605144,10457,train,RIDGESTACK001
2,0.04663554920567824,0.0654107296547767,10457,train,RIDGESTACK001
3,0.029021080836824757,0.04360715310318447,10457,train,RIDGESTACK001
4,0.02327064538965033,0.028497657071817922,10457,train,RIDGESTACK001
5,0.020841120145361103,0.01835915088927137,10458,train,RIDGESTACK001
6,0.019598785174144605,0.012623123266711294,10457,train,RIDGESTACK001
7,0.018870225665502473,0.00937171272831596,10457,train,RIDGESTACK001
8,0.018404516057516786,0.0050683752510280195,10457,train,RIDGESTACK001
9,0.018024184307579696,0.0035379613692866703,10458,train,RIDGESTACK001
0,0.25402884494969186,0.2701281315739147,10458,train,RLOG001
1,0.14976288164294632,0.14172324758534952,10457,train,RLOG001
2,0.08725556999437409,0.08472793344171368,10457,train,RLOG001
3,0.05277522247719857,0.05288323610978292,10457,train,RLOG001
4,0.03628423365453587,0.037008702304676296,10457,train,RLOG001
5,0.027952339717178275,0.026965002868617326,10458,train,RLOG001
6,0.023309546273441686,0.01903031462178445,10457,train,RLOG001
7,0.019894686466244253,0.01577890408338912,10457,train,RLOG001
8,0.016402402720068848,0.012623123266711294,10457,train,RLOG001
9,0.011850896167803424,0.009083954867087397,10458,train,RLOG001
0,0.2723977473412292,0.2777777777777778,10458,train,RLOG002
1,0.14151684916016044,0.126805010997418,10457,train,RLOG002
2,0.08266205141080543,0.09295208950941952,10457,train,RLOG002
3,0.050165488751050515,0.056612795256765804,10457,train,RLOG002
4,0.03443606796698757,0.03547862675719614,10457,train,RLOG002
5,0.02629627087970795,0.022757697456492636,10458,train,RLOG002
6,0.02143143677144944,0.0185521660131969,10457,train,RLOG002
7,0.017814335921774737,0.015683274361671606,10457,train,RLOG002
8,0.014302217202822123,0.012431863823276275,10457,train,RLOG002
9,0.009888657804901748,0.010900745840504877,10458,train,RLOG002
0,0.27466414827510455,0.27787339835532604,10458,train,RLOG003
1,0.14068143215242063,0.12709190016257052,10457,train,RLOG003
2,0.0820339436435054,0.09199579229224443,10457,train,RLOG003
3,0.049883103425969993,0.05709094386535335,10457,train,RLOG003
4,0.03428596040121888,0.03557425647891364,10457,train,RLOG003
5,0.026170778675300904,0.02256645630139606,10458,train,RLOG003
6,0.021265394783898106,0.017691498517739313,10457,train,RLOG003
7,0.01760368928886971,0.016065793248541647,10457,train,RLOG003
8,0.014027720558841729,0.012718752988428804,10457,train,RLOG003
9,0.00942924297916825,0.01128322815069803,10458,train,RLOG003
0,0.2748935402320498,0.27749091604513293,10458,train,RLOG004
1,0.1406085472273848,0.12757004877115807,10457,train,RLOG004
2,0.08196325554346191,0.0917089031270919,10457,train,RLOG004
3,0.04985426699423149,0.05709094386535335,10457,train,RLOG004
4,0.03427254583604037,0.03586114564406617,10457,train,RLOG004
5,0.026162328617801513,0.02256645630139606,10458,train,RLOG004
6,0.021255436276267043,0.017500239074304293,10457,train,RLOG004
7,0.017587433451279853,0.015970163526824135,10457,train,RLOG004
8,0.013999558893570019,0.012814382710146314,10457,train,RLOG004
9,0.009364186364086946,0.011378848728246318,10458,train,RLOG004
0,0.259105882338039,0.2712755785044942,10458,train,RLOG005
1,0.15166632781893194,0.13837620732523667,10457,train,RLOG005
2,0.09110122937675422,0.08759682509323898,10457,train,RLOG005
3,0.05584588448641125,0.054030792770393035,10457,train,RLOG005
4,0.038507142829066414,0.0371043320263938,10457,train,RLOG005
5,0.02952533884975196,0.02562631478294129,10458,train,RLOG005
6,0.02432073139095204,0.01931720378693698,10457,train,RLOG005
7,0.02047288310589676,0.015396385196519077,10457,train,RLOG005
8,0.016752979084156495,0.011571196327818686,10457,train,RLOG005
9,0.012059839404981497,0.009657678332377127,10458,train,RLOG005
0,0.2717004635784009,0.2767259514247466,10458,train,RLOG006
1,0.14252383064150045,0.12804819737974563,10457,train,RLOG006
2,0.08345143864506437,0.09295208950941952,10457,train,RLOG006
3,0.050676204234421755,0.056039016926460745,10457,train,RLOG006
4,0.03473751706362428,0.03614803480921871,10457,train,RLOG006
5,0.026475441682769316,0.022279594568751195,10458,train,RLOG006
6,0.021543564429607042,0.01903031462178445,10457,train,RLOG006
7,0.017882600575469698,0.015587644639954098,10457,train,RLOG006
8,0.014301851574600906,0.012336234101558765,10457,train,RLOG006
9,0.009704532148395052,0.010805125262956588,10458,train,RLOG006
0,0.2745455660041643,0.2777777777777778,10458,train,RLOG007
1,0.1408204474352431,0.12718752988428803,10457,train,RLOG007
2,0.08212103645946194,0.0918045328488094,10457,train,RLOG007
3,0.04993898050247163,0.05709094386535335,10457,train,RLOG007
4,0.03431806532562075,0.035956775365783684,10457,train,RLOG007
5,0.026191053412620572,0.022183973991202907,10458,train,RLOG007
6,0.021281974411919827,0.017691498517739313,10457,train,RLOG007
7,0.017616459904190473,0.016161422970259156,10457,train,RLOG007
8,0.01402874885194734,0.012718752988428804,10457,train,RLOG007
9,0.009395692040753025,0.011378848728246318,10458,train,RLOG007
0,0.2748921884559377,0.2773952954675846,10458,train,RLOG008
1,0.14061617957649164,0.12766567849287558,10457,train,RLOG008
2,0.08196509891020798,0.0917089031270919,10457,train,RLOG008
3,0.049857037758727026,0.05709094386535335,10457,train,RLOG008
4,0.03427629121797667,0.03576551592234867,10457,train,RLOG008
5,0.026166536151312675,0.02256645630139606,10458,train,RLOG008
6,0.021259209161658684,0.017500239074304293,10457,train,RLOG008
7,0.01758997625409471,0.016065793248541647,10457,train,RLOG008
8,0.014000172334281039,0.012814382710146314,10457,train,RLOG008
9,0.009360004837895087,0.011378848728246318,10458,train,RLOG008
8,0.35942788514029916,0.35942788514029916,9159,train,T001
9,0.038925105330454596,0.03892510533045465,95414,train,T001
5,0.3875788774493524,0.3875788774493524,9033,train,T002
6,0.14200497100248544,0.1420049710024855,6035,train,T002
7,0.0908752674169844,0.09087526741698447,10751,train,T002
8,0.05304704767919163,0.05304704767919166,9501,train,T002
9,0.016851255541276113,0.01685125554127619,69253,train,T002
4,0.37231833910034595,0.372318339100346,10115,train,T003
5,0.12417256334170278,0.1241725633417028,8762,train,T003
6,0.07169117647058823,0.07169117647058823,11424,train,T003
7,0.047240465491415994,0.04724046549141606,8679,train,T003
8,0.03174603174603169,0.031746031746031744,8442,train,T003
9,0.011460866826477187,0.011460866826477227,57151,train,T003
5,0.38054625931123826,0.38054625931123826,9263,train,T004
6,0.1471663619744058,0.14716636197440586,5470,train,T004
7,0.09065488002886517,0.09065488002886524,11086,train,T004
8,0.05304704767919163,0.05304704767919166,9501,train,T004
9,0.016851255541276113,0.01685125554127619,69253,train,T004
4,0.3665322977091731,0.3665322977091731,10171,train,T005
5,0.12161194640482761,0.12161194640482766,9777,train,T005
6,0.07278537191549794,0.07278537191549796,11266,train,T005
7,0.04847923421337031,0.04847923421337039,6477,train,T005
8,0.030829308395848267,0.03082930839584832,9731,train,T005
9,0.011460866826477187,0.011460866826477227,57151,train,T005
5,0.8727969448665894,0.3703665779234077,9766,train,T006
6,0.6894157942754746,0.1384443617417194,5374,train,T006
7,0.5619547439413337,0.08434952016740024,13859,train,T006
8,0.41871309156812386,0.04939140931495825,9941,train,T006
9,0.16947427031120632,0.015007694300123414,65633,train,T006
3,0.8717560591108696,0.37271364317841077,10005,train,T007
4,0.6358368943126794,0.11504098738141291,10857,train,T007
5,0.5420710575279355,0.07921772496596113,8079,train,T007
6,0.4026716602276388,0.046420141620771044,10168,train,T007
7,0.2878212425046932,0.028621541895878178,12543,train,T007
8,0.19731875503520802,0.017361111111111112,1152,train,T007
9,0.12544787238289962,0.010373003148602445,51769,train,T007
0,0.46008648744150255,0.361732644865175,10458,train,WASTACK001
1,0.18732382179057513,0.11685951993879698,10457,train,WASTACK001
2,0.09603157585377455,0.0701922157406522,10457,train,WASTACK001
3,0.0504775750140407,0.0419814478339868,10457,train,WASTACK001
4,0.02988085532954434,0.028019508463230373,10457,train,WASTACK001
5,0.019953688725290866,0.019219736087205966,10458,train,WASTACK001
6,0.014571108994104399,0.013101271875298843,10457,train,WASTACK001
7,0.011024202148450287,0.008702304676293392,10457,train,WASTACK001
8,0.008373330346947266,0.006311561633355647,10457,train,WASTACK001
9,0.006193291048498474,0.0038248231019315355,10458,train,WASTACK001
0,0.4624296677484099,0.36125454197743356,10458,train,WASTACK002
1,0.18751309081289938,0.11733766854738453,10457,train,WASTACK002
2,0.09589280769576441,0.07009658601893469,10457,train,WASTACK002
3,0.05037536016794098,0.0419814478339868,10457,train,WASTACK002
4,0.02981411888528316,0.028210767906665393,10457,train,WASTACK002
5,0.019898653037188692,0.019124115509657678,10458,train,WASTACK002
6,0.014522858656986033,0.013005642153581333,10457,train,WASTACK002
7,0.010981925985792831,0.008797934398010902,10457,train,WASTACK002
8,0.0083381992456549,0.006311561633355647,10457,train,WASTACK002
9,0.006166055148317581,0.0038248231019315355,10458,train,WASTACK002
0,0.3598544727105142,0.3644100210365271,10458,train,WASTACK003
1,0.13881082639458056,0.11599885244333939,10457,train,WASTACK003
2,0.08050830611620131,0.06894902935832457,10457,train,WASTACK003
3,0.046625791515576956,0.04332026393803194,10457,train,WASTACK003
4,0.028958427449901798,0.02859328679353543,10457,train,WASTACK003
5,0.0205457667649531,0.0173073245362402,10458,train,WASTACK003
6,0.015869693807574425,0.012336234101558765,10457,train,WASTACK003
7,0.012621728594816991,0.00889356411972841,10457,train,WASTACK003
8,0.009884777141466211,0.0065028210767906665,10457,train,WASTACK003
9,0.0075073884673691835,0.003633581946834959,10458,train,WASTACK003
0,0.3658386463174106,0.377318799005546,10458,train,WASTACK004
1,0.113486368109567,0.1161901118867744,10457,train,WASTACK004
2,0.06519041837191784,0.06349813522042651,10457,train,WASTACK004
3,0.04068145600301325,0.040451372286506644,10457,train,WASTACK004
4,0.026248847312956947,0.026585062637467724,10457,train,WASTACK004
5,0.01833076118737184,0.016446739338305604,10458,train,WASTACK004
6,0.013917782616603754,0.011475566606101176,10457,train,WASTACK004
7,0.010937426557111087,0.008511045232858372,10457,train,WASTACK004
8,0.00845862938667384,0.006311561633355647,10457,train,WASTACK004
9,0.006298103900434536,0.003155479059093517,10458,train,WASTACK004
0,0.9760927683728532,0.34911072862880094,10458,train,WGNB001
1,0.12423036028857005,0.12241775057383321,10456,train,WGNB001
2,0.014815728189455504,0.06951615987760566,10458,train,WGNB001
3,0.005054267877514131,0.040846026971960804,10307,train,WGNB001
4,0.002323862651775816,0.026218994624162974,10603,train,WGNB001
5,0.0012588097923154115,0.019124115509657678,10458,train,WGNB001
6,0.0007016047828259144,0.01560682435052346,10316,train,WGNB001
7,0.0003392877069233744,0.011144692104268984,10588,train,WGNB001
8,0.00013776075190387302,0.0065908873817938675,10469,train,WGNB001
9,3.365184732425728e-05,0.009655831739961759,10460,train,WGNB001
0,0.9760927690666981,0.34911072862880094,10458,train,WGNB002
1,0.12423036707424386,0.12241775057383321,10456,train,WGNB002
2,0.014815729143098153,0.06951615987760566,10458,train,WGNB002
3,0.005054268198456287,0.040846026971960804,10307,train,WGNB002
4,0.0023238627902531536,0.026218994624162974,10603,train,WGNB002
5,0.0012588098640698073,0.019124115509657678,10458,train,WGNB002
6,0.0007016048105313324,0.01560682435052346,10316,train,WGNB002
7,0.00033928770395464465,0.011144692104268984,10588,train,WGNB002
8,0.0001377607456254668,0.0065908873817938675,10469,train,WGNB002
9,3.365184462408258e-05,0.009655831739961759,10460,train,WGNB002
0,0.9760927690604471,0.34911072862880094,10458,train,WGNB003
1,0.12423036701311152,0.12241775057383321,10456,train,WGNB003
2,0.014815729134506756,0.06951615987760566,10458,train,WGNB003
3,0.005054268195564915,0.040846026971960804,10307,train,WGNB003
4,0.0023238627890056125,0.026218994624162974,10603,train,WGNB003
5,0.0012588098634233739,0.019124115509657678,10458,train,WGNB003
6,0.0007016048102817414,0.01560682435052346,10316,train,WGNB003
7,0.00033928770398138764,0.011144692104268984,10588,train,WGNB003
8,0.00013776074568202853,0.0065908873817938675,10469,train,WGNB003
9,3.3651844648408494e-05,0.009655831739961759,10460,train,WGNB003
0,0.9760927689979387,0.34911072862880094,10458,train,WGNB004
1,0.12423036640178921,0.12241775057383321,10456,train,WGNB004
2,0.014815729048592912,0.06951615987760566,10458,train,WGNB004
3,0.005054268166651189,0.040846026971960804,10307,train,WGNB004
4,0.0023238627765301673,0.026218994624162974,10603,train,WGNB004
5,0.0012588098569590086,0.019124115509657678,10458,train,WGNB004
6,0.0007016048077857531,0.01560682435052346,10316,train,WGNB004
7,0.00033928770424884134,0.011144692104268984,10588,train,WGNB004
8,0.0001377607462476483,0.0065908873817938675,10469,train,WGNB004
9,3.365184489166741e-05,0.009655831739961759,10460,train,WGNB004
0,0.9760927683728532,0.34911072862880094,10458,train,WGNB005
1,0.12423036028857005,0.12241775057383321,10456,train,WGNB005
2,0.014815728189455504,0.06951615987760566,10458,train,WGNB005
3,0.005054267877514131,0.040846026971960804,10307,train,WGNB005
4,0.002323862651775816,0.026218994624162974,10603,train,WGNB005
5,0.0012588097923154115,0.019124115509657678,10458,train,WGNB005
6,0.0007016047828259144,0.01560682435052346,10316,train,WGNB005
7,0.0003392877069233744,0.011144692104268984,10588,train,WGNB005
8,0.00013776075190387302,0.0065908873817938675,10469,train,WGNB005
9,3.365184732425728e-05,0.009655831739961759,10460,train,WGNB005
0,0.9760927621218025,0.34911072862880094,10458,train,WGNB006
1,0.12423029915675825,0.12241775057383321,10456,train,WGNB006
2,0.014815719598183412,0.06951615987760566,10458,train,WGNB006
3,0.005054264986160142,0.040846026971960804,10307,train,WGNB006
4,0.0023238614042384105,0.026218994624162974,10603,train,WGNB006
5,0.001258809145883227,0.019124115509657678,10458,train,WGNB006
6,0.0007016045332291486,0.01560682435052346,10316,train,WGNB006
7,0.00033928773366955373,0.011144692104268984,10588,train,WGNB006
8,0.00013776080846639085,0.0065908873817938675,10469,train,WGNB006
9,3.3651871650250994e-05,0.009655831739961759,10460,train,WGNB006
0,0.9760926995917998,0.34911072862880094,10458,train,WGNB007
1,0.12422968787675306,0.12241775057383321,10456,train,WGNB007
2,0.014815633695685405,0.06951615987760566,10458,train,WGNB007
3,0.005054236074287944,0.040846026971960804,10307,train,WGNB007
4,0.0023238489294761604,0.026218994624162974,10603,train,WGNB007
5,0.0012588026819457267,0.019124115509657678,10458,train,WGNB007
6,0.0007016020374252808,0.01560682435052346,10316,train,WGNB007
7,0.0003392880012133676,0.011144692104268984,10588,train,WGNB007
8,0.00013776137411591042,0.0065908873817938675,10469,train,WGNB007
9,3.365211491975469e-05,0.009655831739961759,10460,train,WGNB007
0,0.9760920723459696,0.34911072862880094,10458,train,WGNB008
1,0.12422357888601446,0.12241775057383321,10456,train,WGNB008
2,0.014814775693663807,0.06951615987760566,10458,train,WGNB008
3,0.005053947122365395,0.040846026971960804,10307,train,WGNB008
4,0.0023237242430332607,0.026218994624162974,10603,train,WGNB008
5,0.0012587380810096978,0.019124115509657678,10458,train,WGNB008
6,0.0007015770957642529,0.01560682435052346,10316,train,WGNB008
7,0.00033929068486009557,0.011144692104268984,10588,train,WGNB008
8,0.00013776703305735997,0.0065908873817938675,10469,train,WGNB008
9,3.3654548572211894e-05,0.009655831739961759,10460,train,WGNB008
0,0.9760856090450489,0.34911072862880094,10458,train,WGNB009
1,0.12415376064169852,0.12269293296356508,10457,train,WGNB009
2,0.014804948346417324,0.0692359185234771,10457,train,WGNB009
3,0.005051074146351315,0.040846026971960804,10307,train,WGNB009
4,0.0023224834930718084,0.026218994624162974,10603,train,WGNB009
5,0.001258095921047878,0.019124115509657678,10458,train,WGNB009
6,0.0007013097000818561,0.015605311621595425,10317,train,WGNB009
7,0.000339303266035066,0.0111457447813356,10587,train,WGNB009
8,0.00013782386759411127,0.0065908873817938675,10469,train,WGNB009
9,3.367898602946903e-05,0.009655831739961759,10460,train,WGNB009
0,0.9760138681788738,0.34911072862880094,10458,train,WGNB010
1,0.1236172599542193,0.1226207556193209,10455,train,WGNB010
2,0.014713114418983968,0.06935807902037693,10453,train,WGNB010
3,0.005023218029909649,0.04087562960092987,10324,train,WGNB010
4,0.0023128858240321977,0.026358206124964444,10547,train,WGNB010
5,0.0012534737365795718,0.01951265943270512,10506,train,WGNB010
6,0.0006966268358613188,0.015154421638212161,10426,train,WGNB010
7,0.0003393773123415604,0.011193669786741292,10363,train,WGNB010
8,0.00013909219029172026,0.006427828717270064,10579,train,WGNB010
9,3.3944452309646496e-05,0.009653985853565283,10462,train,WGNB010
2,0.8848715645641678,0.35294730264528223,9602,train,WGNB011
3,0.11735051597878851,0.12710056014937315,7498,train,WGNB011
4,0.028013282917718943,0.08545886984335274,12193,train,WGNB011
5,0.012919210068484803,0.06080056015871164,8569,train,WGNB011
6,0.0066159268505833,0.0369494198490481,8877,train,WGNB011
7,0.0036028505675384,0.021232002915983234,10974,train,WGNB011
8,0.0031257915614630004,0.01687116564417178,6520,train,WGNB011
9,0.0017273580262790916,0.010659395141298959,40340,train,WGNB011
0,0.9767867822327244,0.3499467724765315,10333,train,WGNB012
1,0.12469119288191147,0.1351684470008217,7302,train,WGNB012
2,0.012340670208937702,0.08096280087527352,11882,train,WGNB012
3,0.004428141915630019,0.046916634944803956,10508,train,WGNB012
4,0.0019123344986523307,0.027416397450449662,11453,train,WGNB012
5,0.0011936819639682406,0.018538420204191296,11166,train,WGNB012
6,0.0008218928724245442,0.015748031496062992,8128,train,WGNB012
7,0.0005783794229090973,0.011506096513824489,11646,train,WGNB012
8,0.00025408703431164495,0.008574858514834506,11662,train,WGNB012
9,7.43704744589102e-05,0.006194605927761365,10493,train,WGNB012
0,0.9752422461517166,0.3482048827190043,10445,train,WGNB013
1,0.10747270946872262,0.12618632577958552,10326,train,WGNB013
2,0.012533326824206641,0.0732766761095373,10590,train,WGNB013
3,0.004646676083787827,0.04123017779913503,10405,train,WGNB013
4,0.002068214281861913,0.025648498979889245,10293,train,WGNB013
5,0.001197221383577692,0.01722158438576349,10452,train,WGNB013
6,0.0007597295060035138,0.012578021562322678,10574,train,WGNB013
7,0.000461131874876156,0.010224558050645007,10465,train,WGNB013
8,0.00020245751978798744,0.007756391841424878,10443,train,WGNB013
9,5.002433062087442e-05,0.009073724007561436,10580,train,WGNB013
0,0.9752708464321177,0.34901510805125263,10458,train,WGNB014
1,0.11560555866020615,0.12518423897022699,10177,train,WGNB014
2,0.013107579187769784,0.07238130771383267,10721,train,WGNB014
3,0.004669356615514455,0.040845609336139274,10454,train,WGNB014
4,0.002085620794037573,0.02444147412640825,10474,train,WGNB014
5,0.0011604848207904903,0.019709146574818218,10452,train,WGNB014
6,0.0006993073040815249,0.013283639143730886,10464,train,WGNB014
7,0.00038735317211605156,0.010260836210203298,10428,train,WGNB014
8,0.00016689536229734514,0.007155123068116772,10482,train,WGNB014
9,4.22746150166818e-05,0.009175188760393768,10463,train,WGNB014
4,0.3721447126872954,0.36277466609220166,2321,train,WLOG001
5,0.1836957508367603,0.18459877653832313,16674,train,WLOG001
6,0.1013581206184899,0.10482787139460353,9673,train,WLOG001
7,0.0585900127649527,0.05681613542229425,11106,train,WLOG001
8,0.0329977364245425,0.03279812022713922,20428,train,WLOG001
9,0.01744593608910932,0.017376214193955512,44371,train,WLOG001
4,0.39937457499876333,0.3993035403366222,6892,train,WLOG002
5,0.12186753422022688,0.12496417311550588,13956,train,WLOG002
6,0.07396492615796436,0.08740581270182993,9290,train,WLOG002
7,0.0471144635306888,0.04812983863445574,10721,train,WLOG002
8,0.029571914122576256,0.026793344392499873,19893,train,WLOG002
9,0.01762179563156064,0.01481025079299879,43821,train,WLOG002
2,0.3583050658373648,0.35807588637777316,9646,train,WLOG003
3,0.13186411986699448,0.146404851285013,3463,train,WLOG003
4,0.08369983967172705,0.09172066234701223,13890,train,WLOG003
5,0.05319673832310978,0.06451955782312925,9408,train,WLOG003
6,0.036340539541281386,0.0378435927216415,10332,train,WLOG003
7,0.0254336642014213,0.021232002915983234,10974,train,WLOG003
8,0.0231880655896403,0.01687116564417178,6520,train,WLOG003
9,0.015476264935991503,0.010659395141298959,40340,train,WLOG003
2,0.35135235042141616,0.3589442815249267,10230,train,WLOG004
3,0.12019392893784446,0.14282038085434895,3886,train,WLOG004
4,0.0817769396143579,0.08576657516013643,12021,train,WLOG004
5,0.050479824558665065,0.06268168604651163,11008,train,WLOG004
6,0.03517947722210576,0.035157771717958704,10268,train,WLOG004
7,0.0252359397212404,0.019553331479936986,10791,train,WLOG004
8,0.023083300982690697,0.015243428215896719,6429,train,WLOG004
9,0.015621504953036018,0.00971457185778668,39940,train,WLOG004
0,0.355167863970726,0.3611849227438244,10161,train,WLOG005
1,0.10141142850022686,0.11343508573582062,10614,train,WLOG005
2,0.06560436202581106,0.07345048931916237,9503,train,WLOG005
3,0.04476590157104965,0.04758190327613104,10256,train,WLOG005
4,0.03163073202180008,0.030157510564733002,10412,train,WLOG005
5,0.025034727177139584,0.02158406669754516,10795,train,WLOG005
6,0.020001119211514547,0.01307660626029654,9712,train,WLOG005
7,0.01687901745832986,0.010965361754457881,9758,train,WLOG005
8,0.01397472088133923,0.008597004342816628,11283,train,WLOG005
9,0.010098429813321196,0.005629605099759914,12079,train,WLOG005
0,0.3642322230214232,0.37406769936890416,10458,train,XGB001
1,0.11257096955194129,0.11925026298173472,10457,train,XGB001
2,0.06713902272132265,0.06493258104618915,10457,train,XGB001
3,0.04207698404546717,0.042459596442574354,10457,train,XGB001
4,0.027275478341233228,0.02562876542029263,10457,train,XGB001
5,0.01827344881628202,0.01606425702811245,10458,train,XGB001
6,0.013572237179419954,0.011571196327818686,10457,train,XGB001
7,0.010664367730269405,0.006980969685378215,10457,train,XGB001
8,0.00829503289657666,0.006598450798508177,10457,train,XGB001
9,0.0058608772160549365,0.0023905144387072097,10458,train,XGB001
0,0.36404096748666337,0.37598011091986994,10458,train,XGB002
1,0.11297067146339683,0.11685951993879698,10457,train,XGB002
2,0.06697634032853439,0.06617576742851679,10457,train,XGB002
3,0.0421083375780939,0.04140766950368174,10457,train,XGB002
4,0.0273415725273863,0.025915654585445157,10457,train,XGB002
5,0.018255458182398217,0.016255498183209028,10458,train,XGB002
6,0.0135183169486807,0.011762455771253707,10457,train,XGB002
7,0.010641999259584641,0.006980969685378215,10457,train,XGB002
8,0.008201819189091223,0.005833413024768098,10457,train,XGB002
9,0.0057705801870998625,0.0027729967489003634,10458,train,XGB002
0,0.35705111345618556,0.36909542933639317,10458,train,XGB003
1,0.11051341433366964,0.11561633355646934,10457,train,XGB003
2,0.06775394446297833,0.06894902935832457,10457,train,XGB003
3,0.043183836631745444,0.04255522616429186,10457,train,XGB003
4,0.028077410862129035,0.027445730132925315,10457,train,XGB003
5,0.01918231664472311,0.016446739338305604,10458,train,XGB003
6,0.014931276786359518,0.012144974658123744,10457,train,XGB003
7,0.01205540933792792,0.008321377331420373,10455,train,XGB003
8,0.009460236714072338,0.005736686107658476,10459,train,XGB003
9,0.007309918369922211,0.003633581946834959,10458,train,XGB003
0,0.3561338293555818,0.36861732644865175,10458,train,XGB004
1,0.11015670984396342,0.11485129578272928,10457,train,XGB004
2,0.06776795038315556,0.07038347518408722,10457,train,XGB004
3,0.04321147792345533,0.04207707755570431,10457,train,XGB004
4,0.02833248368609056,0.02735271614384086,10456,train,XGB004
5,0.019466703724340787,0.01654077827708194,10459,train,XGB004
6,0.015153816086351423,0.01224411708436962,10454,train,XGB004
7,0.01233895711910623,0.008317399617590822,10460,train,XGB004
8,0.009814933975867218,0.0062159319116381374,10457,train,XGB004
9,0.0076780554814077405,0.0033467202141900937,10458,train,XGB004
0,0.36805791418367506,0.3769363166953528,10458,train,XGBSTACK001
1,0.1170531851146432,0.11666826049536196,10457,train,XGBSTACK001
2,0.06502434431806885,0.06349813522042651,10457,train,XGBSTACK001
3,0.04186359378776078,0.04071072927853168,10243,train,XGBSTACK001
4,0.028338650088627623,0.027257409059371594,10089,train,XGBSTACK001
5,0.018165642748258784,0.017672648178357803,11034,train,XGBSTACK001
6,0.0117180610342678,0.011773714942088637,10447,train,XGBSTACK001
7,0.008984528553278543,0.007361376673040153,10460,train,XGBSTACK001
8,0.00644575012968414,0.00623680675494147,10422,train,XGBSTACK001
9,0.004825189430426141,0.00266514372739387,10506,train,XGBSTACK001
4,0.3627746660922017,0.395,1000,validation,BLOG001
5,0.184598776538323,0.18165467625899281,7228,validation,BLOG001
6,0.1048278713946035,0.09288682473722806,4091,validation,BLOG001
7,0.0568161354222942,0.06244707874682472,4724,validation,BLOG001
8,0.03282151912247378,0.033214573037581886,8701,validation,BLOG001
9,0.017311687860701006,0.01735437529491952,19073,validation,BLOG001
4,0.3957871468316581,0.4017379679144385,2992,validation,BLOG002
5,0.11760156900569245,0.12546249579549276,5946,validation,BLOG002
6,0.08571112362458842,0.08068520357497518,4028,validation,BLOG002
7,0.0497864652106229,0.0500220361392684,4538,validation,BLOG002
8,0.02942101503292505,0.027256637168141595,8475,validation,BLOG002
9,0.016339434246240965,0.014438900095551545,18838,validation,BLOG002
2,0.35130139013125006,0.35979572887650885,4308,validation,BLOG003
3,0.13277321805007133,0.1592851592851593,1287,validation,BLOG003
4,0.08677168026074437,0.0922365988909427,5410,validation,BLOG003
5,0.058363597697814344,0.06127292340884574,4635,validation,BLOG003
6,0.03718474977323126,0.03225806451612903,4340,validation,BLOG003
7,0.0256193382592646,0.021068312406895082,4699,validation,BLOG003
8,0.0218008823492839,0.014925373134328358,2747,validation,BLOG003
9,0.014365345386718312,0.010637686159507791,17391,validation,BLOG003
2,0.38837745737737156,0.3938584779706275,3745,validation,BLOG004
3,0.13237124947992054,0.1661819692563357,2407,validation,BLOG004
4,0.08056690102515729,0.08387715930902111,5210,validation,BLOG004
5,0.0575687834974866,0.05551349987383296,3963,validation,BLOG004
6,0.037489723510788706,0.035706111238269625,4369,validation,BLOG004
7,0.025115560291334545,0.021305182341650672,5210,validation,BLOG004
8,0.0211442533053618,0.013673318551367332,2706,validation,BLOG004
9,0.014213406569267254,0.009705352472830825,17207,validation,BLOG004
0,0.35411906127467024,0.3631448524442442,4439,validation,BLOG005
1,0.10132637903405893,0.1202503352704515,4474,validation,BLOG005
2,0.06889486963543741,0.06402823292160323,3967,validation,BLOG005
3,0.04680273958818416,0.04491883477874138,4497,validation,BLOG005
4,0.031066065074779395,0.030202821869488534,4536,validation,BLOG005
5,0.024073860837002664,0.019190751445086706,4325,validation,BLOG005
6,0.01908525895650515,0.013279932546374367,4744,validation,BLOG005
7,0.015259465779321354,0.010775862068965518,3712,validation,BLOG005
8,0.013048693813851495,0.008457095709570957,4848,validation,BLOG005
9,0.009139515384020084,0.006255924170616114,5275,validation,BLOG005
0,0.8445808107594182,0.3626005361930295,4476,validation,BNB001
1,0.1660875504839384,0.11460423634336678,4485,validation,BNB001
2,0.035489169065762806,0.07635135135135135,4440,validation,BNB001
3,0.012543272427574286,0.03979659518019014,4523,validation,BNB001
4,0.005654294728768362,0.0227526210127147,4483,validation,BNB001
5,0.0029208697413181627,0.019747416762342134,4355,validation,BNB001
6,0.0015798192722339518,0.012603215993046502,4602,validation,BNB001
7,0.0008588394398009443,0.009362460989745877,4486,validation,BNB001
8,0.0004615088783314644,0.008705357142857143,4480,validation,BNB001
9,0.00018707623425432112,0.004457321149988857,4487,validation,BNB001
0,0.9824423955554118,0.3626005361930295,4476,validation,BNB002
1,0.6915379638709057,0.11460423634336678,4485,validation,BNB002
2,0.3304889500446955,0.07635135135135135,4440,validation,BNB002
3,0.1491415909834779,0.03979659518019014,4523,validation,BNB002
4,0.07317596721920014,0.0227526210127147,4483,validation,BNB002
5,0.03915489168679576,0.019747416762342134,4355,validation,BNB002
6,0.021547197146359706,0.012603215993046502,4602,validation,BNB002
7,0.011825076981190879,0.009362460989745877,4486,validation,BNB002
8,0.0063871668718031745,0.008705357142857143,4480,validation,BNB002
9,0.002598104016883321,0.004457321149988857,4487,validation,BNB002
0,0.8445755672920788,0.3626005361930295,4476,validation,BNB003
1,0.16605829521772067,0.11457868925546144,4486,validation,BNB003
2,0.0354816152005444,0.07636855147555756,4439,validation,BNB003
3,0.012543006871576808,0.03979659518019014,4523,validation,BNB003
4,0.005654270092077113,0.0227526210127147,4483,validation,BNB003
5,0.0029208965017546353,0.019747416762342134,4355,validation,BNB003
6,0.0015798564885955337,0.012603215993046502,4602,validation,BNB003
7,0.0008588711837613179,0.009362460989745877,4486,validation,BNB003
8,0.0004615348793799679,0.008705357142857143,4480,validation,BNB003
9,0.00018709600706291266,0.004457321149988857,4487,validation,BNB003
0,0.9824415539266299,0.3626005361930295,4476,validation,BNB004
1,0.6914803757135477,0.11457868925546144,4486,validation,BNB004
2,0.33044578893148563,0.07636855147555756,4439,validation,BNB004
3,0.1491389449845446,0.03979659518019014,4523,validation,BNB004
4,0.07317568115397172,0.0227526210127147,4483,validation,BNB004
5,0.0391552394204552,0.019747416762342134,4355,validation,BNB004
6,0.02154769521809827,0.012603215993046502,4602,validation,BNB004
7,0.011825509631038053,0.009362460989745877,4486,validation,BNB004
8,0.006387524655776394,0.008705357142857143,4480,validation,BNB004
9,0.0025983780071882645,0.004457321149988857,4487,validation,BNB004
0,0.844569011790779,0.3626005361930295,4476,validation,BNB005
1,0.1660507770362158,0.11457868925546144,4486,validation,BNB005
2,0.03547958995820128,0.07636855147555756,4439,validation,BNB005
3,0.012542674845354838,0.03979659518019014,4523,validation,BNB005
4,0.005654239231506954,0.0227526210127147,4483,validation,BNB005
5,0.0029209299126535834,0.019747416762342134,4355,validation,BNB005
6,0.0015799029844642237,0.012603215993046502,4602,validation,BNB005
7,0.0008589108488525481,0.009362460989745877,4486,validation,BNB005
8,0.0004615673734437805,0.008705357142857143,4480,validation,BNB005
9,0.00018712072092952234,0.004457321149988857,4487,validation,BNB005
0,0.9824405016075235,0.3626005361930295,4476,validation,BNB006
1,0.6914677320995749,0.11457868925546144,4486,validation,BNB006
2,0.33043353363545674,0.07636855147555756,4439,validation,BNB006
3,0.1491356363888446,0.03979659518019014,4523,validation,BNB006
4,0.07317532274124121,0.0227526210127147,4483,validation,BNB006
5,0.03915567356035036,0.019747416762342134,4355,validation,BNB006
6,0.021548317473134657,0.012603215993046502,4602,validation,BNB006
7,0.011826050239112412,0.009362460989745877,4486,validation,BNB006
8,0.006387971785060445,0.008705357142857143,4480,validation,BNB006
9,0.002598720465039521,0.004457321149988857,4487,validation,BNB006
0,0.8445493375103111,0.3626005361930295,4476,validation,BNB007
1,0.16602822047991928,0.11457868925546144,4486,validation,BNB007
2,0.03546989541623932,0.07635135135135135,4440,validation,BNB007
3,0.012540160513549172,0.039805395842547546,4522,validation,BNB007
4,0.0056541462186252495,0.0227526210127147,4483,validation,BNB007
5,0.002921029881144643,0.019747416762342134,4355,validation,BNB007
6,0.0015800423082330236,0.012603215993046502,4602,validation,BNB007
7,0.0008590297450897938,0.009362460989745877,4486,validation,BNB007
8,0.0004616648073295372,0.008705357142857143,4480,validation,BNB007
9,0.00018719484823154426,0.004457321149988857,4487,validation,BNB007
0,0.9824373427636068,0.3626005361930295,4476,validation,BNB008
1,0.6914297857803312,0.11457868925546144,4486,validation,BNB008
2,0.3303710044029233,0.07635135135135135,4440,validation,BNB008
3,0.14911090481603345,0.039805395842547546,4522,validation,BNB008
4,0.07317424196435976,0.0227526210127147,4483,validation,BNB008
5,0.03915697246691346,0.019747416762342134,4355,validation,BNB008
6,0.021550182008037252,0.012603215993046502,4602,validation,BNB008
7,0.011827670702122269,0.009362460989745877,4486,validation,BNB008
8,0.006389312501786116,0.008705357142857143,4480,validation,BNB008
9,0.0025997476383442086,0.004457321149988857,4487,validation,BNB008
0,0.8445165211475237,0.3626005361930295,4476,validation,BNB009
1,0.16599061952821176,0.11457868925546144,4486,validation,BNB009
2,0.03545616054225438,0.07633415897320424,4441,validation,BNB009
3,0.01253697573366806,0.039814200398142006,4521,validation,BNB009
4,0.005653989761180861,0.0227526210127147,4483,validation,BNB009
5,0.0029211956152652946,0.019747416762342134,4355,validation,BNB009
6,0.0015802739687092835,0.012603215993046502,4602,validation,BNB009
7,0.0008592275755211872,0.009362460989745877,4486,validation,BNB009
8,0.0004618270361604276,0.008705357142857143,4480,validation,BNB009
9,0.00018731834605326976,0.004457321149988857,4487,validation,BNB009
0,0.982432071740852,0.3626005361930295,4476,validation,BNB010
1,0.691366490381287,0.11457868925546144,4486,validation,BNB010
2,0.33028399618789706,0.07633415897320424,4441,validation,BNB010
3,0.14907948780942923,0.039814200398142006,4521,validation,BNB010
4,0.0731724222235455,0.0227526210127147,4483,validation,BNB010
5,0.03915912560954678,0.019747416762342134,4355,validation,BNB010
6,0.021553282136590614,0.012603215993046502,4602,validation,BNB010
7,0.011830366938618444,0.009362460989745877,4486,validation,BNB010
8,0.0063915447931361296,0.008705357142857143,4480,validation,BNB010
9,0.0026014589260447683,0.004457321149988857,4487,validation,BNB010
0,0.844260295154444,0.36266190263510495,4478,validation,BNB011
1,0.1657565958274302,0.11435577351761034,4486,validation,BNB011
2,0.03542046576185153,0.07635135135135135,4440,validation,BNB011
3,0.012531134665316922,0.039814200398142006,4521,validation,BNB011
4,0.005653127050330426,0.022757697456492636,4482,validation,BNB011
5,0.0029211310788563763,0.019738352077117282,4357,validation,BNB011
6,0.001580524257884627,0.012608695652173913,4600,validation,BNB011
7,0.000859622000199577,0.009362460989745877,4486,validation,BNB011
8,0.00046215089045394776,0.008705357142857143,4480,validation,BNB011
9,0.00018756516272328943,0.004457321149988857,4487,validation,BNB011
0,0.9823887512949571,0.36266190263510495,4478,validation,BNB012
1,0.6910476136369438,0.11435577351761034,4486,validation,BNB012
2,0.33006896558561205,0.07635135135135135,4440,validation,BNB012
3,0.1490209593888031,0.039814200398142006,4521,validation,BNB012
4,0.07316227196752584,0.022757697456492636,4482,validation,BNB012
5,0.03915827440606044,0.019738352077117282,4357,validation,BNB012
6,0.021556644219472728,0.012608695652173913,4600,validation,BNB012
7,0.011835742421085656,0.009362460989745877,4486,validation,BNB012
8,0.006396000993082422,0.008705357142857143,4480,validation,BNB012
9,0.0026048789948463877,0.004457321149988857,4487,validation,BNB012
0,0.8439380761081424,0.3625,4480,validation,BNB013
1,0.1655168971850668,0.11443229979924158,4483,validation,BNB013
2,0.03532117914310808,0.07625028033191299,4459,validation,BNB013
3,0.012495128316957073,0.03973362930077692,4505,validation,BNB013
4,0.005651754308669506,0.02277294038847957,4479,validation,BNB013
5,0.002921827314635161,0.019729295710025234,4359,validation,BNB013
6,0.001581028091516416,0.012603215993046502,4602,validation,BNB013
7,0.000860182401745791,0.00936663693131133,4484,validation,BNB013
8,0.00046275608046028756,0.008707300736771601,4479,validation,BNB013
9,0.00018805807887490653,0.004457321149988857,4487,validation,BNB013
0,0.9823347634954912,0.3625,4480,validation,BNB014
1,0.6907437594332767,0.11443229979924158,4483,validation,BNB014
2,0.32939537769881183,0.07625028033191299,4459,validation,BNB014
3,0.14866647126081894,0.03973362930077692,4505,validation,BNB014
4,0.07314626685248814,0.02277294038847957,4479,validation,BNB014
5,0.03916726293523504,0.019729295710025234,4359,validation,BNB014
6,0.021563379193112846,0.012603215993046502,4602,validation,BNB014
7,0.011843385288741732,0.00936663693131133,4484,validation,BNB014
8,0.006404328844811546,0.008707300736771601,4479,validation,BNB014
9,0.0026117090880810045,0.004457321149988857,4487,validation,BNB014
0,0.8433510388654604,0.36233824185631414,4482,validation,BNB015
1,0.16492758425049925,0.1144578313253012,4482,validation,BNB015
2,0.0351340410446145,0.07620111731843575,4475,validation,BNB015
3,0.012450600056777216,0.03967900133749443,4486,validation,BNB015
4,0.005656189305750019,0.023063143752798925,4466,validation,BNB015
5,0.0029199711248990646,0.01926563916591115,4412,validation,BNB015
6,0.0015790577797994434,0.012694243817027795,4569,validation,BNB015
7,0.0008621883897963047,0.009377093101138647,4479,validation,BNB015
8,0.0004646699060374246,0.008707300736771601,4479,validation,BNB015
9,0.00018953106352344028,0.004457321149988857,4487,validation,BNB015
0,0.9822381245460963,0.36233824185631414,4482,validation,BNB016
1,0.689830618705235,0.1144578313253012,4482,validation,BNB016
2,0.3281948102667374,0.07620111731843575,4475,validation,BNB016
3,0.14822853713183287,0.03967900133749443,4486,validation,BNB016
4,0.07320113682115424,0.023063143752798925,4466,validation,BNB016
5,0.0391422489226592,0.01926563916591115,4412,validation,BNB016
6,0.021537249553779492,0.012694243817027795,4569,validation,BNB016
7,0.011870731251195057,0.009377093101138647,4479,validation,BNB016
8,0.006430659561922243,0.008707300736771601,4479,validation,BNB016
9,0.0026321186478132958,0.004457321149988857,4487,validation,BNB016
0,0.8426854737757916,0.3625613565372601,4482,validation,BNB017
1,0.16416475829036137,0.1144578313253012,4482,validation,BNB017
2,0.03491146617212679,0.07587592055344788,4481,validation,BNB017
3,0.012407637930989259,0.03974101361911141,4479,validation,BNB017
4,0.005648953950629526,0.02256478999106345,4476,validation,BNB017
5,0.0029147625446840878,0.01962996389891697,4432,validation,BNB017
6,0.0015802930979535665,0.013227513227513227,4536,validation,BNB017
7,0.0008685712661679752,0.009027307605506657,4431,validation,BNB017
8,0.0004698309165698061,0.008603573792190603,4533,validation,BNB017
9,0.00019190418399240878,0.004459308807134894,4485,validation,BNB017
0,0.9821311164939377,0.3625613565372601,4482,validation,BNB018
1,0.6885347125998424,0.1144578313253012,4482,validation,BNB018
2,0.3268071467387436,0.07587592055344788,4481,validation,BNB018
3,0.14780038620387037,0.03974101361911141,4479,validation,BNB018
4,0.07311463731802954,0.02256478999106345,4476,validation,BNB018
5,0.03907498153357735,0.01962996389891697,4432,validation,BNB018
6,0.021554011326680576,0.013227513227513227,4536,validation,BNB018
7,0.011957725480399462,0.009027307605506657,4431,validation,BNB018
8,0.0065016120141484215,0.008603573792190603,4533,validation,BNB018
9,0.0026649986076822596,0.004459308807134894,4485,validation,BNB018
0,0.36540043725477084,0.3746095493083445,4482,validation,CAT001
1,0.11251404650883494,0.11892012494422133,4482,validation,CAT001
2,0.06586346400206523,0.06806516402588708,4481,validation,CAT001
3,0.040916408827462364,0.03480589022757698,4482,validation,CAT001
4,0.026054936811886316,0.025440749832626647,4481,validation,CAT001
5,0.018335005939485314,0.015171798304328426,4482,validation,CAT001
6,0.014292028082039377,0.012717536813922356,4482,validation,CAT001
7,0.011529829761118082,0.010711894666369114,4481,validation,CAT001
8,0.00912289803175003,0.006024096385542169,4482,validation,CAT001
9,0.007098796399933378,0.0035698348951361,4482,validation,CAT001
0,0.36683329972727735,0.3757251227130745,4482,validation,CAT002
1,0.11362945298023512,0.11780455153949129,4482,validation,CAT002
2,0.06535903489011839,0.06895782191475117,4481,validation,CAT002
3,0.041096801280359925,0.034582775546630966,4482,validation,CAT002
4,0.026433742880284973,0.02365543405489846,4481,validation,CAT002
5,0.018272030490324196,0.016287371709058456,4482,validation,CAT002
6,0.013883581412711185,0.012717536813922356,4482,validation,CAT002
7,0.010938223151356733,0.010711894666369114,4481,validation,CAT002
8,0.008453569081667701,0.005131637661758144,4482,validation,CAT002
9,0.006302586862529087,0.004462293618920125,4482,validation,CAT002
0,0.3657727881590872,0.3750557786702365,4482,validation,CAT003
1,0.11222755339882676,0.11981258366800536,4482,validation,CAT003
2,0.06567674642959792,0.06471769694264673,4481,validation,CAT003
3,0.04123874430591407,0.03792949576082106,4482,validation,CAT003
4,0.026258221022410735,0.023878598527114485,4481,validation,CAT003
5,0.018449383527275997,0.016287371709058456,4482,validation,CAT003
6,0.014305469977124306,0.011601963409192326,4482,validation,CAT003
7,0.011546318041590982,0.010935059138585137,4481,validation,CAT003
8,0.009103639304793808,0.005577867023650156,4482,validation,CAT003
9,0.007003526439641132,0.004239178937974119,4482,validation,CAT003
0,0.3644162810399944,0.37639446675591254,4482,validation,CAT004
1,0.11211224595926718,0.11914323962516733,4482,validation,CAT004
2,0.06593555420149043,0.0644945324704307,4481,validation,CAT004
3,0.041244807667630085,0.03681392235609103,4482,validation,CAT004
4,0.026262620047531125,0.024548091943762552,4481,validation,CAT004
5,0.018508543068526437,0.015841142347166444,4482,validation,CAT004
6,0.014510090243991202,0.011155734047300312,4482,validation,CAT004
7,0.011766920358747381,0.011381388083017184,4481,validation,CAT004
8,0.009263542321025955,0.006247211066488175,4482,validation,CAT004
9,0.007190047208538089,0.004016064257028112,4482,validation,CAT004
0,0.4507691365850593,0.3676929941990183,4482,validation,EASTACK001
1,0.18474745171330711,0.11646586345381527,4482,validation,EASTACK001
2,0.09522341546016663,0.07230528899799152,4481,validation,EASTACK001
3,0.0507861550043477,0.0392681838464971,4482,validation,EASTACK001
4,0.029613744094684615,0.02432492747154653,4481,validation,EASTACK001
5,0.019813413526199378,0.016956715751896476,4482,validation,EASTACK001
6,0.014480185781262402,0.011825078090138332,4482,validation,EASTACK001
7,0.010998270772383481,0.010488730194153091,4481,validation,EASTACK001
8,0.008364997922810122,0.006024096385542169,4482,validation,EASTACK001
9,0.006166294043812097,0.004685408299866131,4482,validation,EASTACK001
0,0.1833659407860907,0.32307005800981703,4482,validation,ET001
1,0.12822686833717517,0.11713520749665328,4482,validation,ET001
2,0.09018293822433926,0.08614148627538495,4481,validation,ET001
3,0.06369077169117289,0.05243195002231147,4482,validation,ET001
4,0.0486105877242156,0.033251506360187456,4481,validation,ET001
5,0.04017545738412723,0.02208835341365462,4482,validation,ET001
6,0.03570645096539183,0.013163766175814369,4482,validation,ET001
7,0.03151959063467809,0.010265565721937068,4481,validation,ET001
8,0.027394328618898935,0.006024096385542169,4482,validation,ET001
9,0.022281238465286877,0.006470325747434181,4482,validation,ET001
0,0.2092384374087485,0.33891120035698347,4482,validation,ET002
1,0.13692165835205997,0.1144578313253012,4482,validation,ET002
2,0.09351100899979392,0.08011604552555233,4481,validation,ET002
3,0.06232263655014978,0.04930834448906738,4482,validation,ET002
4,0.044254894713920426,0.032805177415755414,4481,validation,ET002
5,0.03399798446889709,0.020080321285140562,4482,validation,ET002
6,0.02886700631043137,0.012717536813922356,4482,validation,ET002
7,0.024914186654498485,0.010042401249721044,4481,validation,ET002
8,0.020897019595778603,0.005800981704596163,4482,validation,ET002
9,0.0165770955458776,0.005800981704596163,4482,validation,ET002
0,0.22906601284562686,0.34872824631860777,4482,validation,ET003
1,0.137013251378925,0.12003569834895136,4482,validation,ET003
2,0.09258481503250172,0.07096630216469538,4481,validation,ET003
3,0.06054857953033808,0.05042391789379741,4482,validation,ET003
4,0.04207948149517399,0.02700290113813881,4481,validation,ET003
5,0.031515792006341345,0.019410977242302542,4482,validation,ET003
6,0.0255395311377317,0.011825078090138332,4482,validation,ET003
7,0.021530578308563107,0.010711894666369114,4481,validation,ET003
8,0.017473488690576307,0.00535475234270415,4482,validation,ET003
9,0.013437728973890948,0.005577867023650156,4482,validation,ET003
0,0.18235369388237568,0.2989736724676484,4482,validation,ET004
1,0.1360111880775529,0.1291834002677376,4482,validation,ET004
2,0.09356952190193422,0.09506806516402588,4481,validation,ET004
3,0.06465404058237843,0.052655064703257475,4482,validation,ET004
4,0.048826766343228016,0.035036822137915646,4481,validation,ET004
5,0.038657404170210186,0.024542614904060688,4482,validation,ET004
6,0.033161579446553784,0.011601963409192326,4482,validation,ET004
7,0.028975629332908495,0.01115822361080116,4481,validation,ET004
8,0.024586505361312634,0.006470325747434181,4482,validation,ET004
9,0.01975372483743288,0.00535475234270415,4482,validation,ET004
0,0.7812294045832491,0.32307005800981703,4482,validation,ET005
1,0.68199391241214,0.12092815707273538,4482,validation,ET005
2,0.5555211836060937,0.08591832180316894,4481,validation,ET005
3,0.4253963720946177,0.051985720660419454,4482,validation,ET005
4,0.33000516123214235,0.030796697165811203,4481,validation,ET005
5,0.25369093155694045,0.022980812137438644,4482,validation,ET005
6,0.21390335900592142,0.012940651494868362,4482,validation,ET005
7,0.18712683265005212,0.010042401249721044,4481,validation,ET005
8,0.15609011423115002,0.006024096385542169,4482,validation,ET005
9,0.12145190968694214,0.00535475234270415,4482,validation,ET005
0,0.367154556803122,0.3737170905845605,4482,validation,GB001
1,0.11464178947294576,0.11914323962516733,4482,validation,GB001
2,0.06587644684275064,0.0662798482481589,4481,validation,GB001
3,0.041959223092823614,0.03859883980365908,4482,validation,GB001
4,0.027781327149957975,0.02276277616603437,4481,validation,GB001
5,0.018165450164708795,0.015618027666220438,4482,validation,GB001
6,0.013123627258200037,0.0142793395805444,4482,validation,GB001
7,0.010265725756138742,0.00892657888864093,4481,validation,GB001
8,0.00815490880595903,0.0069165551093261935,4482,validation,GB001
9,0.006181524820170958,0.0037929495760821064,4482,validation,GB001
0,0.36860381297425504,0.37416331994645247,4482,validation,GB002
1,0.11758285609623209,0.11668897813476127,4482,validation,GB002
2,0.06475306432682419,0.07230528899799152,4481,validation,GB002
3,0.04103672577569198,0.03391343150379295,4482,validation,GB002
4,0.02756610735874187,0.02365543405489846,4481,validation,GB002
5,0.018158254491429836,0.01606425702811245,4482,validation,GB002
6,0.012855595081912705,0.0142793395805444,4482,validation,GB002
7,0.009736595761467591,0.008033920999776836,4481,validation,GB002
8,0.00761135873392641,0.006247211066488175,4482,validation,GB002
9,0.005467978236190492,0.004685408299866131,4482,validation,GB002
0,0.36813113836968037,0.37349397590361444,4482,validation,GB003
1,0.11526007866520982,0.11780455153949129,4482,validation,GB003
2,0.06585673350827105,0.06806516402588708,4481,validation,GB003
3,0.04172469747019974,0.036367692994199015,4482,validation,GB003
4,0.027616427568717312,0.0249944208881946,4481,validation,GB003
5,0.018241777912434462,0.016287371709058456,4482,validation,GB003
6,0.01302947392413427,0.013163766175814369,4482,validation,GB003
7,0.009984916218593596,0.009372907833072975,4481,validation,GB003
8,0.00782010600305625,0.0069165551093261935,4482,validation,GB003
9,0.005737505789135079,0.0035698348951361,4482,validation,GB003
0,0.3666138925583581,0.3737170905845605,4482,validation,GB004
1,0.11451475472459585,0.11735832217759928,4482,validation,GB004
2,0.0662708419036358,0.0691809863869672,4481,validation,GB004
3,0.04209162482532483,0.03614457831325301,4482,validation,GB004
4,0.027847300450322732,0.02365543405489846,4481,validation,GB004
5,0.01826764737556499,0.01740294511378849,4482,validation,GB004
6,0.013124523817998942,0.013386880856760375,4482,validation,GB004
7,0.010288093185433228,0.010711894666369114,4481,validation,GB004
8,0.008277792029843951,0.004239178937974119,4482,validation,GB004
9,0.006250960900966692,0.004239178937974119,4482,validation,GB004
0,0.2240803730468758,0.2634984381972334,4482,validation,GNB001
1,0.020991342219868415,0.14100847835787594,4482,validation,GNB001
2,0.0036800463541198885,0.0778844008033921,4481,validation,GNB001
3,0.0009678892618118131,0.049085229808121376,4482,validation,GNB001
4,0.0003952429611932898,0.03659897344342781,4481,validation,GNB001
5,0.00020924468597208488,0.025435073627844713,4482,validation,GNB001
6,9.212268932120068e-05,0.0249888442659527,4482,validation,GNB001
7,3.242262662757683e-05,0.01963847355501004,4481,validation,GNB001
8,8.694927502180972e-06,0.012940651494868362,4482,validation,GNB001
9,1.275416132189936e-06,0.01896474788041053,4482,validation,GNB001
0,0.2093624620879987,0.27621597501115575,4482,validation,GNB007
1,0.04096705103278215,0.13520749665327977,4482,validation,GNB007
2,0.007192264546311925,0.0836866770810087,4481,validation,GNB007
3,0.0017867086359346007,0.048862115127175365,4482,validation,GNB007
4,0.0006913254987278188,0.03950011158223611,4481,validation,GNB007
5,0.00038106130031520275,0.023873270861222668,4482,validation,GNB007
6,0.00027193598968790265,0.022757697456492636,4482,validation,GNB007
7,0.0001989549278804336,0.016514170943985718,4481,validation,GNB007
8,0.00011086726197338181,0.013833110218652387,4482,validation,GNB007
9,2.8511550926986884e-05,0.009593931280678269,4482,validation,GNB007
0,0.37377257453135027,0.27822400713966977,4482,validation,GNB008
1,0.09718862661970235,0.13253012048192772,4482,validation,GNB008
2,0.017837907916937266,0.0807855389422004,4481,validation,GNB008
3,0.004428169008905894,0.0499776885319054,4482,validation,GNB008
4,0.0017258571213670023,0.03682213791564383,4481,validation,GNB008
5,0.0009671118826475935,0.0214190093708166,4482,validation,GNB008
6,0.0006757281276465382,0.023873270861222668,4482,validation,GNB008
7,0.00043777622550849823,0.015398348582905601,4481,validation,GNB008
8,0.00020483069470188776,0.010040160642570281,4482,validation,GNB008
9,3.0893040148107173e-05,0.020972780008924587,4482,validation,GNB008
0,0.21069278069396907,0.27643908969210174,4482,validation,GNB009
1,0.02648421855334209,0.1354306113342258,4482,validation,GNB009
2,0.004426181438258133,0.07833072974782415,4481,validation,GNB009
3,0.0010820963356810392,0.049531459170013385,4482,validation,GNB009
4,0.00043340471349435873,0.03481365766569962,4481,validation,GNB009
5,0.0002524631783229502,0.02208835341365462,4482,validation,GNB009
6,0.0001460261505889876,0.024096385542168676,4482,validation,GNB009
7,6.850619768307766e-05,0.016514170943985718,4481,validation,GNB009
8,2.2115929913296774e-05,0.01673360107095047,4482,validation,GNB009
9,2.3652967038353994e-06,0.01606425702811245,4482,validation,GNB009
0,0.18863629339149826,0.2757697456492637,4482,validation,GNB010
1,0.019101486688408015,0.13676929941990182,4482,validation,GNB010
2,0.0030873312339475384,0.07676857844231198,4481,validation,GNB010
3,0.0007490480041309975,0.047746541722445336,4482,validation,GNB010
4,0.000303454942596117,0.03793796027672394,4481,validation,GNB010
5,0.0001754893499248206,0.022757697456492636,4482,validation,GNB010
6,0.00010085369102072448,0.02253458277554663,4482,validation,GNB010
7,4.713313257036876e-05,0.01785315777728186,4481,validation,GNB010
8,1.529957384106608e-05,0.01651048639000446,4482,validation,GNB010
9,1.8133130751105932e-06,0.015394912985274432,4482,validation,GNB010
0,0.3823614698935633,0.3697010263275324,4482,validation,LASSOSTACK001
1,0.1007361898913739,0.11646586345381527,4482,validation,LASSOSTACK001
2,0.045253851811943725,0.07319794688685562,4481,validation,LASSOSTACK001
3,0.028495137100149663,0.041499330655957165,4482,validation,LASSOSTACK001
4,0.022714381204044978,0.019192144610577996,4481,validation,LASSOSTACK001
5,0.020252542657364515,0.01673360107095047,4482,validation,LASSOSTACK001
6,0.01900986792406781,0.012940651494868362,4482,validation,LASSOSTACK001
7,0.018294553191949208,0.011381388083017184,4481,validation,LASSOSTACK001
8,0.01783888617237423,0.004016064257028112,4482,validation,LASSOSTACK001
9,0.017439068805729166,0.0049085229808121375,4482,validation,LASSOSTACK001
0,0.3700684826010023,0.3728246318607764,4482,validation,LGB001
1,0.11707406165971292,0.11936635430611334,4482,validation,LGB001
2,0.06495749199794139,0.0691809863869672,4481,validation,LGB001
3,0.0408155054707708,0.03547523427041499,4482,validation,LGB001
4,0.026837280601691913,0.02432492747154653,4481,validation,LGB001
5,0.017907025828631518,0.01740294511378849,4482,validation,LGB001
6,0.012643167324848775,0.011378848728246318,4482,validation,LGB001
7,0.009438972954333802,0.009149743360856952,4481,validation,LGB001
8,0.007122217631982459,0.006693440428380187,4482,validation,LGB001
9,0.004660989372386335,0.004239178937974119,4482,validation,LGB001
0,0.3723209438645203,0.37304774654172246,4482,validation,LGB002
1,0.11897050053230533,0.11869701026327532,4482,validation,LGB002
2,0.06441598731610906,0.06739567060923901,4481,validation,LGB002
3,0.04006556549064081,0.03792949576082106,4482,validation,LGB002
4,0.026245929050440323,0.02432492747154653,4481,validation,LGB002
5,0.017397852513065776,0.015841142347166444,4482,validation,LGB002
6,0.01188025597055637,0.01249442213297635,4482,validation,LGB002
7,0.008534490998073331,0.00892657888864093,4481,validation,LGB002
8,0.006162838518964193,0.0069165551093261935,4482,validation,LGB002
9,0.0036163580590935105,0.004462293618920125,4482,validation,LGB002
0,0.37004357079360556,0.37438643462739846,4482,validation,LGB003
1,0.11791567043734857,0.11535029004908523,4482,validation,LGB003
2,0.06514563720975561,0.07051997322026334,4481,validation,LGB003
3,0.040927143436704484,0.037037037037037035,4482,validation,LGB003
4,0.026745704286600173,0.023878598527114485,4481,validation,LGB003
5,0.017831677070476615,0.015618027666220438,4482,validation,LGB003
6,0.012476448836817656,0.013833110218652387,4482,validation,LGB003
7,0.009265348132380512,0.008703414416424905,4481,validation,LGB003
8,0.006925597354495998,0.006247211066488175,4482,validation,LGB003
9,0.004475707230139546,0.004462293618920125,4482,validation,LGB003
0,0.36948769854435165,0.3737170905845605,4482,validation,LGB004
1,0.11824326481696237,0.11579651941097724,4482,validation,LGB004
2,0.06577947695758946,0.07230528899799152,4481,validation,LGB004
3,0.041018139210513276,0.03547523427041499,4482,validation,LGB004
4,0.026891785290343046,0.024771256415978576,4481,validation,LGB004
5,0.017724803977616384,0.01673360107095047,4482,validation,LGB004
6,0.012370671708120382,0.009817045961624275,4482,validation,LGB004
7,0.009155091710604382,0.010935059138585137,4481,validation,LGB004
8,0.006845426032951116,0.006247211066488175,4482,validation,LGB004
9,0.004355882578162661,0.004239178937974119,4482,validation,LGB004
0,0.3835960127557754,0.3697010263275324,4482,validation,LRSTACK001
1,0.10134008075674271,0.11624274877286926,4482,validation,LRSTACK001
2,0.04548360327926487,0.07319794688685562,4481,validation,LRSTACK001
3,0.02838895378046429,0.04127621597501115,4482,validation,LRSTACK001
4,0.022414252377870165,0.020977460388306182,4481,validation,LRSTACK001
5,0.01988241474872258,0.015841142347166444,4482,validation,LRSTACK001
6,0.01860092427870998,0.012048192771084338,4482,validation,LRSTACK001
7,0.017849897738951917,0.012050881499665253,4481,validation,LRSTACK001
8,0.01735879427399551,0.004016064257028112,4482,validation,LRSTACK001
9,0.016924420418208515,0.004685408299866131,4482,validation,LRSTACK001
0,0.35074966910795563,0.3726015171798304,4482,validation,NN001
1,0.1060791523312841,0.11334225792057118,4482,validation,NN001
2,0.0616322281384362,0.06739567060923901,4481,validation,NN001
3,0.037805752239287255,0.04060687193217314,4482,validation,NN001
4,0.024619761044648875,0.02432492747154653,4481,validation,NN001
5,0.017491654562465344,0.018518518518518517,4482,validation,NN001
6,0.013268094136221936,0.013386880856760375,4482,validation,NN001
7,0.010525283607836082,0.009596072305288998,4481,validation,NN001
8,0.008683941798018383,0.006024096385542169,4482,validation,NN001
9,0.0066994150494345045,0.004239178937974119,4482,validation,NN001
0,0.3424330924409509,0.3645693886657742,4482,validation,NN002
1,0.11201003386938033,0.11981258366800536,4482,validation,NN002
2,0.06689993859107894,0.06270921669270252,4481,validation,NN002
3,0.04237461906327418,0.04239178937974119,4482,validation,NN002
4,0.028542506033955323,0.02633340772149074,4481,validation,NN002
5,0.020848278759499198,0.018295403837572513,4482,validation,NN002
6,0.016165122479325625,0.014502454261490405,4482,validation,NN002
7,0.012797541987511908,0.01115822361080116,4481,validation,NN002
8,0.010175521495748517,0.0049085229808121375,4482,validation,NN002
9,0.006355355610864874,0.00535475234270415,4482,validation,NN002
0,0.38500625669434635,0.3708165997322624,4482,validation,NN003
1,0.11941532280619079,0.12025881302989737,4482,validation,NN003
2,0.065658020443555,0.06694934166480697,4481,validation,NN003
3,0.039503208053115565,0.035921463632307006,4482,validation,NN003
4,0.024268478598483124,0.023209105110466415,4481,validation,NN003
5,0.01606806639247539,0.01740294511378849,4482,validation,NN003
6,0.011567182849259883,0.0142793395805444,4482,validation,NN003
7,0.009022790900860542,0.010265565721937068,4481,validation,NN003
8,0.007366660110734733,0.007362784471218206,4482,validation,NN003
9,0.005601735168882101,0.0035698348951361,4482,validation,NN003
0,0.3598802277788121,0.3697010263275324,4482,validation,NN004
1,0.11253923553363195,0.11244979919678715,4482,validation,NN004
2,0.06918179451649312,0.06784199955367105,4481,validation,NN004
3,0.04277386564143804,0.04216867469879518,4482,validation,NN004
4,0.02733621878575916,0.025440749832626647,4481,validation,NN004
5,0.018994116355692373,0.015841142347166444,4482,validation,NN004
6,0.014329831328926764,0.015394912985274432,4482,validation,NN004
7,0.011291838220281951,0.00892657888864093,4481,validation,NN004
8,0.008897249585793139,0.006247211066488175,4482,validation,NN004
9,0.006159365948415971,0.006024096385542169,4482,validation,NN004
0,0.3063200908497348,0.3431503792949576,4482,validation,NN005
1,0.1305479349659591,0.11044176706827309,4482,validation,NN005
2,0.0846454028527185,0.07051997322026334,4481,validation,NN005
3,0.05195080196010264,0.047077197679607316,4482,validation,NN005
4,0.033916508465747175,0.03392099977683553,4481,validation,NN005
5,0.023916754764328387,0.024096385542168676,4482,validation,NN005
6,0.017838103803127735,0.014502454261490405,4482,validation,NN005
7,0.013528315642817965,0.011604552555233207,4481,validation,NN005
8,0.009805433055217387,0.0071396697902722,4482,validation,NN005
9,0.00512093890857298,0.007585899152164213,4482,validation,NN005
0,0.35413068867792513,0.36947791164658633,4482,validation,NN006
1,0.11015983560181514,0.11535029004908523,4482,validation,NN006
2,0.06480028620548814,0.06672617719259094,4481,validation,NN006
3,0.040271821391967506,0.041499330655957165,4482,validation,NN006
4,0.02620523808725299,0.025887078777058693,4481,validation,NN006
5,0.01861222733230728,0.018072289156626505,4482,validation,NN006
6,0.014147326561879966,0.013386880856760375,4482,validation,NN006
7,0.011239628838812368,0.009149743360856952,4481,validation,NN006
8,0.00907895605743942,0.006024096385542169,4482,validation,NN006
9,0.0061767372417782605,0.004462293618920125,4482,validation,NN006
0,0.3583804126612655,0.37014725568942436,4482,validation,NN007
1,0.11554097149859213,0.11914323962516733,4482,validation,NN007
2,0.06518330017655552,0.06694934166480697,4481,validation,NN007
3,0.039181863914881626,0.0392681838464971,4482,validation,NN007
4,0.02456930867625308,0.020531131443874136,4481,validation,NN007
5,0.01699062921866049,0.022980812137438644,4482,validation,NN007
6,0.012535132315210645,0.009817045961624275,4482,validation,NN007
7,0.009683982833565152,0.010711894666369114,4481,validation,NN007
8,0.0076373295392153885,0.006024096385542169,4482,validation,NN007
9,0.00571409121780631,0.004462293618920125,4482,validation,NN007
0,0.33242505998847866,0.37014725568942436,4482,validation,NN008
1,0.10080232631608677,0.11981258366800536,4482,validation,NN008
2,0.056653336336315516,0.06739567060923901,4481,validation,NN008
3,0.03356035907648422,0.03748326639892905,4482,validation,NN008
4,0.02053094477280508,0.024771256415978576,4481,validation,NN008
5,0.013607141347139404,0.01717983043284248,4482,validation,NN008
6,0.01005910782436535,0.013609995537706381,4482,validation,NN008
7,0.0079371719810085,0.009372907833072975,4481,validation,NN008
8,0.0064274927407750905,0.006470325747434181,4482,validation,NN008
9,0.004810497400752559,0.0037929495760821064,4482,validation,NN008
0,0.3624704603888218,0.36702365015618027,4482,validation,NN009
1,0.11962971512072196,0.12382864792503347,4482,validation,NN009
2,0.07053634923474193,0.0691809863869672,4481,validation,NN009
3,0.04464334634183344,0.034582775546630966,4482,validation,NN009
4,0.027752049544721852,0.02276277616603437,4481,validation,NN009
5,0.01769604800396044,0.01896474788041053,4482,validation,NN009
6,0.01224335117884644,0.0142793395805444,4482,validation,NN009
7,0.008681044131940032,0.00892657888864093,4481,validation,NN009
8,0.006013209392928674,0.006247211066488175,4482,validation,NN009
9,0.0039259208808032275,0.004239178937974119,4482,validation,NN009
0,0.38802004886464586,0.3645693886657742,4482,validation,NN010
1,0.13451548247122197,0.12248995983935743,4482,validation,NN010
2,0.0757959793155354,0.0662798482481589,4481,validation,NN010
3,0.04953114393946915,0.036590807675145026,4482,validation,NN010
4,0.034307857816292836,0.025440749832626647,4481,validation,NN010
5,0.02474422675128785,0.020749665327978582,4482,validation,NN010
6,0.01868442918933093,0.011155734047300312,4482,validation,NN010
7,0.01483771358917074,0.012050881499665253,4481,validation,NN010
8,0.011916494831652058,0.006470325747434181,4482,validation,NN010
9,0.009009529090420899,0.004239178937974119,4482,validation,NN010
0,0.3423930230834878,0.3639000446229362,4482,validation,NN011
1,0.11337147527009811,0.12048192771084337,4482,validation,NN011
2,0.06768878887712478,0.060923900914974335,4481,validation,NN011
3,0.0428500520145099,0.04462293618920125,4482,validation,NN011
4,0.029014565828222816,0.025217585360410622,4481,validation,NN011
5,0.021300633406590143,0.01963409192324855,4482,validation,NN011
6,0.016528041515959352,0.0142793395805444,4482,validation,NN011
7,0.013094820153587646,0.010488730194153091,4481,validation,NN011
8,0.010361272297876607,0.005131637661758144,4482,validation,NN011
9,0.0064050143000633246,0.00535475234270415,4482,validation,NN011
0,0.374563681920822,0.3674698795180723,4482,validation,NN012
1,0.12634550596129657,0.11758143685854529,4482,validation,NN012
2,0.07396308042239212,0.06315554563713457,4481,validation,NN012
3,0.0454148209486525,0.04105310129406515,4482,validation,NN012
4,0.0299148592874181,0.02633340772149074,4481,validation,NN012
5,0.021303636707584686,0.01963409192324855,4482,validation,NN012
6,0.016076186469424682,0.013386880856760375,4482,validation,NN012
7,0.01227632949847051,0.010935059138585137,4481,validation,NN012
8,0.009419914791333575,0.005577867023650156,4482,validation,NN012
9,0.006638015306367083,0.0049085229808121375,4482,validation,NN012
0,0.34716234063497087,0.36635430611334224,4482,validation,NN013
1,0.10932817604218122,0.1213743864346274,4482,validation,NN013
2,0.06453861881967383,0.06181655880383843,4481,validation,NN013
3,0.04038207080272944,0.04194556001784917,4482,validation,NN013
4,0.026915463543511903,0.024771256415978576,4481,validation,NN013
5,0.019443811482537814,0.020080321285140562,4482,validation,NN013
6,0.015099884902723104,0.012271307452030344,4482,validation,NN013
7,0.012023907982334093,0.012274045971881276,4481,validation,NN013
8,0.00975675162281518,0.004685408299866131,4482,validation,NN013
9,0.007102226831100433,0.004462293618920125,4482,validation,NN013
0,0.3548255856016049,0.3710397144132084,4482,validation,NN014
1,0.11049947188346274,0.10910307898259705,4482,validation,NN014
2,0.06757707521046967,0.07051997322026334,4481,validation,NN014
3,0.040956989072111545,0.03859883980365908,4482,validation,NN014
4,0.02560827227210163,0.02432492747154653,4481,validation,NN014
5,0.018755229085368634,0.01896474788041053,4482,validation,NN014
6,0.014337079231340037,0.012940651494868362,4482,validation,NN014
7,0.011293852078608162,0.010042401249721044,4481,validation,NN014
8,0.008852425247452706,0.008478357875948238,4482,validation,NN014
9,0.00741427410194895,0.006024096385542169,4482,validation,NN014
0,0.3818093034359262,0.37037037037037035,4482,validation,NN015
1,0.12362787483945183,0.11133422579205712,4482,validation,NN015
2,0.07588525546097732,0.06999105545617174,4472,validation,NN015
3,0.047608899769985724,0.03852148741928301,4491,validation,NN015
4,0.029847071532842613,0.024101762999330506,4481,validation,NN015
5,0.019965585257592452,0.018741633199464525,4482,validation,NN015
6,0.015142866848656669,0.011378848728246318,4482,validation,NN015
7,0.01180048003714448,0.011604552555233207,4481,validation,NN015
8,0.008938807165484206,0.008135593220338983,4425,validation,NN015
9,0.007218648691684205,0.005948446794448116,4539,validation,NN015
0,0.3708418747495438,0.36813922356091033,4482,validation,NN016
1,0.12279717546261504,0.10887996430165105,4482,validation,NN016
2,0.07490958881430762,0.07297478241463959,4481,validation,NN016
3,0.04608603867601005,0.03993752788933512,4482,validation,NN016
4,0.030169482488446375,0.02767239455478688,4481,validation,NN016
5,0.021794181831041926,0.016287371709058456,4482,validation,NN016
6,0.01713431111122412,0.013833110218652387,4482,validation,NN016
7,0.013905939424855213,0.008480249944208882,4481,validation,NN016
8,0.011254589961692658,0.007809013833110219,4482,validation,NN016
9,0.008111418821347952,0.006024096385542169,4482,validation,NN016
0,0.34720982014850177,0.36925479696564034,4482,validation,NN017
1,0.11425975453754843,0.11178045515394913,4482,validation,NN017
2,0.0711567762210168,0.06694934166480697,4481,validation,NN017
3,0.04466241868222077,0.04239178937974119,4482,validation,NN017
4,0.028981419710033374,0.026556572193706763,4481,validation,NN017
5,0.019564030025250388,0.01717983043284248,4482,validation,NN017
6,0.014173082137420015,0.013163766175814369,4482,validation,NN017
7,0.010283399634866453,0.01115822361080116,4481,validation,NN017
8,0.0070096995208688935,0.006470325747434181,4482,validation,NN017
9,0.004108972565202495,0.005131637661758144,4482,validation,NN017
0,0.3584492508311572,0.37215528781793844,4482,validation,NN018
1,0.10925340342852062,0.11847389558232932,4482,validation,NN018
2,0.06300135847542443,0.06494086141486276,4481,validation,NN018
3,0.04013348375020914,0.03815261044176707,4482,validation,NN018
4,0.02514201371157389,0.025887078777058693,4481,validation,NN018
5,0.016639951458499298,0.01896474788041053,4482,validation,NN018
6,0.012120661324262231,0.012940651494868362,4482,validation,NN018
7,0.009176525885615537,0.008480249944208882,4481,validation,NN018
8,0.007030828472789271,0.006024096385542169,4482,validation,NN018
9,0.004781217524403521,0.004016064257028112,4482,validation,NN018
0,0.37874264905142113,0.37134568176746263,4481,validation,NN019
1,0.12929521809289177,0.12090118224403301,4483,validation,NN019
2,0.07391239337091711,0.06694934166480697,4481,validation,NN019
3,0.04469641309786961,0.034582775546630966,4482,validation,NN019
4,0.028376980043742773,0.0249944208881946,4481,validation,NN019
5,0.019216936288719753,0.01740294511378849,4482,validation,NN019
6,0.014182091703996617,0.013609995537706381,4482,validation,NN019
7,0.011256669493049433,0.00892657888864093,4481,validation,NN019
8,0.009156821273939526,0.007809013833110219,4482,validation,NN019
9,0.0070370693719818,0.0035698348951361,4482,validation,NN019
0,0.372337859066139,0.36702365015618027,4482,validation,NNSTACK001
1,0.10353936448989048,0.12025881302989737,4482,validation,NNSTACK001
2,0.04595602603306471,0.07208212452577549,4481,validation,NNSTACK001
3,0.027547063641971507,0.03971441320838911,4482,validation,NNSTACK001
4,0.020993332096153224,0.021200624860522203,4481,validation,NNSTACK001
5,0.018364980856364062,0.017626059794734493,4482,validation,NNSTACK001
6,0.017045418124590265,0.011601963409192326,4482,validation,NNSTACK001
7,0.016256076841059872,0.010935059138585137,4481,validation,NNSTACK001
8,0.01571681843438281,0.00535475234270415,4482,validation,NNSTACK001
9,0.015246842202425847,0.004239178937974119,4482,validation,NNSTACK001
0,0.93369819674082,0.357652833556448,4482,validation,RASTACK001
1,0.835921929045738,0.12070504239178938,4482,validation,RASTACK001
2,0.7415221747417404,0.06962731533139924,4481,validation,RASTACK001
3,0.6441042122913712,0.043284248103525214,4482,validation,RASTACK001
4,0.5418037029701739,0.029011381388083016,4481,validation,RASTACK001
5,0.443374880632874,0.01717983043284248,4482,validation,RASTACK001
6,0.35576406120822723,0.012048192771084338,4482,validation,RASTACK001
7,0.2643576584973292,0.009596072305288998,4481,validation,RASTACK001
8,0.16457781321516163,0.006024096385542169,4482,validation,RASTACK001
9,0.07499756689400494,0.0049085229808121375,4482,validation,RASTACK001
0,0.30490575713172396,0.3674698795180723,4482,validation,RF001
1,0.11932521314229465,0.11044176706827309,4482,validation,RF001
2,0.08023674563788245,0.06962731533139924,4481,validation,RF001
3,0.04594609042113628,0.04573850959393128,4482,validation,RF001
4,0.030287484592761524,0.024101762999330506,4481,validation,RF001
5,0.024169279857820195,0.019011406844106463,4471,validation,RF001
6,0.022480334406589413,0.00890273759180948,4493,validation,RF001
7,0.017815772181884144,0.01316670386074537,4481,validation,RF001
8,0.014330716790780459,0.007809013833110219,4482,validation,RF001
9,0.01293187785528964,0.0037929495760821064,4482,validation,RF001
0,0.32600196112117036,0.37037037037037035,4482,validation,RF002
1,0.11888966453274491,0.11869701026327532,4482,validation,RF002
2,0.07747107604418384,0.06404820352599866,4481,validation,RF002
3,0.04670641588405286,0.04105310129406515,4482,validation,RF002
4,0.029702980482564957,0.024771256415978576,4481,validation,RF002
5,0.021037323443411568,0.016956715751896476,4482,validation,RF002
6,0.01759884955667168,0.0107095046854083,4482,validation,RF002
7,0.014670773446821756,0.01115822361080116,4481,validation,RF002
8,0.010830299980049125,0.008257085471992859,4481,validation,RF002
9,0.008525980006156186,0.004015168414008476,4483,validation,RF002
0,0.3347323023763435,0.36947791164658633,4482,validation,RF003
1,0.12361225390050551,0.12115127175368139,4482,validation,RF003
2,0.07629762461730567,0.06940415085918322,4481,validation,RF003
3,0.047274363381948015,0.03413654618473896,4482,validation,RF003
4,0.02966267193358142,0.026556572193706763,4481,validation,RF003
5,0.019860045939380823,0.01673360107095047,4482,validation,RF003
6,0.014520743038567476,0.012048192771084338,4482,validation,RF003
7,0.011365561738159216,0.009149743360856952,4481,validation,RF003
8,0.00839065313520834,0.007809013833110219,4482,validation,RF003
9,0.005376767207604096,0.0035698348951361,4482,validation,RF003
0,0.31622608816456177,0.3683623382418563,4482,validation,RF004
1,0.12189786154023748,0.12025881302989737,4482,validation,RF004
2,0.08030822842961616,0.06270921669270252,4481,validation,RF004
3,0.04862017057190097,0.0428380187416332,4482,validation,RF004
4,0.030624311403850163,0.02432492747154653,4481,validation,RF004
5,0.021692520718841878,0.01717983043284248,4482,validation,RF004
6,0.01786412825045523,0.011601963409192326,4482,validation,RF004
7,0.014971278757759051,0.011381388083017184,4481,validation,RF004
8,0.010913754844580093,0.007362784471218206,4482,validation,RF004
9,0.008355300218678524,0.004016064257028112,4482,validation,RF004
0,0.8469566695266919,0.36590807675145026,4482,validation,RF005
1,0.6184274668368108,0.12271307452030343,4482,validation,RF005
2,0.512818885333456,0.06761883508145504,4481,validation,RF005
3,0.38487945862970707,0.03614457831325301,4482,validation,RF005
4,0.2762720094020115,0.024771256415978576,4481,validation,RF005
5,0.18920111076062932,0.018072289156626505,4482,validation,RF005
6,0.15617169172024528,0.011825078090138332,4482,validation,RF005
7,0.13211742379563943,0.010935059138585137,4481,validation,RF005
8,0.10210242960291004,0.007585899152164213,4482,validation,RF005
9,0.08056565739256724,0.004462293618920125,4482,validation,RF005
3,0.3613759903907031,0.3739402052655065,4482,validation,RFSTACK001
4,0.11254985532745494,0.11713520749665328,4482,validation,RFSTACK001
5,0.06754439296118837,0.06806516402588708,4481,validation,RFSTACK001
6,0.04220009686195691,0.037037037037037035,4482,validation,RFSTACK001
7,0.022837024045950994,0.02432492747154653,4481,validation,RFSTACK001
8,0.01446752445493462,0.01644586569209685,4378,validation,RFSTACK001
9,0.012778724340314039,0.008319006156064556,18031,validation,RFSTACK001
0,0.375034646459209,0.3717090584560464,4482,validation,RIDGESTACK001
1,0.10486850575793122,0.11267291387773315,4482,validation,RIDGESTACK001
2,0.04648709416405226,0.07431376924793573,4481,validation,RIDGESTACK001
3,0.029203609553406,0.03993752788933512,4482,validation,RIDGESTACK001
4,0.023316000713161908,0.0220932827493863,4481,validation,RIDGESTACK001
5,0.02083081185050834,0.01651048639000446,4482,validation,RIDGESTACK001
6,0.0195967998414853,0.011825078090138332,4482,validation,RIDGESTACK001
7,0.01887925153161435,0.010711894666369114,4481,validation,RIDGESTACK001
8,0.018404525786218796,0.006693440428380187,4482,validation,RIDGESTACK001
9,0.018025470419374686,0.0035698348951361,4482,validation,RIDGESTACK001
0,0.2538451043138923,0.2739848282016957,4482,validation,RLOG001
1,0.15018952941192024,0.1390004462293619,4482,validation,RLOG001
2,0.08793402213865119,0.08279401919214462,4481,validation,RLOG001
3,0.05295916931652974,0.05533244087460955,4482,validation,RLOG001
4,0.03645615242062506,0.03816112474893997,4481,validation,RLOG001
5,0.027940209504875267,0.028335564480142794,4482,validation,RLOG001
6,0.023250282458136966,0.01717983043284248,4482,validation,RLOG001
7,0.019811210030808404,0.01316670386074537,4481,validation,RLOG001
8,0.0163319892476282,0.012048192771084338,4482,validation,RLOG001
9,0.01182802820257546,0.010040160642570281,4482,validation,RLOG001
0,0.2718529963740167,0.28357875948237393,4482,validation,RLOG002
1,0.14243911984326071,0.1278447121820616,4482,validation,RLOG002
2,0.0836208426184017,0.08681097969203302,4481,validation,RLOG002
3,0.0504111862932982,0.05310129406514949,4482,validation,RLOG002
4,0.03456308661365673,0.03905378263780406,4481,validation,RLOG002
5,0.026283532041718558,0.027889335118250782,4482,validation,RLOG002
6,0.021352853238576594,0.01717983043284248,4482,validation,RLOG002
7,0.017737974921997787,0.00981923677750502,4481,validation,RLOG002
8,0.01426055124009128,0.012048192771084338,4482,validation,RLOG002
9,0.009861539734057649,0.012717536813922356,4482,validation,RLOG002
0,0.2741856883004698,0.285586791610888,4482,validation,RLOG003
1,0.14169602719741256,0.1253904506916555,4482,validation,RLOG003
2,0.08303264357992599,0.0874804731086811,4481,validation,RLOG003
3,0.05014314640369848,0.05310129406514949,4482,validation,RLOG003
4,0.034416575484469206,0.03838428922115599,4481,validation,RLOG003
5,0.026174177775282723,0.02744310575635877,4482,validation,RLOG003
6,0.021198836274726348,0.01717983043284248,4482,validation,RLOG003
7,0.017531934957922143,0.010488730194153091,4481,validation,RLOG003
8,0.013981792882292792,0.011601963409192326,4482,validation,RLOG003
9,0.009391406047287883,0.013386880856760375,4482,validation,RLOG003
0,0.27442271781367644,0.28603302097278,4482,validation,RLOG004
1,0.1416380152953826,0.1249442213297635,4482,validation,RLOG004
2,0.08296597126395189,0.0874804731086811,4481,validation,RLOG004
3,0.050114413036588326,0.05287817938420348,4482,validation,RLOG004
4,0.03440569193742875,0.03838428922115599,4481,validation,RLOG004
5,0.026167772249962418,0.02744310575635877,4482,validation,RLOG004
6,0.021189381798506903,0.016956715751896476,4482,validation,RLOG004
7,0.017517829814428686,0.01115822361080116,4481,validation,RLOG004
8,0.01395286947910808,0.011378848728246318,4482,validation,RLOG004
9,0.009325267356010011,0.013386880856760375,4482,validation,RLOG004
0,0.258720484844367,0.27710843373493976,4482,validation,RLOG005
1,0.15238170030209983,0.13409192324854977,4482,validation,RLOG005
2,0.09191130325558672,0.08591832180316894,4481,validation,RLOG005
3,0.056159857670959205,0.055109326193663544,4482,validation,RLOG005
4,0.03861539737304848,0.03860745369337201,4481,validation,RLOG005
5,0.0295250288479261,0.02677376171352075,4482,validation,RLOG005
6,0.02424791295933736,0.01717983043284248,4482,validation,RLOG005
7,0.02039366625727362,0.013389868332961392,4481,validation,RLOG005
8,0.01670139609471633,0.011601963409192326,4482,validation,RLOG005
9,0.01203751782670012,0.010263275323516287,4482,validation,RLOG005
0,0.27118117197507396,0.28402498884426597,4482,validation,RLOG006
1,0.14351507474927505,0.12605979473449352,4482,validation,RLOG006
2,0.0844183989476333,0.0883731309975452,4481,validation,RLOG006
3,0.05093286499364176,0.052655064703257475,4482,validation,RLOG006
4,0.03486760720809649,0.03972327605445213,4481,validation,RLOG006
5,0.026484370991392208,0.027889335118250782,4482,validation,RLOG006
6,0.02147143083715515,0.01673360107095047,4482,validation,RLOG006
7,0.01781358787906679,0.00981923677750502,4481,validation,RLOG006
8,0.014257804529574428,0.012271307452030344,4482,validation,RLOG006
9,0.00967044631158258,0.01249442213297635,4482,validation,RLOG006
0,0.27406846528064255,0.28536367692994197,4482,validation,RLOG007
1,0.14184621334024003,0.12561356537260152,4482,validation,RLOG007
2,0.08312008715164712,0.0874804731086811,4481,validation,RLOG007
3,0.050199803043358755,0.05310129406514949,4482,validation,RLOG007
4,0.03445069590710016,0.03838428922115599,4481,validation,RLOG007
5,0.026196610567282418,0.02744310575635877,4482,validation,RLOG007
6,0.021216288814430963,0.01673360107095047,4482,validation,RLOG007
7,0.01754676016693666,0.01115822361080116,4481,validation,RLOG007
8,0.013982234040635056,0.011825078090138332,4482,validation,RLOG007
9,0.009357279578103003,0.012940651494868362,4482,validation,RLOG007
0,0.2744229705144466,0.28625613565372604,4482,validation,RLOG008
1,0.14164635442165127,0.1247211066488175,4482,validation,RLOG008
2,0.08296753274173913,0.0874804731086811,4481,validation,RLOG008
3,0.05011718887839981,0.05287817938420348,4482,validation,RLOG008
4,0.03440983512998506,0.03860745369337201,4481,validation,RLOG008
5,0.026172146668190496,0.027219991075412762,4482,validation,RLOG008
6,0.021193179609409186,0.016956715751896476,4482,validation,RLOG008
7,0.017520526810534204,0.010935059138585137,4481,validation,RLOG008
8,0.01395347332747601,0.011601963409192326,4482,validation,RLOG008
9,0.009320964995952185,0.013386880856760375,4482,validation,RLOG008
8,0.36037689290208186,0.3545108005082592,3935,validation,T001
9,0.03915407252417693,0.03933271366371508,40882,validation,T001
5,0.39037080219832093,0.3853116110680114,3867,validation,T002
6,0.14172700881542047,0.15244596131968147,2637,validation,T002
7,0.0908752674169844,0.08839897260273973,4672,validation,T002
8,0.05288844578539904,0.05414171656686627,4008,validation,T002
9,0.01677212009488145,0.016231903620963117,29633,validation,T002
4,0.37664536336852145,0.3663020712124738,4297,validation,T003
5,0.12355335563097032,0.13602275665890873,3867,validation,T003
6,0.07170457286407424,0.07280470492800649,4931,validation,T003
7,0.04725281159418173,0.03880914407230197,3762,validation,T003
8,0.03168777042319296,0.0297723292469352,3426,validation,T003
9,0.011450238831196351,0.01206488954104508,24534,validation,T003
5,0.3836521916165144,0.37789072426937736,3935,validation,T004
6,0.14661677699623274,0.16254125412541254,2424,validation,T004
7,0.09065573019664226,0.08802159020137015,4817,validation,T004
8,0.05288844578539904,0.05414171656686627,4008,validation,T004
9,0.01677212009488145,0.016231903620963117,29633,validation,T004
4,0.36349527969545026,0.35667934660997985,4469,validation,T005
5,0.11917571799755229,0.12968369829683699,4110,validation,T005
6,0.07371595383551216,0.06721974048074877,4701,validation,T005
7,0.04879886754757658,0.048102981029810296,2952,validation,T005
8,0.031084846200725463,0.030116020735620835,4051,validation,T005
9,0.011450238831196351,0.01206488954104508,24534,validation,T005
5,0.8739346808948087,0.36645068394528435,4167,validation,T006
6,0.6884894778580188,0.15543151567196223,2329,validation,T006
7,0.5619252195653015,0.08344392833443928,6028,validation,T006
8,0.4180471662886633,0.04767609008145664,4174,validation,T006
9,0.16896376371067612,0.014652014652014652,28119,validation,T006
3,0.8721978646147756,0.3645833333333333,4320,validation,T007
4,0.687196724859569,0.15303308823529413,2176,validation,T007
5,0.5611061559615832,0.08423505909771933,6007,validation,T007
6,0.40318650688104124,0.04275092936802974,4304,validation,T007
7,0.28517071405460287,0.025774118489350278,5587,validation,T007
8,0.1830731905154668,0.03296703296703297,182,validation,T007
9,0.1255088516978537,0.011465311811519266,22241,validation,T007
0,0.46074953432033566,0.36702365015618027,4482,validation,WASTACK001
1,0.18732990716263032,0.11758143685854529,4482,validation,WASTACK001
2,0.09613613860342923,0.07141263110912743,4481,validation,WASTACK001
3,0.05128176975281326,0.03971441320838911,4482,validation,WASTACK001
4,0.02991339674808233,0.023878598527114485,4481,validation,WASTACK001
5,0.0199607770035503,0.01717983043284248,4482,validation,WASTACK001
6,0.014543929684523876,0.01249442213297635,4482,validation,WASTACK001
7,0.011015680003948293,0.010042401249721044,4481,validation,WASTACK001
8,0.00836161365323702,0.006024096385542169,4482,validation,WASTACK001
9,0.006159184463256108,0.004685408299866131,4482,validation,WASTACK001
0,0.4630952266829187,0.3665774207942883,4482,validation,WASTACK002
1,0.1875244201999543,0.11802766622043731,4482,validation,WASTACK002
2,0.09598918150989798,0.07163579558134345,4481,validation,WASTACK002
3,0.05117842767276111,0.039491298527443104,4482,validation,WASTACK002
4,0.02984690516309815,0.023878598527114485,4481,validation,WASTACK002
5,0.01990594434802468,0.01717983043284248,4482,validation,WASTACK002
6,0.014495974321768109,0.01249442213297635,4482,validation,WASTACK002
7,0.01097375516945912,0.010042401249721044,4481,validation,WASTACK002
8,0.00832651362160433,0.006024096385542169,4482,validation,WASTACK002
9,0.0061320643816108675,0.004685408299866131,4482,validation,WASTACK002
0,0.3606133878485871,0.36992414100847837,4482,validation,WASTACK003
1,0.13879256781400875,0.11601963409192324,4482,validation,WASTACK003
2,0.0808201317460014,0.0691809863869672,4481,validation,WASTACK003
3,0.04736449086314657,0.03971441320838911,4482,validation,WASTACK003
4,0.02899826299617907,0.025887078777058693,4481,validation,WASTACK003
5,0.02051344499547733,0.01740294511378849,4482,validation,WASTACK003
6,0.015828218249287086,0.011155734047300312,4482,validation,WASTACK003
7,0.012584194883845368,0.00892657888864093,4481,validation,WASTACK003
8,0.009870922385893967,0.0071396697902722,4482,validation,WASTACK003
9,0.007474126267452227,0.004685408299866131,4482,validation,WASTACK003
0,0.36683329972727735,0.3757251227130745,4482,validation,WASTACK004
1,0.11362945298023512,0.11780455153949129,4482,validation,WASTACK004
2,0.06535903489011839,0.06895782191475117,4481,validation,WASTACK004
3,0.041096801280359925,0.034582775546630966,4482,validation,WASTACK004
4,0.026433742880284973,0.02365543405489846,4481,validation,WASTACK004
5,0.018272030490324196,0.016287371709058456,4482,validation,WASTACK004
6,0.013883581412711185,0.012717536813922356,4482,validation,WASTACK004
7,0.010938223151356731,0.010711894666369114,4481,validation,WASTACK004
8,0.0084535690816677,0.005131637661758144,4482,validation,WASTACK004
9,0.006302586862529087,0.004462293618920125,4482,validation,WASTACK004
0,0.9766435724821878,0.34783578759482375,4482,validation,WGNB001
1,0.13264622734132353,0.13198684828558008,4258,validation,WGNB001
2,0.015486571433220459,0.06846693599829896,4703,validation,WGNB001
3,0.005120502801767398,0.04375,4480,validation,WGNB001
4,0.0023370470097503287,0.023889260995757982,4479,validation,WGNB001
5,0.0012647111989564708,0.016234498308906425,4435,validation,WGNB001
6,0.0007141771111760187,0.013242109909512249,4531,validation,WGNB001
7,0.00034916615473458456,0.01215317587709241,4361,validation,WGNB001
8,0.00014078710589284846,0.006528835690968444,4595,validation,WGNB001
9,3.319854861266818e-05,0.009347874471399956,4493,validation,WGNB001
0,0.9766435734541578,0.34783578759482375,4482,validation,WGNB002
1,0.13264623426810765,0.13198684828558008,4258,validation,WGNB002
2,0.015486572525093582,0.06846693599829896,4703,validation,WGNB002
3,0.005120503127130063,0.04375,4480,validation,WGNB002
4,0.002337047140977012,0.023889260995757982,4479,validation,WGNB002
5,0.001264711266104135,0.016234498308906425,4435,validation,WGNB002
6,0.0007141771392335906,0.013242109909512249,4531,validation,WGNB002
7,0.00034916615248421637,0.01215317587709241,4361,validation,WGNB002
8,0.00014078709988330656,0.006528835690968444,4595,validation,WGNB002
9,3.319854573010957e-05,0.009347874471399956,4493,validation,WGNB002
0,0.9766435734454013,0.34783578759482375,4482,validation,WGNB003
1,0.13264623420570407,0.13198684828558008,4258,validation,WGNB003
2,0.015486572515256862,0.06846693599829896,4703,validation,WGNB003
3,0.005120503124198867,0.04375,4480,validation,WGNB003
4,0.0023370471397947895,0.023889260995757982,4479,validation,WGNB003
5,0.0012647112654992053,0.016234498308906425,4435,validation,WGNB003
6,0.0007141771389808265,0.013242109909512249,4531,validation,WGNB003
7,0.0003491661525044889,0.01215317587709241,4361,validation,WGNB003
8,0.00014078709993744522,0.006528835690968444,4595,validation,WGNB003
9,3.319854575607857e-05,0.009347874471399956,4493,validation,WGNB003
0,0.9766435733578364,0.34783578759482375,4482,validation,WGNB004
1,0.13264623358166916,0.13198684828558008,4258,validation,WGNB004
2,0.015486572416889832,0.06846693599829896,4703,validation,WGNB004
3,0.0051205030948868946,0.04375,4480,validation,WGNB004
4,0.002337047127972558,0.023889260995757982,4479,validation,WGNB004
5,0.001264711259449859,0.016234498308906425,4435,validation,WGNB004
6,0.0007141771364531119,0.013242109909512249,4531,validation,WGNB004
7,0.00034916615270722445,0.01215317587709241,4361,validation,WGNB004
8,0.00014078710047884358,0.006528835690968444,4595,validation,WGNB004
9,3.319854601576843e-05,0.009347874471399956,4493,validation,WGNB004
0,0.9766435724821878,0.34783578759482375,4482,validation,WGNB005
1,0.13264622734132353,0.13198684828558008,4258,validation,WGNB005
2,0.015486571433220459,0.06846693599829896,4703,validation,WGNB005
3,0.005120502801767398,0.04375,4480,validation,WGNB005
4,0.0023370470097503287,0.023889260995757982,4479,validation,WGNB005
5,0.0012647111989564708,0.016234498308906425,4435,validation,WGNB005
6,0.0007141771111760187,0.013242109909512249,4531,validation,WGNB005
7,0.00034916615473458456,0.01215317587709241,4361,validation,WGNB005
8,0.00014078710589284846,0.006528835690968444,4595,validation,WGNB005
9,3.319854861266818e-05,0.009347874471399956,4493,validation,WGNB005
0,0.9766435637255884,0.34783578759482375,4482,validation,WGNB006
1,0.13264616493816692,0.13198684828558008,4258,validation,WGNB006
2,0.015486561596620511,0.06846693599829896,4703,validation,WGNB006
3,0.005120499870589322,0.04375,4480,validation,WGNB006
4,0.0023370458275349688,0.023889260995757982,4479,validation,WGNB006
5,0.0012647105940271832,0.016234498308906425,4435,validation,WGNB006
6,0.0007141768584074301,0.013242109909512249,4531,validation,WGNB006
7,0.00034916617500896813,0.01215317587709241,4361,validation,WGNB006
8,0.00014078716003330935,0.006528835690968444,4595,validation,WGNB006
9,3.319857458180869e-05,0.009347874471399956,4493,validation,WGNB006
0,0.9766434761483715,0.34783578759482375,4482,validation,WGNB007
1,0.13264554093671427,0.13198684828558008,4258,validation,WGNB007
2,0.01548646324002945,0.06846693599829896,4703,validation,WGNB007
3,0.005120470560507597,0.04375,4480,validation,WGNB007
4,0.00233703400607621,0.023889260995757982,4479,validation,WGNB007
5,0.0012647045452002987,0.016234498308906425,4435,validation,WGNB007
6,0.0007141743309565397,0.013242109909512249,4531,validation,WGNB007
7,0.0003491663778304236,0.01215317587709241,4361,validation,WGNB007
8,0.00014078770147319883,0.006528835690968444,4595,validation,WGNB007
9,3.319883428757363e-05,0.009347874471399956,4493,validation,WGNB007
0,0.9766425992559463,0.34783578759482375,4482,validation,WGNB008
1,0.1326393039294998,0.13198684828558008,4258,validation,WGNB008
2,0.015485480615488281,0.06846693599829896,4703,validation,WGNB008
3,0.005120177629628087,0.04375,4480,validation,WGNB008
4,0.002336915860982136,0.023889260995757982,4479,validation,WGNB008
5,0.0012646441035467275,0.016234498308906425,4435,validation,WGNB008
6,0.0007141490799549235,0.013242109909512249,4531,validation,WGNB008
7,0.0003491372822640571,0.012150389729481889,4362,validation,WGNB008
8,0.00014077732066009578,0.006530256856769699,4594,validation,WGNB008
9,3.320143278265234e-05,0.009347874471399956,4493,validation,WGNB008
0,0.9766337202215026,0.34783578759482375,4482,validation,WGNB009
1,0.13252731153642283,0.1323943661971831,4260,validation,WGNB009
2,0.015471165347730196,0.06807062327164433,4701,validation,WGNB009
3,0.005117265349691709,0.04375,4480,validation,WGNB009
4,0.0023355997163608828,0.02388392857142857,4480,validation,WGNB009
5,0.0012638728369924028,0.016234498308906425,4435,validation,WGNB009
6,0.0007138489244577962,0.013245033112582781,4530,validation,WGNB009
7,0.00034916123021126825,0.012150389729481889,4362,validation,WGNB009
8,0.0001408291954045871,0.006530256856769699,4594,validation,WGNB009
9,3.322757399803353e-05,0.009347874471399956,4493,validation,WGNB009
0,0.9765540025346482,0.34783578759482375,4482,validation,WGNB010
1,0.13181203664745347,0.13294255568581478,4265,validation,WGNB010
2,0.015355655449589473,0.06753302087771623,4694,validation,WGNB010
3,0.005090530889595705,0.04394378764220388,4483,validation,WGNB010
4,0.0023243642111066493,0.02388392857142857,4480,validation,WGNB010
5,0.0012578638674929203,0.015998197386210004,4438,validation,WGNB010
6,0.0007119668213908577,0.01309074772575993,4507,validation,WGNB010
7,0.0003467043716984999,0.012689225289403383,4492,validation,WGNB010
8,0.00013945965967774665,0.006683002895967922,4489,validation,WGNB010
9,3.3431844833135625e-05,0.00869177624247827,4487,validation,WGNB010
2,0.8817996828107302,0.3616359722554413,4181,validation,WGNB011
3,0.11710373132795888,0.13256032591664055,3191,validation,WGNB011
4,0.028112889529346378,0.08439218661103735,5273,validation,WGNB011
5,0.012920075128150072,0.04890247290914143,3599,validation,WGNB011
6,0.0066159268505833,0.032655246252676656,3736,validation,WGNB011
7,0.0036028505675384,0.021068312406895082,4699,validation,WGNB011
8,0.003125791561463,0.014925373134328358,2747,validation,WGNB011
9,0.0017218710291013208,0.010637686159507791,17391,validation,WGNB011
0,0.9763604801331022,0.3475033738191633,4446,validation,WGNB012
1,0.08977631519000893,0.13545373665480426,4496,validation,WGNB012
2,0.011127392553854145,0.0719656283566058,3724,validation,WGNB012
3,0.004420223330530676,0.040709126723571895,4569,validation,WGNB012
4,0.0019129695612403893,0.027482823235477825,4803,validation,WGNB012
5,0.0011956924453429458,0.01819322459222083,4782,validation,WGNB012
6,0.0008225163233731346,0.013749641936407906,3491,validation,WGNB012
7,0.0005779898642278557,0.010965341687879382,5107,validation,WGNB012
8,0.0003232833880499764,0.009417808219178082,2336,validation,WGNB012
9,0.00011689852550074676,0.007079144839303412,7063,validation,WGNB012
0,0.9753048813912778,0.34895136099955376,4482,validation,WGNB013
1,0.10802707074142044,0.13194287009748357,4411,validation,WGNB013
2,0.012537893139914002,0.07167985927880387,4548,validation,WGNB013
3,0.004737609987275934,0.03736853882300291,4469,validation,WGNB013
4,0.0020817295550113707,0.02405034839289728,4449,validation,WGNB013
5,0.0011929047413805,0.018867924528301886,4399,validation,WGNB013
6,0.0007577603965261783,0.01328686560662165,4591,validation,WGNB013
7,0.0004651505233316213,0.0077777777777777776,4500,validation,WGNB013
8,0.00020388198435509255,0.008605072463768116,4416,validation,WGNB013
9,4.967701940545496e-05,0.008787346221441126,4552,validation,WGNB013
0,0.9755497766056744,0.3485051316376618,4482,validation,WGNB014
1,0.11600415740145352,0.13230977647324452,4429,validation,WGNB014
2,0.013067589241038052,0.07344508160564622,4534,validation,WGNB014
3,0.004767377397840041,0.03480589022757698,4482,validation,WGNB014
4,0.0021122408086599654,0.024548091943762552,4481,validation,WGNB014
5,0.0011622812401268572,0.019226469930695284,4473,validation,WGNB014
6,0.0006995285645218337,0.010295434198746643,4468,validation,WGNB014
7,0.0003942390545315701,0.0111185234600845,4497,validation,WGNB014
8,0.0001681164367776132,0.008030336828016953,4483,validation,WGNB014
9,4.179975696123442e-05,0.008467023172905526,4488,validation,WGNB014
4,0.3721447126872954,0.395,1000,validation,WLOG001
5,0.18369575083676026,0.18165467625899281,7228,validation,WLOG001
6,0.1013581206184899,0.09288682473722806,4091,validation,WLOG001
7,0.058590012764952695,0.06244707874682472,4724,validation,WLOG001
8,0.03301545849001768,0.033214573037581886,8701,validation,WLOG001
9,0.017385625680541576,0.01735437529491952,19073,validation,WLOG001
4,0.39783155502352274,0.4017379679144385,2992,validation,WLOG002
5,0.12217226125247879,0.12546249579549276,5946,validation,WLOG002
6,0.07469290695957287,0.08068520357497518,4028,validation,WLOG002
7,0.0471144635306888,0.0500220361392684,4538,validation,WLOG002
8,0.029588498116297164,0.027256637168141595,8475,validation,WLOG002
9,0.017574223344401254,0.014438900095551545,18838,validation,WLOG002
2,0.36134792391053777,0.3635040038825528,4121,validation,WLOG003
3,0.13180369352062662,0.17411300919842312,1522,validation,WLOG003
4,0.08383965049858547,0.08922670191672175,6052,validation,WLOG003
5,0.053276150158087544,0.059569074778200254,3945,validation,WLOG003
6,0.036352235603913444,0.03225806451612903,4340,validation,WLOG003
7,0.0254336642014213,0.021068312406895082,4699,validation,WLOG003
8,0.0231880655896403,0.014925373134328358,2747,validation,WLOG003
9,0.015442678973465851,0.010637686159507791,17391,validation,WLOG003
2,0.35592403445802917,0.3644515980685215,4349,validation,WLOG004
3,0.11995949605866264,0.1644157369348209,1703,validation,WLOG004
4,0.08185092763700712,0.08471698113207547,5300,validation,WLOG004
5,0.05051099527047952,0.055495103373231776,4595,validation,WLOG004
6,0.035193723290365415,0.030989824236817762,4324,validation,WLOG004
7,0.0252359397212404,0.020720915173753508,4633,validation,WLOG004
8,0.0230833009826907,0.013673318551367332,2706,validation,WLOG004
9,0.015588096719515087,0.009705352472830825,17207,validation,WLOG004
0,0.3570665911191919,0.3679743060334939,4359,validation,WLOG005
1,0.101258263056562,0.11995589856670341,4535,validation,WLOG005
2,0.06558592058021497,0.06362114326716097,4181,validation,WLOG005
3,0.04475685340916264,0.04398095669916119,4411,validation,WLOG005
4,0.031182682837405603,0.030105777054515868,4916,validation,WLOG005
5,0.024623348204234886,0.018274111675126905,3940,validation,WLOG005
6,0.0199741324312548,0.012461791676463673,4253,validation,WLOG005
7,0.016892518414068112,0.011710173212978776,4099,validation,WLOG005
8,0.013993426266008694,0.008457095709570957,4848,validation,WLOG005
9,0.010093793581386934,0.006255924170616114,5275,validation,WLOG005
0,0.3666552097429818,0.3746095493083445,4482,validation,XGB001
1,0.11300451107346439,0.11914323962516733,4482,validation,XGB001
2,0.0673198348114504,0.06761883508145504,4481,validation,XGB001
3,0.042345654971595016,0.03614457831325301,4482,validation,XGB001
4,0.027447277814302777,0.0249944208881946,4481,validation,XGB001
5,0.018302987643427325,0.015394912985274432,4482,validation,XGB001
6,0.013559918436946922,0.011601963409192326,4482,validation,XGB001
7,0.010669247254552977,0.00981923677750502,4481,validation,XGB001
8,0.008301292536119411,0.005800981704596163,4482,validation,XGB001
9,0.005860920052462952,0.0049085229808121375,4482,validation,XGB001
0,0.36612348685715146,0.3750557786702365,4482,validation,XGB002
1,0.11332714434967459,0.11936635430611334,4482,validation,XGB002
2,0.06706310591010525,0.06694934166480697,4481,validation,XGB002
3,0.04236504888940816,0.035698348951361,4482,validation,XGB002
4,0.027527265480551733,0.025440749832626647,4481,validation,XGB002
5,0.018279885262914124,0.015618027666220438,4482,validation,XGB002
6,0.013504992494345433,0.011378848728246318,4482,validation,XGB002
7,0.010639182938509267,0.01115822361080116,4481,validation,XGB002
8,0.008207613521657373,0.0049085229808121375,4482,validation,XGB002
9,0.00577157878598284,0.004462293618920125,4482,validation,XGB002
0,0.3593105863096564,0.3746095493083445,4482,validation,XGB003
1,0.11062761381208654,0.11936635430611334,4482,validation,XGB003
2,0.06791131446259868,0.06630944407233758,4479,validation,XGB003
3,0.043530807979105794,0.035905441570026765,4484,validation,XGB003
4,0.028292596444929805,0.025217585360410622,4481,validation,XGB003
5,0.019175899591561175,0.016287371709058456,4482,validation,XGB003
6,0.014911473555833596,0.010040160642570281,4482,validation,XGB003
7,0.01202660114428531,0.011381388083017184,4481,validation,XGB003
8,0.009475853486341449,0.006693440428380187,4482,validation,XGB003
9,0.00731072707695151,0.004239178937974119,4482,validation,XGB003
0,0.35839539602073056,0.3755020080321285,4482,validation,XGB004
1,0.11034492147103155,0.11646586345381527,4482,validation,XGB004
2,0.06797585814536158,0.06761883508145504,4481,validation,XGB004
3,0.04357035680591311,0.037260151717983046,4482,validation,XGB004
4,0.028562704374719777,0.023878598527114485,4481,validation,XGB004
5,0.019462524121564826,0.01673360107095047,4482,validation,XGB004
6,0.015140312805269755,0.010932619366354306,4482,validation,XGB004
7,0.012314843284695646,0.010935059138585137,4481,validation,XGB004
8,0.009827983838459033,0.006024096385542169,4482,validation,XGB004
9,0.007674376017425206,0.004685408299866131,4482,validation,XGB004
0,0.368324749490902,0.3755020080321285,4482,validation,XGBSTACK001
1,0.11703004355059034,0.11802766622043731,4482,validation,XGBSTACK001
2,0.06519797160519838,0.0691809863869672,4481,validation,XGBSTACK001
3,0.042188891429609895,0.033513270355375616,4446,validation,XGBSTACK001
4,0.028517775981554166,0.02475601047369674,4201,validation,XGBSTACK001
5,0.018191934785083127,0.016673614005835766,4798,validation,XGBSTACK001
6,0.011687360174671164,0.013839285714285714,4480,validation,XGBSTACK001
7,0.008978457269129627,0.010286225402504472,4472,validation,XGBSTACK001
8,0.006445684174644378,0.005140813589628967,4474,validation,XGBSTACK001
9,0.004821849870107493,0.0037769384581204176,4501,validation,XGBSTACK001
