model_id,model_family,feature,importance,importance_normalized,importance_type,rank,status
WLOG001,logistic,,,,not_available,,importance_not_available_for_model_type
WLOG002,logistic,,,,not_available,,importance_not_available_for_model_type
WLOG003,logistic,,,,not_available,,importance_not_available_for_model_type
WLOG004,logistic,,,,not_available,,importance_not_available_for_model_type
WLOG005,logistic,,,,not_available,,importance_not_available_for_model_type
BLOG001,logistic,,,,not_available,,importance_not_available_for_model_type
BLOG002,logistic,,,,not_available,,importance_not_available_for_model_type
BLOG003,logistic,,,,not_available,,importance_not_available_for_model_type
BLOG004,logistic,,,,not_available,,importance_not_available_for_model_type
BLOG005,logistic,,,,not_available,,importance_not_available_for_model_type
RLOG001,logistic,RevolvingUtilization_capped_scaled,0.660273304148922,0.17400269549786115,absolute_coefficient,3.0,available
RLOG001,logistic,age_scaled,0.0,0.0,absolute_coefficient,13.0,available
RLOG001,logistic,age_sq_scaled,0.23303129345647167,0.06141104439932605,absolute_coefficient,6.0,available
RLOG001,logistic,NumberOfTime30-59DaysPastDueNotWorse_scaled,0.7411893980975883,0.19532662055700684,absolute_coefficient,2.0,available
RLOG001,logistic,DebtRatio_capped_scaled,0.0,0.0,absolute_coefficient,14.0,available
RLOG001,logistic,MonthlyIncome_median_scaled,0.12035889071938086,0.03171833736228296,absolute_coefficient,8.0,available
RLOG001,logistic,NumberOfOpenCreditLinesAndLoans_scaled,0.11221449556919166,0.02957203415658347,absolute_coefficient,9.0,available
RLOG001,logistic,NumberOfTimes90DaysLate_scaled,0.4032761666908139,0.10627590059043121,absolute_coefficient,4.0,available
RLOG001,logistic,NumberRealEstateLoansOrLines_scaled,0.03959383880817282,0.010434216610665828,absolute_coefficient,11.0,available
RLOG001,logistic,NumberOfTime60-89DaysPastDueNotWorse_scaled,1.0339807496245217,0.27248631195149253,absolute_coefficient,1.0,available
RLOG001,logistic,NumberOfDependents_median_scaled,0.055131437366244145,0.014528860470533755,absolute_coefficient,10.0,available
RLOG001,logistic,RevolvingUtilization_log_scaled,0.2576852130481991,0.06790812437604511,absolute_coefficient,5.0,available
RLOG001,logistic,DebtRatio_log_scaled,0.0,0.0,absolute_coefficient,15.0,available
RLOG001,logistic,MonthlyIncome_missing_flag_scaled,0.0,0.0,absolute_coefficient,16.0,available
RLOG001,logistic,NumberOfDependents_missing_flag_scaled,0.0,0.0,absolute_coefficient,17.0,available
RLOG001,logistic,DebtRatio_high_flag_scaled,0.0057377925964821,0.0015120880576603983,absolute_coefficient,12.0,available
RLOG001,logistic,RevolvingUtilization_high_flag_scaled,0.13214279786991245,0.034823765970110714,absolute_coefficient,7.0,available
RLOG002,logistic,RevolvingUtilization_capped_scaled,0.6815531717701316,0.09727893298221327,absolute_coefficient,4.0,available
RLOG002,logistic,age_scaled,0.0,0.0,absolute_coefficient,16.0,available
RLOG002,logistic,age_sq_scaled,0.2609618780096105,0.03724741383841937,absolute_coefficient,7.0,available
RLOG002,logistic,NumberOfTime30-59DaysPastDueNotWorse_scaled,1.125320790866151,0.16061843790388908,absolute_coefficient,2.0,available
RLOG002,logistic,DebtRatio_capped_scaled,0.3806237551133179,0.05432690257891551,absolute_coefficient,6.0,available
RLOG002,logistic,MonthlyIncome_median_scaled,0.2349064744659868,0.03352849364241806,absolute_coefficient,8.0,available
RLOG002,logistic,NumberOfOpenCreditLinesAndLoans_scaled,0.11761499383638672,0.01678733454265571,absolute_coefficient,12.0,available
RLOG002,logistic,NumberOfTimes90DaysLate_scaled,1.0301057776074662,0.1470282804850104,absolute_coefficient,3.0,available
RLOG002,logistic,NumberRealEstateLoansOrLines_scaled,0.03769101021251085,0.005379684826309308,absolute_coefficient,15.0,available
RLOG002,logistic,NumberOfTime60-89DaysPastDueNotWorse_scaled,2.0370203983969457,0.29074645827617285,absolute_coefficient,1.0,available
RLOG002,logistic,NumberOfDependents_median_scaled,0.06475029651599407,0.009241890458815504,absolute_coefficient,14.0,available
RLOG002,logistic,RevolvingUtilization_log_scaled,0.22790040634262168,0.032528508814130115,absolute_coefficient,9.0,available
RLOG002,logistic,DebtRatio_log_scaled,0.45690654224982435,0.06521483978603841,absolute_coefficient,5.0,available
RLOG002,logistic,MonthlyIncome_missing_flag_scaled,0.0683391086073824,0.009754126077963454,absolute_coefficient,13.0,available
RLOG002,logistic,NumberOfDependents_missing_flag_scaled,0.0,0.0,absolute_coefficient,17.0,available
RLOG002,logistic,DebtRatio_high_flag_scaled,0.14100565478167246,0.020125912709046456,absolute_coefficient,11.0,available
RLOG002,logistic,RevolvingUtilization_high_flag_scaled,0.14147416025004278,0.02019278307800245,absolute_coefficient,10.0,available
RLOG003,logistic,RevolvingUtilization_capped_scaled,0.7041314353627293,0.0884891565583307,absolute_coefficient,6.0,available
RLOG003,logistic,age_scaled,0.070386242641455,0.0088455349837404,absolute_coefficient,13.0,available
RLOG003,logistic,age_sq_scaled,0.3407522843657595,0.04282280370470526,absolute_coefficient,7.0,available
RLOG003,logistic,NumberOfTime30-59DaysPastDueNotWorse_scaled,1.16215249700356,0.14604928723147637,absolute_coefficient,2.0,available
RLOG003,logistic,DebtRatio_capped_scaled,0.819931579783024,0.1030419184355306,absolute_coefficient,4.0,available
RLOG003,logistic,MonthlyIncome_median_scaled,0.24008815849157,0.030172205894511032,absolute_coefficient,8.0,available
RLOG003,logistic,NumberOfOpenCreditLinesAndLoans_scaled,0.11212304630083404,0.014090655948062272,absolute_coefficient,11.0,available
RLOG003,logistic,NumberOfTimes90DaysLate_scaled,1.0975117391785902,0.1379257951503761,absolute_coefficient,3.0,available
RLOG003,logistic,NumberRealEstateLoansOrLines_scaled,0.02973386024803414,0.0037366947169691555,absolute_coefficient,15.0,available
RLOG003,logistic,NumberOfTime60-89DaysPastDueNotWorse_scaled,2.1399272587741076,0.2689275733408402,absolute_coefficient,1.0,available
RLOG003,logistic,NumberOfDependents_median_scaled,0.0636623149351831,0.008000529830433072,absolute_coefficient,14.0,available
RLOG003,logistic,RevolvingUtilization_log_scaled,0.2007515187476438,0.025228716798635357,absolute_coefficient,9.0,available
RLOG003,logistic,DebtRatio_log_scaled,0.7287260855114397,0.091579999742154,absolute_coefficient,5.0,available
RLOG003,logistic,MonthlyIncome_missing_flag_scaled,0.10289819019320523,0.0129313557161169,absolute_coefficient,12.0,available
RLOG003,logistic,NumberOfDependents_missing_flag_scaled,0.0010534248843874375,0.0001323853400593901,absolute_coefficient,16.0,available
RLOG003,logistic,DebtRatio_high_flag_scaled,0.0,0.0,absolute_coefficient,17.0,available
RLOG003,logistic,RevolvingUtilization_high_flag_scaled,0.14343273050562202,0.0180253866080592,absolute_coefficient,10.0,available
RLOG004,logistic,RevolvingUtilization_capped_scaled,0.7073206689443966,0.08726172241621595,absolute_coefficient,6.0,available
RLOG004,logistic,age_scaled,0.08538464434260805,0.010533851844526976,absolute_coefficient,13.0,available
RLOG004,logistic,age_sq_scaled,0.3573024581156185,0.04408018779551278,absolute_coefficient,7.0,available
RLOG004,logistic,NumberOfTime30-59DaysPastDueNotWorse_scaled,1.1657113365332166,0.14381310137282888,absolute_coefficient,2.0,available
RLOG004,logistic,DebtRatio_capped_scaled,0.8682364527771235,0.1071138051811027,absolute_coefficient,4.0,available
RLOG004,logistic,MonthlyIncome_median_scaled,0.2411115033287863,0.029745780094667423,absolute_coefficient,8.0,available
RLOG004,logistic,NumberOfOpenCreditLinesAndLoans_scaled,0.11148026686964346,0.013753252986347032,absolute_coefficient,11.0,available
RLOG004,logistic,NumberOfTimes90DaysLate_scaled,1.1042107760758506,0.1362258144876859,absolute_coefficient,3.0,available
RLOG004,logistic,NumberRealEstateLoansOrLines_scaled,0.028820829130187738,0.003555608229456867,absolute_coefficient,15.0,available
RLOG004,logistic,NumberOfTime60-89DaysPastDueNotWorse_scaled,2.1500359640649047,0.26524863434446266,absolute_coefficient,1.0,available
RLOG004,logistic,NumberOfDependents_median_scaled,0.06334562379581961,0.007814911231425347,absolute_coefficient,14.0,available
RLOG004,logistic,RevolvingUtilization_log_scaled,0.19706384082786463,0.02431164665703597,absolute_coefficient,9.0,available
RLOG004,logistic,DebtRatio_log_scaled,0.7570542594622875,0.09339732534863232,absolute_coefficient,5.0,available
RLOG004,logistic,MonthlyIncome_missing_flag_scaled,0.10644090798518878,0.013131550333733689,absolute_coefficient,12.0,available
RLOG004,logistic,NumberOfDependents_missing_flag_scaled,0.0012875301253314107,0.0001588418115461821,absolute_coefficient,17.0,available
RLOG004,logistic,DebtRatio_high_flag_scaled,0.01724798801574222,0.0021278738322663576,absolute_coefficient,16.0,available
RLOG004,logistic,RevolvingUtilization_high_flag_scaled,0.14368305973187273,0.017726092032552897,absolute_coefficient,10.0,available
RLOG005,logistic,RevolvingUtilization_capped_scaled,0.5479153502360282,0.11592416414170337,absolute_coefficient,3.0,available
RLOG005,logistic,age_scaled,0.0341154363725226,0.0072179095623265835,absolute_coefficient,16.0,available
RLOG005,logistic,age_sq_scaled,0.20227267361720092,0.04279546212326531,absolute_coefficient,8.0,available
RLOG005,logistic,NumberOfTime30-59DaysPastDueNotWorse_scaled,0.7272492180996099,0.15386639139529087,absolute_coefficient,2.0,available
RLOG005,logistic,DebtRatio_capped_scaled,0.1167883973660592,0.024709286462365827,absolute_coefficient,12.0,available
RLOG005,logistic,MonthlyIncome_median_scaled,0.2217523251245536,0.04691683291126891,absolute_coefficient,7.0,available
RLOG005,logistic,NumberOfOpenCreditLinesAndLoans_scaled,0.11712147252607803,0.02477975621559489,absolute_coefficient,11.0,available
RLOG005,logistic,NumberOfTimes90DaysLate_scaled,0.5306168858835466,0.11226427394126885,absolute_coefficient,4.0,available
RLOG005,logistic,NumberRealEstateLoansOrLines_scaled,0.04186023305619377,0.008856500416945391,absolute_coefficient,15.0,available
RLOG005,logistic,NumberOfTime60-89DaysPastDueNotWorse_scaled,1.1449809273334237,0.24224719548766496,absolute_coefficient,1.0,available
RLOG005,logistic,NumberOfDependents_median_scaled,0.06699545476034449,0.014174437878115058,absolute_coefficient,13.0,available
RLOG005,logistic,RevolvingUtilization_log_scaled,0.34970468622209905,0.07398811409329963,absolute_coefficient,5.0,available
RLOG005,logistic,DebtRatio_log_scaled,0.24799404850118306,0.05246887639164071,absolute_coefficient,6.0,available
RLOG005,logistic,MonthlyIncome_missing_flag_scaled,0.056457318369164,0.01194485140598461,absolute_coefficient,14.0,available
RLOG005,logistic,NumberOfDependents_missing_flag_scaled,0.0016282841031773874,0.0003445011598319881,absolute_coefficient,17.0,available
RLOG005,logistic,DebtRatio_high_flag_scaled,0.18851142503297424,0.03988395172483337,absolute_coefficient,9.0,available
RLOG005,logistic,RevolvingUtilization_high_flag_scaled,0.13053403823941884,0.027617494688599736,absolute_coefficient,10.0,available
RLOG006,logistic,RevolvingUtilization_capped_scaled,0.6519964883938318,0.08992702853764734,absolute_coefficient,4.0,available
RLOG006,logistic,age_scaled,0.06673959084429193,0.009205100329958043,absolute_coefficient,14.0,available
RLOG006,logistic,age_sq_scaled,0.33303891811222885,0.0459346036770908,absolute_coefficient,7.0,available
RLOG006,logistic,NumberOfTime30-59DaysPastDueNotWorse_scaled,1.0947956964436472,0.15100038970994056,absolute_coefficient,2.0,available
RLOG006,logistic,DebtRatio_capped_scaled,0.512587501285485,0.07069895571016888,absolute_coefficient,6.0,available
RLOG006,logistic,MonthlyIncome_median_scaled,0.24952411984288952,0.03441577224015482,absolute_coefficient,9.0,available
RLOG006,logistic,NumberOfOpenCreditLinesAndLoans_scaled,0.11593467716000573,0.01599036376277728,absolute_coefficient,12.0,available
RLOG006,logistic,NumberOfTimes90DaysLate_scaled,0.9958532992349398,0.13735369691978527,absolute_coefficient,3.0,available
RLOG006,logistic,NumberRealEstateLoansOrLines_scaled,0.035102266812780177,0.0048415023786174995,absolute_coefficient,16.0,available
RLOG006,logistic,NumberOfTime60-89DaysPastDueNotWorse_scaled,1.9724553346508333,0.27205215108649083,absolute_coefficient,1.0,available
RLOG006,logistic,NumberOfDependents_median_scaled,0.06468499082661433,0.008921718321447072,absolute_coefficient,15.0,available
RLOG006,logistic,RevolvingUtilization_log_scaled,0.25731196580714166,0.03548991582641762,absolute_coefficient,8.0,available
RLOG006,logistic,DebtRatio_log_scaled,0.5451943816619386,0.07519628033435581,absolute_coefficient,5.0,available
RLOG006,logistic,MonthlyIncome_missing_flag_scaled,0.09391918023963758,0.012953862408750717,absolute_coefficient,13.0,available
RLOG006,logistic,NumberOfDependents_missing_flag_scaled,0.0012609111496231962,0.0001739119687821245,absolute_coefficient,17.0,available
RLOG006,logistic,DebtRatio_high_flag_scaled,0.11953317706454483,0.016486689140856218,absolute_coefficient,11.0,available
RLOG006,logistic,RevolvingUtilization_high_flag_scaled,0.14035141395257397,0.019358057646759064,absolute_coefficient,10.0,available
RLOG007,logistic,RevolvingUtilization_capped_scaled,0.7002873977423563,0.08776590186023778,absolute_coefficient,6.0,available
RLOG007,logistic,age_scaled,0.08516593443918297,0.010673710633551613,absolute_coefficient,13.0,available
RLOG007,logistic,age_sq_scaled,0.35663360594615257,0.044696320625561885,absolute_coefficient,7.0,available
RLOG007,logistic,NumberOfTime30-59DaysPastDueNotWorse_scaled,1.1584489783881036,0.1451865615104349,absolute_coefficient,2.0,available
RLOG007,logistic,DebtRatio_capped_scaled,0.8206657669199965,0.1028527307384968,absolute_coefficient,4.0,available
RLOG007,logistic,MonthlyIncome_median_scaled,0.24275355086140077,0.030423915080882935,absolute_coefficient,8.0,available
RLOG007,logistic,NumberOfOpenCreditLinesAndLoans_scaled,0.11208060825513487,0.014046883745543304,absolute_coefficient,11.0,available
RLOG007,logistic,NumberOfTimes90DaysLate_scaled,1.092857521592659,0.13696608891798515,absolute_coefficient,3.0,available
RLOG007,logistic,NumberRealEstateLoansOrLines_scaled,0.029663784619196876,0.003717714781224022,absolute_coefficient,15.0,available
RLOG007,logistic,NumberOfTime60-89DaysPastDueNotWorse_scaled,2.131618984859825,0.2671524051864449,absolute_coefficient,1.0,available
RLOG007,logistic,NumberOfDependents_median_scaled,0.06348018867491302,0.007955870728608448,absolute_coefficient,14.0,available
RLOG007,logistic,RevolvingUtilization_log_scaled,0.2047665494176406,0.02566306481936735,absolute_coefficient,9.0,available
RLOG007,logistic,DebtRatio_log_scaled,0.729156270588288,0.09138399161764321,absolute_coefficient,5.0,available
RLOG007,logistic,MonthlyIncome_missing_flag_scaled,0.10509847314686852,0.013171823896311975,absolute_coefficient,12.0,available
RLOG007,logistic,NumberOfDependents_missing_flag_scaled,0.0012838525263892456,0.00016090318803017008,absolute_coefficient,17.0,available
RLOG007,logistic,DebtRatio_high_flag_scaled,0.0017930853322376643,0.00022472452282241634,absolute_coefficient,16.0,available
RLOG007,logistic,RevolvingUtilization_high_flag_scaled,0.14328266842896123,0.017957388146853114,absolute_coefficient,10.0,available
RLOG008,logistic,RevolvingUtilization_capped_scaled,0.7080772005711907,0.08716365028363789,absolute_coefficient,6.0,available
RLOG008,logistic,age_scaled,0.08690231615486028,0.010697594962879768,absolute_coefficient,13.0,available
RLOG008,logistic,age_sq_scaled,0.35894972146014187,0.04418637962855207,absolute_coefficient,7.0,available
RLOG008,logistic,NumberOfTime30-59DaysPastDueNotWorse_scaled,1.1653688118690837,0.14345582584395428,absolute_coefficient,2.0,available
RLOG008,logistic,DebtRatio_capped_scaled,0.8763377802481007,0.10787637244394677,absolute_coefficient,4.0,available
RLOG008,logistic,MonthlyIncome_median_scaled,0.24118707992490662,0.02968990707587786,absolute_coefficient,8.0,available
RLOG008,logistic,NumberOfOpenCreditLinesAndLoans_scaled,0.11140108514010498,0.013713370828120056,absolute_coefficient,11.0,available
RLOG008,logistic,NumberOfTimes90DaysLate_scaled,1.1037825749694696,0.1358746168866924,absolute_coefficient,3.0,available
RLOG008,logistic,NumberRealEstateLoansOrLines_scaled,0.02871504114216386,0.0035347950788089245,absolute_coefficient,15.0,available
RLOG008,logistic,NumberOfTime60-89DaysPastDueNotWorse_scaled,2.149255421923785,0.2645713600376579,absolute_coefficient,1.0,available
RLOG008,logistic,NumberOfDependents_median_scaled,0.06331400235356557,0.00779389529101038,absolute_coefficient,14.0,available
RLOG008,logistic,RevolvingUtilization_log_scaled,0.1962351717085364,0.024156368636576078,absolute_coefficient,9.0,available
RLOG008,logistic,DebtRatio_log_scaled,0.7611054643200802,0.09369138063963317,absolute_coefficient,5.0,available
RLOG008,logistic,MonthlyIncome_missing_flag_scaled,0.1067502354914218,0.01314085552615498,absolute_coefficient,12.0,available
RLOG008,logistic,NumberOfDependents_missing_flag_scaled,0.0013047958725881496,0.00016061916841562395,absolute_coefficient,17.0,available
RLOG008,logistic,DebtRatio_high_flag_scaled,0.021122485636278575,0.002600158499153149,absolute_coefficient,16.0,available
RLOG008,logistic,RevolvingUtilization_high_flag_scaled,0.14372852753294016,0.01769284916892879,absolute_coefficient,10.0,available
GNB001,naive_bayes,RevolvingUtilization_capped_scaled,1.1130292389899932,0.23280580899298287,naive_bayes_class_separation,2.0,available
GNB001,naive_bayes,age_scaled,0.4892614142746657,0.10233594533655242,naive_bayes_class_separation,4.0,available
GNB001,naive_bayes,age_sq_scaled,0.4939721459435873,0.10332126149781279,naive_bayes_class_separation,3.0,available
GNB001,naive_bayes,NumberOfTime30-59DaysPastDueNotWorse_scaled,0.243551992597124,0.050942344263910394,naive_bayes_class_separation,5.0,available
GNB001,naive_bayes,DebtRatio_capped_scaled,0.09416976040414009,0.019696937407911442,naive_bayes_class_separation,12.0,available
GNB001,naive_bayes,MonthlyIncome_median_scaled,0.07829690640517101,0.016376905474508905,naive_bayes_class_separation,13.0,available
GNB001,naive_bayes,NumberOfOpenCreditLinesAndLoans_scaled,0.13194972653646067,0.02759915171734295,naive_bayes_class_separation,9.0,available
GNB001,naive_bayes,NumberOfTimes90DaysLate_scaled,0.2268477752162674,0.047448420919655884,naive_bayes_class_separation,6.0,available
GNB001,naive_bayes,NumberRealEstateLoansOrLines_scaled,0.03811306910690385,0.00797188750826517,naive_bayes_class_separation,16.0,available
GNB001,naive_bayes,NumberOfTime60-89DaysPastDueNotWorse_scaled,0.19410029567710105,0.04059882236507082,naive_bayes_class_separation,7.0,available
GNB001,naive_bayes,NumberOfDependents_median_scaled,0.18477816874383518,0.038648967656668365,naive_bayes_class_separation,8.0,available
GNB001,naive_bayes,RevolvingUtilization_log_scaled,1.1329320950823976,0.2369687728680988,naive_bayes_class_separation,1.0,available
GNB001,naive_bayes,DebtRatio_log_scaled,0.059924620291645636,0.012534081960194853,naive_bayes_class_separation,14.0,available
GNB001,naive_bayes,MonthlyIncome_missing_flag_scaled,0.09616268642942656,0.020113786075787413,naive_bayes_class_separation,11.0,available
GNB001,naive_bayes,NumberOfDependents_missing_flag_scaled,0.05814452905475505,0.012161750698833122,naive_bayes_class_separation,15.0,available
GNB001,naive_bayes,DebtRatio_high_flag_scaled,0.10828897913756097,0.022650171720574885,naive_bayes_class_separation,10.0,available
GNB001,naive_bayes,RevolvingUtilization_high_flag_scaled,0.03741073089054814,0.007824983535828871,naive_bayes_class_separation,17.0,available
GNB002,naive_bayes,PC1,0.3165000121146787,0.18067522227295305,naive_bayes_class_separation,4.0,available
GNB002,naive_bayes,PC2,0.4444404835013247,0.2537105215484332,naive_bayes_class_separation,1.0,available
GNB002,naive_bayes,PC3,0.3863967512592429,0.22057603869542755,naive_bayes_class_separation,3.0,available
GNB002,naive_bayes,PC4,0.19712634762756867,0.11253031693585386,naive_bayes_class_separation,5.0,available
GNB002,naive_bayes,PC5,0.40729853498569835,0.23250790054733234,naive_bayes_class_separation,2.0,available
GNB003,naive_bayes,PC1,0.3165000121146787,0.16819119458978135,naive_bayes_class_separation,4.0,available
GNB003,naive_bayes,PC2,0.4444404835013247,0.23618000942465364,naive_bayes_class_separation,1.0,available
GNB003,naive_bayes,PC3,0.3863967512592429,0.2053350037672514,naive_bayes_class_separation,3.0,available
GNB003,naive_bayes,PC4,0.19712634762756867,0.10475486452931992,naive_bayes_class_separation,5.0,available
GNB003,naive_bayes,PC5,0.40729853498569835,0.21644241558225003,naive_bayes_class_separation,2.0,available
GNB003,naive_bayes,PC6,0.13002492176956745,0.06909651210674367,naive_bayes_class_separation,6.0,available
GNB004,naive_bayes,PC1,0.3165000121146787,0.1357893357685433,naive_bayes_class_separation,4.0,available
GNB004,naive_bayes,PC2,0.4444404835013247,0.19068017609246773,naive_bayes_class_separation,1.0,available
GNB004,naive_bayes,PC3,0.3863967512592429,0.16577742871493,naive_bayes_class_separation,3.0,available
GNB004,naive_bayes,PC4,0.19712634762756867,0.08457394875905307,naive_bayes_class_separation,6.0,available
GNB004,naive_bayes,PC5,0.40729853498569835,0.17474500918871763,naive_bayes_class_separation,2.0,available
GNB004,naive_bayes,PC6,0.13002492176956745,0.055785140867700825,naive_bayes_class_separation,8.0,available
GNB004,naive_bayes,PC7,0.28353846541444283,0.12164770429616564,naive_bayes_class_separation,5.0,available
GNB004,naive_bayes,PC8,0.16549089334484182,0.07100125631242182,naive_bayes_class_separation,7.0,available
GNB005,naive_bayes,PC1,0.3165000121146787,0.13368977780003544,naive_bayes_class_separation,4.0,available
GNB005,naive_bayes,PC2,0.4444404835013247,0.18773190271823295,naive_bayes_class_separation,1.0,available
GNB005,naive_bayes,PC3,0.3863967512592429,0.16321419855044603,naive_bayes_class_separation,3.0,available
GNB005,naive_bayes,PC4,0.19712634762756867,0.08326627679026227,naive_bayes_class_separation,6.0,available
GNB005,naive_bayes,PC5,0.40729853498569835,0.17204312340053968,naive_bayes_class_separation,2.0,available
GNB005,naive_bayes,PC6,0.13002492176956745,0.05492259789722223,naive_bayes_class_separation,8.0,available
GNB005,naive_bayes,PC7,0.28353846541444283,0.11976680248999547,naive_bayes_class_separation,5.0,available
GNB005,naive_bayes,PC8,0.16549089334484182,0.06990344364089576,naive_bayes_class_separation,7.0,available
GNB005,naive_bayes,PC9,0.03660477448096671,0.015461876712370233,naive_bayes_class_separation,9.0,available
GNB006,naive_bayes,PC1,0.3165000121146787,0.12974165888008227,naive_bayes_class_separation,4.0,available
GNB006,naive_bayes,PC2,0.4444404835013247,0.1821878148365904,naive_bayes_class_separation,1.0,available
GNB006,naive_bayes,PC3,0.3863967512592429,0.1583941661148634,naive_bayes_class_separation,3.0,available
GNB006,naive_bayes,PC4,0.19712634762756867,0.08080726183639342,naive_bayes_class_separation,6.0,available
GNB006,naive_bayes,PC5,0.40729853498569835,0.16696235565806142,naive_bayes_class_separation,2.0,available
GNB006,naive_bayes,PC6,0.13002492176956745,0.05330062685755651,naive_bayes_class_separation,8.0,available
GNB006,naive_bayes,PC7,0.28353846541444283,0.11622985608560912,naive_bayes_class_separation,5.0,available
GNB006,naive_bayes,PC8,0.16549089334484182,0.06783905911613947,naive_bayes_class_separation,7.0,available
GNB006,naive_bayes,PC9,0.03660477448096671,0.015005257448050714,naive_bayes_class_separation,10.0,available
GNB006,naive_bayes,PC10,0.04733918476278287,0.019405573858015394,naive_bayes_class_separation,9.0,available
GNB006,naive_bayes,PC11,0.024702906040564455,0.010126369308638,naive_bayes_class_separation,11.0,available
GNB007,naive_bayes,RevolvingUtilization_log_scaled,1.1329320952365585,0.35290171070762844,naive_bayes_class_separation,1.0,available
GNB007,naive_bayes,RevolvingUtilization_capped_scaled,1.1130292391304577,0.34670208762576654,naive_bayes_class_separation,2.0,available
GNB007,naive_bayes,NumberOfTime30-59DaysPastDueNotWorse_scaled,0.24355199260437785,0.0758650189165928,naive_bayes_class_separation,4.0,available
GNB007,naive_bayes,age_sq_scaled,0.49397214602043193,0.15386942969086753,naive_bayes_class_separation,3.0,available
GNB007,naive_bayes,NumberOfTimes90DaysLate_scaled,0.22684777522291139,0.07066175305914461,naive_bayes_class_separation,5.0,available
GNB008,naive_bayes,RevolvingUtilization_log_scaled,1.1329320950823976,0.3347030028633542,naive_bayes_class_separation,1.0,available
GNB008,naive_bayes,RevolvingUtilization_capped_scaled,1.1130292389899932,0.32882308673369376,naive_bayes_class_separation,2.0,available
GNB008,naive_bayes,NumberOfTime30-59DaysPastDueNotWorse_scaled,0.243551992597124,0.07195275306388252,naive_bayes_class_separation,4.0,available
GNB008,naive_bayes,age_sq_scaled,0.4939721459435873,0.1459345721564619,naive_bayes_class_separation,3.0,available
GNB008,naive_bayes,NumberOfTimes90DaysLate_scaled,0.2268477752162674,0.06701781323640034,naive_bayes_class_separation,5.0,available
GNB008,naive_bayes,NumberRealEstateLoansOrLines_scaled,0.03811306910690385,0.0112597734090069,naive_bayes_class_separation,8.0,available
GNB008,naive_bayes,MonthlyIncome_median_scaled,0.07829690640517101,0.02313131546230559,naive_bayes_class_separation,6.0,available
GNB008,naive_bayes,NumberOfDependents_missing_flag_scaled,0.05814452905475505,0.017177683074894846,naive_bayes_class_separation,7.0,available
GNB009,naive_bayes,RevolvingUtilization_log_scaled,1.1329320950823976,0.27848147110146304,naive_bayes_class_separation,1.0,available
GNB009,naive_bayes,RevolvingUtilization_capped_scaled,1.1130292389899932,0.27358923027980075,naive_bayes_class_separation,2.0,available
GNB009,naive_bayes,NumberOfTime30-59DaysPastDueNotWorse_scaled,0.243551992597124,0.0598665334688103,naive_bayes_class_separation,5.0,available
GNB009,naive_bayes,age_sq_scaled,0.4939721459435873,0.12142130184378964,naive_bayes_class_separation,3.0,available
GNB009,naive_bayes,NumberOfTimes90DaysLate_scaled,0.2268477752162674,0.05576053713415685,naive_bayes_class_separation,6.0,available
GNB009,naive_bayes,NumberRealEstateLoansOrLines_scaled,0.03811306910690385,0.009368419871899184,naive_bayes_class_separation,10.0,available
GNB009,naive_bayes,MonthlyIncome_median_scaled,0.07829690640517101,0.01924584692502667,naive_bayes_class_separation,8.0,available
GNB009,naive_bayes,NumberOfDependents_missing_flag_scaled,0.05814452905475505,0.014292272288827953,naive_bayes_class_separation,9.0,available
GNB009,naive_bayes,NumberOfTime60-89DaysPastDueNotWorse_scaled,0.19410029567710105,0.047711011203594486,naive_bayes_class_separation,7.0,available
GNB009,naive_bayes,age_scaled,0.4892614142746657,0.1202633758826312,naive_bayes_class_separation,4.0,available
GNB010,naive_bayes,RevolvingUtilization_log_scaled,1.1329320950823976,0.2673516714682786,naive_bayes_class_separation,1.0,available
GNB010,naive_bayes,RevolvingUtilization_capped_scaled,1.1130292389899932,0.2626549541041987,naive_bayes_class_separation,2.0,available
GNB010,naive_bayes,NumberOfTime30-59DaysPastDueNotWorse_scaled,0.243551992597124,0.05747390562320966,naive_bayes_class_separation,5.0,available
GNB010,naive_bayes,age_sq_scaled,0.4939721459435873,0.11656857410080305,naive_bayes_class_separation,3.0,available
GNB010,naive_bayes,NumberOfTimes90DaysLate_scaled,0.2268477752162674,0.05353200967311154,naive_bayes_class_separation,6.0,available
GNB010,naive_bayes,NumberRealEstateLoansOrLines_scaled,0.03811306910690385,0.008994001295175306,naive_bayes_class_separation,11.0,available
GNB010,naive_bayes,MonthlyIncome_median_scaled,0.07829690640517101,0.018476666773832907,naive_bayes_class_separation,9.0,available
GNB010,naive_bayes,NumberOfDependents_missing_flag_scaled,0.05814452905475505,0.013721066864465578,naive_bayes_class_separation,10.0,available
GNB010,naive_bayes,NumberOfTime60-89DaysPastDueNotWorse_scaled,0.19410029567710105,0.045804191360635696,naive_bayes_class_separation,7.0,available
GNB010,naive_bayes,age_scaled,0.4892614142746657,0.11545692584669198,naive_bayes_class_separation,4.0,available
GNB010,naive_bayes,RevolvingUtilization_high_flag_scaled,0.03741073089054814,0.008828262062529511,naive_bayes_class_separation,12.0,available
GNB010,naive_bayes,NumberOfOpenCreditLinesAndLoans_scaled,0.13194972653646067,0.031137770827067406,naive_bayes_class_separation,8.0,available
BNB001,naive_bayes,MonthlyIncome_missing_flag_bin,0.20581215043225498,0.005583640760288252,naive_bayes_log_probability_difference,35.0,available
BNB001,naive_bayes,DebtRatio_high_flag_bin,0.2352593286916438,0.006382536571149129,naive_bayes_log_probability_difference,31.0,available
BNB001,naive_bayes,NumberOfDependents_missing_flag_bin,0.3942815188788149,0.010696775458671308,naive_bayes_log_probability_difference,24.0,available
BNB001,naive_bayes,RevolvingUtilization_final_bin_0-5%,1.6201145769953103,0.04395337092318947,naive_bayes_log_probability_difference,9.0,available
BNB001,naive_bayes,RevolvingUtilization_final_bin_100%+,2.0704334136545928,0.056170427137875886,naive_bayes_log_probability_difference,6.0,available
BNB001,naive_bayes,RevolvingUtilization_final_bin_15-30%,0.6890460589162677,0.01869367601572802,naive_bayes_log_probability_difference,17.0,available
BNB001,naive_bayes,RevolvingUtilization_final_bin_30-50%,0.17565624215625242,0.004765517251740462,naive_bayes_log_probability_difference,38.0,available
BNB001,naive_bayes,RevolvingUtilization_final_bin_5-15%,1.1559508839828627,0.03136070664021597,naive_bayes_log_probability_difference,11.0,available
BNB001,naive_bayes,RevolvingUtilization_final_bin_50-75%,0.4890821167319288,0.01326869592673219,naive_bayes_log_probability_difference,22.0,available
BNB001,naive_bayes,RevolvingUtilization_final_bin_75-100%,1.1482766639416564,0.031152506649420944,naive_bayes_log_probability_difference,12.0,available
BNB001,naive_bayes,RevolvingUtilization_final_bin_=0,0.8663009366194165,0.023502563916780243,naive_bayes_log_probability_difference,15.0,available
BNB001,naive_bayes,age_final_bin_v2_21-39,0.491462771865387,0.013333282604493676,naive_bayes_log_probability_difference,21.0,available
BNB001,naive_bayes,age_final_bin_v2_40-49,0.24635027870091264,0.006683431734102383,naive_bayes_log_probability_difference,29.0,available
BNB001,naive_bayes,age_final_bin_v2_50-59,0.0264577932249086,0.0007177944177134721,naive_bayes_log_probability_difference,44.0,available
BNB001,naive_bayes,age_final_bin_v2_60-69,0.6672202835123926,0.018101547276418786,naive_bayes_log_probability_difference,18.0,available
BNB001,naive_bayes,age_final_bin_v2_70+,1.0981444499472586,0.029792430128794185,naive_bayes_log_probability_difference,13.0,available
BNB001,naive_bayes,MonthlyIncome_final_bin_0-5000,0.2669288967703114,0.007241725354772368,naive_bayes_log_probability_difference,28.0,available
BNB001,naive_bayes,MonthlyIncome_final_bin_10000+,0.4385154647345999,0.011896833193601018,naive_bayes_log_probability_difference,23.0,available
BNB001,naive_bayes,MonthlyIncome_final_bin_5000-10000,0.14206712226502205,0.0038542514273808047,naive_bayes_log_probability_difference,41.0,available
BNB001,naive_bayes,DebtRatio_explicit_bin_0-0.20,0.08009215659863766,0.0021728835213290524,naive_bayes_log_probability_difference,43.0,available
BNB001,naive_bayes,DebtRatio_explicit_bin_0.20-0.40,0.1770427391537348,0.004803132626405663,naive_bayes_log_probability_difference,37.0,available
BNB001,naive_bayes,DebtRatio_explicit_bin_0.40-0.60,0.1634571680157748,0.004434558911985056,naive_bayes_log_probability_difference,39.0,available
BNB001,naive_bayes,DebtRatio_explicit_bin_0.60-1.00,0.5036071686978589,0.013662757560274899,naive_bayes_log_probability_difference,20.0,available
BNB001,naive_bayes,DebtRatio_explicit_bin_1.00-2.00,0.7255632476696956,0.019684379738256274,naive_bayes_log_probability_difference,16.0,available
BNB001,naive_bayes,DebtRatio_explicit_bin_2.00+,0.22182663840290306,0.006018110482315132,naive_bayes_log_probability_difference,33.0,available
BNB001,naive_bayes,NumberOfDependents_final_bin_0,0.15902733132236513,0.004314378365448838,naive_bayes_log_probability_difference,40.0,available
BNB001,naive_bayes,NumberOfDependents_final_bin_1,0.12687124886100953,0.0034419905479884916,naive_bayes_log_probability_difference,42.0,available
BNB001,naive_bayes,NumberOfDependents_final_bin_2,0.1977759805170951,0.005365621144825078,naive_bayes_log_probability_difference,36.0,available
BNB001,naive_bayes,NumberOfDependents_final_bin_3+,0.3649386604665974,0.009900709823529159,naive_bayes_log_probability_difference,26.0,available
BNB001,naive_bayes,RealEstateLoans_final_bin_0,0.24586449761337015,0.006670252594409791,naive_bayes_log_probability_difference,30.0,available
BNB001,naive_bayes,RealEstateLoans_final_bin_1-2,0.23219259126485703,0.006299336623714809,naive_bayes_log_probability_difference,32.0,available
BNB001,naive_bayes,RealEstateLoans_final_bin_3+,0.21746612894702544,0.005899810769288837,naive_bayes_log_probability_difference,34.0,available
BNB001,naive_bayes,NumberOfTime30-59DaysPastDueNotWorse_final_bin_0,0.5245528209949022,0.014231008743069339,naive_bayes_log_probability_difference,19.0,available
BNB001,naive_bayes,NumberOfTime30-59DaysPastDueNotWorse_final_bin_1,0.8795476938700757,0.023861945681030214,naive_bayes_log_probability_difference,14.0,available
BNB001,naive_bayes,NumberOfTime30-59DaysPastDueNotWorse_final_bin_2,1.6000749913518568,0.04340970113992803,naive_bayes_log_probability_difference,10.0,available
BNB001,naive_bayes,NumberOfTime30-59DaysPastDueNotWorse_final_bin_3+,2.239189667623598,0.06074874914770811,naive_bayes_log_probability_difference,5.0,available
BNB001,naive_bayes,NumberOfTime60-89DaysPastDueNotWorse_final_bin_0,0.28303890937263887,0.007678786640154165,naive_bayes_log_probability_difference,27.0,available
BNB001,naive_bayes,NumberOfTime60-89DaysPastDueNotWorse_final_bin_1,1.8392599351571333,0.04989873883120854,naive_bayes_log_probability_difference,8.0,available
BNB001,naive_bayes,NumberOfTime60-89DaysPastDueNotWorse_final_bin_2,2.534832311169952,0.06876947247000853,naive_bayes_log_probability_difference,4.0,available
BNB001,naive_bayes,NumberOfTime60-89DaysPastDueNotWorse_final_bin_3+,3.012190429970537,0.08172009877555704,naive_bayes_log_probability_difference,2.0,available
BNB001,naive_bayes,NumberOfTimes90DaysLate_final_bin_0,0.38986903760624436,0.010577065761086456,naive_bayes_log_probability_difference,25.0,available
BNB001,naive_bayes,NumberOfTimes90DaysLate_final_bin_1,1.9647634965807281,0.0533036243039775,naive_bayes_log_probability_difference,7.0,available
BNB001,naive_bayes,NumberOfTimes90DaysLate_final_bin_2,2.672626830527247,0.07250780907069906,naive_bayes_log_probability_difference,3.0,available
BNB001,naive_bayes,NumberOfTimes90DaysLate_final_bin_3+,3.0768154954258025,0.08347336333673315,naive_bayes_log_probability_difference,1.0,available
BNB002,naive_bayes,MonthlyIncome_missing_flag_bin,0.20581215043225498,0.005583640760288252,naive_bayes_log_probability_difference,35.0,available
BNB002,naive_bayes,DebtRatio_high_flag_bin,0.2352593286916438,0.006382536571149129,naive_bayes_log_probability_difference,31.0,available
BNB002,naive_bayes,NumberOfDependents_missing_flag_bin,0.3942815188788149,0.010696775458671308,naive_bayes_log_probability_difference,24.0,available
BNB002,naive_bayes,RevolvingUtilization_final_bin_0-5%,1.6201145769953103,0.04395337092318947,naive_bayes_log_probability_difference,9.0,available
BNB002,naive_bayes,RevolvingUtilization_final_bin_100%+,2.0704334136545928,0.056170427137875886,naive_bayes_log_probability_difference,6.0,available
BNB002,naive_bayes,RevolvingUtilization_final_bin_15-30%,0.6890460589162677,0.01869367601572802,naive_bayes_log_probability_difference,17.0,available
BNB002,naive_bayes,RevolvingUtilization_final_bin_30-50%,0.17565624215625242,0.004765517251740462,naive_bayes_log_probability_difference,38.0,available
BNB002,naive_bayes,RevolvingUtilization_final_bin_5-15%,1.1559508839828627,0.03136070664021597,naive_bayes_log_probability_difference,11.0,available
BNB002,naive_bayes,RevolvingUtilization_final_bin_50-75%,0.4890821167319288,0.01326869592673219,naive_bayes_log_probability_difference,22.0,available
BNB002,naive_bayes,RevolvingUtilization_final_bin_75-100%,1.1482766639416564,0.031152506649420944,naive_bayes_log_probability_difference,12.0,available
BNB002,naive_bayes,RevolvingUtilization_final_bin_=0,0.8663009366194165,0.023502563916780243,naive_bayes_log_probability_difference,15.0,available
BNB002,naive_bayes,age_final_bin_v2_21-39,0.491462771865387,0.013333282604493676,naive_bayes_log_probability_difference,21.0,available
BNB002,naive_bayes,age_final_bin_v2_40-49,0.24635027870091264,0.006683431734102383,naive_bayes_log_probability_difference,29.0,available
BNB002,naive_bayes,age_final_bin_v2_50-59,0.0264577932249086,0.0007177944177134721,naive_bayes_log_probability_difference,44.0,available
BNB002,naive_bayes,age_final_bin_v2_60-69,0.6672202835123926,0.018101547276418786,naive_bayes_log_probability_difference,18.0,available
BNB002,naive_bayes,age_final_bin_v2_70+,1.0981444499472586,0.029792430128794185,naive_bayes_log_probability_difference,13.0,available
BNB002,naive_bayes,MonthlyIncome_final_bin_0-5000,0.2669288967703114,0.007241725354772368,naive_bayes_log_probability_difference,28.0,available
BNB002,naive_bayes,MonthlyIncome_final_bin_10000+,0.4385154647345999,0.011896833193601018,naive_bayes_log_probability_difference,23.0,available
BNB002,naive_bayes,MonthlyIncome_final_bin_5000-10000,0.14206712226502205,0.0038542514273808047,naive_bayes_log_probability_difference,41.0,available
BNB002,naive_bayes,DebtRatio_explicit_bin_0-0.20,0.08009215659863766,0.0021728835213290524,naive_bayes_log_probability_difference,43.0,available
BNB002,naive_bayes,DebtRatio_explicit_bin_0.20-0.40,0.1770427391537348,0.004803132626405663,naive_bayes_log_probability_difference,37.0,available
BNB002,naive_bayes,DebtRatio_explicit_bin_0.40-0.60,0.1634571680157748,0.004434558911985056,naive_bayes_log_probability_difference,39.0,available
BNB002,naive_bayes,DebtRatio_explicit_bin_0.60-1.00,0.5036071686978589,0.013662757560274899,naive_bayes_log_probability_difference,20.0,available
BNB002,naive_bayes,DebtRatio_explicit_bin_1.00-2.00,0.7255632476696956,0.019684379738256274,naive_bayes_log_probability_difference,16.0,available
BNB002,naive_bayes,DebtRatio_explicit_bin_2.00+,0.22182663840290306,0.006018110482315132,naive_bayes_log_probability_difference,33.0,available
BNB002,naive_bayes,NumberOfDependents_final_bin_0,0.15902733132236513,0.004314378365448838,naive_bayes_log_probability_difference,40.0,available
BNB002,naive_bayes,NumberOfDependents_final_bin_1,0.12687124886100953,0.0034419905479884916,naive_bayes_log_probability_difference,42.0,available
BNB002,naive_bayes,NumberOfDependents_final_bin_2,0.1977759805170951,0.005365621144825078,naive_bayes_log_probability_difference,36.0,available
BNB002,naive_bayes,NumberOfDependents_final_bin_3+,0.3649386604665974,0.009900709823529159,naive_bayes_log_probability_difference,26.0,available
BNB002,naive_bayes,RealEstateLoans_final_bin_0,0.24586449761337015,0.006670252594409791,naive_bayes_log_probability_difference,30.0,available
BNB002,naive_bayes,RealEstateLoans_final_bin_1-2,0.23219259126485703,0.006299336623714809,naive_bayes_log_probability_difference,32.0,available
BNB002,naive_bayes,RealEstateLoans_final_bin_3+,0.21746612894702544,0.005899810769288837,naive_bayes_log_probability_difference,34.0,available
BNB002,naive_bayes,NumberOfTime30-59DaysPastDueNotWorse_final_bin_0,0.5245528209949022,0.014231008743069339,naive_bayes_log_probability_difference,19.0,available
BNB002,naive_bayes,NumberOfTime30-59DaysPastDueNotWorse_final_bin_1,0.8795476938700757,0.023861945681030214,naive_bayes_log_probability_difference,14.0,available
BNB002,naive_bayes,NumberOfTime30-59DaysPastDueNotWorse_final_bin_2,1.6000749913518568,0.04340970113992803,naive_bayes_log_probability_difference,10.0,available
BNB002,naive_bayes,NumberOfTime30-59DaysPastDueNotWorse_final_bin_3+,2.239189667623598,0.06074874914770811,naive_bayes_log_probability_difference,5.0,available
BNB002,naive_bayes,NumberOfTime60-89DaysPastDueNotWorse_final_bin_0,0.28303890937263887,0.007678786640154165,naive_bayes_log_probability_difference,27.0,available
BNB002,naive_bayes,NumberOfTime60-89DaysPastDueNotWorse_final_bin_1,1.8392599351571333,0.04989873883120854,naive_bayes_log_probability_difference,8.0,available
BNB002,naive_bayes,NumberOfTime60-89DaysPastDueNotWorse_final_bin_2,2.534832311169952,0.06876947247000853,naive_bayes_log_probability_difference,4.0,available
BNB002,naive_bayes,NumberOfTime60-89DaysPastDueNotWorse_final_bin_3+,3.012190429970537,0.08172009877555704,naive_bayes_log_probability_difference,2.0,available
BNB002,naive_bayes,NumberOfTimes90DaysLate_final_bin_0,0.38986903760624436,0.010577065761086456,naive_bayes_log_probability_difference,25.0,available
BNB002,naive_bayes,NumberOfTimes90DaysLate_final_bin_1,1.9647634965807281,0.0533036243039775,naive_bayes_log_probability_difference,7.0,available
BNB002,naive_bayes,NumberOfTimes90DaysLate_final_bin_2,2.672626830527247,0.07250780907069906,naive_bayes_log_probability_difference,3.0,available
BNB002,naive_bayes,NumberOfTimes90DaysLate_final_bin_3+,3.0768154954258025,0.08347336333673315,naive_bayes_log_probability_difference,1.0,available
BNB003,naive_bayes,MonthlyIncome_missing_flag_bin,0.20578945035592522,0.005583157856308364,naive_bayes_log_probability_difference,35.0,available
BNB003,naive_bayes,DebtRatio_high_flag_bin,0.23523521835879802,0.006382034429796132,naive_bayes_log_probability_difference,31.0,available
BNB003,naive_bayes,NumberOfDependents_missing_flag_bin,0.39398273530775985,0.010688924043865808,naive_bayes_log_probability_difference,24.0,available
BNB003,naive_bayes,RevolvingUtilization_final_bin_0-5%,1.62001655767952,0.043951758244722965,naive_bayes_log_probability_difference,9.0,available
BNB003,naive_bayes,RevolvingUtilization_final_bin_100%+,2.070443274410744,0.056172032208522425,naive_bayes_log_probability_difference,6.0,available
BNB003,naive_bayes,RevolvingUtilization_final_bin_15-30%,0.6889713582452934,0.0186920944922379,naive_bayes_log_probability_difference,17.0,available
BNB003,naive_bayes,RevolvingUtilization_final_bin_30-50%,0.17560727106984864,0.004764302122401137,naive_bayes_log_probability_difference,38.0,available
BNB003,naive_bayes,RevolvingUtilization_final_bin_5-15%,1.1558656665298574,0.031359141422272946,naive_bayes_log_probability_difference,11.0,available
BNB003,naive_bayes,RevolvingUtilization_final_bin_50-75%,0.4891063451043207,0.01326966921052779,naive_bayes_log_probability_difference,22.0,available
BNB003,naive_bayes,RevolvingUtilization_final_bin_75-100%,1.14827611849406,0.031153233662333822,naive_bayes_log_probability_difference,12.0,available
BNB003,naive_bayes,RevolvingUtilization_final_bin_=0,0.8661336145077252,0.023498584043486325,naive_bayes_log_probability_difference,15.0,available
BNB003,naive_bayes,age_final_bin_v2_21-39,0.4914671579185139,0.013333719095437046,naive_bayes_log_probability_difference,21.0,available
BNB003,naive_bayes,age_final_bin_v2_40-49,0.2463576982020843,0.006683792175935558,naive_bayes_log_probability_difference,29.0,available
BNB003,naive_bayes,age_final_bin_v2_50-59,0.02644516975331701,0.0007174690297013518,naive_bayes_log_probability_difference,44.0,available
BNB003,naive_bayes,age_final_bin_v2_60-69,0.6671770018620959,0.01810080406479578,naive_bayes_log_probability_difference,18.0,available
BNB003,naive_bayes,age_final_bin_v2_70+,1.098031899257136,0.029790086003979456,naive_bayes_log_probability_difference,13.0,available
BNB003,naive_bayes,MonthlyIncome_final_bin_0-5000,0.2669291249728438,0.007241903987750945,naive_bayes_log_probability_difference,28.0,available
BNB003,naive_bayes,MonthlyIncome_final_bin_10000+,0.4384589062265336,0.011895582026839109,naive_bayes_log_probability_difference,23.0,available
BNB003,naive_bayes,MonthlyIncome_final_bin_5000-10000,0.14206558257899182,0.0038543014334072017,naive_bayes_log_probability_difference,41.0,available
BNB003,naive_bayes,DebtRatio_explicit_bin_0-0.20,0.08008220049693282,0.002172665149168753,naive_bayes_log_probability_difference,43.0,available
BNB003,naive_bayes,DebtRatio_explicit_bin_0.20-0.40,0.1770286381633639,0.004802864433739899,naive_bayes_log_probability_difference,37.0,available
BNB003,naive_bayes,DebtRatio_explicit_bin_0.40-0.60,0.16347775895026562,0.004435223149856577,naive_bayes_log_probability_difference,39.0,available
BNB003,naive_bayes,DebtRatio_explicit_bin_0.60-1.00,0.5036339069014701,0.01366380832038243,naive_bayes_log_probability_difference,20.0,available
BNB003,naive_bayes,DebtRatio_explicit_bin_1.00-2.00,0.725645463896794,0.01968707902976943,naive_bayes_log_probability_difference,16.0,available
BNB003,naive_bayes,DebtRatio_explicit_bin_2.00+,0.22180534361538395,0.006017676050135536,naive_bayes_log_probability_difference,33.0,available
BNB003,naive_bayes,NumberOfDependents_final_bin_0,0.15902763965332944,0.004314489465640859,naive_bayes_log_probability_difference,40.0,available
BNB003,naive_bayes,NumberOfDependents_final_bin_1,0.12688708058177234,0.003442502031026767,naive_bayes_log_probability_difference,42.0,available
BNB003,naive_bayes,NumberOfDependents_final_bin_2,0.1977987747443768,0.005366367329677057,naive_bayes_log_probability_difference,36.0,available
BNB003,naive_bayes,NumberOfDependents_final_bin_3+,0.36496909303786484,0.009901771230642792,naive_bayes_log_probability_difference,26.0,available
BNB003,naive_bayes,RealEstateLoans_final_bin_0,0.24586499102080062,0.0066704248144635,naive_bayes_log_probability_difference,30.0,available
BNB003,naive_bayes,RealEstateLoans_final_bin_1-2,0.2321912487246891,0.0062994502013643755,naive_bayes_log_probability_difference,32.0,available
BNB003,naive_bayes,RealEstateLoans_final_bin_3+,0.21751921541820618,0.005901391516230473,naive_bayes_log_probability_difference,34.0,available
BNB003,naive_bayes,NumberOfTime30-59DaysPastDueNotWorse_final_bin_0,0.5245527184772758,0.014231344833999106,naive_bayes_log_probability_difference,19.0,available
BNB003,naive_bayes,NumberOfTime30-59DaysPastDueNotWorse_final_bin_1,0.8795569615970731,0.02386276532503514,naive_bayes_log_probability_difference,14.0,available
BNB003,naive_bayes,NumberOfTime30-59DaysPastDueNotWorse_final_bin_2,1.6000951458902648,0.04341128162384874,naive_bayes_log_probability_difference,10.0,available
BNB003,naive_bayes,NumberOfTime30-59DaysPastDueNotWorse_final_bin_3+,2.2391931823784796,0.06075029106869169,naive_bayes_log_probability_difference,5.0,available
BNB003,naive_bayes,NumberOfTime60-89DaysPastDueNotWorse_final_bin_0,0.2830420850127773,0.007679055645815748,naive_bayes_log_probability_difference,27.0,available
BNB003,naive_bayes,NumberOfTime60-89DaysPastDueNotWorse_final_bin_1,1.8392669911742132,0.04990011846507313,naive_bayes_log_probability_difference,8.0,available
BNB003,naive_bayes,NumberOfTime60-89DaysPastDueNotWorse_final_bin_2,2.5348317592100846,0.06877109505067615,naive_bayes_log_probability_difference,4.0,available
BNB003,naive_bayes,NumberOfTime60-89DaysPastDueNotWorse_final_bin_3+,3.012116833457222,0.08172004800901667,naive_bayes_log_probability_difference,2.0,available
BNB003,naive_bayes,NumberOfTimes90DaysLate_final_bin_0,0.3898713292524274,0.010577379798139887,naive_bayes_log_probability_difference,25.0,available
BNB003,naive_bayes,NumberOfTimes90DaysLate_final_bin_1,1.9647686704155252,0.053305033951382697,naive_bayes_log_probability_difference,7.0,available
BNB003,naive_bayes,NumberOfTimes90DaysLate_final_bin_2,2.672613355692593,0.07250917006630765,naive_bayes_log_probability_difference,3.0,available
BNB003,naive_bayes,NumberOfTimes90DaysLate_final_bin_3+,3.0767698957418306,0.0834741138855929,naive_bayes_log_probability_difference,1.0,available
BNB004,naive_bayes,MonthlyIncome_missing_flag_bin,0.20578945035592522,0.005583157856308364,naive_bayes_log_probability_difference,35.0,available
BNB004,naive_bayes,DebtRatio_high_flag_bin,0.23523521835879802,0.006382034429796132,naive_bayes_log_probability_difference,31.0,available
BNB004,naive_bayes,NumberOfDependents_missing_flag_bin,0.39398273530775985,0.010688924043865808,naive_bayes_log_probability_difference,24.0,available
BNB004,naive_bayes,RevolvingUtilization_final_bin_0-5%,1.62001655767952,0.043951758244722965,naive_bayes_log_probability_difference,9.0,available
BNB004,naive_bayes,RevolvingUtilization_final_bin_100%+,2.070443274410744,0.056172032208522425,naive_bayes_log_probability_difference,6.0,available
BNB004,naive_bayes,RevolvingUtilization_final_bin_15-30%,0.6889713582452934,0.0186920944922379,naive_bayes_log_probability_difference,17.0,available
BNB004,naive_bayes,RevolvingUtilization_final_bin_30-50%,0.17560727106984864,0.004764302122401137,naive_bayes_log_probability_difference,38.0,available
BNB004,naive_bayes,RevolvingUtilization_final_bin_5-15%,1.1558656665298574,0.031359141422272946,naive_bayes_log_probability_difference,11.0,available
BNB004,naive_bayes,RevolvingUtilization_final_bin_50-75%,0.4891063451043207,0.01326966921052779,naive_bayes_log_probability_difference,22.0,available
BNB004,naive_bayes,RevolvingUtilization_final_bin_75-100%,1.14827611849406,0.031153233662333822,naive_bayes_log_probability_difference,12.0,available
BNB004,naive_bayes,RevolvingUtilization_final_bin_=0,0.8661336145077252,0.023498584043486325,naive_bayes_log_probability_difference,15.0,available
BNB004,naive_bayes,age_final_bin_v2_21-39,0.4914671579185139,0.013333719095437046,naive_bayes_log_probability_difference,21.0,available
BNB004,naive_bayes,age_final_bin_v2_40-49,0.2463576982020843,0.006683792175935558,naive_bayes_log_probability_difference,29.0,available
BNB004,naive_bayes,age_final_bin_v2_50-59,0.02644516975331701,0.0007174690297013518,naive_bayes_log_probability_difference,44.0,available
BNB004,naive_bayes,age_final_bin_v2_60-69,0.6671770018620959,0.01810080406479578,naive_bayes_log_probability_difference,18.0,available
BNB004,naive_bayes,age_final_bin_v2_70+,1.098031899257136,0.029790086003979456,naive_bayes_log_probability_difference,13.0,available
BNB004,naive_bayes,MonthlyIncome_final_bin_0-5000,0.2669291249728438,0.007241903987750945,naive_bayes_log_probability_difference,28.0,available
BNB004,naive_bayes,MonthlyIncome_final_bin_10000+,0.4384589062265336,0.011895582026839109,naive_bayes_log_probability_difference,23.0,available
BNB004,naive_bayes,MonthlyIncome_final_bin_5000-10000,0.14206558257899182,0.0038543014334072017,naive_bayes_log_probability_difference,41.0,available
BNB004,naive_bayes,DebtRatio_explicit_bin_0-0.20,0.08008220049693282,0.002172665149168753,naive_bayes_log_probability_difference,43.0,available
BNB004,naive_bayes,DebtRatio_explicit_bin_0.20-0.40,0.1770286381633639,0.004802864433739899,naive_bayes_log_probability_difference,37.0,available
BNB004,naive_bayes,DebtRatio_explicit_bin_0.40-0.60,0.16347775895026562,0.004435223149856577,naive_bayes_log_probability_difference,39.0,available
BNB004,naive_bayes,DebtRatio_explicit_bin_0.60-1.00,0.5036339069014701,0.01366380832038243,naive_bayes_log_probability_difference,20.0,available
BNB004,naive_bayes,DebtRatio_explicit_bin_1.00-2.00,0.725645463896794,0.01968707902976943,naive_bayes_log_probability_difference,16.0,available
BNB004,naive_bayes,DebtRatio_explicit_bin_2.00+,0.22180534361538395,0.006017676050135536,naive_bayes_log_probability_difference,33.0,available
BNB004,naive_bayes,NumberOfDependents_final_bin_0,0.15902763965332944,0.004314489465640859,naive_bayes_log_probability_difference,40.0,available
BNB004,naive_bayes,NumberOfDependents_final_bin_1,0.12688708058177234,0.003442502031026767,naive_bayes_log_probability_difference,42.0,available
BNB004,naive_bayes,NumberOfDependents_final_bin_2,0.1977987747443768,0.005366367329677057,naive_bayes_log_probability_difference,36.0,available
BNB004,naive_bayes,NumberOfDependents_final_bin_3+,0.36496909303786484,0.009901771230642792,naive_bayes_log_probability_difference,26.0,available
BNB004,naive_bayes,RealEstateLoans_final_bin_0,0.24586499102080062,0.0066704248144635,naive_bayes_log_probability_difference,30.0,available
BNB004,naive_bayes,RealEstateLoans_final_bin_1-2,0.2321912487246891,0.0062994502013643755,naive_bayes_log_probability_difference,32.0,available
BNB004,naive_bayes,RealEstateLoans_final_bin_3+,0.21751921541820618,0.005901391516230473,naive_bayes_log_probability_difference,34.0,available
BNB004,naive_bayes,NumberOfTime30-59DaysPastDueNotWorse_final_bin_0,0.5245527184772758,0.014231344833999106,naive_bayes_log_probability_difference,19.0,available
BNB004,naive_bayes,NumberOfTime30-59DaysPastDueNotWorse_final_bin_1,0.8795569615970731,0.02386276532503514,naive_bayes_log_probability_difference,14.0,available
BNB004,naive_bayes,NumberOfTime30-59DaysPastDueNotWorse_final_bin_2,1.6000951458902648,0.04341128162384874,naive_bayes_log_probability_difference,10.0,available
BNB004,naive_bayes,NumberOfTime30-59DaysPastDueNotWorse_final_bin_3+,2.2391931823784796,0.06075029106869169,naive_bayes_log_probability_difference,5.0,available
BNB004,naive_bayes,NumberOfTime60-89DaysPastDueNotWorse_final_bin_0,0.2830420850127773,0.007679055645815748,naive_bayes_log_probability_difference,27.0,available
BNB004,naive_bayes,NumberOfTime60-89DaysPastDueNotWorse_final_bin_1,1.8392669911742132,0.04990011846507313,naive_bayes_log_probability_difference,8.0,available
BNB004,naive_bayes,NumberOfTime60-89DaysPastDueNotWorse_final_bin_2,2.5348317592100846,0.06877109505067615,naive_bayes_log_probability_difference,4.0,available
BNB004,naive_bayes,NumberOfTime60-89DaysPastDueNotWorse_final_bin_3+,3.012116833457222,0.08172004800901667,naive_bayes_log_probability_difference,2.0,available
BNB004,naive_bayes,NumberOfTimes90DaysLate_final_bin_0,0.3898713292524274,0.010577379798139887,naive_bayes_log_probability_difference,25.0,available
BNB004,naive_bayes,NumberOfTimes90DaysLate_final_bin_1,1.9647686704155252,0.053305033951382697,naive_bayes_log_probability_difference,7.0,available
BNB004,naive_bayes,NumberOfTimes90DaysLate_final_bin_2,2.672613355692593,0.07250917006630765,naive_bayes_log_probability_difference,3.0,available
BNB004,naive_bayes,NumberOfTimes90DaysLate_final_bin_3+,3.0767698957418306,0.0834741138855929,naive_bayes_log_probability_difference,1.0,available
BNB005,naive_bayes,MonthlyIncome_missing_flag_bin,0.2057610768308944,0.0055825541949922125,naive_bayes_log_probability_difference,35.0,available
BNB005,naive_bayes,DebtRatio_high_flag_bin,0.2352050821582612,0.006381406718459297,naive_bayes_log_probability_difference,31.0,available
BNB005,naive_bayes,NumberOfDependents_missing_flag_bin,0.3936094039051934,0.010679113187015539,naive_bayes_log_probability_difference,24.0,available
BNB005,naive_bayes,RevolvingUtilization_final_bin_0-5%,1.6198940504192478,0.04394974241917993,naive_bayes_log_probability_difference,9.0,available
BNB005,naive_bayes,RevolvingUtilization_final_bin_100%+,2.0704555983936235,0.05617403818243418,naive_bayes_log_probability_difference,6.0,available
BNB005,naive_bayes,RevolvingUtilization_final_bin_15-30%,0.6888779932202569,0.018690117636049143,naive_bayes_log_probability_difference,17.0,available
BNB005,naive_bayes,RevolvingUtilization_final_bin_30-50%,0.17554606265895512,0.004762783241635779,naive_bayes_log_probability_difference,38.0,available
BNB005,naive_bayes,RevolvingUtilization_final_bin_5-15%,1.155759158037192,0.031357184922801845,naive_bayes_log_probability_difference,11.0,available
BNB005,naive_bayes,RevolvingUtilization_final_bin_50-75%,0.4891366285941583,0.013270885727949643,naive_bayes_log_probability_difference,22.0,available
BNB005,naive_bayes,RevolvingUtilization_final_bin_75-100%,1.1482754366416614,0.03115414224381593,naive_bayes_log_probability_difference,12.0,available
BNB005,naive_bayes,RevolvingUtilization_final_bin_=0,0.8659245089638841,0.023493610037994717,naive_bayes_log_probability_difference,15.0,available
BNB005,naive_bayes,age_final_bin_v2_21-39,0.49147264026758286,0.013334264633075342,naive_bayes_log_probability_difference,21.0,available
BNB005,naive_bayes,age_final_bin_v2_40-49,0.24636697221205228,0.006684242692607335,naive_bayes_log_probability_difference,29.0,available
BNB005,naive_bayes,age_final_bin_v2_50-59,0.02642939110378606,0.0007170622862689914,naive_bayes_log_probability_difference,44.0,available
BNB005,naive_bayes,age_final_bin_v2_60-69,0.6671229040113795,0.01809987497987729,naive_bayes_log_probability_difference,18.0,available
BNB005,naive_bayes,age_final_bin_v2_70+,1.0978912330822146,0.029787156070948565,naive_bayes_log_probability_difference,13.0,available
BNB005,naive_bayes,MonthlyIncome_final_bin_0-5000,0.2669294102094586,0.007242127236514681,naive_bayes_log_probability_difference,28.0,available
BNB005,naive_bayes,MonthlyIncome_final_bin_10000+,0.4383882148668352,0.011894018079771926,naive_bayes_log_probability_difference,23.0,available
BNB005,naive_bayes,MonthlyIncome_final_bin_5000-10000,0.14206365802377263,0.0038543639169829266,naive_bayes_log_probability_difference,41.0,available
BNB005,naive_bayes,DebtRatio_explicit_bin_0-0.20,0.08006975586587295,0.00217239216661174,naive_bayes_log_probability_difference,43.0,available
BNB005,naive_bayes,DebtRatio_explicit_bin_0.20-0.40,0.1770110127107083,0.004802529160459823,naive_bayes_log_probability_difference,37.0,available
BNB005,naive_bayes,DebtRatio_explicit_bin_0.40-0.60,0.1635034961801356,0.004436053419600203,naive_bayes_log_probability_difference,39.0,available
BNB005,naive_bayes,DebtRatio_explicit_bin_0.60-1.00,0.5036673273494543,0.013665121676467804,naive_bayes_log_probability_difference,20.0,available
BNB005,naive_bayes,DebtRatio_explicit_bin_1.00-2.00,0.72574821803037,0.019690452740016184,naive_bayes_log_probability_difference,16.0,available
BNB005,naive_bayes,DebtRatio_explicit_bin_2.00+,0.22177872655355468,0.006017132974566946,naive_bayes_log_probability_difference,33.0,available
BNB005,naive_bayes,NumberOfDependents_final_bin_0,0.1590280250529652,0.004314628315783871,naive_bayes_log_probability_difference,40.0,available
BNB005,naive_bayes,NumberOfDependents_final_bin_1,0.12690686925842876,0.0034431413669856726,naive_bayes_log_probability_difference,42.0,available
BNB005,naive_bayes,NumberOfDependents_final_bin_2,0.19782726584209342,0.005367300024961761,naive_bayes_log_probability_difference,36.0,available
BNB005,naive_bayes,NumberOfDependents_final_bin_3+,0.3650071310207217,0.009903097912713935,naive_bayes_log_probability_difference,26.0,available
BNB005,naive_bayes,RealEstateLoans_final_bin_0,0.24586560775449584,0.006670640050655515,naive_bayes_log_probability_difference,30.0,available
BNB005,naive_bayes,RealEstateLoans_final_bin_1-2,0.23218957059179957,0.006299592135231619,naive_bayes_log_probability_difference,32.0,available
BNB005,naive_bayes,RealEstateLoans_final_bin_3+,0.2175855668687836,0.005903367331671671,naive_bayes_log_probability_difference,34.0,available
BNB005,naive_bayes,NumberOfTime30-59DaysPastDueNotWorse_final_bin_0,0.524552590323168,0.014231764863912063,naive_bayes_log_probability_difference,19.0,available
BNB005,naive_bayes,NumberOfTime30-59DaysPastDueNotWorse_final_bin_1,0.8795685456509572,0.023863789740673116,naive_bayes_log_probability_difference,14.0,available
BNB005,naive_bayes,NumberOfTime30-59DaysPastDueNotWorse_final_bin_2,1.6001203364474073,0.04341325694007837,naive_bayes_log_probability_difference,10.0,available
BNB005,naive_bayes,NumberOfTime30-59DaysPastDueNotWorse_final_bin_3+,2.2391975745663855,0.06075221808634635,naive_bayes_log_probability_difference,5.0,available
BNB005,naive_bayes,NumberOfTime60-89DaysPastDueNotWorse_final_bin_0,0.2830460544668938,0.0076793918610699174,naive_bayes_log_probability_difference,27.0,available
BNB005,naive_bayes,NumberOfTime60-89DaysPastDueNotWorse_final_bin_1,1.8392758102172104,0.049901842701350514,naive_bayes_log_probability_difference,8.0,available
BNB005,naive_bayes,NumberOfTime60-89DaysPastDueNotWorse_final_bin_2,2.5348310665713205,0.06877312279967426,naive_bayes_log_probability_difference,4.0,available
BNB005,naive_bayes,NumberOfTime60-89DaysPastDueNotWorse_final_bin_3+,3.012024867839008,0.08171998475297068,naive_bayes_log_probability_difference,2.0,available
BNB005,naive_bayes,NumberOfTimes90DaysLate_final_bin_0,0.389874193734709,0.010577772284607876,naive_bayes_log_probability_difference,25.0,available
BNB005,naive_bayes,NumberOfTimes90DaysLate_final_bin_1,1.9647751368069013,0.05330679568328778,naive_bayes_log_probability_difference,7.0,available
BNB005,naive_bayes,NumberOfTimes90DaysLate_final_bin_2,2.672596512930429,0.0725108708827536,naive_bayes_log_probability_difference,3.0,available
BNB005,naive_bayes,NumberOfTimes90DaysLate_final_bin_3+,3.0767129042220898,0.0834750517191733,naive_bayes_log_probability_difference,1.0,available
BNB006,naive_bayes,MonthlyIncome_missing_flag_bin,0.2057610768308944,0.0055825541949922125,naive_bayes_log_probability_difference,35.0,available
BNB006,naive_bayes,DebtRatio_high_flag_bin,0.2352050821582612,0.006381406718459297,naive_bayes_log_probability_difference,31.0,available
BNB006,naive_bayes,NumberOfDependents_missing_flag_bin,0.3936094039051934,0.010679113187015539,naive_bayes_log_probability_difference,24.0,available
BNB006,naive_bayes,RevolvingUtilization_final_bin_0-5%,1.6198940504192478,0.04394974241917993,naive_bayes_log_probability_difference,9.0,available
BNB006,naive_bayes,RevolvingUtilization_final_bin_100%+,2.0704555983936235,0.05617403818243418,naive_bayes_log_probability_difference,6.0,available
BNB006,naive_bayes,RevolvingUtilization_final_bin_15-30%,0.6888779932202569,0.018690117636049143,naive_bayes_log_probability_difference,17.0,available
BNB006,naive_bayes,RevolvingUtilization_final_bin_30-50%,0.17554606265895512,0.004762783241635779,naive_bayes_log_probability_difference,38.0,available
BNB006,naive_bayes,RevolvingUtilization_final_bin_5-15%,1.155759158037192,0.031357184922801845,naive_bayes_log_probability_difference,11.0,available
BNB006,naive_bayes,RevolvingUtilization_final_bin_50-75%,0.4891366285941583,0.013270885727949643,naive_bayes_log_probability_difference,22.0,available
BNB006,naive_bayes,RevolvingUtilization_final_bin_75-100%,1.1482754366416614,0.03115414224381593,naive_bayes_log_probability_difference,12.0,available
BNB006,naive_bayes,RevolvingUtilization_final_bin_=0,0.8659245089638841,0.023493610037994717,naive_bayes_log_probability_difference,15.0,available
BNB006,naive_bayes,age_final_bin_v2_21-39,0.49147264026758286,0.013334264633075342,naive_bayes_log_probability_difference,21.0,available
BNB006,naive_bayes,age_final_bin_v2_40-49,0.24636697221205228,0.006684242692607335,naive_bayes_log_probability_difference,29.0,available
BNB006,naive_bayes,age_final_bin_v2_50-59,0.02642939110378606,0.0007170622862689914,naive_bayes_log_probability_difference,44.0,available
BNB006,naive_bayes,age_final_bin_v2_60-69,0.6671229040113795,0.01809987497987729,naive_bayes_log_probability_difference,18.0,available
BNB006,naive_bayes,age_final_bin_v2_70+,1.0978912330822146,0.029787156070948565,naive_bayes_log_probability_difference,13.0,available
BNB006,naive_bayes,MonthlyIncome_final_bin_0-5000,0.2669294102094586,0.007242127236514681,naive_bayes_log_probability_difference,28.0,available
BNB006,naive_bayes,MonthlyIncome_final_bin_10000+,0.4383882148668352,0.011894018079771926,naive_bayes_log_probability_difference,23.0,available
BNB006,naive_bayes,MonthlyIncome_final_bin_5000-10000,0.14206365802377263,0.0038543639169829266,naive_bayes_log_probability_difference,41.0,available
BNB006,naive_bayes,DebtRatio_explicit_bin_0-0.20,0.08006975586587295,0.00217239216661174,naive_bayes_log_probability_difference,43.0,available
BNB006,naive_bayes,DebtRatio_explicit_bin_0.20-0.40,0.1770110127107083,0.004802529160459823,naive_bayes_log_probability_difference,37.0,available
BNB006,naive_bayes,DebtRatio_explicit_bin_0.40-0.60,0.1635034961801356,0.004436053419600203,naive_bayes_log_probability_difference,39.0,available
BNB006,naive_bayes,DebtRatio_explicit_bin_0.60-1.00,0.5036673273494543,0.013665121676467804,naive_bayes_log_probability_difference,20.0,available
BNB006,naive_bayes,DebtRatio_explicit_bin_1.00-2.00,0.72574821803037,0.019690452740016184,naive_bayes_log_probability_difference,16.0,available
BNB006,naive_bayes,DebtRatio_explicit_bin_2.00+,0.22177872655355468,0.006017132974566946,naive_bayes_log_probability_difference,33.0,available
BNB006,naive_bayes,NumberOfDependents_final_bin_0,0.1590280250529652,0.004314628315783871,naive_bayes_log_probability_difference,40.0,available
BNB006,naive_bayes,NumberOfDependents_final_bin_1,0.12690686925842876,0.0034431413669856726,naive_bayes_log_probability_difference,42.0,available
BNB006,naive_bayes,NumberOfDependents_final_bin_2,0.19782726584209342,0.005367300024961761,naive_bayes_log_probability_difference,36.0,available
BNB006,naive_bayes,NumberOfDependents_final_bin_3+,0.3650071310207217,0.009903097912713935,naive_bayes_log_probability_difference,26.0,available
BNB006,naive_bayes,RealEstateLoans_final_bin_0,0.24586560775449584,0.006670640050655515,naive_bayes_log_probability_difference,30.0,available
BNB006,naive_bayes,RealEstateLoans_final_bin_1-2,0.23218957059179957,0.006299592135231619,naive_bayes_log_probability_difference,32.0,available
BNB006,naive_bayes,RealEstateLoans_final_bin_3+,0.2175855668687836,0.005903367331671671,naive_bayes_log_probability_difference,34.0,available
BNB006,naive_bayes,NumberOfTime30-59DaysPastDueNotWorse_final_bin_0,0.524552590323168,0.014231764863912063,naive_bayes_log_probability_difference,19.0,available
BNB006,naive_bayes,NumberOfTime30-59DaysPastDueNotWorse_final_bin_1,0.8795685456509572,0.023863789740673116,naive_bayes_log_probability_difference,14.0,available
BNB006,naive_bayes,NumberOfTime30-59DaysPastDueNotWorse_final_bin_2,1.6001203364474073,0.04341325694007837,naive_bayes_log_probability_difference,10.0,available
BNB006,naive_bayes,NumberOfTime30-59DaysPastDueNotWorse_final_bin_3+,2.2391975745663855,0.06075221808634635,naive_bayes_log_probability_difference,5.0,available
BNB006,naive_bayes,NumberOfTime60-89DaysPastDueNotWorse_final_bin_0,0.2830460544668938,0.0076793918610699174,naive_bayes_log_probability_difference,27.0,available
BNB006,naive_bayes,NumberOfTime60-89DaysPastDueNotWorse_final_bin_1,1.8392758102172104,0.049901842701350514,naive_bayes_log_probability_difference,8.0,available
BNB006,naive_bayes,NumberOfTime60-89DaysPastDueNotWorse_final_bin_2,2.5348310665713205,0.06877312279967426,naive_bayes_log_probability_difference,4.0,available
BNB006,naive_bayes,NumberOfTime60-89DaysPastDueNotWorse_final_bin_3+,3.012024867839008,0.08171998475297068,naive_bayes_log_probability_difference,2.0,available
BNB006,naive_bayes,NumberOfTimes90DaysLate_final_bin_0,0.389874193734709,0.010577772284607876,naive_bayes_log_probability_difference,25.0,available
BNB006,naive_bayes,NumberOfTimes90DaysLate_final_bin_1,1.9647751368069013,0.05330679568328778,naive_bayes_log_probability_difference,7.0,available
BNB006,naive_bayes,NumberOfTimes90DaysLate_final_bin_2,2.672596512930429,0.0725108708827536,naive_bayes_log_probability_difference,3.0,available
BNB006,naive_bayes,NumberOfTimes90DaysLate_final_bin_3+,3.0767129042220898,0.0834750517191733,naive_bayes_log_probability_difference,1.0,available
BNB007,naive_bayes,MonthlyIncome_missing_flag_bin,0.2056759667234198,0.0055807430024564005,naive_bayes_log_probability_difference,35.0,available
BNB007,naive_bayes,DebtRatio_high_flag_bin,0.23511468499164057,0.006379523353869967,naive_bayes_log_probability_difference,31.0,available
BNB007,naive_bayes,NumberOfDependents_missing_flag_bin,0.3924903954862069,0.010649703332069377,naive_bayes_log_probability_difference,24.0,available
BNB007,naive_bayes,RevolvingUtilization_final_bin_0-5%,1.6195266411514595,0.043943695094194844,naive_bayes_log_probability_difference,9.0,available
BNB007,naive_bayes,RevolvingUtilization_final_bin_100%+,2.0704925572634094,0.05618005367697685,naive_bayes_log_probability_difference,6.0,available
BNB007,naive_bayes,RevolvingUtilization_final_bin_15-30%,0.6885979702104432,0.018684187389406016,naive_bayes_log_probability_difference,17.0,available
BNB007,naive_bayes,RevolvingUtilization_final_bin_30-50%,0.17536247373087033,0.004758226805774688,naive_bayes_log_probability_difference,38.0,available
BNB007,naive_bayes,RevolvingUtilization_final_bin_5-15%,1.155439721347883,0.03135131557856501,naive_bayes_log_probability_difference,11.0,available
BNB007,naive_bayes,RevolvingUtilization_final_bin_50-75%,0.48922746589489474,0.013274534698426307,naive_bayes_log_probability_difference,22.0,available
BNB007,naive_bayes,RevolvingUtilization_final_bin_75-100%,1.1482733907984723,0.031156866758393943,naive_bayes_log_probability_difference,12.0,available
BNB007,naive_bayes,RevolvingUtilization_final_bin_=0,0.8652975060729231,0.023478693592592574,naive_bayes_log_probability_difference,15.0,available
BNB007,naive_bayes,age_final_bin_v2_21-39,0.49148908586597706,0.013335900739529234,naive_bayes_log_probability_difference,21.0,available
BNB007,naive_bayes,age_final_bin_v2_40-49,0.2463947917988687,0.006685594005362527,naive_bayes_log_probability_difference,29.0,available
BNB007,naive_bayes,age_final_bin_v2_50-59,0.026382059754401332,0.0007158419999685698,naive_bayes_log_probability_difference,44.0,available
BNB007,naive_bayes,age_final_bin_v2_60-69,0.6669606385337543,0.018097087256754688,naive_bayes_log_probability_difference,18.0,available
BNB007,naive_bayes,age_final_bin_v2_70+,1.0974693824004502,0.029778367758823112,naive_bayes_log_probability_difference,13.0,available
BNB007,naive_bayes,MonthlyIncome_final_bin_0-5000,0.2669302658089734,0.00724279670001731,naive_bayes_log_probability_difference,28.0,available
BNB007,naive_bayes,MonthlyIncome_final_bin_10000+,0.438176185943953,0.011889326315106627,naive_bayes_log_probability_difference,23.0,available
BNB007,naive_bayes,MonthlyIncome_final_bin_5000-10000,0.1420578847068832,0.003854551208152525,naive_bayes_log_probability_difference,41.0,available
BNB007,naive_bayes,DebtRatio_explicit_bin_0-0.20,0.08003242527947929,0.0021715731033790783,naive_bayes_log_probability_difference,43.0,available
BNB007,naive_bayes,DebtRatio_explicit_bin_0.20-0.40,0.17695814158751144,0.004801523124576823,naive_bayes_log_probability_difference,37.0,available
BNB007,naive_bayes,DebtRatio_explicit_bin_0.40-0.60,0.1635806982828596,0.0044385440448986135,naive_bayes_log_probability_difference,39.0,available
BNB007,naive_bayes,DebtRatio_explicit_bin_0.60-1.00,0.5037675733193296,0.013669061118097877,naive_bayes_log_probability_difference,20.0,available
BNB007,naive_bayes,DebtRatio_explicit_bin_1.00-2.00,0.7260563728107368,0.019700571177580423,naive_bayes_log_probability_difference,16.0,available
BNB007,naive_bayes,DebtRatio_explicit_bin_2.00+,0.22169888485047107,0.006015503512597671,naive_bayes_log_probability_difference,33.0,available
BNB007,naive_bayes,NumberOfDependents_final_bin_0,0.15902918115810394,0.004315044699062558,naive_bayes_log_probability_difference,40.0,available
BNB007,naive_bayes,NumberOfDependents_final_bin_1,0.1269662287938944,0.003445059255963725,naive_bayes_log_probability_difference,42.0,available
BNB007,naive_bayes,NumberOfDependents_final_bin_2,0.19791272789446435,0.005370097872345738,naive_bayes_log_probability_difference,36.0,available
BNB007,naive_bayes,NumberOfDependents_final_bin_3+,0.36512122676465175,0.009907077446998112,naive_bayes_log_probability_difference,26.0,available
BNB007,naive_bayes,RealEstateLoans_final_bin_0,0.24586745778495356,0.0066712855003145275,naive_bayes_log_probability_difference,30.0,available
BNB007,naive_bayes,RealEstateLoans_final_bin_1-2,0.23218453647525195,0.006300017682451471,naive_bayes_log_probability_difference,32.0,available
BNB007,naive_bayes,RealEstateLoans_final_bin_3+,0.21778457697727927,0.0059092939898188115,naive_bayes_log_probability_difference,34.0,available
BNB007,naive_bayes,NumberOfTime30-59DaysPastDueNotWorse_final_bin_0,0.5245522058136753,0.014233024395865905,naive_bayes_log_probability_difference,19.0,available
BNB007,naive_bayes,NumberOfTime30-59DaysPastDueNotWorse_final_bin_1,0.8796032937806713,0.023866862059314802,naive_bayes_log_probability_difference,14.0,available
BNB007,naive_bayes,NumberOfTime30-59DaysPastDueNotWorse_final_bin_2,1.6001958906835672,0.04341918096585728,naive_bayes_log_probability_difference,10.0,available
BNB007,naive_bayes,NumberOfTime30-59DaysPastDueNotWorse_final_bin_3+,2.239210742760852,0.06075799658446376,naive_bayes_log_probability_difference,5.0,available
BNB007,naive_bayes,NumberOfTime60-89DaysPastDueNotWorse_final_bin_0,0.2830579621889129,0.007680400228285254,naive_bayes_log_probability_difference,27.0,available
BNB007,naive_bayes,NumberOfTime60-89DaysPastDueNotWorse_final_bin_1,1.8393022608249368,0.04990701337169011,naive_bayes_log_probability_difference,8.0,available
BNB007,naive_bayes,NumberOfTime60-89DaysPastDueNotWorse_final_bin_2,2.534828970740449,0.06877920287063236,naive_bayes_log_probability_difference,4.0,available
BNB007,naive_bayes,NumberOfTime60-89DaysPastDueNotWorse_final_bin_3+,3.01174917093726,0.08171979633120702,naive_bayes_log_probability_difference,2.0,available
BNB007,naive_bayes,NumberOfTimes90DaysLate_final_bin_0,0.38988278667860676,0.010578949345407788,naive_bayes_log_probability_difference,25.0,available
BNB007,naive_bayes,NumberOfTimes90DaysLate_final_bin_1,1.9647945299679277,0.0533120786986658,naive_bayes_log_probability_difference,7.0,available
BNB007,naive_bayes,NumberOfTimes90DaysLate_final_bin_2,2.672545989849815,0.07251597048114887,naive_bayes_log_probability_difference,3.0,available
BNB007,naive_bayes,NumberOfTimes90DaysLate_final_bin_3+,3.0765419835385313,0.08347786287293506,naive_bayes_log_probability_difference,1.0,available
BNB008,naive_bayes,MonthlyIncome_missing_flag_bin,0.2056759667234198,0.0055807430024564005,naive_bayes_log_probability_difference,35.0,available
BNB008,naive_bayes,DebtRatio_high_flag_bin,0.23511468499164057,0.006379523353869967,naive_bayes_log_probability_difference,31.0,available
BNB008,naive_bayes,NumberOfDependents_missing_flag_bin,0.3924903954862069,0.010649703332069377,naive_bayes_log_probability_difference,24.0,available
BNB008,naive_bayes,RevolvingUtilization_final_bin_0-5%,1.6195266411514595,0.043943695094194844,naive_bayes_log_probability_difference,9.0,available
BNB008,naive_bayes,RevolvingUtilization_final_bin_100%+,2.0704925572634094,0.05618005367697685,naive_bayes_log_probability_difference,6.0,available
BNB008,naive_bayes,RevolvingUtilization_final_bin_15-30%,0.6885979702104432,0.018684187389406016,naive_bayes_log_probability_difference,17.0,available
BNB008,naive_bayes,RevolvingUtilization_final_bin_30-50%,0.17536247373087033,0.004758226805774688,naive_bayes_log_probability_difference,38.0,available
BNB008,naive_bayes,RevolvingUtilization_final_bin_5-15%,1.155439721347883,0.03135131557856501,naive_bayes_log_probability_difference,11.0,available
BNB008,naive_bayes,RevolvingUtilization_final_bin_50-75%,0.48922746589489474,0.013274534698426307,naive_bayes_log_probability_difference,22.0,available
BNB008,naive_bayes,RevolvingUtilization_final_bin_75-100%,1.1482733907984723,0.031156866758393943,naive_bayes_log_probability_difference,12.0,available
BNB008,naive_bayes,RevolvingUtilization_final_bin_=0,0.8652975060729231,0.023478693592592574,naive_bayes_log_probability_difference,15.0,available
BNB008,naive_bayes,age_final_bin_v2_21-39,0.49148908586597706,0.013335900739529234,naive_bayes_log_probability_difference,21.0,available
BNB008,naive_bayes,age_final_bin_v2_40-49,0.2463947917988687,0.006685594005362527,naive_bayes_log_probability_difference,29.0,available
BNB008,naive_bayes,age_final_bin_v2_50-59,0.026382059754401332,0.0007158419999685698,naive_bayes_log_probability_difference,44.0,available
BNB008,naive_bayes,age_final_bin_v2_60-69,0.6669606385337543,0.018097087256754688,naive_bayes_log_probability_difference,18.0,available
BNB008,naive_bayes,age_final_bin_v2_70+,1.0974693824004502,0.029778367758823112,naive_bayes_log_probability_difference,13.0,available
BNB008,naive_bayes,MonthlyIncome_final_bin_0-5000,0.2669302658089734,0.00724279670001731,naive_bayes_log_probability_difference,28.0,available
BNB008,naive_bayes,MonthlyIncome_final_bin_10000+,0.438176185943953,0.011889326315106627,naive_bayes_log_probability_difference,23.0,available
BNB008,naive_bayes,MonthlyIncome_final_bin_5000-10000,0.1420578847068832,0.003854551208152525,naive_bayes_log_probability_difference,41.0,available
BNB008,naive_bayes,DebtRatio_explicit_bin_0-0.20,0.08003242527947929,0.0021715731033790783,naive_bayes_log_probability_difference,43.0,available
BNB008,naive_bayes,DebtRatio_explicit_bin_0.20-0.40,0.17695814158751144,0.004801523124576823,naive_bayes_log_probability_difference,37.0,available
BNB008,naive_bayes,DebtRatio_explicit_bin_0.40-0.60,0.1635806982828596,0.0044385440448986135,naive_bayes_log_probability_difference,39.0,available
BNB008,naive_bayes,DebtRatio_explicit_bin_0.60-1.00,0.5037675733193296,0.013669061118097877,naive_bayes_log_probability_difference,20.0,available
BNB008,naive_bayes,DebtRatio_explicit_bin_1.00-2.00,0.7260563728107368,0.019700571177580423,naive_bayes_log_probability_difference,16.0,available
BNB008,naive_bayes,DebtRatio_explicit_bin_2.00+,0.22169888485047107,0.006015503512597671,naive_bayes_log_probability_difference,33.0,available
BNB008,naive_bayes,NumberOfDependents_final_bin_0,0.15902918115810394,0.004315044699062558,naive_bayes_log_probability_difference,40.0,available
BNB008,naive_bayes,NumberOfDependents_final_bin_1,0.1269662287938944,0.003445059255963725,naive_bayes_log_probability_difference,42.0,available
BNB008,naive_bayes,NumberOfDependents_final_bin_2,0.19791272789446435,0.005370097872345738,naive_bayes_log_probability_difference,36.0,available
BNB008,naive_bayes,NumberOfDependents_final_bin_3+,0.36512122676465175,0.009907077446998112,naive_bayes_log_probability_difference,26.0,available
BNB008,naive_bayes,RealEstateLoans_final_bin_0,0.24586745778495356,0.0066712855003145275,naive_bayes_log_probability_difference,30.0,available
BNB008,naive_bayes,RealEstateLoans_final_bin_1-2,0.23218453647525195,0.006300017682451471,naive_bayes_log_probability_difference,32.0,available
BNB008,naive_bayes,RealEstateLoans_final_bin_3+,0.21778457697727927,0.0059092939898188115,naive_bayes_log_probability_difference,34.0,available
BNB008,naive_bayes,NumberOfTime30-59DaysPastDueNotWorse_final_bin_0,0.5245522058136753,0.014233024395865905,naive_bayes_log_probability_difference,19.0,available
BNB008,naive_bayes,NumberOfTime30-59DaysPastDueNotWorse_final_bin_1,0.8796032937806713,0.023866862059314802,naive_bayes_log_probability_difference,14.0,available
BNB008,naive_bayes,NumberOfTime30-59DaysPastDueNotWorse_final_bin_2,1.6001958906835672,0.04341918096585728,naive_bayes_log_probability_difference,10.0,available
BNB008,naive_bayes,NumberOfTime30-59DaysPastDueNotWorse_final_bin_3+,2.239210742760852,0.06075799658446376,naive_bayes_log_probability_difference,5.0,available
BNB008,naive_bayes,NumberOfTime60-89DaysPastDueNotWorse_final_bin_0,0.2830579621889129,0.007680400228285254,naive_bayes_log_probability_difference,27.0,available
BNB008,naive_bayes,NumberOfTime60-89DaysPastDueNotWorse_final_bin_1,1.8393022608249368,0.04990701337169011,naive_bayes_log_probability_difference,8.0,available
BNB008,naive_bayes,NumberOfTime60-89DaysPastDueNotWorse_final_bin_2,2.534828970740449,0.06877920287063236,naive_bayes_log_probability_difference,4.0,available
BNB008,naive_bayes,NumberOfTime60-89DaysPastDueNotWorse_final_bin_3+,3.01174917093726,0.08171979633120702,naive_bayes_log_probability_difference,2.0,available
BNB008,naive_bayes,NumberOfTimes90DaysLate_final_bin_0,0.38988278667860676,0.010578949345407788,naive_bayes_log_probability_difference,25.0,available
BNB008,naive_bayes,NumberOfTimes90DaysLate_final_bin_1,1.9647945299679277,0.0533120786986658,naive_bayes_log_probability_difference,7.0,available
BNB008,naive_bayes,NumberOfTimes90DaysLate_final_bin_2,2.672545989849815,0.07251597048114887,naive_bayes_log_probability_difference,3.0,available
BNB008,naive_bayes,NumberOfTimes90DaysLate_final_bin_3+,3.0765419835385313,0.08347786287293506,naive_bayes_log_probability_difference,1.0,available
BNB009,naive_bayes,MonthlyIncome_missing_flag_bin,0.20553415142632847,0.005577723655147157,naive_bayes_log_probability_difference,35.0,available
BNB009,naive_bayes,DebtRatio_high_flag_bin,0.2349640611525583,0.006376383646733402,naive_bayes_log_probability_difference,31.0,available
BNB009,naive_bayes,NumberOfDependents_missing_flag_bin,0.39062865940147784,0.010600762446541732,naive_bayes_log_probability_difference,24.0,available
BNB009,naive_bayes,RevolvingUtilization_final_bin_0-5%,1.6189146671025494,0.04393361673327185,naive_bayes_log_probability_difference,9.0,available
BNB009,naive_bayes,RevolvingUtilization_final_bin_100%+,2.0705541118037,0.05619007142377172,naive_bayes_log_probability_difference,6.0,available
BNB009,naive_bayes,RevolvingUtilization_final_bin_15-30%,0.688131505249892,0.018674304722833893,naive_bayes_log_probability_difference,17.0,available
BNB009,naive_bayes,RevolvingUtilization_final_bin_30-50%,0.1750566131400726,0.004750633436464762,naive_bayes_log_probability_difference,38.0,available
BNB009,naive_bayes,RevolvingUtilization_final_bin_5-15%,1.1549076226078308,0.03134153385909904,naive_bayes_log_probability_difference,11.0,available
BNB009,naive_bayes,RevolvingUtilization_final_bin_50-75%,0.4893788175142184,0.013280614378848875,naive_bayes_log_probability_difference,22.0,available
BNB009,naive_bayes,RevolvingUtilization_final_bin_75-100%,1.1482699801066971,0.031161403523891688,naive_bayes_log_probability_difference,12.0,available
BNB009,naive_bayes,RevolvingUtilization_final_bin_=0,0.8642535456135274,0.02345385140114418,naive_bayes_log_probability_difference,15.0,available
BNB009,naive_bayes,age_final_bin_v2_21-39,0.4915164903680802,0.013338625898400285,naive_bayes_log_probability_difference,21.0,available
BNB009,naive_bayes,age_final_bin_v2_40-49,0.2464411496347827,0.006687845403698233,naive_bayes_log_probability_difference,29.0,available
BNB009,naive_bayes,age_final_bin_v2_50-59,0.026303189499461865,0.0007138080034818646,naive_bayes_log_probability_difference,44.0,available
BNB009,naive_bayes,age_final_bin_v2_60-69,0.6666902896121139,0.018092439495921406,naive_bayes_log_probability_difference,18.0,available
BNB009,naive_bayes,age_final_bin_v2_70+,1.0967667902713023,0.02976372553088241,naive_bayes_log_probability_difference,13.0,available
BNB009,naive_bayes,MonthlyIncome_final_bin_0-5000,0.26693169144046536,0.007243911531605469,naive_bayes_log_probability_difference,28.0,available
BNB009,naive_bayes,MonthlyIncome_final_bin_10000+,0.4378229548450996,0.011881506966404394,naive_bayes_log_probability_difference,23.0,available
BNB009,naive_bayes,MonthlyIncome_final_bin_5000-10000,0.14204826367444845,0.003854862829224492,naive_bayes_log_probability_difference,41.0,available
BNB009,naive_bayes,DebtRatio_explicit_bin_0-0.20,0.07997021865593812,0.0021702076137181466,naive_bayes_log_probability_difference,43.0,available
BNB009,naive_bayes,DebtRatio_explicit_bin_0.20-0.40,0.17687004049416455,0.004799845679683792,naive_bayes_log_probability_difference,37.0,available
BNB009,naive_bayes,DebtRatio_explicit_bin_0.40-0.60,0.1637093365067166,0.004442694474204007,naive_bayes_log_probability_difference,39.0,available
BNB009,naive_bayes,DebtRatio_explicit_bin_0.60-1.00,0.5039345987063211,0.013675624767686557,naive_bayes_log_probability_difference,20.0,available
BNB009,naive_bayes,DebtRatio_explicit_bin_1.00-2.00,0.7265696056783977,0.019717426269940126,naive_bayes_log_probability_difference,16.0,available
BNB009,naive_bayes,DebtRatio_explicit_bin_2.00+,0.2215658469446007,0.006012786960704119,naive_bayes_log_probability_difference,33.0,available
BNB009,naive_bayes,NumberOfDependents_final_bin_0,0.15903110768745954,0.004315738115038001,naive_bayes_log_probability_difference,40.0,available
BNB009,naive_bayes,NumberOfDependents_final_bin_1,0.1270651397099236,0.0034482553414421618,naive_bayes_log_probability_difference,42.0,available
BNB009,naive_bayes,NumberOfDependents_final_bin_2,0.19805512719028773,0.005374760156821984,naive_bayes_log_probability_difference,36.0,available
BNB009,naive_bayes,NumberOfDependents_final_bin_3+,0.36531132567782265,0.00991370829901578,naive_bayes_log_probability_difference,26.0,available
BNB009,naive_bayes,RealEstateLoans_final_bin_0,0.24587054060040892,0.006672360388255395,naive_bayes_log_probability_difference,30.0,available
BNB009,naive_bayes,RealEstateLoans_final_bin_1-2,0.23217614722127244,0.00630072608143277,naive_bayes_log_probability_difference,32.0,available
BNB009,naive_bayes,RealEstateLoans_final_bin_3+,0.21811611309365375,0.005919169126534669,naive_bayes_log_probability_difference,34.0,available
BNB009,naive_bayes,NumberOfTime30-59DaysPastDueNotWorse_final_bin_0,0.5245515648073038,0.014235121759893408,naive_bayes_log_probability_difference,19.0,available
BNB009,naive_bayes,NumberOfTime30-59DaysPastDueNotWorse_final_bin_1,0.8796611938932806,0.023871979501432033,naive_bayes_log_probability_difference,14.0,available
BNB009,naive_bayes,NumberOfTime30-59DaysPastDueNotWorse_final_bin_2,1.6003217563169256,0.04342904794221045,naive_bayes_log_probability_difference,10.0,available
BNB009,naive_bayes,NumberOfTime30-59DaysPastDueNotWorse_final_bin_3+,2.2392326618669696,0.060767618912958975,naive_bayes_log_probability_difference,5.0,available
BNB009,naive_bayes,NumberOfTime60-89DaysPastDueNotWorse_final_bin_0,0.28307780625804924,0.0076820799135108005,naive_bayes_log_probability_difference,27.0,available
BNB009,naive_bayes,NumberOfTime60-89DaysPastDueNotWorse_final_bin_1,1.8393463234403624,0.0499156243722281,naive_bayes_log_probability_difference,8.0,available
BNB009,naive_bayes,NumberOfTime60-89DaysPastDueNotWorse_final_bin_2,2.534825418046287,0.06878932575335477,naive_bayes_log_probability_difference,4.0,available
BNB009,naive_bayes,NumberOfTime60-89DaysPastDueNotWorse_final_bin_3+,3.011290341342735,0.08171948677562682,naive_bayes_log_probability_difference,2.0,available
BNB009,naive_bayes,NumberOfTimes90DaysLate_final_bin_0,0.38989710657545196,0.010580909787144752,naive_bayes_log_probability_difference,25.0,available
BNB009,naive_bayes,NumberOfTimes90DaysLate_final_bin_1,1.9648268318658317,0.05332087646900922,naive_bayes_log_probability_difference,7.0,available
BNB009,naive_bayes,NumberOfTimes90DaysLate_final_bin_2,2.6724618020569677,0.07252446032626035,naive_bayes_log_probability_difference,3.0,available
BNB009,naive_bayes,NumberOfTimes90DaysLate_final_bin_3+,3.0762572951569043,0.08348254032452587,naive_bayes_log_probability_difference,1.0,available
BNB010,naive_bayes,MonthlyIncome_missing_flag_bin,0.20553415142632847,0.005577723655147157,naive_bayes_log_probability_difference,35.0,available
BNB010,naive_bayes,DebtRatio_high_flag_bin,0.2349640611525583,0.006376383646733402,naive_bayes_log_probability_difference,31.0,available
BNB010,naive_bayes,NumberOfDependents_missing_flag_bin,0.39062865940147784,0.010600762446541732,naive_bayes_log_probability_difference,24.0,available
BNB010,naive_bayes,RevolvingUtilization_final_bin_0-5%,1.6189146671025494,0.04393361673327185,naive_bayes_log_probability_difference,9.0,available
BNB010,naive_bayes,RevolvingUtilization_final_bin_100%+,2.0705541118037,0.05619007142377172,naive_bayes_log_probability_difference,6.0,available
BNB010,naive_bayes,RevolvingUtilization_final_bin_15-30%,0.688131505249892,0.018674304722833893,naive_bayes_log_probability_difference,17.0,available
BNB010,naive_bayes,RevolvingUtilization_final_bin_30-50%,0.1750566131400726,0.004750633436464762,naive_bayes_log_probability_difference,38.0,available
BNB010,naive_bayes,RevolvingUtilization_final_bin_5-15%,1.1549076226078308,0.03134153385909904,naive_bayes_log_probability_difference,11.0,available
BNB010,naive_bayes,RevolvingUtilization_final_bin_50-75%,0.4893788175142184,0.013280614378848875,naive_bayes_log_probability_difference,22.0,available
BNB010,naive_bayes,RevolvingUtilization_final_bin_75-100%,1.1482699801066971,0.031161403523891688,naive_bayes_log_probability_difference,12.0,available
BNB010,naive_bayes,RevolvingUtilization_final_bin_=0,0.8642535456135274,0.02345385140114418,naive_bayes_log_probability_difference,15.0,available
BNB010,naive_bayes,age_final_bin_v2_21-39,0.4915164903680802,0.013338625898400285,naive_bayes_log_probability_difference,21.0,available
BNB010,naive_bayes,age_final_bin_v2_40-49,0.2464411496347827,0.006687845403698233,naive_bayes_log_probability_difference,29.0,available
BNB010,naive_bayes,age_final_bin_v2_50-59,0.026303189499461865,0.0007138080034818646,naive_bayes_log_probability_difference,44.0,available
BNB010,naive_bayes,age_final_bin_v2_60-69,0.6666902896121139,0.018092439495921406,naive_bayes_log_probability_difference,18.0,available
BNB010,naive_bayes,age_final_bin_v2_70+,1.0967667902713023,0.02976372553088241,naive_bayes_log_probability_difference,13.0,available
BNB010,naive_bayes,MonthlyIncome_final_bin_0-5000,0.26693169144046536,0.007243911531605469,naive_bayes_log_probability_difference,28.0,available
BNB010,naive_bayes,MonthlyIncome_final_bin_10000+,0.4378229548450996,0.011881506966404394,naive_bayes_log_probability_difference,23.0,available
BNB010,naive_bayes,MonthlyIncome_final_bin_5000-10000,0.14204826367444845,0.003854862829224492,naive_bayes_log_probability_difference,41.0,available
BNB010,naive_bayes,DebtRatio_explicit_bin_0-0.20,0.07997021865593812,0.0021702076137181466,naive_bayes_log_probability_difference,43.0,available
BNB010,naive_bayes,DebtRatio_explicit_bin_0.20-0.40,0.17687004049416455,0.004799845679683792,naive_bayes_log_probability_difference,37.0,available
BNB010,naive_bayes,DebtRatio_explicit_bin_0.40-0.60,0.1637093365067166,0.004442694474204007,naive_bayes_log_probability_difference,39.0,available
BNB010,naive_bayes,DebtRatio_explicit_bin_0.60-1.00,0.5039345987063211,0.013675624767686557,naive_bayes_log_probability_difference,20.0,available
BNB010,naive_bayes,DebtRatio_explicit_bin_1.00-2.00,0.7265696056783977,0.019717426269940126,naive_bayes_log_probability_difference,16.0,available
BNB010,naive_bayes,DebtRatio_explicit_bin_2.00+,0.2215658469446007,0.006012786960704119,naive_bayes_log_probability_difference,33.0,available
BNB010,naive_bayes,NumberOfDependents_final_bin_0,0.15903110768745954,0.004315738115038001,naive_bayes_log_probability_difference,40.0,available
BNB010,naive_bayes,NumberOfDependents_final_bin_1,0.1270651397099236,0.0034482553414421618,naive_bayes_log_probability_difference,42.0,available
BNB010,naive_bayes,NumberOfDependents_final_bin_2,0.19805512719028773,0.005374760156821984,naive_bayes_log_probability_difference,36.0,available
BNB010,naive_bayes,NumberOfDependents_final_bin_3+,0.36531132567782265,0.00991370829901578,naive_bayes_log_probability_difference,26.0,available
BNB010,naive_bayes,RealEstateLoans_final_bin_0,0.24587054060040892,0.006672360388255395,naive_bayes_log_probability_difference,30.0,available
BNB010,naive_bayes,RealEstateLoans_final_bin_1-2,0.23217614722127244,0.00630072608143277,naive_bayes_log_probability_difference,32.0,available
BNB010,naive_bayes,RealEstateLoans_final_bin_3+,0.21811611309365375,0.005919169126534669,naive_bayes_log_probability_difference,34.0,available
BNB010,naive_bayes,NumberOfTime30-59DaysPastDueNotWorse_final_bin_0,0.5245515648073038,0.014235121759893408,naive_bayes_log_probability_difference,19.0,available
BNB010,naive_bayes,NumberOfTime30-59DaysPastDueNotWorse_final_bin_1,0.8796611938932806,0.023871979501432033,naive_bayes_log_probability_difference,14.0,available
BNB010,naive_bayes,NumberOfTime30-59DaysPastDueNotWorse_final_bin_2,1.6003217563169256,0.04342904794221045,naive_bayes_log_probability_difference,10.0,available
BNB010,naive_bayes,NumberOfTime30-59DaysPastDueNotWorse_final_bin_3+,2.2392326618669696,0.060767618912958975,naive_bayes_log_probability_difference,5.0,available
BNB010,naive_bayes,NumberOfTime60-89DaysPastDueNotWorse_final_bin_0,0.28307780625804924,0.0076820799135108005,naive_bayes_log_probability_difference,27.0,available
BNB010,naive_bayes,NumberOfTime60-89DaysPastDueNotWorse_final_bin_1,1.8393463234403624,0.0499156243722281,naive_bayes_log_probability_difference,8.0,available
BNB010,naive_bayes,NumberOfTime60-89DaysPastDueNotWorse_final_bin_2,2.534825418046287,0.06878932575335477,naive_bayes_log_probability_difference,4.0,available
BNB010,naive_bayes,NumberOfTime60-89DaysPastDueNotWorse_final_bin_3+,3.011290341342735,0.08171948677562682,naive_bayes_log_probability_difference,2.0,available
BNB010,naive_bayes,NumberOfTimes90DaysLate_final_bin_0,0.38989710657545196,0.010580909787144752,naive_bayes_log_probability_difference,25.0,available
BNB010,naive_bayes,NumberOfTimes90DaysLate_final_bin_1,1.9648268318658317,0.05332087646900922,naive_bayes_log_probability_difference,7.0,available
BNB010,naive_bayes,NumberOfTimes90DaysLate_final_bin_2,2.6724618020569677,0.07252446032626035,naive_bayes_log_probability_difference,3.0,available
BNB010,naive_bayes,NumberOfTimes90DaysLate_final_bin_3+,3.0762572951569043,0.08348254032452587,naive_bayes_log_probability_difference,1.0,available
BNB011,naive_bayes,MonthlyIncome_missing_flag_bin,0.20525065156473588,0.005571682377954895,naive_bayes_log_probability_difference,35.0,available
BNB011,naive_bayes,DebtRatio_high_flag_bin,0.23466295628439404,0.006370101377613333,naive_bayes_log_probability_difference,31.0,available
BNB011,naive_bayes,NumberOfDependents_missing_flag_bin,0.3869174197630789,0.0105031626110955,naive_bayes_log_probability_difference,25.0,available
BNB011,naive_bayes,RevolvingUtilization_final_bin_0-5%,1.6176921219046285,0.04391346200296813,naive_bayes_log_probability_difference,9.0,available
BNB011,naive_bayes,RevolvingUtilization_final_bin_100%+,2.0706770576249784,0.05621007672546061,naive_bayes_log_probability_difference,6.0,available
BNB011,naive_bayes,RevolvingUtilization_final_bin_15-30%,0.6871994743262206,0.01865454346699432,naive_bayes_log_probability_difference,17.0,available
BNB011,naive_bayes,RevolvingUtilization_final_bin_30-50%,0.1744453450994614,0.0047354493045318104,naive_bayes_log_probability_difference,38.0,available
BNB011,naive_bayes,RevolvingUtilization_final_bin_5-15%,1.153844532512573,0.031321972425857325,naive_bayes_log_probability_difference,11.0,available
BNB011,naive_bayes,RevolvingUtilization_final_bin_50-75%,0.4896813563006912,0.013292766492646648,naive_bayes_log_probability_difference,22.0,available
BNB011,naive_bayes,RevolvingUtilization_final_bin_75-100%,1.1482631551500972,0.031170461764828246,naive_bayes_log_probability_difference,12.0,available
BNB011,naive_bayes,RevolvingUtilization_final_bin_=0,0.8621695302533974,0.02340423643920765,naive_bayes_log_probability_difference,15.0,available
BNB011,naive_bayes,age_final_bin_v2_21-39,0.491571281271157,0.013344069918839574,naive_bayes_log_probability_difference,21.0,available
BNB011,naive_bayes,age_final_bin_v2_40-49,0.2465338347847501,0.006692345248933843,naive_bayes_log_probability_difference,29.0,available
BNB011,naive_bayes,age_final_bin_v2_50-59,0.026145506442512456,0.0007097393182330885,naive_bayes_log_probability_difference,44.0,available
BNB011,naive_bayes,age_final_bin_v2_60-69,0.6661499422433153,0.018083138182399986,naive_bayes_log_probability_difference,18.0,available
BNB011,naive_bayes,age_final_bin_v2_70+,1.0953634487761956,0.02973445968855959,naive_bayes_log_probability_difference,13.0,available
BNB011,naive_bayes,MonthlyIncome_final_bin_0-5000,0.26693454132493954,0.007246137679122316,naive_bayes_log_probability_difference,28.0,available
BNB011,naive_bayes,MonthlyIncome_final_bin_10000+,0.43711705618497465,0.011865869269999349,naive_bayes_log_probability_difference,23.0,available
BNB011,naive_bayes,MonthlyIncome_final_bin_5000-10000,0.14202902596733047,0.0038554840879064653,naive_bayes_log_probability_difference,41.0,available
BNB011,naive_bayes,DebtRatio_explicit_bin_0-0.20,0.07984584671944184,0.002167475200337127,naive_bayes_log_probability_difference,43.0,available
BNB011,naive_bayes,DebtRatio_explicit_bin_0.20-0.40,0.17669390369816984,0.004796488108670619,naive_bayes_log_probability_difference,37.0,available
BNB011,naive_bayes,DebtRatio_explicit_bin_0.40-0.60,0.16396649321864398,0.004450993036449585,naive_bayes_log_probability_difference,39.0,available
BNB011,naive_bayes,DebtRatio_explicit_bin_0.60-1.00,0.5042684575004825,0.013688744259736407,naive_bayes_log_probability_difference,20.0,available
BNB011,naive_bayes,DebtRatio_explicit_bin_1.00-2.00,0.7275947295474241,0.01975110286864856,naive_bayes_log_probability_difference,16.0,available
BNB011,naive_bayes,DebtRatio_explicit_bin_2.00+,0.22129988956471092,0.006007350941549499,naive_bayes_log_probability_difference,33.0,available
BNB011,naive_bayes,NumberOfDependents_final_bin_0,0.1590349595744538,0.004317122868963369,naive_bayes_log_probability_difference,40.0,available
BNB011,naive_bayes,NumberOfDependents_final_bin_1,0.1272628804196252,0.003454646028142655,naive_bayes_log_probability_difference,42.0,available
BNB011,naive_bayes,NumberOfDependents_final_bin_2,0.1983397853973008,0.00538408174941629,naive_bayes_log_probability_difference,36.0,available
BNB011,naive_bayes,NumberOfDependents_final_bin_3+,0.36569129619441476,0.009926963618604028,naive_bayes_log_probability_difference,26.0,available
BNB011,naive_bayes,RealEstateLoans_final_bin_0,0.2458767040994747,0.006674506945224451,naive_bayes_log_probability_difference,30.0,available
BNB011,naive_bayes,RealEstateLoans_final_bin_1-2,0.23215937223837457,0.006302139717055407,naive_bayes_log_probability_difference,32.0,available
BNB011,naive_bayes,RealEstateLoans_final_bin_3+,0.21877863318130775,0.005938909552181812,naive_bayes_log_probability_difference,34.0,available
BNB011,naive_bayes,NumberOfTime30-59DaysPastDueNotWorse_final_bin_0,0.5245502822051851,0.014239309553626936,naive_bayes_log_probability_difference,19.0,available
BNB011,naive_bayes,NumberOfTime30-59DaysPastDueNotWorse_final_bin_1,0.8797769437516703,0.023882202841563994,naive_bayes_log_probability_difference,14.0,available
BNB011,naive_bayes,NumberOfTime30-59DaysPastDueNotWorse_final_bin_2,1.600573269912358,0.043448757967930914,naive_bayes_log_probability_difference,10.0,available
BNB011,naive_bayes,NumberOfTime30-59DaysPastDueNotWorse_final_bin_3+,2.2392763956078783,0.06078683179645684,naive_bayes_log_probability_difference,5.0,available
BNB011,naive_bayes,NumberOfTime60-89DaysPastDueNotWorse_final_bin_0,0.2831174863947581,0.00768543582108452,naive_bayes_log_probability_difference,27.0,available
BNB011,naive_bayes,NumberOfTime60-89DaysPastDueNotWorse_final_bin_1,1.8394343672313784,0.04993282102237439,naive_bayes_log_probability_difference,8.0,available
BNB011,naive_bayes,NumberOfTime60-89DaysPastDueNotWorse_final_bin_2,2.5348180895404804,0.06880953201924206,naive_bayes_log_probability_difference,4.0,available
BNB011,naive_bayes,NumberOfTime60-89DaysPastDueNotWorse_final_bin_3+,3.0103751673392756,0.0817188844129302,naive_bayes_log_probability_difference,2.0,available
BNB011,naive_bayes,NumberOfTimes90DaysLate_final_bin_0,0.38992574008441494,0.01058482571517751,naive_bayes_log_probability_difference,24.0,available
BNB011,naive_bayes,NumberOfTimes90DaysLate_final_bin_1,1.9648913605711193,0.05333844489568898,naive_bayes_log_probability_difference,7.0,available
BNB011,naive_bayes,NumberOfTimes90DaysLate_final_bin_2,2.67229349141644,0.07254140457699111,naive_bayes_log_probability_difference,3.0,available
BNB011,naive_bayes,NumberOfTimes90DaysLate_final_bin_3+,3.0756885900277195,0.08349186609880001,naive_bayes_log_probability_difference,1.0,available
BNB012,naive_bayes,MonthlyIncome_missing_flag_bin,0.20525065156473588,0.005571682377954895,naive_bayes_log_probability_difference,35.0,available
BNB012,naive_bayes,DebtRatio_high_flag_bin,0.23466295628439404,0.006370101377613333,naive_bayes_log_probability_difference,31.0,available
BNB012,naive_bayes,NumberOfDependents_missing_flag_bin,0.3869174197630789,0.0105031626110955,naive_bayes_log_probability_difference,25.0,available
BNB012,naive_bayes,RevolvingUtilization_final_bin_0-5%,1.6176921219046285,0.04391346200296813,naive_bayes_log_probability_difference,9.0,available
BNB012,naive_bayes,RevolvingUtilization_final_bin_100%+,2.0706770576249784,0.05621007672546061,naive_bayes_log_probability_difference,6.0,available
BNB012,naive_bayes,RevolvingUtilization_final_bin_15-30%,0.6871994743262206,0.01865454346699432,naive_bayes_log_probability_difference,17.0,available
BNB012,naive_bayes,RevolvingUtilization_final_bin_30-50%,0.1744453450994614,0.0047354493045318104,naive_bayes_log_probability_difference,38.0,available
BNB012,naive_bayes,RevolvingUtilization_final_bin_5-15%,1.153844532512573,0.031321972425857325,naive_bayes_log_probability_difference,11.0,available
BNB012,naive_bayes,RevolvingUtilization_final_bin_50-75%,0.4896813563006912,0.013292766492646648,naive_bayes_log_probability_difference,22.0,available
BNB012,naive_bayes,RevolvingUtilization_final_bin_75-100%,1.1482631551500972,0.031170461764828246,naive_bayes_log_probability_difference,12.0,available
BNB012,naive_bayes,RevolvingUtilization_final_bin_=0,0.8621695302533974,0.02340423643920765,naive_bayes_log_probability_difference,15.0,available
BNB012,naive_bayes,age_final_bin_v2_21-39,0.491571281271157,0.013344069918839574,naive_bayes_log_probability_difference,21.0,available
BNB012,naive_bayes,age_final_bin_v2_40-49,0.2465338347847501,0.006692345248933843,naive_bayes_log_probability_difference,29.0,available
BNB012,naive_bayes,age_final_bin_v2_50-59,0.026145506442512456,0.0007097393182330885,naive_bayes_log_probability_difference,44.0,available
BNB012,naive_bayes,age_final_bin_v2_60-69,0.6661499422433153,0.018083138182399986,naive_bayes_log_probability_difference,18.0,available
BNB012,naive_bayes,age_final_bin_v2_70+,1.0953634487761956,0.02973445968855959,naive_bayes_log_probability_difference,13.0,available
BNB012,naive_bayes,MonthlyIncome_final_bin_0-5000,0.26693454132493954,0.007246137679122316,naive_bayes_log_probability_difference,28.0,available
BNB012,naive_bayes,MonthlyIncome_final_bin_10000+,0.43711705618497465,0.011865869269999349,naive_bayes_log_probability_difference,23.0,available
BNB012,naive_bayes,MonthlyIncome_final_bin_5000-10000,0.14202902596733047,0.0038554840879064653,naive_bayes_log_probability_difference,41.0,available
BNB012,naive_bayes,DebtRatio_explicit_bin_0-0.20,0.07984584671944184,0.002167475200337127,naive_bayes_log_probability_difference,43.0,available
BNB012,naive_bayes,DebtRatio_explicit_bin_0.20-0.40,0.17669390369816984,0.004796488108670619,naive_bayes_log_probability_difference,37.0,available
BNB012,naive_bayes,DebtRatio_explicit_bin_0.40-0.60,0.16396649321864398,0.004450993036449585,naive_bayes_log_probability_difference,39.0,available
BNB012,naive_bayes,DebtRatio_explicit_bin_0.60-1.00,0.5042684575004825,0.013688744259736407,naive_bayes_log_probability_difference,20.0,available
BNB012,naive_bayes,DebtRatio_explicit_bin_1.00-2.00,0.7275947295474241,0.01975110286864856,naive_bayes_log_probability_difference,16.0,available
BNB012,naive_bayes,DebtRatio_explicit_bin_2.00+,0.22129988956471092,0.006007350941549499,naive_bayes_log_probability_difference,33.0,available
BNB012,naive_bayes,NumberOfDependents_final_bin_0,0.1590349595744538,0.004317122868963369,naive_bayes_log_probability_difference,40.0,available
BNB012,naive_bayes,NumberOfDependents_final_bin_1,0.1272628804196252,0.003454646028142655,naive_bayes_log_probability_difference,42.0,available
BNB012,naive_bayes,NumberOfDependents_final_bin_2,0.1983397853973008,0.00538408174941629,naive_bayes_log_probability_difference,36.0,available
BNB012,naive_bayes,NumberOfDependents_final_bin_3+,0.36569129619441476,0.009926963618604028,naive_bayes_log_probability_difference,26.0,available
BNB012,naive_bayes,RealEstateLoans_final_bin_0,0.2458767040994747,0.006674506945224451,naive_bayes_log_probability_difference,30.0,available
BNB012,naive_bayes,RealEstateLoans_final_bin_1-2,0.23215937223837457,0.006302139717055407,naive_bayes_log_probability_difference,32.0,available
BNB012,naive_bayes,RealEstateLoans_final_bin_3+,0.21877863318130775,0.005938909552181812,naive_bayes_log_probability_difference,34.0,available
BNB012,naive_bayes,NumberOfTime30-59DaysPastDueNotWorse_final_bin_0,0.5245502822051851,0.014239309553626936,naive_bayes_log_probability_difference,19.0,available
BNB012,naive_bayes,NumberOfTime30-59DaysPastDueNotWorse_final_bin_1,0.8797769437516703,0.023882202841563994,naive_bayes_log_probability_difference,14.0,available
BNB012,naive_bayes,NumberOfTime30-59DaysPastDueNotWorse_final_bin_2,1.600573269912358,0.043448757967930914,naive_bayes_log_probability_difference,10.0,available
BNB012,naive_bayes,NumberOfTime30-59DaysPastDueNotWorse_final_bin_3+,2.2392763956078783,0.06078683179645684,naive_bayes_log_probability_difference,5.0,available
BNB012,naive_bayes,NumberOfTime60-89DaysPastDueNotWorse_final_bin_0,0.2831174863947581,0.00768543582108452,naive_bayes_log_probability_difference,27.0,available
BNB012,naive_bayes,NumberOfTime60-89DaysPastDueNotWorse_final_bin_1,1.8394343672313784,0.04993282102237439,naive_bayes_log_probability_difference,8.0,available
BNB012,naive_bayes,NumberOfTime60-89DaysPastDueNotWorse_final_bin_2,2.5348180895404804,0.06880953201924206,naive_bayes_log_probability_difference,4.0,available
BNB012,naive_bayes,NumberOfTime60-89DaysPastDueNotWorse_final_bin_3+,3.0103751673392756,0.0817188844129302,naive_bayes_log_probability_difference,2.0,available
BNB012,naive_bayes,NumberOfTimes90DaysLate_final_bin_0,0.38992574008441494,0.01058482571517751,naive_bayes_log_probability_difference,24.0,available
BNB012,naive_bayes,NumberOfTimes90DaysLate_final_bin_1,1.9648913605711193,0.05333844489568898,naive_bayes_log_probability_difference,7.0,available
BNB012,naive_bayes,NumberOfTimes90DaysLate_final_bin_2,2.67229349141644,0.07254140457699111,naive_bayes_log_probability_difference,3.0,available
BNB012,naive_bayes,NumberOfTimes90DaysLate_final_bin_3+,3.0756885900277195,0.08349186609880001,naive_bayes_log_probability_difference,1.0,available
BNB013,naive_bayes,MonthlyIncome_missing_flag_bin,0.2046841741890546,0.005559589620298099,naive_bayes_log_probability_difference,35.0,available
BNB013,naive_bayes,DebtRatio_high_flag_bin,0.2340613171289858,0.006357525560435814,naive_bayes_log_probability_difference,31.0,available
BNB013,naive_bayes,NumberOfDependents_missing_flag_bin,0.37954341104701506,0.010309080400913363,naive_bayes_log_probability_difference,25.0,available
BNB013,naive_bayes,RevolvingUtilization_final_bin_0-5%,1.6152526249765566,0.04387316099819471,naive_bayes_log_probability_difference,9.0,available
BNB013,naive_bayes,RevolvingUtilization_final_bin_100%+,2.070922297400961,0.05624996732009169,naive_bayes_log_probability_difference,6.0,available
BNB013,naive_bayes,RevolvingUtilization_final_bin_15-30%,0.6853389990727612,0.018615037536371292,naive_bayes_log_probability_difference,17.0,available
BNB013,naive_bayes,RevolvingUtilization_final_bin_30-50%,0.1732246181359871,0.0047050916016565915,naive_bayes_log_probability_difference,38.0,available
BNB013,naive_bayes,RevolvingUtilization_final_bin_5-15%,1.151722769086943,0.03128285798277,naive_bayes_log_probability_difference,11.0,available
BNB013,naive_bayes,RevolvingUtilization_final_bin_50-75%,0.49028577688018515,0.013317041861796403,naive_bayes_log_probability_difference,22.0,available
BNB013,naive_bayes,RevolvingUtilization_final_bin_75-100%,1.1482494909540168,0.031188517513445837,naive_bayes_log_probability_difference,12.0,available
BNB013,naive_bayes,RevolvingUtilization_final_bin_=0,0.8580170384122381,0.023305283076695625,naive_bayes_log_probability_difference,15.0,available
BNB013,naive_bayes,age_final_bin_v2_21-39,0.491680790719192,0.013354932941994677,naive_bayes_log_probability_difference,21.0,available
BNB013,naive_bayes,age_final_bin_v2_40-49,0.246719083083498,0.006701333206999979,naive_bayes_log_probability_difference,29.0,available
BNB013,naive_bayes,age_final_bin_v2_50-59,0.02583036994827914,0.0007015992185124781,naive_bayes_log_probability_difference,44.0,available
BNB013,naive_bayes,age_final_bin_v2_60-69,0.6650706470396717,0.018064512709377912,naive_bayes_log_probability_difference,18.0,available
BNB013,naive_bayes,age_final_bin_v2_70+,1.0925641096333516,0.029676002590300073,naive_bayes_log_probability_difference,13.0,available
BNB013,naive_bayes,MonthlyIncome_final_bin_0-5000,0.2669402355828083,0.007250576009923247,naive_bayes_log_probability_difference,28.0,available
BNB013,naive_bayes,MonthlyIncome_final_bin_10000+,0.43570750828452987,0.011834598107752262,naive_bayes_log_probability_difference,23.0,available
BNB013,naive_bayes,MonthlyIncome_final_bin_5000-10000,0.14199056797479592,0.003856718727866946,naive_bayes_log_probability_difference,41.0,available
BNB013,naive_bayes,DebtRatio_explicit_bin_0-0.20,0.07959726796351951,0.0021620046910189182,naive_bayes_log_probability_difference,43.0,available
BNB013,naive_bayes,DebtRatio_explicit_bin_0.20-0.40,0.17634189144161017,0.004789762340770828,naive_bayes_log_probability_difference,37.0,available
BNB013,naive_bayes,DebtRatio_explicit_bin_0.40-0.60,0.16448032821815595,0.004467580989726483,naive_bayes_log_probability_difference,39.0,available
BNB013,naive_bayes,DebtRatio_explicit_bin_0.60-1.00,0.504935408184501,0.013714952147060772,naive_bayes_log_probability_difference,20.0,available
BNB013,naive_bayes,DebtRatio_explicit_bin_1.00-2.00,0.7296396273088428,0.019818322127814682,naive_bayes_log_probability_difference,16.0,available
BNB013,naive_bayes,DebtRatio_explicit_bin_2.00+,0.22076844802416673,0.005996467372171225,naive_bayes_log_probability_difference,33.0,available
BNB013,naive_bayes,NumberOfDependents_final_bin_0,0.1590426586638909,0.004319884122920453,naive_bayes_log_probability_difference,40.0,available
BNB013,naive_bayes,NumberOfDependents_final_bin_1,0.12765803765425332,0.0034674214745819996,naive_bayes_log_probability_difference,42.0,available
BNB013,naive_bayes,NumberOfDependents_final_bin_2,0.19890854092043497,0.005402713052297253,naive_bayes_log_probability_difference,36.0,available
BNB013,naive_bayes,NumberOfDependents_final_bin_3+,0.3664503292732464,0.009953448795218608,naive_bayes_log_probability_difference,26.0,available
BNB013,naive_bayes,RealEstateLoans_final_bin_0,0.24588902257476875,0.006678787273457076,naive_bayes_log_probability_difference,30.0,available
BNB013,naive_bayes,RealEstateLoans_final_bin_1-2,0.23212583636541062,0.006304954428319266,naive_bayes_log_probability_difference,32.0,available
BNB013,naive_bayes,RealEstateLoans_final_bin_3+,0.22010146940511266,0.005978351035516742,naive_bayes_log_probability_difference,34.0,available
BNB013,naive_bayes,NumberOfTime30-59DaysPastDueNotWorse_final_bin_0,0.5245477146446831,0.014247657598560032,naive_bayes_log_probability_difference,19.0,available
BNB013,naive_bayes,NumberOfTime30-59DaysPastDueNotWorse_final_bin_1,0.8800082421690822,0.02390260364937207,naive_bayes_log_probability_difference,14.0,available
BNB013,naive_bayes,NumberOfTime30-59DaysPastDueNotWorse_final_bin_2,1.6010754278128454,0.0434880828723036,naive_bayes_log_probability_difference,10.0,available
BNB013,naive_bayes,NumberOfTime30-59DaysPastDueNotWorse_final_bin_3+,2.2393634459510112,0.06082513130050276,naive_bayes_log_probability_difference,5.0,available
BNB013,naive_bayes,NumberOfTime60-89DaysPastDueNotWorse_final_bin_0,0.28319681467561786,0.007692133881918081,naive_bayes_log_probability_difference,27.0,available
BNB013,naive_bayes,NumberOfTime60-89DaysPastDueNotWorse_final_bin_1,1.8396101294473528,0.049967113586535675,naive_bayes_log_probability_difference,8.0,available
BNB013,naive_bayes,NumberOfTime60-89DaysPastDueNotWorse_final_bin_2,2.5348025442595503,0.06884978758325613,naive_bayes_log_probability_difference,4.0,available
BNB013,naive_bayes,NumberOfTime60-89DaysPastDueNotWorse_final_bin_3+,3.008554687010279,0.08171774626089277,naive_bayes_log_probability_difference,2.0,available
BNB013,naive_bayes,NumberOfTimes90DaysLate_final_bin_0,0.3899829819746632,0.010592637888441003,naive_bayes_log_probability_difference,24.0,available
BNB013,naive_bayes,NumberOfTimes90DaysLate_final_bin_1,1.9650201179984617,0.05337347401177529,naive_bayes_log_probability_difference,7.0,available
BNB013,naive_bayes,NumberOfTimes90DaysLate_final_bin_2,2.671957129253493,0.07257515233179952,naive_bayes_log_probability_difference,3.0,available
BNB013,naive_bayes,NumberOfTimes90DaysLate_final_bin_3+,3.074553856954103,0.08351040219837168,naive_bayes_log_probability_difference,1.0,available
BNB014,naive_bayes,MonthlyIncome_missing_flag_bin,0.2046841741890546,0.005559589620298099,naive_bayes_log_probability_difference,35.0,available
BNB014,naive_bayes,DebtRatio_high_flag_bin,0.2340613171289858,0.006357525560435814,naive_bayes_log_probability_difference,31.0,available
BNB014,naive_bayes,NumberOfDependents_missing_flag_bin,0.37954341104701506,0.010309080400913363,naive_bayes_log_probability_difference,25.0,available
BNB014,naive_bayes,RevolvingUtilization_final_bin_0-5%,1.6152526249765566,0.04387316099819471,naive_bayes_log_probability_difference,9.0,available
BNB014,naive_bayes,RevolvingUtilization_final_bin_100%+,2.070922297400961,0.05624996732009169,naive_bayes_log_probability_difference,6.0,available
BNB014,naive_bayes,RevolvingUtilization_final_bin_15-30%,0.6853389990727612,0.018615037536371292,naive_bayes_log_probability_difference,17.0,available
BNB014,naive_bayes,RevolvingUtilization_final_bin_30-50%,0.1732246181359871,0.0047050916016565915,naive_bayes_log_probability_difference,38.0,available
BNB014,naive_bayes,RevolvingUtilization_final_bin_5-15%,1.151722769086943,0.03128285798277,naive_bayes_log_probability_difference,11.0,available
BNB014,naive_bayes,RevolvingUtilization_final_bin_50-75%,0.49028577688018515,0.013317041861796403,naive_bayes_log_probability_difference,22.0,available
BNB014,naive_bayes,RevolvingUtilization_final_bin_75-100%,1.1482494909540168,0.031188517513445837,naive_bayes_log_probability_difference,12.0,available
BNB014,naive_bayes,RevolvingUtilization_final_bin_=0,0.8580170384122381,0.023305283076695625,naive_bayes_log_probability_difference,15.0,available
BNB014,naive_bayes,age_final_bin_v2_21-39,0.491680790719192,0.013354932941994677,naive_bayes_log_probability_difference,21.0,available
BNB014,naive_bayes,age_final_bin_v2_40-49,0.246719083083498,0.006701333206999979,naive_bayes_log_probability_difference,29.0,available
BNB014,naive_bayes,age_final_bin_v2_50-59,0.02583036994827914,0.0007015992185124781,naive_bayes_log_probability_difference,44.0,available
BNB014,naive_bayes,age_final_bin_v2_60-69,0.6650706470396717,0.018064512709377912,naive_bayes_log_probability_difference,18.0,available
BNB014,naive_bayes,age_final_bin_v2_70+,1.0925641096333516,0.029676002590300073,naive_bayes_log_probability_difference,13.0,available
BNB014,naive_bayes,MonthlyIncome_final_bin_0-5000,0.2669402355828083,0.007250576009923247,naive_bayes_log_probability_difference,28.0,available
BNB014,naive_bayes,MonthlyIncome_final_bin_10000+,0.43570750828452987,0.011834598107752262,naive_bayes_log_probability_difference,23.0,available
BNB014,naive_bayes,MonthlyIncome_final_bin_5000-10000,0.14199056797479592,0.003856718727866946,naive_bayes_log_probability_difference,41.0,available
BNB014,naive_bayes,DebtRatio_explicit_bin_0-0.20,0.07959726796351951,0.0021620046910189182,naive_bayes_log_probability_difference,43.0,available
BNB014,naive_bayes,DebtRatio_explicit_bin_0.20-0.40,0.17634189144161017,0.004789762340770828,naive_bayes_log_probability_difference,37.0,available
BNB014,naive_bayes,DebtRatio_explicit_bin_0.40-0.60,0.16448032821815595,0.004467580989726483,naive_bayes_log_probability_difference,39.0,available
BNB014,naive_bayes,DebtRatio_explicit_bin_0.60-1.00,0.504935408184501,0.013714952147060772,naive_bayes_log_probability_difference,20.0,available
BNB014,naive_bayes,DebtRatio_explicit_bin_1.00-2.00,0.7296396273088428,0.019818322127814682,naive_bayes_log_probability_difference,16.0,available
BNB014,naive_bayes,DebtRatio_explicit_bin_2.00+,0.22076844802416673,0.005996467372171225,naive_bayes_log_probability_difference,33.0,available
BNB014,naive_bayes,NumberOfDependents_final_bin_0,0.1590426586638909,0.004319884122920453,naive_bayes_log_probability_difference,40.0,available
BNB014,naive_bayes,NumberOfDependents_final_bin_1,0.12765803765425332,0.0034674214745819996,naive_bayes_log_probability_difference,42.0,available
BNB014,naive_bayes,NumberOfDependents_final_bin_2,0.19890854092043497,0.005402713052297253,naive_bayes_log_probability_difference,36.0,available
BNB014,naive_bayes,NumberOfDependents_final_bin_3+,0.3664503292732464,0.009953448795218608,naive_bayes_log_probability_difference,26.0,available
BNB014,naive_bayes,RealEstateLoans_final_bin_0,0.24588902257476875,0.006678787273457076,naive_bayes_log_probability_difference,30.0,available
BNB014,naive_bayes,RealEstateLoans_final_bin_1-2,0.23212583636541062,0.006304954428319266,naive_bayes_log_probability_difference,32.0,available
BNB014,naive_bayes,RealEstateLoans_final_bin_3+,0.22010146940511266,0.005978351035516742,naive_bayes_log_probability_difference,34.0,available
BNB014,naive_bayes,NumberOfTime30-59DaysPastDueNotWorse_final_bin_0,0.5245477146446831,0.014247657598560032,naive_bayes_log_probability_difference,19.0,available
BNB014,naive_bayes,NumberOfTime30-59DaysPastDueNotWorse_final_bin_1,0.8800082421690822,0.02390260364937207,naive_bayes_log_probability_difference,14.0,available
BNB014,naive_bayes,NumberOfTime30-59DaysPastDueNotWorse_final_bin_2,1.6010754278128454,0.0434880828723036,naive_bayes_log_probability_difference,10.0,available
BNB014,naive_bayes,NumberOfTime30-59DaysPastDueNotWorse_final_bin_3+,2.2393634459510112,0.06082513130050276,naive_bayes_log_probability_difference,5.0,available
BNB014,naive_bayes,NumberOfTime60-89DaysPastDueNotWorse_final_bin_0,0.28319681467561786,0.007692133881918081,naive_bayes_log_probability_difference,27.0,available
BNB014,naive_bayes,NumberOfTime60-89DaysPastDueNotWorse_final_bin_1,1.8396101294473528,0.049967113586535675,naive_bayes_log_probability_difference,8.0,available
BNB014,naive_bayes,NumberOfTime60-89DaysPastDueNotWorse_final_bin_2,2.5348025442595503,0.06884978758325613,naive_bayes_log_probability_difference,4.0,available
BNB014,naive_bayes,NumberOfTime60-89DaysPastDueNotWorse_final_bin_3+,3.008554687010279,0.08171774626089277,naive_bayes_log_probability_difference,2.0,available
BNB014,naive_bayes,NumberOfTimes90DaysLate_final_bin_0,0.3899829819746632,0.010592637888441003,naive_bayes_log_probability_difference,24.0,available
BNB014,naive_bayes,NumberOfTimes90DaysLate_final_bin_1,1.9650201179984617,0.05337347401177529,naive_bayes_log_probability_difference,7.0,available
BNB014,naive_bayes,NumberOfTimes90DaysLate_final_bin_2,2.671957129253493,0.07257515233179952,naive_bayes_log_probability_difference,3.0,available
BNB014,naive_bayes,NumberOfTimes90DaysLate_final_bin_3+,3.074553856954103,0.08351040219837168,naive_bayes_log_probability_difference,1.0,available
BNB015,naive_bayes,MonthlyIncome_missing_flag_bin,0.2029889088903678,0.005523232273658719,naive_bayes_log_probability_difference,35.0,available
BNB015,naive_bayes,DebtRatio_high_flag_bin,0.23226095079770293,0.006319710699314003,naive_bayes_log_probability_difference,31.0,available
BNB015,naive_bayes,NumberOfDependents_missing_flag_bin,0.3577999603574513,0.00973556781679839,naive_bayes_log_probability_difference,26.0,available
BNB015,naive_bayes,RevolvingUtilization_final_bin_0-5%,1.6079785125595638,0.043752335358950026,naive_bayes_log_probability_difference,9.0,available
BNB015,naive_bayes,RevolvingUtilization_final_bin_100%+,2.071652825765013,0.05636869427807717,naive_bayes_log_probability_difference,6.0,available
BNB015,naive_bayes,RevolvingUtilization_final_bin_15-30%,0.6797860742901847,0.018496657798831466,naive_bayes_log_probability_difference,17.0,available
BNB015,naive_bayes,RevolvingUtilization_final_bin_30-50%,0.169576839694626,0.004614105662158438,naive_bayes_log_probability_difference,38.0,available
BNB015,naive_bayes,RevolvingUtilization_final_bin_5-15%,1.145392552414564,0.031165590012216915,naive_bayes_log_probability_difference,12.0,available
BNB015,naive_bayes,RevolvingUtilization_final_bin_50-75%,0.49209379938218323,0.013389639706290302,naive_bayes_log_probability_difference,21.0,available
BNB015,naive_bayes,RevolvingUtilization_final_bin_75-100%,1.1482083842936817,0.031242207466820503,naive_bayes_log_probability_difference,11.0,available
BNB015,naive_bayes,RevolvingUtilization_final_bin_=0,0.8456821866802304,0.02301061261062904,naive_bayes_log_probability_difference,15.0,available
BNB015,naive_bayes,age_final_bin_v2_21-39,0.4920087411509728,0.013387325312019553,naive_bayes_log_probability_difference,22.0,available
BNB015,naive_bayes,age_final_bin_v2_40-49,0.2472738537405874,0.006728204692945101,naive_bayes_log_probability_difference,29.0,available
BNB015,naive_bayes,age_final_bin_v2_50-59,0.024886793481545766,0.0006771578885592774,naive_bayes_log_probability_difference,44.0,available
BNB015,naive_bayes,age_final_bin_v2_60-69,0.6618439093126707,0.018008459969675015,naive_bayes_log_probability_difference,18.0,available
BNB015,naive_bayes,age_final_bin_v2_70+,1.0842242895422718,0.029501230488996104,naive_bayes_log_probability_difference,13.0,available
BNB015,naive_bayes,MonthlyIncome_final_bin_0-5000,0.26695727432827177,0.007263781264296658,naive_bayes_log_probability_difference,28.0,available
BNB015,naive_bayes,MonthlyIncome_final_bin_10000+,0.4314967632361588,0.011740822992316293,naive_bayes_log_probability_difference,23.0,available
BNB015,naive_bayes,MonthlyIncome_final_bin_5000-10000,0.14187533317996603,0.003860360762266533,naive_bayes_log_probability_difference,41.0,available
BNB015,naive_bayes,DebtRatio_explicit_bin_0-0.20,0.07885285006095621,0.0021455487824798667,naive_bayes_log_probability_difference,43.0,available
BNB015,naive_bayes,DebtRatio_explicit_bin_0.20-0.40,0.17528794069029185,0.004769502021052226,naive_bayes_log_probability_difference,37.0,available
BNB015,naive_bayes,DebtRatio_explicit_bin_0.40-0.60,0.166018016461436,0.00451727176396542,naive_bayes_log_probability_difference,39.0,available
BNB015,naive_bayes,DebtRatio_explicit_bin_0.60-1.00,0.5069301458018343,0.013793329680368912,naive_bayes_log_probability_difference,20.0,available
BNB015,naive_bayes,DebtRatio_explicit_bin_1.00-2.00,0.7357318770782397,0.02001891665141548,naive_bayes_log_probability_difference,16.0,available
BNB015,naive_bayes,DebtRatio_explicit_bin_2.00+,0.2191778987350661,0.005963727036042329,naive_bayes_log_probability_difference,34.0,available
BNB015,naive_bayes,NumberOfDependents_final_bin_0,0.15906571850394258,0.004328103022358665,naive_bayes_log_probability_difference,40.0,available
BNB015,naive_bayes,NumberOfDependents_final_bin_1,0.1288409221301796,0.003505700597965653,naive_bayes_log_probability_difference,42.0,available
BNB015,naive_bayes,NumberOfDependents_final_bin_2,0.20061033364070724,0.005458512365285073,naive_bayes_log_probability_difference,36.0,available
BNB015,naive_bayes,NumberOfDependents_final_bin_3+,0.36872019119277955,0.010032702136674277,naive_bayes_log_probability_difference,25.0,available
BNB015,naive_bayes,RealEstateLoans_final_bin_0,0.24592590991116126,0.006691527778415812,naive_bayes_log_probability_difference,30.0,available
BNB015,naive_bayes,RealEstateLoans_final_bin_1-2,0.2320253413373088,0.0063132998772511524,naive_bayes_log_probability_difference,32.0,available
BNB015,naive_bayes,RealEstateLoans_final_bin_3+,0.22405244109528422,0.006096361029842524,naive_bayes_log_probability_difference,33.0,available
BNB015,naive_bayes,NumberOfTime30-59DaysPastDueNotWorse_final_bin_0,0.5245399931390402,0.014272485303593577,naive_bayes_log_probability_difference,19.0,available
BNB015,naive_bayes,NumberOfTime30-59DaysPastDueNotWorse_final_bin_1,0.8807005304731179,0.02396344519475517,naive_bayes_log_probability_difference,14.0,available
BNB015,naive_bayes,NumberOfTime30-59DaysPastDueNotWorse_final_bin_2,1.6025749757566263,0.043605307676378435,naive_bayes_log_probability_difference,10.0,available
BNB015,naive_bayes,NumberOfTime30-59DaysPastDueNotWorse_final_bin_3+,2.2396212751608333,0.06093903640036752,naive_bayes_log_probability_difference,5.0,available
BNB015,naive_bayes,NumberOfTime60-89DaysPastDueNotWorse_final_bin_0,0.2834345438598973,0.007712119980713918,naive_bayes_log_probability_difference,27.0,available
BNB015,naive_bayes,NumberOfTime60-89DaysPastDueNotWorse_final_bin_1,1.8401348212317208,0.05006919879548421,naive_bayes_log_probability_difference,8.0,available
BNB015,naive_bayes,NumberOfTime60-89DaysPastDueNotWorse_final_bin_2,2.534748887638578,0.06896931925175868,naive_bayes_log_probability_difference,4.0,available
BNB015,naive_bayes,NumberOfTime60-89DaysPastDueNotWorse_final_bin_3+,3.0031707145045754,0.08171485577380469,naive_bayes_log_probability_difference,2.0,available
BNB015,naive_bayes,NumberOfTimes90DaysLate_final_bin_0,0.3901545068548735,0.010615919735487055,naive_bayes_log_probability_difference,24.0,available
BNB015,naive_bayes,NumberOfTimes90DaysLate_final_bin_1,1.9654039981829765,0.05347771389522064,naive_bayes_log_probability_difference,7.0,available
BNB015,naive_bayes,NumberOfTimes90DaysLate_final_bin_2,2.67095010219486,0.07267528992799432,naive_bayes_log_probability_difference,3.0,available
BNB015,naive_bayes,NumberOfTimes90DaysLate_final_bin_3+,3.071170884704931,0.08356510826650486,naive_bayes_log_probability_difference,1.0,available
BNB016,naive_bayes,MonthlyIncome_missing_flag_bin,0.2029889088903678,0.005523232273658719,naive_bayes_log_probability_difference,35.0,available
BNB016,naive_bayes,DebtRatio_high_flag_bin,0.23226095079770293,0.006319710699314003,naive_bayes_log_probability_difference,31.0,available
BNB016,naive_bayes,NumberOfDependents_missing_flag_bin,0.3577999603574513,0.00973556781679839,naive_bayes_log_probability_difference,26.0,available
BNB016,naive_bayes,RevolvingUtilization_final_bin_0-5%,1.6079785125595638,0.043752335358950026,naive_bayes_log_probability_difference,9.0,available
BNB016,naive_bayes,RevolvingUtilization_final_bin_100%+,2.071652825765013,0.05636869427807717,naive_bayes_log_probability_difference,6.0,available
BNB016,naive_bayes,RevolvingUtilization_final_bin_15-30%,0.6797860742901847,0.018496657798831466,naive_bayes_log_probability_difference,17.0,available
BNB016,naive_bayes,RevolvingUtilization_final_bin_30-50%,0.169576839694626,0.004614105662158438,naive_bayes_log_probability_difference,38.0,available
BNB016,naive_bayes,RevolvingUtilization_final_bin_5-15%,1.145392552414564,0.031165590012216915,naive_bayes_log_probability_difference,12.0,available
BNB016,naive_bayes,RevolvingUtilization_final_bin_50-75%,0.49209379938218323,0.013389639706290302,naive_bayes_log_probability_difference,21.0,available
BNB016,naive_bayes,RevolvingUtilization_final_bin_75-100%,1.1482083842936817,0.031242207466820503,naive_bayes_log_probability_difference,11.0,available
BNB016,naive_bayes,RevolvingUtilization_final_bin_=0,0.8456821866802304,0.02301061261062904,naive_bayes_log_probability_difference,15.0,available
BNB016,naive_bayes,age_final_bin_v2_21-39,0.4920087411509728,0.013387325312019553,naive_bayes_log_probability_difference,22.0,available
BNB016,naive_bayes,age_final_bin_v2_40-49,0.2472738537405874,0.006728204692945101,naive_bayes_log_probability_difference,29.0,available
BNB016,naive_bayes,age_final_bin_v2_50-59,0.024886793481545766,0.0006771578885592774,naive_bayes_log_probability_difference,44.0,available
BNB016,naive_bayes,age_final_bin_v2_60-69,0.6618439093126707,0.018008459969675015,naive_bayes_log_probability_difference,18.0,available
BNB016,naive_bayes,age_final_bin_v2_70+,1.0842242895422718,0.029501230488996104,naive_bayes_log_probability_difference,13.0,available
BNB016,naive_bayes,MonthlyIncome_final_bin_0-5000,0.26695727432827177,0.007263781264296658,naive_bayes_log_probability_difference,28.0,available
BNB016,naive_bayes,MonthlyIncome_final_bin_10000+,0.4314967632361588,0.011740822992316293,naive_bayes_log_probability_difference,23.0,available
BNB016,naive_bayes,MonthlyIncome_final_bin_5000-10000,0.14187533317996603,0.003860360762266533,naive_bayes_log_probability_difference,41.0,available
BNB016,naive_bayes,DebtRatio_explicit_bin_0-0.20,0.07885285006095621,0.0021455487824798667,naive_bayes_log_probability_difference,43.0,available
BNB016,naive_bayes,DebtRatio_explicit_bin_0.20-0.40,0.17528794069029185,0.004769502021052226,naive_bayes_log_probability_difference,37.0,available
BNB016,naive_bayes,DebtRatio_explicit_bin_0.40-0.60,0.166018016461436,0.00451727176396542,naive_bayes_log_probability_difference,39.0,available
BNB016,naive_bayes,DebtRatio_explicit_bin_0.60-1.00,0.5069301458018343,0.013793329680368912,naive_bayes_log_probability_difference,20.0,available
BNB016,naive_bayes,DebtRatio_explicit_bin_1.00-2.00,0.7357318770782397,0.02001891665141548,naive_bayes_log_probability_difference,16.0,available
BNB016,naive_bayes,DebtRatio_explicit_bin_2.00+,0.2191778987350661,0.005963727036042329,naive_bayes_log_probability_difference,34.0,available
BNB016,naive_bayes,NumberOfDependents_final_bin_0,0.15906571850394258,0.004328103022358665,naive_bayes_log_probability_difference,40.0,available
BNB016,naive_bayes,NumberOfDependents_final_bin_1,0.1288409221301796,0.003505700597965653,naive_bayes_log_probability_difference,42.0,available
BNB016,naive_bayes,NumberOfDependents_final_bin_2,0.20061033364070724,0.005458512365285073,naive_bayes_log_probability_difference,36.0,available
BNB016,naive_bayes,NumberOfDependents_final_bin_3+,0.36872019119277955,0.010032702136674277,naive_bayes_log_probability_difference,25.0,available
BNB016,naive_bayes,RealEstateLoans_final_bin_0,0.24592590991116126,0.006691527778415812,naive_bayes_log_probability_difference,30.0,available
BNB016,naive_bayes,RealEstateLoans_final_bin_1-2,0.2320253413373088,0.0063132998772511524,naive_bayes_log_probability_difference,32.0,available
BNB016,naive_bayes,RealEstateLoans_final_bin_3+,0.22405244109528422,0.006096361029842524,naive_bayes_log_probability_difference,33.0,available
BNB016,naive_bayes,NumberOfTime30-59DaysPastDueNotWorse_final_bin_0,0.5245399931390402,0.014272485303593577,naive_bayes_log_probability_difference,19.0,available
BNB016,naive_bayes,NumberOfTime30-59DaysPastDueNotWorse_final_bin_1,0.8807005304731179,0.02396344519475517,naive_bayes_log_probability_difference,14.0,available
BNB016,naive_bayes,NumberOfTime30-59DaysPastDueNotWorse_final_bin_2,1.6025749757566263,0.043605307676378435,naive_bayes_log_probability_difference,10.0,available
BNB016,naive_bayes,NumberOfTime30-59DaysPastDueNotWorse_final_bin_3+,2.2396212751608333,0.06093903640036752,naive_bayes_log_probability_difference,5.0,available
BNB016,naive_bayes,NumberOfTime60-89DaysPastDueNotWorse_final_bin_0,0.2834345438598973,0.007712119980713918,naive_bayes_log_probability_difference,27.0,available
BNB016,naive_bayes,NumberOfTime60-89DaysPastDueNotWorse_final_bin_1,1.8401348212317208,0.05006919879548421,naive_bayes_log_probability_difference,8.0,available
BNB016,naive_bayes,NumberOfTime60-89DaysPastDueNotWorse_final_bin_2,2.534748887638578,0.06896931925175868,naive_bayes_log_probability_difference,4.0,available
BNB016,naive_bayes,NumberOfTime60-89DaysPastDueNotWorse_final_bin_3+,3.0031707145045754,0.08171485577380469,naive_bayes_log_probability_difference,2.0,available
BNB016,naive_bayes,NumberOfTimes90DaysLate_final_bin_0,0.3901545068548735,0.010615919735487055,naive_bayes_log_probability_difference,24.0,available
BNB016,naive_bayes,NumberOfTimes90DaysLate_final_bin_1,1.9654039981829765,0.05347771389522064,naive_bayes_log_probability_difference,7.0,available
BNB016,naive_bayes,NumberOfTimes90DaysLate_final_bin_2,2.67095010219486,0.07267528992799432,naive_bayes_log_probability_difference,3.0,available
BNB016,naive_bayes,NumberOfTimes90DaysLate_final_bin_3+,3.071170884704931,0.08356510826650486,naive_bayes_log_probability_difference,1.0,available
BNB017,naive_bayes,MonthlyIncome_missing_flag_bin,0.20017727698586274,0.005462389368328879,naive_bayes_log_probability_difference,36.0,available
BNB017,naive_bayes,DebtRatio_high_flag_bin,0.2292754212106356,0.006256412526425515,naive_bayes_log_probability_difference,33.0,available
BNB017,naive_bayes,NumberOfDependents_missing_flag_bin,0.3227648559374279,0.008807529726100344,naive_bayes_log_probability_difference,26.0,available
BNB017,naive_bayes,RevolvingUtilization_final_bin_0-5%,1.5960005045422028,0.04355127774305049,naive_bayes_log_probability_difference,10.0,available
BNB017,naive_bayes,RevolvingUtilization_final_bin_100%+,2.0728532281279355,0.0565635201253731,naive_bayes_log_probability_difference,6.0,available
BNB017,naive_bayes,RevolvingUtilization_final_bin_15-30%,0.6706249442462013,0.018299852114809754,naive_bayes_log_probability_difference,17.0,available
BNB017,naive_bayes,RevolvingUtilization_final_bin_30-50%,0.16354475243272137,0.0044627698527319225,naive_bayes_log_probability_difference,39.0,available
BNB017,naive_bayes,RevolvingUtilization_final_bin_5-15%,1.1349573963033581,0.030970444340251105,naive_bayes_log_probability_difference,12.0,available
BNB017,naive_bayes,RevolvingUtilization_final_bin_50-75%,0.49508981671344277,0.01350989179143643,naive_bayes_log_probability_difference,21.0,available
BNB017,naive_bayes,RevolvingUtilization_final_bin_75-100%,1.1481394942222902,0.031330154256425706,naive_bayes_log_probability_difference,11.0,available
BNB017,naive_bayes,RevolvingUtilization_final_bin_=0,0.8255219522157402,0.022526644397424918,naive_bayes_log_probability_difference,15.0,available
BNB017,naive_bayes,age_final_bin_v2_21-39,0.4925534051585023,0.013440678803229023,naive_bayes_log_probability_difference,22.0,available
BNB017,naive_bayes,age_final_bin_v2_40-49,0.24819523579544,0.006772691874386113,naive_bayes_log_probability_difference,29.0,available
BNB017,naive_bayes,age_final_bin_v2_50-59,0.023320249937190063,0.0006363573690368241,naive_bayes_log_probability_difference,44.0,available
BNB017,naive_bayes,age_final_bin_v2_60-69,0.6565028533284627,0.01791449189586204,naive_bayes_log_probability_difference,18.0,available
BNB017,naive_bayes,age_final_bin_v2_70+,1.0705149717451574,0.02921195496485156,naive_bayes_log_probability_difference,13.0,available
BNB017,naive_bayes,MonthlyIncome_final_bin_0-5000,0.26698552587913227,0.007285436788926163,naive_bayes_log_probability_difference,28.0,available
BNB017,naive_bayes,MonthlyIncome_final_bin_10000+,0.42453788029403583,0.011584687526420872,naive_bayes_log_probability_difference,23.0,available
BNB017,naive_bayes,MonthlyIncome_final_bin_5000-10000,0.14168373786244004,0.0038662317472704273,naive_bayes_log_probability_difference,41.0,available
BNB017,naive_bayes,DebtRatio_explicit_bin_0-0.20,0.07761653103687038,0.0021179812230751435,naive_bayes_log_probability_difference,43.0,available
BNB017,naive_bayes,DebtRatio_explicit_bin_0.20-0.40,0.1735382785505708,0.00473547078882325,naive_bayes_log_probability_difference,37.0,available
BNB017,naive_bayes,DebtRatio_explicit_bin_0.40-0.60,0.16856817817375358,0.00459984788563144,naive_bayes_log_probability_difference,38.0,available
BNB017,naive_bayes,DebtRatio_explicit_bin_0.60-1.00,0.5102344646590291,0.01392315530051542,naive_bayes_log_probability_difference,20.0,available
BNB017,naive_bayes,DebtRatio_explicit_bin_1.00-2.00,0.7457464783772707,0.020349750462658137,naive_bayes_log_probability_difference,16.0,available
BNB017,naive_bayes,DebtRatio_explicit_bin_2.00+,0.21653949864600808,0.005908877735961788,naive_bayes_log_probability_difference,34.0,available
BNB017,naive_bayes,NumberOfDependents_final_bin_0,0.15910402712957605,0.004341592409173815,naive_bayes_log_probability_difference,40.0,available
BNB017,naive_bayes,NumberOfDependents_final_bin_1,0.1308038136110694,0.0035693429921940575,naive_bayes_log_probability_difference,42.0,available
BNB017,naive_bayes,NumberOfDependents_final_bin_2,0.20343182994573983,0.005551198826397147,naive_bayes_log_probability_difference,35.0,available
BNB017,naive_bayes,NumberOfDependents_final_bin_3+,0.37247934402000293,0.010164126714745312,naive_bayes_log_probability_difference,25.0,available
BNB017,naive_bayes,RealEstateLoans_final_bin_0,0.24598716245986552,0.006712438500504999,naive_bayes_log_probability_difference,30.0,available
BNB017,naive_bayes,RealEstateLoans_final_bin_1-2,0.23185822391667088,0.006326891425201497,naive_bayes_log_probability_difference,31.0,available
BNB017,naive_bayes,RealEstateLoans_final_bin_3+,0.23057956040228955,0.006291999562889273,naive_bayes_log_probability_difference,32.0,available
BNB017,naive_bayes,NumberOfTime30-59DaysPastDueNotWorse_final_bin_0,0.5245270613881861,0.014313168241018515,naive_bayes_log_probability_difference,19.0,available
BNB017,naive_bayes,NumberOfTime30-59DaysPastDueNotWorse_final_bin_1,0.8818490106931938,0.024063683615908295,naive_bayes_log_probability_difference,14.0,available
BNB017,naive_bayes,NumberOfTime30-59DaysPastDueNotWorse_final_bin_2,1.6050513252362002,0.04379825436036672,naive_bayes_log_probability_difference,9.0,available
BNB017,naive_bayes,NumberOfTime30-59DaysPastDueNotWorse_final_bin_3+,2.24004001880218,0.061125673041303286,naive_bayes_log_probability_difference,5.0,available
BNB017,naive_bayes,NumberOfTime60-89DaysPastDueNotWorse_final_bin_0,0.2838299088488654,0.007745082258358882,naive_bayes_log_probability_difference,27.0,available
BNB017,naive_bayes,NumberOfTime60-89DaysPastDueNotWorse_final_bin_1,1.8410007114253872,0.05023678443725733,naive_bayes_log_probability_difference,8.0,available
BNB017,naive_bayes,NumberOfTime60-89DaysPastDueNotWorse_final_bin_2,2.5346366130384563,0.06916455401986601,naive_bayes_log_probability_difference,4.0,available
BNB017,naive_bayes,NumberOfTime60-89DaysPastDueNotWorse_final_bin_3+,2.9944462206400306,0.08171172795407682,naive_bayes_log_probability_difference,2.0,available
BNB017,naive_bayes,NumberOfTimes90DaysLate_final_bin_0,0.3904397138888793,0.010654224966156402,naive_bayes_log_probability_difference,24.0,available
BNB017,naive_bayes,NumberOfTimes90DaysLate_final_bin_1,1.9660358762910821,0.05364871393052272,naive_bayes_log_probability_difference,7.0,available
BNB017,naive_bayes,NumberOfTimes90DaysLate_final_bin_2,2.669278499947005,0.0728386294326959,naive_bayes_log_probability_difference,3.0,available
BNB017,naive_bayes,NumberOfTimes90DaysLate_final_bin_3+,3.065602108561393,0.08365341270235671,naive_bayes_log_probability_difference,1.0,available
BNB018,naive_bayes,MonthlyIncome_missing_flag_bin,0.20017727698586274,0.005462389368328879,naive_bayes_log_probability_difference,36.0,available
BNB018,naive_bayes,DebtRatio_high_flag_bin,0.2292754212106356,0.006256412526425515,naive_bayes_log_probability_difference,33.0,available
BNB018,naive_bayes,NumberOfDependents_missing_flag_bin,0.3227648559374279,0.008807529726100344,naive_bayes_log_probability_difference,26.0,available
BNB018,naive_bayes,RevolvingUtilization_final_bin_0-5%,1.5960005045422028,0.04355127774305049,naive_bayes_log_probability_difference,10.0,available
BNB018,naive_bayes,RevolvingUtilization_final_bin_100%+,2.0728532281279355,0.0565635201253731,naive_bayes_log_probability_difference,6.0,available
BNB018,naive_bayes,RevolvingUtilization_final_bin_15-30%,0.6706249442462013,0.018299852114809754,naive_bayes_log_probability_difference,17.0,available
BNB018,naive_bayes,RevolvingUtilization_final_bin_30-50%,0.16354475243272137,0.0044627698527319225,naive_bayes_log_probability_difference,39.0,available
BNB018,naive_bayes,RevolvingUtilization_final_bin_5-15%,1.1349573963033581,0.030970444340251105,naive_bayes_log_probability_difference,12.0,available
BNB018,naive_bayes,RevolvingUtilization_final_bin_50-75%,0.49508981671344277,0.01350989179143643,naive_bayes_log_probability_difference,21.0,available
BNB018,naive_bayes,RevolvingUtilization_final_bin_75-100%,1.1481394942222902,0.031330154256425706,naive_bayes_log_probability_difference,11.0,available
BNB018,naive_bayes,RevolvingUtilization_final_bin_=0,0.8255219522157402,0.022526644397424918,naive_bayes_log_probability_difference,15.0,available
BNB018,naive_bayes,age_final_bin_v2_21-39,0.4925534051585023,0.013440678803229023,naive_bayes_log_probability_difference,22.0,available
BNB018,naive_bayes,age_final_bin_v2_40-49,0.24819523579544,0.006772691874386113,naive_bayes_log_probability_difference,29.0,available
BNB018,naive_bayes,age_final_bin_v2_50-59,0.023320249937190063,0.0006363573690368241,naive_bayes_log_probability_difference,44.0,available
BNB018,naive_bayes,age_final_bin_v2_60-69,0.6565028533284627,0.01791449189586204,naive_bayes_log_probability_difference,18.0,available
BNB018,naive_bayes,age_final_bin_v2_70+,1.0705149717451574,0.02921195496485156,naive_bayes_log_probability_difference,13.0,available
BNB018,naive_bayes,MonthlyIncome_final_bin_0-5000,0.26698552587913227,0.007285436788926163,naive_bayes_log_probability_difference,28.0,available
BNB018,naive_bayes,MonthlyIncome_final_bin_10000+,0.42453788029403583,0.011584687526420872,naive_bayes_log_probability_difference,23.0,available
BNB018,naive_bayes,MonthlyIncome_final_bin_5000-10000,0.14168373786244004,0.0038662317472704273,naive_bayes_log_probability_difference,41.0,available
BNB018,naive_bayes,DebtRatio_explicit_bin_0-0.20,0.07761653103687038,0.0021179812230751435,naive_bayes_log_probability_difference,43.0,available
BNB018,naive_bayes,DebtRatio_explicit_bin_0.20-0.40,0.1735382785505708,0.00473547078882325,naive_bayes_log_probability_difference,37.0,available
BNB018,naive_bayes,DebtRatio_explicit_bin_0.40-0.60,0.16856817817375358,0.00459984788563144,naive_bayes_log_probability_difference,38.0,available
BNB018,naive_bayes,DebtRatio_explicit_bin_0.60-1.00,0.5102344646590291,0.01392315530051542,naive_bayes_log_probability_difference,20.0,available
BNB018,naive_bayes,DebtRatio_explicit_bin_1.00-2.00,0.7457464783772707,0.020349750462658137,naive_bayes_log_probability_difference,16.0,available
BNB018,naive_bayes,DebtRatio_explicit_bin_2.00+,0.21653949864600808,0.005908877735961788,naive_bayes_log_probability_difference,34.0,available
BNB018,naive_bayes,NumberOfDependents_final_bin_0,0.15910402712957605,0.004341592409173815,naive_bayes_log_probability_difference,40.0,available
BNB018,naive_bayes,NumberOfDependents_final_bin_1,0.1308038136110694,0.0035693429921940575,naive_bayes_log_probability_difference,42.0,available
BNB018,naive_bayes,NumberOfDependents_final_bin_2,0.20343182994573983,0.005551198826397147,naive_bayes_log_probability_difference,35.0,available
BNB018,naive_bayes,NumberOfDependents_final_bin_3+,0.37247934402000293,0.010164126714745312,naive_bayes_log_probability_difference,25.0,available
BNB018,naive_bayes,RealEstateLoans_final_bin_0,0.24598716245986552,0.006712438500504999,naive_bayes_log_probability_difference,30.0,available
BNB018,naive_bayes,RealEstateLoans_final_bin_1-2,0.23185822391667088,0.006326891425201497,naive_bayes_log_probability_difference,31.0,available
BNB018,naive_bayes,RealEstateLoans_final_bin_3+,0.23057956040228955,0.006291999562889273,naive_bayes_log_probability_difference,32.0,available
BNB018,naive_bayes,NumberOfTime30-59DaysPastDueNotWorse_final_bin_0,0.5245270613881861,0.014313168241018515,naive_bayes_log_probability_difference,19.0,available
BNB018,naive_bayes,NumberOfTime30-59DaysPastDueNotWorse_final_bin_1,0.8818490106931938,0.024063683615908295,naive_bayes_log_probability_difference,14.0,available
BNB018,naive_bayes,NumberOfTime30-59DaysPastDueNotWorse_final_bin_2,1.6050513252362002,0.04379825436036672,naive_bayes_log_probability_difference,9.0,available
BNB018,naive_bayes,NumberOfTime30-59DaysPastDueNotWorse_final_bin_3+,2.24004001880218,0.061125673041303286,naive_bayes_log_probability_difference,5.0,available
BNB018,naive_bayes,NumberOfTime60-89DaysPastDueNotWorse_final_bin_0,0.2838299088488654,0.007745082258358882,naive_bayes_log_probability_difference,27.0,available
BNB018,naive_bayes,NumberOfTime60-89DaysPastDueNotWorse_final_bin_1,1.8410007114253872,0.05023678443725733,naive_bayes_log_probability_difference,8.0,available
BNB018,naive_bayes,NumberOfTime60-89DaysPastDueNotWorse_final_bin_2,2.5346366130384563,0.06916455401986601,naive_bayes_log_probability_difference,4.0,available
BNB018,naive_bayes,NumberOfTime60-89DaysPastDueNotWorse_final_bin_3+,2.9944462206400306,0.08171172795407682,naive_bayes_log_probability_difference,2.0,available
BNB018,naive_bayes,NumberOfTimes90DaysLate_final_bin_0,0.3904397138888793,0.010654224966156402,naive_bayes_log_probability_difference,24.0,available
BNB018,naive_bayes,NumberOfTimes90DaysLate_final_bin_1,1.9660358762910821,0.05364871393052272,naive_bayes_log_probability_difference,7.0,available
BNB018,naive_bayes,NumberOfTimes90DaysLate_final_bin_2,2.669278499947005,0.0728386294326959,naive_bayes_log_probability_difference,3.0,available
BNB018,naive_bayes,NumberOfTimes90DaysLate_final_bin_3+,3.065602108561393,0.08365341270235671,naive_bayes_log_probability_difference,1.0,available
WGNB001,naive_bayes,RevolvingUtilization_final_bin_woe,1.1445176683501042,0.21842137046344468,naive_bayes_class_separation,1.0,available
WGNB001,naive_bayes,age_final_bin_v2_woe,0.4948904663892167,0.09444559650516485,naive_bayes_class_separation,5.0,available
WGNB001,naive_bayes,MonthlyIncome_final_bin_woe,0.24364533875941186,0.04649762102456418,naive_bayes_class_separation,7.0,available
WGNB001,naive_bayes,MonthlyIncome_missing_flag_bin_woe,0.09616267922124612,0.018351821700769187,naive_bayes_class_separation,11.0,available
WGNB001,naive_bayes,DebtRatio_high_flag_bin_woe,0.10828897219977716,0.020666020602416714,naive_bayes_class_separation,10.0,available
WGNB001,naive_bayes,DebtRatio_explicit_bin_woe,0.2613963463003638,0.04988524840806355,naive_bayes_class_separation,6.0,available
WGNB001,naive_bayes,NumberOfDependents_final_bin_woe,0.19160457638413428,0.03656608833415444,naive_bayes_class_separation,9.0,available
WGNB001,naive_bayes,NumberOfDependents_missing_flag_bin_woe,0.058144519748412636,0.01109638237974516,naive_bayes_class_separation,12.0,available
WGNB001,naive_bayes,RealEstateLoans_final_bin_woe,0.23731117524895348,0.04528880030212982,naive_bayes_class_separation,8.0,available
WGNB001,naive_bayes,NumberOfTime30-59DaysPastDueNotWorse_final_bin_woe,0.8455568687333623,0.16136726865890955,naive_bayes_class_separation,3.0,available
WGNB001,naive_bayes,NumberOfTime60-89DaysPastDueNotWorse_final_bin_woe,0.6968815719182518,0.1329938647504937,naive_bayes_class_separation,4.0,available
WGNB001,naive_bayes,NumberOfTimes90DaysLate_final_bin_woe,0.8615526012278615,0.16441991687014398,naive_bayes_class_separation,2.0,available
WGNB002,naive_bayes,RevolvingUtilization_final_bin_woe,1.1445176689490113,0.21842136905919368,naive_bayes_class_separation,1.0,available
WGNB002,naive_bayes,age_final_bin_v2_woe,0.4948904674966754,0.09444559605989263,naive_bayes_class_separation,5.0,available
WGNB002,naive_bayes,MonthlyIncome_final_bin_woe,0.24364534083675338,0.04649762109773807,naive_bayes_class_separation,7.0,available
WGNB002,naive_bayes,MonthlyIncome_missing_flag_bin_woe,0.09616268648707099,0.018351822959800725,naive_bayes_class_separation,11.0,available
WGNB002,naive_bayes,DebtRatio_high_flag_bin_woe,0.10828897920427172,0.020666021795486423,naive_bayes_class_separation,10.0,available
WGNB002,naive_bayes,DebtRatio_explicit_bin_woe,0.2613963484026993,0.049885248462455276,naive_bayes_class_separation,6.0,available
WGNB002,naive_bayes,NumberOfDependents_final_bin_woe,0.1916045794827016,0.03656608867126824,naive_bayes_class_separation,9.0,available
WGNB002,naive_bayes,NumberOfDependents_missing_flag_bin_woe,0.058144529088412326,0.011096384085057686,naive_bayes_class_separation,12.0,available
WGNB002,naive_bayes,RealEstateLoans_final_bin_woe,0.23731117752551553,0.04528880042172741,naive_bayes_class_separation,8.0,available
WGNB002,naive_bayes,NumberOfTime30-59DaysPastDueNotWorse_final_bin_woe,0.8455568693311243,0.16136726765110151,naive_bayes_class_separation,3.0,available
WGNB002,naive_bayes,NumberOfTime60-89DaysPastDueNotWorse_final_bin_woe,0.6968815724369096,0.13299386392485185,naive_bayes_class_separation,4.0,available
WGNB002,naive_bayes,NumberOfTimes90DaysLate_final_bin_woe,0.8615526016700686,0.1644199158114265,naive_bayes_class_separation,2.0,available
WGNB003,naive_bayes,RevolvingUtilization_final_bin_woe,1.1445176689436158,0.21842136907184462,naive_bayes_class_separation,1.0,available
WGNB003,naive_bayes,age_final_bin_v2_woe,0.49489046748669835,0.0944455960639041,naive_bayes_class_separation,5.0,available
WGNB003,naive_bayes,MonthlyIncome_final_bin_woe,0.2436453408180386,0.04649762109707885,naive_bayes_class_separation,7.0,available
WGNB003,naive_bayes,MonthlyIncome_missing_flag_bin_woe,0.09616268642161312,0.0183518229484581,naive_bayes_class_separation,11.0,available
WGNB003,naive_bayes,DebtRatio_high_flag_bin_woe,0.10828897914116815,0.02066602178473805,naive_bayes_class_separation,10.0,available
WGNB003,naive_bayes,DebtRatio_explicit_bin_woe,0.2613963483837593,0.04988524846196525,naive_bayes_class_separation,6.0,available
WGNB003,naive_bayes,NumberOfDependents_final_bin_woe,0.1916045794547866,0.03656608866823118,naive_bayes_class_separation,9.0,available
WGNB003,naive_bayes,NumberOfDependents_missing_flag_bin_woe,0.05814452900426816,0.011096384069694508,naive_bayes_class_separation,12.0,available
WGNB003,naive_bayes,RealEstateLoans_final_bin_woe,0.23731117750500594,0.04528880042064995,naive_bayes_class_separation,8.0,available
WGNB003,naive_bayes,NumberOfTime30-59DaysPastDueNotWorse_final_bin_woe,0.8455568693257391,0.1613672676601809,naive_bayes_class_separation,3.0,available
WGNB003,naive_bayes,NumberOfTime60-89DaysPastDueNotWorse_final_bin_woe,0.696881572432237,0.13299386393229007,naive_bayes_class_separation,4.0,available
WGNB003,naive_bayes,NumberOfTimes90DaysLate_final_bin_woe,0.8615526016660847,0.1644199158209645,naive_bayes_class_separation,2.0,available
WGNB004,naive_bayes,RevolvingUtilization_final_bin_woe,1.1445176688896601,0.2184213691983537,naive_bayes_class_separation,1.0,available
WGNB004,naive_bayes,age_final_bin_v2_woe,0.49489046738692727,0.0944455961040187,naive_bayes_class_separation,5.0,available
WGNB004,naive_bayes,MonthlyIncome_final_bin_woe,0.24364534063089072,0.04649762109048661,naive_bayes_class_separation,7.0,available
WGNB004,naive_bayes,MonthlyIncome_missing_flag_bin_woe,0.09616268576703424,0.018351822835031825,naive_bayes_class_separation,11.0,available
WGNB004,naive_bayes,DebtRatio_high_flag_bin_woe,0.10828897851013256,0.02066602167725428,naive_bayes_class_separation,10.0,available
WGNB004,naive_bayes,DebtRatio_explicit_bin_woe,0.26139634819435975,0.0498852484570651,naive_bayes_class_separation,6.0,available
WGNB004,naive_bayes,NumberOfDependents_final_bin_woe,0.19160457917563636,0.036566088637860567,naive_bayes_class_separation,9.0,available
WGNB004,naive_bayes,NumberOfDependents_missing_flag_bin_woe,0.05814452816282657,0.011096383916062715,naive_bayes_class_separation,12.0,available
WGNB004,naive_bayes,RealEstateLoans_final_bin_woe,0.23731117729991028,0.045288800409875395,naive_bayes_class_separation,8.0,available
WGNB004,naive_bayes,NumberOfTime30-59DaysPastDueNotWorse_final_bin_woe,0.8455568692718867,0.1613672677509744,naive_bayes_class_separation,3.0,available
WGNB004,naive_bayes,NumberOfTime60-89DaysPastDueNotWorse_final_bin_woe,0.6968815723855111,0.1329938640066722,naive_bayes_class_separation,4.0,available
WGNB004,naive_bayes,NumberOfTimes90DaysLate_final_bin_woe,0.8615526016262463,0.16441991591634444,naive_bayes_class_separation,2.0,available
WGNB005,naive_bayes,RevolvingUtilization_final_bin_woe,1.1445176683501042,0.21842137046344468,naive_bayes_class_separation,1.0,available
WGNB005,naive_bayes,age_final_bin_v2_woe,0.4948904663892167,0.09444559650516485,naive_bayes_class_separation,5.0,available
WGNB005,naive_bayes,MonthlyIncome_final_bin_woe,0.24364533875941186,0.04649762102456418,naive_bayes_class_separation,7.0,available
WGNB005,naive_bayes,MonthlyIncome_missing_flag_bin_woe,0.09616267922124612,0.018351821700769187,naive_bayes_class_separation,11.0,available
WGNB005,naive_bayes,DebtRatio_high_flag_bin_woe,0.10828897219977716,0.020666020602416714,naive_bayes_class_separation,10.0,available
WGNB005,naive_bayes,DebtRatio_explicit_bin_woe,0.2613963463003638,0.04988524840806355,naive_bayes_class_separation,6.0,available
WGNB005,naive_bayes,NumberOfDependents_final_bin_woe,0.19160457638413428,0.03656608833415444,naive_bayes_class_separation,9.0,available
WGNB005,naive_bayes,NumberOfDependents_missing_flag_bin_woe,0.058144519748412636,0.01109638237974516,naive_bayes_class_separation,12.0,available
WGNB005,naive_bayes,RealEstateLoans_final_bin_woe,0.23731117524895348,0.04528880030212982,naive_bayes_class_separation,8.0,available
WGNB005,naive_bayes,NumberOfTime30-59DaysPastDueNotWorse_final_bin_woe,0.8455568687333623,0.16136726865890955,naive_bayes_class_separation,3.0,available
WGNB005,naive_bayes,NumberOfTime60-89DaysPastDueNotWorse_final_bin_woe,0.6968815719182518,0.1329938647504937,naive_bayes_class_separation,4.0,available
WGNB005,naive_bayes,NumberOfTimes90DaysLate_final_bin_woe,0.8615526012278615,0.16441991687014398,naive_bayes_class_separation,2.0,available
WGNB006,naive_bayes,RevolvingUtilization_final_bin_woe,1.1445176629545442,0.21842138311434117,naive_bayes_class_separation,1.0,available
WGNB006,naive_bayes,age_final_bin_v2_woe,0.4948904564121112,0.09444560051662043,naive_bayes_class_separation,5.0,available
WGNB006,naive_bayes,MonthlyIncome_final_bin_woe,0.24364532004462583,0.04649762036533732,naive_bayes_class_separation,7.0,available
WGNB006,naive_bayes,MonthlyIncome_missing_flag_bin_woe,0.09616261376343842,0.018351810358154863,naive_bayes_class_separation,11.0,available
WGNB006,naive_bayes,DebtRatio_high_flag_bin_woe,0.10828890909628397,0.02066600985405054,naive_bayes_class_separation,10.0,available
WGNB006,naive_bayes,DebtRatio_explicit_bin_woe,0.2613963273604065,0.04988524791804517,naive_bayes_class_separation,6.0,available
WGNB006,naive_bayes,NumberOfDependents_final_bin_woe,0.19160454846912028,0.03656608529709184,naive_bayes_class_separation,9.0,available
WGNB006,naive_bayes,NumberOfDependents_missing_flag_bin_woe,0.058144435604474236,0.011096367016606191,naive_bayes_class_separation,12.0,available
WGNB006,naive_bayes,RealEstateLoans_final_bin_woe,0.2373111547393884,0.04528879922467155,naive_bayes_class_separation,8.0,available
WGNB006,naive_bayes,NumberOfTime30-59DaysPastDueNotWorse_final_bin_woe,0.8455568633481193,0.16136727773825127,naive_bayes_class_separation,3.0,available
WGNB006,naive_bayes,NumberOfTime60-89DaysPastDueNotWorse_final_bin_woe,0.6968815672456596,0.1329938721887004,naive_bayes_class_separation,4.0,available
WGNB006,naive_bayes,NumberOfTimes90DaysLate_final_bin_woe,0.8615525972440128,0.16441992640812922,naive_bayes_class_separation,2.0,available
WGNB007,naive_bayes,RevolvingUtilization_final_bin_woe,1.144517608998948,0.21842150962193507,naive_bayes_class_separation,1.0,available
WGNB007,naive_bayes,age_final_bin_v2_woe,0.494890356641089,0.09444564063057928,naive_bayes_class_separation,5.0,available
WGNB007,naive_bayes,MonthlyIncome_final_bin_woe,0.24364513289700315,0.046497613772798964,naive_bayes_class_separation,7.0,available
WGNB007,naive_bayes,MonthlyIncome_missing_flag_bin_woe,0.09616195919271335,0.018351696933213958,naive_bayes_class_separation,11.0,available
WGNB007,naive_bayes,DebtRatio_high_flag_bin_woe,0.10828827806741935,0.020665902371334643,naive_bayes_class_separation,10.0,available
WGNB007,naive_bayes,DebtRatio_explicit_bin_woe,0.26139613796106015,0.04988524301756798,naive_bayes_class_separation,6.0,available
WGNB007,naive_bayes,NumberOfDependents_final_bin_woe,0.1916042693196515,0.03656605492632885,naive_bayes_class_separation,9.0,available
WGNB007,naive_bayes,NumberOfDependents_missing_flag_bin_woe,0.05814359418518159,0.011096213388870806,naive_bayes_class_separation,12.0,available
WGNB007,naive_bayes,RealEstateLoans_final_bin_woe,0.23731094964403027,0.045288788449834805,naive_bayes_class_separation,8.0,available
WGNB007,naive_bayes,NumberOfTime30-59DaysPastDueNotWorse_final_bin_woe,0.8455568094956946,0.1613673685306543,naive_bayes_class_separation,3.0,available
WGNB007,naive_bayes,NumberOfTime60-89DaysPastDueNotWorse_final_bin_woe,0.6968815205197434,0.13299394656993152,naive_bayes_class_separation,4.0,available
WGNB007,naive_bayes,NumberOfTimes90DaysLate_final_bin_woe,0.8615525574055294,0.1644200217869497,naive_bayes_class_separation,2.0,available
WGNB008,naive_bayes,RevolvingUtilization_final_bin_woe,1.144517069443406,0.21842277456084983,naive_bayes_class_separation,1.0,available
WGNB008,naive_bayes,age_final_bin_v2_woe,0.4948893589341861,0.09444604171051231,naive_bayes_class_separation,5.0,available
WGNB008,naive_bayes,MonthlyIncome_final_bin_woe,0.24364326144449494,0.04649754782044568,naive_bayes_class_separation,7.0,available
WGNB008,naive_bayes,MonthlyIncome_missing_flag_bin_woe,0.09615541422055275,0.01835056280402593,naive_bayes_class_separation,11.0,available
WGNB008,naive_bayes,DebtRatio_high_flag_bin_woe,0.10828196838544722,0.020664827638753807,naive_bayes_class_separation,10.0,available
WGNB008,naive_bayes,DebtRatio_explicit_bin_woe,0.2613942439902393,0.04988519398347603,naive_bayes_class_separation,6.0,available
WGNB008,naive_bayes,NumberOfDependents_final_bin_woe,0.1916014778920665,0.03656575120500105,naive_bayes_class_separation,9.0,available
WGNB008,naive_bayes,NumberOfDependents_missing_flag_bin_woe,0.058135182000857176,0.01109467747685269,naive_bayes_class_separation,12.0,available
WGNB008,naive_bayes,RealEstateLoans_final_bin_woe,0.23730889871969504,0.04528868067607144,naive_bayes_class_separation,8.0,available
WGNB008,naive_bayes,NumberOfTime30-59DaysPastDueNotWorse_final_bin_woe,0.8455562709720135,0.1613682763533178,naive_bayes_class_separation,3.0,available
WGNB008,naive_bayes,NumberOfTime60-89DaysPastDueNotWorse_final_bin_woe,0.6968810532610977,0.132994690298678,naive_bayes_class_separation,4.0,available
WGNB008,naive_bayes,NumberOfTimes90DaysLate_final_bin_woe,0.8615521590209997,0.16442097547201545,naive_bayes_class_separation,2.0,available
WGNB009,naive_bayes,RevolvingUtilization_final_bin_woe,1.144511673929956,0.21843541027472638,naive_bayes_class_separation,1.0,available
WGNB009,naive_bayes,age_final_bin_v2_woe,0.4948793821970262,0.09445004655612295,naive_bayes_class_separation,5.0,available
WGNB009,naive_bayes,MonthlyIncome_final_bin_woe,0.24362454929093438,0.04649688560591946,naive_bayes_class_separation,7.0,available
WGNB009,naive_bayes,MonthlyIncome_missing_flag_bin_woe,0.09609003791551289,0.018339233520717785,naive_bayes_class_separation,11.0,available
WGNB009,naive_bayes,DebtRatio_high_flag_bin_woe,0.10821893216779915,0.020654089762489124,naive_bayes_class_separation,10.0,available
WGNB009,naive_bayes,DebtRatio_explicit_bin_woe,0.2613753065460387,0.049884700716963125,naive_bayes_class_separation,6.0,available
WGNB009,naive_bayes,NumberOfDependents_final_bin_woe,0.1915735703246937,0.0365627126265814,naive_bayes_class_separation,9.0,available
WGNB009,naive_bayes,NumberOfDependents_missing_flag_bin_woe,0.058051260481578854,0.011079354793051006,naive_bayes_class_separation,12.0,available
WGNB009,naive_bayes,RealEstateLoans_final_bin_woe,0.2372883924005062,0.04528760040468313,naive_bayes_class_separation,8.0,available
WGNB009,naive_bayes,NumberOfTime30-59DaysPastDueNotWorse_final_bin_woe,0.8455508857917929,0.16137734446332272,naive_bayes_class_separation,3.0,available
WGNB009,naive_bayes,NumberOfTime60-89DaysPastDueNotWorse_final_bin_woe,0.6968763807263342,0.13300211924622032,naive_bayes_class_separation,4.0,available
WGNB009,naive_bayes,NumberOfTimes90DaysLate_final_bin_woe,0.8615481752060967,0.1644305020292025,naive_bayes_class_separation,2.0,available
WGNB010,naive_bayes,RevolvingUtilization_final_bin_woe,1.1444577229920052,0.2185604264064402,naive_bayes_class_separation,1.0,available
WGNB010,naive_bayes,age_final_bin_v2_woe,0.4947796479999034,0.09448951120830759,naive_bayes_class_separation,5.0,available
WGNB010,naive_bayes,MonthlyIncome_final_bin_woe,0.24343766457101648,0.046490000201083,naive_bayes_class_separation,7.0,available
WGNB010,naive_bayes,MonthlyIncome_missing_flag_bin_woe,0.0954435252822704,0.01822712815366496,naive_bayes_class_separation,11.0,available
WGNB010,naive_bayes,DebtRatio_high_flag_bin_woe,0.10759456560181141,0.020547647732647504,naive_bayes_class_separation,10.0,available
WGNB010,naive_bayes,DebtRatio_explicit_bin_woe,0.2611861582017293,0.04987948175035267,naive_bayes_class_separation,6.0,available
WGNB010,naive_bayes,NumberOfDependents_final_bin_woe,0.19129516369569738,0.03653219486126309,naive_bayes_class_separation,9.0,available
WGNB010,naive_bayes,NumberOfDependents_missing_flag_bin_woe,0.05723155611392725,0.010929677048674544,naive_bayes_class_separation,12.0,available
WGNB010,naive_bayes,RealEstateLoans_final_bin_woe,0.23708362115821743,0.04527655001432054,naive_bayes_class_separation,8.0,available
WGNB010,naive_bayes,NumberOfTime30-59DaysPastDueNotWorse_final_bin_woe,0.8454970396480037,0.16146703351150477,naive_bayes_class_separation,3.0,available
WGNB010,naive_bayes,NumberOfTime60-89DaysPastDueNotWorse_final_bin_woe,0.6968296605473931,0.1330755908953372,naive_bayes_class_separation,4.0,available
WGNB010,naive_bayes,NumberOfTimes90DaysLate_final_bin_woe,0.8615083400963185,0.16452475821640394,naive_bayes_class_separation,2.0,available
WGNB011,naive_bayes,NumberOfTimes90DaysLate_final_bin_woe,0.8615526012278615,0.30212666644000813,naive_bayes_class_separation,2.0,available
WGNB011,naive_bayes,RevolvingUtilization_final_bin_woe,1.1445176683501042,0.4013560023235937,naive_bayes_class_separation,1.0,available
WGNB011,naive_bayes,NumberOfTime30-59DaysPastDueNotWorse_final_bin_woe,0.8455568687333623,0.29651733123639823,naive_bayes_class_separation,3.0,available
WGNB012,naive_bayes,NumberOfTimes90DaysLate_final_bin_woe,0.8615526012278615,0.2130763161376305,naive_bayes_class_separation,2.0,available
WGNB012,naive_bayes,RevolvingUtilization_final_bin_woe,1.1445176683501042,0.2830582928760405,naive_bayes_class_separation,1.0,available
WGNB012,naive_bayes,NumberOfTime30-59DaysPastDueNotWorse_final_bin_woe,0.8455568687333623,0.20912030492137576,naive_bayes_class_separation,3.0,available
WGNB012,naive_bayes,NumberOfTime60-89DaysPastDueNotWorse_final_bin_woe,0.6968815719182518,0.17235042633139275,naive_bayes_class_separation,4.0,available
WGNB012,naive_bayes,age_final_bin_v2_woe,0.4948904663892167,0.12239465973356062,naive_bayes_class_separation,5.0,available
WGNB013,naive_bayes,NumberOfTimes90DaysLate_final_bin_woe,0.8615526012278615,0.18728381569084449,naive_bayes_class_separation,2.0,available
WGNB013,naive_bayes,RevolvingUtilization_final_bin_woe,1.1445176683501042,0.24879460145406174,naive_bayes_class_separation,1.0,available
WGNB013,naive_bayes,NumberOfTime30-59DaysPastDueNotWorse_final_bin_woe,0.8455568687333623,0.18380667243566728,naive_bayes_class_separation,3.0,available
WGNB013,naive_bayes,NumberOfTime60-89DaysPastDueNotWorse_final_bin_woe,0.6968815719182518,0.15148772075840514,naive_bayes_class_separation,4.0,available
WGNB013,naive_bayes,age_final_bin_v2_woe,0.4948904663892167,0.10757900882929493,naive_bayes_class_separation,5.0,available
WGNB013,naive_bayes,DebtRatio_explicit_bin_woe,0.2613963463003638,0.056822189467024664,naive_bayes_class_separation,6.0,available
WGNB013,naive_bayes,NumberOfDependents_missing_flag_bin_woe,0.058144519748412636,0.012639422717167725,naive_bayes_class_separation,8.0,available
WGNB013,naive_bayes,RealEstateLoans_final_bin_woe,0.23731117524895348,0.05158656864753416,naive_bayes_class_separation,7.0,available
WGNB014,naive_bayes,NumberOfTimes90DaysLate_final_bin_woe,0.8615526012278615,0.17109570198910798,naive_bayes_class_separation,2.0,available
WGNB014,naive_bayes,RevolvingUtilization_final_bin_woe,1.1445176683501042,0.22728972511512105,naive_bayes_class_separation,1.0,available
WGNB014,naive_bayes,NumberOfTime30-59DaysPastDueNotWorse_final_bin_woe,0.8455568687333623,0.16791911001309176,naive_bayes_class_separation,3.0,available
WGNB014,naive_bayes,NumberOfTime60-89DaysPastDueNotWorse_final_bin_woe,0.6968815719182518,0.1383936878383259,naive_bayes_class_separation,4.0,available
WGNB014,naive_bayes,age_final_bin_v2_woe,0.4948904663892167,0.09828028101117157,naive_bayes_class_separation,5.0,available
WGNB014,naive_bayes,DebtRatio_explicit_bin_woe,0.2613963463003638,0.05191069158622418,naive_bayes_class_separation,6.0,available
WGNB014,naive_bayes,NumberOfDependents_missing_flag_bin_woe,0.058144519748412636,0.011546918213694898,naive_bayes_class_separation,10.0,available
WGNB014,naive_bayes,RealEstateLoans_final_bin_woe,0.23731117524895348,0.04712761828031595,naive_bayes_class_separation,8.0,available
WGNB014,naive_bayes,MonthlyIncome_final_bin_woe,0.24364533875941186,0.048385519597996536,naive_bayes_class_separation,7.0,available
WGNB014,naive_bayes,NumberOfDependents_final_bin_woe,0.19160457638413428,0.038050746354950434,naive_bayes_class_separation,9.0,available
NN001,neural_network,RevolvingUtilization_capped_scaled,5.745460299959996,0.044720508708124,neural_network_first_layer_input_sensitivity,12.0,available
NN001,neural_network,age_scaled,5.632375265421425,0.043840297200635925,neural_network_first_layer_input_sensitivity,13.0,available
NN001,neural_network,age_sq_scaled,4.478143516134565,0.03485619004467218,neural_network_first_layer_input_sensitivity,14.0,available
NN001,neural_network,NumberOfTime30-59DaysPastDueNotWorse_scaled,12.666058238362524,0.09858784817471299,neural_network_first_layer_input_sensitivity,3.0,available
NN001,neural_network,DebtRatio_capped_scaled,6.340575808128509,0.049352664684482406,neural_network_first_layer_input_sensitivity,9.0,available
NN001,neural_network,MonthlyIncome_median_scaled,5.772643865109512,0.04493209538673969,neural_network_first_layer_input_sensitivity,10.0,available
NN001,neural_network,NumberOfOpenCreditLinesAndLoans_scaled,3.974683378885481,0.03093744510926679,neural_network_first_layer_input_sensitivity,16.0,available
NN001,neural_network,NumberOfTimes90DaysLate_scaled,18.905805486275646,0.14715570115226023,neural_network_first_layer_input_sensitivity,1.0,available
NN001,neural_network,NumberRealEstateLoansOrLines_scaled,4.017930102251849,0.031274061388543314,neural_network_first_layer_input_sensitivity,15.0,available
NN001,neural_network,NumberOfTime60-89DaysPastDueNotWorse_scaled,17.564574063058995,0.13671605865016384,neural_network_first_layer_input_sensitivity,2.0,available
NN001,neural_network,NumberOfDependents_median_scaled,3.1235055017066715,0.024312195663403854,neural_network_first_layer_input_sensitivity,17.0,available
NN001,neural_network,RevolvingUtilization_log_scaled,6.7277342143166186,0.05236616055277329,neural_network_first_layer_input_sensitivity,7.0,available
NN001,neural_network,DebtRatio_log_scaled,6.788560936200073,0.05283961294886671,neural_network_first_layer_input_sensitivity,6.0,available
NN001,neural_network,MonthlyIncome_missing_flag_scaled,6.9430057932774325,0.054041753807084994,neural_network_first_layer_input_sensitivity,5.0,available
NN001,neural_network,NumberOfDependents_missing_flag_scaled,6.618292246316329,0.051514305309247325,neural_network_first_layer_input_sensitivity,8.0,available
NN001,neural_network,DebtRatio_high_flag_scaled,5.770676581708795,0.04491678279038361,neural_network_first_layer_input_sensitivity,11.0,available
NN001,neural_network,RevolvingUtilization_high_flag_scaled,7.404816915855899,0.05763631842863892,neural_network_first_layer_input_sensitivity,4.0,available
NN002,neural_network,RevolvingUtilization_capped_scaled,9.027368678371548,0.051995620527305865,neural_network_first_layer_input_sensitivity,10.0,available
NN002,neural_network,age_scaled,8.976278877565935,0.05170135472404153,neural_network_first_layer_input_sensitivity,13.0,available
NN002,neural_network,age_sq_scaled,8.609500767956604,0.04958879500875475,neural_network_first_layer_input_sensitivity,14.0,available
NN002,neural_network,NumberOfTime30-59DaysPastDueNotWorse_scaled,13.548508641006158,0.07803637351119676,neural_network_first_layer_input_sensitivity,3.0,available
NN002,neural_network,DebtRatio_capped_scaled,9.022235302007783,0.051966053429855455,neural_network_first_layer_input_sensitivity,11.0,available
NN002,neural_network,MonthlyIncome_median_scaled,9.215366187008069,0.05307844404625256,neural_network_first_layer_input_sensitivity,8.0,available
NN002,neural_network,NumberOfOpenCreditLinesAndLoans_scaled,9.203382150330537,0.053009418680648165,neural_network_first_layer_input_sensitivity,9.0,available
NN002,neural_network,NumberOfTimes90DaysLate_scaled,17.23185592334448,0.09925162840840726,neural_network_first_layer_input_sensitivity,1.0,available
NN002,neural_network,NumberRealEstateLoansOrLines_scaled,8.116107550213872,0.046746960645441114,neural_network_first_layer_input_sensitivity,16.0,available
NN002,neural_network,NumberOfTime60-89DaysPastDueNotWorse_scaled,17.000285129493754,0.09791783253152929,neural_network_first_layer_input_sensitivity,2.0,available
NN002,neural_network,NumberOfDependents_median_scaled,7.424722146121365,0.04276473565938938,neural_network_first_layer_input_sensitivity,17.0,available
NN002,neural_network,RevolvingUtilization_log_scaled,8.172466019240463,0.0470715727969341,neural_network_first_layer_input_sensitivity,15.0,available
NN002,neural_network,DebtRatio_log_scaled,9.459323513197644,0.054483583573543645,neural_network_first_layer_input_sensitivity,7.0,available
NN002,neural_network,MonthlyIncome_missing_flag_scaled,9.459799049655125,0.0544863225569696,neural_network_first_layer_input_sensitivity,6.0,available
NN002,neural_network,NumberOfDependents_missing_flag_scaled,9.600239117813455,0.05529522587652548,neural_network_first_layer_input_sensitivity,5.0,available
NN002,neural_network,DebtRatio_high_flag_scaled,8.993357898005064,0.05179972605431174,neural_network_first_layer_input_sensitivity,12.0,available
NN002,neural_network,RevolvingUtilization_high_flag_scaled,10.557069069341233,0.06080635196889345,neural_network_first_layer_input_sensitivity,4.0,available
NN003,neural_network,RevolvingUtilization_capped_scaled,6.3759071698647425,0.05289644976931122,neural_network_first_layer_input_sensitivity,8.0,available
NN003,neural_network,age_scaled,5.940447707581759,0.049283746673178815,neural_network_first_layer_input_sensitivity,11.0,available
NN003,neural_network,age_sq_scaled,5.657785465861476,0.04693869542439236,neural_network_first_layer_input_sensitivity,13.0,available
NN003,neural_network,NumberOfTime30-59DaysPastDueNotWorse_scaled,9.727719130104457,0.08070409317870511,neural_network_first_layer_input_sensitivity,3.0,available
NN003,neural_network,DebtRatio_capped_scaled,6.680507505023151,0.055423506060935976,neural_network_first_layer_input_sensitivity,4.0,available
NN003,neural_network,MonthlyIncome_median_scaled,6.013061374872782,0.04988617156772234,neural_network_first_layer_input_sensitivity,10.0,available
NN003,neural_network,NumberOfOpenCreditLinesAndLoans_scaled,5.863478266629368,0.048645184966014485,neural_network_first_layer_input_sensitivity,12.0,available
NN003,neural_network,NumberOfTimes90DaysLate_scaled,15.536792892521316,0.1288979219615708,neural_network_first_layer_input_sensitivity,1.0,available
NN003,neural_network,NumberRealEstateLoansOrLines_scaled,5.0422591310567295,0.04183210321982326,neural_network_first_layer_input_sensitivity,16.0,available
NN003,neural_network,NumberOfTime60-89DaysPastDueNotWorse_scaled,13.555563710635589,0.11246104684575334,neural_network_first_layer_input_sensitivity,2.0,available
NN003,neural_network,NumberOfDependents_median_scaled,3.421447717239077,0.028385362661592937,neural_network_first_layer_input_sensitivity,17.0,available
NN003,neural_network,RevolvingUtilization_log_scaled,6.652305667173181,0.055189535104413275,neural_network_first_layer_input_sensitivity,5.0,available
NN003,neural_network,DebtRatio_log_scaled,6.617616084371839,0.054901739858139564,neural_network_first_layer_input_sensitivity,6.0,available
NN003,neural_network,MonthlyIncome_missing_flag_scaled,6.4604515093442485,0.05359785512033237,neural_network_first_layer_input_sensitivity,7.0,available
NN003,neural_network,NumberOfDependents_missing_flag_scaled,6.313191647901986,0.05237614287511133,neural_network_first_layer_input_sensitivity,9.0,available
NN003,neural_network,DebtRatio_high_flag_scaled,5.217171100594461,0.04328322569764632,neural_network_first_layer_input_sensitivity,15.0,available
NN003,neural_network,RevolvingUtilization_high_flag_scaled,5.459929064322644,0.04529721901535651,neural_network_first_layer_input_sensitivity,14.0,available
NN004,neural_network,RevolvingUtilization_capped_scaled,6.650367373132886,0.07513014235166292,neural_network_first_layer_input_sensitivity,5.0,available
NN004,neural_network,NumberOfTime30-59DaysPastDueNotWorse_scaled,11.83028918649378,0.13364845290101782,neural_network_first_layer_input_sensitivity,3.0,available
NN004,neural_network,NumberOfTimes90DaysLate_scaled,16.6416658520075,0.1880032567044696,neural_network_first_layer_input_sensitivity,1.0,available
NN004,neural_network,age_scaled,5.914038262303169,0.06681172807310716,neural_network_first_layer_input_sensitivity,8.0,available
NN004,neural_network,NumberOfTime60-89DaysPastDueNotWorse_scaled,15.986503625644097,0.18060179621839623,neural_network_first_layer_input_sensitivity,2.0,available
NN004,neural_network,DebtRatio_high_flag_scaled,6.115060817933417,0.06908270836231799,neural_network_first_layer_input_sensitivity,7.0,available
NN004,neural_network,MonthlyIncome_missing_flag_scaled,6.44346680716193,0.0727927573469132,neural_network_first_layer_input_sensitivity,6.0,available
NN004,neural_network,DebtRatio_log_scaled,7.796163494522164,0.08807436345645986,neural_network_first_layer_input_sensitivity,4.0,available
NN004,neural_network,RevolvingUtilization_log_scaled,5.42792778937623,0.06132006919465479,neural_network_first_layer_input_sensitivity,10.0,available
NN004,neural_network,DebtRatio_capped_scaled,5.712482616704365,0.0645347253910003,neural_network_first_layer_input_sensitivity,9.0,available
NN005,neural_network,RevolvingUtilization_capped_scaled,3.654944879583219,0.05067354176088068,neural_network_first_layer_input_sensitivity,12.0,available
NN005,neural_network,age_scaled,2.448906017784267,0.033952561652534095,neural_network_first_layer_input_sensitivity,17.0,available
NN005,neural_network,age_sq_scaled,3.7621347948096853,0.05215966339185668,neural_network_first_layer_input_sensitivity,10.0,available
NN005,neural_network,NumberOfTime30-59DaysPastDueNotWorse_scaled,5.771960734170619,0.08002465233853572,neural_network_first_layer_input_sensitivity,3.0,available
NN005,neural_network,DebtRatio_capped_scaled,4.855793749271662,0.06732256585056891,neural_network_first_layer_input_sensitivity,4.0,available
NN005,neural_network,MonthlyIncome_median_scaled,3.0530687941781016,0.0423289034821963,neural_network_first_layer_input_sensitivity,15.0,available
NN005,neural_network,NumberOfOpenCreditLinesAndLoans_scaled,3.7317057064628756,0.05173778297234583,neural_network_first_layer_input_sensitivity,11.0,available
NN005,neural_network,NumberOfTimes90DaysLate_scaled,7.24379198738144,0.10043067894954515,neural_network_first_layer_input_sensitivity,1.0,available
NN005,neural_network,NumberRealEstateLoansOrLines_scaled,3.162537641022917,0.043846621085296994,neural_network_first_layer_input_sensitivity,14.0,available
NN005,neural_network,NumberOfTime60-89DaysPastDueNotWorse_scaled,6.632208374031595,0.09195145182235312,neural_network_first_layer_input_sensitivity,2.0,available
NN005,neural_network,NumberOfDependents_median_scaled,3.0271369763599765,0.041969374926654264,neural_network_first_layer_input_sensitivity,16.0,available
NN005,neural_network,RevolvingUtilization_log_scaled,3.440152593025954,0.04769558005109539,neural_network_first_layer_input_sensitivity,13.0,available
NN005,neural_network,DebtRatio_log_scaled,4.1041977842920625,0.05690215438788054,neural_network_first_layer_input_sensitivity,8.0,available
NN005,neural_network,MonthlyIncome_missing_flag_scaled,4.044133163212081,0.05606939570480157,neural_network_first_layer_input_sensitivity,9.0,available
NN005,neural_network,NumberOfDependents_missing_flag_scaled,4.21692675341118,0.05846507156242627,neural_network_first_layer_input_sensitivity,7.0,available
NN005,neural_network,DebtRatio_high_flag_scaled,4.299270472226256,0.05960671610470945,neural_network_first_layer_input_sensitivity,6.0,available
NN005,neural_network,RevolvingUtilization_high_flag_scaled,4.6784124284779525,0.06486328395631906,neural_network_first_layer_input_sensitivity,5.0,available
NN006,neural_network,RevolvingUtilization_capped_scaled,5.691845301257294,0.04482393705565898,neural_network_first_layer_input_sensitivity,11.0,available
NN006,neural_network,age_scaled,5.6820096495467745,0.0447464801660495,neural_network_first_layer_input_sensitivity,13.0,available
NN006,neural_network,age_sq_scaled,4.427495358268481,0.03486703568865629,neural_network_first_layer_input_sensitivity,14.0,available
NN006,neural_network,NumberOfTime30-59DaysPastDueNotWorse_scaled,12.390603844960472,0.09757743182258147,neural_network_first_layer_input_sensitivity,3.0,available
NN006,neural_network,DebtRatio_capped_scaled,6.2504376713514125,0.04922291628148919,neural_network_first_layer_input_sensitivity,9.0,available
NN006,neural_network,MonthlyIncome_median_scaled,5.690044811656108,0.04480975799275734,neural_network_first_layer_input_sensitivity,12.0,available
NN006,neural_network,NumberOfOpenCreditLinesAndLoans_scaled,3.968794809885141,0.0312547160594511,neural_network_first_layer_input_sensitivity,16.0,available
NN006,neural_network,NumberOfTimes90DaysLate_scaled,18.5264728878276,0.1458981069643478,neural_network_first_layer_input_sensitivity,1.0,available
NN006,neural_network,NumberRealEstateLoansOrLines_scaled,3.998262839378945,0.03148678018440066,neural_network_first_layer_input_sensitivity,15.0,available
NN006,neural_network,NumberOfTime60-89DaysPastDueNotWorse_scaled,16.98215304716807,0.1337364104199534,neural_network_first_layer_input_sensitivity,2.0,available
NN006,neural_network,NumberOfDependents_median_scaled,3.157434306643123,0.024865158683614746,neural_network_first_layer_input_sensitivity,17.0,available
NN006,neural_network,RevolvingUtilization_log_scaled,6.709858907739742,0.052840911411707256,neural_network_first_layer_input_sensitivity,7.0,available
NN006,neural_network,DebtRatio_log_scaled,6.7221166420159495,0.052937442480378495,neural_network_first_layer_input_sensitivity,6.0,available
NN006,neural_network,MonthlyIncome_missing_flag_scaled,6.909948116532952,0.054416636967439126,neural_network_first_layer_input_sensitivity,5.0,available
NN006,neural_network,NumberOfDependents_missing_flag_scaled,6.633846986949331,0.05224230878414876,neural_network_first_layer_input_sensitivity,8.0,available
NN006,neural_network,DebtRatio_high_flag_scaled,5.838641644272283,0.04597997515772252,neural_network_first_layer_input_sensitivity,10.0,available
NN006,neural_network,RevolvingUtilization_high_flag_scaled,7.402303700885642,0.05829399387964336,neural_network_first_layer_input_sensitivity,4.0,available
NN007,neural_network,RevolvingUtilization_capped_scaled,9.971660679715967,0.046870600273183544,neural_network_first_layer_input_sensitivity,7.0,available
NN007,neural_network,age_scaled,9.603765332047642,0.04514135212317358,neural_network_first_layer_input_sensitivity,11.0,available
NN007,neural_network,age_sq_scaled,9.7008621801521,0.04559774426300516,neural_network_first_layer_input_sensitivity,10.0,available
NN007,neural_network,NumberOfTime30-59DaysPastDueNotWorse_scaled,18.345922538985857,0.08623281814199152,neural_network_first_layer_input_sensitivity,3.0,available
NN007,neural_network,DebtRatio_capped_scaled,9.447994232013535,0.044409168668649864,neural_network_first_layer_input_sensitivity,14.0,available
NN007,neural_network,MonthlyIncome_median_scaled,12.34124611731509,0.058008553661909226,neural_network_first_layer_input_sensitivity,4.0,available
NN007,neural_network,NumberOfOpenCreditLinesAndLoans_scaled,9.22426552101835,0.043357558578866036,neural_network_first_layer_input_sensitivity,15.0,available
NN007,neural_network,NumberOfTimes90DaysLate_scaled,30.387126908385778,0.14283106139688842,neural_network_first_layer_input_sensitivity,1.0,available
NN007,neural_network,NumberRealEstateLoansOrLines_scaled,11.62413677358166,0.05463786682429293,neural_network_first_layer_input_sensitivity,5.0,available
NN007,neural_network,NumberOfTime60-89DaysPastDueNotWorse_scaled,27.513502562948844,0.12932393331096767,neural_network_first_layer_input_sensitivity,2.0,available
NN007,neural_network,NumberOfDependents_median_scaled,6.958063902775563,0.032705548487591565,neural_network_first_layer_input_sensitivity,17.0,available
NN007,neural_network,RevolvingUtilization_log_scaled,9.586641790754513,0.045060864962108794,neural_network_first_layer_input_sensitivity,12.0,available
NN007,neural_network,DebtRatio_log_scaled,10.326647011967168,0.048539171137737216,neural_network_first_layer_input_sensitivity,6.0,available
NN007,neural_network,MonthlyIncome_missing_flag_scaled,9.582796605344718,0.04504279112725746,neural_network_first_layer_input_sensitivity,13.0,available
NN007,neural_network,NumberOfDependents_missing_flag_scaled,9.765801860405602,0.04590298547535626,neural_network_first_layer_input_sensitivity,9.0,available
NN007,neural_network,DebtRatio_high_flag_scaled,8.416858181879853,0.03956243679665622,neural_network_first_layer_input_sensitivity,16.0,available
NN007,neural_network,RevolvingUtilization_high_flag_scaled,9.951437742217252,0.04677554477036444,neural_network_first_layer_input_sensitivity,8.0,available
NN008,neural_network,RevolvingUtilization_capped_scaled,14.815040604554962,0.047509093005237805,neural_network_first_layer_input_sensitivity,9.0,available
NN008,neural_network,age_scaled,13.647343340826158,0.04376450401724698,neural_network_first_layer_input_sensitivity,14.0,available
NN008,neural_network,age_sq_scaled,13.805941180656802,0.044273097933663734,neural_network_first_layer_input_sensitivity,13.0,available
NN008,neural_network,NumberOfTime30-59DaysPastDueNotWorse_scaled,27.797277217942888,0.0891407228565809,neural_network_first_layer_input_sensitivity,3.0,available
NN008,neural_network,DebtRatio_capped_scaled,14.853432484458498,0.0476322086578822,neural_network_first_layer_input_sensitivity,8.0,available
NN008,neural_network,MonthlyIncome_median_scaled,16.322839534502798,0.05234432508513271,neural_network_first_layer_input_sensitivity,4.0,available
NN008,neural_network,NumberOfOpenCreditLinesAndLoans_scaled,13.994158220428181,0.044876675141877376,neural_network_first_layer_input_sensitivity,11.0,available
NN008,neural_network,NumberOfTimes90DaysLate_scaled,43.41110819731289,0.1392113887404721,neural_network_first_layer_input_sensitivity,1.0,available
NN008,neural_network,NumberRealEstateLoansOrLines_scaled,15.899444880580536,0.050986576798912775,neural_network_first_layer_input_sensitivity,6.0,available
NN008,neural_network,NumberOfTime60-89DaysPastDueNotWorse_scaled,39.39058527342081,0.1263183159086533,neural_network_first_layer_input_sensitivity,2.0,available
NN008,neural_network,NumberOfDependents_median_scaled,10.997570050606008,0.03526717153952437,neural_network_first_layer_input_sensitivity,17.0,available
NN008,neural_network,RevolvingUtilization_log_scaled,13.827569746632602,0.04434245674137421,neural_network_first_layer_input_sensitivity,12.0,available
NN008,neural_network,DebtRatio_log_scaled,15.844474281977156,0.05081029626406236,neural_network_first_layer_input_sensitivity,7.0,available
NN008,neural_network,MonthlyIncome_missing_flag_scaled,15.91253217478878,0.05102854532902502,neural_network_first_layer_input_sensitivity,5.0,available
NN008,neural_network,NumberOfDependents_missing_flag_scaled,13.433643301437595,0.04307920754607749,neural_network_first_layer_input_sensitivity,15.0,available
NN008,neural_network,DebtRatio_high_flag_scaled,14.781222232968588,0.04740064374722573,neural_network_first_layer_input_sensitivity,10.0,available
NN008,neural_network,RevolvingUtilization_high_flag_scaled,13.101713679339225,0.04201477068705083,neural_network_first_layer_input_sensitivity,16.0,available
NN009,neural_network,RevolvingUtilization_capped_scaled,14.330284360439858,0.052879766558904695,neural_network_first_layer_input_sensitivity,6.0,available
NN009,neural_network,age_scaled,13.803156811465296,0.05093462848380184,neural_network_first_layer_input_sensitivity,9.0,available
NN009,neural_network,age_sq_scaled,12.2924157555271,0.04535988674388895,neural_network_first_layer_input_sensitivity,15.0,available
NN009,neural_network,NumberOfTime30-59DaysPastDueNotWorse_scaled,23.559183217872388,0.0869350584778848,neural_network_first_layer_input_sensitivity,3.0,available
NN009,neural_network,DebtRatio_capped_scaled,14.238891090510382,0.052542518905099075,neural_network_first_layer_input_sensitivity,7.0,available
NN009,neural_network,MonthlyIncome_median_scaled,14.480533918212135,0.05343419809290203,neural_network_first_layer_input_sensitivity,5.0,available
NN009,neural_network,NumberOfOpenCreditLinesAndLoans_scaled,12.4659877800017,0.046000379835617916,neural_network_first_layer_input_sensitivity,13.0,available
NN009,neural_network,NumberOfTimes90DaysLate_scaled,31.49697128210949,0.1162260599174427,neural_network_first_layer_input_sensitivity,1.0,available
NN009,neural_network,NumberRealEstateLoansOrLines_scaled,13.519337439196729,0.049887314852546306,neural_network_first_layer_input_sensitivity,10.0,available
NN009,neural_network,NumberOfTime60-89DaysPastDueNotWorse_scaled,30.653009045326108,0.11311177935307108,neural_network_first_layer_input_sensitivity,2.0,available
NN009,neural_network,NumberOfDependents_median_scaled,12.320313847919941,0.045462832685230124,neural_network_first_layer_input_sensitivity,14.0,available
NN009,neural_network,RevolvingUtilization_log_scaled,13.233004275804605,0.04883072515359748,neural_network_first_layer_input_sensitivity,11.0,available
NN009,neural_network,DebtRatio_log_scaled,14.13097855100608,0.05214431397390322,neural_network_first_layer_input_sensitivity,8.0,available
NN009,neural_network,MonthlyIncome_missing_flag_scaled,14.56956601911817,0.05376273286539802,neural_network_first_layer_input_sensitivity,4.0,available
NN009,neural_network,NumberOfDependents_missing_flag_scaled,11.620715002790007,0.04288126328403405,neural_network_first_layer_input_sensitivity,16.0,available
NN009,neural_network,DebtRatio_high_flag_scaled,13.140469943475125,0.048489266898534854,neural_network_first_layer_input_sensitivity,12.0,available
NN009,neural_network,RevolvingUtilization_high_flag_scaled,11.142678300531603,0.04111727391814284,neural_network_first_layer_input_sensitivity,17.0,available
NN010,neural_network,RevolvingUtilization_capped_scaled,9.50516772496469,0.05249849599306002,neural_network_first_layer_input_sensitivity,8.0,available
NN010,neural_network,age_scaled,9.662467969456094,0.05336728931623834,neural_network_first_layer_input_sensitivity,6.0,available
NN010,neural_network,age_sq_scaled,8.382894067229369,0.046300006831317915,neural_network_first_layer_input_sensitivity,16.0,available
NN010,neural_network,NumberOfTime30-59DaysPastDueNotWorse_scaled,13.30707764482015,0.07349702631560082,neural_network_first_layer_input_sensitivity,3.0,available
NN010,neural_network,DebtRatio_capped_scaled,9.43374873868393,0.052104038002040956,neural_network_first_layer_input_sensitivity,9.0,available
NN010,neural_network,MonthlyIncome_median_scaled,9.102189927468899,0.05027278794673478,neural_network_first_layer_input_sensitivity,10.0,available
NN010,neural_network,NumberOfOpenCreditLinesAndLoans_scaled,8.89229729898125,0.04911351883813285,neural_network_first_layer_input_sensitivity,14.0,available
NN010,neural_network,NumberOfTimes90DaysLate_scaled,19.673827190648865,0.10866155840929906,neural_network_first_layer_input_sensitivity,1.0,available
NN010,neural_network,NumberRealEstateLoansOrLines_scaled,8.936305939558526,0.04935658529501799,neural_network_first_layer_input_sensitivity,13.0,available
NN010,neural_network,NumberOfTime60-89DaysPastDueNotWorse_scaled,19.347141083943747,0.10685722104670814,neural_network_first_layer_input_sensitivity,2.0,available
NN010,neural_network,NumberOfDependents_median_scaled,7.88120090979589,0.043529078744894804,neural_network_first_layer_input_sensitivity,17.0,available
NN010,neural_network,RevolvingUtilization_log_scaled,8.397792525687475,0.046382293297406396,neural_network_first_layer_input_sensitivity,15.0,available
NN010,neural_network,DebtRatio_log_scaled,9.101911959738473,0.05027125268842012,neural_network_first_layer_input_sensitivity,11.0,available
NN010,neural_network,MonthlyIncome_missing_flag_scaled,9.05675408687053,0.05002183884571788,neural_network_first_layer_input_sensitivity,12.0,available
NN010,neural_network,NumberOfDependents_missing_flag_scaled,10.447625897457339,0.05770383671127611,neural_network_first_layer_input_sensitivity,4.0,available
NN010,neural_network,DebtRatio_high_flag_scaled,9.649752151439387,0.053297057907333766,neural_network_first_layer_input_sensitivity,7.0,available
NN010,neural_network,RevolvingUtilization_high_flag_scaled,10.277845539373496,0.056766113810800094,neural_network_first_layer_input_sensitivity,5.0,available
NN011,neural_network,RevolvingUtilization_capped_scaled,8.948205742438825,0.05312346014034058,neural_network_first_layer_input_sensitivity,9.0,available
NN011,neural_network,age_scaled,8.739965357906808,0.05188718439012736,neural_network_first_layer_input_sensitivity,12.0,available
NN011,neural_network,age_sq_scaled,8.484634836019994,0.05037134521605293,neural_network_first_layer_input_sensitivity,14.0,available
NN011,neural_network,NumberOfTime30-59DaysPastDueNotWorse_scaled,13.174701174053332,0.07821520121753114,neural_network_first_layer_input_sensitivity,3.0,available
NN011,neural_network,DebtRatio_capped_scaled,8.888904177981285,0.05277140025410227,neural_network_first_layer_input_sensitivity,10.0,available
NN011,neural_network,MonthlyIncome_median_scaled,8.678171235858159,0.05152032675698312,neural_network_first_layer_input_sensitivity,13.0,available
NN011,neural_network,NumberOfOpenCreditLinesAndLoans_scaled,8.997431678615474,0.053415703315522464,neural_network_first_layer_input_sensitivity,8.0,available
NN011,neural_network,NumberOfTimes90DaysLate_scaled,16.84109688075735,0.09998175775300054,neural_network_first_layer_input_sensitivity,1.0,available
NN011,neural_network,NumberRealEstateLoansOrLines_scaled,7.977334170844354,0.04735961667053992,neural_network_first_layer_input_sensitivity,16.0,available
NN011,neural_network,NumberOfTime60-89DaysPastDueNotWorse_scaled,16.387371806057928,0.09728809528990452,neural_network_first_layer_input_sensitivity,2.0,available
NN011,neural_network,NumberOfDependents_median_scaled,7.190000733207205,0.04268539731356805,neural_network_first_layer_input_sensitivity,17.0,available
NN011,neural_network,RevolvingUtilization_log_scaled,8.133327090740554,0.04828571111905923,neural_network_first_layer_input_sensitivity,15.0,available
NN011,neural_network,DebtRatio_log_scaled,9.195214270499685,0.05458989353184515,neural_network_first_layer_input_sensitivity,6.0,available
NN011,neural_network,MonthlyIncome_missing_flag_scaled,9.235917007458493,0.05483153641385657,neural_network_first_layer_input_sensitivity,5.0,available
NN011,neural_network,NumberOfDependents_missing_flag_scaled,9.146625252621625,0.05430143159558665,neural_network_first_layer_input_sensitivity,7.0,available
NN011,neural_network,DebtRatio_high_flag_scaled,8.791137918692945,0.05219098423240284,neural_network_first_layer_input_sensitivity,11.0,available
NN011,neural_network,RevolvingUtilization_high_flag_scaled,9.631657024119168,0.0571809547895768,neural_network_first_layer_input_sensitivity,4.0,available
NN012,neural_network,RevolvingUtilization_capped_scaled,9.214464712843863,0.053577735571373714,neural_network_first_layer_input_sensitivity,9.0,available
NN012,neural_network,age_scaled,9.059814574325966,0.05267851847240986,neural_network_first_layer_input_sensitivity,11.0,available
NN012,neural_network,age_sq_scaled,8.611842779748947,0.05007377526689014,neural_network_first_layer_input_sensitivity,14.0,available
NN012,neural_network,NumberOfTime30-59DaysPastDueNotWorse_scaled,13.254609583761868,0.07706925898698402,neural_network_first_layer_input_sensitivity,3.0,available
NN012,neural_network,DebtRatio_capped_scaled,9.087440514568733,0.052839150193010456,neural_network_first_layer_input_sensitivity,10.0,available
NN012,neural_network,MonthlyIncome_median_scaled,9.003992685217076,0.052353940701809494,neural_network_first_layer_input_sensitivity,12.0,available
NN012,neural_network,NumberOfOpenCreditLinesAndLoans_scaled,9.240038604921793,0.05372643560658816,neural_network_first_layer_input_sensitivity,8.0,available
NN012,neural_network,NumberOfTimes90DaysLate_scaled,15.997333730860174,0.09301689714914718,neural_network_first_layer_input_sensitivity,2.0,available
NN012,neural_network,NumberRealEstateLoansOrLines_scaled,8.156552490075866,0.04742647848856324,neural_network_first_layer_input_sensitivity,16.0,available
NN012,neural_network,NumberOfTime60-89DaysPastDueNotWorse_scaled,16.197811662849503,0.0941825810996265,neural_network_first_layer_input_sensitivity,1.0,available
NN012,neural_network,NumberOfDependents_median_scaled,7.521997938434909,0.04373684517475374,neural_network_first_layer_input_sensitivity,17.0,available
NN012,neural_network,RevolvingUtilization_log_scaled,8.416398169646262,0.04893735769242856,neural_network_first_layer_input_sensitivity,15.0,available
NN012,neural_network,DebtRatio_log_scaled,9.379259857691641,0.054535941063418567,neural_network_first_layer_input_sensitivity,7.0,available
NN012,neural_network,MonthlyIncome_missing_flag_scaled,9.579084119061008,0.055697824229726633,neural_network_first_layer_input_sensitivity,6.0,available
NN012,neural_network,NumberOfDependents_missing_flag_scaled,9.765630015649474,0.05678250001185972,neural_network_first_layer_input_sensitivity,5.0,available
NN012,neural_network,DebtRatio_high_flag_scaled,8.97129225573652,0.05216380323659814,neural_network_first_layer_input_sensitivity,13.0,available
NN012,neural_network,RevolvingUtilization_high_flag_scaled,10.525529926933725,0.06120095705481175,neural_network_first_layer_input_sensitivity,4.0,available
NN013,neural_network,RevolvingUtilization_capped_scaled,9.179672175368136,0.05279623409110993,neural_network_first_layer_input_sensitivity,9.0,available
NN013,neural_network,age_scaled,8.885198118946438,0.05110258742055492,neural_network_first_layer_input_sensitivity,12.0,available
NN013,neural_network,age_sq_scaled,8.63714720664059,0.04967594017407112,neural_network_first_layer_input_sensitivity,14.0,available
NN013,neural_network,NumberOfTime30-59DaysPastDueNotWorse_scaled,13.335145611250134,0.07669614512158379,neural_network_first_layer_input_sensitivity,3.0,available
NN013,neural_network,DebtRatio_capped_scaled,9.153891965230375,0.05264796103915896,neural_network_first_layer_input_sensitivity,10.0,available
NN013,neural_network,MonthlyIncome_median_scaled,8.828076431181021,0.050774056080728366,neural_network_first_layer_input_sensitivity,13.0,available
NN013,neural_network,NumberOfOpenCreditLinesAndLoans_scaled,9.286782542239678,0.05341227177686833,neural_network_first_layer_input_sensitivity,8.0,available
NN013,neural_network,NumberOfTimes90DaysLate_scaled,16.720270078770156,0.09616544864358713,neural_network_first_layer_input_sensitivity,2.0,available
NN013,neural_network,NumberRealEstateLoansOrLines_scaled,8.194729235559047,0.04713140456091364,neural_network_first_layer_input_sensitivity,16.0,available
NN013,neural_network,NumberOfTime60-89DaysPastDueNotWorse_scaled,17.051119687213493,0.09806830672420547,neural_network_first_layer_input_sensitivity,1.0,available
NN013,neural_network,NumberOfDependents_median_scaled,7.387475207835417,0.04248854021843194,neural_network_first_layer_input_sensitivity,17.0,available
NN013,neural_network,RevolvingUtilization_log_scaled,8.539133306337147,0.04911222017124915,neural_network_first_layer_input_sensitivity,15.0,available
NN013,neural_network,DebtRatio_log_scaled,9.323184538545672,0.05362163527935941,neural_network_first_layer_input_sensitivity,7.0,available
NN013,neural_network,MonthlyIncome_missing_flag_scaled,9.942482953526845,0.0571834862327447,neural_network_first_layer_input_sensitivity,5.0,available
NN013,neural_network,NumberOfDependents_missing_flag_scaled,9.843940380163016,0.05661672560427504,neural_network_first_layer_input_sensitivity,6.0,available
NN013,neural_network,DebtRatio_high_flag_scaled,9.052175768149539,0.05206294753874799,neural_network_first_layer_input_sensitivity,11.0,available
NN013,neural_network,RevolvingUtilization_high_flag_scaled,10.50940345405853,0.060444089322410015,neural_network_first_layer_input_sensitivity,4.0,available
NN014,neural_network,RevolvingUtilization_capped_scaled,6.899375960518645,0.1300023400522313,neural_network_first_layer_input_sensitivity,4.0,available
NN014,neural_network,NumberOfTime30-59DaysPastDueNotWorse_scaled,10.358627484998697,0.19518371233649356,neural_network_first_layer_input_sensitivity,3.0,available
NN014,neural_network,NumberOfTimes90DaysLate_scaled,15.106724576341957,0.28465031572237653,neural_network_first_layer_input_sensitivity,1.0,available
NN014,neural_network,age_scaled,6.42964749522033,0.12115142367553716,neural_network_first_layer_input_sensitivity,5.0,available
NN014,neural_network,NumberOfTime60-89DaysPastDueNotWorse_scaled,14.276791953803347,0.26901220821336147,neural_network_first_layer_input_sensitivity,2.0,available
NN015,neural_network,RevolvingUtilization_capped_scaled,10.456399647712166,0.1512823136946607,neural_network_first_layer_input_sensitivity,4.0,available
NN015,neural_network,NumberOfTime30-59DaysPastDueNotWorse_scaled,13.380894232359495,0.1935936562273416,neural_network_first_layer_input_sensitivity,3.0,available
NN015,neural_network,NumberOfTimes90DaysLate_scaled,18.82283013789406,0.27232712878999815,neural_network_first_layer_input_sensitivity,1.0,available
NN015,neural_network,age_scaled,9.713819720893238,0.14053872955315755,neural_network_first_layer_input_sensitivity,5.0,available
NN015,neural_network,NumberOfTime60-89DaysPastDueNotWorse_scaled,16.74451031133985,0.24225817173484204,neural_network_first_layer_input_sensitivity,2.0,available
NN016,neural_network,RevolvingUtilization_capped_scaled,6.562898341048085,0.07844708826873935,neural_network_first_layer_input_sensitivity,5.0,available
NN016,neural_network,NumberOfTime30-59DaysPastDueNotWorse_scaled,11.183798539121748,0.13368124654482652,neural_network_first_layer_input_sensitivity,3.0,available
NN016,neural_network,NumberOfTimes90DaysLate_scaled,14.318488469117327,0.17115056038372112,neural_network_first_layer_input_sensitivity,1.0,available
NN016,neural_network,age_scaled,6.183464251736776,0.07391166840550566,neural_network_first_layer_input_sensitivity,7.0,available
NN016,neural_network,NumberOfTime60-89DaysPastDueNotWorse_scaled,14.019886571691625,0.16758133712483606,neural_network_first_layer_input_sensitivity,2.0,available
NN016,neural_network,DebtRatio_high_flag_scaled,6.01731786342748,0.07192570127453374,neural_network_first_layer_input_sensitivity,8.0,available
NN016,neural_network,MonthlyIncome_missing_flag_scaled,6.494834869104469,0.07763351766106405,neural_network_first_layer_input_sensitivity,6.0,available
NN016,neural_network,DebtRatio_log_scaled,7.703087330836441,0.09207590006451795,neural_network_first_layer_input_sensitivity,4.0,available
NN016,neural_network,RevolvingUtilization_log_scaled,5.477285299084951,0.06547062913392115,neural_network_first_layer_input_sensitivity,10.0,available
NN016,neural_network,DebtRatio_capped_scaled,5.699128866867444,0.06812235113833454,neural_network_first_layer_input_sensitivity,9.0,available
NN017,neural_network,RevolvingUtilization_capped_scaled,10.36600579601353,0.08300116126216156,neural_network_first_layer_input_sensitivity,5.0,available
NN017,neural_network,NumberOfTime30-59DaysPastDueNotWorse_scaled,13.702733539998754,0.10971851826701236,neural_network_first_layer_input_sensitivity,3.0,available
NN017,neural_network,NumberOfTimes90DaysLate_scaled,21.888277684976366,0.1752606067980752,neural_network_first_layer_input_sensitivity,1.0,available
NN017,neural_network,age_scaled,8.917442982458297,0.07140244155736396,neural_network_first_layer_input_sensitivity,10.0,available
NN017,neural_network,NumberOfTime60-89DaysPastDueNotWorse_scaled,20.10975784016298,0.16101990354629037,neural_network_first_layer_input_sensitivity,2.0,available
NN017,neural_network,DebtRatio_high_flag_scaled,9.785792244598673,0.07835536041126909,neural_network_first_layer_input_sensitivity,8.0,available
NN017,neural_network,MonthlyIncome_missing_flag_scaled,10.168140382051199,0.08141684233974618,neural_network_first_layer_input_sensitivity,6.0,available
NN017,neural_network,DebtRatio_log_scaled,10.780786816433146,0.0863223350143094,neural_network_first_layer_input_sensitivity,4.0,available
NN017,neural_network,RevolvingUtilization_log_scaled,9.177739112814962,0.07348664655558601,neural_network_first_layer_input_sensitivity,9.0,available
NN017,neural_network,DebtRatio_capped_scaled,9.993212348821778,0.08001618424818582,neural_network_first_layer_input_sensitivity,7.0,available
NN018,neural_network,RevolvingUtilization_capped_scaled,6.46011957507444,0.06072758899259111,neural_network_first_layer_input_sensitivity,7.0,available
NN018,neural_network,NumberOfTime30-59DaysPastDueNotWorse_scaled,13.064387345591387,0.12281022602494786,neural_network_first_layer_input_sensitivity,3.0,available
NN018,neural_network,NumberOfTimes90DaysLate_scaled,19.033369688093984,0.1789209376282009,neural_network_first_layer_input_sensitivity,1.0,available
NN018,neural_network,age_scaled,5.272465910280735,0.04956319137069328,neural_network_first_layer_input_sensitivity,12.0,available
NN018,neural_network,NumberOfTime60-89DaysPastDueNotWorse_scaled,17.89399093935593,0.16821034263747892,neural_network_first_layer_input_sensitivity,2.0,available
NN018,neural_network,DebtRatio_high_flag_scaled,5.882747376757328,0.055300070020584104,neural_network_first_layer_input_sensitivity,8.0,available
NN018,neural_network,MonthlyIncome_missing_flag_scaled,6.66374328214026,0.06264172953567826,neural_network_first_layer_input_sensitivity,6.0,available
NN018,neural_network,DebtRatio_log_scaled,7.56578008041221,0.07112121962948517,neural_network_first_layer_input_sensitivity,4.0,available
NN018,neural_network,RevolvingUtilization_log_scaled,5.844162247358572,0.05493735508131355,neural_network_first_layer_input_sensitivity,9.0,available
NN018,neural_network,DebtRatio_capped_scaled,5.648658197450597,0.053099542413726566,neural_network_first_layer_input_sensitivity,10.0,available
NN018,neural_network,NumberOfOpenCreditLinesAndLoans_scaled,5.6471352667767345,0.053085226284287815,neural_network_first_layer_input_sensitivity,11.0,available
NN018,neural_network,NumberRealEstateLoansOrLines_scaled,7.402100634313256,0.06958257038101244,neural_network_first_layer_input_sensitivity,5.0,available
NN019,neural_network,RevolvingUtilization_capped_scaled,10.286904639724117,0.07506519090673278,neural_network_first_layer_input_sensitivity,6.0,available
NN019,neural_network,NumberOfTime30-59DaysPastDueNotWorse_scaled,14.488362068048291,0.10572389874832921,neural_network_first_layer_input_sensitivity,3.0,available
NN019,neural_network,NumberOfTimes90DaysLate_scaled,20.671635522174356,0.1508442355763912,neural_network_first_layer_input_sensitivity,1.0,available
NN019,neural_network,age_scaled,8.74002409199278,0.0637773557714711,neural_network_first_layer_input_sensitivity,9.0,available
NN019,neural_network,NumberOfTime60-89DaysPastDueNotWorse_scaled,18.301596563301246,0.1335496816619714,neural_network_first_layer_input_sensitivity,2.0,available
NN019,neural_network,DebtRatio_high_flag_scaled,9.757064705373297,0.07119886403630873,neural_network_first_layer_input_sensitivity,7.0,available
NN019,neural_network,MonthlyIncome_missing_flag_scaled,10.515934859521892,0.0767364611065304,neural_network_first_layer_input_sensitivity,4.0,available
NN019,neural_network,DebtRatio_log_scaled,10.428498119948866,0.0760984212122977,neural_network_first_layer_input_sensitivity,5.0,available
NN019,neural_network,RevolvingUtilization_log_scaled,8.500783494615316,0.06203157881098187,neural_network_first_layer_input_sensitivity,10.0,available
NN019,neural_network,DebtRatio_capped_scaled,9.71782447768356,0.07091252180937888,neural_network_first_layer_input_sensitivity,8.0,available
NN019,neural_network,NumberOfOpenCreditLinesAndLoans_scaled,7.605131388071998,0.05549586192447881,neural_network_first_layer_input_sensitivity,12.0,available
NN019,neural_network,NumberRealEstateLoansOrLines_scaled,8.025852111634743,0.058565928435127756,neural_network_first_layer_input_sensitivity,11.0,available
T001,tree,RevolvingUtilization_capped,0.02914231563398332,0.02914231563398332,model_feature_importances,4.0,available
T001,tree,age,0.0,0.0,model_feature_importances,6.0,available
T001,tree,age_sq,0.0,0.0,model_feature_importances,7.0,available
T001,tree,NumberOfTime30-59DaysPastDueNotWorse,0.00728575023280442,0.00728575023280442,model_feature_importances,5.0,available
T001,tree,DebtRatio_capped,0.0,0.0,model_feature_importances,8.0,available
T001,tree,MonthlyIncome_median,0.0,0.0,model_feature_importances,9.0,available
T001,tree,NumberOfOpenCreditLinesAndLoans,0.0,0.0,model_feature_importances,10.0,available
T001,tree,NumberOfTimes90DaysLate,0.711940044051888,0.711940044051888,model_feature_importances,1.0,available
T001,tree,NumberRealEstateLoansOrLines,0.0,0.0,model_feature_importances,11.0,available
T001,tree,NumberOfTime60-89DaysPastDueNotWorse,0.10566518520545472,0.10566518520545472,model_feature_importances,3.0,available
T001,tree,NumberOfDependents_median,0.0,0.0,model_feature_importances,12.0,available
T001,tree,RevolvingUtilization_log,0.14596670487586946,0.14596670487586946,model_feature_importances,2.0,available
T001,tree,DebtRatio_log,0.0,0.0,model_feature_importances,13.0,available
T001,tree,MonthlyIncome_missing_flag,0.0,0.0,model_feature_importances,14.0,available
T001,tree,NumberOfDependents_missing_flag,0.0,0.0,model_feature_importances,15.0,available
T001,tree,DebtRatio_high_flag,0.0,0.0,model_feature_importances,16.0,available
T001,tree,RevolvingUtilization_high_flag,0.0,0.0,model_feature_importances,17.0,available
T002,tree,RevolvingUtilization_capped,0.00878468602506756,0.00878468602506756,model_feature_importances,5.0,available
T002,tree,age,0.00358318745948365,0.00358318745948365,model_feature_importances,7.0,available
T002,tree,age_sq,0.0,0.0,model_feature_importances,10.0,available
T002,tree,NumberOfTime30-59DaysPastDueNotWorse,0.08195715937671394,0.08195715937671394,model_feature_importances,4.0,available
T002,tree,DebtRatio_capped,0.002646766056478334,0.002646766056478334,model_feature_importances,8.0,available
T002,tree,MonthlyIncome_median,0.0,0.0,model_feature_importances,11.0,available
T002,tree,NumberOfOpenCreditLinesAndLoans,0.001410252122652675,0.001410252122652675,model_feature_importances,9.0,available
T002,tree,NumberOfTimes90DaysLate,0.6252189803247782,0.6252189803247782,model_feature_importances,1.0,available
T002,tree,NumberRealEstateLoansOrLines,0.0,0.0,model_feature_importances,12.0,available
T002,tree,NumberOfTime60-89DaysPastDueNotWorse,0.10912083871792261,0.10912083871792261,model_feature_importances,3.0,available
T002,tree,NumberOfDependents_median,0.0,0.0,model_feature_importances,13.0,available
T002,tree,RevolvingUtilization_log,0.16326213572848358,0.16326213572848358,model_feature_importances,2.0,available
T002,tree,DebtRatio_log,0.004015994188419468,0.004015994188419468,model_feature_importances,6.0,available
T002,tree,MonthlyIncome_missing_flag,0.0,0.0,model_feature_importances,14.0,available
T002,tree,NumberOfDependents_missing_flag,0.0,0.0,model_feature_importances,15.0,available
T002,tree,DebtRatio_high_flag,0.0,0.0,model_feature_importances,16.0,available
T002,tree,RevolvingUtilization_high_flag,0.0,0.0,model_feature_importances,17.0,available
T003,tree,RevolvingUtilization_capped,0.05174265569582605,0.05174265569582605,model_feature_importances,5.0,available
T003,tree,age,0.00717429203592588,0.00717429203592588,model_feature_importances,7.0,available
T003,tree,age_sq,0.0020966394820430075,0.0020966394820430075,model_feature_importances,13.0,available
T003,tree,NumberOfTime30-59DaysPastDueNotWorse,0.08343998576547611,0.08343998576547611,model_feature_importances,4.0,available
T003,tree,DebtRatio_capped,0.004247619041836054,0.004247619041836054,model_feature_importances,9.0,available
T003,tree,MonthlyIncome_median,0.0027741771872537963,0.0027741771872537963,model_feature_importances,11.0,available
T003,tree,NumberOfOpenCreditLinesAndLoans,0.0065357147044155526,0.0065357147044155526,model_feature_importances,8.0,available
T003,tree,NumberOfTimes90DaysLate,0.5921255783996308,0.5921255783996308,model_feature_importances,1.0,available
T003,tree,NumberRealEstateLoansOrLines,0.003961718842908274,0.003961718842908274,model_feature_importances,10.0,available
T003,tree,NumberOfTime60-89DaysPastDueNotWorse,0.10510759524900486,0.10510759524900486,model_feature_importances,3.0,available
T003,tree,NumberOfDependents_median,0.002450841692473323,0.002450841692473323,model_feature_importances,12.0,available
T003,tree,RevolvingUtilization_log,0.12814936603860655,0.12814936603860655,model_feature_importances,2.0,available
T003,tree,DebtRatio_log,0.010193815864599809,0.010193815864599809,model_feature_importances,6.0,available
T003,tree,MonthlyIncome_missing_flag,0.0,0.0,model_feature_importances,14.0,available
T003,tree,NumberOfDependents_missing_flag,0.0,0.0,model_feature_importances,15.0,available
T003,tree,DebtRatio_high_flag,0.0,0.0,model_feature_importances,16.0,available
T003,tree,RevolvingUtilization_high_flag,0.0,0.0,model_feature_importances,17.0,available
T004,tree,RevolvingUtilization_capped,0.03629624264149872,0.03629624264149872,model_feature_importances,5.0,available
T004,tree,age,0.0036151292747293967,0.0036151292747293967,model_feature_importances,7.0,available
T004,tree,age_sq,0.0,0.0,model_feature_importances,10.0,available
T004,tree,NumberOfTime30-59DaysPastDueNotWorse,0.0882916877883193,0.0882916877883193,model_feature_importances,4.0,available
T004,tree,DebtRatio_capped,0.006722154473967776,0.006722154473967776,model_feature_importances,6.0,available
T004,tree,MonthlyIncome_median,0.0,0.0,model_feature_importances,11.0,available
T004,tree,NumberOfOpenCreditLinesAndLoans,0.0,0.0,model_feature_importances,12.0,available
T004,tree,NumberOfTimes90DaysLate,0.6292467244836831,0.6292467244836831,model_feature_importances,1.0,available
T004,tree,NumberRealEstateLoansOrLines,0.0,0.0,model_feature_importances,13.0,available
T004,tree,NumberOfTime60-89DaysPastDueNotWorse,0.10434396505393778,0.10434396505393778,model_feature_importances,3.0,available
T004,tree,NumberOfDependents_median,0.0012461324844195774,0.0012461324844195774,model_feature_importances,8.0,available
T004,tree,RevolvingUtilization_log,0.12950811949432756,0.12950811949432756,model_feature_importances,2.0,available
T004,tree,DebtRatio_log,0.0007298443051167622,0.0007298443051167622,model_feature_importances,9.0,available
T004,tree,MonthlyIncome_missing_flag,0.0,0.0,model_feature_importances,14.0,available
T004,tree,NumberOfDependents_missing_flag,0.0,0.0,model_feature_importances,15.0,available
T004,tree,DebtRatio_high_flag,0.0,0.0,model_feature_importances,16.0,available
T004,tree,RevolvingUtilization_high_flag,0.0,0.0,model_feature_importances,17.0,available
T005,tree,RevolvingUtilization_capped,0.01689017183599256,0.01689017183599256,model_feature_importances,5.0,available
T005,tree,age,0.0015662028671847945,0.0015662028671847945,model_feature_importances,12.0,available
T005,tree,age_sq,0.004979792940855868,0.004979792940855868,model_feature_importances,7.0,available
T005,tree,NumberOfTime30-59DaysPastDueNotWorse,0.08775606639597351,0.08775606639597351,model_feature_importances,4.0,available
T005,tree,DebtRatio_capped,0.008979088949234194,0.008979088949234194,model_feature_importances,6.0,available
T005,tree,MonthlyIncome_median,0.00032046073709832726,0.00032046073709832726,model_feature_importances,13.0,available
T005,tree,NumberOfOpenCreditLinesAndLoans,0.003893276486821179,0.003893276486821179,model_feature_importances,9.0,available
T005,tree,NumberOfTimes90DaysLate,0.6088286557648079,0.6088286557648079,model_feature_importances,1.0,available
T005,tree,NumberRealEstateLoansOrLines,0.0017721153496195938,0.0017721153496195938,model_feature_importances,11.0,available
T005,tree,NumberOfTime60-89DaysPastDueNotWorse,0.10095816713719954,0.10095816713719954,model_feature_importances,3.0,available
T005,tree,NumberOfDependents_median,0.003991731583676379,0.003991731583676379,model_feature_importances,8.0,available
T005,tree,RevolvingUtilization_log,0.15631975119461253,0.15631975119461253,model_feature_importances,2.0,available
T005,tree,DebtRatio_log,0.0037445187569236623,0.0037445187569236623,model_feature_importances,10.0,available
T005,tree,MonthlyIncome_missing_flag,0.0,0.0,model_feature_importances,14.0,available
T005,tree,NumberOfDependents_missing_flag,0.0,0.0,model_feature_importances,15.0,available
T005,tree,DebtRatio_high_flag,0.0,0.0,model_feature_importances,16.0,available
T005,tree,RevolvingUtilization_high_flag,0.0,0.0,model_feature_importances,17.0,available
T006,tree,RevolvingUtilization_capped,0.0012825371337179198,0.0012825371337179198,model_feature_importances,6.0,available
T006,tree,age,0.0,0.0,model_feature_importances,10.0,available
T006,tree,age_sq,0.008998463671559266,0.008998463671559266,model_feature_importances,5.0,available
T006,tree,NumberOfTime30-59DaysPastDueNotWorse,0.18180691239621632,0.18180691239621632,model_feature_importances,2.0,available
T006,tree,DebtRatio_capped,0.0,0.0,model_feature_importances,11.0,available
T006,tree,MonthlyIncome_median,0.0,0.0,model_feature_importances,12.0,available
T006,tree,NumberOfOpenCreditLinesAndLoans,4.8238268351142016e-05,4.8238268351142016e-05,model_feature_importances,9.0,available
T006,tree,NumberOfTimes90DaysLate,0.15623420635645932,0.15623420635645932,model_feature_importances,3.0,available
T006,tree,NumberRealEstateLoansOrLines,0.00026648154994095866,0.00026648154994095866,model_feature_importances,8.0,available
T006,tree,NumberOfTime60-89DaysPastDueNotWorse,0.05979556762742543,0.05979556762742543,model_feature_importances,4.0,available
T006,tree,NumberOfDependents_median,0.0,0.0,model_feature_importances,13.0,available
T006,tree,RevolvingUtilization_log,0.5909115996412491,0.5909115996412491,model_feature_importances,1.0,available
T006,tree,DebtRatio_log,0.0006559933550805081,0.0006559933550805081,model_feature_importances,7.0,available
T006,tree,MonthlyIncome_missing_flag,0.0,0.0,model_feature_importances,14.0,available
T006,tree,NumberOfDependents_missing_flag,0.0,0.0,model_feature_importances,15.0,available
T006,tree,DebtRatio_high_flag,0.0,0.0,model_feature_importances,16.0,available
T006,tree,RevolvingUtilization_high_flag,0.0,0.0,model_feature_importances,17.0,available
T007,tree,RevolvingUtilization_capped,0.009841977777493089,0.009841977777493089,model_feature_importances,7.0,available
T007,tree,age,0.010840301616891472,0.010840301616891472,model_feature_importances,6.0,available
T007,tree,age_sq,0.008666018766983752,0.008666018766983752,model_feature_importances,8.0,available
T007,tree,NumberOfTime30-59DaysPastDueNotWorse,0.17406079043145248,0.17406079043145248,model_feature_importances,2.0,available
T007,tree,DebtRatio_capped,0.004101184822787571,0.004101184822787571,model_feature_importances,9.0,available
T007,tree,MonthlyIncome_median,0.0012339194728285049,0.0012339194728285049,model_feature_importances,12.0,available
T007,tree,NumberOfOpenCreditLinesAndLoans,0.003445721168494409,0.003445721168494409,model_feature_importances,10.0,available
T007,tree,NumberOfTimes90DaysLate,0.1487065279020591,0.1487065279020591,model_feature_importances,3.0,available
T007,tree,NumberRealEstateLoansOrLines,0.011338729829187322,0.011338729829187322,model_feature_importances,5.0,available
T007,tree,NumberOfTime60-89DaysPastDueNotWorse,0.05698134945551675,0.05698134945551675,model_feature_importances,4.0,available
T007,tree,NumberOfDependents_median,0.00014665891682880225,0.00014665891682880225,model_feature_importances,13.0,available
T007,tree,RevolvingUtilization_log,0.5674743106109654,0.5674743106109654,model_feature_importances,1.0,available
T007,tree,DebtRatio_log,0.003162509228511354,0.003162509228511354,model_feature_importances,11.0,available
T007,tree,MonthlyIncome_missing_flag,0.0,0.0,model_feature_importances,14.0,available
T007,tree,NumberOfDependents_missing_flag,0.0,0.0,model_feature_importances,15.0,available
T007,tree,DebtRatio_high_flag,0.0,0.0,model_feature_importances,16.0,available
T007,tree,RevolvingUtilization_high_flag,0.0,0.0,model_feature_importances,17.0,available
RF001,tree,RevolvingUtilization_capped,0.1608260102484987,0.1608260102484987,model_feature_importances,3.0,available
RF001,tree,age,0.013709433753732804,0.013709433753732804,model_feature_importances,6.0,available
RF001,tree,age_sq,0.010960696972031166,0.010960696972031166,model_feature_importances,7.0,available
RF001,tree,NumberOfTime30-59DaysPastDueNotWorse,0.10406381207031357,0.10406381207031357,model_feature_importances,5.0,available
RF001,tree,DebtRatio_capped,0.004787916374775861,0.004787916374775861,model_feature_importances,10.0,available
RF001,tree,MonthlyIncome_median,0.004269573272502904,0.004269573272502904,model_feature_importances,11.0,available
RF001,tree,NumberOfOpenCreditLinesAndLoans,0.009302678452559105,0.009302678452559105,model_feature_importances,8.0,available
RF001,tree,NumberOfTimes90DaysLate,0.3533933175115649,0.3533933175115649,model_feature_importances,1.0,available
RF001,tree,NumberRealEstateLoansOrLines,0.0033858893442508934,0.0033858893442508934,model_feature_importances,12.0,available
RF001,tree,NumberOfTime60-89DaysPastDueNotWorse,0.18597624426335338,0.18597624426335338,model_feature_importances,2.0,available
RF001,tree,NumberOfDependents_median,0.0012144566656746094,0.0012144566656746094,model_feature_importances,13.0,available
RF001,tree,RevolvingUtilization_log,0.14254083336061132,0.14254083336061132,model_feature_importances,4.0,available
RF001,tree,DebtRatio_log,0.004842455539039838,0.004842455539039838,model_feature_importances,9.0,available
RF001,tree,MonthlyIncome_missing_flag,0.0002538954008816076,0.0002538954008816076,model_feature_importances,15.0,available
RF001,tree,NumberOfDependents_missing_flag,2.322929470433846e-06,2.322929470433846e-06,model_feature_importances,17.0,available
RF001,tree,DebtRatio_high_flag,0.00018573433171685018,0.00018573433171685018,model_feature_importances,16.0,available
RF001,tree,RevolvingUtilization_high_flag,0.0002847295090220894,0.0002847295090220894,model_feature_importances,14.0,available
RF002,tree,RevolvingUtilization_capped,0.14694621395742288,0.14694621395742288,model_feature_importances,3.0,available
RF002,tree,age,0.015787648701396623,0.015787648701396623,model_feature_importances,6.0,available
RF002,tree,age_sq,0.012380996239240402,0.012380996239240402,model_feature_importances,7.0,available
RF002,tree,NumberOfTime30-59DaysPastDueNotWorse,0.12055233907875837,0.12055233907875837,model_feature_importances,5.0,available
RF002,tree,DebtRatio_capped,0.009068127290934865,0.009068127290934865,model_feature_importances,9.0,available
RF002,tree,MonthlyIncome_median,0.007371430259766892,0.007371430259766892,model_feature_importances,11.0,available
RF002,tree,NumberOfOpenCreditLinesAndLoans,0.01219617847100102,0.01219617847100102,model_feature_importances,8.0,available
RF002,tree,NumberOfTimes90DaysLate,0.3479211172299526,0.3479211172299526,model_feature_importances,1.0,available
RF002,tree,NumberRealEstateLoansOrLines,0.005635898383608886,0.005635898383608886,model_feature_importances,12.0,available
RF002,tree,NumberOfTime60-89DaysPastDueNotWorse,0.16780920293044393,0.16780920293044393,model_feature_importances,2.0,available
RF002,tree,NumberOfDependents_median,0.002386622792813999,0.002386622792813999,model_feature_importances,13.0,available
RF002,tree,RevolvingUtilization_log,0.14183745561069486,0.14183745561069486,model_feature_importances,4.0,available
RF002,tree,DebtRatio_log,0.009045492885418383,0.009045492885418383,model_feature_importances,10.0,available
RF002,tree,MonthlyIncome_missing_flag,0.00041763637724089633,0.00041763637724089633,model_feature_importances,14.0,available
RF002,tree,NumberOfDependents_missing_flag,6.276924317055772e-06,6.276924317055772e-06,model_feature_importances,17.0,available
RF002,tree,DebtRatio_high_flag,0.0003547630855652601,0.0003547630855652601,model_feature_importances,15.0,available
RF002,tree,RevolvingUtilization_high_flag,0.0002825997814231173,0.0002825997814231173,model_feature_importances,16.0,available
RF003,tree,RevolvingUtilization_capped,0.1427202532766544,0.14272025327665439,model_feature_importances,3.0,available
RF003,tree,age,0.018147431981550347,0.018147431981550343,model_feature_importances,6.0,available
RF003,tree,age_sq,0.014996034727466679,0.014996034727466676,model_feature_importances,8.0,available
RF003,tree,NumberOfTime30-59DaysPastDueNotWorse,0.12044809940201177,0.12044809940201175,model_feature_importances,5.0,available
RF003,tree,DebtRatio_capped,0.01315336824718651,0.013153368247186506,model_feature_importances,10.0,available
RF003,tree,MonthlyIncome_median,0.011233673707289105,0.011233673707289104,model_feature_importances,11.0,available
RF003,tree,NumberOfOpenCreditLinesAndLoans,0.01627973944967647,0.016279739449676468,model_feature_importances,7.0,available
RF003,tree,NumberOfTimes90DaysLate,0.3312946158500524,0.3312946158500523,model_feature_importances,1.0,available
RF003,tree,NumberRealEstateLoansOrLines,0.007622598776538773,0.007622598776538771,model_feature_importances,12.0,available
RF003,tree,NumberOfTime60-89DaysPastDueNotWorse,0.163597490445465,0.16359749044546498,model_feature_importances,2.0,available
RF003,tree,NumberOfDependents_median,0.003125885201067053,0.003125885201067052,model_feature_importances,13.0,available
RF003,tree,RevolvingUtilization_log,0.141787274927315,0.14178727492731497,model_feature_importances,4.0,available
RF003,tree,DebtRatio_log,0.013908719524212734,0.01390871952421273,model_feature_importances,9.0,available
RF003,tree,MonthlyIncome_missing_flag,0.0006556594730310043,0.0006556594730310042,model_feature_importances,14.0,available
RF003,tree,NumberOfDependents_missing_flag,1.3078067757973046e-05,1.3078067757973043e-05,model_feature_importances,17.0,available
RF003,tree,DebtRatio_high_flag,0.0005880046397784079,0.0005880046397784078,model_feature_importances,15.0,available
RF003,tree,RevolvingUtilization_high_flag,0.00042807230294653666,0.00042807230294653655,model_feature_importances,16.0,available
RF004,tree,RevolvingUtilization_capped,0.15196011630399264,0.15196011630399262,model_feature_importances,3.0,available
RF004,tree,age,0.014650759231292628,0.014650759231292625,model_feature_importances,6.0,available
RF004,tree,age_sq,0.011862061710383533,0.01186206171038353,model_feature_importances,7.0,available
RF004,tree,NumberOfTime30-59DaysPastDueNotWorse,0.12060015353043739,0.12060015353043736,model_feature_importances,5.0,available
RF004,tree,DebtRatio_capped,0.00657632460221365,0.0065763246022136485,model_feature_importances,10.0,available
RF004,tree,MonthlyIncome_median,0.0051398050968463746,0.005139805096846374,model_feature_importances,11.0,available
RF004,tree,NumberOfOpenCreditLinesAndLoans,0.010747252582042956,0.010747252582042954,model_feature_importances,8.0,available
RF004,tree,NumberOfTimes90DaysLate,0.35723567530440686,0.3572356753044068,model_feature_importances,1.0,available
RF004,tree,NumberRealEstateLoansOrLines,0.004622253431258475,0.004622253431258474,model_feature_importances,12.0,available
RF004,tree,NumberOfTime60-89DaysPastDueNotWorse,0.16205610919585975,0.16205610919585972,model_feature_importances,2.0,available
RF004,tree,NumberOfDependents_median,0.0014399954021066229,0.0014399954021066226,model_feature_importances,13.0,available
RF004,tree,RevolvingUtilization_log,0.1457347257008383,0.14573472570083829,model_feature_importances,4.0,available
RF004,tree,DebtRatio_log,0.006915173927228998,0.006915173927228996,model_feature_importances,9.0,available
RF004,tree,MonthlyIncome_missing_flag,0.00024337092232681643,0.00024337092232681637,model_feature_importances,14.0,available
RF004,tree,NumberOfDependents_missing_flag,1.8140024879329862e-06,1.8140024879329858e-06,model_feature_importances,16.0,available
RF004,tree,DebtRatio_high_flag,0.00021440905627720196,0.0002144090562772019,model_feature_importances,15.0,available
RF004,tree,RevolvingUtilization_high_flag,0.0,0.0,model_feature_importances,17.0,available
RF005,tree,RevolvingUtilization_capped,0.27442367320810024,0.27442367320810024,model_feature_importances,1.0,available
RF005,tree,age,0.013278198037122099,0.013278198037122099,model_feature_importances,7.0,available
RF005,tree,age_sq,0.01464095175343599,0.01464095175343599,model_feature_importances,6.0,available
RF005,tree,NumberOfTime30-59DaysPastDueNotWorse,0.15836236467992126,0.15836236467992126,model_feature_importances,4.0,available
RF005,tree,DebtRatio_capped,0.005618806117346755,0.005618806117346755,model_feature_importances,11.0,available
RF005,tree,MonthlyIncome_median,0.003726212874286953,0.003726212874286953,model_feature_importances,12.0,available
RF005,tree,NumberOfOpenCreditLinesAndLoans,0.007161018915598999,0.007161018915598999,model_feature_importances,9.0,available
RF005,tree,NumberOfTimes90DaysLate,0.1696718264701131,0.1696718264701131,model_feature_importances,3.0,available
RF005,tree,NumberRealEstateLoansOrLines,0.010004089537910143,0.010004089537910143,model_feature_importances,8.0,available
RF005,tree,NumberOfTime60-89DaysPastDueNotWorse,0.07309738942938544,0.07309738942938544,model_feature_importances,5.0,available
RF005,tree,NumberOfDependents_median,0.0004981481576922425,0.0004981481576922425,model_feature_importances,13.0,available
RF005,tree,RevolvingUtilization_log,0.26302814769478416,0.26302814769478416,model_feature_importances,2.0,available
RF005,tree,DebtRatio_log,0.005964618688909757,0.005964618688909757,model_feature_importances,10.0,available
RF005,tree,MonthlyIncome_missing_flag,0.0003108047032822505,0.0003108047032822505,model_feature_importances,14.0,available
RF005,tree,NumberOfDependents_missing_flag,0.0,0.0,model_feature_importances,17.0,available
RF005,tree,DebtRatio_high_flag,0.00017631575426397812,0.00017631575426397812,model_feature_importances,15.0,available
RF005,tree,RevolvingUtilization_high_flag,3.7433977846697595e-05,3.7433977846697595e-05,model_feature_importances,16.0,available
ET001,tree,RevolvingUtilization_capped,0.2708415125613838,0.2708415125613837,model_feature_importances,2.0,available
ET001,tree,age,0.03643925086427481,0.036439250864274804,model_feature_importances,6.0,available
ET001,tree,age_sq,0.029970885872977325,0.029970885872977318,model_feature_importances,7.0,available
ET001,tree,NumberOfTime30-59DaysPastDueNotWorse,0.11617463821037317,0.11617463821037315,model_feature_importances,3.0,available
ET001,tree,DebtRatio_capped,0.0032306124596340868,0.003230612459634086,model_feature_importances,10.0,available
ET001,tree,MonthlyIncome_median,0.0006121301361360351,0.000612130136136035,model_feature_importances,16.0,available
ET001,tree,NumberOfOpenCreditLinesAndLoans,0.0057209197089659455,0.005720919708965945,model_feature_importances,8.0,available
ET001,tree,NumberOfTimes90DaysLate,0.10948699118897155,0.10948699118897152,model_feature_importances,4.0,available
ET001,tree,NumberRealEstateLoansOrLines,0.0011799921049161465,0.0011799921049161462,model_feature_importances,15.0,available
ET001,tree,NumberOfTime60-89DaysPastDueNotWorse,0.09324389686967201,0.093243896869672,model_feature_importances,5.0,available
ET001,tree,NumberOfDependents_median,0.0030417295066099467,0.003041729506609946,model_feature_importances,12.0,available
ET001,tree,RevolvingUtilization_log,0.3188257906520198,0.31882579065201977,model_feature_importances,1.0,available
ET001,tree,DebtRatio_log,0.003673491492983587,0.0036734914929835863,model_feature_importances,9.0,available
ET001,tree,MonthlyIncome_missing_flag,0.002393304428024451,0.0023933044280244507,model_feature_importances,13.0,available
ET001,tree,NumberOfDependents_missing_flag,0.0002380449531510969,0.00023804495315109684,model_feature_importances,17.0,available
ET001,tree,DebtRatio_high_flag,0.0017703413883419343,0.0017703413883419338,model_feature_importances,14.0,available
ET001,tree,RevolvingUtilization_high_flag,0.0031564676015643374,0.0031564676015643366,model_feature_importances,11.0,available
ET002,tree,RevolvingUtilization_capped,0.28084262357765166,0.28084262357765166,model_feature_importances,2.0,available
ET002,tree,age,0.02452668902664819,0.02452668902664819,model_feature_importances,6.0,available
ET002,tree,age_sq,0.02128020013402129,0.02128020013402129,model_feature_importances,7.0,available
ET002,tree,NumberOfTime30-59DaysPastDueNotWorse,0.11726688219464418,0.11726688219464418,model_feature_importances,4.0,available
ET002,tree,DebtRatio_capped,0.003179725782977786,0.003179725782977786,model_feature_importances,10.0,available
ET002,tree,MonthlyIncome_median,0.0005559487654165108,0.0005559487654165108,model_feature_importances,16.0,available
ET002,tree,NumberOfOpenCreditLinesAndLoans,0.004958885765785126,0.004958885765785126,model_feature_importances,8.0,available
ET002,tree,NumberOfTimes90DaysLate,0.13810021405447975,0.13810021405447975,model_feature_importances,3.0,available
ET002,tree,NumberRealEstateLoansOrLines,0.002033787043801105,0.002033787043801105,model_feature_importances,14.0,available
ET002,tree,NumberOfTime60-89DaysPastDueNotWorse,0.10925424460267039,0.10925424460267039,model_feature_importances,5.0,available
ET002,tree,NumberOfDependents_median,0.002851861381884347,0.002851861381884347,model_feature_importances,12.0,available
ET002,tree,RevolvingUtilization_log,0.2840116567376858,0.2840116567376858,model_feature_importances,1.0,available
ET002,tree,DebtRatio_log,0.00408309130650092,0.00408309130650092,model_feature_importances,9.0,available
ET002,tree,MonthlyIncome_missing_flag,0.002297009678032566,0.002297009678032566,model_feature_importances,13.0,available
ET002,tree,NumberOfDependents_missing_flag,0.00018155157681865638,0.00018155157681865638,model_feature_importances,17.0,available
ET002,tree,DebtRatio_high_flag,0.0014378984486468132,0.0014378984486468132,model_feature_importances,15.0,available
ET002,tree,RevolvingUtilization_high_flag,0.0031377299223350297,0.0031377299223350297,model_feature_importances,11.0,available
ET003,tree,RevolvingUtilization_capped,0.25073098159274704,0.250730981592747,model_feature_importances,2.0,available
ET003,tree,age,0.023857089384663327,0.02385708938466332,model_feature_importances,6.0,available
ET003,tree,age_sq,0.021866409401392322,0.02186640940139232,model_feature_importances,7.0,available
ET003,tree,NumberOfTime30-59DaysPastDueNotWorse,0.12348407318721302,0.123484073187213,model_feature_importances,5.0,available
ET003,tree,DebtRatio_capped,0.0038965055063210534,0.0038965055063210526,model_feature_importances,10.0,available
ET003,tree,MonthlyIncome_median,0.001086278216280378,0.0010862782162803777,model_feature_importances,16.0,available
ET003,tree,NumberOfOpenCreditLinesAndLoans,0.006526509744350512,0.006526509744350511,model_feature_importances,8.0,available
ET003,tree,NumberOfTimes90DaysLate,0.1606727956554989,0.16067279565549888,model_feature_importances,3.0,available
ET003,tree,NumberRealEstateLoansOrLines,0.0031419034040214015,0.0031419034040214007,model_feature_importances,12.0,available
ET003,tree,NumberOfTime60-89DaysPastDueNotWorse,0.12404098515210907,0.12404098515210904,model_feature_importances,4.0,available
ET003,tree,NumberOfDependents_median,0.0038065485680531933,0.0038065485680531925,model_feature_importances,11.0,available
ET003,tree,RevolvingUtilization_log,0.26481072640635533,0.2648107264063553,model_feature_importances,1.0,available
ET003,tree,DebtRatio_log,0.0052142302171979725,0.005214230217197972,model_feature_importances,9.0,available
ET003,tree,MonthlyIncome_missing_flag,0.0025978339397628365,0.002597833939762836,model_feature_importances,13.0,available
ET003,tree,NumberOfDependents_missing_flag,0.0002494696010386872,0.00024946960103868713,model_feature_importances,17.0,available
ET003,tree,DebtRatio_high_flag,0.0014389071575275486,0.0014389071575275484,model_feature_importances,15.0,available
ET003,tree,RevolvingUtilization_high_flag,0.002578752865467443,0.0025787528654674426,model_feature_importances,14.0,available
ET004,tree,RevolvingUtilization_capped,0.3522738527567417,0.3522738527567418,model_feature_importances,2.0,available
ET004,tree,age,0.043440151838594704,0.04344015183859471,model_feature_importances,5.0,available
ET004,tree,age_sq,0.035363524061969805,0.03536352406196981,model_feature_importances,7.0,available
ET004,tree,NumberOfTime30-59DaysPastDueNotWorse,0.0619768830634705,0.06197688306347051,model_feature_importances,3.0,available
ET004,tree,DebtRatio_capped,0.007304292542561178,0.007304292542561179,model_feature_importances,10.0,available
ET004,tree,MonthlyIncome_median,0.0007548065904089552,0.0007548065904089554,model_feature_importances,17.0,available
ET004,tree,NumberOfOpenCreditLinesAndLoans,0.009578939002253603,0.009578939002253605,model_feature_importances,9.0,available
ET004,tree,NumberOfTimes90DaysLate,0.05397959306250159,0.053979593062501594,model_feature_importances,4.0,available
ET004,tree,NumberRealEstateLoansOrLines,0.0048112687162901865,0.004811268716290187,model_feature_importances,12.0,available
ET004,tree,NumberOfTime60-89DaysPastDueNotWorse,0.041675337646581836,0.04167533764658184,model_feature_importances,6.0,available
ET004,tree,NumberOfDependents_median,0.00505209974864382,0.0050520997486438205,model_feature_importances,11.0,available
ET004,tree,RevolvingUtilization_log,0.3632163987080784,0.3632163987080785,model_feature_importances,1.0,available
ET004,tree,DebtRatio_log,0.011037277167460242,0.011037277167460243,model_feature_importances,8.0,available
ET004,tree,MonthlyIncome_missing_flag,0.0035682651769961523,0.0035682651769961527,model_feature_importances,13.0,available
ET004,tree,NumberOfDependents_missing_flag,0.00217417045918637,0.0021741704591863704,model_feature_importances,15.0,available
ET004,tree,DebtRatio_high_flag,0.0026795377693320643,0.0026795377693320647,model_feature_importances,14.0,available
ET004,tree,RevolvingUtilization_high_flag,0.0011136016889287223,0.0011136016889287225,model_feature_importances,16.0,available
ET005,tree,RevolvingUtilization_capped,0.3207642917687254,0.3207642917687254,model_feature_importances,2.0,available
ET005,tree,age,0.03232446438964043,0.03232446438964043,model_feature_importances,6.0,available
ET005,tree,age_sq,0.021308410125790586,0.021308410125790586,model_feature_importances,7.0,available
ET005,tree,NumberOfTime30-59DaysPastDueNotWorse,0.09530055455325583,0.09530055455325583,model_feature_importances,3.0,available
ET005,tree,DebtRatio_capped,0.002587217906056925,0.002587217906056925,model_feature_importances,11.0,available
ET005,tree,MonthlyIncome_median,0.00033959183132721766,0.00033959183132721766,model_feature_importances,16.0,available
ET005,tree,NumberOfOpenCreditLinesAndLoans,0.003799688196692032,0.003799688196692032,model_feature_importances,8.0,available
ET005,tree,NumberOfTimes90DaysLate,0.058701124103353146,0.058701124103353146,model_feature_importances,5.0,available
ET005,tree,NumberRealEstateLoansOrLines,0.002460620777141991,0.002460620777141991,model_feature_importances,12.0,available
ET005,tree,NumberOfTime60-89DaysPastDueNotWorse,0.05991474947441144,0.05991474947441144,model_feature_importances,4.0,available
ET005,tree,NumberOfDependents_median,0.0015707100620114193,0.0015707100620114193,model_feature_importances,13.0,available
ET005,tree,RevolvingUtilization_log,0.3919549551675719,0.3919549551675719,model_feature_importances,1.0,available
ET005,tree,DebtRatio_log,0.0036107619616529544,0.0036107619616529544,model_feature_importances,9.0,available
ET005,tree,MonthlyIncome_missing_flag,0.003181396690927793,0.003181396690927793,model_feature_importances,10.0,available
ET005,tree,NumberOfDependents_missing_flag,0.00010050245026919588,0.00010050245026919588,model_feature_importances,17.0,available
ET005,tree,DebtRatio_high_flag,0.0014568954825864404,0.0014568954825864404,model_feature_importances,14.0,available
ET005,tree,RevolvingUtilization_high_flag,0.0006240650585853369,0.0006240650585853369,model_feature_importances,15.0,available
GB001,boosting,,,,not_available,,importance_not_available_for_model_type
GB002,boosting,,,,not_available,,importance_not_available_for_model_type
GB003,boosting,,,,not_available,,importance_not_available_for_model_type
GB004,boosting,,,,not_available,,importance_not_available_for_model_type
XGB001,boosting,RevolvingUtilization_capped,0.1491432934999466,0.14914328870787893,model_feature_importances,3.0,available
XGB001,boosting,age,0.017030030488967896,0.017030029941782324,model_feature_importances,8.0,available
XGB001,boosting,age_sq,0.010703685693442822,0.010703685349526681,model_feature_importances,11.0,available
XGB001,boosting,NumberOfTime30-59DaysPastDueNotWorse,0.1080014631152153,0.10800145964506049,model_feature_importances,5.0,available
XGB001,boosting,DebtRatio_capped,0.01170573104172945,0.011705730665616964,model_feature_importances,9.0,available
XGB001,boosting,MonthlyIncome_median,0.009426824748516083,0.009426824445626286,model_feature_importances,14.0,available
XGB001,boosting,NumberOfOpenCreditLinesAndLoans,0.011350993067026138,0.011350992702311605,model_feature_importances,10.0,available
XGB001,boosting,NumberOfTimes90DaysLate,0.2960560917854309,0.2960560822729628,model_feature_importances,1.0,available
XGB001,boosting,NumberRealEstateLoansOrLines,0.017539361491799355,0.01753936092824866,model_feature_importances,7.0,available
XGB001,boosting,NumberOfTime60-89DaysPastDueNotWorse,0.14088909327983856,0.14088908875298353,model_feature_importances,4.0,available
XGB001,boosting,NumberOfDependents_median,0.0069403271190822124,0.0069403268960851455,model_feature_importances,15.0,available
XGB001,boosting,RevolvingUtilization_log,0.18119391798973083,0.1811939121678565,model_feature_importances,2.0,available
XGB001,boosting,DebtRatio_log,0.009916017763316631,0.009916017444708755,model_feature_importances,12.0,available
XGB001,boosting,MonthlyIncome_missing_flag,0.009632127359509468,0.009632127050023169,model_feature_importances,13.0,available
XGB001,boosting,NumberOfDependents_missing_flag,0.0,0.0,model_feature_importances,16.0,available
XGB001,boosting,DebtRatio_high_flag,0.02047107368707657,0.02047107302932812,model_feature_importances,6.0,available
XGB001,boosting,RevolvingUtilization_high_flag,0.0,0.0,model_feature_importances,17.0,available
XGB002,boosting,RevolvingUtilization_capped,0.15465044975280762,0.15465044860057198,model_feature_importances,3.0,available
XGB002,boosting,age,0.017305118963122368,0.017305118834189184,model_feature_importances,8.0,available
XGB002,boosting,age_sq,0.01330456044524908,0.01330456034612238,model_feature_importances,9.0,available
XGB002,boosting,NumberOfTime30-59DaysPastDueNotWorse,0.10327472537755966,0.103274724608103,model_feature_importances,5.0,available
XGB002,boosting,DebtRatio_capped,0.010546250268816948,0.01054625019024126,model_feature_importances,12.0,available
XGB002,boosting,MonthlyIncome_median,0.009546157903969288,0.009546157832844869,model_feature_importances,14.0,available
XGB002,boosting,NumberOfOpenCreditLinesAndLoans,0.011341998353600502,0.01134199826909603,model_feature_importances,11.0,available
XGB002,boosting,NumberOfTimes90DaysLate,0.2679782211780548,0.2679782191814615,model_feature_importances,1.0,available
XGB002,boosting,NumberRealEstateLoansOrLines,0.017454035580158234,0.017454035450115535,model_feature_importances,7.0,available
XGB002,boosting,NumberOfTime60-89DaysPastDueNotWorse,0.12237265706062317,0.12237265614887582,model_feature_importances,4.0,available
XGB002,boosting,NumberOfDependents_median,0.007219098974019289,0.00721909892023281,model_feature_importances,15.0,available
XGB002,boosting,RevolvingUtilization_log,0.2198343575000763,0.2198343558621827,model_feature_importances,2.0,available
XGB002,boosting,DebtRatio_log,0.009845822118222713,0.009845822044865622,model_feature_importances,13.0,available
XGB002,boosting,MonthlyIncome_missing_flag,0.01154499314725399,0.011544993061237088,model_feature_importances,10.0,available
XGB002,boosting,NumberOfDependents_missing_flag,0.0010447022505104542,0.0010447022427268159,model_feature_importances,16.0,available
XGB002,boosting,DebtRatio_high_flag,0.02273685857653618,0.02273685840713338,model_feature_importances,6.0,available
XGB002,boosting,RevolvingUtilization_high_flag,0.0,0.0,model_feature_importances,17.0,available
XGB003,boosting,RevolvingUtilization_capped,0.16422583162784576,0.16422582359811688,model_feature_importances,3.0,available
XGB003,boosting,age,0.022121405228972435,0.022121404147358872,model_feature_importances,6.0,available
XGB003,boosting,age_sq,0.01868237368762493,0.018682372774160867,model_feature_importances,7.0,available
XGB003,boosting,NumberOfTime30-59DaysPastDueNotWorse,0.12576252222061157,0.1257625160715244,model_feature_importances,4.0,available
XGB003,boosting,DebtRatio_capped,0.010427568107843399,0.01042756759799337,model_feature_importances,10.0,available
XGB003,boosting,MonthlyIncome_median,0.010216365568339825,0.010216365068816425,model_feature_importances,11.0,available
XGB003,boosting,NumberOfOpenCreditLinesAndLoans,0.009640635922551155,0.00964063545117773,model_feature_importances,12.0,available
XGB003,boosting,NumberOfTimes90DaysLate,0.2522955536842346,0.2522955413483866,model_feature_importances,1.0,available
XGB003,boosting,NumberRealEstateLoansOrLines,0.015438352711498737,0.015438351956649238,model_feature_importances,8.0,available
XGB003,boosting,NumberOfTime60-89DaysPastDueNotWorse,0.11770771443843842,0.11770770868318649,model_feature_importances,5.0,available
XGB003,boosting,NumberOfDependents_median,0.00649217376485467,0.006492173447423516,model_feature_importances,14.0,available
XGB003,boosting,RevolvingUtilization_log,0.22420935332775116,0.22420934236516202,model_feature_importances,2.0,available
XGB003,boosting,DebtRatio_log,0.010962598957121372,0.010962598421111315,model_feature_importances,9.0,available
XGB003,boosting,MonthlyIncome_missing_flag,0.005199540872126818,0.005199540617898216,model_feature_importances,15.0,available
XGB003,boosting,NumberOfDependents_missing_flag,0.0,0.0,model_feature_importances,16.0,available
XGB003,boosting,DebtRatio_high_flag,0.006618058774620295,0.006618058451034065,model_feature_importances,13.0,available
XGB003,boosting,RevolvingUtilization_high_flag,0.0,0.0,model_feature_importances,17.0,available
XGB004,boosting,RevolvingUtilization_capped,0.176059752702713,0.17605975139096564,model_feature_importances,3.0,available
XGB004,boosting,age,0.022588729858398438,0.022588729690099285,model_feature_importances,7.0,available
XGB004,boosting,age_sq,0.024166390299797058,0.02416639011974342,model_feature_importances,6.0,available
XGB004,boosting,NumberOfTime30-59DaysPastDueNotWorse,0.1246602013707161,0.12466020044192522,model_feature_importances,4.0,available
XGB004,boosting,DebtRatio_capped,0.011223740875720978,0.011223740792097592,model_feature_importances,10.0,available
XGB004,boosting,MonthlyIncome_median,0.009519814513623714,0.00951981444269557,model_feature_importances,13.0,available
XGB004,boosting,NumberOfOpenCreditLinesAndLoans,0.010317337699234486,0.01031733762236433,model_feature_importances,12.0,available
XGB004,boosting,NumberOfTimes90DaysLate,0.25844645500183105,0.2584464530762549,model_feature_importances,1.0,available
XGB004,boosting,NumberRealEstateLoansOrLines,0.015384107828140259,0.015384107713519724,model_feature_importances,8.0,available
XGB004,boosting,NumberOfTime60-89DaysPastDueNotWorse,0.10639398545026779,0.10639398465757083,model_feature_importances,5.0,available
XGB004,boosting,NumberOfDependents_median,0.006194989662617445,0.006194989616461175,model_feature_importances,14.0,available
XGB004,boosting,RevolvingUtilization_log,0.20378202199935913,0.20378202048106475,model_feature_importances,2.0,available
XGB004,boosting,DebtRatio_log,0.010664129629731178,0.010664129550277221,model_feature_importances,11.0,available
XGB004,boosting,MonthlyIncome_missing_flag,0.00438104709610343,0.004381047063462085,model_feature_importances,15.0,available
XGB004,boosting,NumberOfDependents_missing_flag,0.0,0.0,model_feature_importances,17.0,available
XGB004,boosting,DebtRatio_high_flag,0.012665596790611744,0.012665596696245694,model_feature_importances,9.0,available
XGB004,boosting,RevolvingUtilization_high_flag,0.0035517066717147827,0.003551706645252506,model_feature_importances,16.0,available
LGB001,boosting,RevolvingUtilization_capped,623.0,0.14833333333333334,model_feature_importances,1.0,available
LGB001,boosting,age,611.0,0.14547619047619048,model_feature_importances,2.0,available
LGB001,boosting,age_sq,53.0,0.012619047619047618,model_feature_importances,13.0,available
LGB001,boosting,NumberOfTime30-59DaysPastDueNotWorse,292.0,0.06952380952380953,model_feature_importances,6.0,available
LGB001,boosting,DebtRatio_capped,598.0,0.14238095238095239,model_feature_importances,3.0,available
LGB001,boosting,MonthlyIncome_median,530.0,0.1261904761904762,model_feature_importances,4.0,available
LGB001,boosting,NumberOfOpenCreditLinesAndLoans,449.0,0.1069047619047619,model_feature_importances,5.0,available
LGB001,boosting,NumberOfTimes90DaysLate,238.0,0.056666666666666664,model_feature_importances,8.0,available
LGB001,boosting,NumberRealEstateLoansOrLines,257.0,0.06119047619047619,model_feature_importances,7.0,available
LGB001,boosting,NumberOfTime60-89DaysPastDueNotWorse,155.0,0.036904761904761905,model_feature_importances,10.0,available
LGB001,boosting,NumberOfDependents_median,172.0,0.040952380952380955,model_feature_importances,9.0,available
LGB001,boosting,RevolvingUtilization_log,79.0,0.01880952380952381,model_feature_importances,11.0,available
LGB001,boosting,DebtRatio_log,73.0,0.017380952380952382,model_feature_importances,12.0,available
LGB001,boosting,MonthlyIncome_missing_flag,28.0,0.006666666666666667,model_feature_importances,15.0,available
LGB001,boosting,NumberOfDependents_missing_flag,2.0,0.0004761904761904762,model_feature_importances,17.0,available
LGB001,boosting,DebtRatio_high_flag,11.0,0.002619047619047619,model_feature_importances,16.0,available
LGB001,boosting,RevolvingUtilization_high_flag,29.0,0.006904761904761905,model_feature_importances,14.0,available
LGB002,boosting,RevolvingUtilization_capped,2217.0,0.1478,model_feature_importances,4.0,available
LGB002,boosting,age,2325.0,0.155,model_feature_importances,2.0,available
LGB002,boosting,age_sq,203.0,0.013533333333333333,model_feature_importances,13.0,available
LGB002,boosting,NumberOfTime30-59DaysPastDueNotWorse,700.0,0.04666666666666667,model_feature_importances,7.0,available
LGB002,boosting,DebtRatio_capped,2503.0,0.16686666666666666,model_feature_importances,1.0,available
LGB002,boosting,MonthlyIncome_median,2266.0,0.15106666666666665,model_feature_importances,3.0,available
LGB002,boosting,NumberOfOpenCreditLinesAndLoans,1582.0,0.10546666666666667,model_feature_importances,5.0,available
LGB002,boosting,NumberOfTimes90DaysLate,572.0,0.03813333333333333,model_feature_importances,9.0,available
LGB002,boosting,NumberRealEstateLoansOrLines,787.0,0.05246666666666667,model_feature_importances,6.0,available
LGB002,boosting,NumberOfTime60-89DaysPastDueNotWorse,448.0,0.029866666666666666,model_feature_importances,10.0,available
LGB002,boosting,NumberOfDependents_median,592.0,0.039466666666666664,model_feature_importances,8.0,available
LGB002,boosting,RevolvingUtilization_log,343.0,0.022866666666666667,model_feature_importances,11.0,available
LGB002,boosting,DebtRatio_log,285.0,0.019,model_feature_importances,12.0,available
LGB002,boosting,MonthlyIncome_missing_flag,75.0,0.005,model_feature_importances,14.0,available
LGB002,boosting,NumberOfDependents_missing_flag,16.0,0.0010666666666666667,model_feature_importances,17.0,available
LGB002,boosting,DebtRatio_high_flag,29.0,0.0019333333333333333,model_feature_importances,16.0,available
LGB002,boosting,RevolvingUtilization_high_flag,57.0,0.0038,model_feature_importances,15.0,available
LGB003,boosting,RevolvingUtilization_capped,956.0,0.13657142857142857,model_feature_importances,3.0,available
LGB003,boosting,age,972.0,0.13885714285714285,model_feature_importances,1.0,available
LGB003,boosting,age_sq,138.0,0.019714285714285715,model_feature_importances,13.0,available
LGB003,boosting,NumberOfTime30-59DaysPastDueNotWorse,466.0,0.06657142857142857,model_feature_importances,6.0,available
LGB003,boosting,DebtRatio_capped,968.0,0.1382857142857143,model_feature_importances,2.0,available
LGB003,boosting,MonthlyIncome_median,892.0,0.12742857142857142,model_feature_importances,4.0,available
LGB003,boosting,NumberOfOpenCreditLinesAndLoans,734.0,0.10485714285714286,model_feature_importances,5.0,available
LGB003,boosting,NumberOfTimes90DaysLate,370.0,0.05285714285714286,model_feature_importances,8.0,available
LGB003,boosting,NumberRealEstateLoansOrLines,375.0,0.05357142857142857,model_feature_importances,7.0,available
LGB003,boosting,NumberOfTime60-89DaysPastDueNotWorse,294.0,0.042,model_feature_importances,9.0,available
LGB003,boosting,NumberOfDependents_median,277.0,0.03957142857142857,model_feature_importances,10.0,available
LGB003,boosting,RevolvingUtilization_log,233.0,0.03328571428571429,model_feature_importances,11.0,available
LGB003,boosting,DebtRatio_log,189.0,0.027,model_feature_importances,12.0,available
LGB003,boosting,MonthlyIncome_missing_flag,57.0,0.008142857142857143,model_feature_importances,15.0,available
LGB003,boosting,NumberOfDependents_missing_flag,3.0,0.00042857142857142855,model_feature_importances,17.0,available
LGB003,boosting,DebtRatio_high_flag,11.0,0.0015714285714285715,model_feature_importances,16.0,available
LGB003,boosting,RevolvingUtilization_high_flag,65.0,0.009285714285714286,model_feature_importances,14.0,available
LGB004,boosting,RevolvingUtilization_capped,1444.0,0.1473469387755102,model_feature_importances,1.0,available
LGB004,boosting,age,1271.0,0.1296938775510204,model_feature_importances,3.0,available
LGB004,boosting,age_sq,227.0,0.02316326530612245,model_feature_importances,13.0,available
LGB004,boosting,NumberOfTime30-59DaysPastDueNotWorse,741.0,0.07561224489795919,model_feature_importances,6.0,available
LGB004,boosting,DebtRatio_capped,1283.0,0.13091836734693876,model_feature_importances,2.0,available
LGB004,boosting,MonthlyIncome_median,1189.0,0.1213265306122449,model_feature_importances,4.0,available
LGB004,boosting,NumberOfOpenCreditLinesAndLoans,1019.0,0.10397959183673469,model_feature_importances,5.0,available
LGB004,boosting,NumberOfTimes90DaysLate,564.0,0.05755102040816327,model_feature_importances,7.0,available
LGB004,boosting,NumberRealEstateLoansOrLines,551.0,0.05622448979591837,model_feature_importances,8.0,available
LGB004,boosting,NumberOfTime60-89DaysPastDueNotWorse,470.0,0.04795918367346939,model_feature_importances,9.0,available
LGB004,boosting,NumberOfDependents_median,347.0,0.035408163265306124,model_feature_importances,10.0,available
LGB004,boosting,RevolvingUtilization_log,286.0,0.029183673469387755,model_feature_importances,12.0,available
LGB004,boosting,DebtRatio_log,297.0,0.03030612244897959,model_feature_importances,11.0,available
LGB004,boosting,MonthlyIncome_missing_flag,92.0,0.009387755102040816,model_feature_importances,14.0,available
LGB004,boosting,NumberOfDependents_missing_flag,3.0,0.0003061224489795918,model_feature_importances,16.0,available
LGB004,boosting,DebtRatio_high_flag,16.0,0.0016326530612244899,model_feature_importances,15.0,available
LGB004,boosting,RevolvingUtilization_high_flag,0.0,0.0,model_feature_importances,17.0,available
CAT001,boosting,RevolvingUtilization_capped,20.383722555261205,0.20383722555261205,catboost_feature_importance,1.0,available
CAT001,boosting,age,4.918013403280854,0.04918013403280854,catboost_feature_importance,6.0,available
CAT001,boosting,age_sq,4.3164715240464195,0.043164715240464196,catboost_feature_importance,7.0,available
CAT001,boosting,NumberOfTime30-59DaysPastDueNotWorse,15.508554138126431,0.15508554138126432,catboost_feature_importance,3.0,available
CAT001,boosting,DebtRatio_capped,2.3628018232121173,0.023628018232121174,catboost_feature_importance,10.0,available
CAT001,boosting,MonthlyIncome_median,1.930991132886417,0.01930991132886417,catboost_feature_importance,11.0,available
CAT001,boosting,NumberOfOpenCreditLinesAndLoans,3.644209008221867,0.03644209008221867,catboost_feature_importance,8.0,available
CAT001,boosting,NumberOfTimes90DaysLate,13.763957478468583,0.13763957478468583,catboost_feature_importance,4.0,available
CAT001,boosting,NumberRealEstateLoansOrLines,3.1697428743638474,0.03169742874363848,catboost_feature_importance,9.0,available
CAT001,boosting,NumberOfTime60-89DaysPastDueNotWorse,7.7781208638330215,0.07778120863833021,catboost_feature_importance,5.0,available
CAT001,boosting,NumberOfDependents_median,0.6281971833618107,0.006281971833618108,catboost_feature_importance,14.0,available
CAT001,boosting,RevolvingUtilization_log,18.99034051761427,0.1899034051761427,catboost_feature_importance,2.0,available
CAT001,boosting,DebtRatio_log,1.4819918224153488,0.014819918224153487,catboost_feature_importance,12.0,available
CAT001,boosting,MonthlyIncome_missing_flag,0.2732259622617061,0.002732259622617061,catboost_feature_importance,15.0,available
CAT001,boosting,NumberOfDependents_missing_flag,0.0,0.0,catboost_feature_importance,17.0,available
CAT001,boosting,DebtRatio_high_flag,0.6342803470055092,0.006342803470055091,catboost_feature_importance,13.0,available
CAT001,boosting,RevolvingUtilization_high_flag,0.2153793656406075,0.002153793656406075,catboost_feature_importance,16.0,available
CAT002,boosting,RevolvingUtilization_capped,18.387261543413278,0.18387261543413277,catboost_feature_importance,1.0,available
CAT002,boosting,age,4.877446065298621,0.048774460652986205,catboost_feature_importance,6.0,available
CAT002,boosting,age_sq,4.726244495471591,0.04726244495471591,catboost_feature_importance,7.0,available
CAT002,boosting,NumberOfTime30-59DaysPastDueNotWorse,14.578962127687033,0.14578962127687034,catboost_feature_importance,3.0,available
CAT002,boosting,DebtRatio_capped,2.5257428449125574,0.025257428449125575,catboost_feature_importance,11.0,available
CAT002,boosting,MonthlyIncome_median,2.3997168005943923,0.02399716800594392,catboost_feature_importance,12.0,available
CAT002,boosting,NumberOfOpenCreditLinesAndLoans,4.270817437077541,0.04270817437077541,catboost_feature_importance,8.0,available
CAT002,boosting,NumberOfTimes90DaysLate,12.74979655318368,0.1274979655318368,catboost_feature_importance,4.0,available
CAT002,boosting,NumberRealEstateLoansOrLines,3.9165196707600005,0.039165196707600006,catboost_feature_importance,9.0,available
CAT002,boosting,NumberOfTime60-89DaysPastDueNotWorse,7.377559309911398,0.07377559309911398,catboost_feature_importance,5.0,available
CAT002,boosting,NumberOfDependents_median,0.9292503792170967,0.009292503792170968,catboost_feature_importance,14.0,available
CAT002,boosting,RevolvingUtilization_log,18.328181258041276,0.18328181258041276,catboost_feature_importance,2.0,available
CAT002,boosting,DebtRatio_log,3.041939717486115,0.03041939717486115,catboost_feature_importance,10.0,available
CAT002,boosting,MonthlyIncome_missing_flag,0.6045547064024258,0.006045547064024258,catboost_feature_importance,15.0,available
CAT002,boosting,NumberOfDependents_missing_flag,0.029356379905442282,0.00029356379905442283,catboost_feature_importance,17.0,available
CAT002,boosting,DebtRatio_high_flag,0.9690281532064796,0.009690281532064797,catboost_feature_importance,13.0,available
CAT002,boosting,RevolvingUtilization_high_flag,0.28762255743107945,0.0028762255743107947,catboost_feature_importance,16.0,available
CAT003,boosting,RevolvingUtilization_capped,19.01101339338968,0.19011013393389678,catboost_feature_importance,2.0,available
CAT003,boosting,age,5.547377791792601,0.055473777917926015,catboost_feature_importance,6.0,available
CAT003,boosting,age_sq,3.5395430166644384,0.035395430166644384,catboost_feature_importance,7.0,available
CAT003,boosting,NumberOfTime30-59DaysPastDueNotWorse,15.48393193035332,0.1548393193035332,catboost_feature_importance,3.0,available
CAT003,boosting,DebtRatio_capped,2.0602532302146352,0.020602532302146353,catboost_feature_importance,10.0,available
CAT003,boosting,MonthlyIncome_median,2.009962717123643,0.02009962717123643,catboost_feature_importance,11.0,available
CAT003,boosting,NumberOfOpenCreditLinesAndLoans,3.301062655310403,0.03301062655310403,catboost_feature_importance,9.0,available
CAT003,boosting,NumberOfTimes90DaysLate,13.845019585525709,0.13845019585525709,catboost_feature_importance,4.0,available
CAT003,boosting,NumberRealEstateLoansOrLines,3.3080700555086593,0.03308070055508659,catboost_feature_importance,8.0,available
CAT003,boosting,NumberOfTime60-89DaysPastDueNotWorse,7.393474727382243,0.07393474727382243,catboost_feature_importance,5.0,available
CAT003,boosting,NumberOfDependents_median,0.6131489108261957,0.006131489108261957,catboost_feature_importance,14.0,available
CAT003,boosting,RevolvingUtilization_log,20.771237692616822,0.20771237692616823,catboost_feature_importance,1.0,available
CAT003,boosting,DebtRatio_log,1.8491424644681642,0.01849142464468164,catboost_feature_importance,12.0,available
CAT003,boosting,MonthlyIncome_missing_flag,0.3099402088930913,0.003099402088930913,catboost_feature_importance,15.0,available
CAT003,boosting,NumberOfDependents_missing_flag,0.04277804356417799,0.0004277804356417799,catboost_feature_importance,17.0,available
CAT003,boosting,DebtRatio_high_flag,0.6856768509784759,0.006856768509784759,catboost_feature_importance,13.0,available
CAT003,boosting,RevolvingUtilization_high_flag,0.2283667253877417,0.002283667253877417,catboost_feature_importance,16.0,available
CAT004,boosting,RevolvingUtilization_capped,18.190802962537173,0.18190802962537173,catboost_feature_importance,2.0,available
CAT004,boosting,age,4.86525003965253,0.0486525003965253,catboost_feature_importance,6.0,available
CAT004,boosting,age_sq,3.8490683261834224,0.038490683261834226,catboost_feature_importance,7.0,available
CAT004,boosting,NumberOfTime30-59DaysPastDueNotWorse,15.943628607465733,0.15943628607465732,catboost_feature_importance,3.0,available
CAT004,boosting,DebtRatio_capped,1.8456008773628956,0.018456008773628955,catboost_feature_importance,11.0,available
CAT004,boosting,MonthlyIncome_median,1.5838294963614457,0.015838294963614455,catboost_feature_importance,12.0,available
CAT004,boosting,NumberOfOpenCreditLinesAndLoans,3.471243001096721,0.03471243001096721,catboost_feature_importance,8.0,available
CAT004,boosting,NumberOfTimes90DaysLate,14.17235712807843,0.1417235712807843,catboost_feature_importance,4.0,available
CAT004,boosting,NumberRealEstateLoansOrLines,2.9761375160565424,0.029761375160565425,catboost_feature_importance,9.0,available
CAT004,boosting,NumberOfTime60-89DaysPastDueNotWorse,7.752453878288233,0.07752453878288233,catboost_feature_importance,5.0,available
CAT004,boosting,NumberOfDependents_median,0.4448171282425666,0.004448171282425666,catboost_feature_importance,14.0,available
CAT004,boosting,RevolvingUtilization_log,21.426905591451533,0.21426905591451534,catboost_feature_importance,1.0,available
CAT004,boosting,DebtRatio_log,1.9157686658840367,0.019157686658840368,catboost_feature_importance,10.0,available
CAT004,boosting,MonthlyIncome_missing_flag,0.30668634071404677,0.0030668634071404676,catboost_feature_importance,15.0,available
CAT004,boosting,NumberOfDependents_missing_flag,0.0009865181320839482,9.865181320839482e-06,catboost_feature_importance,17.0,available
CAT004,boosting,DebtRatio_high_flag,1.022701499721934,0.01022701499721934,catboost_feature_importance,13.0,available
CAT004,boosting,RevolvingUtilization_high_flag,0.23176242277067763,0.002317624227706776,catboost_feature_importance,16.0,available
EASTACK001,ensemble,CAT002,0.125,0.125,ensemble_weight,1.0,available
EASTACK001,ensemble,NN008,0.125,0.125,ensemble_weight,2.0,available
EASTACK001,ensemble,BNB018,0.125,0.125,ensemble_weight,3.0,available
EASTACK001,ensemble,WLOG005,0.125,0.125,ensemble_weight,4.0,available
EASTACK001,ensemble,BLOG005,0.125,0.125,ensemble_weight,5.0,available
EASTACK001,ensemble,RLOG005,0.125,0.125,ensemble_weight,6.0,available
EASTACK001,ensemble,WGNB013,0.125,0.125,ensemble_weight,7.0,available
EASTACK001,ensemble,GNB007,0.125,0.125,ensemble_weight,8.0,available
WASTACK001,ensemble,CAT002,0.13305576372846023,0.13305576372846023,ensemble_weight,1.0,available
WASTACK001,ensemble,NN008,0.13210980955047824,0.13210980955047824,ensemble_weight,2.0,available
WASTACK001,ensemble,BNB018,0.12958695439925133,0.12958695439925133,ensemble_weight,3.0,available
WASTACK001,ensemble,WLOG005,0.1283727985709037,0.1283727985709037,ensemble_weight,5.0,available
WASTACK001,ensemble,BLOG005,0.12831156507439215,0.12831156507439215,ensemble_weight,6.0,available
WASTACK001,ensemble,RLOG005,0.11113725141536604,0.11113725141536604,ensemble_weight,7.0,available
WASTACK001,ensemble,WGNB013,0.12839693066411942,0.12839693066411942,ensemble_weight,4.0,available
WASTACK001,ensemble,GNB007,0.10902892659702888,0.10902892659702888,ensemble_weight,8.0,available
WASTACK002,ensemble,CAT002,0.1342222205718335,0.1342222205718335,ensemble_weight,1.0,available
WASTACK002,ensemble,NN008,0.13226425094898567,0.13226425094898567,ensemble_weight,2.0,available
WASTACK002,ensemble,BNB018,0.12978607030160902,0.12978607030160902,ensemble_weight,4.0,available
WASTACK002,ensemble,WLOG005,0.12797684317719832,0.12797684317719832,ensemble_weight,5.0,available
WASTACK002,ensemble,BLOG005,0.1278658569616819,0.1278658569616819,ensemble_weight,6.0,available
WASTACK002,ensemble,RLOG005,0.10899374973514903,0.10899374973514903,ensemble_weight,7.0,available
WASTACK002,ensemble,WGNB013,0.13120938496467707,0.13120938496467707,ensemble_weight,3.0,available
WASTACK002,ensemble,GNB007,0.10768162333886554,0.10768162333886554,ensemble_weight,8.0,available
WASTACK003,ensemble,CAT002,0.17066045463723883,0.17066045463723883,ensemble_weight,1.0,available
WASTACK003,ensemble,NN008,0.16847393257958185,0.16847393257958185,ensemble_weight,2.0,available
WASTACK003,ensemble,BNB018,0.05171046637034627,0.05171046637034627,ensemble_weight,7.0,available
WASTACK003,ensemble,WLOG005,0.1643866067812577,0.1643866067812577,ensemble_weight,4.0,available
WASTACK003,ensemble,BLOG005,0.16449281247033,0.16449281247033,ensemble_weight,3.0,available
WASTACK003,ensemble,RLOG005,0.14804522874778495,0.14804522874778495,ensemble_weight,5.0,available
WASTACK003,ensemble,WGNB013,0.03701929635754551,0.03701929635754551,ensemble_weight,8.0,available
WASTACK003,ensemble,GNB007,0.09521120205591486,0.09521120205591486,ensemble_weight,6.0,available
WASTACK004,ensemble,CAT002,0.9999999999999999,0.9999999999999999,ensemble_weight,1.0,available
WASTACK004,ensemble,NN008,1.3877787807814457e-16,1.3877787807814457e-16,ensemble_weight,2.0,available
WASTACK004,ensemble,BNB018,6.938893903907228e-18,6.938893903907228e-18,ensemble_weight,3.0,available
WASTACK004,ensemble,WLOG005,0.0,0.0,ensemble_weight,5.0,available
WASTACK004,ensemble,BLOG005,0.0,0.0,ensemble_weight,6.0,available
WASTACK004,ensemble,RLOG005,0.0,0.0,ensemble_weight,7.0,available
WASTACK004,ensemble,WGNB013,0.0,0.0,ensemble_weight,8.0,available
WASTACK004,ensemble,GNB007,3.3673159693837325e-18,3.3673159693837325e-18,ensemble_weight,4.0,available
RASTACK001,ensemble,,,,not_available,,importance_not_available_for_model_type
LRSTACK001,ensemble,CAT002,10.626218577016912,0.5324844354999224,absolute_coefficient,1.0,available
LRSTACK001,ensemble,NN008,2.0505064032836913,0.10275176787752564,absolute_coefficient,3.0,available
LRSTACK001,ensemble,BNB018,1.7104268502554376,0.08571023353425675,absolute_coefficient,4.0,available
LRSTACK001,ensemble,WLOG005,2.6077032833322518,0.1306731459279165,absolute_coefficient,2.0,available
LRSTACK001,ensemble,BLOG005,0.8186182246173126,0.04102131534994912,absolute_coefficient,6.0,available
LRSTACK001,ensemble,RLOG005,1.3665568943311537,0.068478760452971,absolute_coefficient,5.0,available
LRSTACK001,ensemble,WGNB013,0.4180591142024465,0.02094912407628833,absolute_coefficient,7.0,available
LRSTACK001,ensemble,GNB007,0.3578339975379937,0.017931217281170364,absolute_coefficient,8.0,available
RIDGESTACK001,ensemble,CAT002,5.442573548152853,0.5023980802131116,absolute_coefficient,1.0,available
RIDGESTACK001,ensemble,NN008,0.4873586699020908,0.04498755193067158,absolute_coefficient,6.0,available
RIDGESTACK001,ensemble,BNB018,1.8030365666539963,0.1664363561882301,absolute_coefficient,2.0,available
RIDGESTACK001,ensemble,WLOG005,0.7316715033269265,0.06753980545524187,absolute_coefficient,4.0,available
RIDGESTACK001,ensemble,BLOG005,0.6611568098057226,0.061030670330390474,absolute_coefficient,5.0,available
RIDGESTACK001,ensemble,RLOG005,1.2128612006362296,0.11195790619520685,absolute_coefficient,3.0,available
RIDGESTACK001,ensemble,WGNB013,0.1762508720717449,0.016269527454485858,absolute_coefficient,8.0,available
RIDGESTACK001,ensemble,GNB007,0.31828021155192787,0.029380102232661777,absolute_coefficient,7.0,available
LASSOSTACK001,ensemble,CAT002,9.873846784642073,0.5684691594616991,absolute_coefficient,1.0,available
LASSOSTACK001,ensemble,NN008,1.4087597304132613,0.08110683478268564,absolute_coefficient,4.0,available
LASSOSTACK001,ensemble,BNB018,1.7392341718349564,0.10013331271333095,absolute_coefficient,3.0,available
LASSOSTACK001,ensemble,WLOG005,3.162198004695248,0.18205792342014077,absolute_coefficient,2.0,available
LASSOSTACK001,ensemble,BLOG005,0.0,0.0,absolute_coefficient,7.0,available
LASSOSTACK001,ensemble,RLOG005,0.7438543850322988,0.04282609263077993,absolute_coefficient,5.0,available
LASSOSTACK001,ensemble,WGNB013,0.44129330807877853,0.025406676991363664,absolute_coefficient,6.0,available
LASSOSTACK001,ensemble,GNB007,0.0,0.0,absolute_coefficient,8.0,available
RFSTACK001,ensemble,CAT002,0.29082343211535805,0.29082343211535805,model_feature_importances,1.0,available
RFSTACK001,ensemble,NN008,0.24171222959497307,0.24171222959497307,model_feature_importances,2.0,available
RFSTACK001,ensemble,BNB018,0.10956976557331592,0.10956976557331592,model_feature_importances,5.0,available
RFSTACK001,ensemble,WLOG005,0.1210679297327971,0.1210679297327971,model_feature_importances,4.0,available
RFSTACK001,ensemble,BLOG005,0.1425347515660444,0.1425347515660444,model_feature_importances,3.0,available
RFSTACK001,ensemble,RLOG005,0.0029202888400167645,0.0029202888400167645,model_feature_importances,8.0,available
RFSTACK001,ensemble,WGNB013,0.07204466934189462,0.07204466934189462,model_feature_importances,6.0,available
RFSTACK001,ensemble,GNB007,0.01932693323560009,0.01932693323560009,model_feature_importances,7.0,available
NNSTACK001,ensemble,CAT002,6.362387603084265,0.32814909292438793,neural_network_first_layer_input_sensitivity,1.0,available
NNSTACK001,ensemble,NN008,0.5345066985618656,0.02756793506419801,neural_network_first_layer_input_sensitivity,8.0,available
NNSTACK001,ensemble,BNB018,1.6229524770158146,0.08370605760233099,neural_network_first_layer_input_sensitivity,6.0,available
NNSTACK001,ensemble,WLOG005,2.204170196604756,0.1136831793014609,neural_network_first_layer_input_sensitivity,5.0,available
NNSTACK001,ensemble,BLOG005,2.2592206412464155,0.11652248344342916,neural_network_first_layer_input_sensitivity,4.0,available
NNSTACK001,ensemble,RLOG005,2.529018477961965,0.1304376864952287,neural_network_first_layer_input_sensitivity,2.0,available
NNSTACK001,ensemble,WGNB013,2.3317395098253133,0.12026274612917504,neural_network_first_layer_input_sensitivity,3.0,available
NNSTACK001,ensemble,GNB007,1.5447144067014797,0.0796708190397892,neural_network_first_layer_input_sensitivity,7.0,available
XGBSTACK001,ensemble,CAT002,0.350296288728714,0.350296269317504,model_feature_importances,1.0,available
XGBSTACK001,ensemble,NN008,0.34223267436027527,0.3422326553958999,model_feature_importances,2.0,available
XGBSTACK001,ensemble,BNB018,0.019036419689655304,0.019036418634777043,model_feature_importances,5.0,available
XGBSTACK001,ensemble,WLOG005,0.022524310275912285,0.022524309027757136,model_feature_importances,4.0,available
XGBSTACK001,ensemble,BLOG005,0.011706595309078693,0.011706594660373049,model_feature_importances,6.0,available
XGBSTACK001,ensemble,RLOG005,0.007732438389211893,0.007732437960728949,model_feature_importances,8.0,available
XGBSTACK001,ensemble,WGNB013,0.23544839024543762,0.2354483771983735,model_feature_importances,3.0,available
XGBSTACK001,ensemble,GNB007,0.011022938415408134,0.011022937804586441,model_feature_importances,7.0,available
